<?xml version="1.0" encoding="UTF-8"?>
<gpx creator="Garmin Connect" version="1.1"
  xsi:schemaLocation="http://www.topografix.com/GPX/1/1 http://www.topografix.com/GPX/11.xsd"
  xmlns:ns3="http://www.garmin.com/xmlschemas/TrackPointExtension/v1"
  xmlns="http://www.topografix.com/GPX/1/1"
  xmlns:xsi="http://www.w3.org/2001/XMLSchema-instance" xmlns:ns2="http://www.garmin.com/xmlschemas/GpxExtensions/v3">
  <metadata>
    <link href="connect.garmin.com">
      <text>Garmin Connect</text>
    </link>
    <time>2026-05-09T10:14:22.000Z</time>
  </metadata>
  <trk>
    <name>长宁区 跑步</name>
    <type>running</type>
    <trkseg>
      <trkpt lat="31.21885090135037899017333984375" lon="121.4112222008407115936279296875">
        <ele>6</ele>
        <time>2026-05-09T10:14:22.000Z</time>
        <extensions>
          <ns3:TrackPointExtension>
            <ns3:hr>92</ns3:hr>
            <ns3:cad>65</ns3:cad>
          </ns3:TrackPointExtension>
        </extensions>
      </trkpt>
      <trkpt lat="31.21885593049228191375732421875" lon="121.41124986112117767333984375">
        <ele>6.19999980926513671875</ele>
        <time>2026-05-09T10:14:23.000Z</time>
        <extensions>
          <ns3:TrackPointExtension>
            <ns3:hr>95</ns3:hr>
            <ns3:cad>65</ns3:cad>
          </ns3:TrackPointExtension>
        </extensions>
      </trkpt>
      <trkpt lat="31.2188679166138172149658203125" lon="121.4112791977822780609130859375">
        <ele>6.19999980926513671875</ele>
        <time>2026-05-09T10:14:24.000Z</time>
        <extensions>
          <ns3:TrackPointExtension>
            <ns3:hr>97</ns3:hr>
            <ns3:cad>65</ns3:cad>
          </ns3:TrackPointExtension>
        </extensions>
      </trkpt>
      <trkpt lat="31.21887370012700557708740234375" lon="121.41131180338561534881591796875">
        <ele>6.19999980926513671875</ele>
        <time>2026-05-09T10:14:25.000Z</time>
        <extensions>
          <ns3:TrackPointExtension>
            <ns3:hr>97</ns3:hr>
            <ns3:cad>65</ns3:cad>
          </ns3:TrackPointExtension>
        </extensions>
      </trkpt>
      <trkpt lat="31.21887939982116222381591796875" lon="121.41134114004671573638916015625">
        <ele>6.19999980926513671875</ele>
        <time>2026-05-09T10:14:26.000Z</time>
        <extensions>
          <ns3:TrackPointExtension>
            <ns3:hr>97</ns3:hr>
            <ns3:cad>0</ns3:cad>
          </ns3:TrackPointExtension>
        </extensions>
      </trkpt>
      <trkpt lat="31.218884177505970001220703125" lon="121.4113750867545604705810546875">
        <ele>6.19999980926513671875</ele>
        <time>2026-05-09T10:14:27.000Z</time>
        <extensions>
          <ns3:TrackPointExtension>
            <ns3:hr>97</ns3:hr>
            <ns3:cad>0</ns3:cad>
          </ns3:TrackPointExtension>
        </extensions>
      </trkpt>
      <trkpt lat="31.2188883684575557708740234375" lon="121.41140651889145374298095703125">
        <ele>6</ele>
        <time>2026-05-09T10:14:28.000Z</time>
        <extensions>
          <ns3:TrackPointExtension>
            <ns3:hr>97</ns3:hr>
            <ns3:cad>0</ns3:cad>
          </ns3:TrackPointExtension>
        </extensions>
      </trkpt>
      <trkpt lat="31.21888987720012664794921875" lon="121.41144440509378910064697265625">
        <ele>6</ele>
        <time>2026-05-09T10:14:29.000Z</time>
        <extensions>
          <ns3:TrackPointExtension>
            <ns3:hr>97</ns3:hr>
            <ns3:cad>0</ns3:cad>
          </ns3:TrackPointExtension>
        </extensions>
      </trkpt>
      <trkpt lat="31.21889264322817325592041015625" lon="121.41148145310580730438232421875">
        <ele>6</ele>
        <time>2026-05-09T10:14:30.000Z</time>
        <extensions>
          <ns3:TrackPointExtension>
            <ns3:hr>97</ns3:hr>
            <ns3:cad>0</ns3:cad>
          </ns3:TrackPointExtension>
        </extensions>
      </trkpt>
      <trkpt lat="31.2188974209129810333251953125" lon="121.41152235679328441619873046875">
        <ele>6</ele>
        <time>2026-05-09T10:14:31.000Z</time>
        <extensions>
          <ns3:TrackPointExtension>
            <ns3:hr>97</ns3:hr>
            <ns3:cad>0</ns3:cad>
          </ns3:TrackPointExtension>
        </extensions>
      </trkpt>
      <trkpt lat="31.21890739537775516510009765625" lon="121.4115630090236663818359375">
        <ele>6</ele>
        <time>2026-05-09T10:14:32.000Z</time>
        <extensions>
          <ns3:TrackPointExtension>
            <ns3:hr>97</ns3:hr>
            <ns3:cad>0</ns3:cad>
          </ns3:TrackPointExtension>
        </extensions>
      </trkpt>
      <trkpt lat="31.21892348863184452056884765625" lon="121.41160516999661922454833984375">
        <ele>6</ele>
        <time>2026-05-09T10:14:33.000Z</time>
        <extensions>
          <ns3:TrackPointExtension>
            <ns3:hr>97</ns3:hr>
            <ns3:cad>75</ns3:cad>
          </ns3:TrackPointExtension>
        </extensions>
      </trkpt>
      <trkpt lat="31.21894083917140960693359375" lon="121.41165227629244327545166015625">
        <ele>6</ele>
        <time>2026-05-09T10:14:34.000Z</time>
        <extensions>
          <ns3:TrackPointExtension>
            <ns3:hr>97</ns3:hr>
            <ns3:cad>75</ns3:cad>
          </ns3:TrackPointExtension>
        </extensions>
      </trkpt>
      <trkpt lat="31.21895986609160900115966796875" lon="121.411690749228000640869140625">
        <ele>6.19999980926513671875</ele>
        <time>2026-05-09T10:14:35.000Z</time>
        <extensions>
          <ns3:TrackPointExtension>
            <ns3:hr>99</ns3:hr>
            <ns3:cad>80</ns3:cad>
          </ns3:TrackPointExtension>
        </extensions>
      </trkpt>
      <trkpt lat="31.2189852632582187652587890625" lon="121.411731652915477752685546875">
        <ele>6.19999980926513671875</ele>
        <time>2026-05-09T10:14:36.000Z</time>
        <extensions>
          <ns3:TrackPointExtension>
            <ns3:hr>99</ns3:hr>
            <ns3:cad>80</ns3:cad>
          </ns3:TrackPointExtension>
        </extensions>
      </trkpt>
      <trkpt lat="31.21901116333901882171630859375" lon="121.41175788827240467071533203125">
        <ele>6.19999980926513671875</ele>
        <time>2026-05-09T10:14:37.000Z</time>
        <extensions>
          <ns3:TrackPointExtension>
            <ns3:hr>100</ns3:hr>
            <ns3:cad>78</ns3:cad>
          </ns3:TrackPointExtension>
        </extensions>
      </trkpt>
      <trkpt lat="31.21903605759143829345703125" lon="121.4117824472486972808837890625">
        <ele>6.19999980926513671875</ele>
        <time>2026-05-09T10:14:38.000Z</time>
        <extensions>
          <ns3:TrackPointExtension>
            <ns3:hr>100</ns3:hr>
            <ns3:cad>77</ns3:cad>
          </ns3:TrackPointExtension>
        </extensions>
      </trkpt>
      <trkpt lat="31.21905977837741374969482421875" lon="121.4118070900440216064453125">
        <ele>6.19999980926513671875</ele>
        <time>2026-05-09T10:14:39.000Z</time>
        <extensions>
          <ns3:TrackPointExtension>
            <ns3:hr>101</ns3:hr>
            <ns3:cad>78</ns3:cad>
          </ns3:TrackPointExtension>
        </extensions>
      </trkpt>
      <trkpt lat="31.219063885509967803955078125" lon="121.41183366067707538604736328125">
        <ele>6</ele>
        <time>2026-05-09T10:14:40.000Z</time>
        <extensions>
          <ns3:TrackPointExtension>
            <ns3:hr>102</ns3:hr>
            <ns3:cad>78</ns3:cad>
          </ns3:TrackPointExtension>
        </extensions>
      </trkpt>
      <trkpt lat="31.21907168067991733551025390625" lon="121.4118495024740695953369140625">
        <ele>6</ele>
        <time>2026-05-09T10:14:41.000Z</time>
        <extensions>
          <ns3:TrackPointExtension>
            <ns3:hr>103</ns3:hr>
            <ns3:cad>81</ns3:cad>
          </ns3:TrackPointExtension>
        </extensions>
      </trkpt>
      <trkpt lat="31.21907855384051799774169921875" lon="121.41186148859560489654541015625">
        <ele>6</ele>
        <time>2026-05-09T10:14:42.000Z</time>
        <extensions>
          <ns3:TrackPointExtension>
            <ns3:hr>104</ns3:hr>
            <ns3:cad>82</ns3:cad>
          </ns3:TrackPointExtension>
        </extensions>
      </trkpt>
      <trkpt lat="31.2190834991633892059326171875" lon="121.41187322326004505157470703125">
        <ele>6</ele>
        <time>2026-05-09T10:14:43.000Z</time>
        <extensions>
          <ns3:TrackPointExtension>
            <ns3:hr>104</ns3:hr>
            <ns3:cad>82</ns3:cad>
          </ns3:TrackPointExtension>
        </extensions>
      </trkpt>
      <trkpt lat="31.21909263543784618377685546875" lon="121.41187992878258228302001953125">
        <ele>6</ele>
        <time>2026-05-09T10:14:44.000Z</time>
        <extensions>
          <ns3:TrackPointExtension>
            <ns3:hr>104</ns3:hr>
            <ns3:cad>82</ns3:cad>
          </ns3:TrackPointExtension>
        </extensions>
      </trkpt>
      <trkpt lat="31.21911006979644298553466796875" lon="121.411882527172565460205078125">
        <ele>6</ele>
        <time>2026-05-09T10:14:45.000Z</time>
        <extensions>
          <ns3:TrackPointExtension>
            <ns3:hr>104</ns3:hr>
            <ns3:cad>81</ns3:cad>
          </ns3:TrackPointExtension>
        </extensions>
      </trkpt>
      <trkpt lat="31.21913739480078220367431640625" lon="121.4118833653628826141357421875">
        <ele>6</ele>
        <time>2026-05-09T10:14:46.000Z</time>
        <extensions>
          <ns3:TrackPointExtension>
            <ns3:hr>104</ns3:hr>
            <ns3:cad>81</ns3:cad>
          </ns3:TrackPointExtension>
        </extensions>
      </trkpt>
      <trkpt lat="31.219165809452533721923828125" lon="121.4118768274784088134765625">
        <ele>6</ele>
        <time>2026-05-09T10:14:47.000Z</time>
        <extensions>
          <ns3:TrackPointExtension>
            <ns3:hr>105</ns3:hr>
            <ns3:cad>81</ns3:cad>
          </ns3:TrackPointExtension>
        </extensions>
      </trkpt>
      <trkpt lat="31.21918735094368457794189453125" lon="121.4118679426610469818115234375">
        <ele>6.19999980926513671875</ele>
        <time>2026-05-09T10:14:48.000Z</time>
        <extensions>
          <ns3:TrackPointExtension>
            <ns3:hr>105</ns3:hr>
            <ns3:cad>81</ns3:cad>
          </ns3:TrackPointExtension>
        </extensions>
      </trkpt>
      <trkpt lat="31.21920637786388397216796875" lon="121.4118540287017822265625">
        <ele>6.19999980926513671875</ele>
        <time>2026-05-09T10:14:49.000Z</time>
        <extensions>
          <ns3:TrackPointExtension>
            <ns3:hr>105</ns3:hr>
            <ns3:cad>81</ns3:cad>
          </ns3:TrackPointExtension>
        </extensions>
      </trkpt>
      <trkpt lat="31.21923496015369892120361328125" lon="121.41183751635253429412841796875">
        <ele>6.19999980926513671875</ele>
        <time>2026-05-09T10:14:50.000Z</time>
        <extensions>
          <ns3:TrackPointExtension>
            <ns3:hr>106</ns3:hr>
            <ns3:cad>80</ns3:cad>
          </ns3:TrackPointExtension>
        </extensions>
      </trkpt>
      <trkpt lat="31.21926262043416500091552734375" lon="121.4118196628987789154052734375">
        <ele>6.19999980926513671875</ele>
        <time>2026-05-09T10:14:51.000Z</time>
        <extensions>
          <ns3:TrackPointExtension>
            <ns3:hr>106</ns3:hr>
            <ns3:cad>77</ns3:cad>
          </ns3:TrackPointExtension>
        </extensions>
      </trkpt>
      <trkpt lat="31.21929296292364597320556640625" lon="121.41180398873984813690185546875">
        <ele>6.19999980926513671875</ele>
        <time>2026-05-09T10:14:52.000Z</time>
        <extensions>
          <ns3:TrackPointExtension>
            <ns3:hr>106</ns3:hr>
            <ns3:cad>77</ns3:cad>
          </ns3:TrackPointExtension>
        </extensions>
      </trkpt>
      <trkpt lat="31.2193156778812408447265625" lon="121.411787979304790496826171875">
        <ele>6</ele>
        <time>2026-05-09T10:14:53.000Z</time>
        <extensions>
          <ns3:TrackPointExtension>
            <ns3:hr>107</ns3:hr>
            <ns3:cad>77</ns3:cad>
          </ns3:TrackPointExtension>
        </extensions>
      </trkpt>
      <trkpt lat="31.21933889575302600860595703125" lon="121.4117740653455257415771484375">
        <ele>6</ele>
        <time>2026-05-09T10:14:54.000Z</time>
        <extensions>
          <ns3:TrackPointExtension>
            <ns3:hr>107</ns3:hr>
            <ns3:cad>80</ns3:cad>
          </ns3:TrackPointExtension>
        </extensions>
      </trkpt>
      <trkpt lat="31.21936169452965259552001953125" lon="121.41176241450011730194091796875">
        <ele>5.80000019073486328125</ele>
        <time>2026-05-09T10:14:55.000Z</time>
        <extensions>
          <ns3:TrackPointExtension>
            <ns3:hr>107</ns3:hr>
            <ns3:cad>80</ns3:cad>
          </ns3:TrackPointExtension>
        </extensions>
      </trkpt>
      <trkpt lat="31.21938399039208889007568359375" lon="121.41175168566405773162841796875">
        <ele>5.80000019073486328125</ele>
        <time>2026-05-09T10:14:56.000Z</time>
        <extensions>
          <ns3:TrackPointExtension>
            <ns3:hr>108</ns3:hr>
            <ns3:cad>80</ns3:cad>
          </ns3:TrackPointExtension>
        </extensions>
      </trkpt>
      <trkpt lat="31.21940427459776401519775390625" lon="121.4117402024567127227783203125">
        <ele>5.80000019073486328125</ele>
        <time>2026-05-09T10:14:57.000Z</time>
        <extensions>
          <ns3:TrackPointExtension>
            <ns3:hr>108</ns3:hr>
            <ns3:cad>80</ns3:cad>
          </ns3:TrackPointExtension>
        </extensions>
      </trkpt>
      <trkpt lat="31.21942791156470775604248046875" lon="121.41172620467841625213623046875">
        <ele>5.80000019073486328125</ele>
        <time>2026-05-09T10:14:58.000Z</time>
        <extensions>
          <ns3:TrackPointExtension>
            <ns3:hr>108</ns3:hr>
            <ns3:cad>79</ns3:cad>
          </ns3:TrackPointExtension>
        </extensions>
      </trkpt>
      <trkpt lat="31.21944869868457317352294921875" lon="121.4117137156426906585693359375">
        <ele>5.599999904632568359375</ele>
        <time>2026-05-09T10:14:59.000Z</time>
        <extensions>
          <ns3:TrackPointExtension>
            <ns3:hr>108</ns3:hr>
            <ns3:cad>79</ns3:cad>
          </ns3:TrackPointExtension>
        </extensions>
      </trkpt>
      <trkpt lat="31.219467557966709136962890625" lon="121.4117024838924407958984375">
        <ele>5.599999904632568359375</ele>
        <time>2026-05-09T10:15:00.000Z</time>
        <extensions>
          <ns3:TrackPointExtension>
            <ns3:hr>109</ns3:hr>
            <ns3:cad>80</ns3:cad>
          </ns3:TrackPointExtension>
        </extensions>
      </trkpt>
      <trkpt lat="31.219484992325305938720703125" lon="121.41169317997992038726806640625">
        <ele>5.599999904632568359375</ele>
        <time>2026-05-09T10:15:01.000Z</time>
        <extensions>
          <ns3:TrackPointExtension>
            <ns3:hr>109</ns3:hr>
            <ns3:cad>80</ns3:cad>
          </ns3:TrackPointExtension>
        </extensions>
      </trkpt>
      <trkpt lat="31.219504773616790771484375" lon="121.4116828702390193939208984375">
        <ele>5.599999904632568359375</ele>
        <time>2026-05-09T10:15:02.000Z</time>
        <extensions>
          <ns3:TrackPointExtension>
            <ns3:hr>110</ns3:hr>
            <ns3:cad>80</ns3:cad>
          </ns3:TrackPointExtension>
        </extensions>
      </trkpt>
      <trkpt lat="31.219528578221797943115234375" lon="121.41167088411748409271240234375">
        <ele>5.599999904632568359375</ele>
        <time>2026-05-09T10:15:03.000Z</time>
        <extensions>
          <ns3:TrackPointExtension>
            <ns3:hr>110</ns3:hr>
            <ns3:cad>79</ns3:cad>
          </ns3:TrackPointExtension>
        </extensions>
      </trkpt>
      <trkpt lat="31.2195518799126148223876953125" lon="121.4116567187011241912841796875">
        <ele>5.599999904632568359375</ele>
        <time>2026-05-09T10:15:04.000Z</time>
        <extensions>
          <ns3:TrackPointExtension>
            <ns3:hr>111</ns3:hr>
            <ns3:cad>79</ns3:cad>
          </ns3:TrackPointExtension>
        </extensions>
      </trkpt>
      <trkpt lat="31.21957409195601940155029296875" lon="121.41164573840796947479248046875">
        <ele>5.599999904632568359375</ele>
        <time>2026-05-09T10:15:05.000Z</time>
        <extensions>
          <ns3:TrackPointExtension>
            <ns3:hr>111</ns3:hr>
            <ns3:cad>79</ns3:cad>
          </ns3:TrackPointExtension>
        </extensions>
      </trkpt>
      <trkpt lat="31.21959269978106021881103515625" lon="121.41163408756256103515625">
        <ele>5.599999904632568359375</ele>
        <time>2026-05-09T10:15:06.000Z</time>
        <extensions>
          <ns3:TrackPointExtension>
            <ns3:hr>111</ns3:hr>
            <ns3:cad>78</ns3:cad>
          </ns3:TrackPointExtension>
        </extensions>
      </trkpt>
      <trkpt lat="31.21960929594933986663818359375" lon="121.41162411309778690338134765625">
        <ele>5.599999904632568359375</ele>
        <time>2026-05-09T10:15:07.000Z</time>
        <extensions>
          <ns3:TrackPointExtension>
            <ns3:hr>112</ns3:hr>
            <ns3:cad>78</ns3:cad>
          </ns3:TrackPointExtension>
        </extensions>
      </trkpt>
      <trkpt lat="31.21962304227054119110107421875" lon="121.41161841340363025665283203125">
        <ele>5.599999904632568359375</ele>
        <time>2026-05-09T10:15:08.000Z</time>
        <extensions>
          <ns3:TrackPointExtension>
            <ns3:hr>112</ns3:hr>
            <ns3:cad>79</ns3:cad>
          </ns3:TrackPointExtension>
        </extensions>
      </trkpt>
      <trkpt lat="31.219637207686901092529296875" lon="121.41160986386239528656005859375">
        <ele>5.599999904632568359375</ele>
        <time>2026-05-09T10:15:09.000Z</time>
        <extensions>
          <ns3:TrackPointExtension>
            <ns3:hr>112</ns3:hr>
            <ns3:cad>79</ns3:cad>
          </ns3:TrackPointExtension>
        </extensions>
      </trkpt>
      <trkpt lat="31.2196521274745464324951171875" lon="121.41160651110112667083740234375">
        <ele>5.599999904632568359375</ele>
        <time>2026-05-09T10:15:10.000Z</time>
        <extensions>
          <ns3:TrackPointExtension>
            <ns3:hr>112</ns3:hr>
            <ns3:cad>59</ns3:cad>
          </ns3:TrackPointExtension>
        </extensions>
      </trkpt>
      <trkpt lat="31.2196638621389865875244140625" lon="121.4116020686924457550048828125">
        <ele>5.599999904632568359375</ele>
        <time>2026-05-09T10:15:11.000Z</time>
        <extensions>
          <ns3:TrackPointExtension>
            <ns3:hr>112</ns3:hr>
            <ns3:cad>59</ns3:cad>
          </ns3:TrackPointExtension>
        </extensions>
      </trkpt>
      <trkpt lat="31.21967668645083904266357421875" lon="121.41159326769411563873291015625">
        <ele>5.80000019073486328125</ele>
        <time>2026-05-09T10:15:12.000Z</time>
        <extensions>
          <ns3:TrackPointExtension>
            <ns3:hr>112</ns3:hr>
            <ns3:cad>59</ns3:cad>
          </ns3:TrackPointExtension>
        </extensions>
      </trkpt>
      <trkpt lat="31.2196906842291355133056640625" lon="121.41157784499228000640869140625">
        <ele>5.80000019073486328125</ele>
        <time>2026-05-09T10:15:13.000Z</time>
        <extensions>
          <ns3:TrackPointExtension>
            <ns3:hr>113</ns3:hr>
            <ns3:cad>62</ns3:cad>
          </ns3:TrackPointExtension>
        </extensions>
      </trkpt>
      <trkpt lat="31.2197047658264636993408203125" lon="121.4115645177662372589111328125">
        <ele>5.80000019073486328125</ele>
        <time>2026-05-09T10:15:14.000Z</time>
        <extensions>
          <ns3:TrackPointExtension>
            <ns3:hr>113</ns3:hr>
            <ns3:cad>62</ns3:cad>
          </ns3:TrackPointExtension>
        </extensions>
      </trkpt>
      <trkpt lat="31.2197188474237918853759765625" lon="121.41154398210346698760986328125">
        <ele>5.80000019073486328125</ele>
        <time>2026-05-09T10:15:15.000Z</time>
        <extensions>
          <ns3:TrackPointExtension>
            <ns3:hr>113</ns3:hr>
            <ns3:cad>61</ns3:cad>
          </ns3:TrackPointExtension>
        </extensions>
      </trkpt>
      <trkpt lat="31.2197309173643589019775390625" lon="121.41152185387909412384033203125">
        <ele>6</ele>
        <time>2026-05-09T10:15:16.000Z</time>
        <extensions>
          <ns3:TrackPointExtension>
            <ns3:hr>113</ns3:hr>
            <ns3:cad>61</ns3:cad>
          </ns3:TrackPointExtension>
        </extensions>
      </trkpt>
      <trkpt lat="31.2197423167526721954345703125" lon="121.41150140203535556793212890625">
        <ele>5.80000019073486328125</ele>
        <time>2026-05-09T10:15:17.000Z</time>
        <extensions>
          <ns3:TrackPointExtension>
            <ns3:hr>114</ns3:hr>
            <ns3:cad>61</ns3:cad>
          </ns3:TrackPointExtension>
        </extensions>
      </trkpt>
      <trkpt lat="31.2197547219693660736083984375" lon="121.4114833809435367584228515625">
        <ele>5.80000019073486328125</ele>
        <time>2026-05-09T10:15:18.000Z</time>
        <extensions>
          <ns3:TrackPointExtension>
            <ns3:hr>114</ns3:hr>
            <ns3:cad>61</ns3:cad>
          </ns3:TrackPointExtension>
        </extensions>
      </trkpt>
      <trkpt lat="31.2197657860815525054931640625" lon="121.41146318055689334869384765625">
        <ele>5.80000019073486328125</ele>
        <time>2026-05-09T10:15:19.000Z</time>
        <extensions>
          <ns3:TrackPointExtension>
            <ns3:hr>114</ns3:hr>
            <ns3:cad>0</ns3:cad>
          </ns3:TrackPointExtension>
        </extensions>
      </trkpt>
      <trkpt lat="31.21977031230926513671875" lon="121.41144700348377227783203125">
        <ele>6</ele>
        <time>2026-05-09T10:15:20.000Z</time>
        <extensions>
          <ns3:TrackPointExtension>
            <ns3:hr>113</ns3:hr>
            <ns3:cad>0</ns3:cad>
          </ns3:TrackPointExtension>
        </extensions>
      </trkpt>
      <trkpt lat="31.21977156959474086761474609375" lon="121.4114357717335224151611328125">
        <ele>6</ele>
        <time>2026-05-09T10:15:21.000Z</time>
        <extensions>
          <ns3:TrackPointExtension>
            <ns3:hr>113</ns3:hr>
            <ns3:cad>59</ns3:cad>
          </ns3:TrackPointExtension>
        </extensions>
      </trkpt>
      <trkpt lat="31.21977190487086772918701171875" lon="121.41142764128744602203369140625">
        <ele>6</ele>
        <time>2026-05-09T10:15:22.000Z</time>
        <extensions>
          <ns3:TrackPointExtension>
            <ns3:hr>112</ns3:hr>
            <ns3:cad>60</ns3:cad>
          </ns3:TrackPointExtension>
        </extensions>
      </trkpt>
      <trkpt lat="31.21977140195667743682861328125" lon="121.41142060048878192901611328125">
        <ele>6</ele>
        <time>2026-05-09T10:15:23.000Z</time>
        <extensions>
          <ns3:TrackPointExtension>
            <ns3:hr>112</ns3:hr>
            <ns3:cad>60</ns3:cad>
          </ns3:TrackPointExtension>
        </extensions>
      </trkpt>
      <trkpt lat="31.2197741679847240447998046875" lon="121.411412470042705535888671875">
        <ele>6</ele>
        <time>2026-05-09T10:15:24.000Z</time>
        <extensions>
          <ns3:TrackPointExtension>
            <ns3:hr>111</ns3:hr>
            <ns3:cad>60</ns3:cad>
          </ns3:TrackPointExtension>
        </extensions>
      </trkpt>
      <trkpt lat="31.21978833340108394622802734375" lon="121.41139914281666278839111328125">
        <ele>6</ele>
        <time>2026-05-09T10:15:25.000Z</time>
        <extensions>
          <ns3:TrackPointExtension>
            <ns3:hr>111</ns3:hr>
            <ns3:cad>0</ns3:cad>
          </ns3:TrackPointExtension>
        </extensions>
      </trkpt>
      <trkpt lat="31.21980928815901279449462890625" lon="121.41138665378093719482421875">
        <ele>5.80000019073486328125</ele>
        <time>2026-05-09T10:15:26.000Z</time>
        <extensions>
          <ns3:TrackPointExtension>
            <ns3:hr>111</ns3:hr>
            <ns3:cad>0</ns3:cad>
          </ns3:TrackPointExtension>
        </extensions>
      </trkpt>
      <trkpt lat="31.21983376331627368927001953125" lon="121.41137332655489444732666015625">
        <ele>5.80000019073486328125</ele>
        <time>2026-05-09T10:15:27.000Z</time>
        <extensions>
          <ns3:TrackPointExtension>
            <ns3:hr>110</ns3:hr>
            <ns3:cad>0</ns3:cad>
          </ns3:TrackPointExtension>
        </extensions>
      </trkpt>
      <trkpt lat="31.219858825206756591796875" lon="121.4113579876720905303955078125">
        <ele>6</ele>
        <time>2026-05-09T10:15:28.000Z</time>
        <extensions>
          <ns3:TrackPointExtension>
            <ns3:hr>110</ns3:hr>
            <ns3:cad>0</ns3:cad>
          </ns3:TrackPointExtension>
        </extensions>
      </trkpt>
      <trkpt lat="31.21988455764949321746826171875" lon="121.4113430678844451904296875">
        <ele>6</ele>
        <time>2026-05-09T10:15:29.000Z</time>
        <extensions>
          <ns3:TrackPointExtension>
            <ns3:hr>111</ns3:hr>
            <ns3:cad>75</ns3:cad>
          </ns3:TrackPointExtension>
        </extensions>
      </trkpt>
      <trkpt lat="31.21991439722478389739990234375" lon="121.41132890246808528900146484375">
        <ele>6.19999980926513671875</ele>
        <time>2026-05-09T10:15:30.000Z</time>
        <extensions>
          <ns3:TrackPointExtension>
            <ns3:hr>111</ns3:hr>
            <ns3:cad>77</ns3:cad>
          </ns3:TrackPointExtension>
        </extensions>
      </trkpt>
      <trkpt lat="31.2199464999139308929443359375" lon="121.411313228309154510498046875">
        <ele>6.400000095367431640625</ele>
        <time>2026-05-09T10:15:31.000Z</time>
        <extensions>
          <ns3:TrackPointExtension>
            <ns3:hr>111</ns3:hr>
            <ns3:cad>77</ns3:cad>
          </ns3:TrackPointExtension>
        </extensions>
      </trkpt>
      <trkpt lat="31.21997416019439697265625" lon="121.411301158368587493896484375">
        <ele>6.599999904632568359375</ele>
        <time>2026-05-09T10:15:32.000Z</time>
        <extensions>
          <ns3:TrackPointExtension>
            <ns3:hr>111</ns3:hr>
            <ns3:cad>78</ns3:cad>
          </ns3:TrackPointExtension>
        </extensions>
      </trkpt>
      <trkpt lat="31.2200014851987361907958984375" lon="121.41129076480865478515625">
        <ele>6.599999904632568359375</ele>
        <time>2026-05-09T10:15:33.000Z</time>
        <extensions>
          <ns3:TrackPointExtension>
            <ns3:hr>112</ns3:hr>
            <ns3:cad>78</ns3:cad>
          </ns3:TrackPointExtension>
        </extensions>
      </trkpt>
      <trkpt lat="31.22002847492694854736328125" lon="121.41128472983837127685546875">
        <ele>6.599999904632568359375</ele>
        <time>2026-05-09T10:15:34.000Z</time>
        <extensions>
          <ns3:TrackPointExtension>
            <ns3:hr>113</ns3:hr>
            <ns3:cad>79</ns3:cad>
          </ns3:TrackPointExtension>
        </extensions>
      </trkpt>
      <trkpt lat="31.22004993259906768798828125" lon="121.41128045506775379180908203125">
        <ele>6.400000095367431640625</ele>
        <time>2026-05-09T10:15:35.000Z</time>
        <extensions>
          <ns3:TrackPointExtension>
            <ns3:hr>114</ns3:hr>
            <ns3:cad>79</ns3:cad>
          </ns3:TrackPointExtension>
        </extensions>
      </trkpt>
      <trkpt lat="31.22006359510123729705810546875" lon="121.41127777285873889923095703125">
        <ele>6.19999980926513671875</ele>
        <time>2026-05-09T10:15:36.000Z</time>
        <extensions>
          <ns3:TrackPointExtension>
            <ns3:hr>115</ns3:hr>
            <ns3:cad>79</ns3:cad>
          </ns3:TrackPointExtension>
        </extensions>
      </trkpt>
      <trkpt lat="31.220073401927947998046875" lon="121.4112781919538974761962890625">
        <ele>6.19999980926513671875</ele>
        <time>2026-05-09T10:15:37.000Z</time>
        <extensions>
          <ns3:TrackPointExtension>
            <ns3:hr>116</ns3:hr>
            <ns3:cad>79</ns3:cad>
          </ns3:TrackPointExtension>
        </extensions>
      </trkpt>
      <trkpt lat="31.22008237056434154510498046875" lon="121.41127760522067546844482421875">
        <ele>6.19999980926513671875</ele>
        <time>2026-05-09T10:15:38.000Z</time>
        <extensions>
          <ns3:TrackPointExtension>
            <ns3:hr>117</ns3:hr>
            <ns3:cad>79</ns3:cad>
          </ns3:TrackPointExtension>
        </extensions>
      </trkpt>
      <trkpt lat="31.22009075246751308441162109375" lon="121.41127777285873889923095703125">
        <ele>6.400000095367431640625</ele>
        <time>2026-05-09T10:15:39.000Z</time>
        <extensions>
          <ns3:TrackPointExtension>
            <ns3:hr>117</ns3:hr>
            <ns3:cad>77</ns3:cad>
          </ns3:TrackPointExtension>
        </extensions>
      </trkpt>
      <trkpt lat="31.2202288024127483367919921875" lon="121.41125648282468318939208984375">
        <ele>6</ele>
        <time>2026-05-09T10:16:57.000Z</time>
        <extensions>
          <ns3:TrackPointExtension>
            <ns3:hr>76</ns3:hr>
            <ns3:cad>0</ns3:cad>
          </ns3:TrackPointExtension>
        </extensions>
      </trkpt>
      <trkpt lat="31.2202331610023975372314453125" lon="121.4112600870430469512939453125">
        <ele>6</ele>
        <time>2026-05-09T10:16:58.000Z</time>
        <extensions>
          <ns3:TrackPointExtension>
            <ns3:hr>76</ns3:hr>
            <ns3:cad>0</ns3:cad>
          </ns3:TrackPointExtension>
        </extensions>
      </trkpt>
      <trkpt lat="31.22023634612560272216796875" lon="121.4112671278417110443115234375">
        <ele>6</ele>
        <time>2026-05-09T10:16:59.000Z</time>
        <extensions>
          <ns3:TrackPointExtension>
            <ns3:hr>75</ns3:hr>
            <ns3:cad>0</ns3:cad>
          </ns3:TrackPointExtension>
        </extensions>
      </trkpt>
      <trkpt lat="31.2202398665249347686767578125" lon="121.4112786948680877685546875">
        <ele>6</ele>
        <time>2026-05-09T10:17:00.000Z</time>
        <extensions>
          <ns3:TrackPointExtension>
            <ns3:hr>75</ns3:hr>
            <ns3:cad>0</ns3:cad>
          </ns3:TrackPointExtension>
        </extensions>
      </trkpt>
      <trkpt lat="31.2202425487339496612548828125" lon="121.41129403375089168548583984375">
        <ele>5.80000019073486328125</ele>
        <time>2026-05-09T10:17:01.000Z</time>
        <extensions>
          <ns3:TrackPointExtension>
            <ns3:hr>75</ns3:hr>
            <ns3:cad>0</ns3:cad>
          </ns3:TrackPointExtension>
        </extensions>
      </trkpt>
      <trkpt lat="31.2202452309429645538330078125" lon="121.4113154076039791107177734375">
        <ele>5.80000019073486328125</ele>
        <time>2026-05-09T10:17:02.000Z</time>
        <extensions>
          <ns3:TrackPointExtension>
            <ns3:hr>75</ns3:hr>
            <ns3:cad>0</ns3:cad>
          </ns3:TrackPointExtension>
        </extensions>
      </trkpt>
      <trkpt lat="31.220251433551311492919921875" lon="121.41133644618093967437744140625">
        <ele>5.80000019073486328125</ele>
        <time>2026-05-09T10:17:03.000Z</time>
        <extensions>
          <ns3:TrackPointExtension>
            <ns3:hr>75</ns3:hr>
            <ns3:cad>0</ns3:cad>
          </ns3:TrackPointExtension>
        </extensions>
      </trkpt>
      <trkpt lat="31.2202589772641658782958984375" lon="121.41135513782501220703125">
        <ele>5.80000019073486328125</ele>
        <time>2026-05-09T10:17:04.000Z</time>
        <extensions>
          <ns3:TrackPointExtension>
            <ns3:hr>75</ns3:hr>
            <ns3:cad>0</ns3:cad>
          </ns3:TrackPointExtension>
        </extensions>
      </trkpt>
      <trkpt lat="31.22026777826249599456787109375" lon="121.41137097962200641632080078125">
        <ele>6</ele>
        <time>2026-05-09T10:17:05.000Z</time>
        <extensions>
          <ns3:TrackPointExtension>
            <ns3:hr>75</ns3:hr>
            <ns3:cad>80</ns3:cad>
          </ns3:TrackPointExtension>
        </extensions>
      </trkpt>
      <trkpt lat="31.2202774174511432647705078125" lon="121.41138858161866664886474609375">
        <ele>6</ele>
        <time>2026-05-09T10:17:06.000Z</time>
        <extensions>
          <ns3:TrackPointExtension>
            <ns3:hr>75</ns3:hr>
            <ns3:cad>80</ns3:cad>
          </ns3:TrackPointExtension>
        </extensions>
      </trkpt>
      <trkpt lat="31.2202866375446319580078125" lon="121.41141054220497608184814453125">
        <ele>6</ele>
        <time>2026-05-09T10:17:07.000Z</time>
        <extensions>
          <ns3:TrackPointExtension>
            <ns3:hr>75</ns3:hr>
            <ns3:cad>81</ns3:cad>
          </ns3:TrackPointExtension>
        </extensions>
      </trkpt>
      <trkpt lat="31.220290996134281158447265625" lon="121.411436609923839569091796875">
        <ele>6</ele>
        <time>2026-05-09T10:17:08.000Z</time>
        <extensions>
          <ns3:TrackPointExtension>
            <ns3:hr>75</ns3:hr>
            <ns3:cad>81</ns3:cad>
          </ns3:TrackPointExtension>
        </extensions>
      </trkpt>
      <trkpt lat="31.220291666686534881591796875" lon="121.41145748086273670196533203125">
        <ele>6</ele>
        <time>2026-05-09T10:17:09.000Z</time>
        <extensions>
          <ns3:TrackPointExtension>
            <ns3:hr>75</ns3:hr>
            <ns3:cad>81</ns3:cad>
          </ns3:TrackPointExtension>
        </extensions>
      </trkpt>
      <trkpt lat="31.2202911637723445892333984375" lon="121.41147793270647525787353515625">
        <ele>6</ele>
        <time>2026-05-09T10:17:10.000Z</time>
        <extensions>
          <ns3:TrackPointExtension>
            <ns3:hr>77</ns3:hr>
            <ns3:cad>80</ns3:cad>
          </ns3:TrackPointExtension>
        </extensions>
      </trkpt>
      <trkpt lat="31.220290325582027435302734375" lon="121.41149989329278469085693359375">
        <ele>6</ele>
        <time>2026-05-09T10:17:11.000Z</time>
        <extensions>
          <ns3:TrackPointExtension>
            <ns3:hr>79</ns3:hr>
            <ns3:cad>80</ns3:cad>
          </ns3:TrackPointExtension>
        </extensions>
      </trkpt>
      <trkpt lat="31.22028990648686885833740234375" lon="121.41151531599462032318115234375">
        <ele>6</ele>
        <time>2026-05-09T10:17:12.000Z</time>
        <extensions>
          <ns3:TrackPointExtension>
            <ns3:hr>80</ns3:hr>
            <ns3:cad>80</ns3:cad>
          </ns3:TrackPointExtension>
        </extensions>
      </trkpt>
      <trkpt lat="31.2202894873917102813720703125" lon="121.41153358854353427886962890625">
        <ele>6</ele>
        <time>2026-05-09T10:17:13.000Z</time>
        <extensions>
          <ns3:TrackPointExtension>
            <ns3:hr>80</ns3:hr>
            <ns3:cad>80</ns3:cad>
          </ns3:TrackPointExtension>
        </extensions>
      </trkpt>
      <trkpt lat="31.2202893197536468505859375" lon="121.41155336983501911163330078125">
        <ele>5.80000019073486328125</ele>
        <time>2026-05-09T10:17:14.000Z</time>
        <extensions>
          <ns3:TrackPointExtension>
            <ns3:hr>80</ns3:hr>
            <ns3:cad>78</ns3:cad>
          </ns3:TrackPointExtension>
        </extensions>
      </trkpt>
      <trkpt lat="31.2202874757349491119384765625" lon="121.4115762524306774139404296875">
        <ele>5.80000019073486328125</ele>
        <time>2026-05-09T10:17:15.000Z</time>
        <extensions>
          <ns3:TrackPointExtension>
            <ns3:hr>80</ns3:hr>
            <ns3:cad>78</ns3:cad>
          </ns3:TrackPointExtension>
        </extensions>
      </trkpt>
      <trkpt lat="31.2202844582498073577880859375" lon="121.4116007275879383087158203125">
        <ele>5.80000019073486328125</ele>
        <time>2026-05-09T10:17:16.000Z</time>
        <extensions>
          <ns3:TrackPointExtension>
            <ns3:hr>80</ns3:hr>
            <ns3:cad>77</ns3:cad>
          </ns3:TrackPointExtension>
        </extensions>
      </trkpt>
      <trkpt lat="31.2202821113169193267822265625" lon="121.4116221852600574493408203125">
        <ele>5.80000019073486328125</ele>
        <time>2026-05-09T10:17:17.000Z</time>
        <extensions>
          <ns3:TrackPointExtension>
            <ns3:hr>80</ns3:hr>
            <ns3:cad>77</ns3:cad>
          </ns3:TrackPointExtension>
        </extensions>
      </trkpt>
      <trkpt lat="31.22028018347918987274169921875" lon="121.41164473257958889007568359375">
        <ele>5.80000019073486328125</ele>
        <time>2026-05-09T10:17:18.000Z</time>
        <extensions>
          <ns3:TrackPointExtension>
            <ns3:hr>81</ns3:hr>
            <ns3:cad>81</ns3:cad>
          </ns3:TrackPointExtension>
        </extensions>
      </trkpt>
      <trkpt lat="31.220280267298221588134765625" lon="121.4116617478430271148681640625">
        <ele>5.80000019073486328125</ele>
        <time>2026-05-09T10:17:19.000Z</time>
        <extensions>
          <ns3:TrackPointExtension>
            <ns3:hr>81</ns3:hr>
            <ns3:cad>81</ns3:cad>
          </ns3:TrackPointExtension>
        </extensions>
      </trkpt>
      <trkpt lat="31.22027833946049213409423828125" lon="121.41168035566806793212890625">
        <ele>5.80000019073486328125</ele>
        <time>2026-05-09T10:17:20.000Z</time>
        <extensions>
          <ns3:TrackPointExtension>
            <ns3:hr>82</ns3:hr>
            <ns3:cad>79</ns3:cad>
          </ns3:TrackPointExtension>
        </extensions>
      </trkpt>
      <trkpt lat="31.2202760763466358184814453125" lon="121.4116999693214893341064453125">
        <ele>5.80000019073486328125</ele>
        <time>2026-05-09T10:17:21.000Z</time>
        <extensions>
          <ns3:TrackPointExtension>
            <ns3:hr>82</ns3:hr>
            <ns3:cad>79</ns3:cad>
          </ns3:TrackPointExtension>
        </extensions>
      </trkpt>
      <trkpt lat="31.22027163393795490264892578125" lon="121.41171899624168872833251953125">
        <ele>5.80000019073486328125</ele>
        <time>2026-05-09T10:17:22.000Z</time>
        <extensions>
          <ns3:TrackPointExtension>
            <ns3:hr>82</ns3:hr>
            <ns3:cad>79</ns3:cad>
          </ns3:TrackPointExtension>
        </extensions>
      </trkpt>
      <trkpt lat="31.22026861645281314849853515625" lon="121.4117358438670635223388671875">
        <ele>5.80000019073486328125</ele>
        <time>2026-05-09T10:17:23.000Z</time>
        <extensions>
          <ns3:TrackPointExtension>
            <ns3:hr>83</ns3:hr>
            <ns3:cad>78</ns3:cad>
          </ns3:TrackPointExtension>
        </extensions>
      </trkpt>
      <trkpt lat="31.2202666886150836944580078125" lon="121.41175520606338977813720703125">
        <ele>5.80000019073486328125</ele>
        <time>2026-05-09T10:17:24.000Z</time>
        <extensions>
          <ns3:TrackPointExtension>
            <ns3:hr>83</ns3:hr>
            <ns3:cad>78</ns3:cad>
          </ns3:TrackPointExtension>
        </extensions>
      </trkpt>
      <trkpt lat="31.22026543132960796356201171875" lon="121.41177582554519176483154296875">
        <ele>5.80000019073486328125</ele>
        <time>2026-05-09T10:17:25.000Z</time>
        <extensions>
          <ns3:TrackPointExtension>
            <ns3:hr>83</ns3:hr>
            <ns3:cad>78</ns3:cad>
          </ns3:TrackPointExtension>
        </extensions>
      </trkpt>
      <trkpt lat="31.22026207856833934783935546875" lon="121.41179828904569149017333984375">
        <ele>5.80000019073486328125</ele>
        <time>2026-05-09T10:17:26.000Z</time>
        <extensions>
          <ns3:TrackPointExtension>
            <ns3:hr>84</ns3:hr>
            <ns3:cad>78</ns3:cad>
          </ns3:TrackPointExtension>
        </extensions>
      </trkpt>
      <trkpt lat="31.220261156558990478515625" lon="121.4118196628987789154052734375">
        <ele>5.80000019073486328125</ele>
        <time>2026-05-09T10:17:27.000Z</time>
        <extensions>
          <ns3:TrackPointExtension>
            <ns3:hr>84</ns3:hr>
            <ns3:cad>78</ns3:cad>
          </ns3:TrackPointExtension>
        </extensions>
      </trkpt>
      <trkpt lat="31.22026585042476654052734375" lon="121.41184338368475437164306640625">
        <ele>6</ele>
        <time>2026-05-09T10:17:28.000Z</time>
        <extensions>
          <ns3:TrackPointExtension>
            <ns3:hr>84</ns3:hr>
            <ns3:cad>79</ns3:cad>
          </ns3:TrackPointExtension>
        </extensions>
      </trkpt>
      <trkpt lat="31.22027180157601833343505859375" lon="121.41187087632715702056884765625">
        <ele>6</ele>
        <time>2026-05-09T10:17:29.000Z</time>
        <extensions>
          <ns3:TrackPointExtension>
            <ns3:hr>85</ns3:hr>
            <ns3:cad>80</ns3:cad>
          </ns3:TrackPointExtension>
        </extensions>
      </trkpt>
      <trkpt lat="31.22027599252760410308837890625" lon="121.411899290978908538818359375">
        <ele>6</ele>
        <time>2026-05-09T10:17:30.000Z</time>
        <extensions>
          <ns3:TrackPointExtension>
            <ns3:hr>85</ns3:hr>
            <ns3:cad>80</ns3:cad>
          </ns3:TrackPointExtension>
        </extensions>
      </trkpt>
      <trkpt lat="31.220277585089206695556640625" lon="121.4119296334683895111083984375">
        <ele>6</ele>
        <time>2026-05-09T10:17:31.000Z</time>
        <extensions>
          <ns3:TrackPointExtension>
            <ns3:hr>85</ns3:hr>
            <ns3:cad>78</ns3:cad>
          </ns3:TrackPointExtension>
        </extensions>
      </trkpt>
      <trkpt lat="31.22027901001274585723876953125" lon="121.41196073032915592193603515625">
        <ele>6</ele>
        <time>2026-05-09T10:17:32.000Z</time>
        <extensions>
          <ns3:TrackPointExtension>
            <ns3:hr>85</ns3:hr>
            <ns3:cad>77</ns3:cad>
          </ns3:TrackPointExtension>
        </extensions>
      </trkpt>
      <trkpt lat="31.220282278954982757568359375" lon="121.411991827189922332763671875">
        <ele>6</ele>
        <time>2026-05-09T10:17:33.000Z</time>
        <extensions>
          <ns3:TrackPointExtension>
            <ns3:hr>86</ns3:hr>
            <ns3:cad>77</ns3:cad>
          </ns3:TrackPointExtension>
        </extensions>
      </trkpt>
      <trkpt lat="31.220284290611743927001953125" lon="121.41202644445002079010009765625">
        <ele>5.80000019073486328125</ele>
        <time>2026-05-09T10:17:34.000Z</time>
        <extensions>
          <ns3:TrackPointExtension>
            <ns3:hr>86</ns3:hr>
            <ns3:cad>78</ns3:cad>
          </ns3:TrackPointExtension>
        </extensions>
      </trkpt>
      <trkpt lat="31.22028353624045848846435546875" lon="121.4120634086430072784423828125">
        <ele>5.80000019073486328125</ele>
        <time>2026-05-09T10:17:35.000Z</time>
        <extensions>
          <ns3:TrackPointExtension>
            <ns3:hr>87</ns3:hr>
            <ns3:cad>79</ns3:cad>
          </ns3:TrackPointExtension>
        </extensions>
      </trkpt>
      <trkpt lat="31.2202847935259342193603515625" lon="121.41209743916988372802734375">
        <ele>5.599999904632568359375</ele>
        <time>2026-05-09T10:17:36.000Z</time>
        <extensions>
          <ns3:TrackPointExtension>
            <ns3:hr>87</ns3:hr>
            <ns3:cad>80</ns3:cad>
          </ns3:TrackPointExtension>
        </extensions>
      </trkpt>
      <trkpt lat="31.2202871404588222503662109375" lon="121.4121338166296482086181640625">
        <ele>5.599999904632568359375</ele>
        <time>2026-05-09T10:17:37.000Z</time>
        <extensions>
          <ns3:TrackPointExtension>
            <ns3:hr>87</ns3:hr>
            <ns3:cad>81</ns3:cad>
          </ns3:TrackPointExtension>
        </extensions>
      </trkpt>
      <trkpt lat="31.22029141522943973541259765625" lon="121.41216407530009746551513671875">
        <ele>5.599999904632568359375</ele>
        <time>2026-05-09T10:17:38.000Z</time>
        <extensions>
          <ns3:TrackPointExtension>
            <ns3:hr>87</ns3:hr>
            <ns3:cad>81</ns3:cad>
          </ns3:TrackPointExtension>
        </extensions>
      </trkpt>
      <trkpt lat="31.22029711492359638214111328125" lon="121.412194333970546722412109375">
        <ele>5.599999904632568359375</ele>
        <time>2026-05-09T10:17:39.000Z</time>
        <extensions>
          <ns3:TrackPointExtension>
            <ns3:hr>88</ns3:hr>
            <ns3:cad>81</ns3:cad>
          </ns3:TrackPointExtension>
        </extensions>
      </trkpt>
      <trkpt lat="31.22030331753194332122802734375" lon="121.41221436671912670135498046875">
        <ele>5.599999904632568359375</ele>
        <time>2026-05-09T10:17:40.000Z</time>
        <extensions>
          <ns3:TrackPointExtension>
            <ns3:hr>88</ns3:hr>
            <ns3:cad>81</ns3:cad>
          </ns3:TrackPointExtension>
        </extensions>
      </trkpt>
      <trkpt lat="31.22030876576900482177734375" lon="121.41223096288740634918212890625">
        <ele>5.599999904632568359375</ele>
        <time>2026-05-09T10:17:41.000Z</time>
        <extensions>
          <ns3:TrackPointExtension>
            <ns3:hr>89</ns3:hr>
            <ns3:cad>81</ns3:cad>
          </ns3:TrackPointExtension>
        </extensions>
      </trkpt>
      <trkpt lat="31.2203199975192546844482421875" lon="121.4122498221695423126220703125">
        <ele>5.599999904632568359375</ele>
        <time>2026-05-09T10:17:42.000Z</time>
        <extensions>
          <ns3:TrackPointExtension>
            <ns3:hr>89</ns3:hr>
            <ns3:cad>80</ns3:cad>
          </ns3:TrackPointExtension>
        </extensions>
      </trkpt>
      <trkpt lat="31.22033181600272655487060546875" lon="121.412266083061695098876953125">
        <ele>5.400000095367431640625</ele>
        <time>2026-05-09T10:17:43.000Z</time>
        <extensions>
          <ns3:TrackPointExtension>
            <ns3:hr>89</ns3:hr>
            <ns3:cad>80</ns3:cad>
          </ns3:TrackPointExtension>
        </extensions>
      </trkpt>
      <trkpt lat="31.2203443050384521484375" lon="121.41228058375418186187744140625">
        <ele>5.400000095367431640625</ele>
        <time>2026-05-09T10:17:44.000Z</time>
        <extensions>
          <ns3:TrackPointExtension>
            <ns3:hr>89</ns3:hr>
            <ns3:cad>79</ns3:cad>
          </ns3:TrackPointExtension>
        </extensions>
      </trkpt>
      <trkpt lat="31.22035981155931949615478515625" lon="121.41229365952312946319580078125">
        <ele>5.400000095367431640625</ele>
        <time>2026-05-09T10:17:45.000Z</time>
        <extensions>
          <ns3:TrackPointExtension>
            <ns3:hr>89</ns3:hr>
            <ns3:cad>77</ns3:cad>
          </ns3:TrackPointExtension>
        </extensions>
      </trkpt>
      <trkpt lat="31.22037892229855060577392578125" lon="121.41232534311711788177490234375">
        <ele>5.400000095367431640625</ele>
        <time>2026-05-09T10:17:46.000Z</time>
        <extensions>
          <ns3:TrackPointExtension>
            <ns3:hr>90</ns3:hr>
            <ns3:cad>77</ns3:cad>
          </ns3:TrackPointExtension>
        </extensions>
      </trkpt>
      <trkpt lat="31.22039602138102054595947265625" lon="121.4123604632914066314697265625">
        <ele>5.400000095367431640625</ele>
        <time>2026-05-09T10:17:47.000Z</time>
        <extensions>
          <ns3:TrackPointExtension>
            <ns3:hr>89</ns3:hr>
            <ns3:cad>77</ns3:cad>
          </ns3:TrackPointExtension>
        </extensions>
      </trkpt>
      <trkpt lat="31.2204111926257610321044921875" lon="121.4123960025608539581298828125">
        <ele>5.400000095367431640625</ele>
        <time>2026-05-09T10:17:48.000Z</time>
        <extensions>
          <ns3:TrackPointExtension>
            <ns3:hr>89</ns3:hr>
            <ns3:cad>77</ns3:cad>
          </ns3:TrackPointExtension>
        </extensions>
      </trkpt>
      <trkpt lat="31.22042200528085231781005859375" lon="121.41243179328739643096923828125">
        <ele>5.400000095367431640625</ele>
        <time>2026-05-09T10:17:49.000Z</time>
        <extensions>
          <ns3:TrackPointExtension>
            <ns3:hr>89</ns3:hr>
            <ns3:cad>77</ns3:cad>
          </ns3:TrackPointExtension>
        </extensions>
      </trkpt>
      <trkpt lat="31.220431141555309295654296875" lon="121.4124669134616851806640625">
        <ele>5.400000095367431640625</ele>
        <time>2026-05-09T10:17:50.000Z</time>
        <extensions>
          <ns3:TrackPointExtension>
            <ns3:hr>93</ns3:hr>
            <ns3:cad>77</ns3:cad>
          </ns3:TrackPointExtension>
        </extensions>
      </trkpt>
      <trkpt lat="31.2204349972307682037353515625" lon="121.41249247826635837554931640625">
        <ele>5.400000095367431640625</ele>
        <time>2026-05-09T10:17:51.000Z</time>
        <extensions>
          <ns3:TrackPointExtension>
            <ns3:hr>96</ns3:hr>
            <ns3:cad>78</ns3:cad>
          </ns3:TrackPointExtension>
        </extensions>
      </trkpt>
      <trkpt lat="31.22043491341173648834228515625" lon="121.4125130139291286468505859375">
        <ele>5.599999904632568359375</ele>
        <time>2026-05-09T10:17:52.000Z</time>
        <extensions>
          <ns3:TrackPointExtension>
            <ns3:hr>105</ns3:hr>
            <ns3:cad>81</ns3:cad>
          </ns3:TrackPointExtension>
        </extensions>
      </trkpt>
      <trkpt lat="31.22043055482208728790283203125" lon="121.41252868808805942535400390625">
        <ele>5.599999904632568359375</ele>
        <time>2026-05-09T10:17:53.000Z</time>
        <extensions>
          <ns3:TrackPointExtension>
            <ns3:hr>119</ns3:hr>
            <ns3:cad>81</ns3:cad>
          </ns3:TrackPointExtension>
        </extensions>
      </trkpt>
      <trkpt lat="31.220423094928264617919921875" lon="121.412539668381214141845703125">
        <ele>5.599999904632568359375</ele>
        <time>2026-05-09T10:17:54.000Z</time>
        <extensions>
          <ns3:TrackPointExtension>
            <ns3:hr>120</ns3:hr>
            <ns3:cad>81</ns3:cad>
          </ns3:TrackPointExtension>
        </extensions>
      </trkpt>
      <trkpt lat="31.22041563503444194793701171875" lon="121.412546373903751373291015625">
        <ele>5.599999904632568359375</ele>
        <time>2026-05-09T10:17:55.000Z</time>
        <extensions>
          <ns3:TrackPointExtension>
            <ns3:hr>120</ns3:hr>
            <ns3:cad>80</ns3:cad>
          </ns3:TrackPointExtension>
        </extensions>
      </trkpt>
      <trkpt lat="31.22041328810155391693115234375" lon="121.4125525765120983123779296875">
        <ele>5.599999904632568359375</ele>
        <time>2026-05-09T10:17:56.000Z</time>
        <extensions>
          <ns3:TrackPointExtension>
            <ns3:hr>120</ns3:hr>
            <ns3:cad>80</ns3:cad>
          </ns3:TrackPointExtension>
        </extensions>
      </trkpt>
      <trkpt lat="31.22041127644479274749755859375" lon="121.41256255097687244415283203125">
        <ele>5.599999904632568359375</ele>
        <time>2026-05-09T10:17:57.000Z</time>
        <extensions>
          <ns3:TrackPointExtension>
            <ns3:hr>121</ns3:hr>
            <ns3:cad>80</ns3:cad>
          </ns3:TrackPointExtension>
        </extensions>
      </trkpt>
      <trkpt lat="31.2204111926257610321044921875" lon="121.41257219016551971435546875">
        <ele>5.599999904632568359375</ele>
        <time>2026-05-09T10:17:58.000Z</time>
        <extensions>
          <ns3:TrackPointExtension>
            <ns3:hr>120</ns3:hr>
            <ns3:cad>0</ns3:cad>
          </ns3:TrackPointExtension>
        </extensions>
      </trkpt>
      <trkpt lat="31.22041161172091960906982421875" lon="121.41258266754448413848876953125">
        <ele>5.400000095367431640625</ele>
        <time>2026-05-09T10:17:59.000Z</time>
        <extensions>
          <ns3:TrackPointExtension>
            <ns3:hr>120</ns3:hr>
            <ns3:cad>0</ns3:cad>
          </ns3:TrackPointExtension>
        </extensions>
      </trkpt>
      <trkpt lat="31.22041127644479274749755859375" lon="121.412592642009258270263671875">
        <ele>5.400000095367431640625</ele>
        <time>2026-05-09T10:18:00.000Z</time>
        <extensions>
          <ns3:TrackPointExtension>
            <ns3:hr>120</ns3:hr>
            <ns3:cad>0</ns3:cad>
          </ns3:TrackPointExtension>
        </extensions>
      </trkpt>
      <trkpt lat="31.220409683883190155029296875" lon="121.41260194592177867889404296875">
        <ele>5.400000095367431640625</ele>
        <time>2026-05-09T10:18:01.000Z</time>
        <extensions>
          <ns3:TrackPointExtension>
            <ns3:hr>120</ns3:hr>
            <ns3:cad>0</ns3:cad>
          </ns3:TrackPointExtension>
        </extensions>
      </trkpt>
      <trkpt lat="31.2204088456928730010986328125" lon="121.4126099087297916412353515625">
        <ele>5.400000095367431640625</ele>
        <time>2026-05-09T10:18:02.000Z</time>
        <extensions>
          <ns3:TrackPointExtension>
            <ns3:hr>120</ns3:hr>
            <ns3:cad>0</ns3:cad>
          </ns3:TrackPointExtension>
        </extensions>
      </trkpt>
      <trkpt lat="31.22040775604546070098876953125" lon="121.41262055374681949615478515625">
        <ele>5.400000095367431640625</ele>
        <time>2026-05-09T10:18:03.000Z</time>
        <extensions>
          <ns3:TrackPointExtension>
            <ns3:hr>120</ns3:hr>
            <ns3:cad>0</ns3:cad>
          </ns3:TrackPointExtension>
        </extensions>
      </trkpt>
      <trkpt lat="31.22040591202676296234130859375" lon="121.4126293547451496124267578125">
        <ele>5.400000095367431640625</ele>
        <time>2026-05-09T10:18:04.000Z</time>
        <extensions>
          <ns3:TrackPointExtension>
            <ns3:hr>120</ns3:hr>
            <ns3:cad>0</ns3:cad>
          </ns3:TrackPointExtension>
        </extensions>
      </trkpt>
      <trkpt lat="31.22040390037000179290771484375" lon="121.41263480298221111297607421875">
        <ele>5.400000095367431640625</ele>
        <time>2026-05-09T10:18:05.000Z</time>
        <extensions>
          <ns3:TrackPointExtension>
            <ns3:hr>121</ns3:hr>
            <ns3:cad>56</ns3:cad>
          </ns3:TrackPointExtension>
        </extensions>
      </trkpt>
      <trkpt lat="31.22040356509387493133544921875" lon="121.41264251433312892913818359375">
        <ele>5.400000095367431640625</ele>
        <time>2026-05-09T10:18:06.000Z</time>
        <extensions>
          <ns3:TrackPointExtension>
            <ns3:hr>121</ns3:hr>
            <ns3:cad>56</ns3:cad>
          </ns3:TrackPointExtension>
        </extensions>
      </trkpt>
      <trkpt lat="31.22040331363677978515625" lon="121.4126494713127613067626953125">
        <ele>5.400000095367431640625</ele>
        <time>2026-05-09T10:18:07.000Z</time>
        <extensions>
          <ns3:TrackPointExtension>
            <ns3:hr>121</ns3:hr>
            <ns3:cad>0</ns3:cad>
          </ns3:TrackPointExtension>
        </extensions>
      </trkpt>
      <trkpt lat="31.22040666639804840087890625" lon="121.4126598648726940155029296875">
        <ele>5.400000095367431640625</ele>
        <time>2026-05-09T10:18:08.000Z</time>
        <extensions>
          <ns3:TrackPointExtension>
            <ns3:hr>120</ns3:hr>
            <ns3:cad>0</ns3:cad>
          </ns3:TrackPointExtension>
        </extensions>
      </trkpt>
      <trkpt lat="31.22041194699704647064208984375" lon="121.41267118044197559356689453125">
        <ele>5.400000095367431640625</ele>
        <time>2026-05-09T10:18:09.000Z</time>
        <extensions>
          <ns3:TrackPointExtension>
            <ns3:hr>119</ns3:hr>
            <ns3:cad>0</ns3:cad>
          </ns3:TrackPointExtension>
        </extensions>
      </trkpt>
      <trkpt lat="31.22041731141507625579833984375" lon="121.41268827952444553375244140625">
        <ele>5.400000095367431640625</ele>
        <time>2026-05-09T10:18:10.000Z</time>
        <extensions>
          <ns3:TrackPointExtension>
            <ns3:hr>117</ns3:hr>
            <ns3:cad>0</ns3:cad>
          </ns3:TrackPointExtension>
        </extensions>
      </trkpt>
      <trkpt lat="31.220424436032772064208984375" lon="121.4127047918736934661865234375">
        <ele>5.400000095367431640625</ele>
        <time>2026-05-09T10:18:11.000Z</time>
        <extensions>
          <ns3:TrackPointExtension>
            <ns3:hr>116</ns3:hr>
            <ns3:cad>0</ns3:cad>
          </ns3:TrackPointExtension>
        </extensions>
      </trkpt>
      <trkpt lat="31.22043080627918243408203125" lon="121.412723064422607421875">
        <ele>5.400000095367431640625</ele>
        <time>2026-05-09T10:18:12.000Z</time>
        <extensions>
          <ns3:TrackPointExtension>
            <ns3:hr>114</ns3:hr>
            <ns3:cad>0</ns3:cad>
          </ns3:TrackPointExtension>
        </extensions>
      </trkpt>
      <trkpt lat="31.220435835421085357666015625" lon="121.41273915767669677734375">
        <ele>5.400000095367431640625</ele>
        <time>2026-05-09T10:18:13.000Z</time>
        <extensions>
          <ns3:TrackPointExtension>
            <ns3:hr>114</ns3:hr>
            <ns3:cad>0</ns3:cad>
          </ns3:TrackPointExtension>
        </extensions>
      </trkpt>
      <trkpt lat="31.220442540943622589111328125" lon="121.4127584360539913177490234375">
        <ele>5.599999904632568359375</ele>
        <time>2026-05-09T10:18:14.000Z</time>
        <extensions>
          <ns3:TrackPointExtension>
            <ns3:hr>113</ns3:hr>
            <ns3:cad>0</ns3:cad>
          </ns3:TrackPointExtension>
        </extensions>
      </trkpt>
      <trkpt lat="31.2204487435519695281982421875" lon="121.41277662478387355804443359375">
        <ele>5.599999904632568359375</ele>
        <time>2026-05-09T10:18:15.000Z</time>
        <extensions>
          <ns3:TrackPointExtension>
            <ns3:hr>113</ns3:hr>
            <ns3:cad>68</ns3:cad>
          </ns3:TrackPointExtension>
        </extensions>
      </trkpt>
      <trkpt lat="31.2204556167125701904296875" lon="121.41279556788504123687744140625">
        <ele>5.599999904632568359375</ele>
        <time>2026-05-09T10:18:16.000Z</time>
        <extensions>
          <ns3:TrackPointExtension>
            <ns3:hr>113</ns3:hr>
            <ns3:cad>68</ns3:cad>
          </ns3:TrackPointExtension>
        </extensions>
      </trkpt>
      <trkpt lat="31.2204624898731708526611328125" lon="121.412811912596225738525390625">
        <ele>5.599999904632568359375</ele>
        <time>2026-05-09T10:18:17.000Z</time>
        <extensions>
          <ns3:TrackPointExtension>
            <ns3:hr>112</ns3:hr>
            <ns3:cad>73</ns3:cad>
          </ns3:TrackPointExtension>
        </extensions>
      </trkpt>
      <trkpt lat="31.22047011740505695343017578125" lon="121.41283228062093257904052734375">
        <ele>5.599999904632568359375</ele>
        <time>2026-05-09T10:18:18.000Z</time>
        <extensions>
          <ns3:TrackPointExtension>
            <ns3:hr>112</ns3:hr>
            <ns3:cad>73</ns3:cad>
          </ns3:TrackPointExtension>
        </extensions>
      </trkpt>
      <trkpt lat="31.2204745598137378692626953125" lon="121.4128486253321170806884765625">
        <ele>5.599999904632568359375</ele>
        <time>2026-05-09T10:18:19.000Z</time>
        <extensions>
          <ns3:TrackPointExtension>
            <ns3:hr>113</ns3:hr>
            <ns3:cad>73</ns3:cad>
          </ns3:TrackPointExtension>
        </extensions>
      </trkpt>
      <trkpt lat="31.22047816403210163116455078125" lon="121.41286547295749187469482421875">
        <ele>5.599999904632568359375</ele>
        <time>2026-05-09T10:18:20.000Z</time>
        <extensions>
          <ns3:TrackPointExtension>
            <ns3:hr>114</ns3:hr>
            <ns3:cad>63</ns3:cad>
          </ns3:TrackPointExtension>
        </extensions>
      </trkpt>
      <trkpt lat="31.2204802595078945159912109375" lon="121.41288408078253269195556640625">
        <ele>5.599999904632568359375</ele>
        <time>2026-05-09T10:18:21.000Z</time>
        <extensions>
          <ns3:TrackPointExtension>
            <ns3:hr>115</ns3:hr>
            <ns3:cad>63</ns3:cad>
          </ns3:TrackPointExtension>
        </extensions>
      </trkpt>
      <trkpt lat="31.22048168443143367767333984375" lon="121.4129062928259372711181640625">
        <ele>5.599999904632568359375</ele>
        <time>2026-05-09T10:18:22.000Z</time>
        <extensions>
          <ns3:TrackPointExtension>
            <ns3:hr>116</ns3:hr>
            <ns3:cad>63</ns3:cad>
          </ns3:TrackPointExtension>
        </extensions>
      </trkpt>
      <trkpt lat="31.2204832769930362701416015625" lon="121.41293521039187908172607421875">
        <ele>5.599999904632568359375</ele>
        <time>2026-05-09T10:18:23.000Z</time>
        <extensions>
          <ns3:TrackPointExtension>
            <ns3:hr>116</ns3:hr>
            <ns3:cad>63</ns3:cad>
          </ns3:TrackPointExtension>
        </extensions>
      </trkpt>
      <trkpt lat="31.2204869650304317474365234375" lon="121.4129575900733470916748046875">
        <ele>5.599999904632568359375</ele>
        <time>2026-05-09T10:18:24.000Z</time>
        <extensions>
          <ns3:TrackPointExtension>
            <ns3:hr>116</ns3:hr>
            <ns3:cad>72</ns3:cad>
          </ns3:TrackPointExtension>
        </extensions>
      </trkpt>
      <trkpt lat="31.22049425728619098663330078125" lon="121.41297946684062480926513671875">
        <ele>5.599999904632568359375</ele>
        <time>2026-05-09T10:18:25.000Z</time>
        <extensions>
          <ns3:TrackPointExtension>
            <ns3:hr>116</ns3:hr>
            <ns3:cad>75</ns3:cad>
          </ns3:TrackPointExtension>
        </extensions>
      </trkpt>
      <trkpt lat="31.22050213627517223358154296875" lon="121.41299664974212646484375">
        <ele>5.80000019073486328125</ele>
        <time>2026-05-09T10:18:26.000Z</time>
        <extensions>
          <ns3:TrackPointExtension>
            <ns3:hr>115</ns3:hr>
            <ns3:cad>75</ns3:cad>
          </ns3:TrackPointExtension>
        </extensions>
      </trkpt>
      <trkpt lat="31.22051118873059749603271484375" lon="121.4130172692239284515380859375">
        <ele>5.80000019073486328125</ele>
        <time>2026-05-09T10:18:27.000Z</time>
        <extensions>
          <ns3:TrackPointExtension>
            <ns3:hr>115</ns3:hr>
            <ns3:cad>75</ns3:cad>
          </ns3:TrackPointExtension>
        </extensions>
      </trkpt>
      <trkpt lat="31.220520325005054473876953125" lon="121.413042247295379638671875">
        <ele>5.80000019073486328125</ele>
        <time>2026-05-09T10:18:28.000Z</time>
        <extensions>
          <ns3:TrackPointExtension>
            <ns3:hr>115</ns3:hr>
            <ns3:cad>78</ns3:cad>
          </ns3:TrackPointExtension>
        </extensions>
      </trkpt>
      <trkpt lat="31.2205288745462894439697265625" lon="121.4130729250609874725341796875">
        <ele>5.80000019073486328125</ele>
        <time>2026-05-09T10:18:29.000Z</time>
        <extensions>
          <ns3:TrackPointExtension>
            <ns3:hr>116</ns3:hr>
            <ns3:cad>78</ns3:cad>
          </ns3:TrackPointExtension>
        </extensions>
      </trkpt>
      <trkpt lat="31.2205355800688266754150390625" lon="121.4130980707705020904541015625">
        <ele>5.80000019073486328125</ele>
        <time>2026-05-09T10:18:30.000Z</time>
        <extensions>
          <ns3:TrackPointExtension>
            <ns3:hr>116</ns3:hr>
            <ns3:cad>76</ns3:cad>
          </ns3:TrackPointExtension>
        </extensions>
      </trkpt>
      <trkpt lat="31.220541112124919891357421875" lon="121.4131242223083972930908203125">
        <ele>5.80000019073486328125</ele>
        <time>2026-05-09T10:18:31.000Z</time>
        <extensions>
          <ns3:TrackPointExtension>
            <ns3:hr>116</ns3:hr>
            <ns3:cad>76</ns3:cad>
          </ns3:TrackPointExtension>
        </extensions>
      </trkpt>
      <trkpt lat="31.2205439619719982147216796875" lon="121.41314744018018245697021484375">
        <ele>5.80000019073486328125</ele>
        <time>2026-05-09T10:18:32.000Z</time>
        <extensions>
          <ns3:TrackPointExtension>
            <ns3:hr>116</ns3:hr>
            <ns3:cad>76</ns3:cad>
          </ns3:TrackPointExtension>
        </extensions>
      </trkpt>
      <trkpt lat="31.22054890729486942291259765625" lon="121.413162611424922943115234375">
        <ele>5.80000019073486328125</ele>
        <time>2026-05-09T10:18:33.000Z</time>
        <extensions>
          <ns3:TrackPointExtension>
            <ns3:hr>116</ns3:hr>
            <ns3:cad>74</ns3:cad>
          </ns3:TrackPointExtension>
        </extensions>
      </trkpt>
      <trkpt lat="31.2205546908080577850341796875" lon="121.41318448819220066070556640625">
        <ele>5.80000019073486328125</ele>
        <time>2026-05-09T10:18:34.000Z</time>
        <extensions>
          <ns3:TrackPointExtension>
            <ns3:hr>116</ns3:hr>
            <ns3:cad>73</ns3:cad>
          </ns3:TrackPointExtension>
        </extensions>
      </trkpt>
      <trkpt lat="31.22056080959737300872802734375" lon="121.413204856216907501220703125">
        <ele>5.80000019073486328125</ele>
        <time>2026-05-09T10:18:35.000Z</time>
        <extensions>
          <ns3:TrackPointExtension>
            <ns3:hr>117</ns3:hr>
            <ns3:cad>73</ns3:cad>
          </ns3:TrackPointExtension>
        </extensions>
      </trkpt>
      <trkpt lat="31.220565922558307647705078125" lon="121.4132261462509632110595703125">
        <ele>5.80000019073486328125</ele>
        <time>2026-05-09T10:18:36.000Z</time>
        <extensions>
          <ns3:TrackPointExtension>
            <ns3:hr>117</ns3:hr>
            <ns3:cad>73</ns3:cad>
          </ns3:TrackPointExtension>
        </extensions>
      </trkpt>
      <trkpt lat="31.2205731309950351715087890625" lon="121.413249783217906951904296875">
        <ele>5.599999904632568359375</ele>
        <time>2026-05-09T10:18:37.000Z</time>
        <extensions>
          <ns3:TrackPointExtension>
            <ns3:hr>117</ns3:hr>
            <ns3:cad>74</ns3:cad>
          </ns3:TrackPointExtension>
        </extensions>
      </trkpt>
      <trkpt lat="31.220583021640777587890625" lon="121.41327735967934131622314453125">
        <ele>5.599999904632568359375</ele>
        <time>2026-05-09T10:18:38.000Z</time>
        <extensions>
          <ns3:TrackPointExtension>
            <ns3:hr>117</ns3:hr>
            <ns3:cad>74</ns3:cad>
          </ns3:TrackPointExtension>
        </extensions>
      </trkpt>
      <trkpt lat="31.220594756305217742919921875" lon="121.41330267302691936492919921875">
        <ele>5.599999904632568359375</ele>
        <time>2026-05-09T10:18:39.000Z</time>
        <extensions>
          <ns3:TrackPointExtension>
            <ns3:hr>117</ns3:hr>
            <ns3:cad>75</ns3:cad>
          </ns3:TrackPointExtension>
        </extensions>
      </trkpt>
      <trkpt lat="31.2206100113689899444580078125" lon="121.41332681290805339813232421875">
        <ele>5.599999904632568359375</ele>
        <time>2026-05-09T10:18:40.000Z</time>
        <extensions>
          <ns3:TrackPointExtension>
            <ns3:hr>117</ns3:hr>
            <ns3:cad>75</ns3:cad>
          </ns3:TrackPointExtension>
        </extensions>
      </trkpt>
      <trkpt lat="31.22061914764344692230224609375" lon="121.4133520424365997314453125">
        <ele>5.599999904632568359375</ele>
        <time>2026-05-09T10:18:41.000Z</time>
        <extensions>
          <ns3:TrackPointExtension>
            <ns3:hr>117</ns3:hr>
            <ns3:cad>79</ns3:cad>
          </ns3:TrackPointExtension>
        </extensions>
      </trkpt>
      <trkpt lat="31.2206287868320941925048828125" lon="121.4133788645267486572265625">
        <ele>5.599999904632568359375</ele>
        <time>2026-05-09T10:18:42.000Z</time>
        <extensions>
          <ns3:TrackPointExtension>
            <ns3:hr>118</ns3:hr>
            <ns3:cad>79</ns3:cad>
          </ns3:TrackPointExtension>
        </extensions>
      </trkpt>
      <trkpt lat="31.2206375040113925933837890625" lon="121.41340660862624645233154296875">
        <ele>5.80000019073486328125</ele>
        <time>2026-05-09T10:18:43.000Z</time>
        <extensions>
          <ns3:TrackPointExtension>
            <ns3:hr>119</ns3:hr>
            <ns3:cad>80</ns3:cad>
          </ns3:TrackPointExtension>
        </extensions>
      </trkpt>
      <trkpt lat="31.2206438742578029632568359375" lon="121.41343443654477596282958984375">
        <ele>5.80000019073486328125</ele>
        <time>2026-05-09T10:18:44.000Z</time>
        <extensions>
          <ns3:TrackPointExtension>
            <ns3:hr>121</ns3:hr>
            <ns3:cad>80</ns3:cad>
          </ns3:TrackPointExtension>
        </extensions>
      </trkpt>
      <trkpt lat="31.22064781375229358673095703125" lon="121.41346268355846405029296875">
        <ele>5.80000019073486328125</ele>
        <time>2026-05-09T10:18:45.000Z</time>
        <extensions>
          <ns3:TrackPointExtension>
            <ns3:hr>121</ns3:hr>
            <ns3:cad>80</ns3:cad>
          </ns3:TrackPointExtension>
        </extensions>
      </trkpt>
      <trkpt lat="31.22065317817032337188720703125" lon="121.4134920202195644378662109375">
        <ele>5.599999904632568359375</ele>
        <time>2026-05-09T10:18:46.000Z</time>
        <extensions>
          <ns3:TrackPointExtension>
            <ns3:hr>122</ns3:hr>
            <ns3:cad>81</ns3:cad>
          </ns3:TrackPointExtension>
        </extensions>
      </trkpt>
      <trkpt lat="31.22065988369286060333251953125" lon="121.41352361999452114105224609375">
        <ele>5.400000095367431640625</ele>
        <time>2026-05-09T10:18:47.000Z</time>
        <extensions>
          <ns3:TrackPointExtension>
            <ns3:hr>123</ns3:hr>
            <ns3:cad>81</ns3:cad>
          </ns3:TrackPointExtension>
        </extensions>
      </trkpt>
      <trkpt lat="31.22066625393927097320556640625" lon="121.41355463303625583648681640625">
        <ele>5</ele>
        <time>2026-05-09T10:18:48.000Z</time>
        <extensions>
          <ns3:TrackPointExtension>
            <ns3:hr>123</ns3:hr>
            <ns3:cad>81</ns3:cad>
          </ns3:TrackPointExtension>
        </extensions>
      </trkpt>
      <trkpt lat="31.220671869814395904541015625" lon="121.41358480788767337799072265625">
        <ele>4.599999904632568359375</ele>
        <time>2026-05-09T10:18:49.000Z</time>
        <extensions>
          <ns3:TrackPointExtension>
            <ns3:hr>122</ns3:hr>
            <ns3:cad>82</ns3:cad>
          </ns3:TrackPointExtension>
        </extensions>
      </trkpt>
      <trkpt lat="31.2206770665943622589111328125" lon="121.4136184193193912506103515625">
        <ele>4</ele>
        <time>2026-05-09T10:18:50.000Z</time>
        <extensions>
          <ns3:TrackPointExtension>
            <ns3:hr>122</ns3:hr>
            <ns3:cad>82</ns3:cad>
          </ns3:TrackPointExtension>
        </extensions>
      </trkpt>
      <trkpt lat="31.2206824310123920440673828125" lon="121.41365253366529941558837890625">
        <ele>3.7999999523162841796875</ele>
        <time>2026-05-09T10:18:51.000Z</time>
        <extensions>
          <ns3:TrackPointExtension>
            <ns3:hr>122</ns3:hr>
            <ns3:cad>82</ns3:cad>
          </ns3:TrackPointExtension>
        </extensions>
      </trkpt>
      <trkpt lat="31.220687292516231536865234375" lon="121.4136841334402561187744140625">
        <ele>3.599999904632568359375</ele>
        <time>2026-05-09T10:18:52.000Z</time>
        <extensions>
          <ns3:TrackPointExtension>
            <ns3:hr>123</ns3:hr>
            <ns3:cad>82</ns3:cad>
          </ns3:TrackPointExtension>
        </extensions>
      </trkpt>
      <trkpt lat="31.22069290839135646820068359375" lon="121.4137179963290691375732421875">
        <ele>3.7999999523162841796875</ele>
        <time>2026-05-09T10:18:53.000Z</time>
        <extensions>
          <ns3:TrackPointExtension>
            <ns3:hr>123</ns3:hr>
            <ns3:cad>82</ns3:cad>
          </ns3:TrackPointExtension>
        </extensions>
      </trkpt>
      <trkpt lat="31.22069844044744968414306640625" lon="121.413753367960453033447265625">
        <ele>4</ele>
        <time>2026-05-09T10:18:54.000Z</time>
        <extensions>
          <ns3:TrackPointExtension>
            <ns3:hr>123</ns3:hr>
            <ns3:cad>83</ns3:cad>
          </ns3:TrackPointExtension>
        </extensions>
      </trkpt>
      <trkpt lat="31.2207042239606380462646484375" lon="121.4137900806963443756103515625">
        <ele>4.400000095367431640625</ele>
        <time>2026-05-09T10:18:55.000Z</time>
        <extensions>
          <ns3:TrackPointExtension>
            <ns3:hr>124</ns3:hr>
            <ns3:cad>83</ns3:cad>
          </ns3:TrackPointExtension>
        </extensions>
      </trkpt>
      <trkpt lat="31.22071000747382640838623046875" lon="121.4138242788612842559814453125">
        <ele>4.599999904632568359375</ele>
        <time>2026-05-09T10:18:56.000Z</time>
        <extensions>
          <ns3:TrackPointExtension>
            <ns3:hr>124</ns3:hr>
            <ns3:cad>82</ns3:cad>
          </ns3:TrackPointExtension>
        </extensions>
      </trkpt>
      <trkpt lat="31.22071520425379276275634765625" lon="121.413860656321048736572265625">
        <ele>4.599999904632568359375</ele>
        <time>2026-05-09T10:18:57.000Z</time>
        <extensions>
          <ns3:TrackPointExtension>
            <ns3:hr>124</ns3:hr>
            <ns3:cad>82</ns3:cad>
          </ns3:TrackPointExtension>
        </extensions>
      </trkpt>
      <trkpt lat="31.22071914374828338623046875" lon="121.41389493830502033233642578125">
        <ele>4.599999904632568359375</ele>
        <time>2026-05-09T10:18:58.000Z</time>
        <extensions>
          <ns3:TrackPointExtension>
            <ns3:hr>126</ns3:hr>
            <ns3:cad>82</ns3:cad>
          </ns3:TrackPointExtension>
        </extensions>
      </trkpt>
      <trkpt lat="31.22072325088083744049072265625" lon="121.41392578370869159698486328125">
        <ele>4.599999904632568359375</ele>
        <time>2026-05-09T10:18:59.000Z</time>
        <extensions>
          <ns3:TrackPointExtension>
            <ns3:hr>126</ns3:hr>
            <ns3:cad>82</ns3:cad>
          </ns3:TrackPointExtension>
        </extensions>
      </trkpt>
      <trkpt lat="31.22072626836597919464111328125" lon="121.41395562328398227691650390625">
        <ele>4.599999904632568359375</ele>
        <time>2026-05-09T10:19:00.000Z</time>
        <extensions>
          <ns3:TrackPointExtension>
            <ns3:hr>127</ns3:hr>
            <ns3:cad>83</ns3:cad>
          </ns3:TrackPointExtension>
        </extensions>
      </trkpt>
      <trkpt lat="31.2207283638417720794677734375" lon="121.413978002965450286865234375">
        <ele>4.80000019073486328125</ele>
        <time>2026-05-09T10:19:01.000Z</time>
        <extensions>
          <ns3:TrackPointExtension>
            <ns3:hr>127</ns3:hr>
            <ns3:cad>82</ns3:cad>
          </ns3:TrackPointExtension>
        </extensions>
      </trkpt>
      <trkpt lat="31.22072895057499408721923828125" lon="121.4139904081821441650390625">
        <ele>4.80000019073486328125</ele>
        <time>2026-05-09T10:19:02.000Z</time>
        <extensions>
          <ns3:TrackPointExtension>
            <ns3:hr>128</ns3:hr>
            <ns3:cad>83</ns3:cad>
          </ns3:TrackPointExtension>
        </extensions>
      </trkpt>
      <trkpt lat="31.22072878293693065643310546875" lon="121.41399686224758625030517578125">
        <ele>4.80000019073486328125</ele>
        <time>2026-05-09T10:19:03.000Z</time>
        <extensions>
          <ns3:TrackPointExtension>
            <ns3:hr>128</ns3:hr>
            <ns3:cad>82</ns3:cad>
          </ns3:TrackPointExtension>
        </extensions>
      </trkpt>
      <trkpt lat="31.2207283638417720794677734375" lon="121.41400314867496490478515625">
        <ele>4.80000019073486328125</ele>
        <time>2026-05-09T10:19:04.000Z</time>
        <extensions>
          <ns3:TrackPointExtension>
            <ns3:hr>128</ns3:hr>
            <ns3:cad>82</ns3:cad>
          </ns3:TrackPointExtension>
        </extensions>
      </trkpt>
      <trkpt lat="31.2207293696701526641845703125" lon="121.414010860025882720947265625">
        <ele>4.599999904632568359375</ele>
        <time>2026-05-09T10:19:05.000Z</time>
        <extensions>
          <ns3:TrackPointExtension>
            <ns3:hr>128</ns3:hr>
            <ns3:cad>82</ns3:cad>
          </ns3:TrackPointExtension>
        </extensions>
      </trkpt>
      <trkpt lat="31.220730878412723541259765625" lon="121.41401647590100765228271484375">
        <ele>4.400000095367431640625</ele>
        <time>2026-05-09T10:19:06.000Z</time>
        <extensions>
          <ns3:TrackPointExtension>
            <ns3:hr>128</ns3:hr>
            <ns3:cad>0</ns3:cad>
          </ns3:TrackPointExtension>
        </extensions>
      </trkpt>
      <trkpt lat="31.2207337282598018646240234375" lon="121.4140237681567668914794921875">
        <ele>4.19999980926513671875</ele>
        <time>2026-05-09T10:19:07.000Z</time>
        <extensions>
          <ns3:TrackPointExtension>
            <ns3:hr>128</ns3:hr>
            <ns3:cad>0</ns3:cad>
          </ns3:TrackPointExtension>
        </extensions>
      </trkpt>
      <trkpt lat="31.22073766775429248809814453125" lon="121.414031647145748138427734375">
        <ele>4</ele>
        <time>2026-05-09T10:19:08.000Z</time>
        <extensions>
          <ns3:TrackPointExtension>
            <ns3:hr>128</ns3:hr>
            <ns3:cad>0</ns3:cad>
          </ns3:TrackPointExtension>
        </extensions>
      </trkpt>
      <trkpt lat="31.22074152342975139617919921875" lon="121.4140398614108562469482421875">
        <ele>4</ele>
        <time>2026-05-09T10:19:09.000Z</time>
        <extensions>
          <ns3:TrackPointExtension>
            <ns3:hr>129</ns3:hr>
            <ns3:cad>0</ns3:cad>
          </ns3:TrackPointExtension>
        </extensions>
      </trkpt>
      <trkpt lat="31.22074521146714687347412109375" lon="121.4140492491424083709716796875">
        <ele>4</ele>
        <time>2026-05-09T10:19:10.000Z</time>
        <extensions>
          <ns3:TrackPointExtension>
            <ns3:hr>129</ns3:hr>
            <ns3:cad>0</ns3:cad>
          </ns3:TrackPointExtension>
        </extensions>
      </trkpt>
      <trkpt lat="31.22074906714260578155517578125" lon="121.41406291164457798004150390625">
        <ele>4</ele>
        <time>2026-05-09T10:19:11.000Z</time>
        <extensions>
          <ns3:TrackPointExtension>
            <ns3:hr>129</ns3:hr>
            <ns3:cad>0</ns3:cad>
          </ns3:TrackPointExtension>
        </extensions>
      </trkpt>
      <trkpt lat="31.220752336084842681884765625" lon="121.4140720479190349578857421875">
        <ele>4</ele>
        <time>2026-05-09T10:19:12.000Z</time>
        <extensions>
          <ns3:TrackPointExtension>
            <ns3:hr>129</ns3:hr>
            <ns3:cad>0</ns3:cad>
          </ns3:TrackPointExtension>
        </extensions>
      </trkpt>
      <trkpt lat="31.2207560241222381591796875" lon="121.41408520750701427459716796875">
        <ele>4.19999980926513671875</ele>
        <time>2026-05-09T10:19:13.000Z</time>
        <extensions>
          <ns3:TrackPointExtension>
            <ns3:hr>129</ns3:hr>
            <ns3:cad>68</ns3:cad>
          </ns3:TrackPointExtension>
        </extensions>
      </trkpt>
      <trkpt lat="31.22075996361672878265380859375" lon="121.41410012729465961456298828125">
        <ele>4.19999980926513671875</ele>
        <time>2026-05-09T10:19:14.000Z</time>
        <extensions>
          <ns3:TrackPointExtension>
            <ns3:hr>129</ns3:hr>
            <ns3:cad>68</ns3:cad>
          </ns3:TrackPointExtension>
        </extensions>
      </trkpt>
      <trkpt lat="31.220763735473155975341796875" lon="121.4141156338155269622802734375">
        <ele>4.400000095367431640625</ele>
        <time>2026-05-09T10:19:15.000Z</time>
        <extensions>
          <ns3:TrackPointExtension>
            <ns3:hr>127</ns3:hr>
            <ns3:cad>65</ns3:cad>
          </ns3:TrackPointExtension>
        </extensions>
      </trkpt>
      <trkpt lat="31.220768429338932037353515625" lon="121.4141370914876461029052734375">
        <ele>4.400000095367431640625</ele>
        <time>2026-05-09T10:19:16.000Z</time>
        <extensions>
          <ns3:TrackPointExtension>
            <ns3:hr>127</ns3:hr>
            <ns3:cad>65</ns3:cad>
          </ns3:TrackPointExtension>
        </extensions>
      </trkpt>
      <trkpt lat="31.220774464309215545654296875" lon="121.41416416503489017486572265625">
        <ele>4.599999904632568359375</ele>
        <time>2026-05-09T10:19:17.000Z</time>
        <extensions>
          <ns3:TrackPointExtension>
            <ns3:hr>126</ns3:hr>
            <ns3:cad>66</ns3:cad>
          </ns3:TrackPointExtension>
        </extensions>
      </trkpt>
      <trkpt lat="31.22078008018434047698974609375" lon="121.41418998129665851593017578125">
        <ele>5</ele>
        <time>2026-05-09T10:19:18.000Z</time>
        <extensions>
          <ns3:TrackPointExtension>
            <ns3:hr>125</ns3:hr>
            <ns3:cad>68</ns3:cad>
          </ns3:TrackPointExtension>
        </extensions>
      </trkpt>
      <trkpt lat="31.22078594751656055450439453125" lon="121.41421931795775890350341796875">
        <ele>5.19999980926513671875</ele>
        <time>2026-05-09T10:19:19.000Z</time>
        <extensions>
          <ns3:TrackPointExtension>
            <ns3:hr>125</ns3:hr>
            <ns3:cad>68</ns3:cad>
          </ns3:TrackPointExtension>
        </extensions>
      </trkpt>
      <trkpt lat="31.2207934074103832244873046875" lon="121.4142520911991596221923828125">
        <ele>5.80000019073486328125</ele>
        <time>2026-05-09T10:19:20.000Z</time>
        <extensions>
          <ns3:TrackPointExtension>
            <ns3:hr>124</ns3:hr>
            <ns3:cad>68</ns3:cad>
          </ns3:TrackPointExtension>
        </extensions>
      </trkpt>
      <trkpt lat="31.2208007834851741790771484375" lon="121.41428553499281406402587890625">
        <ele>6</ele>
        <time>2026-05-09T10:19:21.000Z</time>
        <extensions>
          <ns3:TrackPointExtension>
            <ns3:hr>122</ns3:hr>
            <ns3:cad>75</ns3:cad>
          </ns3:TrackPointExtension>
        </extensions>
      </trkpt>
      <trkpt lat="31.22080706991255283355712890625" lon="121.41431503929197788238525390625">
        <ele>6</ele>
        <time>2026-05-09T10:19:22.000Z</time>
        <extensions>
          <ns3:TrackPointExtension>
            <ns3:hr>121</ns3:hr>
            <ns3:cad>77</ns3:cad>
          </ns3:TrackPointExtension>
        </extensions>
      </trkpt>
      <trkpt lat="31.22081494890153408050537109375" lon="121.4143452979624271392822265625">
        <ele>6</ele>
        <time>2026-05-09T10:19:23.000Z</time>
        <extensions>
          <ns3:TrackPointExtension>
            <ns3:hr>120</ns3:hr>
            <ns3:cad>77</ns3:cad>
          </ns3:TrackPointExtension>
        </extensions>
      </trkpt>
      <trkpt lat="31.22082173824310302734375" lon="121.4143737964332103729248046875">
        <ele>6</ele>
        <time>2026-05-09T10:19:24.000Z</time>
        <extensions>
          <ns3:TrackPointExtension>
            <ns3:hr>120</ns3:hr>
            <ns3:cad>78</ns3:cad>
          </ns3:TrackPointExtension>
        </extensions>
      </trkpt>
      <trkpt lat="31.22082835994660854339599609375" lon="121.4144026301801204681396484375">
        <ele>5.80000019073486328125</ele>
        <time>2026-05-09T10:19:25.000Z</time>
        <extensions>
          <ns3:TrackPointExtension>
            <ns3:hr>120</ns3:hr>
            <ns3:cad>80</ns3:cad>
          </ns3:TrackPointExtension>
        </extensions>
      </trkpt>
      <trkpt lat="31.2208339758217334747314453125" lon="121.4144329726696014404296875">
        <ele>5.80000019073486328125</ele>
        <time>2026-05-09T10:19:26.000Z</time>
        <extensions>
          <ns3:TrackPointExtension>
            <ns3:hr>121</ns3:hr>
            <ns3:cad>80</ns3:cad>
          </ns3:TrackPointExtension>
        </extensions>
      </trkpt>
      <trkpt lat="31.22083875350654125213623046875" lon="121.41446524299681186676025390625">
        <ele>5.80000019073486328125</ele>
        <time>2026-05-09T10:19:27.000Z</time>
        <extensions>
          <ns3:TrackPointExtension>
            <ns3:hr>121</ns3:hr>
            <ns3:cad>80</ns3:cad>
          </ns3:TrackPointExtension>
        </extensions>
      </trkpt>
      <trkpt lat="31.22084227390587329864501953125" lon="121.41449491493403911590576171875">
        <ele>5.80000019073486328125</ele>
        <time>2026-05-09T10:19:28.000Z</time>
        <extensions>
          <ns3:TrackPointExtension>
            <ns3:hr>121</ns3:hr>
            <ns3:cad>80</ns3:cad>
          </ns3:TrackPointExtension>
        </extensions>
      </trkpt>
      <trkpt lat="31.22084545902907848358154296875" lon="121.414522491395473480224609375">
        <ele>5.80000019073486328125</ele>
        <time>2026-05-09T10:19:29.000Z</time>
        <extensions>
          <ns3:TrackPointExtension>
            <ns3:hr>121</ns3:hr>
            <ns3:cad>80</ns3:cad>
          </ns3:TrackPointExtension>
        </extensions>
      </trkpt>
      <trkpt lat="31.22084847651422023773193359375" lon="121.41455124132335186004638671875">
        <ele>5.80000019073486328125</ele>
        <time>2026-05-09T10:19:30.000Z</time>
        <extensions>
          <ns3:TrackPointExtension>
            <ns3:hr>122</ns3:hr>
            <ns3:cad>80</ns3:cad>
          </ns3:TrackPointExtension>
        </extensions>
      </trkpt>
      <trkpt lat="31.22085191309452056884765625" lon="121.41458091326057910919189453125">
        <ele>5.80000019073486328125</ele>
        <time>2026-05-09T10:19:31.000Z</time>
        <extensions>
          <ns3:TrackPointExtension>
            <ns3:hr>123</ns3:hr>
            <ns3:cad>81</ns3:cad>
          </ns3:TrackPointExtension>
        </extensions>
      </trkpt>
      <trkpt lat="31.22085669077932834625244140625" lon="121.4146131835877895355224609375">
        <ele>5.80000019073486328125</ele>
        <time>2026-05-09T10:19:32.000Z</time>
        <extensions>
          <ns3:TrackPointExtension>
            <ns3:hr>123</ns3:hr>
            <ns3:cad>80</ns3:cad>
          </ns3:TrackPointExtension>
        </extensions>
      </trkpt>
      <trkpt lat="31.22086356393992900848388671875" lon="121.41464193351566791534423828125">
        <ele>5.599999904632568359375</ele>
        <time>2026-05-09T10:19:33.000Z</time>
        <extensions>
          <ns3:TrackPointExtension>
            <ns3:hr>124</ns3:hr>
            <ns3:cad>80</ns3:cad>
          </ns3:TrackPointExtension>
        </extensions>
      </trkpt>
      <trkpt lat="31.2208711914718151092529296875" lon="121.41467127017676830291748046875">
        <ele>5.599999904632568359375</ele>
        <time>2026-05-09T10:19:34.000Z</time>
        <extensions>
          <ns3:TrackPointExtension>
            <ns3:hr>126</ns3:hr>
            <ns3:cad>80</ns3:cad>
          </ns3:TrackPointExtension>
        </extensions>
      </trkpt>
      <trkpt lat="31.22087948955595493316650390625" lon="121.41470060683786869049072265625">
        <ele>5.599999904632568359375</ele>
        <time>2026-05-09T10:19:35.000Z</time>
        <extensions>
          <ns3:TrackPointExtension>
            <ns3:hr>126</ns3:hr>
            <ns3:cad>80</ns3:cad>
          </ns3:TrackPointExtension>
        </extensions>
      </trkpt>
      <trkpt lat="31.22088753618299961090087890625" lon="121.414727009832859039306640625">
        <ele>5.80000019073486328125</ele>
        <time>2026-05-09T10:19:36.000Z</time>
        <extensions>
          <ns3:TrackPointExtension>
            <ns3:hr>127</ns3:hr>
            <ns3:cad>81</ns3:cad>
          </ns3:TrackPointExtension>
        </extensions>
      </trkpt>
      <trkpt lat="31.22089575044810771942138671875" lon="121.4147546701133251190185546875">
        <ele>5.80000019073486328125</ele>
        <time>2026-05-09T10:19:37.000Z</time>
        <extensions>
          <ns3:TrackPointExtension>
            <ns3:hr>128</ns3:hr>
            <ns3:cad>82</ns3:cad>
          </ns3:TrackPointExtension>
        </extensions>
      </trkpt>
      <trkpt lat="31.22090446762740612030029296875" lon="121.41478124074637889862060546875">
        <ele>5.80000019073486328125</ele>
        <time>2026-05-09T10:19:38.000Z</time>
        <extensions>
          <ns3:TrackPointExtension>
            <ns3:hr>129</ns3:hr>
            <ns3:cad>82</ns3:cad>
          </ns3:TrackPointExtension>
        </extensions>
      </trkpt>
      <trkpt lat="31.2209131009876728057861328125" lon="121.4148076437413692474365234375">
        <ele>5.80000019073486328125</ele>
        <time>2026-05-09T10:19:39.000Z</time>
        <extensions>
          <ns3:TrackPointExtension>
            <ns3:hr>129</ns3:hr>
            <ns3:cad>82</ns3:cad>
          </ns3:TrackPointExtension>
        </extensions>
      </trkpt>
      <trkpt lat="31.22092089615762233734130859375" lon="121.4148344658315181732177734375">
        <ele>5.80000019073486328125</ele>
        <time>2026-05-09T10:19:40.000Z</time>
        <extensions>
          <ns3:TrackPointExtension>
            <ns3:hr>130</ns3:hr>
            <ns3:cad>81</ns3:cad>
          </ns3:TrackPointExtension>
        </extensions>
      </trkpt>
      <trkpt lat="31.22092626057565212249755859375" lon="121.4148622937500476837158203125">
        <ele>5.80000019073486328125</ele>
        <time>2026-05-09T10:19:41.000Z</time>
        <extensions>
          <ns3:TrackPointExtension>
            <ns3:hr>130</ns3:hr>
            <ns3:cad>81</ns3:cad>
          </ns3:TrackPointExtension>
        </extensions>
      </trkpt>
      <trkpt lat="31.22092902660369873046875" lon="121.4148941449820995330810546875">
        <ele>5.80000019073486328125</ele>
        <time>2026-05-09T10:19:42.000Z</time>
        <extensions>
          <ns3:TrackPointExtension>
            <ns3:hr>130</ns3:hr>
            <ns3:cad>80</ns3:cad>
          </ns3:TrackPointExtension>
        </extensions>
      </trkpt>
      <trkpt lat="31.2209322117269039154052734375" lon="121.41492406837642192840576171875">
        <ele>5.599999904632568359375</ele>
        <time>2026-05-09T10:19:43.000Z</time>
        <extensions>
          <ns3:TrackPointExtension>
            <ns3:hr>130</ns3:hr>
            <ns3:cad>80</ns3:cad>
          </ns3:TrackPointExtension>
        </extensions>
      </trkpt>
      <trkpt lat="31.22093648649752140045166015625" lon="121.41495399177074432373046875">
        <ele>5.599999904632568359375</ele>
        <time>2026-05-09T10:19:44.000Z</time>
        <extensions>
          <ns3:TrackPointExtension>
            <ns3:hr>130</ns3:hr>
            <ns3:cad>80</ns3:cad>
          </ns3:TrackPointExtension>
        </extensions>
      </trkpt>
      <trkpt lat="31.2209389172494411468505859375" lon="121.4149839989840984344482421875">
        <ele>5.400000095367431640625</ele>
        <time>2026-05-09T10:19:45.000Z</time>
        <extensions>
          <ns3:TrackPointExtension>
            <ns3:hr>131</ns3:hr>
            <ns3:cad>80</ns3:cad>
          </ns3:TrackPointExtension>
        </extensions>
      </trkpt>
      <trkpt lat="31.22094201855361461639404296875" lon="121.41501593403518199920654296875">
        <ele>5.19999980926513671875</ele>
        <time>2026-05-09T10:19:46.000Z</time>
        <extensions>
          <ns3:TrackPointExtension>
            <ns3:hr>131</ns3:hr>
            <ns3:cad>80</ns3:cad>
          </ns3:TrackPointExtension>
        </extensions>
      </trkpt>
      <trkpt lat="31.220945455133914947509765625" lon="121.41504460014402866363525390625">
        <ele>5.19999980926513671875</ele>
        <time>2026-05-09T10:19:47.000Z</time>
        <extensions>
          <ns3:TrackPointExtension>
            <ns3:hr>131</ns3:hr>
            <ns3:cad>80</ns3:cad>
          </ns3:TrackPointExtension>
        </extensions>
      </trkpt>
      <trkpt lat="31.2209479697048664093017578125" lon="121.41507242806255817413330078125">
        <ele>5.19999980926513671875</ele>
        <time>2026-05-09T10:19:48.000Z</time>
        <extensions>
          <ns3:TrackPointExtension>
            <ns3:hr>131</ns3:hr>
            <ns3:cad>80</ns3:cad>
          </ns3:TrackPointExtension>
        </extensions>
      </trkpt>
      <trkpt lat="31.2209489755332469940185546875" lon="121.41509908251464366912841796875">
        <ele>5.19999980926513671875</ele>
        <time>2026-05-09T10:19:49.000Z</time>
        <extensions>
          <ns3:TrackPointExtension>
            <ns3:hr>132</ns3:hr>
            <ns3:cad>80</ns3:cad>
          </ns3:TrackPointExtension>
        </extensions>
      </trkpt>
      <trkpt lat="31.220948807895183563232421875" lon="121.415127329528331756591796875">
        <ele>5.19999980926513671875</ele>
        <time>2026-05-09T10:19:50.000Z</time>
        <extensions>
          <ns3:TrackPointExtension>
            <ns3:hr>132</ns3:hr>
            <ns3:cad>80</ns3:cad>
          </ns3:TrackPointExtension>
        </extensions>
      </trkpt>
      <trkpt lat="31.22095358557999134063720703125" lon="121.41515708528459072113037109375">
        <ele>5.19999980926513671875</ele>
        <time>2026-05-09T10:19:51.000Z</time>
        <extensions>
          <ns3:TrackPointExtension>
            <ns3:hr>132</ns3:hr>
            <ns3:cad>79</ns3:cad>
          </ns3:TrackPointExtension>
        </extensions>
      </trkpt>
      <trkpt lat="31.2209610454738140106201171875" lon="121.415188014507293701171875">
        <ele>5.19999980926513671875</ele>
        <time>2026-05-09T10:19:52.000Z</time>
        <extensions>
          <ns3:TrackPointExtension>
            <ns3:hr>132</ns3:hr>
            <ns3:cad>78</ns3:cad>
          </ns3:TrackPointExtension>
        </extensions>
      </trkpt>
      <trkpt lat="31.22096884064376354217529296875" lon="121.41521961428225040435791015625">
        <ele>5</ele>
        <time>2026-05-09T10:19:53.000Z</time>
        <extensions>
          <ns3:TrackPointExtension>
            <ns3:hr>133</ns3:hr>
            <ns3:cad>78</ns3:cad>
          </ns3:TrackPointExtension>
        </extensions>
      </trkpt>
      <trkpt lat="31.22097588144242763519287109375" lon="121.4152537286281585693359375">
        <ele>5</ele>
        <time>2026-05-09T10:19:54.000Z</time>
        <extensions>
          <ns3:TrackPointExtension>
            <ns3:hr>132</ns3:hr>
            <ns3:cad>78</ns3:cad>
          </ns3:TrackPointExtension>
        </extensions>
      </trkpt>
      <trkpt lat="31.22098308987915515899658203125" lon="121.41528767533600330352783203125">
        <ele>5</ele>
        <time>2026-05-09T10:19:55.000Z</time>
        <extensions>
          <ns3:TrackPointExtension>
            <ns3:hr>132</ns3:hr>
            <ns3:cad>78</ns3:cad>
          </ns3:TrackPointExtension>
        </extensions>
      </trkpt>
      <trkpt lat="31.2209908850491046905517578125" lon="121.41532103531062602996826171875">
        <ele>5</ele>
        <time>2026-05-09T10:19:56.000Z</time>
        <extensions>
          <ns3:TrackPointExtension>
            <ns3:hr>132</ns3:hr>
            <ns3:cad>79</ns3:cad>
          </ns3:TrackPointExtension>
        </extensions>
      </trkpt>
      <trkpt lat="31.2209982611238956451416015625" lon="121.41535523347556591033935546875">
        <ele>5</ele>
        <time>2026-05-09T10:19:57.000Z</time>
        <extensions>
          <ns3:TrackPointExtension>
            <ns3:hr>133</ns3:hr>
            <ns3:cad>80</ns3:cad>
          </ns3:TrackPointExtension>
        </extensions>
      </trkpt>
      <trkpt lat="31.221006810665130615234375" lon="121.41538691706955432891845703125">
        <ele>5.19999980926513671875</ele>
        <time>2026-05-09T10:19:58.000Z</time>
        <extensions>
          <ns3:TrackPointExtension>
            <ns3:hr>133</ns3:hr>
            <ns3:cad>81</ns3:cad>
          </ns3:TrackPointExtension>
        </extensions>
      </trkpt>
      <trkpt lat="31.22101460583508014678955078125" lon="121.41542027704417705535888671875">
        <ele>5.19999980926513671875</ele>
        <time>2026-05-09T10:19:59.000Z</time>
        <extensions>
          <ns3:TrackPointExtension>
            <ns3:hr>133</ns3:hr>
            <ns3:cad>82</ns3:cad>
          </ns3:TrackPointExtension>
        </extensions>
      </trkpt>
      <trkpt lat="31.22102248482406139373779296875" lon="121.41545196063816547393798828125">
        <ele>5</ele>
        <time>2026-05-09T10:20:00.000Z</time>
        <extensions>
          <ns3:TrackPointExtension>
            <ns3:hr>134</ns3:hr>
            <ns3:cad>82</ns3:cad>
          </ns3:TrackPointExtension>
        </extensions>
      </trkpt>
      <trkpt lat="31.22103019617497920989990234375" lon="121.41548506915569305419921875">
        <ele>5</ele>
        <time>2026-05-09T10:20:01.000Z</time>
        <extensions>
          <ns3:TrackPointExtension>
            <ns3:hr>134</ns3:hr>
            <ns3:cad>82</ns3:cad>
          </ns3:TrackPointExtension>
        </extensions>
      </trkpt>
      <trkpt lat="31.22103908099234104156494140625" lon="121.4155157469213008880615234375">
        <ele>5</ele>
        <time>2026-05-09T10:20:02.000Z</time>
        <extensions>
          <ns3:TrackPointExtension>
            <ns3:hr>135</ns3:hr>
            <ns3:cad>82</ns3:cad>
          </ns3:TrackPointExtension>
        </extensions>
      </trkpt>
      <trkpt lat="31.2210485525429248809814453125" lon="121.4155469276010990142822265625">
        <ele>5</ele>
        <time>2026-05-09T10:20:03.000Z</time>
        <extensions>
          <ns3:TrackPointExtension>
            <ns3:hr>135</ns3:hr>
            <ns3:cad>83</ns3:cad>
          </ns3:TrackPointExtension>
        </extensions>
      </trkpt>
      <trkpt lat="31.22105710208415985107421875" lon="121.4155782759189605712890625">
        <ele>5</ele>
        <time>2026-05-09T10:20:04.000Z</time>
        <extensions>
          <ns3:TrackPointExtension>
            <ns3:hr>136</ns3:hr>
            <ns3:cad>83</ns3:cad>
          </ns3:TrackPointExtension>
        </extensions>
      </trkpt>
      <trkpt lat="31.2210659869015216827392578125" lon="121.41560987569391727447509765625">
        <ele>5</ele>
        <time>2026-05-09T10:20:05.000Z</time>
        <extensions>
          <ns3:TrackPointExtension>
            <ns3:hr>136</ns3:hr>
            <ns3:cad>83</ns3:cad>
          </ns3:TrackPointExtension>
        </extensions>
      </trkpt>
      <trkpt lat="31.22107361443340778350830078125" lon="121.4156399667263031005859375">
        <ele>5</ele>
        <time>2026-05-09T10:20:06.000Z</time>
        <extensions>
          <ns3:TrackPointExtension>
            <ns3:hr>137</ns3:hr>
            <ns3:cad>82</ns3:cad>
          </ns3:TrackPointExtension>
        </extensions>
      </trkpt>
      <trkpt lat="31.221080236136913299560546875" lon="121.4156696386635303497314453125">
        <ele>5</ele>
        <time>2026-05-09T10:20:07.000Z</time>
        <extensions>
          <ns3:TrackPointExtension>
            <ns3:hr>137</ns3:hr>
            <ns3:cad>82</ns3:cad>
          </ns3:TrackPointExtension>
        </extensions>
      </trkpt>
      <trkpt lat="31.2210861034691333770751953125" lon="121.4156961254775524139404296875">
        <ele>4.80000019073486328125</ele>
        <time>2026-05-09T10:20:08.000Z</time>
        <extensions>
          <ns3:TrackPointExtension>
            <ns3:hr>138</ns3:hr>
            <ns3:cad>82</ns3:cad>
          </ns3:TrackPointExtension>
        </extensions>
      </trkpt>
      <trkpt lat="31.22109205462038516998291015625" lon="121.41572269611060619354248046875">
        <ele>4.80000019073486328125</ele>
        <time>2026-05-09T10:20:09.000Z</time>
        <extensions>
          <ns3:TrackPointExtension>
            <ns3:hr>138</ns3:hr>
            <ns3:cad>82</ns3:cad>
          </ns3:TrackPointExtension>
        </extensions>
      </trkpt>
      <trkpt lat="31.22109808959066867828369140625" lon="121.41574951820075511932373046875">
        <ele>5</ele>
        <time>2026-05-09T10:20:10.000Z</time>
        <extensions>
          <ns3:TrackPointExtension>
            <ns3:hr>138</ns3:hr>
            <ns3:cad>82</ns3:cad>
          </ns3:TrackPointExtension>
        </extensions>
      </trkpt>
      <trkpt lat="31.22110596857964992523193359375" lon="121.41577717848122119903564453125">
        <ele>5</ele>
        <time>2026-05-09T10:20:11.000Z</time>
        <extensions>
          <ns3:TrackPointExtension>
            <ns3:hr>137</ns3:hr>
            <ns3:cad>82</ns3:cad>
          </ns3:TrackPointExtension>
        </extensions>
      </trkpt>
      <trkpt lat="31.22111334465444087982177734375" lon="121.41580785624682903289794921875">
        <ele>5</ele>
        <time>2026-05-09T10:20:12.000Z</time>
        <extensions>
          <ns3:TrackPointExtension>
            <ns3:hr>137</ns3:hr>
            <ns3:cad>81</ns3:cad>
          </ns3:TrackPointExtension>
        </extensions>
      </trkpt>
      <trkpt lat="31.2211199663579463958740234375" lon="121.415839456021785736083984375">
        <ele>5</ele>
        <time>2026-05-09T10:20:13.000Z</time>
        <extensions>
          <ns3:TrackPointExtension>
            <ns3:hr>137</ns3:hr>
            <ns3:cad>80</ns3:cad>
          </ns3:TrackPointExtension>
        </extensions>
      </trkpt>
      <trkpt lat="31.2211260013282299041748046875" lon="121.41587105579674243927001953125">
        <ele>4.80000019073486328125</ele>
        <time>2026-05-09T10:20:14.000Z</time>
        <extensions>
          <ns3:TrackPointExtension>
            <ns3:hr>137</ns3:hr>
            <ns3:cad>80</ns3:cad>
          </ns3:TrackPointExtension>
        </extensions>
      </trkpt>
      <trkpt lat="31.2211317010223865509033203125" lon="121.41590273939073085784912109375">
        <ele>4.80000019073486328125</ele>
        <time>2026-05-09T10:20:15.000Z</time>
        <extensions>
          <ns3:TrackPointExtension>
            <ns3:hr>138</ns3:hr>
            <ns3:cad>80</ns3:cad>
          </ns3:TrackPointExtension>
        </extensions>
      </trkpt>
      <trkpt lat="31.221138574182987213134765625" lon="121.41593358479440212249755859375">
        <ele>4.80000019073486328125</ele>
        <time>2026-05-09T10:20:16.000Z</time>
        <extensions>
          <ns3:TrackPointExtension>
            <ns3:hr>138</ns3:hr>
            <ns3:cad>80</ns3:cad>
          </ns3:TrackPointExtension>
        </extensions>
      </trkpt>
      <trkpt lat="31.22114653699100017547607421875" lon="121.415964849293231964111328125">
        <ele>4.80000019073486328125</ele>
        <time>2026-05-09T10:20:17.000Z</time>
        <extensions>
          <ns3:TrackPointExtension>
            <ns3:hr>138</ns3:hr>
            <ns3:cad>80</ns3:cad>
          </ns3:TrackPointExtension>
        </extensions>
      </trkpt>
      <trkpt lat="31.22115475125610828399658203125" lon="121.41599695198237895965576171875">
        <ele>4.80000019073486328125</ele>
        <time>2026-05-09T10:20:18.000Z</time>
        <extensions>
          <ns3:TrackPointExtension>
            <ns3:hr>138</ns3:hr>
            <ns3:cad>81</ns3:cad>
          </ns3:TrackPointExtension>
        </extensions>
      </trkpt>
      <trkpt lat="31.22116279788315296173095703125" lon="121.416027881205081939697265625">
        <ele>4.80000019073486328125</ele>
        <time>2026-05-09T10:20:19.000Z</time>
        <extensions>
          <ns3:TrackPointExtension>
            <ns3:hr>139</ns3:hr>
            <ns3:cad>82</ns3:cad>
          </ns3:TrackPointExtension>
        </extensions>
      </trkpt>
      <trkpt lat="31.2211715988814830780029296875" lon="121.41605948098003864288330078125">
        <ele>4.80000019073486328125</ele>
        <time>2026-05-09T10:20:20.000Z</time>
        <extensions>
          <ns3:TrackPointExtension>
            <ns3:hr>140</ns3:hr>
            <ns3:cad>82</ns3:cad>
          </ns3:TrackPointExtension>
        </extensions>
      </trkpt>
      <trkpt lat="31.2211803160607814788818359375" lon="121.4160900749266147613525390625">
        <ele>4.80000019073486328125</ele>
        <time>2026-05-09T10:20:21.000Z</time>
        <extensions>
          <ns3:TrackPointExtension>
            <ns3:hr>140</ns3:hr>
            <ns3:cad>83</ns3:cad>
          </ns3:TrackPointExtension>
        </extensions>
      </trkpt>
      <trkpt lat="31.22118987143039703369140625" lon="121.41611899249255657196044921875">
        <ele>4.80000019073486328125</ele>
        <time>2026-05-09T10:20:22.000Z</time>
        <extensions>
          <ns3:TrackPointExtension>
            <ns3:hr>140</ns3:hr>
            <ns3:cad>83</ns3:cad>
          </ns3:TrackPointExtension>
        </extensions>
      </trkpt>
      <trkpt lat="31.221199594438076019287109375" lon="121.41614581458270549774169921875">
        <ele>4.80000019073486328125</ele>
        <time>2026-05-09T10:20:23.000Z</time>
        <extensions>
          <ns3:TrackPointExtension>
            <ns3:hr>140</ns3:hr>
            <ns3:cad>83</ns3:cad>
          </ns3:TrackPointExtension>
        </extensions>
      </trkpt>
      <trkpt lat="31.22120956890285015106201171875" lon="121.41617129556834697723388671875">
        <ele>4.80000019073486328125</ele>
        <time>2026-05-09T10:20:24.000Z</time>
        <extensions>
          <ns3:TrackPointExtension>
            <ns3:hr>141</ns3:hr>
            <ns3:cad>82</ns3:cad>
          </ns3:TrackPointExtension>
        </extensions>
      </trkpt>
      <trkpt lat="31.22121895663440227508544921875" lon="121.416196189820766448974609375">
        <ele>4.80000019073486328125</ele>
        <time>2026-05-09T10:20:25.000Z</time>
        <extensions>
          <ns3:TrackPointExtension>
            <ns3:hr>141</ns3:hr>
            <ns3:cad>82</ns3:cad>
          </ns3:TrackPointExtension>
        </extensions>
      </trkpt>
      <trkpt lat="31.2212272547185420989990234375" lon="121.41622393392026424407958984375">
        <ele>4.599999904632568359375</ele>
        <time>2026-05-09T10:20:26.000Z</time>
        <extensions>
          <ns3:TrackPointExtension>
            <ns3:hr>141</ns3:hr>
            <ns3:cad>82</ns3:cad>
          </ns3:TrackPointExtension>
        </extensions>
      </trkpt>
      <trkpt lat="31.22123622335493564605712890625" lon="121.4162510074675083160400390625">
        <ele>4.80000019073486328125</ele>
        <time>2026-05-09T10:20:27.000Z</time>
        <extensions>
          <ns3:TrackPointExtension>
            <ns3:hr>141</ns3:hr>
            <ns3:cad>82</ns3:cad>
          </ns3:TrackPointExtension>
        </extensions>
      </trkpt>
      <trkpt lat="31.2212455272674560546875" lon="121.41627774573862552642822265625">
        <ele>4.80000019073486328125</ele>
        <time>2026-05-09T10:20:28.000Z</time>
        <extensions>
          <ns3:TrackPointExtension>
            <ns3:hr>141</ns3:hr>
            <ns3:cad>81</ns3:cad>
          </ns3:TrackPointExtension>
        </extensions>
      </trkpt>
      <trkpt lat="31.221256256103515625" lon="121.41630540601909160614013671875">
        <ele>4.80000019073486328125</ele>
        <time>2026-05-09T10:20:29.000Z</time>
        <extensions>
          <ns3:TrackPointExtension>
            <ns3:hr>141</ns3:hr>
            <ns3:cad>80</ns3:cad>
          </ns3:TrackPointExtension>
        </extensions>
      </trkpt>
      <trkpt lat="31.22126623056828975677490234375" lon="121.4163341559469699859619140625">
        <ele>4.80000019073486328125</ele>
        <time>2026-05-09T10:20:30.000Z</time>
        <extensions>
          <ns3:TrackPointExtension>
            <ns3:hr>141</ns3:hr>
            <ns3:cad>80</ns3:cad>
          </ns3:TrackPointExtension>
        </extensions>
      </trkpt>
      <trkpt lat="31.2212751992046833038330078125" lon="121.41636257059872150421142578125">
        <ele>4.80000019073486328125</ele>
        <time>2026-05-09T10:20:31.000Z</time>
        <extensions>
          <ns3:TrackPointExtension>
            <ns3:hr>141</ns3:hr>
            <ns3:cad>80</ns3:cad>
          </ns3:TrackPointExtension>
        </extensions>
      </trkpt>
      <trkpt lat="31.2212829105556011199951171875" lon="121.41639023087918758392333984375">
        <ele>4.80000019073486328125</ele>
        <time>2026-05-09T10:20:32.000Z</time>
        <extensions>
          <ns3:TrackPointExtension>
            <ns3:hr>141</ns3:hr>
            <ns3:cad>80</ns3:cad>
          </ns3:TrackPointExtension>
        </extensions>
      </trkpt>
      <trkpt lat="31.221290789544582366943359375" lon="121.4164179749786853790283203125">
        <ele>5</ele>
        <time>2026-05-09T10:20:33.000Z</time>
        <extensions>
          <ns3:TrackPointExtension>
            <ns3:hr>141</ns3:hr>
            <ns3:cad>81</ns3:cad>
          </ns3:TrackPointExtension>
        </extensions>
      </trkpt>
      <trkpt lat="31.221296489238739013671875" lon="121.4164451323449611663818359375">
        <ele>5</ele>
        <time>2026-05-09T10:20:34.000Z</time>
        <extensions>
          <ns3:TrackPointExtension>
            <ns3:hr>141</ns3:hr>
            <ns3:cad>82</ns3:cad>
          </ns3:TrackPointExtension>
        </extensions>
      </trkpt>
      <trkpt lat="31.221301518380641937255859375" lon="121.41647404991090297698974609375">
        <ele>5</ele>
        <time>2026-05-09T10:20:35.000Z</time>
        <extensions>
          <ns3:TrackPointExtension>
            <ns3:hr>142</ns3:hr>
            <ns3:cad>82</ns3:cad>
          </ns3:TrackPointExtension>
        </extensions>
      </trkpt>
      <trkpt lat="31.22130922973155975341796875" lon="121.41650338657200336456298828125">
        <ele>5</ele>
        <time>2026-05-09T10:20:36.000Z</time>
        <extensions>
          <ns3:TrackPointExtension>
            <ns3:hr>142</ns3:hr>
            <ns3:cad>82</ns3:cad>
          </ns3:TrackPointExtension>
        </extensions>
      </trkpt>
      <trkpt lat="31.22131719253957271575927734375" lon="121.41653113067150115966796875">
        <ele>5</ele>
        <time>2026-05-09T10:20:37.000Z</time>
        <extensions>
          <ns3:TrackPointExtension>
            <ns3:hr>142</ns3:hr>
            <ns3:cad>82</ns3:cad>
          </ns3:TrackPointExtension>
        </extensions>
      </trkpt>
      <trkpt lat="31.221324987709522247314453125" lon="121.41655887477099895477294921875">
        <ele>5</ele>
        <time>2026-05-09T10:20:38.000Z</time>
        <extensions>
          <ns3:TrackPointExtension>
            <ns3:hr>142</ns3:hr>
            <ns3:cad>82</ns3:cad>
          </ns3:TrackPointExtension>
        </extensions>
      </trkpt>
      <trkpt lat="31.2213352136313915252685546875" lon="121.41658452339470386505126953125">
        <ele>5</ele>
        <time>2026-05-09T10:20:39.000Z</time>
        <extensions>
          <ns3:TrackPointExtension>
            <ns3:hr>142</ns3:hr>
            <ns3:cad>82</ns3:cad>
          </ns3:TrackPointExtension>
        </extensions>
      </trkpt>
      <trkpt lat="31.221346445381641387939453125" lon="121.41661226749420166015625">
        <ele>5</ele>
        <time>2026-05-09T10:20:40.000Z</time>
        <extensions>
          <ns3:TrackPointExtension>
            <ns3:hr>142</ns3:hr>
            <ns3:cad>81</ns3:cad>
          </ns3:TrackPointExtension>
        </extensions>
      </trkpt>
      <trkpt lat="31.22135759331285953521728515625" lon="121.41664135269820690155029296875">
        <ele>5</ele>
        <time>2026-05-09T10:20:41.000Z</time>
        <extensions>
          <ns3:TrackPointExtension>
            <ns3:hr>142</ns3:hr>
            <ns3:cad>81</ns3:cad>
          </ns3:TrackPointExtension>
        </extensions>
      </trkpt>
      <trkpt lat="31.22136966325342655181884765625" lon="121.4166699349880218505859375">
        <ele>5.19999980926513671875</ele>
        <time>2026-05-09T10:20:42.000Z</time>
        <extensions>
          <ns3:TrackPointExtension>
            <ns3:hr>142</ns3:hr>
            <ns3:cad>81</ns3:cad>
          </ns3:TrackPointExtension>
        </extensions>
      </trkpt>
      <trkpt lat="31.22138164937496185302734375" lon="121.4166989363729953765869140625">
        <ele>5.19999980926513671875</ele>
        <time>2026-05-09T10:20:43.000Z</time>
        <extensions>
          <ns3:TrackPointExtension>
            <ns3:hr>143</ns3:hr>
            <ns3:cad>80</ns3:cad>
          </ns3:TrackPointExtension>
        </extensions>
      </trkpt>
      <trkpt lat="31.221395395696163177490234375" lon="121.416727937757968902587890625">
        <ele>5.19999980926513671875</ele>
        <time>2026-05-09T10:20:44.000Z</time>
        <extensions>
          <ns3:TrackPointExtension>
            <ns3:hr>143</ns3:hr>
            <ns3:cad>80</ns3:cad>
          </ns3:TrackPointExtension>
        </extensions>
      </trkpt>
      <trkpt lat="31.2214104831218719482421875" lon="121.41675752587616443634033203125">
        <ele>5.400000095367431640625</ele>
        <time>2026-05-09T10:20:45.000Z</time>
        <extensions>
          <ns3:TrackPointExtension>
            <ns3:hr>143</ns3:hr>
            <ns3:cad>80</ns3:cad>
          </ns3:TrackPointExtension>
        </extensions>
      </trkpt>
      <trkpt lat="31.2214238941669464111328125" lon="121.41678786836564540863037109375">
        <ele>5.400000095367431640625</ele>
        <time>2026-05-09T10:20:46.000Z</time>
        <extensions>
          <ns3:TrackPointExtension>
            <ns3:hr>143</ns3:hr>
            <ns3:cad>81</ns3:cad>
          </ns3:TrackPointExtension>
        </extensions>
      </trkpt>
      <trkpt lat="31.22143621556460857391357421875" lon="121.41681871376931667327880859375">
        <ele>5.400000095367431640625</ele>
        <time>2026-05-09T10:20:47.000Z</time>
        <extensions>
          <ns3:TrackPointExtension>
            <ns3:hr>143</ns3:hr>
            <ns3:cad>81</ns3:cad>
          </ns3:TrackPointExtension>
        </extensions>
      </trkpt>
      <trkpt lat="31.22144761495292186737060546875" lon="121.416849307715892791748046875">
        <ele>5.400000095367431640625</ele>
        <time>2026-05-09T10:20:48.000Z</time>
        <extensions>
          <ns3:TrackPointExtension>
            <ns3:hr>142</ns3:hr>
            <ns3:cad>82</ns3:cad>
          </ns3:TrackPointExtension>
        </extensions>
      </trkpt>
      <trkpt lat="31.22145884670317173004150390625" lon="121.41687973402440547943115234375">
        <ele>5.400000095367431640625</ele>
        <time>2026-05-09T10:20:49.000Z</time>
        <extensions>
          <ns3:TrackPointExtension>
            <ns3:hr>143</ns3:hr>
            <ns3:cad>82</ns3:cad>
          </ns3:TrackPointExtension>
        </extensions>
      </trkpt>
      <trkpt lat="31.22147141955792903900146484375" lon="121.41690856777131557464599609375">
        <ele>5.400000095367431640625</ele>
        <time>2026-05-09T10:20:50.000Z</time>
        <extensions>
          <ns3:TrackPointExtension>
            <ns3:hr>143</ns3:hr>
            <ns3:cad>82</ns3:cad>
          </ns3:TrackPointExtension>
        </extensions>
      </trkpt>
      <trkpt lat="31.22148466296494007110595703125" lon="121.416935808956623077392578125">
        <ele>5.400000095367431640625</ele>
        <time>2026-05-09T10:20:51.000Z</time>
        <extensions>
          <ns3:TrackPointExtension>
            <ns3:hr>144</ns3:hr>
            <ns3:cad>82</ns3:cad>
          </ns3:TrackPointExtension>
        </extensions>
      </trkpt>
      <trkpt lat="31.22149857692420482635498046875" lon="121.4169627986848354339599609375">
        <ele>5.400000095367431640625</ele>
        <time>2026-05-09T10:20:52.000Z</time>
        <extensions>
          <ns3:TrackPointExtension>
            <ns3:hr>144</ns3:hr>
            <ns3:cad>82</ns3:cad>
          </ns3:TrackPointExtension>
        </extensions>
      </trkpt>
      <trkpt lat="31.22151114977896213531494140625" lon="121.41699121333658695220947265625">
        <ele>5.599999904632568359375</ele>
        <time>2026-05-09T10:20:53.000Z</time>
        <extensions>
          <ns3:TrackPointExtension>
            <ns3:hr>144</ns3:hr>
            <ns3:cad>82</ns3:cad>
          </ns3:TrackPointExtension>
        </extensions>
      </trkpt>
      <trkpt lat="31.22152246534824371337890625" lon="121.41702138818800449371337890625">
        <ele>5.599999904632568359375</ele>
        <time>2026-05-09T10:20:54.000Z</time>
        <extensions>
          <ns3:TrackPointExtension>
            <ns3:hr>144</ns3:hr>
            <ns3:cad>82</ns3:cad>
          </ns3:TrackPointExtension>
        </extensions>
      </trkpt>
      <trkpt lat="31.22153294272720813751220703125" lon="121.417049802839756011962890625">
        <ele>5.599999904632568359375</ele>
        <time>2026-05-09T10:20:55.000Z</time>
        <extensions>
          <ns3:TrackPointExtension>
            <ns3:hr>145</ns3:hr>
            <ns3:cad>82</ns3:cad>
          </ns3:TrackPointExtension>
        </extensions>
      </trkpt>
      <trkpt lat="31.22154300101101398468017578125" lon="121.41707687638700008392333984375">
        <ele>5.599999904632568359375</ele>
        <time>2026-05-09T10:20:56.000Z</time>
        <extensions>
          <ns3:TrackPointExtension>
            <ns3:hr>144</ns3:hr>
            <ns3:cad>82</ns3:cad>
          </ns3:TrackPointExtension>
        </extensions>
      </trkpt>
      <trkpt lat="31.221552975475788116455078125" lon="121.41710503958165645599365234375">
        <ele>5.599999904632568359375</ele>
        <time>2026-05-09T10:20:57.000Z</time>
        <extensions>
          <ns3:TrackPointExtension>
            <ns3:hr>144</ns3:hr>
            <ns3:cad>82</ns3:cad>
          </ns3:TrackPointExtension>
        </extensions>
      </trkpt>
      <trkpt lat="31.22156445868313312530517578125" lon="121.41713269986212253570556640625">
        <ele>5.599999904632568359375</ele>
        <time>2026-05-09T10:20:58.000Z</time>
        <extensions>
          <ns3:TrackPointExtension>
            <ns3:hr>145</ns3:hr>
            <ns3:cad>83</ns3:cad>
          </ns3:TrackPointExtension>
        </extensions>
      </trkpt>
      <trkpt lat="31.2215767800807952880859375" lon="121.4171616174280643463134765625">
        <ele>5.400000095367431640625</ele>
        <time>2026-05-09T10:20:59.000Z</time>
        <extensions>
          <ns3:TrackPointExtension>
            <ns3:hr>145</ns3:hr>
            <ns3:cad>83</ns3:cad>
          </ns3:TrackPointExtension>
        </extensions>
      </trkpt>
      <trkpt lat="31.22158817946910858154296875" lon="121.4171864278614521026611328125">
        <ele>5.400000095367431640625</ele>
        <time>2026-05-09T10:21:00.000Z</time>
        <extensions>
          <ns3:TrackPointExtension>
            <ns3:hr>145</ns3:hr>
            <ns3:cad>83</ns3:cad>
          </ns3:TrackPointExtension>
        </extensions>
      </trkpt>
      <trkpt lat="31.2215987406671047210693359375" lon="121.41721417196094989776611328125">
        <ele>5.599999904632568359375</ele>
        <time>2026-05-09T10:21:01.000Z</time>
        <extensions>
          <ns3:TrackPointExtension>
            <ns3:hr>145</ns3:hr>
            <ns3:cad>82</ns3:cad>
          </ns3:TrackPointExtension>
        </extensions>
      </trkpt>
      <trkpt lat="31.2216077931225299835205078125" lon="121.4172440953552722930908203125">
        <ele>5.599999904632568359375</ele>
        <time>2026-05-09T10:21:02.000Z</time>
        <extensions>
          <ns3:TrackPointExtension>
            <ns3:hr>145</ns3:hr>
            <ns3:cad>82</ns3:cad>
          </ns3:TrackPointExtension>
        </extensions>
      </trkpt>
      <trkpt lat="31.22161676175892353057861328125" lon="121.41727217473089694976806640625">
        <ele>5.80000019073486328125</ele>
        <time>2026-05-09T10:21:03.000Z</time>
        <extensions>
          <ns3:TrackPointExtension>
            <ns3:hr>146</ns3:hr>
            <ns3:cad>82</ns3:cad>
          </ns3:TrackPointExtension>
        </extensions>
      </trkpt>
      <trkpt lat="31.22162614949047565460205078125" lon="121.4173010922968387603759765625">
        <ele>5.80000019073486328125</ele>
        <time>2026-05-09T10:21:04.000Z</time>
        <extensions>
          <ns3:TrackPointExtension>
            <ns3:hr>146</ns3:hr>
            <ns3:cad>82</ns3:cad>
          </ns3:TrackPointExtension>
        </extensions>
      </trkpt>
      <trkpt lat="31.22163620777428150177001953125" lon="121.4173289202153682708740234375">
        <ele>5.599999904632568359375</ele>
        <time>2026-05-09T10:21:05.000Z</time>
        <extensions>
          <ns3:TrackPointExtension>
            <ns3:hr>146</ns3:hr>
            <ns3:cad>82</ns3:cad>
          </ns3:TrackPointExtension>
        </extensions>
      </trkpt>
      <trkpt lat="31.2216463498771190643310546875" lon="121.41735767014324665069580078125">
        <ele>5.599999904632568359375</ele>
        <time>2026-05-09T10:21:06.000Z</time>
        <extensions>
          <ns3:TrackPointExtension>
            <ns3:hr>146</ns3:hr>
            <ns3:cad>82</ns3:cad>
          </ns3:TrackPointExtension>
        </extensions>
      </trkpt>
      <trkpt lat="31.22165791690349578857421875" lon="121.4173879288136959075927734375">
        <ele>5.400000095367431640625</ele>
        <time>2026-05-09T10:21:07.000Z</time>
        <extensions>
          <ns3:TrackPointExtension>
            <ns3:hr>145</ns3:hr>
            <ns3:cad>81</ns3:cad>
          </ns3:TrackPointExtension>
        </extensions>
      </trkpt>
      <trkpt lat="31.22166973538696765899658203125" lon="121.41741768456995487213134765625">
        <ele>5.400000095367431640625</ele>
        <time>2026-05-09T10:21:08.000Z</time>
        <extensions>
          <ns3:TrackPointExtension>
            <ns3:hr>145</ns3:hr>
            <ns3:cad>81</ns3:cad>
          </ns3:TrackPointExtension>
        </extensions>
      </trkpt>
      <trkpt lat="31.22168214060366153717041015625" lon="121.41744735650718212127685546875">
        <ele>5.19999980926513671875</ele>
        <time>2026-05-09T10:21:09.000Z</time>
        <extensions>
          <ns3:TrackPointExtension>
            <ns3:hr>145</ns3:hr>
            <ns3:cad>81</ns3:cad>
          </ns3:TrackPointExtension>
        </extensions>
      </trkpt>
      <trkpt lat="31.22169320471584796905517578125" lon="121.41747753135859966278076171875">
        <ele>5.19999980926513671875</ele>
        <time>2026-05-09T10:21:10.000Z</time>
        <extensions>
          <ns3:TrackPointExtension>
            <ns3:hr>145</ns3:hr>
            <ns3:cad>80</ns3:cad>
          </ns3:TrackPointExtension>
        </extensions>
      </trkpt>
      <trkpt lat="31.22170309536159038543701171875" lon="121.41750770621001720428466796875">
        <ele>5.19999980926513671875</ele>
        <time>2026-05-09T10:21:11.000Z</time>
        <extensions>
          <ns3:TrackPointExtension>
            <ns3:hr>145</ns3:hr>
            <ns3:cad>80</ns3:cad>
          </ns3:TrackPointExtension>
        </extensions>
      </trkpt>
      <trkpt lat="31.2217134051024913787841796875" lon="121.41753603704273700714111328125">
        <ele>5.19999980926513671875</ele>
        <time>2026-05-09T10:21:12.000Z</time>
        <extensions>
          <ns3:TrackPointExtension>
            <ns3:hr>145</ns3:hr>
            <ns3:cad>80</ns3:cad>
          </ns3:TrackPointExtension>
        </extensions>
      </trkpt>
      <trkpt lat="31.22172363102436065673828125" lon="121.41756621189415454864501953125">
        <ele>5.19999980926513671875</ele>
        <time>2026-05-09T10:21:13.000Z</time>
        <extensions>
          <ns3:TrackPointExtension>
            <ns3:hr>144</ns3:hr>
            <ns3:cad>81</ns3:cad>
          </ns3:TrackPointExtension>
        </extensions>
      </trkpt>
      <trkpt lat="31.22173410840332508087158203125" lon="121.4175974763929843902587890625">
        <ele>5.19999980926513671875</ele>
        <time>2026-05-09T10:21:14.000Z</time>
        <extensions>
          <ns3:TrackPointExtension>
            <ns3:hr>145</ns3:hr>
            <ns3:cad>81</ns3:cad>
          </ns3:TrackPointExtension>
        </extensions>
      </trkpt>
      <trkpt lat="31.22174450196325778961181640625" lon="121.41762790270149707794189453125">
        <ele>5.19999980926513671875</ele>
        <time>2026-05-09T10:21:15.000Z</time>
        <extensions>
          <ns3:TrackPointExtension>
            <ns3:hr>144</ns3:hr>
            <ns3:cad>81</ns3:cad>
          </ns3:TrackPointExtension>
        </extensions>
      </trkpt>
      <trkpt lat="31.2217539735138416290283203125" lon="121.41765807755291461944580078125">
        <ele>5.19999980926513671875</ele>
        <time>2026-05-09T10:21:16.000Z</time>
        <extensions>
          <ns3:TrackPointExtension>
            <ns3:hr>144</ns3:hr>
            <ns3:cad>81</ns3:cad>
          </ns3:TrackPointExtension>
        </extensions>
      </trkpt>
      <trkpt lat="31.2217620201408863067626953125" lon="121.41768758185207843780517578125">
        <ele>5.19999980926513671875</ele>
        <time>2026-05-09T10:21:17.000Z</time>
        <extensions>
          <ns3:TrackPointExtension>
            <ns3:hr>144</ns3:hr>
            <ns3:cad>81</ns3:cad>
          </ns3:TrackPointExtension>
        </extensions>
      </trkpt>
      <trkpt lat="31.221768893301486968994140625" lon="121.41771725378930568695068359375">
        <ele>5.400000095367431640625</ele>
        <time>2026-05-09T10:21:18.000Z</time>
        <extensions>
          <ns3:TrackPointExtension>
            <ns3:hr>144</ns3:hr>
            <ns3:cad>81</ns3:cad>
          </ns3:TrackPointExtension>
        </extensions>
      </trkpt>
      <trkpt lat="31.22177517972886562347412109375" lon="121.4177460037171840667724609375">
        <ele>5.400000095367431640625</ele>
        <time>2026-05-09T10:21:19.000Z</time>
        <extensions>
          <ns3:TrackPointExtension>
            <ns3:hr>144</ns3:hr>
            <ns3:cad>81</ns3:cad>
          </ns3:TrackPointExtension>
        </extensions>
      </trkpt>
      <trkpt lat="31.22178305871784687042236328125" lon="121.41777257435023784637451171875">
        <ele>5.400000095367431640625</ele>
        <time>2026-05-09T10:21:20.000Z</time>
        <extensions>
          <ns3:TrackPointExtension>
            <ns3:hr>144</ns3:hr>
            <ns3:cad>81</ns3:cad>
          </ns3:TrackPointExtension>
        </extensions>
      </trkpt>
      <trkpt lat="31.22179093770682811737060546875" lon="121.4177969656884670257568359375">
        <ele>5.400000095367431640625</ele>
        <time>2026-05-09T10:21:21.000Z</time>
        <extensions>
          <ns3:TrackPointExtension>
            <ns3:hr>144</ns3:hr>
            <ns3:cad>81</ns3:cad>
          </ns3:TrackPointExtension>
        </extensions>
      </trkpt>
      <trkpt lat="31.2217999063432216644287109375" lon="121.417822279036045074462890625">
        <ele>5.19999980926513671875</ele>
        <time>2026-05-09T10:21:22.000Z</time>
        <extensions>
          <ns3:TrackPointExtension>
            <ns3:hr>144</ns3:hr>
            <ns3:cad>81</ns3:cad>
          </ns3:TrackPointExtension>
        </extensions>
      </trkpt>
      <trkpt lat="31.2218096293509006500244140625" lon="121.41784851439297199249267578125">
        <ele>5.19999980926513671875</ele>
        <time>2026-05-09T10:21:23.000Z</time>
        <extensions>
          <ns3:TrackPointExtension>
            <ns3:hr>144</ns3:hr>
            <ns3:cad>81</ns3:cad>
          </ns3:TrackPointExtension>
        </extensions>
      </trkpt>
      <trkpt lat="31.22181960381567478179931640625" lon="121.4178727380931377410888671875">
        <ele>5.19999980926513671875</ele>
        <time>2026-05-09T10:21:24.000Z</time>
        <extensions>
          <ns3:TrackPointExtension>
            <ns3:hr>144</ns3:hr>
            <ns3:cad>80</ns3:cad>
          </ns3:TrackPointExtension>
        </extensions>
      </trkpt>
      <trkpt lat="31.22182798571884632110595703125" lon="121.41789662651717662811279296875">
        <ele>5.19999980926513671875</ele>
        <time>2026-05-09T10:21:25.000Z</time>
        <extensions>
          <ns3:TrackPointExtension>
            <ns3:hr>144</ns3:hr>
            <ns3:cad>80</ns3:cad>
          </ns3:TrackPointExtension>
        </extensions>
      </trkpt>
      <trkpt lat="31.22183687053620815277099609375" lon="121.41792126931250095367431640625">
        <ele>5.19999980926513671875</ele>
        <time>2026-05-09T10:21:26.000Z</time>
        <extensions>
          <ns3:TrackPointExtension>
            <ns3:hr>144</ns3:hr>
            <ns3:cad>81</ns3:cad>
          </ns3:TrackPointExtension>
        </extensions>
      </trkpt>
      <trkpt lat="31.2218465097248554229736328125" lon="121.417947672307491302490234375">
        <ele>5.19999980926513671875</ele>
        <time>2026-05-09T10:21:27.000Z</time>
        <extensions>
          <ns3:TrackPointExtension>
            <ns3:hr>145</ns3:hr>
            <ns3:cad>81</ns3:cad>
          </ns3:TrackPointExtension>
        </extensions>
      </trkpt>
      <trkpt lat="31.2218612618744373321533203125" lon="121.41797239892184734344482421875">
        <ele>5.19999980926513671875</ele>
        <time>2026-05-09T10:21:28.000Z</time>
        <extensions>
          <ns3:TrackPointExtension>
            <ns3:hr>145</ns3:hr>
            <ns3:cad>81</ns3:cad>
          </ns3:TrackPointExtension>
        </extensions>
      </trkpt>
      <trkpt lat="31.22187492437660694122314453125" lon="121.41799419187009334564208984375">
        <ele>5.19999980926513671875</ele>
        <time>2026-05-09T10:21:29.000Z</time>
        <extensions>
          <ns3:TrackPointExtension>
            <ns3:hr>145</ns3:hr>
            <ns3:cad>81</ns3:cad>
          </ns3:TrackPointExtension>
        </extensions>
      </trkpt>
      <trkpt lat="31.221890263259410858154296875" lon="121.41801766119897365570068359375">
        <ele>5.19999980926513671875</ele>
        <time>2026-05-09T10:21:30.000Z</time>
        <extensions>
          <ns3:TrackPointExtension>
            <ns3:hr>145</ns3:hr>
            <ns3:cad>80</ns3:cad>
          </ns3:TrackPointExtension>
        </extensions>
      </trkpt>
      <trkpt lat="31.22190560214221477508544921875" lon="121.41803987324237823486328125">
        <ele>5.19999980926513671875</ele>
        <time>2026-05-09T10:21:31.000Z</time>
        <extensions>
          <ns3:TrackPointExtension>
            <ns3:hr>145</ns3:hr>
            <ns3:cad>80</ns3:cad>
          </ns3:TrackPointExtension>
        </extensions>
      </trkpt>
      <trkpt lat="31.221919767558574676513671875" lon="121.41806535422801971435546875">
        <ele>5.19999980926513671875</ele>
        <time>2026-05-09T10:21:32.000Z</time>
        <extensions>
          <ns3:TrackPointExtension>
            <ns3:hr>145</ns3:hr>
            <ns3:cad>79</ns3:cad>
          </ns3:TrackPointExtension>
        </extensions>
      </trkpt>
      <trkpt lat="31.22193259187042713165283203125" lon="121.41808857209980487823486328125">
        <ele>5.19999980926513671875</ele>
        <time>2026-05-09T10:21:33.000Z</time>
        <extensions>
          <ns3:TrackPointExtension>
            <ns3:hr>145</ns3:hr>
            <ns3:cad>79</ns3:cad>
          </ns3:TrackPointExtension>
        </extensions>
      </trkpt>
      <trkpt lat="31.221944577991962432861328125" lon="121.418111622333526611328125">
        <ele>5.400000095367431640625</ele>
        <time>2026-05-09T10:21:34.000Z</time>
        <extensions>
          <ns3:TrackPointExtension>
            <ns3:hr>146</ns3:hr>
            <ns3:cad>79</ns3:cad>
          </ns3:TrackPointExtension>
        </extensions>
      </trkpt>
      <trkpt lat="31.22195656411349773406982421875" lon="121.4181344211101531982421875">
        <ele>5.400000095367431640625</ele>
        <time>2026-05-09T10:21:35.000Z</time>
        <extensions>
          <ns3:TrackPointExtension>
            <ns3:hr>146</ns3:hr>
            <ns3:cad>80</ns3:cad>
          </ns3:TrackPointExtension>
        </extensions>
      </trkpt>
      <trkpt lat="31.22196829877793788909912109375" lon="121.4181600697338581085205078125">
        <ele>5.400000095367431640625</ele>
        <time>2026-05-09T10:21:36.000Z</time>
        <extensions>
          <ns3:TrackPointExtension>
            <ns3:hr>146</ns3:hr>
            <ns3:cad>80</ns3:cad>
          </ns3:TrackPointExtension>
        </extensions>
      </trkpt>
      <trkpt lat="31.22198045253753662109375" lon="121.4181875623762607574462890625">
        <ele>5.599999904632568359375</ele>
        <time>2026-05-09T10:21:37.000Z</time>
        <extensions>
          <ns3:TrackPointExtension>
            <ns3:hr>146</ns3:hr>
            <ns3:cad>80</ns3:cad>
          </ns3:TrackPointExtension>
        </extensions>
      </trkpt>
      <trkpt lat="31.22199260629713535308837890625" lon="121.41821689903736114501953125">
        <ele>5.599999904632568359375</ele>
        <time>2026-05-09T10:21:38.000Z</time>
        <extensions>
          <ns3:TrackPointExtension>
            <ns3:hr>146</ns3:hr>
            <ns3:cad>80</ns3:cad>
          </ns3:TrackPointExtension>
        </extensions>
      </trkpt>
      <trkpt lat="31.2220037542283535003662109375" lon="121.41824464313685894012451171875">
        <ele>5.599999904632568359375</ele>
        <time>2026-05-09T10:21:39.000Z</time>
        <extensions>
          <ns3:TrackPointExtension>
            <ns3:hr>146</ns3:hr>
            <ns3:cad>80</ns3:cad>
          </ns3:TrackPointExtension>
        </extensions>
      </trkpt>
      <trkpt lat="31.22201506979763507843017578125" lon="121.4182738959789276123046875">
        <ele>5.599999904632568359375</ele>
        <time>2026-05-09T10:21:40.000Z</time>
        <extensions>
          <ns3:TrackPointExtension>
            <ns3:hr>146</ns3:hr>
            <ns3:cad>81</ns3:cad>
          </ns3:TrackPointExtension>
        </extensions>
      </trkpt>
      <trkpt lat="31.2220268882811069488525390625" lon="121.41830138862133026123046875">
        <ele>5.599999904632568359375</ele>
        <time>2026-05-09T10:21:41.000Z</time>
        <extensions>
          <ns3:TrackPointExtension>
            <ns3:hr>146</ns3:hr>
            <ns3:cad>81</ns3:cad>
          </ns3:TrackPointExtension>
        </extensions>
      </trkpt>
      <trkpt lat="31.2220386229455471038818359375" lon="121.41832963563501834869384765625">
        <ele>5.400000095367431640625</ele>
        <time>2026-05-09T10:21:42.000Z</time>
        <extensions>
          <ns3:TrackPointExtension>
            <ns3:hr>147</ns3:hr>
            <ns3:cad>81</ns3:cad>
          </ns3:TrackPointExtension>
        </extensions>
      </trkpt>
      <trkpt lat="31.22205094434320926666259765625" lon="121.41835913993418216705322265625">
        <ele>5.400000095367431640625</ele>
        <time>2026-05-09T10:21:43.000Z</time>
        <extensions>
          <ns3:TrackPointExtension>
            <ns3:hr>147</ns3:hr>
            <ns3:cad>81</ns3:cad>
          </ns3:TrackPointExtension>
        </extensions>
      </trkpt>
      <trkpt lat="31.2220641039311885833740234375" lon="121.4183870516717433929443359375">
        <ele>5.400000095367431640625</ele>
        <time>2026-05-09T10:21:44.000Z</time>
        <extensions>
          <ns3:TrackPointExtension>
            <ns3:hr>147</ns3:hr>
            <ns3:cad>81</ns3:cad>
          </ns3:TrackPointExtension>
        </extensions>
      </trkpt>
      <trkpt lat="31.22207709588110446929931640625" lon="121.4184142090380191802978515625">
        <ele>5.400000095367431640625</ele>
        <time>2026-05-09T10:21:45.000Z</time>
        <extensions>
          <ns3:TrackPointExtension>
            <ns3:hr>147</ns3:hr>
            <ns3:cad>81</ns3:cad>
          </ns3:TrackPointExtension>
        </extensions>
      </trkpt>
      <trkpt lat="31.2220892496407032012939453125" lon="121.41844128258526325225830078125">
        <ele>5.400000095367431640625</ele>
        <time>2026-05-09T10:21:46.000Z</time>
        <extensions>
          <ns3:TrackPointExtension>
            <ns3:hr>147</ns3:hr>
            <ns3:cad>80</ns3:cad>
          </ns3:TrackPointExtension>
        </extensions>
      </trkpt>
      <trkpt lat="31.22210375033318996429443359375" lon="121.41847011633217334747314453125">
        <ele>5.400000095367431640625</ele>
        <time>2026-05-09T10:21:47.000Z</time>
        <extensions>
          <ns3:TrackPointExtension>
            <ns3:hr>148</ns3:hr>
            <ns3:cad>81</ns3:cad>
          </ns3:TrackPointExtension>
        </extensions>
      </trkpt>
      <trkpt lat="31.22211833484470844268798828125" lon="121.418497860431671142578125">
        <ele>5.400000095367431640625</ele>
        <time>2026-05-09T10:21:48.000Z</time>
        <extensions>
          <ns3:TrackPointExtension>
            <ns3:hr>148</ns3:hr>
            <ns3:cad>81</ns3:cad>
          </ns3:TrackPointExtension>
        </extensions>
      </trkpt>
      <trkpt lat="31.22213526628911495208740234375" lon="121.4185258559882640838623046875">
        <ele>5.400000095367431640625</ele>
        <time>2026-05-09T10:21:49.000Z</time>
        <extensions>
          <ns3:TrackPointExtension>
            <ns3:hr>148</ns3:hr>
            <ns3:cad>81</ns3:cad>
          </ns3:TrackPointExtension>
        </extensions>
      </trkpt>
      <trkpt lat="31.22215370647609233856201171875" lon="121.418554522097110748291015625">
        <ele>5.400000095367431640625</ele>
        <time>2026-05-09T10:21:50.000Z</time>
        <extensions>
          <ns3:TrackPointExtension>
            <ns3:hr>148</ns3:hr>
            <ns3:cad>80</ns3:cad>
          </ns3:TrackPointExtension>
        </extensions>
      </trkpt>
      <trkpt lat="31.22217332012951374053955078125" lon="121.41858302056789398193359375">
        <ele>5.400000095367431640625</ele>
        <time>2026-05-09T10:21:51.000Z</time>
        <extensions>
          <ns3:TrackPointExtension>
            <ns3:hr>147</ns3:hr>
            <ns3:cad>80</ns3:cad>
          </ns3:TrackPointExtension>
        </extensions>
      </trkpt>
      <trkpt lat="31.2221891619265079498291015625" lon="121.4186103455722332000732421875">
        <ele>5.400000095367431640625</ele>
        <time>2026-05-09T10:21:52.000Z</time>
        <extensions>
          <ns3:TrackPointExtension>
            <ns3:hr>147</ns3:hr>
            <ns3:cad>80</ns3:cad>
          </ns3:TrackPointExtension>
        </extensions>
      </trkpt>
      <trkpt lat="31.22220383025705814361572265625" lon="121.4186386764049530029296875">
        <ele>5.400000095367431640625</ele>
        <time>2026-05-09T10:21:53.000Z</time>
        <extensions>
          <ns3:TrackPointExtension>
            <ns3:hr>147</ns3:hr>
            <ns3:cad>81</ns3:cad>
          </ns3:TrackPointExtension>
        </extensions>
      </trkpt>
      <trkpt lat="31.222217492759227752685546875" lon="121.418666504323482513427734375">
        <ele>5.400000095367431640625</ele>
        <time>2026-05-09T10:21:54.000Z</time>
        <extensions>
          <ns3:TrackPointExtension>
            <ns3:hr>147</ns3:hr>
            <ns3:cad>81</ns3:cad>
          </ns3:TrackPointExtension>
        </extensions>
      </trkpt>
      <trkpt lat="31.2222314067184925079345703125" lon="121.41869491897523403167724609375">
        <ele>5.400000095367431640625</ele>
        <time>2026-05-09T10:21:55.000Z</time>
        <extensions>
          <ns3:TrackPointExtension>
            <ns3:hr>148</ns3:hr>
            <ns3:cad>82</ns3:cad>
          </ns3:TrackPointExtension>
        </extensions>
      </trkpt>
      <trkpt lat="31.22224540449678897857666015625" lon="121.41872324980795383453369140625">
        <ele>5.400000095367431640625</ele>
        <time>2026-05-09T10:21:56.000Z</time>
        <extensions>
          <ns3:TrackPointExtension>
            <ns3:hr>147</ns3:hr>
            <ns3:cad>82</ns3:cad>
          </ns3:TrackPointExtension>
        </extensions>
      </trkpt>
      <trkpt lat="31.22225965373218059539794921875" lon="121.418753676116466522216796875">
        <ele>5.400000095367431640625</ele>
        <time>2026-05-09T10:21:57.000Z</time>
        <extensions>
          <ns3:TrackPointExtension>
            <ns3:hr>148</ns3:hr>
            <ns3:cad>82</ns3:cad>
          </ns3:TrackPointExtension>
        </extensions>
      </trkpt>
      <trkpt lat="31.22227222658693790435791015625" lon="121.41878284513950347900390625">
        <ele>5.19999980926513671875</ele>
        <time>2026-05-09T10:21:58.000Z</time>
        <extensions>
          <ns3:TrackPointExtension>
            <ns3:hr>148</ns3:hr>
            <ns3:cad>82</ns3:cad>
          </ns3:TrackPointExtension>
        </extensions>
      </trkpt>
      <trkpt lat="31.2222850508987903594970703125" lon="121.41881058923900127410888671875">
        <ele>5</ele>
        <time>2026-05-09T10:21:59.000Z</time>
        <extensions>
          <ns3:TrackPointExtension>
            <ns3:hr>148</ns3:hr>
            <ns3:cad>83</ns3:cad>
          </ns3:TrackPointExtension>
        </extensions>
      </trkpt>
      <trkpt lat="31.22229921631515026092529296875" lon="121.41883808188140392303466796875">
        <ele>5</ele>
        <time>2026-05-09T10:22:00.000Z</time>
        <extensions>
          <ns3:TrackPointExtension>
            <ns3:hr>148</ns3:hr>
            <ns3:cad>83</ns3:cad>
          </ns3:TrackPointExtension>
        </extensions>
      </trkpt>
      <trkpt lat="31.222313381731510162353515625" lon="121.41886674799025058746337890625">
        <ele>4.80000019073486328125</ele>
        <time>2026-05-09T10:22:01.000Z</time>
        <extensions>
          <ns3:TrackPointExtension>
            <ns3:hr>148</ns3:hr>
            <ns3:cad>82</ns3:cad>
          </ns3:TrackPointExtension>
        </extensions>
      </trkpt>
      <trkpt lat="31.2223283015191555023193359375" lon="121.41889390535652637481689453125">
        <ele>5</ele>
        <time>2026-05-09T10:22:02.000Z</time>
        <extensions>
          <ns3:TrackPointExtension>
            <ns3:hr>148</ns3:hr>
            <ns3:cad>82</ns3:cad>
          </ns3:TrackPointExtension>
        </extensions>
      </trkpt>
      <trkpt lat="31.22234280221164226531982421875" lon="121.4189184643328189849853515625">
        <ele>5</ele>
        <time>2026-05-09T10:22:03.000Z</time>
        <extensions>
          <ns3:TrackPointExtension>
            <ns3:hr>148</ns3:hr>
            <ns3:cad>82</ns3:cad>
          </ns3:TrackPointExtension>
        </extensions>
      </trkpt>
      <trkpt lat="31.22235755436122417449951171875" lon="121.4189429394900798797607421875">
        <ele>5</ele>
        <time>2026-05-09T10:22:04.000Z</time>
        <extensions>
          <ns3:TrackPointExtension>
            <ns3:hr>149</ns3:hr>
            <ns3:cad>81</ns3:cad>
          </ns3:TrackPointExtension>
        </extensions>
      </trkpt>
      <trkpt lat="31.22237331233918666839599609375" lon="121.418968923389911651611328125">
        <ele>5</ele>
        <time>2026-05-09T10:22:05.000Z</time>
        <extensions>
          <ns3:TrackPointExtension>
            <ns3:hr>148</ns3:hr>
            <ns3:cad>80</ns3:cad>
          </ns3:TrackPointExtension>
        </extensions>
      </trkpt>
      <trkpt lat="31.2223893217742443084716796875" lon="121.41899415291845798492431640625">
        <ele>5</ele>
        <time>2026-05-09T10:22:06.000Z</time>
        <extensions>
          <ns3:TrackPointExtension>
            <ns3:hr>148</ns3:hr>
            <ns3:cad>80</ns3:cad>
          </ns3:TrackPointExtension>
        </extensions>
      </trkpt>
      <trkpt lat="31.2224060855805873870849609375" lon="121.41901829279959201812744140625">
        <ele>5</ele>
        <time>2026-05-09T10:22:07.000Z</time>
        <extensions>
          <ns3:TrackPointExtension>
            <ns3:hr>148</ns3:hr>
            <ns3:cad>78</ns3:cad>
          </ns3:TrackPointExtension>
        </extensions>
      </trkpt>
      <trkpt lat="31.22242368757724761962890625" lon="121.41904260031878948211669921875">
        <ele>5</ele>
        <time>2026-05-09T10:22:08.000Z</time>
        <extensions>
          <ns3:TrackPointExtension>
            <ns3:hr>148</ns3:hr>
            <ns3:cad>77</ns3:cad>
          </ns3:TrackPointExtension>
        </extensions>
      </trkpt>
      <trkpt lat="31.2224406190216541290283203125" lon="121.4190646447241306304931640625">
        <ele>5.19999980926513671875</ele>
        <time>2026-05-09T10:22:09.000Z</time>
        <extensions>
          <ns3:TrackPointExtension>
            <ns3:hr>148</ns3:hr>
            <ns3:cad>77</ns3:cad>
          </ns3:TrackPointExtension>
        </extensions>
      </trkpt>
      <trkpt lat="31.22245746664702892303466796875" lon="121.419084258377552032470703125">
        <ele>5.19999980926513671875</ele>
        <time>2026-05-09T10:22:10.000Z</time>
        <extensions>
          <ns3:TrackPointExtension>
            <ns3:hr>148</ns3:hr>
            <ns3:cad>77</ns3:cad>
          </ns3:TrackPointExtension>
        </extensions>
      </trkpt>
      <trkpt lat="31.22247607447206974029541015625" lon="121.419104039669036865234375">
        <ele>5.400000095367431640625</ele>
        <time>2026-05-09T10:22:11.000Z</time>
        <extensions>
          <ns3:TrackPointExtension>
            <ns3:hr>148</ns3:hr>
            <ns3:cad>80</ns3:cad>
          </ns3:TrackPointExtension>
        </extensions>
      </trkpt>
      <trkpt lat="31.22249501757323741912841796875" lon="121.41912206076085567474365234375">
        <ele>5.599999904632568359375</ele>
        <time>2026-05-09T10:22:12.000Z</time>
        <extensions>
          <ns3:TrackPointExtension>
            <ns3:hr>148</ns3:hr>
            <ns3:cad>80</ns3:cad>
          </ns3:TrackPointExtension>
        </extensions>
      </trkpt>
      <trkpt lat="31.22251479886472225189208984375" lon="121.41914092004299163818359375">
        <ele>5.599999904632568359375</ele>
        <time>2026-05-09T10:22:13.000Z</time>
        <extensions>
          <ns3:TrackPointExtension>
            <ns3:hr>148</ns3:hr>
            <ns3:cad>81</ns3:cad>
          </ns3:TrackPointExtension>
        </extensions>
      </trkpt>
      <trkpt lat="31.22253592126071453094482421875" lon="121.4191628806293010711669921875">
        <ele>5.599999904632568359375</ele>
        <time>2026-05-09T10:22:14.000Z</time>
        <extensions>
          <ns3:TrackPointExtension>
            <ns3:hr>148</ns3:hr>
            <ns3:cad>81</ns3:cad>
          </ns3:TrackPointExtension>
        </extensions>
      </trkpt>
      <trkpt lat="31.222557127475738525390625" lon="121.41918517649173736572265625">
        <ele>5.599999904632568359375</ele>
        <time>2026-05-09T10:22:15.000Z</time>
        <extensions>
          <ns3:TrackPointExtension>
            <ns3:hr>148</ns3:hr>
            <ns3:cad>79</ns3:cad>
          </ns3:TrackPointExtension>
        </extensions>
      </trkpt>
      <trkpt lat="31.22257657349109649658203125" lon="121.41920923255383968353271484375">
        <ele>5.400000095367431640625</ele>
        <time>2026-05-09T10:22:16.000Z</time>
        <extensions>
          <ns3:TrackPointExtension>
            <ns3:hr>148</ns3:hr>
            <ns3:cad>79</ns3:cad>
          </ns3:TrackPointExtension>
        </extensions>
      </trkpt>
      <trkpt lat="31.2225961871445178985595703125" lon="121.4192346297204494476318359375">
        <ele>5.400000095367431640625</ele>
        <time>2026-05-09T10:22:17.000Z</time>
        <extensions>
          <ns3:TrackPointExtension>
            <ns3:hr>148</ns3:hr>
            <ns3:cad>78</ns3:cad>
          </ns3:TrackPointExtension>
        </extensions>
      </trkpt>
      <trkpt lat="31.22261504642665386199951171875" lon="121.41926002688705921173095703125">
        <ele>5.400000095367431640625</ele>
        <time>2026-05-09T10:22:18.000Z</time>
        <extensions>
          <ns3:TrackPointExtension>
            <ns3:hr>149</ns3:hr>
            <ns3:cad>78</ns3:cad>
          </ns3:TrackPointExtension>
        </extensions>
      </trkpt>
      <trkpt lat="31.22263298369944095611572265625" lon="121.41928466968238353729248046875">
        <ele>5.400000095367431640625</ele>
        <time>2026-05-09T10:22:19.000Z</time>
        <extensions>
          <ns3:TrackPointExtension>
            <ns3:hr>149</ns3:hr>
            <ns3:cad>80</ns3:cad>
          </ns3:TrackPointExtension>
        </extensions>
      </trkpt>
      <trkpt lat="31.2226515077054500579833984375" lon="121.4193070493638515472412109375">
        <ele>5.400000095367431640625</ele>
        <time>2026-05-09T10:22:20.000Z</time>
        <extensions>
          <ns3:TrackPointExtension>
            <ns3:hr>149</ns3:hr>
            <ns3:cad>81</ns3:cad>
          </ns3:TrackPointExtension>
        </extensions>
      </trkpt>
      <trkpt lat="31.22267170809209346771240234375" lon="121.41932892613112926483154296875">
        <ele>5.400000095367431640625</ele>
        <time>2026-05-09T10:22:21.000Z</time>
        <extensions>
          <ns3:TrackPointExtension>
            <ns3:hr>149</ns3:hr>
            <ns3:cad>82</ns3:cad>
          </ns3:TrackPointExtension>
        </extensions>
      </trkpt>
      <trkpt lat="31.2226907350122928619384765625" lon="121.41935088671743869781494140625">
        <ele>5.19999980926513671875</ele>
        <time>2026-05-09T10:22:22.000Z</time>
        <extensions>
          <ns3:TrackPointExtension>
            <ns3:hr>149</ns3:hr>
            <ns3:cad>82</ns3:cad>
          </ns3:TrackPointExtension>
        </extensions>
      </trkpt>
      <trkpt lat="31.22270934283733367919921875" lon="121.419374607503414154052734375">
        <ele>5.19999980926513671875</ele>
        <time>2026-05-09T10:22:23.000Z</time>
        <extensions>
          <ns3:TrackPointExtension>
            <ns3:hr>149</ns3:hr>
            <ns3:cad>82</ns3:cad>
          </ns3:TrackPointExtension>
        </extensions>
      </trkpt>
      <trkpt lat="31.2227282859385013580322265625" lon="121.4193989150226116180419921875">
        <ele>5.400000095367431640625</ele>
        <time>2026-05-09T10:22:24.000Z</time>
        <extensions>
          <ns3:TrackPointExtension>
            <ns3:hr>149</ns3:hr>
            <ns3:cad>82</ns3:cad>
          </ns3:TrackPointExtension>
        </extensions>
      </trkpt>
      <trkpt lat="31.22274714522063732147216796875" lon="121.41942255198955535888671875">
        <ele>5.400000095367431640625</ele>
        <time>2026-05-09T10:22:25.000Z</time>
        <extensions>
          <ns3:TrackPointExtension>
            <ns3:hr>149</ns3:hr>
            <ns3:cad>82</ns3:cad>
          </ns3:TrackPointExtension>
        </extensions>
      </trkpt>
      <trkpt lat="31.222766675055027008056640625" lon="121.41944845207035541534423828125">
        <ele>5.400000095367431640625</ele>
        <time>2026-05-09T10:22:26.000Z</time>
        <extensions>
          <ns3:TrackPointExtension>
            <ns3:hr>149</ns3:hr>
            <ns3:cad>82</ns3:cad>
          </ns3:TrackPointExtension>
        </extensions>
      </trkpt>
      <trkpt lat="31.22278578579425811767578125" lon="121.41947359777987003326416015625">
        <ele>5.599999904632568359375</ele>
        <time>2026-05-09T10:22:27.000Z</time>
        <extensions>
          <ns3:TrackPointExtension>
            <ns3:hr>149</ns3:hr>
            <ns3:cad>82</ns3:cad>
          </ns3:TrackPointExtension>
        </extensions>
      </trkpt>
      <trkpt lat="31.222804896533489227294921875" lon="121.41949773766100406646728515625">
        <ele>5.599999904632568359375</ele>
        <time>2026-05-09T10:22:28.000Z</time>
        <extensions>
          <ns3:TrackPointExtension>
            <ns3:hr>149</ns3:hr>
            <ns3:cad>82</ns3:cad>
          </ns3:TrackPointExtension>
        </extensions>
      </trkpt>
      <trkpt lat="31.222823001444339752197265625" lon="121.41951969824731349945068359375">
        <ele>5.599999904632568359375</ele>
        <time>2026-05-09T10:22:29.000Z</time>
        <extensions>
          <ns3:TrackPointExtension>
            <ns3:hr>149</ns3:hr>
            <ns3:cad>82</ns3:cad>
          </ns3:TrackPointExtension>
        </extensions>
      </trkpt>
      <trkpt lat="31.22284119017422199249267578125" lon="121.419543586671352386474609375">
        <ele>5.400000095367431640625</ele>
        <time>2026-05-09T10:22:30.000Z</time>
        <extensions>
          <ns3:TrackPointExtension>
            <ns3:hr>148</ns3:hr>
            <ns3:cad>82</ns3:cad>
          </ns3:TrackPointExtension>
        </extensions>
      </trkpt>
      <trkpt lat="31.22286030091345310211181640625" lon="121.41956546343863010406494140625">
        <ele>5.400000095367431640625</ele>
        <time>2026-05-09T10:22:31.000Z</time>
        <extensions>
          <ns3:TrackPointExtension>
            <ns3:hr>148</ns3:hr>
            <ns3:cad>82</ns3:cad>
          </ns3:TrackPointExtension>
        </extensions>
      </trkpt>
      <trkpt lat="31.222877986729145050048828125" lon="121.4195859991014003753662109375">
        <ele>5.400000095367431640625</ele>
        <time>2026-05-09T10:22:32.000Z</time>
        <extensions>
          <ns3:TrackPointExtension>
            <ns3:hr>148</ns3:hr>
            <ns3:cad>81</ns3:cad>
          </ns3:TrackPointExtension>
        </extensions>
      </trkpt>
      <trkpt lat="31.22289600782096385955810546875" lon="121.41960770823061466217041015625">
        <ele>5.400000095367431640625</ele>
        <time>2026-05-09T10:22:33.000Z</time>
        <extensions>
          <ns3:TrackPointExtension>
            <ns3:hr>147</ns3:hr>
            <ns3:cad>81</ns3:cad>
          </ns3:TrackPointExtension>
        </extensions>
      </trkpt>
      <trkpt lat="31.22291461564600467681884765625" lon="121.4196299202740192413330078125">
        <ele>5.400000095367431640625</ele>
        <time>2026-05-09T10:22:34.000Z</time>
        <extensions>
          <ns3:TrackPointExtension>
            <ns3:hr>147</ns3:hr>
            <ns3:cad>82</ns3:cad>
          </ns3:TrackPointExtension>
        </extensions>
      </trkpt>
      <trkpt lat="31.22293464839458465576171875" lon="121.41965347342193126678466796875">
        <ele>5.400000095367431640625</ele>
        <time>2026-05-09T10:22:35.000Z</time>
        <extensions>
          <ns3:TrackPointExtension>
            <ns3:hr>147</ns3:hr>
            <ns3:cad>82</ns3:cad>
          </ns3:TrackPointExtension>
        </extensions>
      </trkpt>
      <trkpt lat="31.22295501641929149627685546875" lon="121.4196751825511455535888671875">
        <ele>5.599999904632568359375</ele>
        <time>2026-05-09T10:22:36.000Z</time>
        <extensions>
          <ns3:TrackPointExtension>
            <ns3:hr>147</ns3:hr>
            <ns3:cad>82</ns3:cad>
          </ns3:TrackPointExtension>
        </extensions>
      </trkpt>
      <trkpt lat="31.22297647409141063690185546875" lon="121.41969420947134494781494140625">
        <ele>5.599999904632568359375</ele>
        <time>2026-05-09T10:22:37.000Z</time>
        <extensions>
          <ns3:TrackPointExtension>
            <ns3:hr>148</ns3:hr>
            <ns3:cad>82</ns3:cad>
          </ns3:TrackPointExtension>
        </extensions>
      </trkpt>
      <trkpt lat="31.22299910522997379302978515625" lon="121.41971248202025890350341796875">
        <ele>5.599999904632568359375</ele>
        <time>2026-05-09T10:22:38.000Z</time>
        <extensions>
          <ns3:TrackPointExtension>
            <ns3:hr>147</ns3:hr>
            <ns3:cad>82</ns3:cad>
          </ns3:TrackPointExtension>
        </extensions>
      </trkpt>
      <trkpt lat="31.22302140109241008758544921875" lon="121.4197276532649993896484375">
        <ele>5.599999904632568359375</ele>
        <time>2026-05-09T10:22:39.000Z</time>
        <extensions>
          <ns3:TrackPointExtension>
            <ns3:hr>148</ns3:hr>
            <ns3:cad>81</ns3:cad>
          </ns3:TrackPointExtension>
        </extensions>
      </trkpt>
      <trkpt lat="31.22304118238389492034912109375" lon="121.4197378791868686676025390625">
        <ele>5.599999904632568359375</ele>
        <time>2026-05-09T10:22:40.000Z</time>
        <extensions>
          <ns3:TrackPointExtension>
            <ns3:hr>148</ns3:hr>
            <ns3:cad>82</ns3:cad>
          </ns3:TrackPointExtension>
        </extensions>
      </trkpt>
      <trkpt lat="31.22306314297020435333251953125" lon="121.41974550671875476837158203125">
        <ele>5.599999904632568359375</ele>
        <time>2026-05-09T10:22:41.000Z</time>
        <extensions>
          <ns3:TrackPointExtension>
            <ns3:hr>149</ns3:hr>
            <ns3:cad>82</ns3:cad>
          </ns3:TrackPointExtension>
        </extensions>
      </trkpt>
      <trkpt lat="31.22308292426168918609619140625" lon="121.41974701546132564544677734375">
        <ele>5.599999904632568359375</ele>
        <time>2026-05-09T10:22:42.000Z</time>
        <extensions>
          <ns3:TrackPointExtension>
            <ns3:hr>149</ns3:hr>
            <ns3:cad>82</ns3:cad>
          </ns3:TrackPointExtension>
        </extensions>
      </trkpt>
      <trkpt lat="31.22310220263898372650146484375" lon="121.41974517144262790679931640625">
        <ele>5.599999904632568359375</ele>
        <time>2026-05-09T10:22:43.000Z</time>
        <extensions>
          <ns3:TrackPointExtension>
            <ns3:hr>149</ns3:hr>
            <ns3:cad>81</ns3:cad>
          </ns3:TrackPointExtension>
        </extensions>
      </trkpt>
      <trkpt lat="31.2231232412159442901611328125" lon="121.4197398908436298370361328125">
        <ele>5.599999904632568359375</ele>
        <time>2026-05-09T10:22:44.000Z</time>
        <extensions>
          <ns3:TrackPointExtension>
            <ns3:hr>149</ns3:hr>
            <ns3:cad>81</ns3:cad>
          </ns3:TrackPointExtension>
        </extensions>
      </trkpt>
      <trkpt lat="31.22314712963998317718505859375" lon="121.41973209567368030548095703125">
        <ele>5.400000095367431640625</ele>
        <time>2026-05-09T10:22:45.000Z</time>
        <extensions>
          <ns3:TrackPointExtension>
            <ns3:hr>149</ns3:hr>
            <ns3:cad>81</ns3:cad>
          </ns3:TrackPointExtension>
        </extensions>
      </trkpt>
      <trkpt lat="31.2231718562543392181396484375" lon="121.41971985809504985809326171875">
        <ele>5.400000095367431640625</ele>
        <time>2026-05-09T10:22:46.000Z</time>
        <extensions>
          <ns3:TrackPointExtension>
            <ns3:hr>150</ns3:hr>
            <ns3:cad>81</ns3:cad>
          </ns3:TrackPointExtension>
        </extensions>
      </trkpt>
      <trkpt lat="31.223195493221282958984375" lon="121.41970418393611907958984375">
        <ele>5.400000095367431640625</ele>
        <time>2026-05-09T10:22:47.000Z</time>
        <extensions>
          <ns3:TrackPointExtension>
            <ns3:hr>150</ns3:hr>
            <ns3:cad>81</ns3:cad>
          </ns3:TrackPointExtension>
        </extensions>
      </trkpt>
      <trkpt lat="31.223218627274036407470703125" lon="121.41968582756817340850830078125">
        <ele>5.599999904632568359375</ele>
        <time>2026-05-09T10:22:48.000Z</time>
        <extensions>
          <ns3:TrackPointExtension>
            <ns3:hr>151</ns3:hr>
            <ns3:cad>80</ns3:cad>
          </ns3:TrackPointExtension>
        </extensions>
      </trkpt>
      <trkpt lat="31.22323966585099697113037109375" lon="121.419666297733783721923828125">
        <ele>5.599999904632568359375</ele>
        <time>2026-05-09T10:22:49.000Z</time>
        <extensions>
          <ns3:TrackPointExtension>
            <ns3:hr>151</ns3:hr>
            <ns3:cad>80</ns3:cad>
          </ns3:TrackPointExtension>
        </extensions>
      </trkpt>
      <trkpt lat="31.223260201513767242431640625" lon="121.41964458860456943511962890625">
        <ele>5.599999904632568359375</ele>
        <time>2026-05-09T10:22:50.000Z</time>
        <extensions>
          <ns3:TrackPointExtension>
            <ns3:hr>151</ns3:hr>
            <ns3:cad>80</ns3:cad>
          </ns3:TrackPointExtension>
        </extensions>
      </trkpt>
      <trkpt lat="31.22328006662428379058837890625" lon="121.4196217060089111328125">
        <ele>5.400000095367431640625</ele>
        <time>2026-05-09T10:22:51.000Z</time>
        <extensions>
          <ns3:TrackPointExtension>
            <ns3:hr>151</ns3:hr>
            <ns3:cad>80</ns3:cad>
          </ns3:TrackPointExtension>
        </extensions>
      </trkpt>
      <trkpt lat="31.22329968027770519256591796875" lon="121.419599913060665130615234375">
        <ele>5.400000095367431640625</ele>
        <time>2026-05-09T10:22:52.000Z</time>
        <extensions>
          <ns3:TrackPointExtension>
            <ns3:hr>150</ns3:hr>
            <ns3:cad>81</ns3:cad>
          </ns3:TrackPointExtension>
        </extensions>
      </trkpt>
      <trkpt lat="31.2233207188546657562255859375" lon="121.41957635991275310516357421875">
        <ele>5.400000095367431640625</ele>
        <time>2026-05-09T10:22:53.000Z</time>
        <extensions>
          <ns3:TrackPointExtension>
            <ns3:hr>151</ns3:hr>
            <ns3:cad>82</ns3:cad>
          </ns3:TrackPointExtension>
        </extensions>
      </trkpt>
      <trkpt lat="31.22334100306034088134765625" lon="121.41955356113612651824951171875">
        <ele>5.400000095367431640625</ele>
        <time>2026-05-09T10:22:54.000Z</time>
        <extensions>
          <ns3:TrackPointExtension>
            <ns3:hr>150</ns3:hr>
            <ns3:cad>82</ns3:cad>
          </ns3:TrackPointExtension>
        </extensions>
      </trkpt>
      <trkpt lat="31.22336220927536487579345703125" lon="121.41953126527369022369384765625">
        <ele>5.599999904632568359375</ele>
        <time>2026-05-09T10:22:55.000Z</time>
        <extensions>
          <ns3:TrackPointExtension>
            <ns3:hr>150</ns3:hr>
            <ns3:cad>82</ns3:cad>
          </ns3:TrackPointExtension>
        </extensions>
      </trkpt>
      <trkpt lat="31.22338282875716686248779296875" lon="121.41950913704931735992431640625">
        <ele>5.599999904632568359375</ele>
        <time>2026-05-09T10:22:56.000Z</time>
        <extensions>
          <ns3:TrackPointExtension>
            <ns3:hr>150</ns3:hr>
            <ns3:cad>82</ns3:cad>
          </ns3:TrackPointExtension>
        </extensions>
      </trkpt>
      <trkpt lat="31.22340537607669830322265625" lon="121.41948826611042022705078125">
        <ele>5.80000019073486328125</ele>
        <time>2026-05-09T10:22:57.000Z</time>
        <extensions>
          <ns3:TrackPointExtension>
            <ns3:hr>151</ns3:hr>
            <ns3:cad>82</ns3:cad>
          </ns3:TrackPointExtension>
        </extensions>
      </trkpt>
      <trkpt lat="31.22342607937753200531005859375" lon="121.41946907155215740203857421875">
        <ele>5.80000019073486328125</ele>
        <time>2026-05-09T10:22:58.000Z</time>
        <extensions>
          <ns3:TrackPointExtension>
            <ns3:hr>151</ns3:hr>
            <ns3:cad>82</ns3:cad>
          </ns3:TrackPointExtension>
        </extensions>
      </trkpt>
      <trkpt lat="31.223445944488048553466796875" lon="121.4194487035274505615234375">
        <ele>5.80000019073486328125</ele>
        <time>2026-05-09T10:22:59.000Z</time>
        <extensions>
          <ns3:TrackPointExtension>
            <ns3:hr>151</ns3:hr>
            <ns3:cad>82</ns3:cad>
          </ns3:TrackPointExtension>
        </extensions>
      </trkpt>
      <trkpt lat="31.223466396331787109375" lon="121.41942800022661685943603515625">
        <ele>5.80000019073486328125</ele>
        <time>2026-05-09T10:23:00.000Z</time>
        <extensions>
          <ns3:TrackPointExtension>
            <ns3:hr>151</ns3:hr>
            <ns3:cad>83</ns3:cad>
          </ns3:TrackPointExtension>
        </extensions>
      </trkpt>
      <trkpt lat="31.22348642908036708831787109375" lon="121.41940603964030742645263671875">
        <ele>5.80000019073486328125</ele>
        <time>2026-05-09T10:23:01.000Z</time>
        <extensions>
          <ns3:TrackPointExtension>
            <ns3:hr>151</ns3:hr>
            <ns3:cad>83</ns3:cad>
          </ns3:TrackPointExtension>
        </extensions>
      </trkpt>
      <trkpt lat="31.22350721620023250579833984375" lon="121.4193838275969028472900390625">
        <ele>5.80000019073486328125</ele>
        <time>2026-05-09T10:23:02.000Z</time>
        <extensions>
          <ns3:TrackPointExtension>
            <ns3:hr>151</ns3:hr>
            <ns3:cad>82</ns3:cad>
          </ns3:TrackPointExtension>
        </extensions>
      </trkpt>
      <trkpt lat="31.223528087139129638671875" lon="121.419361531734466552734375">
        <ele>5.80000019073486328125</ele>
        <time>2026-05-09T10:23:03.000Z</time>
        <extensions>
          <ns3:TrackPointExtension>
            <ns3:hr>151</ns3:hr>
            <ns3:cad>82</ns3:cad>
          </ns3:TrackPointExtension>
        </extensions>
      </trkpt>
      <trkpt lat="31.22354962863028049468994140625" lon="121.4193399064242839813232421875">
        <ele>5.80000019073486328125</ele>
        <time>2026-05-09T10:23:04.000Z</time>
        <extensions>
          <ns3:TrackPointExtension>
            <ns3:hr>151</ns3:hr>
            <ns3:cad>82</ns3:cad>
          </ns3:TrackPointExtension>
        </extensions>
      </trkpt>
      <trkpt lat="31.22357158921658992767333984375" lon="121.4193184487521648406982421875">
        <ele>5.80000019073486328125</ele>
        <time>2026-05-09T10:23:05.000Z</time>
        <extensions>
          <ns3:TrackPointExtension>
            <ns3:hr>152</ns3:hr>
            <ns3:cad>82</ns3:cad>
          </ns3:TrackPointExtension>
        </extensions>
      </trkpt>
      <trkpt lat="31.22359321452677249908447265625" lon="121.41929556615650653839111328125">
        <ele>5.80000019073486328125</ele>
        <time>2026-05-09T10:23:06.000Z</time>
        <extensions>
          <ns3:TrackPointExtension>
            <ns3:hr>151</ns3:hr>
            <ns3:cad>82</ns3:cad>
          </ns3:TrackPointExtension>
        </extensions>
      </trkpt>
      <trkpt lat="31.223613917827606201171875" lon="121.4192731864750385284423828125">
        <ele>5.80000019073486328125</ele>
        <time>2026-05-09T10:23:07.000Z</time>
        <extensions>
          <ns3:TrackPointExtension>
            <ns3:hr>152</ns3:hr>
            <ns3:cad>82</ns3:cad>
          </ns3:TrackPointExtension>
        </extensions>
      </trkpt>
      <trkpt lat="31.22363663278520107269287109375" lon="121.41924980096518993377685546875">
        <ele>5.80000019073486328125</ele>
        <time>2026-05-09T10:23:08.000Z</time>
        <extensions>
          <ns3:TrackPointExtension>
            <ns3:hr>152</ns3:hr>
            <ns3:cad>82</ns3:cad>
          </ns3:TrackPointExtension>
        </extensions>
      </trkpt>
      <trkpt lat="31.22366026975214481353759765625" lon="121.41922784037888050079345703125">
        <ele>5.80000019073486328125</ele>
        <time>2026-05-09T10:23:09.000Z</time>
        <extensions>
          <ns3:TrackPointExtension>
            <ns3:hr>152</ns3:hr>
            <ns3:cad>83</ns3:cad>
          </ns3:TrackPointExtension>
        </extensions>
      </trkpt>
      <trkpt lat="31.22368256561458110809326171875" lon="121.41920722089707851409912109375">
        <ele>6</ele>
        <time>2026-05-09T10:23:10.000Z</time>
        <extensions>
          <ns3:TrackPointExtension>
            <ns3:hr>151</ns3:hr>
            <ns3:cad>83</ns3:cad>
          </ns3:TrackPointExtension>
        </extensions>
      </trkpt>
      <trkpt lat="31.22370268218219280242919921875" lon="121.41918475739657878875732421875">
        <ele>6</ele>
        <time>2026-05-09T10:23:11.000Z</time>
        <extensions>
          <ns3:TrackPointExtension>
            <ns3:hr>152</ns3:hr>
            <ns3:cad>83</ns3:cad>
          </ns3:TrackPointExtension>
        </extensions>
      </trkpt>
      <trkpt lat="31.2237237207591533660888671875" lon="121.41915961168706417083740234375">
        <ele>6.19999980926513671875</ele>
        <time>2026-05-09T10:23:12.000Z</time>
        <extensions>
          <ns3:TrackPointExtension>
            <ns3:hr>152</ns3:hr>
            <ns3:cad>83</ns3:cad>
          </ns3:TrackPointExtension>
        </extensions>
      </trkpt>
      <trkpt lat="31.2237445078790187835693359375" lon="121.4191330410540103912353515625">
        <ele>6.19999980926513671875</ele>
        <time>2026-05-09T10:23:13.000Z</time>
        <extensions>
          <ns3:TrackPointExtension>
            <ns3:hr>151</ns3:hr>
            <ns3:cad>84</ns3:cad>
          </ns3:TrackPointExtension>
        </extensions>
      </trkpt>
      <trkpt lat="31.22376571409404277801513671875" lon="121.4191072247922420501708984375">
        <ele>6.19999980926513671875</ele>
        <time>2026-05-09T10:23:14.000Z</time>
        <extensions>
          <ns3:TrackPointExtension>
            <ns3:hr>152</ns3:hr>
            <ns3:cad>84</ns3:cad>
          </ns3:TrackPointExtension>
        </extensions>
      </trkpt>
      <trkpt lat="31.22378717176616191864013671875" lon="121.4190812408924102783203125">
        <ele>6.19999980926513671875</ele>
        <time>2026-05-09T10:23:15.000Z</time>
        <extensions>
          <ns3:TrackPointExtension>
            <ns3:hr>152</ns3:hr>
            <ns3:cad>84</ns3:cad>
          </ns3:TrackPointExtension>
        </extensions>
      </trkpt>
      <trkpt lat="31.22380795888602733612060546875" lon="121.4190539158880710601806640625">
        <ele>6.19999980926513671875</ele>
        <time>2026-05-09T10:23:16.000Z</time>
        <extensions>
          <ns3:TrackPointExtension>
            <ns3:hr>152</ns3:hr>
            <ns3:cad>84</ns3:cad>
          </ns3:TrackPointExtension>
        </extensions>
      </trkpt>
      <trkpt lat="31.22382706962525844573974609375" lon="121.41902424395084381103515625">
        <ele>6.400000095367431640625</ele>
        <time>2026-05-09T10:23:17.000Z</time>
        <extensions>
          <ns3:TrackPointExtension>
            <ns3:hr>152</ns3:hr>
            <ns3:cad>83</ns3:cad>
          </ns3:TrackPointExtension>
        </extensions>
      </trkpt>
      <trkpt lat="31.2238450907170772552490234375" lon="121.41899163834750652313232421875">
        <ele>6.400000095367431640625</ele>
        <time>2026-05-09T10:23:18.000Z</time>
        <extensions>
          <ns3:TrackPointExtension>
            <ns3:hr>152</ns3:hr>
            <ns3:cad>83</ns3:cad>
          </ns3:TrackPointExtension>
        </extensions>
      </trkpt>
      <trkpt lat="31.22386160306632518768310546875" lon="121.4189576916396617889404296875">
        <ele>6.400000095367431640625</ele>
        <time>2026-05-09T10:23:19.000Z</time>
        <extensions>
          <ns3:TrackPointExtension>
            <ns3:hr>152</ns3:hr>
            <ns3:cad>83</ns3:cad>
          </ns3:TrackPointExtension>
        </extensions>
      </trkpt>
      <trkpt lat="31.22387836687266826629638671875" lon="121.41892592422664165496826171875">
        <ele>6.400000095367431640625</ele>
        <time>2026-05-09T10:23:20.000Z</time>
        <extensions>
          <ns3:TrackPointExtension>
            <ns3:hr>153</ns3:hr>
            <ns3:cad>82</ns3:cad>
          </ns3:TrackPointExtension>
        </extensions>
      </trkpt>
      <trkpt lat="31.22389496304094791412353515625" lon="121.418895162642002105712890625">
        <ele>6.599999904632568359375</ele>
        <time>2026-05-09T10:23:21.000Z</time>
        <extensions>
          <ns3:TrackPointExtension>
            <ns3:hr>153</ns3:hr>
            <ns3:cad>82</ns3:cad>
          </ns3:TrackPointExtension>
        </extensions>
      </trkpt>
      <trkpt lat="31.22391172684729099273681640625" lon="121.41886792145669460296630859375">
        <ele>6.599999904632568359375</ele>
        <time>2026-05-09T10:23:22.000Z</time>
        <extensions>
          <ns3:TrackPointExtension>
            <ns3:hr>153</ns3:hr>
            <ns3:cad>82</ns3:cad>
          </ns3:TrackPointExtension>
        </extensions>
      </trkpt>
      <trkpt lat="31.2239299155771732330322265625" lon="121.41884378157556056976318359375">
        <ele>6.599999904632568359375</ele>
        <time>2026-05-09T10:23:23.000Z</time>
        <extensions>
          <ns3:TrackPointExtension>
            <ns3:hr>153</ns3:hr>
            <ns3:cad>83</ns3:cad>
          </ns3:TrackPointExtension>
        </extensions>
      </trkpt>
      <trkpt lat="31.223951540887355804443359375" lon="121.41882014460861682891845703125">
        <ele>6.599999904632568359375</ele>
        <time>2026-05-09T10:23:24.000Z</time>
        <extensions>
          <ns3:TrackPointExtension>
            <ns3:hr>153</ns3:hr>
            <ns3:cad>83</ns3:cad>
          </ns3:TrackPointExtension>
        </extensions>
      </trkpt>
      <trkpt lat="31.2239731661975383758544921875" lon="121.41879667527973651885986328125">
        <ele>6.400000095367431640625</ele>
        <time>2026-05-09T10:23:25.000Z</time>
        <extensions>
          <ns3:TrackPointExtension>
            <ns3:hr>153</ns3:hr>
            <ns3:cad>83</ns3:cad>
          </ns3:TrackPointExtension>
        </extensions>
      </trkpt>
      <trkpt lat="31.223993785679340362548828125" lon="121.41877345740795135498046875">
        <ele>6.400000095367431640625</ele>
        <time>2026-05-09T10:23:26.000Z</time>
        <extensions>
          <ns3:TrackPointExtension>
            <ns3:hr>153</ns3:hr>
            <ns3:cad>83</ns3:cad>
          </ns3:TrackPointExtension>
        </extensions>
      </trkpt>
      <trkpt lat="31.2240167520940303802490234375" lon="121.4187526702880859375">
        <ele>6.400000095367431640625</ele>
        <time>2026-05-09T10:23:27.000Z</time>
        <extensions>
          <ns3:TrackPointExtension>
            <ns3:hr>154</ns3:hr>
            <ns3:cad>83</ns3:cad>
          </ns3:TrackPointExtension>
        </extensions>
      </trkpt>
      <trkpt lat="31.2240390479564666748046875" lon="121.41873213462531566619873046875">
        <ele>6.400000095367431640625</ele>
        <time>2026-05-09T10:23:28.000Z</time>
        <extensions>
          <ns3:TrackPointExtension>
            <ns3:hr>154</ns3:hr>
            <ns3:cad>82</ns3:cad>
          </ns3:TrackPointExtension>
        </extensions>
      </trkpt>
      <trkpt lat="31.224062182009220123291015625" lon="121.418712101876735687255859375">
        <ele>6.400000095367431640625</ele>
        <time>2026-05-09T10:23:29.000Z</time>
        <extensions>
          <ns3:TrackPointExtension>
            <ns3:hr>154</ns3:hr>
            <ns3:cad>82</ns3:cad>
          </ns3:TrackPointExtension>
        </extensions>
      </trkpt>
      <trkpt lat="31.2240864895284175872802734375" lon="121.41869240440428256988525390625">
        <ele>6.400000095367431640625</ele>
        <time>2026-05-09T10:23:30.000Z</time>
        <extensions>
          <ns3:TrackPointExtension>
            <ns3:hr>154</ns3:hr>
            <ns3:cad>82</ns3:cad>
          </ns3:TrackPointExtension>
        </extensions>
      </trkpt>
      <trkpt lat="31.22410970740020275115966796875" lon="121.41867128200829029083251953125">
        <ele>6.599999904632568359375</ele>
        <time>2026-05-09T10:23:31.000Z</time>
        <extensions>
          <ns3:TrackPointExtension>
            <ns3:hr>154</ns3:hr>
            <ns3:cad>83</ns3:cad>
          </ns3:TrackPointExtension>
        </extensions>
      </trkpt>
      <trkpt lat="31.2241320870816707611083984375" lon="121.41864898614585399627685546875">
        <ele>6.599999904632568359375</ele>
        <time>2026-05-09T10:23:32.000Z</time>
        <extensions>
          <ns3:TrackPointExtension>
            <ns3:hr>154</ns3:hr>
            <ns3:cad>83</ns3:cad>
          </ns3:TrackPointExtension>
        </extensions>
      </trkpt>
      <trkpt lat="31.22415463440120220184326171875" lon="121.41862769611179828643798828125">
        <ele>6.599999904632568359375</ele>
        <time>2026-05-09T10:23:33.000Z</time>
        <extensions>
          <ns3:TrackPointExtension>
            <ns3:hr>154</ns3:hr>
            <ns3:cad>82</ns3:cad>
          </ns3:TrackPointExtension>
        </extensions>
      </trkpt>
      <trkpt lat="31.22417944483458995819091796875" lon="121.41860757954418659210205078125">
        <ele>6.599999904632568359375</ele>
        <time>2026-05-09T10:23:34.000Z</time>
        <extensions>
          <ns3:TrackPointExtension>
            <ns3:hr>154</ns3:hr>
            <ns3:cad>82</ns3:cad>
          </ns3:TrackPointExtension>
        </extensions>
      </trkpt>
      <trkpt lat="31.224203668534755706787109375" lon="121.41858696006238460540771484375">
        <ele>6.599999904632568359375</ele>
        <time>2026-05-09T10:23:35.000Z</time>
        <extensions>
          <ns3:TrackPointExtension>
            <ns3:hr>154</ns3:hr>
            <ns3:cad>82</ns3:cad>
          </ns3:TrackPointExtension>
        </extensions>
      </trkpt>
      <trkpt lat="31.2242262996733188629150390625" lon="121.41856466419994831085205078125">
        <ele>6.599999904632568359375</ele>
        <time>2026-05-09T10:23:36.000Z</time>
        <extensions>
          <ns3:TrackPointExtension>
            <ns3:hr>154</ns3:hr>
            <ns3:cad>82</ns3:cad>
          </ns3:TrackPointExtension>
        </extensions>
      </trkpt>
      <trkpt lat="31.2242484278976917266845703125" lon="121.4185419492423534393310546875">
        <ele>6.599999904632568359375</ele>
        <time>2026-05-09T10:23:37.000Z</time>
        <extensions>
          <ns3:TrackPointExtension>
            <ns3:hr>155</ns3:hr>
            <ns3:cad>83</ns3:cad>
          </ns3:TrackPointExtension>
        </extensions>
      </trkpt>
      <trkpt lat="31.2242708913981914520263671875" lon="121.41851940192282199859619140625">
        <ele>6.599999904632568359375</ele>
        <time>2026-05-09T10:23:38.000Z</time>
        <extensions>
          <ns3:TrackPointExtension>
            <ns3:hr>155</ns3:hr>
            <ns3:cad>83</ns3:cad>
          </ns3:TrackPointExtension>
        </extensions>
      </trkpt>
      <trkpt lat="31.22429511509835720062255859375" lon="121.41849827952682971954345703125">
        <ele>6.599999904632568359375</ele>
        <time>2026-05-09T10:23:39.000Z</time>
        <extensions>
          <ns3:TrackPointExtension>
            <ns3:hr>155</ns3:hr>
            <ns3:cad>83</ns3:cad>
          </ns3:TrackPointExtension>
        </extensions>
      </trkpt>
      <trkpt lat="31.22431933879852294921875" lon="121.4184765703976154327392578125">
        <ele>6.80000019073486328125</ele>
        <time>2026-05-09T10:23:40.000Z</time>
        <extensions>
          <ns3:TrackPointExtension>
            <ns3:hr>156</ns3:hr>
            <ns3:cad>83</ns3:cad>
          </ns3:TrackPointExtension>
        </extensions>
      </trkpt>
      <trkpt lat="31.224343478679656982421875" lon="121.41845469363033771514892578125">
        <ele>6.80000019073486328125</ele>
        <time>2026-05-09T10:23:41.000Z</time>
        <extensions>
          <ns3:TrackPointExtension>
            <ns3:hr>156</ns3:hr>
            <ns3:cad>83</ns3:cad>
          </ns3:TrackPointExtension>
        </extensions>
      </trkpt>
      <trkpt lat="31.224365942180156707763671875" lon="121.4184316433966159820556640625">
        <ele>7</ele>
        <time>2026-05-09T10:23:42.000Z</time>
        <extensions>
          <ns3:TrackPointExtension>
            <ns3:hr>156</ns3:hr>
            <ns3:cad>83</ns3:cad>
          </ns3:TrackPointExtension>
        </extensions>
      </trkpt>
      <trkpt lat="31.22438832186162471771240234375" lon="121.4184078387916088104248046875">
        <ele>7</ele>
        <time>2026-05-09T10:23:43.000Z</time>
        <extensions>
          <ns3:TrackPointExtension>
            <ns3:hr>156</ns3:hr>
            <ns3:cad>83</ns3:cad>
          </ns3:TrackPointExtension>
        </extensions>
      </trkpt>
      <trkpt lat="31.224410533905029296875" lon="121.41838395036756992340087890625">
        <ele>7</ele>
        <time>2026-05-09T10:23:44.000Z</time>
        <extensions>
          <ns3:TrackPointExtension>
            <ns3:hr>156</ns3:hr>
            <ns3:cad>83</ns3:cad>
          </ns3:TrackPointExtension>
        </extensions>
      </trkpt>
      <trkpt lat="31.22443442232906818389892578125" lon="121.41836131922900676727294921875">
        <ele>7</ele>
        <time>2026-05-09T10:23:45.000Z</time>
        <extensions>
          <ns3:TrackPointExtension>
            <ns3:hr>156</ns3:hr>
            <ns3:cad>83</ns3:cad>
          </ns3:TrackPointExtension>
        </extensions>
      </trkpt>
      <trkpt lat="31.224457807838916778564453125" lon="121.41833919100463390350341796875">
        <ele>6.80000019073486328125</ele>
        <time>2026-05-09T10:23:46.000Z</time>
        <extensions>
          <ns3:TrackPointExtension>
            <ns3:hr>157</ns3:hr>
            <ns3:cad>83</ns3:cad>
          </ns3:TrackPointExtension>
        </extensions>
      </trkpt>
      <trkpt lat="31.22448152862489223480224609375" lon="121.4183166436851024627685546875">
        <ele>6.80000019073486328125</ele>
        <time>2026-05-09T10:23:47.000Z</time>
        <extensions>
          <ns3:TrackPointExtension>
            <ns3:hr>157</ns3:hr>
            <ns3:cad>83</ns3:cad>
          </ns3:TrackPointExtension>
        </extensions>
      </trkpt>
      <trkpt lat="31.224504411220550537109375" lon="121.418295018374919891357421875">
        <ele>7</ele>
        <time>2026-05-09T10:23:48.000Z</time>
        <extensions>
          <ns3:TrackPointExtension>
            <ns3:hr>157</ns3:hr>
            <ns3:cad>83</ns3:cad>
          </ns3:TrackPointExtension>
        </extensions>
      </trkpt>
      <trkpt lat="31.224525868892669677734375" lon="121.41826995648443698883056640625">
        <ele>7</ele>
        <time>2026-05-09T10:23:49.000Z</time>
        <extensions>
          <ns3:TrackPointExtension>
            <ns3:hr>157</ns3:hr>
            <ns3:cad>83</ns3:cad>
          </ns3:TrackPointExtension>
        </extensions>
      </trkpt>
      <trkpt lat="31.22454824857413768768310546875" lon="121.4182438887655735015869140625">
        <ele>7</ele>
        <time>2026-05-09T10:23:50.000Z</time>
        <extensions>
          <ns3:TrackPointExtension>
            <ns3:hr>157</ns3:hr>
            <ns3:cad>83</ns3:cad>
          </ns3:TrackPointExtension>
        </extensions>
      </trkpt>
      <trkpt lat="31.2245712988078594207763671875" lon="121.41821932978928089141845703125">
        <ele>7</ele>
        <time>2026-05-09T10:23:51.000Z</time>
        <extensions>
          <ns3:TrackPointExtension>
            <ns3:hr>158</ns3:hr>
            <ns3:cad>83</ns3:cad>
          </ns3:TrackPointExtension>
        </extensions>
      </trkpt>
      <trkpt lat="31.22459518723189830780029296875" lon="121.4181952737271785736083984375">
        <ele>7</ele>
        <time>2026-05-09T10:23:52.000Z</time>
        <extensions>
          <ns3:TrackPointExtension>
            <ns3:hr>158</ns3:hr>
            <ns3:cad>83</ns3:cad>
          </ns3:TrackPointExtension>
        </extensions>
      </trkpt>
      <trkpt lat="31.22461882419884204864501953125" lon="121.41817105002701282501220703125">
        <ele>7</ele>
        <time>2026-05-09T10:23:53.000Z</time>
        <extensions>
          <ns3:TrackPointExtension>
            <ns3:hr>158</ns3:hr>
            <ns3:cad>83</ns3:cad>
          </ns3:TrackPointExtension>
        </extensions>
      </trkpt>
      <trkpt lat="31.22464120388031005859375" lon="121.4181466586887836456298828125">
        <ele>7</ele>
        <time>2026-05-09T10:23:54.000Z</time>
        <extensions>
          <ns3:TrackPointExtension>
            <ns3:hr>158</ns3:hr>
            <ns3:cad>83</ns3:cad>
          </ns3:TrackPointExtension>
        </extensions>
      </trkpt>
      <trkpt lat="31.22466358356177806854248046875" lon="121.41812109388411045074462890625">
        <ele>7</ele>
        <time>2026-05-09T10:23:55.000Z</time>
        <extensions>
          <ns3:TrackPointExtension>
            <ns3:hr>158</ns3:hr>
            <ns3:cad>83</ns3:cad>
          </ns3:TrackPointExtension>
        </extensions>
      </trkpt>
      <trkpt lat="31.22468613088130950927734375" lon="121.4180982112884521484375">
        <ele>6.80000019073486328125</ele>
        <time>2026-05-09T10:23:56.000Z</time>
        <extensions>
          <ns3:TrackPointExtension>
            <ns3:hr>159</ns3:hr>
            <ns3:cad>83</ns3:cad>
          </ns3:TrackPointExtension>
        </extensions>
      </trkpt>
      <trkpt lat="31.22470884583890438079833984375" lon="121.4180759154260158538818359375">
        <ele>6.80000019073486328125</ele>
        <time>2026-05-09T10:23:57.000Z</time>
        <extensions>
          <ns3:TrackPointExtension>
            <ns3:hr>159</ns3:hr>
            <ns3:cad>83</ns3:cad>
          </ns3:TrackPointExtension>
        </extensions>
      </trkpt>
      <trkpt lat="31.22473063878715038299560546875" lon="121.4180551283061504364013671875">
        <ele>6.80000019073486328125</ele>
        <time>2026-05-09T10:23:58.000Z</time>
        <extensions>
          <ns3:TrackPointExtension>
            <ns3:hr>159</ns3:hr>
            <ns3:cad>83</ns3:cad>
          </ns3:TrackPointExtension>
        </extensions>
      </trkpt>
      <trkpt lat="31.22475109063088893890380859375" lon="121.41803878359496593475341796875">
        <ele>6.80000019073486328125</ele>
        <time>2026-05-09T10:23:59.000Z</time>
        <extensions>
          <ns3:TrackPointExtension>
            <ns3:hr>159</ns3:hr>
            <ns3:cad>82</ns3:cad>
          </ns3:TrackPointExtension>
        </extensions>
      </trkpt>
      <trkpt lat="31.2247712910175323486328125" lon="121.4180252887308597564697265625">
        <ele>6.599999904632568359375</ele>
        <time>2026-05-09T10:24:00.000Z</time>
        <extensions>
          <ns3:TrackPointExtension>
            <ns3:hr>158</ns3:hr>
            <ns3:cad>83</ns3:cad>
          </ns3:TrackPointExtension>
        </extensions>
      </trkpt>
      <trkpt lat="31.22479283250868320465087890625" lon="121.418020091950893402099609375">
        <ele>6.599999904632568359375</ele>
        <time>2026-05-09T10:24:01.000Z</time>
        <extensions>
          <ns3:TrackPointExtension>
            <ns3:hr>159</ns3:hr>
            <ns3:cad>82</ns3:cad>
          </ns3:TrackPointExtension>
        </extensions>
      </trkpt>
      <trkpt lat="31.22481579892337322235107421875" lon="121.4180217683315277099609375">
        <ele>6.599999904632568359375</ele>
        <time>2026-05-09T10:24:02.000Z</time>
        <extensions>
          <ns3:TrackPointExtension>
            <ns3:hr>159</ns3:hr>
            <ns3:cad>82</ns3:cad>
          </ns3:TrackPointExtension>
        </extensions>
      </trkpt>
      <trkpt lat="31.22483876533806324005126953125" lon="121.41802855767309665679931640625">
        <ele>6.599999904632568359375</ele>
        <time>2026-05-09T10:24:03.000Z</time>
        <extensions>
          <ns3:TrackPointExtension>
            <ns3:hr>159</ns3:hr>
            <ns3:cad>81</ns3:cad>
          </ns3:TrackPointExtension>
        </extensions>
      </trkpt>
      <trkpt lat="31.22486181557178497314453125" lon="121.41803341917693614959716796875">
        <ele>6.400000095367431640625</ele>
        <time>2026-05-09T10:24:04.000Z</time>
        <extensions>
          <ns3:TrackPointExtension>
            <ns3:hr>158</ns3:hr>
            <ns3:cad>80</ns3:cad>
          </ns3:TrackPointExtension>
        </extensions>
      </trkpt>
      <trkpt lat="31.2248851172626018524169921875" lon="121.41803719103336334228515625">
        <ele>6.599999904632568359375</ele>
        <time>2026-05-09T10:24:05.000Z</time>
        <extensions>
          <ns3:TrackPointExtension>
            <ns3:hr>159</ns3:hr>
            <ns3:cad>78</ns3:cad>
          </ns3:TrackPointExtension>
        </extensions>
      </trkpt>
      <trkpt lat="31.2249080836772918701171875" lon="121.41804163344204425811767578125">
        <ele>6.599999904632568359375</ele>
        <time>2026-05-09T10:24:06.000Z</time>
        <extensions>
          <ns3:TrackPointExtension>
            <ns3:hr>159</ns3:hr>
            <ns3:cad>77</ns3:cad>
          </ns3:TrackPointExtension>
        </extensions>
      </trkpt>
      <trkpt lat="31.22492887079715728759765625" lon="121.418046914041042327880859375">
        <ele>6.599999904632568359375</ele>
        <time>2026-05-09T10:24:07.000Z</time>
        <extensions>
          <ns3:TrackPointExtension>
            <ns3:hr>158</ns3:hr>
            <ns3:cad>77</ns3:cad>
          </ns3:TrackPointExtension>
        </extensions>
      </trkpt>
      <trkpt lat="31.22494722716510295867919921875" lon="121.4180494286119937896728515625">
        <ele>6.80000019073486328125</ele>
        <time>2026-05-09T10:24:08.000Z</time>
        <extensions>
          <ns3:TrackPointExtension>
            <ns3:hr>159</ns3:hr>
            <ns3:cad>78</ns3:cad>
          </ns3:TrackPointExtension>
        </extensions>
      </trkpt>
      <trkpt lat="31.2249645777046680450439453125" lon="121.4180517755448818206787109375">
        <ele>6.80000019073486328125</ele>
        <time>2026-05-09T10:24:09.000Z</time>
        <extensions>
          <ns3:TrackPointExtension>
            <ns3:hr>159</ns3:hr>
            <ns3:cad>79</ns3:cad>
          </ns3:TrackPointExtension>
        </extensions>
      </trkpt>
      <trkpt lat="31.2249836884438991546630859375" lon="121.4180601574480533599853515625">
        <ele>7</ele>
        <time>2026-05-09T10:24:10.000Z</time>
        <extensions>
          <ns3:TrackPointExtension>
            <ns3:hr>158</ns3:hr>
            <ns3:cad>79</ns3:cad>
          </ns3:TrackPointExtension>
        </extensions>
      </trkpt>
      <trkpt lat="31.225005649030208587646484375" lon="121.41807398758828639984130859375">
        <ele>7</ele>
        <time>2026-05-09T10:24:11.000Z</time>
        <extensions>
          <ns3:TrackPointExtension>
            <ns3:hr>158</ns3:hr>
            <ns3:cad>79</ns3:cad>
          </ns3:TrackPointExtension>
        </extensions>
      </trkpt>
      <trkpt lat="31.225028447806835174560546875" lon="121.41808790154755115509033203125">
        <ele>7</ele>
        <time>2026-05-09T10:24:12.000Z</time>
        <extensions>
          <ns3:TrackPointExtension>
            <ns3:hr>158</ns3:hr>
            <ns3:cad>76</ns3:cad>
          </ns3:TrackPointExtension>
        </extensions>
      </trkpt>
      <trkpt lat="31.2250557728111743927001953125" lon="121.41810231842100620269775390625">
        <ele>7</ele>
        <time>2026-05-09T10:24:13.000Z</time>
        <extensions>
          <ns3:TrackPointExtension>
            <ns3:hr>158</ns3:hr>
            <ns3:cad>76</ns3:cad>
          </ns3:TrackPointExtension>
        </extensions>
      </trkpt>
      <trkpt lat="31.2250846065580844879150390625" lon="121.41811707057058811187744140625">
        <ele>7</ele>
        <time>2026-05-09T10:24:14.000Z</time>
        <extensions>
          <ns3:TrackPointExtension>
            <ns3:hr>157</ns3:hr>
            <ns3:cad>76</ns3:cad>
          </ns3:TrackPointExtension>
        </extensions>
      </trkpt>
      <trkpt lat="31.22511327266693115234375" lon="121.41813509166240692138671875">
        <ele>7</ele>
        <time>2026-05-09T10:24:15.000Z</time>
        <extensions>
          <ns3:TrackPointExtension>
            <ns3:hr>157</ns3:hr>
            <ns3:cad>75</ns3:cad>
          </ns3:TrackPointExtension>
        </extensions>
      </trkpt>
      <trkpt lat="31.2251412682235240936279296875" lon="121.418154202401638031005859375">
        <ele>7</ele>
        <time>2026-05-09T10:24:16.000Z</time>
        <extensions>
          <ns3:TrackPointExtension>
            <ns3:hr>157</ns3:hr>
            <ns3:cad>79</ns3:cad>
          </ns3:TrackPointExtension>
        </extensions>
      </trkpt>
      <trkpt lat="31.225164569914340972900390625" lon="121.41817666590213775634765625">
        <ele>7.19999980926513671875</ele>
        <time>2026-05-09T10:24:17.000Z</time>
        <extensions>
          <ns3:TrackPointExtension>
            <ns3:hr>156</ns3:hr>
            <ns3:cad>80</ns3:cad>
          </ns3:TrackPointExtension>
        </extensions>
      </trkpt>
      <trkpt lat="31.225188039243221282958984375" lon="121.4181979559361934661865234375">
        <ele>7.19999980926513671875</ele>
        <time>2026-05-09T10:24:18.000Z</time>
        <extensions>
          <ns3:TrackPointExtension>
            <ns3:hr>156</ns3:hr>
            <ns3:cad>80</ns3:cad>
          </ns3:TrackPointExtension>
        </extensions>
      </trkpt>
      <trkpt lat="31.225208155810832977294921875" lon="121.4182153902947902679443359375">
        <ele>7.19999980926513671875</ele>
        <time>2026-05-09T10:24:19.000Z</time>
        <extensions>
          <ns3:TrackPointExtension>
            <ns3:hr>156</ns3:hr>
            <ns3:cad>81</ns3:cad>
          </ns3:TrackPointExtension>
        </extensions>
      </trkpt>
      <trkpt lat="31.2252230755984783172607421875" lon="121.418227292597293853759765625">
        <ele>7.19999980926513671875</ele>
        <time>2026-05-09T10:24:20.000Z</time>
        <extensions>
          <ns3:TrackPointExtension>
            <ns3:hr>156</ns3:hr>
            <ns3:cad>81</ns3:cad>
          </ns3:TrackPointExtension>
        </extensions>
      </trkpt>
      <trkpt lat="31.22523724101483821868896484375" lon="121.41824129037559032440185546875">
        <ele>7.19999980926513671875</ele>
        <time>2026-05-09T10:24:21.000Z</time>
        <extensions>
          <ns3:TrackPointExtension>
            <ns3:hr>156</ns3:hr>
            <ns3:cad>82</ns3:cad>
          </ns3:TrackPointExtension>
        </extensions>
      </trkpt>
      <trkpt lat="31.22524939477443695068359375" lon="121.4182572998106479644775390625">
        <ele>7.400000095367431640625</ele>
        <time>2026-05-09T10:24:22.000Z</time>
        <extensions>
          <ns3:TrackPointExtension>
            <ns3:hr>156</ns3:hr>
            <ns3:cad>82</ns3:cad>
          </ns3:TrackPointExtension>
        </extensions>
      </trkpt>
      <trkpt lat="31.225259788334369659423828125" lon="121.41827414743602275848388671875">
        <ele>7.400000095367431640625</ele>
        <time>2026-05-09T10:24:23.000Z</time>
        <extensions>
          <ns3:TrackPointExtension>
            <ns3:hr>156</ns3:hr>
            <ns3:cad>82</ns3:cad>
          </ns3:TrackPointExtension>
        </extensions>
      </trkpt>
      <trkpt lat="31.22526951134204864501953125" lon="121.4182926714420318603515625">
        <ele>7.599999904632568359375</ele>
        <time>2026-05-09T10:24:24.000Z</time>
        <extensions>
          <ns3:TrackPointExtension>
            <ns3:hr>156</ns3:hr>
            <ns3:cad>81</ns3:cad>
          </ns3:TrackPointExtension>
        </extensions>
      </trkpt>
      <trkpt lat="31.2252780608832836151123046875" lon="121.41831270419061183929443359375">
        <ele>7.599999904632568359375</ele>
        <time>2026-05-09T10:24:25.000Z</time>
        <extensions>
          <ns3:TrackPointExtension>
            <ns3:hr>156</ns3:hr>
            <ns3:cad>81</ns3:cad>
          </ns3:TrackPointExtension>
        </extensions>
      </trkpt>
      <trkpt lat="31.22528635896742343902587890625" lon="121.418329887092113494873046875">
        <ele>7.599999904632568359375</ele>
        <time>2026-05-09T10:24:26.000Z</time>
        <extensions>
          <ns3:TrackPointExtension>
            <ns3:hr>156</ns3:hr>
            <ns3:cad>0</ns3:cad>
          </ns3:TrackPointExtension>
        </extensions>
      </trkpt>
      <trkpt lat="31.2252998538315296173095703125" lon="121.4183468185365200042724609375">
        <ele>7.599999904632568359375</ele>
        <time>2026-05-09T10:24:27.000Z</time>
        <extensions>
          <ns3:TrackPointExtension>
            <ns3:hr>156</ns3:hr>
            <ns3:cad>0</ns3:cad>
          </ns3:TrackPointExtension>
        </extensions>
      </trkpt>
      <trkpt lat="31.225317455828189849853515625" lon="121.41836517490446567535400390625">
        <ele>7.80000019073486328125</ele>
        <time>2026-05-09T10:24:28.000Z</time>
        <extensions>
          <ns3:TrackPointExtension>
            <ns3:hr>155</ns3:hr>
            <ns3:cad>68</ns3:cad>
          </ns3:TrackPointExtension>
        </extensions>
      </trkpt>
      <trkpt lat="31.225336901843547821044921875" lon="121.41837540082633495330810546875">
        <ele>7.80000019073486328125</ele>
        <time>2026-05-09T10:24:29.000Z</time>
        <extensions>
          <ns3:TrackPointExtension>
            <ns3:hr>155</ns3:hr>
            <ns3:cad>76</ns3:cad>
          </ns3:TrackPointExtension>
        </extensions>
      </trkpt>
      <trkpt lat="31.22535827569663524627685546875" lon="121.41838579438626766204833984375">
        <ele>7.80000019073486328125</ele>
        <time>2026-05-09T10:24:30.000Z</time>
        <extensions>
          <ns3:TrackPointExtension>
            <ns3:hr>155</ns3:hr>
            <ns3:cad>79</ns3:cad>
          </ns3:TrackPointExtension>
        </extensions>
      </trkpt>
      <trkpt lat="31.22538082301616668701171875" lon="121.41839618794620037078857421875">
        <ele>7.599999904632568359375</ele>
        <time>2026-05-09T10:24:31.000Z</time>
        <extensions>
          <ns3:TrackPointExtension>
            <ns3:hr>155</ns3:hr>
            <ns3:cad>79</ns3:cad>
          </ns3:TrackPointExtension>
        </extensions>
      </trkpt>
      <trkpt lat="31.2254041247069835662841796875" lon="121.41840356402099132537841796875">
        <ele>7.599999904632568359375</ele>
        <time>2026-05-09T10:24:32.000Z</time>
        <extensions>
          <ns3:TrackPointExtension>
            <ns3:hr>155</ns3:hr>
            <ns3:cad>79</ns3:cad>
          </ns3:TrackPointExtension>
        </extensions>
      </trkpt>
      <trkpt lat="31.22542449273169040679931640625" lon="121.4184105210006237030029296875">
        <ele>7.599999904632568359375</ele>
        <time>2026-05-09T10:24:33.000Z</time>
        <extensions>
          <ns3:TrackPointExtension>
            <ns3:hr>154</ns3:hr>
            <ns3:cad>79</ns3:cad>
          </ns3:TrackPointExtension>
        </extensions>
      </trkpt>
      <trkpt lat="31.2254418432712554931640625" lon="121.41841965727508068084716796875">
        <ele>7.599999904632568359375</ele>
        <time>2026-05-09T10:24:34.000Z</time>
        <extensions>
          <ns3:TrackPointExtension>
            <ns3:hr>155</ns3:hr>
            <ns3:cad>79</ns3:cad>
          </ns3:TrackPointExtension>
        </extensions>
      </trkpt>
      <trkpt lat="31.2254547514021396636962890625" lon="121.41842745244503021240234375">
        <ele>7.599999904632568359375</ele>
        <time>2026-05-09T10:24:35.000Z</time>
        <extensions>
          <ns3:TrackPointExtension>
            <ns3:hr>155</ns3:hr>
            <ns3:cad>79</ns3:cad>
          </ns3:TrackPointExtension>
        </extensions>
      </trkpt>
      <trkpt lat="31.225464642047882080078125" lon="121.41843415796756744384765625">
        <ele>7.80000019073486328125</ele>
        <time>2026-05-09T10:24:36.000Z</time>
        <extensions>
          <ns3:TrackPointExtension>
            <ns3:hr>155</ns3:hr>
            <ns3:cad>78</ns3:cad>
          </ns3:TrackPointExtension>
        </extensions>
      </trkpt>
      <trkpt lat="31.2254731915891170501708984375" lon="121.41844044439494609832763671875">
        <ele>8</ele>
        <time>2026-05-09T10:24:37.000Z</time>
        <extensions>
          <ns3:TrackPointExtension>
            <ns3:hr>155</ns3:hr>
            <ns3:cad>78</ns3:cad>
          </ns3:TrackPointExtension>
        </extensions>
      </trkpt>
    </trkseg>
  </trk>
</gpx>
