<?xml version="1.0" encoding="UTF-8"?>
<gpx creator="Garmin Connect" version="1.1"
  xsi:schemaLocation="http://www.topografix.com/GPX/1/1 http://www.topografix.com/GPX/11.xsd"
  xmlns:ns3="http://www.garmin.com/xmlschemas/TrackPointExtension/v1"
  xmlns="http://www.topografix.com/GPX/1/1"
  xmlns:xsi="http://www.w3.org/2001/XMLSchema-instance" xmlns:ns2="http://www.garmin.com/xmlschemas/GpxExtensions/v3">
  <metadata>
    <link href="connect.garmin.com">
      <text>Garmin Connect</text>
    </link>
    <time>2026-05-09T22:58:07.000Z</time>
  </metadata>
  <trk>
    <name>普陀区 跑步</name>
    <type>running</type>
    <trkseg>
      <trkpt lat="31.28539499826729297637939453125" lon="121.3703493587672710418701171875">
        <ele>5.80000019073486328125</ele>
        <time>2026-05-09T22:58:07.000Z</time>
        <extensions>
          <ns3:TrackPointExtension>
            <ns3:hr>89</ns3:hr>
            <ns3:cad>56</ns3:cad>
          </ns3:TrackPointExtension>
        </extensions>
      </trkpt>
      <trkpt lat="31.2853972613811492919921875" lon="121.370361261069774627685546875">
        <ele>5.80000019073486328125</ele>
        <time>2026-05-09T22:58:08.000Z</time>
        <extensions>
          <ns3:TrackPointExtension>
            <ns3:hr>89</ns3:hr>
            <ns3:cad>56</ns3:cad>
          </ns3:TrackPointExtension>
        </extensions>
      </trkpt>
      <trkpt lat="31.28538846038281917572021484375" lon="121.3703620992600917816162109375">
        <ele>5.80000019073486328125</ele>
        <time>2026-05-09T22:58:09.000Z</time>
        <extensions>
          <ns3:TrackPointExtension>
            <ns3:hr>89</ns3:hr>
            <ns3:cad>55</ns3:cad>
          </ns3:TrackPointExtension>
        </extensions>
      </trkpt>
      <trkpt lat="31.2853739596903324127197265625" lon="121.37035178951919078826904296875">
        <ele>5.599999904632568359375</ele>
        <time>2026-05-09T22:58:10.000Z</time>
        <extensions>
          <ns3:TrackPointExtension>
            <ns3:hr>90</ns3:hr>
            <ns3:cad>57</ns3:cad>
          </ns3:TrackPointExtension>
        </extensions>
      </trkpt>
      <trkpt lat="31.2853623926639556884765625" lon="121.3703309185802936553955078125">
        <ele>5.599999904632568359375</ele>
        <time>2026-05-09T22:58:11.000Z</time>
        <extensions>
          <ns3:TrackPointExtension>
            <ns3:hr>90</ns3:hr>
            <ns3:cad>57</ns3:cad>
          </ns3:TrackPointExtension>
        </extensions>
      </trkpt>
      <trkpt lat="31.285353004932403564453125" lon="121.37031264603137969970703125">
        <ele>5.599999904632568359375</ele>
        <time>2026-05-09T22:58:12.000Z</time>
        <extensions>
          <ns3:TrackPointExtension>
            <ns3:hr>90</ns3:hr>
            <ns3:cad>57</ns3:cad>
          </ns3:TrackPointExtension>
        </extensions>
      </trkpt>
      <trkpt lat="31.28534152172505855560302734375" lon="121.3702873326838016510009765625">
        <ele>5.599999904632568359375</ele>
        <time>2026-05-09T22:58:13.000Z</time>
        <extensions>
          <ns3:TrackPointExtension>
            <ns3:hr>91</ns3:hr>
            <ns3:cad>57</ns3:cad>
          </ns3:TrackPointExtension>
        </extensions>
      </trkpt>
      <trkpt lat="31.28533179871737957000732421875" lon="121.3702682219445705413818359375">
        <ele>5.599999904632568359375</ele>
        <time>2026-05-09T22:58:14.000Z</time>
        <extensions>
          <ns3:TrackPointExtension>
            <ns3:hr>93</ns3:hr>
            <ns3:cad>79</ns3:cad>
          </ns3:TrackPointExtension>
        </extensions>
      </trkpt>
      <trkpt lat="31.285320483148097991943359375" lon="121.3702470995485782623291015625">
        <ele>5.80000019073486328125</ele>
        <time>2026-05-09T22:58:15.000Z</time>
        <extensions>
          <ns3:TrackPointExtension>
            <ns3:hr>95</ns3:hr>
            <ns3:cad>79</ns3:cad>
          </ns3:TrackPointExtension>
        </extensions>
      </trkpt>
      <trkpt lat="31.28530732356011867523193359375" lon="121.37022187002003192901611328125">
        <ele>5.80000019073486328125</ele>
        <time>2026-05-09T22:58:16.000Z</time>
        <extensions>
          <ns3:TrackPointExtension>
            <ns3:hr>96</ns3:hr>
            <ns3:cad>79</ns3:cad>
          </ns3:TrackPointExtension>
        </extensions>
      </trkpt>
      <trkpt lat="31.2852951698005199432373046875" lon="121.3702041842043399810791015625">
        <ele>5.80000019073486328125</ele>
        <time>2026-05-09T22:58:17.000Z</time>
        <extensions>
          <ns3:TrackPointExtension>
            <ns3:hr>98</ns3:hr>
            <ns3:cad>80</ns3:cad>
          </ns3:TrackPointExtension>
        </extensions>
      </trkpt>
      <trkpt lat="31.2852807529270648956298828125" lon="121.37018599547445774078369140625">
        <ele>5.80000019073486328125</ele>
        <time>2026-05-09T22:58:18.000Z</time>
        <extensions>
          <ns3:TrackPointExtension>
            <ns3:hr>99</ns3:hr>
            <ns3:cad>81</ns3:cad>
          </ns3:TrackPointExtension>
        </extensions>
      </trkpt>
      <trkpt lat="31.2852599658071994781494140625" lon="121.370170153677463531494140625">
        <ele>5.80000019073486328125</ele>
        <time>2026-05-09T22:58:19.000Z</time>
        <extensions>
          <ns3:TrackPointExtension>
            <ns3:hr>100</ns3:hr>
            <ns3:cad>81</ns3:cad>
          </ns3:TrackPointExtension>
        </extensions>
      </trkpt>
      <trkpt lat="31.2852364964783191680908203125" lon="121.3701582513749599456787109375">
        <ele>5.80000019073486328125</ele>
        <time>2026-05-09T22:58:20.000Z</time>
        <extensions>
          <ns3:TrackPointExtension>
            <ns3:hr>100</ns3:hr>
            <ns3:cad>81</ns3:cad>
          </ns3:TrackPointExtension>
        </extensions>
      </trkpt>
      <trkpt lat="31.285213194787502288818359375" lon="121.37014626525342464447021484375">
        <ele>5.599999904632568359375</ele>
        <time>2026-05-09T22:58:21.000Z</time>
        <extensions>
          <ns3:TrackPointExtension>
            <ns3:hr>101</ns3:hr>
            <ns3:cad>80</ns3:cad>
          </ns3:TrackPointExtension>
        </extensions>
      </trkpt>
      <trkpt lat="31.28519718535244464874267578125" lon="121.37013184837996959686279296875">
        <ele>5.599999904632568359375</ele>
        <time>2026-05-09T22:58:22.000Z</time>
        <extensions>
          <ns3:TrackPointExtension>
            <ns3:hr>102</ns3:hr>
            <ns3:cad>80</ns3:cad>
          </ns3:TrackPointExtension>
        </extensions>
      </trkpt>
      <trkpt lat="31.28518008626997470855712890625" lon="121.37011759914457798004150390625">
        <ele>5.599999904632568359375</ele>
        <time>2026-05-09T22:58:23.000Z</time>
        <extensions>
          <ns3:TrackPointExtension>
            <ns3:hr>102</ns3:hr>
            <ns3:cad>80</ns3:cad>
          </ns3:TrackPointExtension>
        </extensions>
      </trkpt>
      <trkpt lat="31.28515653312206268310546875" lon="121.3700915314257144927978515625">
        <ele>5.599999904632568359375</ele>
        <time>2026-05-09T22:58:24.000Z</time>
        <extensions>
          <ns3:TrackPointExtension>
            <ns3:hr>103</ns3:hr>
            <ns3:cad>81</ns3:cad>
          </ns3:TrackPointExtension>
        </extensions>
      </trkpt>
      <trkpt lat="31.28513750620186328887939453125" lon="121.37007233686745166778564453125">
        <ele>5.599999904632568359375</ele>
        <time>2026-05-09T22:58:25.000Z</time>
        <extensions>
          <ns3:TrackPointExtension>
            <ns3:hr>104</ns3:hr>
            <ns3:cad>81</ns3:cad>
          </ns3:TrackPointExtension>
        </extensions>
      </trkpt>
      <trkpt lat="31.28511738963425159454345703125" lon="121.370056830346584320068359375">
        <ele>5.80000019073486328125</ele>
        <time>2026-05-09T22:58:26.000Z</time>
        <extensions>
          <ns3:TrackPointExtension>
            <ns3:hr>104</ns3:hr>
            <ns3:cad>81</ns3:cad>
          </ns3:TrackPointExtension>
        </extensions>
      </trkpt>
      <trkpt lat="31.2850923277437686920166015625" lon="121.3700419105589389801025390625">
        <ele>5.80000019073486328125</ele>
        <time>2026-05-09T22:58:27.000Z</time>
        <extensions>
          <ns3:TrackPointExtension>
            <ns3:hr>104</ns3:hr>
            <ns3:cad>81</ns3:cad>
          </ns3:TrackPointExtension>
        </extensions>
      </trkpt>
      <trkpt lat="31.28507195971906185150146484375" lon="121.3700305111706256866455078125">
        <ele>5.80000019073486328125</ele>
        <time>2026-05-09T22:58:28.000Z</time>
        <extensions>
          <ns3:TrackPointExtension>
            <ns3:hr>105</ns3:hr>
            <ns3:cad>81</ns3:cad>
          </ns3:TrackPointExtension>
        </extensions>
      </trkpt>
      <trkpt lat="31.285049915313720703125" lon="121.37001601047813892364501953125">
        <ele>5.80000019073486328125</ele>
        <time>2026-05-09T22:58:29.000Z</time>
        <extensions>
          <ns3:TrackPointExtension>
            <ns3:hr>105</ns3:hr>
            <ns3:cad>81</ns3:cad>
          </ns3:TrackPointExtension>
        </extensions>
      </trkpt>
      <trkpt lat="31.28502602688968181610107421875" lon="121.370005197823047637939453125">
        <ele>6</ele>
        <time>2026-05-09T22:58:30.000Z</time>
        <extensions>
          <ns3:TrackPointExtension>
            <ns3:hr>106</ns3:hr>
            <ns3:cad>81</ns3:cad>
          </ns3:TrackPointExtension>
        </extensions>
      </trkpt>
      <trkpt lat="31.28500708378851413726806640625" lon="121.36999723501503467559814453125">
        <ele>6</ele>
        <time>2026-05-09T22:58:31.000Z</time>
        <extensions>
          <ns3:TrackPointExtension>
            <ns3:hr>106</ns3:hr>
            <ns3:cad>81</ns3:cad>
          </ns3:TrackPointExtension>
        </extensions>
      </trkpt>
      <trkpt lat="31.284988559782505035400390625" lon="121.36999187059700489044189453125">
        <ele>6</ele>
        <time>2026-05-09T22:58:32.000Z</time>
        <extensions>
          <ns3:TrackPointExtension>
            <ns3:hr>107</ns3:hr>
            <ns3:cad>81</ns3:cad>
          </ns3:TrackPointExtension>
        </extensions>
      </trkpt>
      <trkpt lat="31.28496768884360790252685546875" lon="121.36998868547379970550537109375">
        <ele>6.19999980926513671875</ele>
        <time>2026-05-09T22:58:33.000Z</time>
        <extensions>
          <ns3:TrackPointExtension>
            <ns3:hr>107</ns3:hr>
            <ns3:cad>81</ns3:cad>
          </ns3:TrackPointExtension>
        </extensions>
      </trkpt>
      <trkpt lat="31.28495126031339168548583984375" lon="121.36998516507446765899658203125">
        <ele>6.19999980926513671875</ele>
        <time>2026-05-09T22:58:34.000Z</time>
        <extensions>
          <ns3:TrackPointExtension>
            <ns3:hr>108</ns3:hr>
            <ns3:cad>81</ns3:cad>
          </ns3:TrackPointExtension>
        </extensions>
      </trkpt>
      <trkpt lat="31.284928210079669952392578125" lon="121.36997929774224758148193359375">
        <ele>6</ele>
        <time>2026-05-09T22:58:35.000Z</time>
        <extensions>
          <ns3:TrackPointExtension>
            <ns3:hr>109</ns3:hr>
            <ns3:cad>81</ns3:cad>
          </ns3:TrackPointExtension>
        </extensions>
      </trkpt>
      <trkpt lat="31.2849072553217411041259765625" lon="121.3699731789529323577880859375">
        <ele>6</ele>
        <time>2026-05-09T22:58:36.000Z</time>
        <extensions>
          <ns3:TrackPointExtension>
            <ns3:hr>111</ns3:hr>
            <ns3:cad>81</ns3:cad>
          </ns3:TrackPointExtension>
        </extensions>
      </trkpt>
      <trkpt lat="31.28488822840154170989990234375" lon="121.36997275985777378082275390625">
        <ele>5.80000019073486328125</ele>
        <time>2026-05-09T22:58:37.000Z</time>
        <extensions>
          <ns3:TrackPointExtension>
            <ns3:hr>113</ns3:hr>
            <ns3:cad>81</ns3:cad>
          </ns3:TrackPointExtension>
        </extensions>
      </trkpt>
      <trkpt lat="31.284864507615566253662109375" lon="121.3699681498110294342041015625">
        <ele>5.80000019073486328125</ele>
        <time>2026-05-09T22:58:38.000Z</time>
        <extensions>
          <ns3:TrackPointExtension>
            <ns3:hr>113</ns3:hr>
            <ns3:cad>80</ns3:cad>
          </ns3:TrackPointExtension>
        </extensions>
      </trkpt>
      <trkpt lat="31.28484196029603481292724609375" lon="121.3699614442884922027587890625">
        <ele>5.80000019073486328125</ele>
        <time>2026-05-09T22:58:39.000Z</time>
        <extensions>
          <ns3:TrackPointExtension>
            <ns3:hr>114</ns3:hr>
            <ns3:cad>80</ns3:cad>
          </ns3:TrackPointExtension>
        </extensions>
      </trkpt>
      <trkpt lat="31.28482134081423282623291015625" lon="121.3699624501168727874755859375">
        <ele>5.80000019073486328125</ele>
        <time>2026-05-09T22:58:40.000Z</time>
        <extensions>
          <ns3:TrackPointExtension>
            <ns3:hr>114</ns3:hr>
            <ns3:cad>80</ns3:cad>
          </ns3:TrackPointExtension>
        </extensions>
      </trkpt>
      <trkpt lat="31.28479619510471820831298828125" lon="121.3699627853929996490478515625">
        <ele>5.80000019073486328125</ele>
        <time>2026-05-09T22:58:41.000Z</time>
        <extensions>
          <ns3:TrackPointExtension>
            <ns3:hr>114</ns3:hr>
            <ns3:cad>80</ns3:cad>
          </ns3:TrackPointExtension>
        </extensions>
      </trkpt>
      <trkpt lat="31.28477792255580425262451171875" lon="121.3699624501168727874755859375">
        <ele>5.80000019073486328125</ele>
        <time>2026-05-09T22:58:42.000Z</time>
        <extensions>
          <ns3:TrackPointExtension>
            <ns3:hr>114</ns3:hr>
            <ns3:cad>80</ns3:cad>
          </ns3:TrackPointExtension>
        </extensions>
      </trkpt>
      <trkpt lat="31.28475696779787540435791015625" lon="121.36996236629784107208251953125">
        <ele>5.80000019073486328125</ele>
        <time>2026-05-09T22:58:43.000Z</time>
        <extensions>
          <ns3:TrackPointExtension>
            <ns3:hr>114</ns3:hr>
            <ns3:cad>81</ns3:cad>
          </ns3:TrackPointExtension>
        </extensions>
      </trkpt>
      <trkpt lat="31.2847332470118999481201171875" lon="121.3699619472026824951171875">
        <ele>5.80000019073486328125</ele>
        <time>2026-05-09T22:58:44.000Z</time>
        <extensions>
          <ns3:TrackPointExtension>
            <ns3:hr>114</ns3:hr>
            <ns3:cad>81</ns3:cad>
          </ns3:TrackPointExtension>
        </extensions>
      </trkpt>
      <trkpt lat="31.2847124598920345306396484375" lon="121.369960270822048187255859375">
        <ele>5.80000019073486328125</ele>
        <time>2026-05-09T22:58:45.000Z</time>
        <extensions>
          <ns3:TrackPointExtension>
            <ns3:hr>115</ns3:hr>
            <ns3:cad>80</ns3:cad>
          </ns3:TrackPointExtension>
        </extensions>
      </trkpt>
      <trkpt lat="31.28468940965831279754638671875" lon="121.36996152810752391815185546875">
        <ele>5.80000019073486328125</ele>
        <time>2026-05-09T22:58:46.000Z</time>
        <extensions>
          <ns3:TrackPointExtension>
            <ns3:hr>115</ns3:hr>
            <ns3:cad>80</ns3:cad>
          </ns3:TrackPointExtension>
        </extensions>
      </trkpt>
      <trkpt lat="31.2846645154058933258056640625" lon="121.369960606098175048828125">
        <ele>5.80000019073486328125</ele>
        <time>2026-05-09T22:58:47.000Z</time>
        <extensions>
          <ns3:TrackPointExtension>
            <ns3:hr>115</ns3:hr>
            <ns3:cad>81</ns3:cad>
          </ns3:TrackPointExtension>
        </extensions>
      </trkpt>
      <trkpt lat="31.2846477515995502471923828125" lon="121.36996488086879253387451171875">
        <ele>6</ele>
        <time>2026-05-09T22:58:48.000Z</time>
        <extensions>
          <ns3:TrackPointExtension>
            <ns3:hr>115</ns3:hr>
            <ns3:cad>81</ns3:cad>
          </ns3:TrackPointExtension>
        </extensions>
      </trkpt>
      <trkpt lat="31.28462268970906734466552734375" lon="121.36996186338365077972412109375">
        <ele>6</ele>
        <time>2026-05-09T22:58:49.000Z</time>
        <extensions>
          <ns3:TrackPointExtension>
            <ns3:hr>116</ns3:hr>
            <ns3:cad>81</ns3:cad>
          </ns3:TrackPointExtension>
        </extensions>
      </trkpt>
      <trkpt lat="31.2845991365611553192138671875" lon="121.36995993554592132568359375">
        <ele>6</ele>
        <time>2026-05-09T22:58:50.000Z</time>
        <extensions>
          <ns3:TrackPointExtension>
            <ns3:hr>116</ns3:hr>
            <ns3:cad>81</ns3:cad>
          </ns3:TrackPointExtension>
        </extensions>
      </trkpt>
      <trkpt lat="31.28458094783127307891845703125" lon="121.36996136046946048736572265625">
        <ele>6</ele>
        <time>2026-05-09T22:58:51.000Z</time>
        <extensions>
          <ns3:TrackPointExtension>
            <ns3:hr>116</ns3:hr>
            <ns3:cad>81</ns3:cad>
          </ns3:TrackPointExtension>
        </extensions>
      </trkpt>
      <trkpt lat="31.28455546684563159942626953125" lon="121.369960270822048187255859375">
        <ele>6</ele>
        <time>2026-05-09T22:58:52.000Z</time>
        <extensions>
          <ns3:TrackPointExtension>
            <ns3:hr>116</ns3:hr>
            <ns3:cad>81</ns3:cad>
          </ns3:TrackPointExtension>
        </extensions>
      </trkpt>
      <trkpt lat="31.28453291952610015869140625" lon="121.369959600269794464111328125">
        <ele>6</ele>
        <time>2026-05-09T22:58:53.000Z</time>
        <extensions>
          <ns3:TrackPointExtension>
            <ns3:hr>117</ns3:hr>
            <ns3:cad>81</ns3:cad>
          </ns3:TrackPointExtension>
        </extensions>
      </trkpt>
      <trkpt lat="31.28451322205364704132080078125" lon="121.3699637912213802337646484375">
        <ele>6</ele>
        <time>2026-05-09T22:58:54.000Z</time>
        <extensions>
          <ns3:TrackPointExtension>
            <ns3:hr>117</ns3:hr>
            <ns3:cad>81</ns3:cad>
          </ns3:TrackPointExtension>
        </extensions>
      </trkpt>
      <trkpt lat="31.2844901718199253082275390625" lon="121.36996739543974399566650390625">
        <ele>6</ele>
        <time>2026-05-09T22:58:55.000Z</time>
        <extensions>
          <ns3:TrackPointExtension>
            <ns3:hr>117</ns3:hr>
            <ns3:cad>81</ns3:cad>
          </ns3:TrackPointExtension>
        </extensions>
      </trkpt>
      <trkpt lat="31.28446578048169612884521484375" lon="121.36996689252555370330810546875">
        <ele>6</ele>
        <time>2026-05-09T22:58:56.000Z</time>
        <extensions>
          <ns3:TrackPointExtension>
            <ns3:hr>118</ns3:hr>
            <ns3:cad>81</ns3:cad>
          </ns3:TrackPointExtension>
        </extensions>
      </trkpt>
      <trkpt lat="31.28444633446633815765380859375" lon="121.3699699938297271728515625">
        <ele>6</ele>
        <time>2026-05-09T22:58:57.000Z</time>
        <extensions>
          <ns3:TrackPointExtension>
            <ns3:hr>117</ns3:hr>
            <ns3:cad>81</ns3:cad>
          </ns3:TrackPointExtension>
        </extensions>
      </trkpt>
      <trkpt lat="31.28442118875682353973388671875" lon="121.3699701614677906036376953125">
        <ele>6</ele>
        <time>2026-05-09T22:58:58.000Z</time>
        <extensions>
          <ns3:TrackPointExtension>
            <ns3:hr>117</ns3:hr>
            <ns3:cad>80</ns3:cad>
          </ns3:TrackPointExtension>
        </extensions>
      </trkpt>
      <trkpt lat="31.28439788706600666046142578125" lon="121.369971334934234619140625">
        <ele>6</ele>
        <time>2026-05-09T22:58:59.000Z</time>
        <extensions>
          <ns3:TrackPointExtension>
            <ns3:hr>118</ns3:hr>
            <ns3:cad>80</ns3:cad>
          </ns3:TrackPointExtension>
        </extensions>
      </trkpt>
      <trkpt lat="31.28437869250774383544921875" lon="121.3699775375425815582275390625">
        <ele>6</ele>
        <time>2026-05-09T22:59:00.000Z</time>
        <extensions>
          <ns3:TrackPointExtension>
            <ns3:hr>117</ns3:hr>
            <ns3:cad>80</ns3:cad>
          </ns3:TrackPointExtension>
        </extensions>
      </trkpt>
      <trkpt lat="31.2843547202646732330322265625" lon="121.3699805550277233123779296875">
        <ele>6</ele>
        <time>2026-05-09T22:59:01.000Z</time>
        <extensions>
          <ns3:TrackPointExtension>
            <ns3:hr>118</ns3:hr>
            <ns3:cad>80</ns3:cad>
          </ns3:TrackPointExtension>
        </extensions>
      </trkpt>
      <trkpt lat="31.28433250822126865386962890625" lon="121.36998114176094532012939453125">
        <ele>6</ele>
        <time>2026-05-09T22:59:02.000Z</time>
        <extensions>
          <ns3:TrackPointExtension>
            <ns3:hr>118</ns3:hr>
            <ns3:cad>80</ns3:cad>
          </ns3:TrackPointExtension>
        </extensions>
      </trkpt>
      <trkpt lat="31.28431440331041812896728515625" lon="121.36998248286545276641845703125">
        <ele>5.80000019073486328125</ele>
        <time>2026-05-09T22:59:03.000Z</time>
        <extensions>
          <ns3:TrackPointExtension>
            <ns3:hr>119</ns3:hr>
            <ns3:cad>80</ns3:cad>
          </ns3:TrackPointExtension>
        </extensions>
      </trkpt>
      <trkpt lat="31.28428925760090351104736328125" lon="121.3699825666844844818115234375">
        <ele>5.80000019073486328125</ele>
        <time>2026-05-09T22:59:04.000Z</time>
        <extensions>
          <ns3:TrackPointExtension>
            <ns3:hr>119</ns3:hr>
            <ns3:cad>80</ns3:cad>
          </ns3:TrackPointExtension>
        </extensions>
      </trkpt>
      <trkpt lat="31.2842662073671817779541015625" lon="121.36998332105576992034912109375">
        <ele>5.80000019073486328125</ele>
        <time>2026-05-09T22:59:05.000Z</time>
        <extensions>
          <ns3:TrackPointExtension>
            <ns3:hr>120</ns3:hr>
            <ns3:cad>80</ns3:cad>
          </ns3:TrackPointExtension>
        </extensions>
      </trkpt>
      <trkpt lat="31.28424600698053836822509765625" lon="121.36998273432254791259765625">
        <ele>5.80000019073486328125</ele>
        <time>2026-05-09T22:59:06.000Z</time>
        <extensions>
          <ns3:TrackPointExtension>
            <ns3:hr>120</ns3:hr>
            <ns3:cad>80</ns3:cad>
          </ns3:TrackPointExtension>
        </extensions>
      </trkpt>
      <trkpt lat="31.28422312438488006591796875" lon="121.36998617090284824371337890625">
        <ele>5.80000019073486328125</ele>
        <time>2026-05-09T22:59:07.000Z</time>
        <extensions>
          <ns3:TrackPointExtension>
            <ns3:hr>121</ns3:hr>
            <ns3:cad>80</ns3:cad>
          </ns3:TrackPointExtension>
        </extensions>
      </trkpt>
      <trkpt lat="31.2842011637985706329345703125" lon="121.3699916191399097442626953125">
        <ele>5.80000019073486328125</ele>
        <time>2026-05-09T22:59:08.000Z</time>
        <extensions>
          <ns3:TrackPointExtension>
            <ns3:hr>121</ns3:hr>
            <ns3:cad>80</ns3:cad>
          </ns3:TrackPointExtension>
        </extensions>
      </trkpt>
      <trkpt lat="31.28418155014514923095703125" lon="121.3699968159198760986328125">
        <ele>5.80000019073486328125</ele>
        <time>2026-05-09T22:59:09.000Z</time>
        <extensions>
          <ns3:TrackPointExtension>
            <ns3:hr>121</ns3:hr>
            <ns3:cad>80</ns3:cad>
          </ns3:TrackPointExtension>
        </extensions>
      </trkpt>
      <trkpt lat="31.28415741026401519775390625" lon="121.37000125832855701446533203125">
        <ele>5.80000019073486328125</ele>
        <time>2026-05-09T22:59:10.000Z</time>
        <extensions>
          <ns3:TrackPointExtension>
            <ns3:hr>122</ns3:hr>
            <ns3:cad>79</ns3:cad>
          </ns3:TrackPointExtension>
        </extensions>
      </trkpt>
      <trkpt lat="31.2841354496777057647705078125" lon="121.37000620365142822265625">
        <ele>6</ele>
        <time>2026-05-09T22:59:11.000Z</time>
        <extensions>
          <ns3:TrackPointExtension>
            <ns3:hr>122</ns3:hr>
            <ns3:cad>79</ns3:cad>
          </ns3:TrackPointExtension>
        </extensions>
      </trkpt>
      <trkpt lat="31.2841146625578403472900390625" lon="121.37001198716461658477783203125">
        <ele>6</ele>
        <time>2026-05-09T22:59:12.000Z</time>
        <extensions>
          <ns3:TrackPointExtension>
            <ns3:hr>123</ns3:hr>
            <ns3:cad>80</ns3:cad>
          </ns3:TrackPointExtension>
        </extensions>
      </trkpt>
      <trkpt lat="31.284092701971530914306640625" lon="121.37001760303974151611328125">
        <ele>6</ele>
        <time>2026-05-09T22:59:13.000Z</time>
        <extensions>
          <ns3:TrackPointExtension>
            <ns3:hr>123</ns3:hr>
            <ns3:cad>80</ns3:cad>
          </ns3:TrackPointExtension>
        </extensions>
      </trkpt>
      <trkpt lat="31.2840724177658557891845703125" lon="121.37002305127680301666259765625">
        <ele>6</ele>
        <time>2026-05-09T22:59:14.000Z</time>
        <extensions>
          <ns3:TrackPointExtension>
            <ns3:hr>123</ns3:hr>
            <ns3:cad>81</ns3:cad>
          </ns3:TrackPointExtension>
        </extensions>
      </trkpt>
      <trkpt lat="31.2840533070266246795654296875" lon="121.37003009207546710968017578125">
        <ele>6</ele>
        <time>2026-05-09T22:59:15.000Z</time>
        <extensions>
          <ns3:TrackPointExtension>
            <ns3:hr>123</ns3:hr>
            <ns3:cad>81</ns3:cad>
          </ns3:TrackPointExtension>
        </extensions>
      </trkpt>
      <trkpt lat="31.28403293900191783905029296875" lon="121.3700375519692897796630859375">
        <ele>6</ele>
        <time>2026-05-09T22:59:16.000Z</time>
        <extensions>
          <ns3:TrackPointExtension>
            <ns3:hr>123</ns3:hr>
            <ns3:cad>81</ns3:cad>
          </ns3:TrackPointExtension>
        </extensions>
      </trkpt>
      <trkpt lat="31.28401416353881359100341796875" lon="121.3700435869395732879638671875">
        <ele>6</ele>
        <time>2026-05-09T22:59:17.000Z</time>
        <extensions>
          <ns3:TrackPointExtension>
            <ns3:hr>123</ns3:hr>
            <ns3:cad>81</ns3:cad>
          </ns3:TrackPointExtension>
        </extensions>
      </trkpt>
      <trkpt lat="31.2839917838573455810546875" lon="121.37004911899566650390625">
        <ele>5.80000019073486328125</ele>
        <time>2026-05-09T22:59:18.000Z</time>
        <extensions>
          <ns3:TrackPointExtension>
            <ns3:hr>123</ns3:hr>
            <ns3:cad>81</ns3:cad>
          </ns3:TrackPointExtension>
        </extensions>
      </trkpt>
      <trkpt lat="31.28397560678422451019287109375" lon="121.37005054391920566558837890625">
        <ele>5.80000019073486328125</ele>
        <time>2026-05-09T22:59:19.000Z</time>
        <extensions>
          <ns3:TrackPointExtension>
            <ns3:hr>123</ns3:hr>
            <ns3:cad>81</ns3:cad>
          </ns3:TrackPointExtension>
        </extensions>
      </trkpt>
      <trkpt lat="31.28395892679691314697265625" lon="121.37005959637463092803955078125">
        <ele>5.80000019073486328125</ele>
        <time>2026-05-09T22:59:20.000Z</time>
        <extensions>
          <ns3:TrackPointExtension>
            <ns3:hr>123</ns3:hr>
            <ns3:cad>82</ns3:cad>
          </ns3:TrackPointExtension>
        </extensions>
      </trkpt>
      <trkpt lat="31.2839436717331409454345703125" lon="121.3700670562684535980224609375">
        <ele>5.80000019073486328125</ele>
        <time>2026-05-09T22:59:21.000Z</time>
        <extensions>
          <ns3:TrackPointExtension>
            <ns3:hr>123</ns3:hr>
            <ns3:cad>82</ns3:cad>
          </ns3:TrackPointExtension>
        </extensions>
      </trkpt>
      <trkpt lat="31.283925063908100128173828125" lon="121.37007300741970539093017578125">
        <ele>6</ele>
        <time>2026-05-09T22:59:22.000Z</time>
        <extensions>
          <ns3:TrackPointExtension>
            <ns3:hr>124</ns3:hr>
            <ns3:cad>82</ns3:cad>
          </ns3:TrackPointExtension>
        </extensions>
      </trkpt>
      <trkpt lat="31.2839059531688690185546875" lon="121.37007929384708404541015625">
        <ele>6</ele>
        <time>2026-05-09T22:59:23.000Z</time>
        <extensions>
          <ns3:TrackPointExtension>
            <ns3:hr>123</ns3:hr>
            <ns3:cad>82</ns3:cad>
          </ns3:TrackPointExtension>
        </extensions>
      </trkpt>
      <trkpt lat="31.28388390876352787017822265625" lon="121.3700834847986698150634765625">
        <ele>6</ele>
        <time>2026-05-09T22:59:24.000Z</time>
        <extensions>
          <ns3:TrackPointExtension>
            <ns3:hr>124</ns3:hr>
            <ns3:cad>82</ns3:cad>
          </ns3:TrackPointExtension>
        </extensions>
      </trkpt>
      <trkpt lat="31.2838628701865673065185546875" lon="121.37008868157863616943359375">
        <ele>5.80000019073486328125</ele>
        <time>2026-05-09T22:59:25.000Z</time>
        <extensions>
          <ns3:TrackPointExtension>
            <ns3:hr>124</ns3:hr>
            <ns3:cad>82</ns3:cad>
          </ns3:TrackPointExtension>
        </extensions>
      </trkpt>
      <trkpt lat="31.28384090960025787353515625" lon="121.37009429745376110076904296875">
        <ele>5.80000019073486328125</ele>
        <time>2026-05-09T22:59:26.000Z</time>
        <extensions>
          <ns3:TrackPointExtension>
            <ns3:hr>124</ns3:hr>
            <ns3:cad>82</ns3:cad>
          </ns3:TrackPointExtension>
        </extensions>
      </trkpt>
      <trkpt lat="31.28381886519491672515869140625" lon="121.37010016478598117828369140625">
        <ele>5.80000019073486328125</ele>
        <time>2026-05-09T22:59:27.000Z</time>
        <extensions>
          <ns3:TrackPointExtension>
            <ns3:hr>124</ns3:hr>
            <ns3:cad>82</ns3:cad>
          </ns3:TrackPointExtension>
        </extensions>
      </trkpt>
      <trkpt lat="31.2837978266179561614990234375" lon="121.3701086305081844329833984375">
        <ele>5.80000019073486328125</ele>
        <time>2026-05-09T22:59:28.000Z</time>
        <extensions>
          <ns3:TrackPointExtension>
            <ns3:hr>124</ns3:hr>
            <ns3:cad>82</ns3:cad>
          </ns3:TrackPointExtension>
        </extensions>
      </trkpt>
      <trkpt lat="31.28377460874617099761962890625" lon="121.37011759914457798004150390625">
        <ele>5.80000019073486328125</ele>
        <time>2026-05-09T22:59:29.000Z</time>
        <extensions>
          <ns3:TrackPointExtension>
            <ns3:hr>124</ns3:hr>
            <ns3:cad>82</ns3:cad>
          </ns3:TrackPointExtension>
        </extensions>
      </trkpt>
      <trkpt lat="31.28375298343598842620849609375" lon="121.37012296356260776519775390625">
        <ele>5.80000019073486328125</ele>
        <time>2026-05-09T22:59:30.000Z</time>
        <extensions>
          <ns3:TrackPointExtension>
            <ns3:hr>125</ns3:hr>
            <ns3:cad>82</ns3:cad>
          </ns3:TrackPointExtension>
        </extensions>
      </trkpt>
      <trkpt lat="31.2837344594299793243408203125" lon="121.3701309263706207275390625">
        <ele>5.80000019073486328125</ele>
        <time>2026-05-09T22:59:31.000Z</time>
        <extensions>
          <ns3:TrackPointExtension>
            <ns3:hr>124</ns3:hr>
            <ns3:cad>82</ns3:cad>
          </ns3:TrackPointExtension>
        </extensions>
      </trkpt>
      <trkpt lat="31.2837093137204647064208984375" lon="121.3701411522924900054931640625">
        <ele>5.80000019073486328125</ele>
        <time>2026-05-09T22:59:32.000Z</time>
        <extensions>
          <ns3:TrackPointExtension>
            <ns3:hr>124</ns3:hr>
            <ns3:cad>82</ns3:cad>
          </ns3:TrackPointExtension>
        </extensions>
      </trkpt>
      <trkpt lat="31.28368140198290348052978515625" lon="121.37015313841402530670166015625">
        <ele>5.80000019073486328125</ele>
        <time>2026-05-09T22:59:33.000Z</time>
        <extensions>
          <ns3:TrackPointExtension>
            <ns3:hr>124</ns3:hr>
            <ns3:cad>82</ns3:cad>
          </ns3:TrackPointExtension>
        </extensions>
      </trkpt>
      <trkpt lat="31.28366120159626007080078125" lon="121.37016068212687969207763671875">
        <ele>5.80000019073486328125</ele>
        <time>2026-05-09T22:59:34.000Z</time>
        <extensions>
          <ns3:TrackPointExtension>
            <ns3:hr>125</ns3:hr>
            <ns3:cad>82</ns3:cad>
          </ns3:TrackPointExtension>
        </extensions>
      </trkpt>
      <trkpt lat="31.2836399115622043609619140625" lon="121.37016990222036838531494140625">
        <ele>5.599999904632568359375</ele>
        <time>2026-05-09T22:59:35.000Z</time>
        <extensions>
          <ns3:TrackPointExtension>
            <ns3:hr>125</ns3:hr>
            <ns3:cad>82</ns3:cad>
          </ns3:TrackPointExtension>
        </extensions>
      </trkpt>
      <trkpt lat="31.2836187891662120819091796875" lon="121.37017996050417423248291015625">
        <ele>5.599999904632568359375</ele>
        <time>2026-05-09T22:59:36.000Z</time>
        <extensions>
          <ns3:TrackPointExtension>
            <ns3:hr>125</ns3:hr>
            <ns3:cad>82</ns3:cad>
          </ns3:TrackPointExtension>
        </extensions>
      </trkpt>
      <trkpt lat="31.28359724767506122589111328125" lon="121.37018985114991664886474609375">
        <ele>5.599999904632568359375</ele>
        <time>2026-05-09T22:59:37.000Z</time>
        <extensions>
          <ns3:TrackPointExtension>
            <ns3:hr>124</ns3:hr>
            <ns3:cad>82</ns3:cad>
          </ns3:TrackPointExtension>
        </extensions>
      </trkpt>
      <trkpt lat="31.283577717840671539306640625" lon="121.370200999081134796142578125">
        <ele>5.599999904632568359375</ele>
        <time>2026-05-09T22:59:38.000Z</time>
        <extensions>
          <ns3:TrackPointExtension>
            <ns3:hr>125</ns3:hr>
            <ns3:cad>82</ns3:cad>
          </ns3:TrackPointExtension>
        </extensions>
      </trkpt>
      <trkpt lat="31.28355634398758411407470703125" lon="121.37020996771752834320068359375">
        <ele>5.599999904632568359375</ele>
        <time>2026-05-09T22:59:39.000Z</time>
        <extensions>
          <ns3:TrackPointExtension>
            <ns3:hr>125</ns3:hr>
            <ns3:cad>82</ns3:cad>
          </ns3:TrackPointExtension>
        </extensions>
      </trkpt>
      <trkpt lat="31.28353723324835300445556640625" lon="121.370221115648746490478515625">
        <ele>5.599999904632568359375</ele>
        <time>2026-05-09T22:59:40.000Z</time>
        <extensions>
          <ns3:TrackPointExtension>
            <ns3:hr>125</ns3:hr>
            <ns3:cad>82</ns3:cad>
          </ns3:TrackPointExtension>
        </extensions>
      </trkpt>
      <trkpt lat="31.28351904451847076416015625" lon="121.37023109011352062225341796875">
        <ele>5.599999904632568359375</ele>
        <time>2026-05-09T22:59:41.000Z</time>
        <extensions>
          <ns3:TrackPointExtension>
            <ns3:hr>125</ns3:hr>
            <ns3:cad>82</ns3:cad>
          </ns3:TrackPointExtension>
        </extensions>
      </trkpt>
      <trkpt lat="31.283499933779239654541015625" lon="121.37023997493088245391845703125">
        <ele>5.80000019073486328125</ele>
        <time>2026-05-09T22:59:42.000Z</time>
        <extensions>
          <ns3:TrackPointExtension>
            <ns3:hr>126</ns3:hr>
            <ns3:cad>82</ns3:cad>
          </ns3:TrackPointExtension>
        </extensions>
      </trkpt>
      <trkpt lat="31.2834793142974376678466796875" lon="121.37024986557662487030029296875">
        <ele>5.80000019073486328125</ele>
        <time>2026-05-09T22:59:43.000Z</time>
        <extensions>
          <ns3:TrackPointExtension>
            <ns3:hr>126</ns3:hr>
            <ns3:cad>82</ns3:cad>
          </ns3:TrackPointExtension>
        </extensions>
      </trkpt>
      <trkpt lat="31.28345877863466739654541015625" lon="121.37026109732687473297119140625">
        <ele>5.80000019073486328125</ele>
        <time>2026-05-09T22:59:44.000Z</time>
        <extensions>
          <ns3:TrackPointExtension>
            <ns3:hr>126</ns3:hr>
            <ns3:cad>81</ns3:cad>
          </ns3:TrackPointExtension>
        </extensions>
      </trkpt>
      <trkpt lat="31.283437907695770263671875" lon="121.37027082033455371856689453125">
        <ele>5.80000019073486328125</ele>
        <time>2026-05-09T22:59:45.000Z</time>
        <extensions>
          <ns3:TrackPointExtension>
            <ns3:hr>126</ns3:hr>
            <ns3:cad>81</ns3:cad>
          </ns3:TrackPointExtension>
        </extensions>
      </trkpt>
      <trkpt lat="31.28341334871947765350341796875" lon="121.3702782802283763885498046875">
        <ele>5.599999904632568359375</ele>
        <time>2026-05-09T22:59:46.000Z</time>
        <extensions>
          <ns3:TrackPointExtension>
            <ns3:hr>127</ns3:hr>
            <ns3:cad>82</ns3:cad>
          </ns3:TrackPointExtension>
        </extensions>
      </trkpt>
      <trkpt lat="31.28338887356221675872802734375" lon="121.37028205208480358123779296875">
        <ele>5.599999904632568359375</ele>
        <time>2026-05-09T22:59:47.000Z</time>
        <extensions>
          <ns3:TrackPointExtension>
            <ns3:hr>127</ns3:hr>
            <ns3:cad>82</ns3:cad>
          </ns3:TrackPointExtension>
        </extensions>
      </trkpt>
      <trkpt lat="31.2833656556904315948486328125" lon="121.37028423137962818145751953125">
        <ele>5.599999904632568359375</ele>
        <time>2026-05-09T22:59:48.000Z</time>
        <extensions>
          <ns3:TrackPointExtension>
            <ns3:hr>127</ns3:hr>
            <ns3:cad>81</ns3:cad>
          </ns3:TrackPointExtension>
        </extensions>
      </trkpt>
      <trkpt lat="31.283341683447360992431640625" lon="121.37028926052153110504150390625">
        <ele>5.599999904632568359375</ele>
        <time>2026-05-09T22:59:49.000Z</time>
        <extensions>
          <ns3:TrackPointExtension>
            <ns3:hr>127</ns3:hr>
            <ns3:cad>81</ns3:cad>
          </ns3:TrackPointExtension>
        </extensions>
      </trkpt>
      <trkpt lat="31.2833212316036224365234375" lon="121.37028976343572139739990234375">
        <ele>5.80000019073486328125</ele>
        <time>2026-05-09T22:59:50.000Z</time>
        <extensions>
          <ns3:TrackPointExtension>
            <ns3:hr>128</ns3:hr>
            <ns3:cad>81</ns3:cad>
          </ns3:TrackPointExtension>
        </extensions>
      </trkpt>
      <trkpt lat="31.28330044448375701904296875" lon="121.37028926052153110504150390625">
        <ele>5.80000019073486328125</ele>
        <time>2026-05-09T22:59:51.000Z</time>
        <extensions>
          <ns3:TrackPointExtension>
            <ns3:hr>128</ns3:hr>
            <ns3:cad>80</ns3:cad>
          </ns3:TrackPointExtension>
        </extensions>
      </trkpt>
      <trkpt lat="31.2832781486213207244873046875" lon="121.37029026634991168975830078125">
        <ele>5.80000019073486328125</ele>
        <time>2026-05-09T22:59:52.000Z</time>
        <extensions>
          <ns3:TrackPointExtension>
            <ns3:hr>128</ns3:hr>
            <ns3:cad>80</ns3:cad>
          </ns3:TrackPointExtension>
        </extensions>
      </trkpt>
      <trkpt lat="31.28325895406305789947509765625" lon="121.37028842233121395111083984375">
        <ele>6</ele>
        <time>2026-05-09T22:59:53.000Z</time>
        <extensions>
          <ns3:TrackPointExtension>
            <ns3:hr>127</ns3:hr>
            <ns3:cad>80</ns3:cad>
          </ns3:TrackPointExtension>
        </extensions>
      </trkpt>
      <trkpt lat="31.28323917277157306671142578125" lon="121.370284818112850189208984375">
        <ele>6</ele>
        <time>2026-05-09T22:59:54.000Z</time>
        <extensions>
          <ns3:TrackPointExtension>
            <ns3:hr>127</ns3:hr>
            <ns3:cad>81</ns3:cad>
          </ns3:TrackPointExtension>
        </extensions>
      </trkpt>
      <trkpt lat="31.283216960728168487548828125" lon="121.37027987278997898101806640625">
        <ele>6</ele>
        <time>2026-05-09T22:59:55.000Z</time>
        <extensions>
          <ns3:TrackPointExtension>
            <ns3:hr>127</ns3:hr>
            <ns3:cad>81</ns3:cad>
          </ns3:TrackPointExtension>
        </extensions>
      </trkpt>
      <trkpt lat="31.28319860436022281646728515625" lon="121.37027149088680744171142578125">
        <ele>6</ele>
        <time>2026-05-09T22:59:56.000Z</time>
        <extensions>
          <ns3:TrackPointExtension>
            <ns3:hr>128</ns3:hr>
            <ns3:cad>81</ns3:cad>
          </ns3:TrackPointExtension>
        </extensions>
      </trkpt>
      <trkpt lat="31.283177398145198822021484375" lon="121.37025791220366954803466796875">
        <ele>6</ele>
        <time>2026-05-09T22:59:57.000Z</time>
        <extensions>
          <ns3:TrackPointExtension>
            <ns3:hr>128</ns3:hr>
            <ns3:cad>81</ns3:cad>
          </ns3:TrackPointExtension>
        </extensions>
      </trkpt>
      <trkpt lat="31.283157952129840850830078125" lon="121.3702383823692798614501953125">
        <ele>6.19999980926513671875</ele>
        <time>2026-05-09T22:59:58.000Z</time>
        <extensions>
          <ns3:TrackPointExtension>
            <ns3:hr>128</ns3:hr>
            <ns3:cad>81</ns3:cad>
          </ns3:TrackPointExtension>
        </extensions>
      </trkpt>
      <trkpt lat="31.2831403501331806182861328125" lon="121.37022187002003192901611328125">
        <ele>6.19999980926513671875</ele>
        <time>2026-05-09T22:59:59.000Z</time>
        <extensions>
          <ns3:TrackPointExtension>
            <ns3:hr>128</ns3:hr>
            <ns3:cad>80</ns3:cad>
          </ns3:TrackPointExtension>
        </extensions>
      </trkpt>
      <trkpt lat="31.2831232510507106781005859375" lon="121.37020879425108432769775390625">
        <ele>6.400000095367431640625</ele>
        <time>2026-05-09T23:00:00.000Z</time>
        <extensions>
          <ns3:TrackPointExtension>
            <ns3:hr>127</ns3:hr>
            <ns3:cad>79</ns3:cad>
          </ns3:TrackPointExtension>
        </extensions>
      </trkpt>
      <trkpt lat="31.28310472704470157623291015625" lon="121.37020133435726165771484375">
        <ele>6.599999904632568359375</ele>
        <time>2026-05-09T23:00:01.000Z</time>
        <extensions>
          <ns3:TrackPointExtension>
            <ns3:hr>128</ns3:hr>
            <ns3:cad>79</ns3:cad>
          </ns3:TrackPointExtension>
        </extensions>
      </trkpt>
      <trkpt lat="31.2830913998186588287353515625" lon="121.3701978139579296112060546875">
        <ele>6.599999904632568359375</ele>
        <time>2026-05-09T23:00:02.000Z</time>
        <extensions>
          <ns3:TrackPointExtension>
            <ns3:hr>128</ns3:hr>
            <ns3:cad>79</ns3:cad>
          </ns3:TrackPointExtension>
        </extensions>
      </trkpt>
      <trkpt lat="31.283074133098125457763671875" lon="121.37019488029181957244873046875">
        <ele>6.599999904632568359375</ele>
        <time>2026-05-09T23:00:03.000Z</time>
        <extensions>
          <ns3:TrackPointExtension>
            <ns3:hr>128</ns3:hr>
            <ns3:cad>79</ns3:cad>
          </ns3:TrackPointExtension>
        </extensions>
      </trkpt>
      <trkpt lat="31.28305326215922832489013671875" lon="121.3701874203979969024658203125">
        <ele>6.599999904632568359375</ele>
        <time>2026-05-09T23:00:04.000Z</time>
        <extensions>
          <ns3:TrackPointExtension>
            <ns3:hr>127</ns3:hr>
            <ns3:cad>79</ns3:cad>
          </ns3:TrackPointExtension>
        </extensions>
      </trkpt>
      <trkpt lat="31.28303381614387035369873046875" lon="121.37018096633255481719970703125">
        <ele>6.400000095367431640625</ele>
        <time>2026-05-09T23:00:05.000Z</time>
        <extensions>
          <ns3:TrackPointExtension>
            <ns3:hr>128</ns3:hr>
            <ns3:cad>77</ns3:cad>
          </ns3:TrackPointExtension>
        </extensions>
      </trkpt>
      <trkpt lat="31.28300950862467288970947265625" lon="121.3701817207038402557373046875">
        <ele>6.400000095367431640625</ele>
        <time>2026-05-09T23:00:06.000Z</time>
        <extensions>
          <ns3:TrackPointExtension>
            <ns3:hr>128</ns3:hr>
            <ns3:cad>77</ns3:cad>
          </ns3:TrackPointExtension>
        </extensions>
      </trkpt>
      <trkpt lat="31.2829854525625705718994140625" lon="121.3701847381889820098876953125">
        <ele>6.400000095367431640625</ele>
        <time>2026-05-09T23:00:07.000Z</time>
        <extensions>
          <ns3:TrackPointExtension>
            <ns3:hr>128</ns3:hr>
            <ns3:cad>77</ns3:cad>
          </ns3:TrackPointExtension>
        </extensions>
      </trkpt>
      <trkpt lat="31.282960809767246246337890625" lon="121.3701845705509185791015625">
        <ele>6.400000095367431640625</ele>
        <time>2026-05-09T23:00:08.000Z</time>
        <extensions>
          <ns3:TrackPointExtension>
            <ns3:hr>128</ns3:hr>
            <ns3:cad>77</ns3:cad>
          </ns3:TrackPointExtension>
        </extensions>
      </trkpt>
      <trkpt lat="31.28293775953352451324462890625" lon="121.3701746799051761627197265625">
        <ele>6.400000095367431640625</ele>
        <time>2026-05-09T23:00:09.000Z</time>
        <extensions>
          <ns3:TrackPointExtension>
            <ns3:hr>128</ns3:hr>
            <ns3:cad>79</ns3:cad>
          </ns3:TrackPointExtension>
        </extensions>
      </trkpt>
      <trkpt lat="31.282915212213993072509765625" lon="121.370163448154926300048828125">
        <ele>6.400000095367431640625</ele>
        <time>2026-05-09T23:00:10.000Z</time>
        <extensions>
          <ns3:TrackPointExtension>
            <ns3:hr>128</ns3:hr>
            <ns3:cad>79</ns3:cad>
          </ns3:TrackPointExtension>
        </extensions>
      </trkpt>
      <trkpt lat="31.28289668820798397064208984375" lon="121.370146684348583221435546875">
        <ele>6.400000095367431640625</ele>
        <time>2026-05-09T23:00:11.000Z</time>
        <extensions>
          <ns3:TrackPointExtension>
            <ns3:hr>128</ns3:hr>
            <ns3:cad>79</ns3:cad>
          </ns3:TrackPointExtension>
        </extensions>
      </trkpt>
      <trkpt lat="31.28287724219262599945068359375" lon="121.3701297529041767120361328125">
        <ele>6.19999980926513671875</ele>
        <time>2026-05-09T23:00:12.000Z</time>
        <extensions>
          <ns3:TrackPointExtension>
            <ns3:hr>128</ns3:hr>
            <ns3:cad>79</ns3:cad>
          </ns3:TrackPointExtension>
        </extensions>
      </trkpt>
      <trkpt lat="31.2828583829104900360107421875" lon="121.3701133243739604949951171875">
        <ele>6.19999980926513671875</ele>
        <time>2026-05-09T23:00:13.000Z</time>
        <extensions>
          <ns3:TrackPointExtension>
            <ns3:hr>128</ns3:hr>
            <ns3:cad>78</ns3:cad>
          </ns3:TrackPointExtension>
        </extensions>
      </trkpt>
      <trkpt lat="31.2828389368951320648193359375" lon="121.3700973987579345703125">
        <ele>6.19999980926513671875</ele>
        <time>2026-05-09T23:00:14.000Z</time>
        <extensions>
          <ns3:TrackPointExtension>
            <ns3:hr>128</ns3:hr>
            <ns3:cad>78</ns3:cad>
          </ns3:TrackPointExtension>
        </extensions>
      </trkpt>
      <trkpt lat="31.282823346555233001708984375" lon="121.37008004821836948394775390625">
        <ele>6</ele>
        <time>2026-05-09T23:00:15.000Z</time>
        <extensions>
          <ns3:TrackPointExtension>
            <ns3:hr>129</ns3:hr>
            <ns3:cad>79</ns3:cad>
          </ns3:TrackPointExtension>
        </extensions>
      </trkpt>
      <trkpt lat="31.2828062474727630615234375" lon="121.3700650446116924285888671875">
        <ele>6</ele>
        <time>2026-05-09T23:00:16.000Z</time>
        <extensions>
          <ns3:TrackPointExtension>
            <ns3:hr>129</ns3:hr>
            <ns3:cad>79</ns3:cad>
          </ns3:TrackPointExtension>
        </extensions>
      </trkpt>
      <trkpt lat="31.2827883101999759674072265625" lon="121.37005154974758625030517578125">
        <ele>5.80000019073486328125</ele>
        <time>2026-05-09T23:00:17.000Z</time>
        <extensions>
          <ns3:TrackPointExtension>
            <ns3:hr>129</ns3:hr>
            <ns3:cad>80</ns3:cad>
          </ns3:TrackPointExtension>
        </extensions>
      </trkpt>
      <trkpt lat="31.2827715463936328887939453125" lon="121.37003746815025806427001953125">
        <ele>5.80000019073486328125</ele>
        <time>2026-05-09T23:00:18.000Z</time>
        <extensions>
          <ns3:TrackPointExtension>
            <ns3:hr>130</ns3:hr>
            <ns3:cad>80</ns3:cad>
          </ns3:TrackPointExtension>
        </extensions>
      </trkpt>
      <trkpt lat="31.2827544473111629486083984375" lon="121.37002003379166126251220703125">
        <ele>5.80000019073486328125</ele>
        <time>2026-05-09T23:00:19.000Z</time>
        <extensions>
          <ns3:TrackPointExtension>
            <ns3:hr>131</ns3:hr>
            <ns3:cad>80</ns3:cad>
          </ns3:TrackPointExtension>
        </extensions>
      </trkpt>
      <trkpt lat="31.28273558802902698516845703125" lon="121.3700050301849842071533203125">
        <ele>5.80000019073486328125</ele>
        <time>2026-05-09T23:00:20.000Z</time>
        <extensions>
          <ns3:TrackPointExtension>
            <ns3:hr>131</ns3:hr>
            <ns3:cad>80</ns3:cad>
          </ns3:TrackPointExtension>
        </extensions>
      </trkpt>
      <trkpt lat="31.28272033296525478363037109375" lon="121.369987092912197113037109375">
        <ele>5.599999904632568359375</ele>
        <time>2026-05-09T23:00:21.000Z</time>
        <extensions>
          <ns3:TrackPointExtension>
            <ns3:hr>131</ns3:hr>
            <ns3:cad>80</ns3:cad>
          </ns3:TrackPointExtension>
        </extensions>
      </trkpt>
      <trkpt lat="31.2827028147876262664794921875" lon="121.36996957473456859588623046875">
        <ele>5.599999904632568359375</ele>
        <time>2026-05-09T23:00:22.000Z</time>
        <extensions>
          <ns3:TrackPointExtension>
            <ns3:hr>132</ns3:hr>
            <ns3:cad>81</ns3:cad>
          </ns3:TrackPointExtension>
        </extensions>
      </trkpt>
      <trkpt lat="31.28268563188612461090087890625" lon="121.369954906404018402099609375">
        <ele>5.599999904632568359375</ele>
        <time>2026-05-09T23:00:23.000Z</time>
        <extensions>
          <ns3:TrackPointExtension>
            <ns3:hr>132</ns3:hr>
            <ns3:cad>81</ns3:cad>
          </ns3:TrackPointExtension>
        </extensions>
      </trkpt>
      <trkpt lat="31.282666437327861785888671875" lon="121.36993939988315105438232421875">
        <ele>5.599999904632568359375</ele>
        <time>2026-05-09T23:00:24.000Z</time>
        <extensions>
          <ns3:TrackPointExtension>
            <ns3:hr>132</ns3:hr>
            <ns3:cad>81</ns3:cad>
          </ns3:TrackPointExtension>
        </extensions>
      </trkpt>
      <trkpt lat="31.28264858387410640716552734375" lon="121.36992313899099826812744140625">
        <ele>5.599999904632568359375</ele>
        <time>2026-05-09T23:00:25.000Z</time>
        <extensions>
          <ns3:TrackPointExtension>
            <ns3:hr>131</ns3:hr>
            <ns3:cad>81</ns3:cad>
          </ns3:TrackPointExtension>
        </extensions>
      </trkpt>
      <trkpt lat="31.2826327420771121978759765625" lon="121.36990302242338657379150390625">
        <ele>5.599999904632568359375</ele>
        <time>2026-05-09T23:00:26.000Z</time>
        <extensions>
          <ns3:TrackPointExtension>
            <ns3:hr>131</ns3:hr>
            <ns3:cad>81</ns3:cad>
          </ns3:TrackPointExtension>
        </extensions>
      </trkpt>
      <trkpt lat="31.28261287696659564971923828125" lon="121.36988307349383831024169921875">
        <ele>5.599999904632568359375</ele>
        <time>2026-05-09T23:00:27.000Z</time>
        <extensions>
          <ns3:TrackPointExtension>
            <ns3:hr>131</ns3:hr>
            <ns3:cad>80</ns3:cad>
          </ns3:TrackPointExtension>
        </extensions>
      </trkpt>
      <trkpt lat="31.28259661607444286346435546875" lon="121.36986672878265380859375">
        <ele>5.599999904632568359375</ele>
        <time>2026-05-09T23:00:28.000Z</time>
        <extensions>
          <ns3:TrackPointExtension>
            <ns3:hr>131</ns3:hr>
            <ns3:cad>80</ns3:cad>
          </ns3:TrackPointExtension>
        </extensions>
      </trkpt>
      <trkpt lat="31.2825790978968143463134765625" lon="121.36985138989984989166259765625">
        <ele>5.400000095367431640625</ele>
        <time>2026-05-09T23:00:29.000Z</time>
        <extensions>
          <ns3:TrackPointExtension>
            <ns3:hr>131</ns3:hr>
            <ns3:cad>80</ns3:cad>
          </ns3:TrackPointExtension>
        </extensions>
      </trkpt>
      <trkpt lat="31.28256007097661495208740234375" lon="121.36983429081737995147705078125">
        <ele>5.400000095367431640625</ele>
        <time>2026-05-09T23:00:30.000Z</time>
        <extensions>
          <ns3:TrackPointExtension>
            <ns3:hr>131</ns3:hr>
            <ns3:cad>81</ns3:cad>
          </ns3:TrackPointExtension>
        </extensions>
      </trkpt>
      <trkpt lat="31.282540373504161834716796875" lon="121.36982071213424205780029296875">
        <ele>5.19999980926513671875</ele>
        <time>2026-05-09T23:00:31.000Z</time>
        <extensions>
          <ns3:TrackPointExtension>
            <ns3:hr>131</ns3:hr>
            <ns3:cad>81</ns3:cad>
          </ns3:TrackPointExtension>
        </extensions>
      </trkpt>
      <trkpt lat="31.28252117894589900970458984375" lon="121.369805037975311279296875">
        <ele>5.19999980926513671875</ele>
        <time>2026-05-09T23:00:32.000Z</time>
        <extensions>
          <ns3:TrackPointExtension>
            <ns3:hr>131</ns3:hr>
            <ns3:cad>81</ns3:cad>
          </ns3:TrackPointExtension>
        </extensions>
      </trkpt>
      <trkpt lat="31.282506175339221954345703125" lon="121.36978617869317531585693359375">
        <ele>5.19999980926513671875</ele>
        <time>2026-05-09T23:00:33.000Z</time>
        <extensions>
          <ns3:TrackPointExtension>
            <ns3:hr>131</ns3:hr>
            <ns3:cad>81</ns3:cad>
          </ns3:TrackPointExtension>
        </extensions>
      </trkpt>
      <trkpt lat="31.28248983062803745269775390625" lon="121.3697686605155467987060546875">
        <ele>5.19999980926513671875</ele>
        <time>2026-05-09T23:00:34.000Z</time>
        <extensions>
          <ns3:TrackPointExtension>
            <ns3:hr>130</ns3:hr>
            <ns3:cad>81</ns3:cad>
          </ns3:TrackPointExtension>
        </extensions>
      </trkpt>
      <trkpt lat="31.282467283308506011962890625" lon="121.36975918896496295928955078125">
        <ele>5.19999980926513671875</ele>
        <time>2026-05-09T23:00:35.000Z</time>
        <extensions>
          <ns3:TrackPointExtension>
            <ns3:hr>131</ns3:hr>
            <ns3:cad>81</ns3:cad>
          </ns3:TrackPointExtension>
        </extensions>
      </trkpt>
      <trkpt lat="31.28245018422603607177734375" lon="121.369741000235080718994140625">
        <ele>5.19999980926513671875</ele>
        <time>2026-05-09T23:00:36.000Z</time>
        <extensions>
          <ns3:TrackPointExtension>
            <ns3:hr>130</ns3:hr>
            <ns3:cad>81</ns3:cad>
          </ns3:TrackPointExtension>
        </extensions>
      </trkpt>
      <trkpt lat="31.28243501298129558563232421875" lon="121.3697274215519428253173828125">
        <ele>5.19999980926513671875</ele>
        <time>2026-05-09T23:00:37.000Z</time>
        <extensions>
          <ns3:TrackPointExtension>
            <ns3:hr>130</ns3:hr>
            <ns3:cad>81</ns3:cad>
          </ns3:TrackPointExtension>
        </extensions>
      </trkpt>
      <trkpt lat="31.28241757862269878387451171875" lon="121.3697111606597900390625">
        <ele>5.19999980926513671875</ele>
        <time>2026-05-09T23:00:38.000Z</time>
        <extensions>
          <ns3:TrackPointExtension>
            <ns3:hr>130</ns3:hr>
            <ns3:cad>81</ns3:cad>
          </ns3:TrackPointExtension>
        </extensions>
      </trkpt>
      <trkpt lat="31.282399557530879974365234375" lon="121.36969900690019130706787109375">
        <ele>5.19999980926513671875</ele>
        <time>2026-05-09T23:00:39.000Z</time>
        <extensions>
          <ns3:TrackPointExtension>
            <ns3:hr>131</ns3:hr>
            <ns3:cad>81</ns3:cad>
          </ns3:TrackPointExtension>
        </extensions>
      </trkpt>
      <trkpt lat="31.28238220699131488800048828125" lon="121.36968635022640228271484375">
        <ele>5.19999980926513671875</ele>
        <time>2026-05-09T23:00:40.000Z</time>
        <extensions>
          <ns3:TrackPointExtension>
            <ns3:hr>130</ns3:hr>
            <ns3:cad>81</ns3:cad>
          </ns3:TrackPointExtension>
        </extensions>
      </trkpt>
      <trkpt lat="31.28236628137528896331787109375" lon="121.369673274457454681396484375">
        <ele>5.19999980926513671875</ele>
        <time>2026-05-09T23:00:41.000Z</time>
        <extensions>
          <ns3:TrackPointExtension>
            <ns3:hr>130</ns3:hr>
            <ns3:cad>80</ns3:cad>
          </ns3:TrackPointExtension>
        </extensions>
      </trkpt>
      <trkpt lat="31.2823494337499141693115234375" lon="121.36966195888817310333251953125">
        <ele>5.19999980926513671875</ele>
        <time>2026-05-09T23:00:42.000Z</time>
        <extensions>
          <ns3:TrackPointExtension>
            <ns3:hr>131</ns3:hr>
            <ns3:cad>81</ns3:cad>
          </ns3:TrackPointExtension>
        </extensions>
      </trkpt>
      <trkpt lat="31.2823306582868099212646484375" lon="121.36965014040470123291015625">
        <ele>5.19999980926513671875</ele>
        <time>2026-05-09T23:00:43.000Z</time>
        <extensions>
          <ns3:TrackPointExtension>
            <ns3:hr>131</ns3:hr>
            <ns3:cad>81</ns3:cad>
          </ns3:TrackPointExtension>
        </extensions>
      </trkpt>
      <trkpt lat="31.28231297247111797332763671875" lon="121.3696375675499439239501953125">
        <ele>5</ele>
        <time>2026-05-09T23:00:44.000Z</time>
        <extensions>
          <ns3:TrackPointExtension>
            <ns3:hr>131</ns3:hr>
            <ns3:cad>81</ns3:cad>
          </ns3:TrackPointExtension>
        </extensions>
      </trkpt>
      <trkpt lat="31.2822951190173625946044921875" lon="121.36962088756263256072998046875">
        <ele>5</ele>
        <time>2026-05-09T23:00:45.000Z</time>
        <extensions>
          <ns3:TrackPointExtension>
            <ns3:hr>130</ns3:hr>
            <ns3:cad>81</ns3:cad>
          </ns3:TrackPointExtension>
        </extensions>
      </trkpt>
      <trkpt lat="31.2822793610394001007080078125" lon="121.3696037046611309051513671875">
        <ele>5</ele>
        <time>2026-05-09T23:00:46.000Z</time>
        <extensions>
          <ns3:TrackPointExtension>
            <ns3:hr>131</ns3:hr>
            <ns3:cad>81</ns3:cad>
          </ns3:TrackPointExtension>
        </extensions>
      </trkpt>
      <trkpt lat="31.28226351924240589141845703125" lon="121.369586102664470672607421875">
        <ele>5</ele>
        <time>2026-05-09T23:00:47.000Z</time>
        <extensions>
          <ns3:TrackPointExtension>
            <ns3:hr>131</ns3:hr>
            <ns3:cad>81</ns3:cad>
          </ns3:TrackPointExtension>
        </extensions>
      </trkpt>
      <trkpt lat="31.282248683273792266845703125" lon="121.36957059614360332489013671875">
        <ele>5</ele>
        <time>2026-05-09T23:00:48.000Z</time>
        <extensions>
          <ns3:TrackPointExtension>
            <ns3:hr>130</ns3:hr>
            <ns3:cad>81</ns3:cad>
          </ns3:TrackPointExtension>
        </extensions>
      </trkpt>
      <trkpt lat="31.28223217092454433441162109375" lon="121.3695550896227359771728515625">
        <ele>5.19999980926513671875</ele>
        <time>2026-05-09T23:00:49.000Z</time>
        <extensions>
          <ns3:TrackPointExtension>
            <ns3:hr>130</ns3:hr>
            <ns3:cad>81</ns3:cad>
          </ns3:TrackPointExtension>
        </extensions>
      </trkpt>
      <trkpt lat="31.2822146527469158172607421875" lon="121.36953991837799549102783203125">
        <ele>5.19999980926513671875</ele>
        <time>2026-05-09T23:00:50.000Z</time>
        <extensions>
          <ns3:TrackPointExtension>
            <ns3:hr>130</ns3:hr>
            <ns3:cad>81</ns3:cad>
          </ns3:TrackPointExtension>
        </extensions>
      </trkpt>
      <trkpt lat="31.28219881094992160797119140625" lon="121.36952416040003299713134765625">
        <ele>5.19999980926513671875</ele>
        <time>2026-05-09T23:00:51.000Z</time>
        <extensions>
          <ns3:TrackPointExtension>
            <ns3:hr>130</ns3:hr>
            <ns3:cad>81</ns3:cad>
          </ns3:TrackPointExtension>
        </extensions>
      </trkpt>
      <trkpt lat="31.28218288533389568328857421875" lon="121.369504295289516448974609375">
        <ele>5.19999980926513671875</ele>
        <time>2026-05-09T23:00:52.000Z</time>
        <extensions>
          <ns3:TrackPointExtension>
            <ns3:hr>130</ns3:hr>
            <ns3:cad>81</ns3:cad>
          </ns3:TrackPointExtension>
        </extensions>
      </trkpt>
      <trkpt lat="31.2821663729846477508544921875" lon="121.36948426254093647003173828125">
        <ele>5.19999980926513671875</ele>
        <time>2026-05-09T23:00:53.000Z</time>
        <extensions>
          <ns3:TrackPointExtension>
            <ns3:hr>130</ns3:hr>
            <ns3:cad>81</ns3:cad>
          </ns3:TrackPointExtension>
        </extensions>
      </trkpt>
      <trkpt lat="31.28214977681636810302734375" lon="121.3694669120013713836669921875">
        <ele>5.400000095367431640625</ele>
        <time>2026-05-09T23:00:54.000Z</time>
        <extensions>
          <ns3:TrackPointExtension>
            <ns3:hr>129</ns3:hr>
            <ns3:cad>81</ns3:cad>
          </ns3:TrackPointExtension>
        </extensions>
      </trkpt>
      <trkpt lat="31.282134354114532470703125" lon="121.3694496452808380126953125">
        <ele>5.400000095367431640625</ele>
        <time>2026-05-09T23:00:55.000Z</time>
        <extensions>
          <ns3:TrackPointExtension>
            <ns3:hr>129</ns3:hr>
            <ns3:cad>81</ns3:cad>
          </ns3:TrackPointExtension>
        </extensions>
      </trkpt>
      <trkpt lat="31.28211683593690395355224609375" lon="121.3694343902170658111572265625">
        <ele>5.400000095367431640625</ele>
        <time>2026-05-09T23:00:56.000Z</time>
        <extensions>
          <ns3:TrackPointExtension>
            <ns3:hr>128</ns3:hr>
            <ns3:cad>81</ns3:cad>
          </ns3:TrackPointExtension>
        </extensions>
      </trkpt>
      <trkpt lat="31.28209604881703853607177734375" lon="121.36942156590521335601806640625">
        <ele>5.400000095367431640625</ele>
        <time>2026-05-09T23:00:57.000Z</time>
        <extensions>
          <ns3:TrackPointExtension>
            <ns3:hr>128</ns3:hr>
            <ns3:cad>81</ns3:cad>
          </ns3:TrackPointExtension>
        </extensions>
      </trkpt>
      <trkpt lat="31.28207710571587085723876953125" lon="121.36940983124077320098876953125">
        <ele>5.400000095367431640625</ele>
        <time>2026-05-09T23:00:58.000Z</time>
        <extensions>
          <ns3:TrackPointExtension>
            <ns3:hr>128</ns3:hr>
            <ns3:cad>80</ns3:cad>
          </ns3:TrackPointExtension>
        </extensions>
      </trkpt>
      <trkpt lat="31.28205883316695690155029296875" lon="121.3693975098431110382080078125">
        <ele>5.400000095367431640625</ele>
        <time>2026-05-09T23:00:59.000Z</time>
        <extensions>
          <ns3:TrackPointExtension>
            <ns3:hr>128</ns3:hr>
            <ns3:cad>80</ns3:cad>
          </ns3:TrackPointExtension>
        </extensions>
      </trkpt>
      <trkpt lat="31.2820416502654552459716796875" lon="121.3693854399025440216064453125">
        <ele>5.19999980926513671875</ele>
        <time>2026-05-09T23:01:00.000Z</time>
        <extensions>
          <ns3:TrackPointExtension>
            <ns3:hr>128</ns3:hr>
            <ns3:cad>80</ns3:cad>
          </ns3:TrackPointExtension>
        </extensions>
      </trkpt>
      <trkpt lat="31.2820245511829853057861328125" lon="121.36936993338167667388916015625">
        <ele>5.19999980926513671875</ele>
        <time>2026-05-09T23:01:01.000Z</time>
        <extensions>
          <ns3:TrackPointExtension>
            <ns3:hr>128</ns3:hr>
            <ns3:cad>80</ns3:cad>
          </ns3:TrackPointExtension>
        </extensions>
      </trkpt>
      <trkpt lat="31.28200569190084934234619140625" lon="121.369354762136936187744140625">
        <ele>5.19999980926513671875</ele>
        <time>2026-05-09T23:01:02.000Z</time>
        <extensions>
          <ns3:TrackPointExtension>
            <ns3:hr>128</ns3:hr>
            <ns3:cad>80</ns3:cad>
          </ns3:TrackPointExtension>
        </extensions>
      </trkpt>
      <trkpt lat="31.28198691643774509429931640625" lon="121.3693405129015445709228515625">
        <ele>5</ele>
        <time>2026-05-09T23:01:03.000Z</time>
        <extensions>
          <ns3:TrackPointExtension>
            <ns3:hr>128</ns3:hr>
            <ns3:cad>81</ns3:cad>
          </ns3:TrackPointExtension>
        </extensions>
      </trkpt>
      <trkpt lat="31.2819668836891651153564453125" lon="121.36932567693293094635009765625">
        <ele>5</ele>
        <time>2026-05-09T23:01:04.000Z</time>
        <extensions>
          <ns3:TrackPointExtension>
            <ns3:hr>127</ns3:hr>
            <ns3:cad>81</ns3:cad>
          </ns3:TrackPointExtension>
        </extensions>
      </trkpt>
      <trkpt lat="31.281948275864124298095703125" lon="121.369311846792697906494140625">
        <ele>5</ele>
        <time>2026-05-09T23:01:05.000Z</time>
        <extensions>
          <ns3:TrackPointExtension>
            <ns3:hr>128</ns3:hr>
            <ns3:cad>81</ns3:cad>
          </ns3:TrackPointExtension>
        </extensions>
      </trkpt>
      <trkpt lat="31.281928159296512603759765625" lon="121.369297765195369720458984375">
        <ele>5</ele>
        <time>2026-05-09T23:01:06.000Z</time>
        <extensions>
          <ns3:TrackPointExtension>
            <ns3:hr>128</ns3:hr>
            <ns3:cad>81</ns3:cad>
          </ns3:TrackPointExtension>
        </extensions>
      </trkpt>
      <trkpt lat="31.2819108925759792327880859375" lon="121.3692848570644855499267578125">
        <ele>5</ele>
        <time>2026-05-09T23:01:07.000Z</time>
        <extensions>
          <ns3:TrackPointExtension>
            <ns3:hr>127</ns3:hr>
            <ns3:cad>81</ns3:cad>
          </ns3:TrackPointExtension>
        </extensions>
      </trkpt>
      <trkpt lat="31.28189404495060443878173828125" lon="121.36927437968552112579345703125">
        <ele>5.19999980926513671875</ele>
        <time>2026-05-09T23:01:08.000Z</time>
        <extensions>
          <ns3:TrackPointExtension>
            <ns3:hr>127</ns3:hr>
            <ns3:cad>81</ns3:cad>
          </ns3:TrackPointExtension>
        </extensions>
      </trkpt>
      <trkpt lat="31.28187325783073902130126953125" lon="121.36926230974495410919189453125">
        <ele>5</ele>
        <time>2026-05-09T23:01:09.000Z</time>
        <extensions>
          <ns3:TrackPointExtension>
            <ns3:hr>127</ns3:hr>
            <ns3:cad>81</ns3:cad>
          </ns3:TrackPointExtension>
        </extensions>
      </trkpt>
      <trkpt lat="31.28185498528182506561279296875" lon="121.369252502918243408203125">
        <ele>5</ele>
        <time>2026-05-09T23:01:10.000Z</time>
        <extensions>
          <ns3:TrackPointExtension>
            <ns3:hr>127</ns3:hr>
            <ns3:cad>81</ns3:cad>
          </ns3:TrackPointExtension>
        </extensions>
      </trkpt>
      <trkpt lat="31.28183570690453052520751953125" lon="121.3692422769963741302490234375">
        <ele>5</ele>
        <time>2026-05-09T23:01:11.000Z</time>
        <extensions>
          <ns3:TrackPointExtension>
            <ns3:hr>128</ns3:hr>
            <ns3:cad>81</ns3:cad>
          </ns3:TrackPointExtension>
        </extensions>
      </trkpt>
      <trkpt lat="31.28181584179401397705078125" lon="121.36922978796064853668212890625">
        <ele>5</ele>
        <time>2026-05-09T23:01:12.000Z</time>
        <extensions>
          <ns3:TrackPointExtension>
            <ns3:hr>127</ns3:hr>
            <ns3:cad>81</ns3:cad>
          </ns3:TrackPointExtension>
        </extensions>
      </trkpt>
      <trkpt lat="31.2817989103496074676513671875" lon="121.3692189753055572509765625">
        <ele>4.80000019073486328125</ele>
        <time>2026-05-09T23:01:13.000Z</time>
        <extensions>
          <ns3:TrackPointExtension>
            <ns3:hr>127</ns3:hr>
            <ns3:cad>82</ns3:cad>
          </ns3:TrackPointExtension>
        </extensions>
      </trkpt>
      <trkpt lat="31.281777285039424896240234375" lon="121.3692084141075611114501953125">
        <ele>4.80000019073486328125</ele>
        <time>2026-05-09T23:01:14.000Z</time>
        <extensions>
          <ns3:TrackPointExtension>
            <ns3:hr>128</ns3:hr>
            <ns3:cad>82</ns3:cad>
          </ns3:TrackPointExtension>
        </extensions>
      </trkpt>
      <trkpt lat="31.2817593477666378021240234375" lon="121.36919659562408924102783203125">
        <ele>4.80000019073486328125</ele>
        <time>2026-05-09T23:01:15.000Z</time>
        <extensions>
          <ns3:TrackPointExtension>
            <ns3:hr>127</ns3:hr>
            <ns3:cad>82</ns3:cad>
          </ns3:TrackPointExtension>
        </extensions>
      </trkpt>
      <trkpt lat="31.28173730336129665374755859375" lon="121.3691923208534717559814453125">
        <ele>5</ele>
        <time>2026-05-09T23:01:16.000Z</time>
        <extensions>
          <ns3:TrackPointExtension>
            <ns3:hr>127</ns3:hr>
            <ns3:cad>82</ns3:cad>
          </ns3:TrackPointExtension>
        </extensions>
      </trkpt>
      <trkpt lat="31.2817145884037017822265625" lon="121.3691862858831882476806640625">
        <ele>5</ele>
        <time>2026-05-09T23:01:17.000Z</time>
        <extensions>
          <ns3:TrackPointExtension>
            <ns3:hr>126</ns3:hr>
            <ns3:cad>82</ns3:cad>
          </ns3:TrackPointExtension>
        </extensions>
      </trkpt>
      <trkpt lat="31.2816929630935192108154296875" lon="121.36917782016098499298095703125">
        <ele>5</ele>
        <time>2026-05-09T23:01:18.000Z</time>
        <extensions>
          <ns3:TrackPointExtension>
            <ns3:hr>126</ns3:hr>
            <ns3:cad>82</ns3:cad>
          </ns3:TrackPointExtension>
        </extensions>
      </trkpt>
      <trkpt lat="31.2816716730594635009765625" lon="121.3691711984574794769287109375">
        <ele>5</ele>
        <time>2026-05-09T23:01:19.000Z</time>
        <extensions>
          <ns3:TrackPointExtension>
            <ns3:hr>126</ns3:hr>
            <ns3:cad>82</ns3:cad>
          </ns3:TrackPointExtension>
        </extensions>
      </trkpt>
      <trkpt lat="31.28165063448250293731689453125" lon="121.3691611401736736297607421875">
        <ele>5</ele>
        <time>2026-05-09T23:01:20.000Z</time>
        <extensions>
          <ns3:TrackPointExtension>
            <ns3:hr>126</ns3:hr>
            <ns3:cad>82</ns3:cad>
          </ns3:TrackPointExtension>
        </extensions>
      </trkpt>
      <trkpt lat="31.281625740230083465576171875" lon="121.36915518902242183685302734375">
        <ele>5.19999980926513671875</ele>
        <time>2026-05-09T23:01:21.000Z</time>
        <extensions>
          <ns3:TrackPointExtension>
            <ns3:hr>126</ns3:hr>
            <ns3:cad>82</ns3:cad>
          </ns3:TrackPointExtension>
        </extensions>
      </trkpt>
      <trkpt lat="31.2816010974347591400146484375" lon="121.3691532611846923828125">
        <ele>5.19999980926513671875</ele>
        <time>2026-05-09T23:01:22.000Z</time>
        <extensions>
          <ns3:TrackPointExtension>
            <ns3:hr>126</ns3:hr>
            <ns3:cad>82</ns3:cad>
          </ns3:TrackPointExtension>
        </extensions>
      </trkpt>
      <trkpt lat="31.28157980740070343017578125" lon="121.36915368027985095977783203125">
        <ele>5.19999980926513671875</ele>
        <time>2026-05-09T23:01:23.000Z</time>
        <extensions>
          <ns3:TrackPointExtension>
            <ns3:hr>127</ns3:hr>
            <ns3:cad>81</ns3:cad>
          </ns3:TrackPointExtension>
        </extensions>
      </trkpt>
      <trkpt lat="31.28155742771923542022705078125" lon="121.3691524229943752288818359375">
        <ele>5.19999980926513671875</ele>
        <time>2026-05-09T23:01:24.000Z</time>
        <extensions>
          <ns3:TrackPointExtension>
            <ns3:hr>127</ns3:hr>
            <ns3:cad>81</ns3:cad>
          </ns3:TrackPointExtension>
        </extensions>
      </trkpt>
      <trkpt lat="31.28153513185679912567138671875" lon="121.36915334500372409820556640625">
        <ele>5.19999980926513671875</ele>
        <time>2026-05-09T23:01:25.000Z</time>
        <extensions>
          <ns3:TrackPointExtension>
            <ns3:hr>127</ns3:hr>
            <ns3:cad>81</ns3:cad>
          </ns3:TrackPointExtension>
        </extensions>
      </trkpt>
      <trkpt lat="31.28151015378534793853759765625" lon="121.36915334500372409820556640625">
        <ele>5.19999980926513671875</ele>
        <time>2026-05-09T23:01:26.000Z</time>
        <extensions>
          <ns3:TrackPointExtension>
            <ns3:hr>127</ns3:hr>
            <ns3:cad>81</ns3:cad>
          </ns3:TrackPointExtension>
        </extensions>
      </trkpt>
      <trkpt lat="31.28148995339870452880859375" lon="121.36915133334696292877197265625">
        <ele>5</ele>
        <time>2026-05-09T23:01:27.000Z</time>
        <extensions>
          <ns3:TrackPointExtension>
            <ns3:hr>127</ns3:hr>
            <ns3:cad>81</ns3:cad>
          </ns3:TrackPointExtension>
        </extensions>
      </trkpt>
      <trkpt lat="31.28146983683109283447265625" lon="121.3691460527479648590087890625">
        <ele>5</ele>
        <time>2026-05-09T23:01:28.000Z</time>
        <extensions>
          <ns3:TrackPointExtension>
            <ns3:hr>127</ns3:hr>
            <ns3:cad>81</ns3:cad>
          </ns3:TrackPointExtension>
        </extensions>
      </trkpt>
      <trkpt lat="31.281447708606719970703125" lon="121.369142197072505950927734375">
        <ele>5</ele>
        <time>2026-05-09T23:01:29.000Z</time>
        <extensions>
          <ns3:TrackPointExtension>
            <ns3:hr>127</ns3:hr>
            <ns3:cad>81</ns3:cad>
          </ns3:TrackPointExtension>
        </extensions>
      </trkpt>
      <trkpt lat="31.28142801113426685333251953125" lon="121.36913842521607875823974609375">
        <ele>5</ele>
        <time>2026-05-09T23:01:30.000Z</time>
        <extensions>
          <ns3:TrackPointExtension>
            <ns3:hr>127</ns3:hr>
            <ns3:cad>80</ns3:cad>
          </ns3:TrackPointExtension>
        </extensions>
      </trkpt>
      <trkpt lat="31.28140437416732311248779296875" lon="121.36913708411157131195068359375">
        <ele>5.19999980926513671875</ele>
        <time>2026-05-09T23:01:31.000Z</time>
        <extensions>
          <ns3:TrackPointExtension>
            <ns3:hr>127</ns3:hr>
            <ns3:cad>81</ns3:cad>
          </ns3:TrackPointExtension>
        </extensions>
      </trkpt>
      <trkpt lat="31.2813821621239185333251953125" lon="121.36913440190255641937255859375">
        <ele>5.19999980926513671875</ele>
        <time>2026-05-09T23:01:32.000Z</time>
        <extensions>
          <ns3:TrackPointExtension>
            <ns3:hr>128</ns3:hr>
            <ns3:cad>80</ns3:cad>
          </ns3:TrackPointExtension>
        </extensions>
      </trkpt>
      <trkpt lat="31.28136263228952884674072265625" lon="121.3691329769790172576904296875">
        <ele>5</ele>
        <time>2026-05-09T23:01:33.000Z</time>
        <extensions>
          <ns3:TrackPointExtension>
            <ns3:hr>127</ns3:hr>
            <ns3:cad>80</ns3:cad>
          </ns3:TrackPointExtension>
        </extensions>
      </trkpt>
      <trkpt lat="31.28134167753159999847412109375" lon="121.3691304624080657958984375">
        <ele>5</ele>
        <time>2026-05-09T23:01:34.000Z</time>
        <extensions>
          <ns3:TrackPointExtension>
            <ns3:hr>127</ns3:hr>
            <ns3:cad>80</ns3:cad>
          </ns3:TrackPointExtension>
        </extensions>
      </trkpt>
      <trkpt lat="31.28132407553493976593017578125" lon="121.369127444922924041748046875">
        <ele>5</ele>
        <time>2026-05-09T23:01:35.000Z</time>
        <extensions>
          <ns3:TrackPointExtension>
            <ns3:hr>128</ns3:hr>
            <ns3:cad>80</ns3:cad>
          </ns3:TrackPointExtension>
        </extensions>
      </trkpt>
      <trkpt lat="31.281303204596042633056640625" lon="121.3691250979900360107421875">
        <ele>5</ele>
        <time>2026-05-09T23:01:36.000Z</time>
        <extensions>
          <ns3:TrackPointExtension>
            <ns3:hr>128</ns3:hr>
            <ns3:cad>81</ns3:cad>
          </ns3:TrackPointExtension>
        </extensions>
      </trkpt>
      <trkpt lat="31.281281411647796630859375" lon="121.3691242597997188568115234375">
        <ele>5.19999980926513671875</ele>
        <time>2026-05-09T23:01:37.000Z</time>
        <extensions>
          <ns3:TrackPointExtension>
            <ns3:hr>128</ns3:hr>
            <ns3:cad>81</ns3:cad>
          </ns3:TrackPointExtension>
        </extensions>
      </trkpt>
      <trkpt lat="31.281261630356311798095703125" lon="121.3691239245235919952392578125">
        <ele>5.19999980926513671875</ele>
        <time>2026-05-09T23:01:38.000Z</time>
        <extensions>
          <ns3:TrackPointExtension>
            <ns3:hr>128</ns3:hr>
            <ns3:cad>81</ns3:cad>
          </ns3:TrackPointExtension>
        </extensions>
      </trkpt>
      <trkpt lat="31.2812426872551441192626953125" lon="121.369123421609401702880859375">
        <ele>5.19999980926513671875</ele>
        <time>2026-05-09T23:01:39.000Z</time>
        <extensions>
          <ns3:TrackPointExtension>
            <ns3:hr>128</ns3:hr>
            <ns3:cad>81</ns3:cad>
          </ns3:TrackPointExtension>
        </extensions>
      </trkpt>
      <trkpt lat="31.281220726668834686279296875" lon="121.36912308633327484130859375">
        <ele>5</ele>
        <time>2026-05-09T23:01:40.000Z</time>
        <extensions>
          <ns3:TrackPointExtension>
            <ns3:hr>128</ns3:hr>
            <ns3:cad>80</ns3:cad>
          </ns3:TrackPointExtension>
        </extensions>
      </trkpt>
      <trkpt lat="31.2812017835676670074462890625" lon="121.3691256009042263031005859375">
        <ele>4.80000019073486328125</ele>
        <time>2026-05-09T23:01:41.000Z</time>
        <extensions>
          <ns3:TrackPointExtension>
            <ns3:hr>128</ns3:hr>
            <ns3:cad>80</ns3:cad>
          </ns3:TrackPointExtension>
        </extensions>
      </trkpt>
      <trkpt lat="31.28117722459137439727783203125" lon="121.369126103818416595458984375">
        <ele>4.80000019073486328125</ele>
        <time>2026-05-09T23:01:42.000Z</time>
        <extensions>
          <ns3:TrackPointExtension>
            <ns3:hr>128</ns3:hr>
            <ns3:cad>81</ns3:cad>
          </ns3:TrackPointExtension>
        </extensions>
      </trkpt>
      <trkpt lat="31.2811548449099063873291015625" lon="121.3691282831132411956787109375">
        <ele>4.80000019073486328125</ele>
        <time>2026-05-09T23:01:43.000Z</time>
        <extensions>
          <ns3:TrackPointExtension>
            <ns3:hr>128</ns3:hr>
            <ns3:cad>81</ns3:cad>
          </ns3:TrackPointExtension>
        </extensions>
      </trkpt>
      <trkpt lat="31.281133554875850677490234375" lon="121.36913113296031951904296875">
        <ele>4.80000019073486328125</ele>
        <time>2026-05-09T23:01:44.000Z</time>
        <extensions>
          <ns3:TrackPointExtension>
            <ns3:hr>128</ns3:hr>
            <ns3:cad>81</ns3:cad>
          </ns3:TrackPointExtension>
        </extensions>
      </trkpt>
      <trkpt lat="31.28111335448920726776123046875" lon="121.36913473717868328094482421875">
        <ele>5</ele>
        <time>2026-05-09T23:01:45.000Z</time>
        <extensions>
          <ns3:TrackPointExtension>
            <ns3:hr>129</ns3:hr>
            <ns3:cad>81</ns3:cad>
          </ns3:TrackPointExtension>
        </extensions>
      </trkpt>
      <trkpt lat="31.28109307028353214263916015625" lon="121.36914144270122051239013671875">
        <ele>5.19999980926513671875</ele>
        <time>2026-05-09T23:01:46.000Z</time>
        <extensions>
          <ns3:TrackPointExtension>
            <ns3:hr>129</ns3:hr>
            <ns3:cad>81</ns3:cad>
          </ns3:TrackPointExtension>
        </extensions>
      </trkpt>
      <trkpt lat="31.281075216829776763916015625" lon="121.36914999224245548248291015625">
        <ele>5.400000095367431640625</ele>
        <time>2026-05-09T23:01:47.000Z</time>
        <extensions>
          <ns3:TrackPointExtension>
            <ns3:hr>129</ns3:hr>
            <ns3:cad>81</ns3:cad>
          </ns3:TrackPointExtension>
        </extensions>
      </trkpt>
      <trkpt lat="31.2810529209673404693603515625" lon="121.36915787123143672943115234375">
        <ele>5.599999904632568359375</ele>
        <time>2026-05-09T23:01:48.000Z</time>
        <extensions>
          <ns3:TrackPointExtension>
            <ns3:hr>129</ns3:hr>
            <ns3:cad>81</ns3:cad>
          </ns3:TrackPointExtension>
        </extensions>
      </trkpt>
      <trkpt lat="31.28103288821876049041748046875" lon="121.3691654987633228302001953125">
        <ele>5.80000019073486328125</ele>
        <time>2026-05-09T23:01:49.000Z</time>
        <extensions>
          <ns3:TrackPointExtension>
            <ns3:hr>129</ns3:hr>
            <ns3:cad>81</ns3:cad>
          </ns3:TrackPointExtension>
        </extensions>
      </trkpt>
      <trkpt lat="31.281014196574687957763671875" lon="121.3691772334277629852294921875">
        <ele>5.80000019073486328125</ele>
        <time>2026-05-09T23:01:50.000Z</time>
        <extensions>
          <ns3:TrackPointExtension>
            <ns3:hr>128</ns3:hr>
            <ns3:cad>81</ns3:cad>
          </ns3:TrackPointExtension>
        </extensions>
      </trkpt>
      <trkpt lat="31.28099399618804454803466796875" lon="121.36918955482542514801025390625">
        <ele>5.80000019073486328125</ele>
        <time>2026-05-09T23:01:51.000Z</time>
        <extensions>
          <ns3:TrackPointExtension>
            <ns3:hr>128</ns3:hr>
            <ns3:cad>81</ns3:cad>
          </ns3:TrackPointExtension>
        </extensions>
      </trkpt>
      <trkpt lat="31.2809781543910503387451171875" lon="121.36920028366148471832275390625">
        <ele>5.80000019073486328125</ele>
        <time>2026-05-09T23:01:52.000Z</time>
        <extensions>
          <ns3:TrackPointExtension>
            <ns3:hr>128</ns3:hr>
            <ns3:cad>81</ns3:cad>
          </ns3:TrackPointExtension>
        </extensions>
      </trkpt>
      <trkpt lat="31.28096155822277069091796875" lon="121.36921319179236888885498046875">
        <ele>5.80000019073486328125</ele>
        <time>2026-05-09T23:01:53.000Z</time>
        <extensions>
          <ns3:TrackPointExtension>
            <ns3:hr>128</ns3:hr>
            <ns3:cad>82</ns3:cad>
          </ns3:TrackPointExtension>
        </extensions>
      </trkpt>
      <trkpt lat="31.2809422798454761505126953125" lon="121.36922459118068218231201171875">
        <ele>5.80000019073486328125</ele>
        <time>2026-05-09T23:01:54.000Z</time>
        <extensions>
          <ns3:TrackPointExtension>
            <ns3:hr>129</ns3:hr>
            <ns3:cad>82</ns3:cad>
          </ns3:TrackPointExtension>
        </extensions>
      </trkpt>
      <trkpt lat="31.2809260189533233642578125" lon="121.36923842132091522216796875">
        <ele>5.599999904632568359375</ele>
        <time>2026-05-09T23:01:55.000Z</time>
        <extensions>
          <ns3:TrackPointExtension>
            <ns3:hr>128</ns3:hr>
            <ns3:cad>82</ns3:cad>
          </ns3:TrackPointExtension>
        </extensions>
      </trkpt>
      <trkpt lat="31.28091059625148773193359375" lon="121.3692540116608142852783203125">
        <ele>5.599999904632568359375</ele>
        <time>2026-05-09T23:01:56.000Z</time>
        <extensions>
          <ns3:TrackPointExtension>
            <ns3:hr>128</ns3:hr>
            <ns3:cad>81</ns3:cad>
          </ns3:TrackPointExtension>
        </extensions>
      </trkpt>
      <trkpt lat="31.28089257515966892242431640625" lon="121.36926784180104732513427734375">
        <ele>5.599999904632568359375</ele>
        <time>2026-05-09T23:01:57.000Z</time>
        <extensions>
          <ns3:TrackPointExtension>
            <ns3:hr>129</ns3:hr>
            <ns3:cad>81</ns3:cad>
          </ns3:TrackPointExtension>
        </extensions>
      </trkpt>
      <trkpt lat="31.2808748893439769744873046875" lon="121.36928376741707324981689453125">
        <ele>5.599999904632568359375</ele>
        <time>2026-05-09T23:01:58.000Z</time>
        <extensions>
          <ns3:TrackPointExtension>
            <ns3:hr>129</ns3:hr>
            <ns3:cad>81</ns3:cad>
          </ns3:TrackPointExtension>
        </extensions>
      </trkpt>
      <trkpt lat="31.28085552714765071868896484375" lon="121.36929801665246486663818359375">
        <ele>5.400000095367431640625</ele>
        <time>2026-05-09T23:01:59.000Z</time>
        <extensions>
          <ns3:TrackPointExtension>
            <ns3:hr>129</ns3:hr>
            <ns3:cad>81</ns3:cad>
          </ns3:TrackPointExtension>
        </extensions>
      </trkpt>
      <trkpt lat="31.2808380089700222015380859375" lon="121.369311846792697906494140625">
        <ele>5.599999904632568359375</ele>
        <time>2026-05-09T23:02:00.000Z</time>
        <extensions>
          <ns3:TrackPointExtension>
            <ns3:hr>129</ns3:hr>
            <ns3:cad>81</ns3:cad>
          </ns3:TrackPointExtension>
        </extensions>
      </trkpt>
      <trkpt lat="31.2808214128017425537109375" lon="121.369327269494533538818359375">
        <ele>5.599999904632568359375</ele>
        <time>2026-05-09T23:02:01.000Z</time>
        <extensions>
          <ns3:TrackPointExtension>
            <ns3:hr>129</ns3:hr>
            <ns3:cad>81</ns3:cad>
          </ns3:TrackPointExtension>
        </extensions>
      </trkpt>
      <trkpt lat="31.2808051519095897674560546875" lon="121.36934512294828891754150390625">
        <ele>5.80000019073486328125</ele>
        <time>2026-05-09T23:02:02.000Z</time>
        <extensions>
          <ns3:TrackPointExtension>
            <ns3:hr>129</ns3:hr>
            <ns3:cad>80</ns3:cad>
          </ns3:TrackPointExtension>
        </extensions>
      </trkpt>
      <trkpt lat="31.28078729845583438873291015625" lon="121.36936255730688571929931640625">
        <ele>5.80000019073486328125</ele>
        <time>2026-05-09T23:02:03.000Z</time>
        <extensions>
          <ns3:TrackPointExtension>
            <ns3:hr>129</ns3:hr>
            <ns3:cad>80</ns3:cad>
          </ns3:TrackPointExtension>
        </extensions>
      </trkpt>
      <trkpt lat="31.28077036701142787933349609375" lon="121.36938049457967281341552734375">
        <ele>6</ele>
        <time>2026-05-09T23:02:04.000Z</time>
        <extensions>
          <ns3:TrackPointExtension>
            <ns3:hr>130</ns3:hr>
            <ns3:cad>80</ns3:cad>
          </ns3:TrackPointExtension>
        </extensions>
      </trkpt>
      <trkpt lat="31.28075092099606990814208984375" lon="121.3693961687386035919189453125">
        <ele>6</ele>
        <time>2026-05-09T23:02:05.000Z</time>
        <extensions>
          <ns3:TrackPointExtension>
            <ns3:hr>130</ns3:hr>
            <ns3:cad>81</ns3:cad>
          </ns3:TrackPointExtension>
        </extensions>
      </trkpt>
      <trkpt lat="31.28072728402912616729736328125" lon="121.3694075681269168853759765625">
        <ele>6</ele>
        <time>2026-05-09T23:02:06.000Z</time>
        <extensions>
          <ns3:TrackPointExtension>
            <ns3:hr>130</ns3:hr>
            <ns3:cad>81</ns3:cad>
          </ns3:TrackPointExtension>
        </extensions>
      </trkpt>
      <trkpt lat="31.2806992046535015106201171875" lon="121.3694089092314243316650390625">
        <ele>6</ele>
        <time>2026-05-09T23:02:07.000Z</time>
        <extensions>
          <ns3:TrackPointExtension>
            <ns3:hr>130</ns3:hr>
            <ns3:cad>81</ns3:cad>
          </ns3:TrackPointExtension>
        </extensions>
      </trkpt>
      <trkpt lat="31.2806740589439868927001953125" lon="121.3694008626043796539306640625">
        <ele>5.80000019073486328125</ele>
        <time>2026-05-09T23:02:08.000Z</time>
        <extensions>
          <ns3:TrackPointExtension>
            <ns3:hr>130</ns3:hr>
            <ns3:cad>81</ns3:cad>
          </ns3:TrackPointExtension>
        </extensions>
      </trkpt>
      <trkpt lat="31.280652768909931182861328125" lon="121.36938552372157573699951171875">
        <ele>5.80000019073486328125</ele>
        <time>2026-05-09T23:02:09.000Z</time>
        <extensions>
          <ns3:TrackPointExtension>
            <ns3:hr>130</ns3:hr>
            <ns3:cad>80</ns3:cad>
          </ns3:TrackPointExtension>
        </extensions>
      </trkpt>
      <trkpt lat="31.28063441254198551177978515625" lon="121.36936691589653491973876953125">
        <ele>5.80000019073486328125</ele>
        <time>2026-05-09T23:02:10.000Z</time>
        <extensions>
          <ns3:TrackPointExtension>
            <ns3:hr>131</ns3:hr>
            <ns3:cad>80</ns3:cad>
          </ns3:TrackPointExtension>
        </extensions>
      </trkpt>
      <trkpt lat="31.2806189060211181640625" lon="121.369345374405384063720703125">
        <ele>5.599999904632568359375</ele>
        <time>2026-05-09T23:02:11.000Z</time>
        <extensions>
          <ns3:TrackPointExtension>
            <ns3:hr>131</ns3:hr>
            <ns3:cad>80</ns3:cad>
          </ns3:TrackPointExtension>
        </extensions>
      </trkpt>
      <trkpt lat="31.2806049920618534088134765625" lon="121.36932022869586944580078125">
        <ele>5.599999904632568359375</ele>
        <time>2026-05-09T23:02:12.000Z</time>
        <extensions>
          <ns3:TrackPointExtension>
            <ns3:hr>131</ns3:hr>
            <ns3:cad>80</ns3:cad>
          </ns3:TrackPointExtension>
        </extensions>
      </trkpt>
      <trkpt lat="31.28059216775000095367431640625" lon="121.369293071329593658447265625">
        <ele>5.599999904632568359375</ele>
        <time>2026-05-09T23:02:13.000Z</time>
        <extensions>
          <ns3:TrackPointExtension>
            <ns3:hr>130</ns3:hr>
            <ns3:cad>80</ns3:cad>
          </ns3:TrackPointExtension>
        </extensions>
      </trkpt>
      <trkpt lat="31.28058060072362422943115234375" lon="121.3692680932581424713134765625">
        <ele>5.599999904632568359375</ele>
        <time>2026-05-09T23:02:14.000Z</time>
        <extensions>
          <ns3:TrackPointExtension>
            <ns3:hr>130</ns3:hr>
            <ns3:cad>80</ns3:cad>
          </ns3:TrackPointExtension>
        </extensions>
      </trkpt>
      <trkpt lat="31.28056903369724750518798828125" lon="121.36924705468118190765380859375">
        <ele>5.599999904632568359375</ele>
        <time>2026-05-09T23:02:15.000Z</time>
        <extensions>
          <ns3:TrackPointExtension>
            <ns3:hr>130</ns3:hr>
            <ns3:cad>80</ns3:cad>
          </ns3:TrackPointExtension>
        </extensions>
      </trkpt>
      <trkpt lat="31.2805570475757122039794921875" lon="121.36922207660973072052001953125">
        <ele>5.599999904632568359375</ele>
        <time>2026-05-09T23:02:16.000Z</time>
        <extensions>
          <ns3:TrackPointExtension>
            <ns3:hr>130</ns3:hr>
            <ns3:cad>81</ns3:cad>
          </ns3:TrackPointExtension>
        </extensions>
      </trkpt>
      <trkpt lat="31.2805433012545108795166015625" lon="121.369200535118579864501953125">
        <ele>5.599999904632568359375</ele>
        <time>2026-05-09T23:02:17.000Z</time>
        <extensions>
          <ns3:TrackPointExtension>
            <ns3:hr>130</ns3:hr>
            <ns3:cad>81</ns3:cad>
          </ns3:TrackPointExtension>
        </extensions>
      </trkpt>
      <trkpt lat="31.2805295549333095550537109375" lon="121.3691785745322704315185546875">
        <ele>5.599999904632568359375</ele>
        <time>2026-05-09T23:02:18.000Z</time>
        <extensions>
          <ns3:TrackPointExtension>
            <ns3:hr>131</ns3:hr>
            <ns3:cad>81</ns3:cad>
          </ns3:TrackPointExtension>
        </extensions>
      </trkpt>
      <trkpt lat="31.28051765263080596923828125" lon="121.36915770359337329864501953125">
        <ele>5.599999904632568359375</ele>
        <time>2026-05-09T23:02:19.000Z</time>
        <extensions>
          <ns3:TrackPointExtension>
            <ns3:hr>130</ns3:hr>
            <ns3:cad>81</ns3:cad>
          </ns3:TrackPointExtension>
        </extensions>
      </trkpt>
      <trkpt lat="31.2805047444999217987060546875" lon="121.36913859285414218902587890625">
        <ele>5.599999904632568359375</ele>
        <time>2026-05-09T23:02:20.000Z</time>
        <extensions>
          <ns3:TrackPointExtension>
            <ns3:hr>131</ns3:hr>
            <ns3:cad>81</ns3:cad>
          </ns3:TrackPointExtension>
        </extensions>
      </trkpt>
      <trkpt lat="31.280491165816783905029296875" lon="121.36911763809621334075927734375">
        <ele>5.80000019073486328125</ele>
        <time>2026-05-09T23:02:21.000Z</time>
        <extensions>
          <ns3:TrackPointExtension>
            <ns3:hr>131</ns3:hr>
            <ns3:cad>81</ns3:cad>
          </ns3:TrackPointExtension>
        </extensions>
      </trkpt>
      <trkpt lat="31.28047750331461429595947265625" lon="121.36910296976566314697265625">
        <ele>5.80000019073486328125</ele>
        <time>2026-05-09T23:02:22.000Z</time>
        <extensions>
          <ns3:TrackPointExtension>
            <ns3:hr>131</ns3:hr>
            <ns3:cad>81</ns3:cad>
          </ns3:TrackPointExtension>
        </extensions>
      </trkpt>
      <trkpt lat="31.2804619967937469482421875" lon="121.36908687651157379150390625">
        <ele>5.80000019073486328125</ele>
        <time>2026-05-09T23:02:23.000Z</time>
        <extensions>
          <ns3:TrackPointExtension>
            <ns3:hr>131</ns3:hr>
            <ns3:cad>81</ns3:cad>
          </ns3:TrackPointExtension>
        </extensions>
      </trkpt>
      <trkpt lat="31.28044816665351390838623046875" lon="121.36907078325748443603515625">
        <ele>5.599999904632568359375</ele>
        <time>2026-05-09T23:02:24.000Z</time>
        <extensions>
          <ns3:TrackPointExtension>
            <ns3:hr>131</ns3:hr>
            <ns3:cad>81</ns3:cad>
          </ns3:TrackPointExtension>
        </extensions>
      </trkpt>
      <trkpt lat="31.28043408505618572235107421875" lon="121.369055695831775665283203125">
        <ele>5.599999904632568359375</ele>
        <time>2026-05-09T23:02:25.000Z</time>
        <extensions>
          <ns3:TrackPointExtension>
            <ns3:hr>131</ns3:hr>
            <ns3:cad>81</ns3:cad>
          </ns3:TrackPointExtension>
        </extensions>
      </trkpt>
      <trkpt lat="31.2804192490875720977783203125" lon="121.36904102750122547149658203125">
        <ele>5.400000095367431640625</ele>
        <time>2026-05-09T23:02:26.000Z</time>
        <extensions>
          <ns3:TrackPointExtension>
            <ns3:hr>131</ns3:hr>
            <ns3:cad>81</ns3:cad>
          </ns3:TrackPointExtension>
        </extensions>
      </trkpt>
      <trkpt lat="31.28040357492864131927490234375" lon="121.36902376078069210052490234375">
        <ele>5.19999980926513671875</ele>
        <time>2026-05-09T23:02:27.000Z</time>
        <extensions>
          <ns3:TrackPointExtension>
            <ns3:hr>131</ns3:hr>
            <ns3:cad>81</ns3:cad>
          </ns3:TrackPointExtension>
        </extensions>
      </trkpt>
      <trkpt lat="31.2803828716278076171875" lon="121.36900632642209529876708984375">
        <ele>5.19999980926513671875</ele>
        <time>2026-05-09T23:02:28.000Z</time>
        <extensions>
          <ns3:TrackPointExtension>
            <ns3:hr>131</ns3:hr>
            <ns3:cad>81</ns3:cad>
          </ns3:TrackPointExtension>
        </extensions>
      </trkpt>
      <trkpt lat="31.280367784202098846435546875" lon="121.3689914904534816741943359375">
        <ele>5.19999980926513671875</ele>
        <time>2026-05-09T23:02:29.000Z</time>
        <extensions>
          <ns3:TrackPointExtension>
            <ns3:hr>131</ns3:hr>
            <ns3:cad>80</ns3:cad>
          </ns3:TrackPointExtension>
        </extensions>
      </trkpt>
      <trkpt lat="31.28035060130059719085693359375" lon="121.3689757324755191802978515625">
        <ele>5.19999980926513671875</ele>
        <time>2026-05-09T23:02:30.000Z</time>
        <extensions>
          <ns3:TrackPointExtension>
            <ns3:hr>131</ns3:hr>
            <ns3:cad>80</ns3:cad>
          </ns3:TrackPointExtension>
        </extensions>
      </trkpt>
      <trkpt lat="31.28033735789358615875244140625" lon="121.36895678937435150146484375">
        <ele>5.19999980926513671875</ele>
        <time>2026-05-09T23:02:31.000Z</time>
        <extensions>
          <ns3:TrackPointExtension>
            <ns3:hr>131</ns3:hr>
            <ns3:cad>80</ns3:cad>
          </ns3:TrackPointExtension>
        </extensions>
      </trkpt>
      <trkpt lat="31.2803206779062747955322265625" lon="121.36894312687218189239501953125">
        <ele>5.19999980926513671875</ele>
        <time>2026-05-09T23:02:32.000Z</time>
        <extensions>
          <ns3:TrackPointExtension>
            <ns3:hr>131</ns3:hr>
            <ns3:cad>80</ns3:cad>
          </ns3:TrackPointExtension>
        </extensions>
      </trkpt>
      <trkpt lat="31.2803035788238048553466796875" lon="121.36892669834196567535400390625">
        <ele>5.19999980926513671875</ele>
        <time>2026-05-09T23:02:33.000Z</time>
        <extensions>
          <ns3:TrackPointExtension>
            <ns3:hr>130</ns3:hr>
            <ns3:cad>81</ns3:cad>
          </ns3:TrackPointExtension>
        </extensions>
      </trkpt>
      <trkpt lat="31.28028823994100093841552734375" lon="121.36891177855432033538818359375">
        <ele>5.19999980926513671875</ele>
        <time>2026-05-09T23:02:34.000Z</time>
        <extensions>
          <ns3:TrackPointExtension>
            <ns3:hr>131</ns3:hr>
            <ns3:cad>81</ns3:cad>
          </ns3:TrackPointExtension>
        </extensions>
      </trkpt>
      <trkpt lat="31.28027223050594329833984375" lon="121.368898451328277587890625">
        <ele>5.19999980926513671875</ele>
        <time>2026-05-09T23:02:35.000Z</time>
        <extensions>
          <ns3:TrackPointExtension>
            <ns3:hr>131</ns3:hr>
            <ns3:cad>81</ns3:cad>
          </ns3:TrackPointExtension>
        </extensions>
      </trkpt>
      <trkpt lat="31.2802541255950927734375" lon="121.3688852079212665557861328125">
        <ele>5.400000095367431640625</ele>
        <time>2026-05-09T23:02:36.000Z</time>
        <extensions>
          <ns3:TrackPointExtension>
            <ns3:hr>131</ns3:hr>
            <ns3:cad>81</ns3:cad>
          </ns3:TrackPointExtension>
        </extensions>
      </trkpt>
      <trkpt lat="31.2802335061132907867431640625" lon="121.3688729703426361083984375">
        <ele>5.400000095367431640625</ele>
        <time>2026-05-09T23:02:37.000Z</time>
        <extensions>
          <ns3:TrackPointExtension>
            <ns3:hr>130</ns3:hr>
            <ns3:cad>81</ns3:cad>
          </ns3:TrackPointExtension>
        </extensions>
      </trkpt>
      <trkpt lat="31.2802184186875820159912109375" lon="121.368860565125942230224609375">
        <ele>5.599999904632568359375</ele>
        <time>2026-05-09T23:02:38.000Z</time>
        <extensions>
          <ns3:TrackPointExtension>
            <ns3:hr>130</ns3:hr>
            <ns3:cad>81</ns3:cad>
          </ns3:TrackPointExtension>
        </extensions>
      </trkpt>
      <trkpt lat="31.28019989468157291412353515625" lon="121.3688459806144237518310546875">
        <ele>5.599999904632568359375</ele>
        <time>2026-05-09T23:02:39.000Z</time>
        <extensions>
          <ns3:TrackPointExtension>
            <ns3:hr>130</ns3:hr>
            <ns3:cad>81</ns3:cad>
          </ns3:TrackPointExtension>
        </extensions>
      </trkpt>
      <trkpt lat="31.28018279559910297393798828125" lon="121.36883533559739589691162109375">
        <ele>5.599999904632568359375</ele>
        <time>2026-05-09T23:02:40.000Z</time>
        <extensions>
          <ns3:TrackPointExtension>
            <ns3:hr>130</ns3:hr>
            <ns3:cad>81</ns3:cad>
          </ns3:TrackPointExtension>
        </extensions>
      </trkpt>
      <trkpt lat="31.28016301430761814117431640625" lon="121.3688261993229389190673828125">
        <ele>5.599999904632568359375</ele>
        <time>2026-05-09T23:02:41.000Z</time>
        <extensions>
          <ns3:TrackPointExtension>
            <ns3:hr>130</ns3:hr>
            <ns3:cad>81</ns3:cad>
          </ns3:TrackPointExtension>
        </extensions>
      </trkpt>
      <trkpt lat="31.28014105372130870819091796875" lon="121.3688188232481479644775390625">
        <ele>5.400000095367431640625</ele>
        <time>2026-05-09T23:02:42.000Z</time>
        <extensions>
          <ns3:TrackPointExtension>
            <ns3:hr>130</ns3:hr>
            <ns3:cad>81</ns3:cad>
          </ns3:TrackPointExtension>
        </extensions>
      </trkpt>
      <trkpt lat="31.28012093715369701385498046875" lon="121.3688139617443084716796875">
        <ele>5.19999980926513671875</ele>
        <time>2026-05-09T23:02:43.000Z</time>
        <extensions>
          <ns3:TrackPointExtension>
            <ns3:hr>130</ns3:hr>
            <ns3:cad>81</ns3:cad>
          </ns3:TrackPointExtension>
        </extensions>
      </trkpt>
      <trkpt lat="31.28009880892932415008544921875" lon="121.36880868114531040191650390625">
        <ele>5.19999980926513671875</ele>
        <time>2026-05-09T23:02:44.000Z</time>
        <extensions>
          <ns3:TrackPointExtension>
            <ns3:hr>130</ns3:hr>
            <ns3:cad>81</ns3:cad>
          </ns3:TrackPointExtension>
        </extensions>
      </trkpt>
      <trkpt lat="31.2800799496471881866455078125" lon="121.36880365200340747833251953125">
        <ele>5.19999980926513671875</ele>
        <time>2026-05-09T23:02:45.000Z</time>
        <extensions>
          <ns3:TrackPointExtension>
            <ns3:hr>130</ns3:hr>
            <ns3:cad>81</ns3:cad>
          </ns3:TrackPointExtension>
        </extensions>
      </trkpt>
      <trkpt lat="31.2800594978034496307373046875" lon="121.36880256235599517822265625">
        <ele>5.19999980926513671875</ele>
        <time>2026-05-09T23:02:46.000Z</time>
        <extensions>
          <ns3:TrackPointExtension>
            <ns3:hr>130</ns3:hr>
            <ns3:cad>81</ns3:cad>
          </ns3:TrackPointExtension>
        </extensions>
      </trkpt>
      <trkpt lat="31.28003619611263275146484375" lon="121.368799544870853424072265625">
        <ele>5.19999980926513671875</ele>
        <time>2026-05-09T23:02:47.000Z</time>
        <extensions>
          <ns3:TrackPointExtension>
            <ns3:hr>129</ns3:hr>
            <ns3:cad>81</ns3:cad>
          </ns3:TrackPointExtension>
        </extensions>
      </trkpt>
      <trkpt lat="31.28001532517373561859130859375" lon="121.368797533214092254638671875">
        <ele>5.19999980926513671875</ele>
        <time>2026-05-09T23:02:48.000Z</time>
        <extensions>
          <ns3:TrackPointExtension>
            <ns3:hr>129</ns3:hr>
            <ns3:cad>81</ns3:cad>
          </ns3:TrackPointExtension>
        </extensions>
      </trkpt>
      <trkpt lat="31.27999202348291873931884765625" lon="121.3687970302999019622802734375">
        <ele>5.19999980926513671875</ele>
        <time>2026-05-09T23:02:49.000Z</time>
        <extensions>
          <ns3:TrackPointExtension>
            <ns3:hr>129</ns3:hr>
            <ns3:cad>82</ns3:cad>
          </ns3:TrackPointExtension>
        </extensions>
      </trkpt>
      <trkpt lat="31.27996855415403842926025390625" lon="121.36879845522344112396240234375">
        <ele>5.19999980926513671875</ele>
        <time>2026-05-09T23:02:50.000Z</time>
        <extensions>
          <ns3:TrackPointExtension>
            <ns3:hr>129</ns3:hr>
            <ns3:cad>82</ns3:cad>
          </ns3:TrackPointExtension>
        </extensions>
      </trkpt>
      <trkpt lat="31.27994877286255359649658203125" lon="121.36880029924213886260986328125">
        <ele>5.19999980926513671875</ele>
        <time>2026-05-09T23:02:51.000Z</time>
        <extensions>
          <ns3:TrackPointExtension>
            <ns3:hr>130</ns3:hr>
            <ns3:cad>82</ns3:cad>
          </ns3:TrackPointExtension>
        </extensions>
      </trkpt>
      <trkpt lat="31.27992949448525905609130859375" lon="121.36880281381309032440185546875">
        <ele>5.19999980926513671875</ele>
        <time>2026-05-09T23:02:52.000Z</time>
        <extensions>
          <ns3:TrackPointExtension>
            <ns3:hr>130</ns3:hr>
            <ns3:cad>82</ns3:cad>
          </ns3:TrackPointExtension>
        </extensions>
      </trkpt>
      <trkpt lat="31.2799067795276641845703125" lon="121.368807256221771240234375">
        <ele>5.19999980926513671875</ele>
        <time>2026-05-09T23:02:53.000Z</time>
        <extensions>
          <ns3:TrackPointExtension>
            <ns3:hr>130</ns3:hr>
            <ns3:cad>82</ns3:cad>
          </ns3:TrackPointExtension>
        </extensions>
      </trkpt>
      <trkpt lat="31.27988724969327449798583984375" lon="121.3688164763152599334716796875">
        <ele>5.400000095367431640625</ele>
        <time>2026-05-09T23:02:54.000Z</time>
        <extensions>
          <ns3:TrackPointExtension>
            <ns3:hr>131</ns3:hr>
            <ns3:cad>82</ns3:cad>
          </ns3:TrackPointExtension>
        </extensions>
      </trkpt>
      <trkpt lat="31.2798663787543773651123046875" lon="121.36882829479873180389404296875">
        <ele>5.400000095367431640625</ele>
        <time>2026-05-09T23:02:55.000Z</time>
        <extensions>
          <ns3:TrackPointExtension>
            <ns3:hr>131</ns3:hr>
            <ns3:cad>81</ns3:cad>
          </ns3:TrackPointExtension>
        </extensions>
      </trkpt>
      <trkpt lat="31.27984567545354366302490234375" lon="121.3688399456441402435302734375">
        <ele>5.599999904632568359375</ele>
        <time>2026-05-09T23:02:56.000Z</time>
        <extensions>
          <ns3:TrackPointExtension>
            <ns3:hr>131</ns3:hr>
            <ns3:cad>81</ns3:cad>
          </ns3:TrackPointExtension>
        </extensions>
      </trkpt>
      <trkpt lat="31.2798249721527099609375" lon="121.36885377578437328338623046875">
        <ele>5.599999904632568359375</ele>
        <time>2026-05-09T23:02:57.000Z</time>
        <extensions>
          <ns3:TrackPointExtension>
            <ns3:hr>130</ns3:hr>
            <ns3:cad>83</ns3:cad>
          </ns3:TrackPointExtension>
        </extensions>
      </trkpt>
      <trkpt lat="31.27980711869895458221435546875" lon="121.36886685155332088470458984375">
        <ele>5.400000095367431640625</ele>
        <time>2026-05-09T23:02:58.000Z</time>
        <extensions>
          <ns3:TrackPointExtension>
            <ns3:hr>131</ns3:hr>
            <ns3:cad>83</ns3:cad>
          </ns3:TrackPointExtension>
        </extensions>
      </trkpt>
      <trkpt lat="31.279792450368404388427734375" lon="121.3688831962645053863525390625">
        <ele>5.400000095367431640625</ele>
        <time>2026-05-09T23:02:59.000Z</time>
        <extensions>
          <ns3:TrackPointExtension>
            <ns3:hr>131</ns3:hr>
            <ns3:cad>82</ns3:cad>
          </ns3:TrackPointExtension>
        </extensions>
      </trkpt>
      <trkpt lat="31.27977560274302959442138671875" lon="121.36890180408954620361328125">
        <ele>5.19999980926513671875</ele>
        <time>2026-05-09T23:03:00.000Z</time>
        <extensions>
          <ns3:TrackPointExtension>
            <ns3:hr>131</ns3:hr>
            <ns3:cad>82</ns3:cad>
          </ns3:TrackPointExtension>
        </extensions>
      </trkpt>
      <trkpt lat="31.279758922755718231201171875" lon="121.3689234293997287750244140625">
        <ele>5.19999980926513671875</ele>
        <time>2026-05-09T23:03:01.000Z</time>
        <extensions>
          <ns3:TrackPointExtension>
            <ns3:hr>130</ns3:hr>
            <ns3:cad>82</ns3:cad>
          </ns3:TrackPointExtension>
        </extensions>
      </trkpt>
      <trkpt lat="31.2797463499009609222412109375" lon="121.3689425401389598846435546875">
        <ele>5</ele>
        <time>2026-05-09T23:03:02.000Z</time>
        <extensions>
          <ns3:TrackPointExtension>
            <ns3:hr>131</ns3:hr>
            <ns3:cad>82</ns3:cad>
          </ns3:TrackPointExtension>
        </extensions>
      </trkpt>
      <trkpt lat="31.27973251976072788238525390625" lon="121.368964500725269317626953125">
        <ele>5</ele>
        <time>2026-05-09T23:03:03.000Z</time>
        <extensions>
          <ns3:TrackPointExtension>
            <ns3:hr>131</ns3:hr>
            <ns3:cad>82</ns3:cad>
          </ns3:TrackPointExtension>
        </extensions>
      </trkpt>
      <trkpt lat="31.27971927635371685028076171875" lon="121.368989311158657073974609375">
        <ele>5.19999980926513671875</ele>
        <time>2026-05-09T23:03:04.000Z</time>
        <extensions>
          <ns3:TrackPointExtension>
            <ns3:hr>131</ns3:hr>
            <ns3:cad>81</ns3:cad>
          </ns3:TrackPointExtension>
        </extensions>
      </trkpt>
      <trkpt lat="31.27970905043184757232666015625" lon="121.3690122775733470916748046875">
        <ele>5.19999980926513671875</ele>
        <time>2026-05-09T23:03:05.000Z</time>
        <extensions>
          <ns3:TrackPointExtension>
            <ns3:hr>131</ns3:hr>
            <ns3:cad>81</ns3:cad>
          </ns3:TrackPointExtension>
        </extensions>
      </trkpt>
      <trkpt lat="31.2796967290341854095458984375" lon="121.36903583072125911712646484375">
        <ele>5.19999980926513671875</ele>
        <time>2026-05-09T23:03:06.000Z</time>
        <extensions>
          <ns3:TrackPointExtension>
            <ns3:hr>131</ns3:hr>
            <ns3:cad>81</ns3:cad>
          </ns3:TrackPointExtension>
        </extensions>
      </trkpt>
      <trkpt lat="31.27968591637909412384033203125" lon="121.36905745603144168853759765625">
        <ele>5.400000095367431640625</ele>
        <time>2026-05-09T23:03:07.000Z</time>
        <extensions>
          <ns3:TrackPointExtension>
            <ns3:hr>131</ns3:hr>
            <ns3:cad>81</ns3:cad>
          </ns3:TrackPointExtension>
        </extensions>
      </trkpt>
      <trkpt lat="31.27967837266623973846435546875" lon="121.36907740496098995208740234375">
        <ele>5.400000095367431640625</ele>
        <time>2026-05-09T23:03:08.000Z</time>
        <extensions>
          <ns3:TrackPointExtension>
            <ns3:hr>131</ns3:hr>
            <ns3:cad>81</ns3:cad>
          </ns3:TrackPointExtension>
        </extensions>
      </trkpt>
      <trkpt lat="31.27966940402984619140625" lon="121.369102634489536285400390625">
        <ele>5.400000095367431640625</ele>
        <time>2026-05-09T23:03:09.000Z</time>
        <extensions>
          <ns3:TrackPointExtension>
            <ns3:hr>131</ns3:hr>
            <ns3:cad>81</ns3:cad>
          </ns3:TrackPointExtension>
        </extensions>
      </trkpt>
      <trkpt lat="31.2796605192124843597412109375" lon="121.36912853457033634185791015625">
        <ele>5.599999904632568359375</ele>
        <time>2026-05-09T23:03:10.000Z</time>
        <extensions>
          <ns3:TrackPointExtension>
            <ns3:hr>131</ns3:hr>
            <ns3:cad>82</ns3:cad>
          </ns3:TrackPointExtension>
        </extensions>
      </trkpt>
      <trkpt lat="31.27965255640447139739990234375" lon="121.36915569193661212921142578125">
        <ele>5.400000095367431640625</ele>
        <time>2026-05-09T23:03:11.000Z</time>
        <extensions>
          <ns3:TrackPointExtension>
            <ns3:hr>131</ns3:hr>
            <ns3:cad>82</ns3:cad>
          </ns3:TrackPointExtension>
        </extensions>
      </trkpt>
      <trkpt lat="31.27964400686323642730712890625" lon="121.3691819272935390472412109375">
        <ele>5.400000095367431640625</ele>
        <time>2026-05-09T23:03:12.000Z</time>
        <extensions>
          <ns3:TrackPointExtension>
            <ns3:hr>131</ns3:hr>
            <ns3:cad>81</ns3:cad>
          </ns3:TrackPointExtension>
        </extensions>
      </trkpt>
      <trkpt lat="31.27963579259812831878662109375" lon="121.3692053966224193572998046875">
        <ele>5.400000095367431640625</ele>
        <time>2026-05-09T23:03:13.000Z</time>
        <extensions>
          <ns3:TrackPointExtension>
            <ns3:hr>131</ns3:hr>
            <ns3:cad>81</ns3:cad>
          </ns3:TrackPointExtension>
        </extensions>
      </trkpt>
      <trkpt lat="31.2796290032565593719482421875" lon="121.369231045246124267578125">
        <ele>5.400000095367431640625</ele>
        <time>2026-05-09T23:03:14.000Z</time>
        <extensions>
          <ns3:TrackPointExtension>
            <ns3:hr>131</ns3:hr>
            <ns3:cad>81</ns3:cad>
          </ns3:TrackPointExtension>
        </extensions>
      </trkpt>
      <trkpt lat="31.27962104044854640960693359375" lon="121.36925577186048030853271484375">
        <ele>5.400000095367431640625</ele>
        <time>2026-05-09T23:03:15.000Z</time>
        <extensions>
          <ns3:TrackPointExtension>
            <ns3:hr>131</ns3:hr>
            <ns3:cad>81</ns3:cad>
          </ns3:TrackPointExtension>
        </extensions>
      </trkpt>
      <trkpt lat="31.27961718477308750152587890625" lon="121.36927924118936061859130859375">
        <ele>5.599999904632568359375</ele>
        <time>2026-05-09T23:03:16.000Z</time>
        <extensions>
          <ns3:TrackPointExtension>
            <ns3:hr>131</ns3:hr>
            <ns3:cad>81</ns3:cad>
          </ns3:TrackPointExtension>
        </extensions>
      </trkpt>
      <trkpt lat="31.27961148507893085479736328125" lon="121.36931109242141246795654296875">
        <ele>5.599999904632568359375</ele>
        <time>2026-05-09T23:03:17.000Z</time>
        <extensions>
          <ns3:TrackPointExtension>
            <ns3:hr>130</ns3:hr>
            <ns3:cad>81</ns3:cad>
          </ns3:TrackPointExtension>
        </extensions>
      </trkpt>
      <trkpt lat="31.27960628829896450042724609375" lon="121.36934126727283000946044921875">
        <ele>5.599999904632568359375</ele>
        <time>2026-05-09T23:03:18.000Z</time>
        <extensions>
          <ns3:TrackPointExtension>
            <ns3:hr>130</ns3:hr>
            <ns3:cad>80</ns3:cad>
          </ns3:TrackPointExtension>
        </extensions>
      </trkpt>
      <trkpt lat="31.279598660767078399658203125" lon="121.3693680055439472198486328125">
        <ele>5.599999904632568359375</ele>
        <time>2026-05-09T23:03:19.000Z</time>
        <extensions>
          <ns3:TrackPointExtension>
            <ns3:hr>130</ns3:hr>
            <ns3:cad>80</ns3:cad>
          </ns3:TrackPointExtension>
        </extensions>
      </trkpt>
      <trkpt lat="31.27958784811198711395263671875" lon="121.36939507909119129180908203125">
        <ele>5.599999904632568359375</ele>
        <time>2026-05-09T23:03:20.000Z</time>
        <extensions>
          <ns3:TrackPointExtension>
            <ns3:hr>130</ns3:hr>
            <ns3:cad>80</ns3:cad>
          </ns3:TrackPointExtension>
        </extensions>
      </trkpt>
      <trkpt lat="31.279575191438198089599609375" lon="121.36942659504711627960205078125">
        <ele>5.599999904632568359375</ele>
        <time>2026-05-09T23:03:21.000Z</time>
        <extensions>
          <ns3:TrackPointExtension>
            <ns3:hr>131</ns3:hr>
            <ns3:cad>80</ns3:cad>
          </ns3:TrackPointExtension>
        </extensions>
      </trkpt>
      <trkpt lat="31.279561780393123626708984375" lon="121.3694578595459461212158203125">
        <ele>5.599999904632568359375</ele>
        <time>2026-05-09T23:03:22.000Z</time>
        <extensions>
          <ns3:TrackPointExtension>
            <ns3:hr>130</ns3:hr>
            <ns3:cad>80</ns3:cad>
          </ns3:TrackPointExtension>
        </extensions>
      </trkpt>
      <trkpt lat="31.27954191528260707855224609375" lon="121.36947303079068660736083984375">
        <ele>5.599999904632568359375</ele>
        <time>2026-05-09T23:03:23.000Z</time>
        <extensions>
          <ns3:TrackPointExtension>
            <ns3:hr>130</ns3:hr>
            <ns3:cad>80</ns3:cad>
          </ns3:TrackPointExtension>
        </extensions>
      </trkpt>
      <trkpt lat="31.27951777540147304534912109375" lon="121.3694685883820056915283203125">
        <ele>5.599999904632568359375</ele>
        <time>2026-05-09T23:03:24.000Z</time>
        <extensions>
          <ns3:TrackPointExtension>
            <ns3:hr>131</ns3:hr>
            <ns3:cad>81</ns3:cad>
          </ns3:TrackPointExtension>
        </extensions>
      </trkpt>
      <trkpt lat="31.27949782647192478179931640625" lon="121.36945945210754871368408203125">
        <ele>5.599999904632568359375</ele>
        <time>2026-05-09T23:03:25.000Z</time>
        <extensions>
          <ns3:TrackPointExtension>
            <ns3:hr>131</ns3:hr>
            <ns3:cad>81</ns3:cad>
          </ns3:TrackPointExtension>
        </extensions>
      </trkpt>
      <trkpt lat="31.27947972156107425689697265625" lon="121.36944017373025417327880859375">
        <ele>5.599999904632568359375</ele>
        <time>2026-05-09T23:03:26.000Z</time>
        <extensions>
          <ns3:TrackPointExtension>
            <ns3:hr>131</ns3:hr>
            <ns3:cad>81</ns3:cad>
          </ns3:TrackPointExtension>
        </extensions>
      </trkpt>
      <trkpt lat="31.27946463413536548614501953125" lon="121.369419135153293609619140625">
        <ele>5.80000019073486328125</ele>
        <time>2026-05-09T23:03:27.000Z</time>
        <extensions>
          <ns3:TrackPointExtension>
            <ns3:hr>131</ns3:hr>
            <ns3:cad>81</ns3:cad>
          </ns3:TrackPointExtension>
        </extensions>
      </trkpt>
      <trkpt lat="31.27945147454738616943359375" lon="121.3693985156714916229248046875">
        <ele>5.80000019073486328125</ele>
        <time>2026-05-09T23:03:28.000Z</time>
        <extensions>
          <ns3:TrackPointExtension>
            <ns3:hr>131</ns3:hr>
            <ns3:cad>80</ns3:cad>
          </ns3:TrackPointExtension>
        </extensions>
      </trkpt>
      <trkpt lat="31.27943680621683597564697265625" lon="121.36937798000872135162353515625">
        <ele>5.80000019073486328125</ele>
        <time>2026-05-09T23:03:29.000Z</time>
        <extensions>
          <ns3:TrackPointExtension>
            <ns3:hr>130</ns3:hr>
            <ns3:cad>80</ns3:cad>
          </ns3:TrackPointExtension>
        </extensions>
      </trkpt>
      <trkpt lat="31.27941987477242946624755859375" lon="121.36935886926949024200439453125">
        <ele>5.599999904632568359375</ele>
        <time>2026-05-09T23:03:30.000Z</time>
        <extensions>
          <ns3:TrackPointExtension>
            <ns3:hr>131</ns3:hr>
            <ns3:cad>80</ns3:cad>
          </ns3:TrackPointExtension>
        </extensions>
      </trkpt>
      <trkpt lat="31.27939824946224689483642578125" lon="121.369342021644115447998046875">
        <ele>5.599999904632568359375</ele>
        <time>2026-05-09T23:03:31.000Z</time>
        <extensions>
          <ns3:TrackPointExtension>
            <ns3:hr>130</ns3:hr>
            <ns3:cad>81</ns3:cad>
          </ns3:TrackPointExtension>
        </extensions>
      </trkpt>
      <trkpt lat="31.27937905490398406982421875" lon="121.369322240352630615234375">
        <ele>5.599999904632568359375</ele>
        <time>2026-05-09T23:03:32.000Z</time>
        <extensions>
          <ns3:TrackPointExtension>
            <ns3:hr>131</ns3:hr>
            <ns3:cad>82</ns3:cad>
          </ns3:TrackPointExtension>
        </extensions>
      </trkpt>
      <trkpt lat="31.279361285269260406494140625" lon="121.369309164583683013916015625">
        <ele>5.599999904632568359375</ele>
        <time>2026-05-09T23:03:33.000Z</time>
        <extensions>
          <ns3:TrackPointExtension>
            <ns3:hr>130</ns3:hr>
            <ns3:cad>82</ns3:cad>
          </ns3:TrackPointExtension>
        </extensions>
      </trkpt>
      <trkpt lat="31.27934041433036327362060546875" lon="121.36929164640605449676513671875">
        <ele>5.599999904632568359375</ele>
        <time>2026-05-09T23:03:34.000Z</time>
        <extensions>
          <ns3:TrackPointExtension>
            <ns3:hr>131</ns3:hr>
            <ns3:cad>82</ns3:cad>
          </ns3:TrackPointExtension>
        </extensions>
      </trkpt>
      <trkpt lat="31.27932046540081501007080078125" lon="121.36927731335163116455078125">
        <ele>5.599999904632568359375</ele>
        <time>2026-05-09T23:03:35.000Z</time>
        <extensions>
          <ns3:TrackPointExtension>
            <ns3:hr>131</ns3:hr>
            <ns3:cad>82</ns3:cad>
          </ns3:TrackPointExtension>
        </extensions>
      </trkpt>
      <trkpt lat="31.27930269576609134674072265625" lon="121.36926583014428615570068359375">
        <ele>5.599999904632568359375</ele>
        <time>2026-05-09T23:03:36.000Z</time>
        <extensions>
          <ns3:TrackPointExtension>
            <ns3:hr>131</ns3:hr>
            <ns3:cad>81</ns3:cad>
          </ns3:TrackPointExtension>
        </extensions>
      </trkpt>
      <trkpt lat="31.27928115427494049072265625" lon="121.36925560422241687774658203125">
        <ele>5.599999904632568359375</ele>
        <time>2026-05-09T23:03:37.000Z</time>
        <extensions>
          <ns3:TrackPointExtension>
            <ns3:hr>130</ns3:hr>
            <ns3:cad>81</ns3:cad>
          </ns3:TrackPointExtension>
        </extensions>
      </trkpt>
      <trkpt lat="31.279258690774440765380859375" lon="121.36924655176699161529541015625">
        <ele>5.599999904632568359375</ele>
        <time>2026-05-09T23:03:38.000Z</time>
        <extensions>
          <ns3:TrackPointExtension>
            <ns3:hr>131</ns3:hr>
            <ns3:cad>82</ns3:cad>
          </ns3:TrackPointExtension>
        </extensions>
      </trkpt>
      <trkpt lat="31.2792374007403850555419921875" lon="121.36923649348318576812744140625">
        <ele>5.599999904632568359375</ele>
        <time>2026-05-09T23:03:39.000Z</time>
        <extensions>
          <ns3:TrackPointExtension>
            <ns3:hr>131</ns3:hr>
            <ns3:cad>83</ns3:cad>
          </ns3:TrackPointExtension>
        </extensions>
      </trkpt>
      <trkpt lat="31.27921619452536106109619140625" lon="121.369227357208728790283203125">
        <ele>5.400000095367431640625</ele>
        <time>2026-05-09T23:03:40.000Z</time>
        <extensions>
          <ns3:TrackPointExtension>
            <ns3:hr>130</ns3:hr>
            <ns3:cad>83</ns3:cad>
          </ns3:TrackPointExtension>
        </extensions>
      </trkpt>
      <trkpt lat="31.279194653034210205078125" lon="121.369220316410064697265625">
        <ele>5.400000095367431640625</ele>
        <time>2026-05-09T23:03:41.000Z</time>
        <extensions>
          <ns3:TrackPointExtension>
            <ns3:hr>131</ns3:hr>
            <ns3:cad>82</ns3:cad>
          </ns3:TrackPointExtension>
        </extensions>
      </trkpt>
      <trkpt lat="31.27917227335274219512939453125" lon="121.36921838857233524322509765625">
        <ele>5.400000095367431640625</ele>
        <time>2026-05-09T23:03:42.000Z</time>
        <extensions>
          <ns3:TrackPointExtension>
            <ns3:hr>131</ns3:hr>
            <ns3:cad>82</ns3:cad>
          </ns3:TrackPointExtension>
        </extensions>
      </trkpt>
      <trkpt lat="31.27915165387094020843505859375" lon="121.36921830475330352783203125">
        <ele>5.599999904632568359375</ele>
        <time>2026-05-09T23:03:43.000Z</time>
        <extensions>
          <ns3:TrackPointExtension>
            <ns3:hr>130</ns3:hr>
            <ns3:cad>82</ns3:cad>
          </ns3:TrackPointExtension>
        </extensions>
      </trkpt>
      <trkpt lat="31.2791304476559162139892578125" lon="121.369215287268161773681640625">
        <ele>5.599999904632568359375</ele>
        <time>2026-05-09T23:03:44.000Z</time>
        <extensions>
          <ns3:TrackPointExtension>
            <ns3:hr>130</ns3:hr>
            <ns3:cad>83</ns3:cad>
          </ns3:TrackPointExtension>
        </extensions>
      </trkpt>
      <trkpt lat="31.27910949289798736572265625" lon="121.36921118013560771942138671875">
        <ele>5.599999904632568359375</ele>
        <time>2026-05-09T23:03:45.000Z</time>
        <extensions>
          <ns3:TrackPointExtension>
            <ns3:hr>130</ns3:hr>
            <ns3:cad>82</ns3:cad>
          </ns3:TrackPointExtension>
        </extensions>
      </trkpt>
      <trkpt lat="31.27909013070166110992431640625" lon="121.3692109286785125732421875">
        <ele>5.400000095367431640625</ele>
        <time>2026-05-09T23:03:46.000Z</time>
        <extensions>
          <ns3:TrackPointExtension>
            <ns3:hr>130</ns3:hr>
            <ns3:cad>82</ns3:cad>
          </ns3:TrackPointExtension>
        </extensions>
      </trkpt>
      <trkpt lat="31.27906917594373226165771484375" lon="121.3692104257643222808837890625">
        <ele>5.400000095367431640625</ele>
        <time>2026-05-09T23:03:47.000Z</time>
        <extensions>
          <ns3:TrackPointExtension>
            <ns3:hr>130</ns3:hr>
            <ns3:cad>81</ns3:cad>
          </ns3:TrackPointExtension>
        </extensions>
      </trkpt>
      <trkpt lat="31.279046125710010528564453125" lon="121.36921553872525691986083984375">
        <ele>5.19999980926513671875</ele>
        <time>2026-05-09T23:03:48.000Z</time>
        <extensions>
          <ns3:TrackPointExtension>
            <ns3:hr>130</ns3:hr>
            <ns3:cad>81</ns3:cad>
          </ns3:TrackPointExtension>
        </extensions>
      </trkpt>
      <trkpt lat="31.27902491949498653411865234375" lon="121.369219310581684112548828125">
        <ele>5.19999980926513671875</ele>
        <time>2026-05-09T23:03:49.000Z</time>
        <extensions>
          <ns3:TrackPointExtension>
            <ns3:hr>130</ns3:hr>
            <ns3:cad>82</ns3:cad>
          </ns3:TrackPointExtension>
        </extensions>
      </trkpt>
      <trkpt lat="31.2790013663470745086669921875" lon="121.36922425590455532073974609375">
        <ele>5.19999980926513671875</ele>
        <time>2026-05-09T23:03:50.000Z</time>
        <extensions>
          <ns3:TrackPointExtension>
            <ns3:hr>130</ns3:hr>
            <ns3:cad>82</ns3:cad>
          </ns3:TrackPointExtension>
        </extensions>
      </trkpt>
      <trkpt lat="31.27897731028497219085693359375" lon="121.3692312128841876983642578125">
        <ele>5.19999980926513671875</ele>
        <time>2026-05-09T23:03:51.000Z</time>
        <extensions>
          <ns3:TrackPointExtension>
            <ns3:hr>130</ns3:hr>
            <ns3:cad>83</ns3:cad>
          </ns3:TrackPointExtension>
        </extensions>
      </trkpt>
      <trkpt lat="31.278954260051250457763671875" lon="121.36923984624445438385009765625">
        <ele>5.19999980926513671875</ele>
        <time>2026-05-09T23:03:52.000Z</time>
        <extensions>
          <ns3:TrackPointExtension>
            <ns3:hr>130</ns3:hr>
            <ns3:cad>83</ns3:cad>
          </ns3:TrackPointExtension>
        </extensions>
      </trkpt>
      <trkpt lat="31.27893053926527500152587890625" lon="121.369250826537609100341796875">
        <ele>5.400000095367431640625</ele>
        <time>2026-05-09T23:03:53.000Z</time>
        <extensions>
          <ns3:TrackPointExtension>
            <ns3:hr>129</ns3:hr>
            <ns3:cad>83</ns3:cad>
          </ns3:TrackPointExtension>
        </extensions>
      </trkpt>
      <trkpt lat="31.27891176380217075347900390625" lon="121.3692580349743366241455078125">
        <ele>5.400000095367431640625</ele>
        <time>2026-05-09T23:03:54.000Z</time>
        <extensions>
          <ns3:TrackPointExtension>
            <ns3:hr>128</ns3:hr>
            <ns3:cad>83</ns3:cad>
          </ns3:TrackPointExtension>
        </extensions>
      </trkpt>
      <trkpt lat="31.2788883782923221588134765625" lon="121.3692637346684932708740234375">
        <ele>5.400000095367431640625</ele>
        <time>2026-05-09T23:03:55.000Z</time>
        <extensions>
          <ns3:TrackPointExtension>
            <ns3:hr>128</ns3:hr>
            <ns3:cad>83</ns3:cad>
          </ns3:TrackPointExtension>
        </extensions>
      </trkpt>
      <trkpt lat="31.27886683680117130279541015625" lon="121.36927337385714054107666015625">
        <ele>5.400000095367431640625</ele>
        <time>2026-05-09T23:03:56.000Z</time>
        <extensions>
          <ns3:TrackPointExtension>
            <ns3:hr>128</ns3:hr>
            <ns3:cad>83</ns3:cad>
          </ns3:TrackPointExtension>
        </extensions>
      </trkpt>
      <trkpt lat="31.278848312795162200927734375" lon="121.369281001389026641845703125">
        <ele>5.400000095367431640625</ele>
        <time>2026-05-09T23:03:57.000Z</time>
        <extensions>
          <ns3:TrackPointExtension>
            <ns3:hr>128</ns3:hr>
            <ns3:cad>83</ns3:cad>
          </ns3:TrackPointExtension>
        </extensions>
      </trkpt>
      <trkpt lat="31.27883062697947025299072265625" lon="121.36929147876799106597900390625">
        <ele>5.400000095367431640625</ele>
        <time>2026-05-09T23:03:58.000Z</time>
        <extensions>
          <ns3:TrackPointExtension>
            <ns3:hr>128</ns3:hr>
            <ns3:cad>82</ns3:cad>
          </ns3:TrackPointExtension>
        </extensions>
      </trkpt>
      <trkpt lat="31.2788119353353977203369140625" lon="121.3693034648895263671875">
        <ele>5.400000095367431640625</ele>
        <time>2026-05-09T23:03:59.000Z</time>
        <extensions>
          <ns3:TrackPointExtension>
            <ns3:hr>128</ns3:hr>
            <ns3:cad>82</ns3:cad>
          </ns3:TrackPointExtension>
        </extensions>
      </trkpt>
      <trkpt lat="31.27879223786294460296630859375" lon="121.369315870106220245361328125">
        <ele>5.400000095367431640625</ele>
        <time>2026-05-09T23:04:00.000Z</time>
        <extensions>
          <ns3:TrackPointExtension>
            <ns3:hr>128</ns3:hr>
            <ns3:cad>82</ns3:cad>
          </ns3:TrackPointExtension>
        </extensions>
      </trkpt>
      <trkpt lat="31.27877027727663516998291015625" lon="121.36932835914194583892822265625">
        <ele>5.400000095367431640625</ele>
        <time>2026-05-09T23:04:01.000Z</time>
        <extensions>
          <ns3:TrackPointExtension>
            <ns3:hr>128</ns3:hr>
            <ns3:cad>83</ns3:cad>
          </ns3:TrackPointExtension>
        </extensions>
      </trkpt>
      <trkpt lat="31.2787515856325626373291015625" lon="121.36934177018702030181884765625">
        <ele>5.400000095367431640625</ele>
        <time>2026-05-09T23:04:02.000Z</time>
        <extensions>
          <ns3:TrackPointExtension>
            <ns3:hr>127</ns3:hr>
            <ns3:cad>83</ns3:cad>
          </ns3:TrackPointExtension>
        </extensions>
      </trkpt>
      <trkpt lat="31.27873130142688751220703125" lon="121.3693532533943653106689453125">
        <ele>5.400000095367431640625</ele>
        <time>2026-05-09T23:04:03.000Z</time>
        <extensions>
          <ns3:TrackPointExtension>
            <ns3:hr>128</ns3:hr>
            <ns3:cad>83</ns3:cad>
          </ns3:TrackPointExtension>
        </extensions>
      </trkpt>
      <trkpt lat="31.2787126936018466949462890625" lon="121.3693649880588054656982421875">
        <ele>5.400000095367431640625</ele>
        <time>2026-05-09T23:04:04.000Z</time>
        <extensions>
          <ns3:TrackPointExtension>
            <ns3:hr>127</ns3:hr>
            <ns3:cad>83</ns3:cad>
          </ns3:TrackPointExtension>
        </extensions>
      </trkpt>
      <trkpt lat="31.2786949239671230316162109375" lon="121.36937378905713558197021484375">
        <ele>5.599999904632568359375</ele>
        <time>2026-05-09T23:04:05.000Z</time>
        <extensions>
          <ns3:TrackPointExtension>
            <ns3:hr>127</ns3:hr>
            <ns3:cad>83</ns3:cad>
          </ns3:TrackPointExtension>
        </extensions>
      </trkpt>
      <trkpt lat="31.2786769866943359375" lon="121.36938870884478092193603515625">
        <ele>5.599999904632568359375</ele>
        <time>2026-05-09T23:04:06.000Z</time>
        <extensions>
          <ns3:TrackPointExtension>
            <ns3:hr>127</ns3:hr>
            <ns3:cad>82</ns3:cad>
          </ns3:TrackPointExtension>
        </extensions>
      </trkpt>
      <trkpt lat="31.2786580435931682586669921875" lon="121.36940295808017253875732421875">
        <ele>5.80000019073486328125</ele>
        <time>2026-05-09T23:04:07.000Z</time>
        <extensions>
          <ns3:TrackPointExtension>
            <ns3:hr>127</ns3:hr>
            <ns3:cad>82</ns3:cad>
          </ns3:TrackPointExtension>
        </extensions>
      </trkpt>
      <trkpt lat="31.27864136360585689544677734375" lon="121.3694149442017078399658203125">
        <ele>5.80000019073486328125</ele>
        <time>2026-05-09T23:04:08.000Z</time>
        <extensions>
          <ns3:TrackPointExtension>
            <ns3:hr>128</ns3:hr>
            <ns3:cad>82</ns3:cad>
          </ns3:TrackPointExtension>
        </extensions>
      </trkpt>
      <trkpt lat="31.27862744964659214019775390625" lon="121.3694283552467823028564453125">
        <ele>6</ele>
        <time>2026-05-09T23:04:09.000Z</time>
        <extensions>
          <ns3:TrackPointExtension>
            <ns3:hr>128</ns3:hr>
            <ns3:cad>82</ns3:cad>
          </ns3:TrackPointExtension>
        </extensions>
      </trkpt>
      <trkpt lat="31.2786131165921688079833984375" lon="121.3694367371499538421630859375">
        <ele>6.19999980926513671875</ele>
        <time>2026-05-09T23:04:10.000Z</time>
        <extensions>
          <ns3:TrackPointExtension>
            <ns3:hr>128</ns3:hr>
            <ns3:cad>82</ns3:cad>
          </ns3:TrackPointExtension>
        </extensions>
      </trkpt>
      <trkpt lat="31.2785983644425868988037109375" lon="121.36945190839469432830810546875">
        <ele>6.19999980926513671875</ele>
        <time>2026-05-09T23:04:11.000Z</time>
        <extensions>
          <ns3:TrackPointExtension>
            <ns3:hr>129</ns3:hr>
            <ns3:cad>82</ns3:cad>
          </ns3:TrackPointExtension>
        </extensions>
      </trkpt>
      <trkpt lat="31.27858403138816356658935546875" lon="121.36946481652557849884033203125">
        <ele>6.400000095367431640625</ele>
        <time>2026-05-09T23:04:12.000Z</time>
        <extensions>
          <ns3:TrackPointExtension>
            <ns3:hr>129</ns3:hr>
            <ns3:cad>81</ns3:cad>
          </ns3:TrackPointExtension>
        </extensions>
      </trkpt>
      <trkpt lat="31.278575398027896881103515625" lon="121.36947579681873321533203125">
        <ele>6.599999904632568359375</ele>
        <time>2026-05-09T23:04:13.000Z</time>
        <extensions>
          <ns3:TrackPointExtension>
            <ns3:hr>130</ns3:hr>
            <ns3:cad>80</ns3:cad>
          </ns3:TrackPointExtension>
        </extensions>
      </trkpt>
      <trkpt lat="31.27856357954442501068115234375" lon="121.3694863580167293548583984375">
        <ele>6.80000019073486328125</ele>
        <time>2026-05-09T23:04:14.000Z</time>
        <extensions>
          <ns3:TrackPointExtension>
            <ns3:hr>131</ns3:hr>
            <ns3:cad>80</ns3:cad>
          </ns3:TrackPointExtension>
        </extensions>
      </trkpt>
      <trkpt lat="31.2785470671951770782470703125" lon="121.369502954185009002685546875">
        <ele>6.80000019073486328125</ele>
        <time>2026-05-09T23:04:15.000Z</time>
        <extensions>
          <ns3:TrackPointExtension>
            <ns3:hr>131</ns3:hr>
            <ns3:cad>80</ns3:cad>
          </ns3:TrackPointExtension>
        </extensions>
      </trkpt>
      <trkpt lat="31.2785336561501026153564453125" lon="121.3695161975920200347900390625">
        <ele>7</ele>
        <time>2026-05-09T23:04:16.000Z</time>
        <extensions>
          <ns3:TrackPointExtension>
            <ns3:hr>132</ns3:hr>
            <ns3:cad>81</ns3:cad>
          </ns3:TrackPointExtension>
        </extensions>
      </trkpt>
      <trkpt lat="31.27851848490536212921142578125" lon="121.36952969245612621307373046875">
        <ele>7.19999980926513671875</ele>
        <time>2026-05-09T23:04:17.000Z</time>
        <extensions>
          <ns3:TrackPointExtension>
            <ns3:hr>132</ns3:hr>
            <ns3:cad>82</ns3:cad>
          </ns3:TrackPointExtension>
        </extensions>
      </trkpt>
      <trkpt lat="31.2785048224031925201416015625" lon="121.369538493454456329345703125">
        <ele>7.599999904632568359375</ele>
        <time>2026-05-09T23:04:18.000Z</time>
        <extensions>
          <ns3:TrackPointExtension>
            <ns3:hr>132</ns3:hr>
            <ns3:cad>82</ns3:cad>
          </ns3:TrackPointExtension>
        </extensions>
      </trkpt>
      <trkpt lat="31.27849132753908634185791015625" lon="121.369547210633754730224609375">
        <ele>7.80000019073486328125</ele>
        <time>2026-05-09T23:04:19.000Z</time>
        <extensions>
          <ns3:TrackPointExtension>
            <ns3:hr>133</ns3:hr>
            <ns3:cad>82</ns3:cad>
          </ns3:TrackPointExtension>
        </extensions>
      </trkpt>
      <trkpt lat="31.27847104333341121673583984375" lon="121.36954712681472301483154296875">
        <ele>8</ele>
        <time>2026-05-09T23:04:20.000Z</time>
        <extensions>
          <ns3:TrackPointExtension>
            <ns3:hr>133</ns3:hr>
            <ns3:cad>80</ns3:cad>
          </ns3:TrackPointExtension>
        </extensions>
      </trkpt>
      <trkpt lat="31.27845126204192638397216796875" lon="121.36954293586313724517822265625">
        <ele>8.19999980926513671875</ele>
        <time>2026-05-09T23:04:21.000Z</time>
        <extensions>
          <ns3:TrackPointExtension>
            <ns3:hr>134</ns3:hr>
            <ns3:cad>80</ns3:cad>
          </ns3:TrackPointExtension>
        </extensions>
      </trkpt>
      <trkpt lat="31.27843483351171016693115234375" lon="121.36954209767282009124755859375">
        <ele>8.19999980926513671875</ele>
        <time>2026-05-09T23:04:22.000Z</time>
        <extensions>
          <ns3:TrackPointExtension>
            <ns3:hr>134</ns3:hr>
            <ns3:cad>80</ns3:cad>
          </ns3:TrackPointExtension>
        </extensions>
      </trkpt>
      <trkpt lat="31.2784267030656337738037109375" lon="121.369528435170650482177734375">
        <ele>8</ele>
        <time>2026-05-09T23:04:23.000Z</time>
        <extensions>
          <ns3:TrackPointExtension>
            <ns3:hr>135</ns3:hr>
            <ns3:cad>76</ns3:cad>
          </ns3:TrackPointExtension>
        </extensions>
      </trkpt>
      <trkpt lat="31.27844338305294513702392578125" lon="121.369499601423740386962890625">
        <ele>8</ele>
        <time>2026-05-09T23:04:24.000Z</time>
        <extensions>
          <ns3:TrackPointExtension>
            <ns3:hr>135</ns3:hr>
            <ns3:cad>76</ns3:cad>
          </ns3:TrackPointExtension>
        </extensions>
      </trkpt>
      <trkpt lat="31.278460063040256500244140625" lon="121.36947470717132091522216796875">
        <ele>8.19999980926513671875</ele>
        <time>2026-05-09T23:04:25.000Z</time>
        <extensions>
          <ns3:TrackPointExtension>
            <ns3:hr>135</ns3:hr>
            <ns3:cad>75</ns3:cad>
          </ns3:TrackPointExtension>
        </extensions>
      </trkpt>
      <trkpt lat="31.27847456373274326324462890625" lon="121.3694501481950283050537109375">
        <ele>8.19999980926513671875</ele>
        <time>2026-05-09T23:04:26.000Z</time>
        <extensions>
          <ns3:TrackPointExtension>
            <ns3:hr>135</ns3:hr>
            <ns3:cad>75</ns3:cad>
          </ns3:TrackPointExtension>
        </extensions>
      </trkpt>
      <trkpt lat="31.27848948352038860321044921875" lon="121.36942081153392791748046875">
        <ele>8.19999980926513671875</ele>
        <time>2026-05-09T23:04:27.000Z</time>
        <extensions>
          <ns3:TrackPointExtension>
            <ns3:hr>136</ns3:hr>
            <ns3:cad>75</ns3:cad>
          </ns3:TrackPointExtension>
        </extensions>
      </trkpt>
      <trkpt lat="31.27850440330803394317626953125" lon="121.36939558200538158416748046875">
        <ele>8.3999996185302734375</ele>
        <time>2026-05-09T23:04:28.000Z</time>
        <extensions>
          <ns3:TrackPointExtension>
            <ns3:hr>136</ns3:hr>
            <ns3:cad>75</ns3:cad>
          </ns3:TrackPointExtension>
        </extensions>
      </trkpt>
      <trkpt lat="31.27851781435310840606689453125" lon="121.36937362141907215118408203125">
        <ele>8.3999996185302734375</ele>
        <time>2026-05-09T23:04:29.000Z</time>
        <extensions>
          <ns3:TrackPointExtension>
            <ns3:hr>136</ns3:hr>
            <ns3:cad>75</ns3:cad>
          </ns3:TrackPointExtension>
        </extensions>
      </trkpt>
      <trkpt lat="31.27853156067430973052978515625" lon="121.369349397718906402587890625">
        <ele>8.3999996185302734375</ele>
        <time>2026-05-09T23:04:30.000Z</time>
        <extensions>
          <ns3:TrackPointExtension>
            <ns3:hr>137</ns3:hr>
            <ns3:cad>79</ns3:cad>
          </ns3:TrackPointExtension>
        </extensions>
      </trkpt>
      <trkpt lat="31.2785430438816547393798828125" lon="121.3693264313042163848876953125">
        <ele>8.6000003814697265625</ele>
        <time>2026-05-09T23:04:31.000Z</time>
        <extensions>
          <ns3:TrackPointExtension>
            <ns3:hr>137</ns3:hr>
            <ns3:cad>80</ns3:cad>
          </ns3:TrackPointExtension>
        </extensions>
      </trkpt>
      <trkpt lat="31.27855268307030200958251953125" lon="121.3693029619753360748291015625">
        <ele>8.6000003814697265625</ele>
        <time>2026-05-09T23:04:32.000Z</time>
        <extensions>
          <ns3:TrackPointExtension>
            <ns3:hr>137</ns3:hr>
            <ns3:cad>81</ns3:cad>
          </ns3:TrackPointExtension>
        </extensions>
      </trkpt>
      <trkpt lat="31.2785598076879978179931640625" lon="121.3692781515419483184814453125">
        <ele>8.6000003814697265625</ele>
        <time>2026-05-09T23:04:33.000Z</time>
        <extensions>
          <ns3:TrackPointExtension>
            <ns3:hr>137</ns3:hr>
            <ns3:cad>81</ns3:cad>
          </ns3:TrackPointExtension>
        </extensions>
      </trkpt>
      <trkpt lat="31.278552599251270294189453125" lon="121.3692607171833515167236328125">
        <ele>8.80000019073486328125</ele>
        <time>2026-05-09T23:04:34.000Z</time>
        <extensions>
          <ns3:TrackPointExtension>
            <ns3:hr>137</ns3:hr>
            <ns3:cad>81</ns3:cad>
          </ns3:TrackPointExtension>
        </extensions>
      </trkpt>
      <trkpt lat="31.278536505997180938720703125" lon="121.36925317347049713134765625">
        <ele>8.80000019073486328125</ele>
        <time>2026-05-09T23:04:35.000Z</time>
        <extensions>
          <ns3:TrackPointExtension>
            <ns3:hr>137</ns3:hr>
            <ns3:cad>81</ns3:cad>
          </ns3:TrackPointExtension>
        </extensions>
      </trkpt>
      <trkpt lat="31.27851848490536212921142578125" lon="121.36925443075597286224365234375">
        <ele>8.80000019073486328125</ele>
        <time>2026-05-09T23:04:36.000Z</time>
        <extensions>
          <ns3:TrackPointExtension>
            <ns3:hr>137</ns3:hr>
            <ns3:cad>81</ns3:cad>
          </ns3:TrackPointExtension>
        </extensions>
      </trkpt>
      <trkpt lat="31.27849887125194072723388671875" lon="121.3692664168775081634521484375">
        <ele>8.80000019073486328125</ele>
        <time>2026-05-09T23:04:37.000Z</time>
        <extensions>
          <ns3:TrackPointExtension>
            <ns3:hr>136</ns3:hr>
            <ns3:cad>80</ns3:cad>
          </ns3:TrackPointExtension>
        </extensions>
      </trkpt>
      <trkpt lat="31.2784766592085361480712890625" lon="121.3692771457135677337646484375">
        <ele>8.80000019073486328125</ele>
        <time>2026-05-09T23:04:38.000Z</time>
        <extensions>
          <ns3:TrackPointExtension>
            <ns3:hr>136</ns3:hr>
            <ns3:cad>78</ns3:cad>
          </ns3:TrackPointExtension>
        </extensions>
      </trkpt>
      <trkpt lat="31.2784555368125438690185546875" lon="121.36928535997867584228515625">
        <ele>8.80000019073486328125</ele>
        <time>2026-05-09T23:04:39.000Z</time>
        <extensions>
          <ns3:TrackPointExtension>
            <ns3:hr>136</ns3:hr>
            <ns3:cad>78</ns3:cad>
          </ns3:TrackPointExtension>
        </extensions>
      </trkpt>
      <trkpt lat="31.2784342467784881591796875" lon="121.3692929036915302276611328125">
        <ele>8.6000003814697265625</ele>
        <time>2026-05-09T23:04:40.000Z</time>
        <extensions>
          <ns3:TrackPointExtension>
            <ns3:hr>136</ns3:hr>
            <ns3:cad>78</ns3:cad>
          </ns3:TrackPointExtension>
        </extensions>
      </trkpt>
      <trkpt lat="31.27841354347765445709228515625" lon="121.369299776852130889892578125">
        <ele>8.6000003814697265625</ele>
        <time>2026-05-09T23:04:41.000Z</time>
        <extensions>
          <ns3:TrackPointExtension>
            <ns3:hr>136</ns3:hr>
            <ns3:cad>79</ns3:cad>
          </ns3:TrackPointExtension>
        </extensions>
      </trkpt>
      <trkpt lat="31.2783940136432647705078125" lon="121.36930757202208042144775390625">
        <ele>8.80000019073486328125</ele>
        <time>2026-05-09T23:04:42.000Z</time>
        <extensions>
          <ns3:TrackPointExtension>
            <ns3:hr>136</ns3:hr>
            <ns3:cad>80</ns3:cad>
          </ns3:TrackPointExtension>
        </extensions>
      </trkpt>
      <trkpt lat="31.27837054431438446044921875" lon="121.3693128526210784912109375">
        <ele>8.80000019073486328125</ele>
        <time>2026-05-09T23:04:43.000Z</time>
        <extensions>
          <ns3:TrackPointExtension>
            <ns3:hr>136</ns3:hr>
            <ns3:cad>81</ns3:cad>
          </ns3:TrackPointExtension>
        </extensions>
      </trkpt>
      <trkpt lat="31.27834950573742389678955078125" lon="121.3693200610578060150146484375">
        <ele>8.80000019073486328125</ele>
        <time>2026-05-09T23:04:44.000Z</time>
        <extensions>
          <ns3:TrackPointExtension>
            <ns3:hr>136</ns3:hr>
            <ns3:cad>81</ns3:cad>
          </ns3:TrackPointExtension>
        </extensions>
      </trkpt>
      <trkpt lat="31.2783298082649707794189453125" lon="121.36932869441807270050048828125">
        <ele>9</ele>
        <time>2026-05-09T23:04:45.000Z</time>
        <extensions>
          <ns3:TrackPointExtension>
            <ns3:hr>135</ns3:hr>
            <ns3:cad>81</ns3:cad>
          </ns3:TrackPointExtension>
        </extensions>
      </trkpt>
      <trkpt lat="31.27831111662089824676513671875" lon="121.36934034526348114013671875">
        <ele>9</ele>
        <time>2026-05-09T23:04:46.000Z</time>
        <extensions>
          <ns3:TrackPointExtension>
            <ns3:hr>136</ns3:hr>
            <ns3:cad>81</ns3:cad>
          </ns3:TrackPointExtension>
        </extensions>
      </trkpt>
      <trkpt lat="31.278293430805206298828125" lon="121.369357444345951080322265625">
        <ele>9</ele>
        <time>2026-05-09T23:04:47.000Z</time>
        <extensions>
          <ns3:TrackPointExtension>
            <ns3:hr>136</ns3:hr>
            <ns3:cad>81</ns3:cad>
          </ns3:TrackPointExtension>
        </extensions>
      </trkpt>
      <trkpt lat="31.27827507443726062774658203125" lon="121.369373537600040435791015625">
        <ele>9</ele>
        <time>2026-05-09T23:04:48.000Z</time>
        <extensions>
          <ns3:TrackPointExtension>
            <ns3:hr>136</ns3:hr>
            <ns3:cad>81</ns3:cad>
          </ns3:TrackPointExtension>
        </extensions>
      </trkpt>
      <trkpt lat="31.278255879878997802734375" lon="121.369387619197368621826171875">
        <ele>9</ele>
        <time>2026-05-09T23:04:49.000Z</time>
        <extensions>
          <ns3:TrackPointExtension>
            <ns3:hr>136</ns3:hr>
            <ns3:cad>80</ns3:cad>
          </ns3:TrackPointExtension>
        </extensions>
      </trkpt>
      <trkpt lat="31.278235428035259246826171875" lon="121.36940094642341136932373046875">
        <ele>9</ele>
        <time>2026-05-09T23:04:50.000Z</time>
        <extensions>
          <ns3:TrackPointExtension>
            <ns3:hr>136</ns3:hr>
            <ns3:cad>80</ns3:cad>
          </ns3:TrackPointExtension>
        </extensions>
      </trkpt>
      <trkpt lat="31.27821899950504302978515625" lon="121.3694068975746631622314453125">
        <ele>9</ele>
        <time>2026-05-09T23:04:51.000Z</time>
        <extensions>
          <ns3:TrackPointExtension>
            <ns3:hr>136</ns3:hr>
            <ns3:cad>80</ns3:cad>
          </ns3:TrackPointExtension>
        </extensions>
      </trkpt>
      <trkpt lat="31.278196536004543304443359375" lon="121.36941385455429553985595703125">
        <ele>9</ele>
        <time>2026-05-09T23:04:52.000Z</time>
        <extensions>
          <ns3:TrackPointExtension>
            <ns3:hr>136</ns3:hr>
            <ns3:cad>80</ns3:cad>
          </ns3:TrackPointExtension>
        </extensions>
      </trkpt>
      <trkpt lat="31.27817331813275814056396484375" lon="121.36942190118134021759033203125">
        <ele>9</ele>
        <time>2026-05-09T23:04:53.000Z</time>
        <extensions>
          <ns3:TrackPointExtension>
            <ns3:hr>137</ns3:hr>
            <ns3:cad>80</ns3:cad>
          </ns3:TrackPointExtension>
        </extensions>
      </trkpt>
      <trkpt lat="31.27814800478518009185791015625" lon="121.36942843906581401824951171875">
        <ele>9</ele>
        <time>2026-05-09T23:04:54.000Z</time>
        <extensions>
          <ns3:TrackPointExtension>
            <ns3:hr>136</ns3:hr>
            <ns3:cad>81</ns3:cad>
          </ns3:TrackPointExtension>
        </extensions>
      </trkpt>
      <trkpt lat="31.27812470309436321258544921875" lon="121.36943313293159008026123046875">
        <ele>9</ele>
        <time>2026-05-09T23:04:55.000Z</time>
        <extensions>
          <ns3:TrackPointExtension>
            <ns3:hr>136</ns3:hr>
            <ns3:cad>81</ns3:cad>
          </ns3:TrackPointExtension>
        </extensions>
      </trkpt>
      <trkpt lat="31.27809888683259487152099609375" lon="121.3694374077022075653076171875">
        <ele>9</ele>
        <time>2026-05-09T23:04:56.000Z</time>
        <extensions>
          <ns3:TrackPointExtension>
            <ns3:hr>137</ns3:hr>
            <ns3:cad>81</ns3:cad>
          </ns3:TrackPointExtension>
        </extensions>
      </trkpt>
      <trkpt lat="31.27807491458952426910400390625" lon="121.3694364018738269805908203125">
        <ele>9</ele>
        <time>2026-05-09T23:04:57.000Z</time>
        <extensions>
          <ns3:TrackPointExtension>
            <ns3:hr>137</ns3:hr>
            <ns3:cad>82</ns3:cad>
          </ns3:TrackPointExtension>
        </extensions>
      </trkpt>
      <trkpt lat="31.27805245108902454376220703125" lon="121.36943749152123928070068359375">
        <ele>9</ele>
        <time>2026-05-09T23:04:58.000Z</time>
        <extensions>
          <ns3:TrackPointExtension>
            <ns3:hr>137</ns3:hr>
            <ns3:cad>82</ns3:cad>
          </ns3:TrackPointExtension>
        </extensions>
      </trkpt>
      <trkpt lat="31.2780294008553028106689453125" lon="121.36943883262574672698974609375">
        <ele>8.80000019073486328125</ele>
        <time>2026-05-09T23:04:59.000Z</time>
        <extensions>
          <ns3:TrackPointExtension>
            <ns3:hr>137</ns3:hr>
            <ns3:cad>82</ns3:cad>
          </ns3:TrackPointExtension>
        </extensions>
      </trkpt>
      <trkpt lat="31.2780062668025493621826171875" lon="121.36944101192057132720947265625">
        <ele>8.80000019073486328125</ele>
        <time>2026-05-09T23:05:00.000Z</time>
        <extensions>
          <ns3:TrackPointExtension>
            <ns3:hr>138</ns3:hr>
            <ns3:cad>82</ns3:cad>
          </ns3:TrackPointExtension>
        </extensions>
      </trkpt>
      <trkpt lat="31.27798036672174930572509765625" lon="121.36944268830120563507080078125">
        <ele>8.80000019073486328125</ele>
        <time>2026-05-09T23:05:01.000Z</time>
        <extensions>
          <ns3:TrackPointExtension>
            <ns3:hr>138</ns3:hr>
            <ns3:cad>82</ns3:cad>
          </ns3:TrackPointExtension>
        </extensions>
      </trkpt>
      <trkpt lat="31.27795605920255184173583984375" lon="121.36944972909986972808837890625">
        <ele>8.6000003814697265625</ele>
        <time>2026-05-09T23:05:02.000Z</time>
        <extensions>
          <ns3:TrackPointExtension>
            <ns3:hr>138</ns3:hr>
            <ns3:cad>82</ns3:cad>
          </ns3:TrackPointExtension>
        </extensions>
      </trkpt>
      <trkpt lat="31.27793376334011554718017578125" lon="121.3694568537175655364990234375">
        <ele>8.3999996185302734375</ele>
        <time>2026-05-09T23:05:03.000Z</time>
        <extensions>
          <ns3:TrackPointExtension>
            <ns3:hr>138</ns3:hr>
            <ns3:cad>82</ns3:cad>
          </ns3:TrackPointExtension>
        </extensions>
      </trkpt>
      <trkpt lat="31.27791054546833038330078125" lon="121.36947101913392543792724609375">
        <ele>8.3999996185302734375</ele>
        <time>2026-05-09T23:05:04.000Z</time>
        <extensions>
          <ns3:TrackPointExtension>
            <ns3:hr>138</ns3:hr>
            <ns3:cad>82</ns3:cad>
          </ns3:TrackPointExtension>
        </extensions>
      </trkpt>
      <trkpt lat="31.27788531593978404998779296875" lon="121.36948744766414165496826171875">
        <ele>8</ele>
        <time>2026-05-09T23:05:05.000Z</time>
        <extensions>
          <ns3:TrackPointExtension>
            <ns3:hr>138</ns3:hr>
            <ns3:cad>81</ns3:cad>
          </ns3:TrackPointExtension>
        </extensions>
      </trkpt>
      <trkpt lat="31.2778681330382823944091796875" lon="121.36950219981372356414794921875">
        <ele>7.80000019073486328125</ele>
        <time>2026-05-09T23:05:06.000Z</time>
        <extensions>
          <ns3:TrackPointExtension>
            <ns3:hr>138</ns3:hr>
            <ns3:cad>81</ns3:cad>
          </ns3:TrackPointExtension>
        </extensions>
      </trkpt>
      <trkpt lat="31.277849860489368438720703125" lon="121.36951871216297149658203125">
        <ele>7.599999904632568359375</ele>
        <time>2026-05-09T23:05:07.000Z</time>
        <extensions>
          <ns3:TrackPointExtension>
            <ns3:hr>138</ns3:hr>
            <ns3:cad>81</ns3:cad>
          </ns3:TrackPointExtension>
        </extensions>
      </trkpt>
      <trkpt lat="31.2778292410075664520263671875" lon="121.3695354759693145751953125">
        <ele>7.400000095367431640625</ele>
        <time>2026-05-09T23:05:08.000Z</time>
        <extensions>
          <ns3:TrackPointExtension>
            <ns3:hr>138</ns3:hr>
            <ns3:cad>81</ns3:cad>
          </ns3:TrackPointExtension>
        </extensions>
      </trkpt>
      <trkpt lat="31.2778121419250965118408203125" lon="121.369556598365306854248046875">
        <ele>7.19999980926513671875</ele>
        <time>2026-05-09T23:05:09.000Z</time>
        <extensions>
          <ns3:TrackPointExtension>
            <ns3:hr>138</ns3:hr>
            <ns3:cad>81</ns3:cad>
          </ns3:TrackPointExtension>
        </extensions>
      </trkpt>
      <trkpt lat="31.2777920253574848175048828125" lon="121.36957713402807712554931640625">
        <ele>7.19999980926513671875</ele>
        <time>2026-05-09T23:05:10.000Z</time>
        <extensions>
          <ns3:TrackPointExtension>
            <ns3:hr>137</ns3:hr>
            <ns3:cad>82</ns3:cad>
          </ns3:TrackPointExtension>
        </extensions>
      </trkpt>
      <trkpt lat="31.27777241170406341552734375" lon="121.36959515511989593505859375">
        <ele>7</ele>
        <time>2026-05-09T23:05:11.000Z</time>
        <extensions>
          <ns3:TrackPointExtension>
            <ns3:hr>137</ns3:hr>
            <ns3:cad>82</ns3:cad>
          </ns3:TrackPointExtension>
        </extensions>
      </trkpt>
      <trkpt lat="31.27775087021291255950927734375" lon="121.3696140982210636138916015625">
        <ele>6.80000019073486328125</ele>
        <time>2026-05-09T23:05:12.000Z</time>
        <extensions>
          <ns3:TrackPointExtension>
            <ns3:hr>137</ns3:hr>
            <ns3:cad>82</ns3:cad>
          </ns3:TrackPointExtension>
        </extensions>
      </trkpt>
      <trkpt lat="31.2777273170650005340576171875" lon="121.36962424032390117645263671875">
        <ele>6.599999904632568359375</ele>
        <time>2026-05-09T23:05:13.000Z</time>
        <extensions>
          <ns3:TrackPointExtension>
            <ns3:hr>137</ns3:hr>
            <ns3:cad>81</ns3:cad>
          </ns3:TrackPointExtension>
        </extensions>
      </trkpt>
      <trkpt lat="31.2777048535645008087158203125" lon="121.369633376598358154296875">
        <ele>6.599999904632568359375</ele>
        <time>2026-05-09T23:05:14.000Z</time>
        <extensions>
          <ns3:TrackPointExtension>
            <ns3:hr>138</ns3:hr>
            <ns3:cad>81</ns3:cad>
          </ns3:TrackPointExtension>
        </extensions>
      </trkpt>
      <trkpt lat="31.277680881321430206298828125" lon="121.3696332089602947235107421875">
        <ele>6.400000095367431640625</ele>
        <time>2026-05-09T23:05:15.000Z</time>
        <extensions>
          <ns3:TrackPointExtension>
            <ns3:hr>138</ns3:hr>
            <ns3:cad>82</ns3:cad>
          </ns3:TrackPointExtension>
        </extensions>
      </trkpt>
      <trkpt lat="31.2776535563170909881591796875" lon="121.369630359113216400146484375">
        <ele>6.400000095367431640625</ele>
        <time>2026-05-09T23:05:16.000Z</time>
        <extensions>
          <ns3:TrackPointExtension>
            <ns3:hr>138</ns3:hr>
            <ns3:cad>82</ns3:cad>
          </ns3:TrackPointExtension>
        </extensions>
      </trkpt>
      <trkpt lat="31.27763134427368640899658203125" lon="121.3696308620274066925048828125">
        <ele>6.19999980926513671875</ele>
        <time>2026-05-09T23:05:17.000Z</time>
        <extensions>
          <ns3:TrackPointExtension>
            <ns3:hr>138</ns3:hr>
            <ns3:cad>82</ns3:cad>
          </ns3:TrackPointExtension>
        </extensions>
      </trkpt>
      <trkpt lat="31.27760904841125011444091796875" lon="121.3696298561990261077880859375">
        <ele>6.400000095367431640625</ele>
        <time>2026-05-09T23:05:18.000Z</time>
        <extensions>
          <ns3:TrackPointExtension>
            <ns3:hr>138</ns3:hr>
            <ns3:cad>82</ns3:cad>
          </ns3:TrackPointExtension>
        </extensions>
      </trkpt>
      <trkpt lat="31.27758524380624294281005859375" lon="121.369624994695186614990234375">
        <ele>6.400000095367431640625</ele>
        <time>2026-05-09T23:05:19.000Z</time>
        <extensions>
          <ns3:TrackPointExtension>
            <ns3:hr>138</ns3:hr>
            <ns3:cad>82</ns3:cad>
          </ns3:TrackPointExtension>
        </extensions>
      </trkpt>
      <trkpt lat="31.2775610201060771942138671875" lon="121.3696221448481082916259765625">
        <ele>6.400000095367431640625</ele>
        <time>2026-05-09T23:05:20.000Z</time>
        <extensions>
          <ns3:TrackPointExtension>
            <ns3:hr>137</ns3:hr>
            <ns3:cad>82</ns3:cad>
          </ns3:TrackPointExtension>
        </extensions>
      </trkpt>
      <trkpt lat="31.277538053691387176513671875" lon="121.36961904354393482208251953125">
        <ele>6.400000095367431640625</ele>
        <time>2026-05-09T23:05:21.000Z</time>
        <extensions>
          <ns3:TrackPointExtension>
            <ns3:hr>137</ns3:hr>
            <ns3:cad>82</ns3:cad>
          </ns3:TrackPointExtension>
        </extensions>
      </trkpt>
      <trkpt lat="31.27751751802861690521240234375" lon="121.36961284093558788299560546875">
        <ele>6.19999980926513671875</ele>
        <time>2026-05-09T23:05:22.000Z</time>
        <extensions>
          <ns3:TrackPointExtension>
            <ns3:hr>136</ns3:hr>
            <ns3:cad>82</ns3:cad>
          </ns3:TrackPointExtension>
        </extensions>
      </trkpt>
      <trkpt lat="31.27749706618487834930419921875" lon="121.36960730887949466705322265625">
        <ele>6.19999980926513671875</ele>
        <time>2026-05-09T23:05:23.000Z</time>
        <extensions>
          <ns3:TrackPointExtension>
            <ns3:hr>136</ns3:hr>
            <ns3:cad>82</ns3:cad>
          </ns3:TrackPointExtension>
        </extensions>
      </trkpt>
      <trkpt lat="31.27747611142694950103759765625" lon="121.36960244737565517425537109375">
        <ele>6.19999980926513671875</ele>
        <time>2026-05-09T23:05:24.000Z</time>
        <extensions>
          <ns3:TrackPointExtension>
            <ns3:hr>136</ns3:hr>
            <ns3:cad>82</ns3:cad>
          </ns3:TrackPointExtension>
        </extensions>
      </trkpt>
      <trkpt lat="31.27745230682194232940673828125" lon="121.3695966638624668121337890625">
        <ele>6.19999980926513671875</ele>
        <time>2026-05-09T23:05:25.000Z</time>
        <extensions>
          <ns3:TrackPointExtension>
            <ns3:hr>136</ns3:hr>
            <ns3:cad>82</ns3:cad>
          </ns3:TrackPointExtension>
        </extensions>
      </trkpt>
      <trkpt lat="31.27742816694080829620361328125" lon="121.36958400718867778778076171875">
        <ele>6.19999980926513671875</ele>
        <time>2026-05-09T23:05:26.000Z</time>
        <extensions>
          <ns3:TrackPointExtension>
            <ns3:hr>135</ns3:hr>
            <ns3:cad>83</ns3:cad>
          </ns3:TrackPointExtension>
        </extensions>
      </trkpt>
      <trkpt lat="31.27740897238254547119140625" lon="121.369574368000030517578125">
        <ele>6.19999980926513671875</ele>
        <time>2026-05-09T23:05:27.000Z</time>
        <extensions>
          <ns3:TrackPointExtension>
            <ns3:hr>135</ns3:hr>
            <ns3:cad>83</ns3:cad>
          </ns3:TrackPointExtension>
        </extensions>
      </trkpt>
      <trkpt lat="31.2773906998336315155029296875" lon="121.3695691712200641632080078125">
        <ele>6.19999980926513671875</ele>
        <time>2026-05-09T23:05:28.000Z</time>
        <extensions>
          <ns3:TrackPointExtension>
            <ns3:hr>134</ns3:hr>
            <ns3:cad>83</ns3:cad>
          </ns3:TrackPointExtension>
        </extensions>
      </trkpt>
      <trkpt lat="31.2773668952286243438720703125" lon="121.36956606991589069366455078125">
        <ele>6.19999980926513671875</ele>
        <time>2026-05-09T23:05:29.000Z</time>
        <extensions>
          <ns3:TrackPointExtension>
            <ns3:hr>134</ns3:hr>
            <ns3:cad>82</ns3:cad>
          </ns3:TrackPointExtension>
        </extensions>
      </trkpt>
      <trkpt lat="31.27734568901360034942626953125" lon="121.36955902911722660064697265625">
        <ele>6.19999980926513671875</ele>
        <time>2026-05-09T23:05:30.000Z</time>
        <extensions>
          <ns3:TrackPointExtension>
            <ns3:hr>134</ns3:hr>
            <ns3:cad>82</ns3:cad>
          </ns3:TrackPointExtension>
        </extensions>
      </trkpt>
      <trkpt lat="31.2773209623992443084716796875" lon="121.36955349706113338470458984375">
        <ele>6.19999980926513671875</ele>
        <time>2026-05-09T23:05:31.000Z</time>
        <extensions>
          <ns3:TrackPointExtension>
            <ns3:hr>134</ns3:hr>
            <ns3:cad>82</ns3:cad>
          </ns3:TrackPointExtension>
        </extensions>
      </trkpt>
      <trkpt lat="31.2772998400032520294189453125" lon="121.36954779736697673797607421875">
        <ele>6.19999980926513671875</ele>
        <time>2026-05-09T23:05:32.000Z</time>
        <extensions>
          <ns3:TrackPointExtension>
            <ns3:hr>134</ns3:hr>
            <ns3:cad>81</ns3:cad>
          </ns3:TrackPointExtension>
        </extensions>
      </trkpt>
      <trkpt lat="31.27727695740759372711181640625" lon="121.36954545043408870697021484375">
        <ele>6.19999980926513671875</ele>
        <time>2026-05-09T23:05:33.000Z</time>
        <extensions>
          <ns3:TrackPointExtension>
            <ns3:hr>134</ns3:hr>
            <ns3:cad>81</ns3:cad>
          </ns3:TrackPointExtension>
        </extensions>
      </trkpt>
      <trkpt lat="31.277251057326793670654296875" lon="121.3695435225963592529296875">
        <ele>6.19999980926513671875</ele>
        <time>2026-05-09T23:05:34.000Z</time>
        <extensions>
          <ns3:TrackPointExtension>
            <ns3:hr>133</ns3:hr>
            <ns3:cad>82</ns3:cad>
          </ns3:TrackPointExtension>
        </extensions>
      </trkpt>
      <trkpt lat="31.27722716890275478363037109375" lon="121.36954142712056636810302734375">
        <ele>6.19999980926513671875</ele>
        <time>2026-05-09T23:05:35.000Z</time>
        <extensions>
          <ns3:TrackPointExtension>
            <ns3:hr>134</ns3:hr>
            <ns3:cad>82</ns3:cad>
          </ns3:TrackPointExtension>
        </extensions>
      </trkpt>
      <trkpt lat="31.27720269374549388885498046875" lon="121.36954327113926410675048828125">
        <ele>6.19999980926513671875</ele>
        <time>2026-05-09T23:05:36.000Z</time>
        <extensions>
          <ns3:TrackPointExtension>
            <ns3:hr>134</ns3:hr>
            <ns3:cad>82</ns3:cad>
          </ns3:TrackPointExtension>
        </extensions>
      </trkpt>
      <trkpt lat="31.2771791405975818634033203125" lon="121.36955014429986476898193359375">
        <ele>6.19999980926513671875</ele>
        <time>2026-05-09T23:05:37.000Z</time>
        <extensions>
          <ns3:TrackPointExtension>
            <ns3:hr>133</ns3:hr>
            <ns3:cad>82</ns3:cad>
          </ns3:TrackPointExtension>
        </extensions>
      </trkpt>
      <trkpt lat="31.27716497518122196197509765625" lon="121.36956556700170040130615234375">
        <ele>6.400000095367431640625</ele>
        <time>2026-05-09T23:05:38.000Z</time>
        <extensions>
          <ns3:TrackPointExtension>
            <ns3:hr>133</ns3:hr>
            <ns3:cad>83</ns3:cad>
          </ns3:TrackPointExtension>
        </extensions>
      </trkpt>
      <trkpt lat="31.27715039066970348358154296875" lon="121.369590796530246734619140625">
        <ele>6.400000095367431640625</ele>
        <time>2026-05-09T23:05:39.000Z</time>
        <extensions>
          <ns3:TrackPointExtension>
            <ns3:hr>133</ns3:hr>
            <ns3:cad>82</ns3:cad>
          </ns3:TrackPointExtension>
        </extensions>
      </trkpt>
      <trkpt lat="31.27713614143431186676025390625" lon="121.369617618620395660400390625">
        <ele>6.400000095367431640625</ele>
        <time>2026-05-09T23:05:40.000Z</time>
        <extensions>
          <ns3:TrackPointExtension>
            <ns3:hr>133</ns3:hr>
            <ns3:cad>82</ns3:cad>
          </ns3:TrackPointExtension>
        </extensions>
      </trkpt>
      <trkpt lat="31.2771231494843959808349609375" lon="121.36964234523475170135498046875">
        <ele>6.19999980926513671875</ele>
        <time>2026-05-09T23:05:41.000Z</time>
        <extensions>
          <ns3:TrackPointExtension>
            <ns3:hr>133</ns3:hr>
            <ns3:cad>81</ns3:cad>
          </ns3:TrackPointExtension>
        </extensions>
      </trkpt>
      <trkpt lat="31.27710915170609951019287109375" lon="121.3696664012968540191650390625">
        <ele>6.19999980926513671875</ele>
        <time>2026-05-09T23:05:42.000Z</time>
        <extensions>
          <ns3:TrackPointExtension>
            <ns3:hr>133</ns3:hr>
            <ns3:cad>77</ns3:cad>
          </ns3:TrackPointExtension>
        </extensions>
      </trkpt>
      <trkpt lat="31.27708836458623409271240234375" lon="121.369688697159290313720703125">
        <ele>6</ele>
        <time>2026-05-09T23:05:43.000Z</time>
        <extensions>
          <ns3:TrackPointExtension>
            <ns3:hr>134</ns3:hr>
            <ns3:cad>77</ns3:cad>
          </ns3:TrackPointExtension>
        </extensions>
      </trkpt>
      <trkpt lat="31.2770691700279712677001953125" lon="121.36970755644142627716064453125">
        <ele>6</ele>
        <time>2026-05-09T23:05:44.000Z</time>
        <extensions>
          <ns3:TrackPointExtension>
            <ns3:hr>133</ns3:hr>
            <ns3:cad>77</ns3:cad>
          </ns3:TrackPointExtension>
        </extensions>
      </trkpt>
      <trkpt lat="31.27704679034650325775146484375" lon="121.3697213865816593170166015625">
        <ele>6</ele>
        <time>2026-05-09T23:05:45.000Z</time>
        <extensions>
          <ns3:TrackPointExtension>
            <ns3:hr>133</ns3:hr>
            <ns3:cad>79</ns3:cad>
          </ns3:TrackPointExtension>
        </extensions>
      </trkpt>
      <trkpt lat="31.27701896242797374725341796875" lon="121.36972968466579914093017578125">
        <ele>6</ele>
        <time>2026-05-09T23:05:46.000Z</time>
        <extensions>
          <ns3:TrackPointExtension>
            <ns3:hr>133</ns3:hr>
            <ns3:cad>81</ns3:cad>
          </ns3:TrackPointExtension>
        </extensions>
      </trkpt>
      <trkpt lat="31.2769950740039348602294921875" lon="121.3697366416454315185546875">
        <ele>6</ele>
        <time>2026-05-09T23:05:47.000Z</time>
        <extensions>
          <ns3:TrackPointExtension>
            <ns3:hr>133</ns3:hr>
            <ns3:cad>81</ns3:cad>
          </ns3:TrackPointExtension>
        </extensions>
      </trkpt>
      <trkpt lat="31.2769711017608642578125" lon="121.36974041350185871124267578125">
        <ele>6</ele>
        <time>2026-05-09T23:05:48.000Z</time>
        <extensions>
          <ns3:TrackPointExtension>
            <ns3:hr>133</ns3:hr>
            <ns3:cad>81</ns3:cad>
          </ns3:TrackPointExtension>
        </extensions>
      </trkpt>
      <trkpt lat="31.27694419585168361663818359375" lon="121.3697438500821590423583984375">
        <ele>6</ele>
        <time>2026-05-09T23:05:49.000Z</time>
        <extensions>
          <ns3:TrackPointExtension>
            <ns3:hr>133</ns3:hr>
            <ns3:cad>80</ns3:cad>
          </ns3:TrackPointExtension>
        </extensions>
      </trkpt>
      <trkpt lat="31.276923157274723052978515625" lon="121.369747705757617950439453125">
        <ele>6</ele>
        <time>2026-05-09T23:05:50.000Z</time>
        <extensions>
          <ns3:TrackPointExtension>
            <ns3:hr>133</ns3:hr>
            <ns3:cad>80</ns3:cad>
          </ns3:TrackPointExtension>
        </extensions>
      </trkpt>
      <trkpt lat="31.27689809538424015045166015625" lon="121.36974401772022247314453125">
        <ele>6</ele>
        <time>2026-05-09T23:05:51.000Z</time>
        <extensions>
          <ns3:TrackPointExtension>
            <ns3:hr>132</ns3:hr>
            <ns3:cad>80</ns3:cad>
          </ns3:TrackPointExtension>
        </extensions>
      </trkpt>
      <trkpt lat="31.2768773920834064483642578125" lon="121.3697327859699726104736328125">
        <ele>6</ele>
        <time>2026-05-09T23:05:52.000Z</time>
        <extensions>
          <ns3:TrackPointExtension>
            <ns3:hr>132</ns3:hr>
            <ns3:cad>80</ns3:cad>
          </ns3:TrackPointExtension>
        </extensions>
      </trkpt>
      <trkpt lat="31.2768579460680484771728515625" lon="121.3697232306003570556640625">
        <ele>6</ele>
        <time>2026-05-09T23:05:53.000Z</time>
        <extensions>
          <ns3:TrackPointExtension>
            <ns3:hr>132</ns3:hr>
            <ns3:cad>80</ns3:cad>
          </ns3:TrackPointExtension>
        </extensions>
      </trkpt>
      <trkpt lat="31.2768354825675487518310546875" lon="121.36971845291554927825927734375">
        <ele>6</ele>
        <time>2026-05-09T23:05:54.000Z</time>
        <extensions>
          <ns3:TrackPointExtension>
            <ns3:hr>132</ns3:hr>
            <ns3:cad>78</ns3:cad>
          </ns3:TrackPointExtension>
        </extensions>
      </trkpt>
      <trkpt lat="31.27681544981896877288818359375" lon="121.36971208266913890838623046875">
        <ele>6</ele>
        <time>2026-05-09T23:05:55.000Z</time>
        <extensions>
          <ns3:TrackPointExtension>
            <ns3:hr>132</ns3:hr>
            <ns3:cad>78</ns3:cad>
          </ns3:TrackPointExtension>
        </extensions>
      </trkpt>
      <trkpt lat="31.2767918966710567474365234375" lon="121.36971225030720233917236328125">
        <ele>5.80000019073486328125</ele>
        <time>2026-05-09T23:05:56.000Z</time>
        <extensions>
          <ns3:TrackPointExtension>
            <ns3:hr>132</ns3:hr>
            <ns3:cad>78</ns3:cad>
          </ns3:TrackPointExtension>
        </extensions>
      </trkpt>
      <trkpt lat="31.27676985226571559906005859375" lon="121.3697151839733123779296875">
        <ele>5.80000019073486328125</ele>
        <time>2026-05-09T23:05:57.000Z</time>
        <extensions>
          <ns3:TrackPointExtension>
            <ns3:hr>132</ns3:hr>
            <ns3:cad>79</ns3:cad>
          </ns3:TrackPointExtension>
        </extensions>
      </trkpt>
      <trkpt lat="31.27674671821296215057373046875" lon="121.36971451342105865478515625">
        <ele>5.80000019073486328125</ele>
        <time>2026-05-09T23:05:58.000Z</time>
        <extensions>
          <ns3:TrackPointExtension>
            <ns3:hr>132</ns3:hr>
            <ns3:cad>79</ns3:cad>
          </ns3:TrackPointExtension>
        </extensions>
      </trkpt>
      <trkpt lat="31.27672232687473297119140625" lon="121.369718872010707855224609375">
        <ele>5.80000019073486328125</ele>
        <time>2026-05-09T23:05:59.000Z</time>
        <extensions>
          <ns3:TrackPointExtension>
            <ns3:hr>132</ns3:hr>
            <ns3:cad>79</ns3:cad>
          </ns3:TrackPointExtension>
        </extensions>
      </trkpt>
      <trkpt lat="31.27669743262231349945068359375" lon="121.36972096748650074005126953125">
        <ele>6</ele>
        <time>2026-05-09T23:06:00.000Z</time>
        <extensions>
          <ns3:TrackPointExtension>
            <ns3:hr>132</ns3:hr>
            <ns3:cad>79</ns3:cad>
          </ns3:TrackPointExtension>
        </extensions>
      </trkpt>
      <trkpt lat="31.276671700179576873779296875" lon="121.36972633190453052520751953125">
        <ele>6</ele>
        <time>2026-05-09T23:06:01.000Z</time>
        <extensions>
          <ns3:TrackPointExtension>
            <ns3:hr>132</ns3:hr>
            <ns3:cad>79</ns3:cad>
          </ns3:TrackPointExtension>
        </extensions>
      </trkpt>
      <trkpt lat="31.27664797939360141754150390625" lon="121.36972901411354541778564453125">
        <ele>6</ele>
        <time>2026-05-09T23:06:02.000Z</time>
        <extensions>
          <ns3:TrackPointExtension>
            <ns3:hr>132</ns3:hr>
            <ns3:cad>80</ns3:cad>
          </ns3:TrackPointExtension>
        </extensions>
      </trkpt>
      <trkpt lat="31.276619397103786468505859375" lon="121.3697337917983531951904296875">
        <ele>6</ele>
        <time>2026-05-09T23:06:03.000Z</time>
        <extensions>
          <ns3:TrackPointExtension>
            <ns3:hr>132</ns3:hr>
            <ns3:cad>80</ns3:cad>
          </ns3:TrackPointExtension>
        </extensions>
      </trkpt>
      <trkpt lat="31.2765924073755741119384765625" lon="121.36973907239735126495361328125">
        <ele>5.80000019073486328125</ele>
        <time>2026-05-09T23:06:04.000Z</time>
        <extensions>
          <ns3:TrackPointExtension>
            <ns3:hr>132</ns3:hr>
            <ns3:cad>81</ns3:cad>
          </ns3:TrackPointExtension>
        </extensions>
      </trkpt>
      <trkpt lat="31.276570446789264678955078125" lon="121.3697435148060321807861328125">
        <ele>5.80000019073486328125</ele>
        <time>2026-05-09T23:06:05.000Z</time>
        <extensions>
          <ns3:TrackPointExtension>
            <ns3:hr>133</ns3:hr>
            <ns3:cad>81</ns3:cad>
          </ns3:TrackPointExtension>
        </extensions>
      </trkpt>
      <trkpt lat="31.2765491567552089691162109375" lon="121.36974628083407878875732421875">
        <ele>5.80000019073486328125</ele>
        <time>2026-05-09T23:06:06.000Z</time>
        <extensions>
          <ns3:TrackPointExtension>
            <ns3:hr>133</ns3:hr>
            <ns3:cad>82</ns3:cad>
          </ns3:TrackPointExtension>
        </extensions>
      </trkpt>
      <trkpt lat="31.276523508131504058837890625" lon="121.369748376309871673583984375">
        <ele>5.80000019073486328125</ele>
        <time>2026-05-09T23:06:07.000Z</time>
        <extensions>
          <ns3:TrackPointExtension>
            <ns3:hr>133</ns3:hr>
            <ns3:cad>82</ns3:cad>
          </ns3:TrackPointExtension>
        </extensions>
      </trkpt>
      <trkpt lat="31.27650104463100433349609375" lon="121.36974695138633251190185546875">
        <ele>5.80000019073486328125</ele>
        <time>2026-05-09T23:06:08.000Z</time>
        <extensions>
          <ns3:TrackPointExtension>
            <ns3:hr>134</ns3:hr>
            <ns3:cad>81</ns3:cad>
          </ns3:TrackPointExtension>
        </extensions>
      </trkpt>
      <trkpt lat="31.276477910578250885009765625" lon="121.3697458617389202117919921875">
        <ele>6</ele>
        <time>2026-05-09T23:06:09.000Z</time>
        <extensions>
          <ns3:TrackPointExtension>
            <ns3:hr>134</ns3:hr>
            <ns3:cad>81</ns3:cad>
          </ns3:TrackPointExtension>
        </extensions>
      </trkpt>
      <trkpt lat="31.27645276486873626708984375" lon="121.36974477209150791168212890625">
        <ele>6</ele>
        <time>2026-05-09T23:06:10.000Z</time>
        <extensions>
          <ns3:TrackPointExtension>
            <ns3:hr>134</ns3:hr>
            <ns3:cad>82</ns3:cad>
          </ns3:TrackPointExtension>
        </extensions>
      </trkpt>
      <trkpt lat="31.27642921172082424163818359375" lon="121.36974292807281017303466796875">
        <ele>6</ele>
        <time>2026-05-09T23:06:11.000Z</time>
        <extensions>
          <ns3:TrackPointExtension>
            <ns3:hr>134</ns3:hr>
            <ns3:cad>82</ns3:cad>
          </ns3:TrackPointExtension>
        </extensions>
      </trkpt>
      <trkpt lat="31.276406161487102508544921875" lon="121.36974276043474674224853515625">
        <ele>6</ele>
        <time>2026-05-09T23:06:12.000Z</time>
        <extensions>
          <ns3:TrackPointExtension>
            <ns3:hr>134</ns3:hr>
            <ns3:cad>82</ns3:cad>
          </ns3:TrackPointExtension>
        </extensions>
      </trkpt>
      <trkpt lat="31.27638629637658596038818359375" lon="121.36974334716796875">
        <ele>6</ele>
        <time>2026-05-09T23:06:13.000Z</time>
        <extensions>
          <ns3:TrackPointExtension>
            <ns3:hr>134</ns3:hr>
            <ns3:cad>82</ns3:cad>
          </ns3:TrackPointExtension>
        </extensions>
      </trkpt>
      <trkpt lat="31.2763630785048007965087890625" lon="121.3697425089776515960693359375">
        <ele>5.80000019073486328125</ele>
        <time>2026-05-09T23:06:14.000Z</time>
        <extensions>
          <ns3:TrackPointExtension>
            <ns3:hr>134</ns3:hr>
            <ns3:cad>82</ns3:cad>
          </ns3:TrackPointExtension>
        </extensions>
      </trkpt>
      <trkpt lat="31.27633952535688877105712890625" lon="121.3697398267686367034912109375">
        <ele>6</ele>
        <time>2026-05-09T23:06:15.000Z</time>
        <extensions>
          <ns3:TrackPointExtension>
            <ns3:hr>134</ns3:hr>
            <ns3:cad>82</ns3:cad>
          </ns3:TrackPointExtension>
        </extensions>
      </trkpt>
      <trkpt lat="31.27631731331348419189453125" lon="121.369741000235080718994140625">
        <ele>6</ele>
        <time>2026-05-09T23:06:16.000Z</time>
        <extensions>
          <ns3:TrackPointExtension>
            <ns3:hr>134</ns3:hr>
            <ns3:cad>82</ns3:cad>
          </ns3:TrackPointExtension>
        </extensions>
      </trkpt>
      <trkpt lat="31.27629317343235015869140625" lon="121.3697394914925098419189453125">
        <ele>6</ele>
        <time>2026-05-09T23:06:17.000Z</time>
        <extensions>
          <ns3:TrackPointExtension>
            <ns3:hr>134</ns3:hr>
            <ns3:cad>83</ns3:cad>
          </ns3:TrackPointExtension>
        </extensions>
      </trkpt>
      <trkpt lat="31.27627263776957988739013671875" lon="121.3697347976267337799072265625">
        <ele>6</ele>
        <time>2026-05-09T23:06:18.000Z</time>
        <extensions>
          <ns3:TrackPointExtension>
            <ns3:hr>134</ns3:hr>
            <ns3:cad>83</ns3:cad>
          </ns3:TrackPointExtension>
        </extensions>
      </trkpt>
      <trkpt lat="31.276249252259731292724609375" lon="121.36973203159868717193603515625">
        <ele>6</ele>
        <time>2026-05-09T23:06:19.000Z</time>
        <extensions>
          <ns3:TrackPointExtension>
            <ns3:hr>134</ns3:hr>
            <ns3:cad>83</ns3:cad>
          </ns3:TrackPointExtension>
        </extensions>
      </trkpt>
      <trkpt lat="31.27622569911181926727294921875" lon="121.369727589190006256103515625">
        <ele>6</ele>
        <time>2026-05-09T23:06:20.000Z</time>
        <extensions>
          <ns3:TrackPointExtension>
            <ns3:hr>135</ns3:hr>
            <ns3:cad>83</ns3:cad>
          </ns3:TrackPointExtension>
        </extensions>
      </trkpt>
      <trkpt lat="31.27620331943035125732421875" lon="121.3697207160294055938720703125">
        <ele>6</ele>
        <time>2026-05-09T23:06:21.000Z</time>
        <extensions>
          <ns3:TrackPointExtension>
            <ns3:hr>135</ns3:hr>
            <ns3:cad>83</ns3:cad>
          </ns3:TrackPointExtension>
        </extensions>
      </trkpt>
      <trkpt lat="31.27618043683469295501708984375" lon="121.36971174739301204681396484375">
        <ele>6</ele>
        <time>2026-05-09T23:06:22.000Z</time>
        <extensions>
          <ns3:TrackPointExtension>
            <ns3:hr>135</ns3:hr>
            <ns3:cad>83</ns3:cad>
          </ns3:TrackPointExtension>
        </extensions>
      </trkpt>
      <trkpt lat="31.27616065554320812225341796875" lon="121.36970655061304569244384765625">
        <ele>6</ele>
        <time>2026-05-09T23:06:23.000Z</time>
        <extensions>
          <ns3:TrackPointExtension>
            <ns3:hr>135</ns3:hr>
            <ns3:cad>83</ns3:cad>
          </ns3:TrackPointExtension>
        </extensions>
      </trkpt>
      <trkpt lat="31.2761404551565647125244140625" lon="121.3697019405663013458251953125">
        <ele>6.19999980926513671875</ele>
        <time>2026-05-09T23:06:24.000Z</time>
        <extensions>
          <ns3:TrackPointExtension>
            <ns3:hr>135</ns3:hr>
            <ns3:cad>83</ns3:cad>
          </ns3:TrackPointExtension>
        </extensions>
      </trkpt>
      <trkpt lat="31.27611748874187469482421875" lon="121.3696985878050327301025390625">
        <ele>6.19999980926513671875</ele>
        <time>2026-05-09T23:06:25.000Z</time>
        <extensions>
          <ns3:TrackPointExtension>
            <ns3:hr>135</ns3:hr>
            <ns3:cad>83</ns3:cad>
          </ns3:TrackPointExtension>
        </extensions>
      </trkpt>
      <trkpt lat="31.27609695307910442352294921875" lon="121.36969297192990779876708984375">
        <ele>6.19999980926513671875</ele>
        <time>2026-05-09T23:06:26.000Z</time>
        <extensions>
          <ns3:TrackPointExtension>
            <ns3:hr>135</ns3:hr>
            <ns3:cad>83</ns3:cad>
          </ns3:TrackPointExtension>
        </extensions>
      </trkpt>
      <trkpt lat="31.2760774232447147369384765625" lon="121.369689367711544036865234375">
        <ele>6.19999980926513671875</ele>
        <time>2026-05-09T23:06:27.000Z</time>
        <extensions>
          <ns3:TrackPointExtension>
            <ns3:hr>135</ns3:hr>
            <ns3:cad>83</ns3:cad>
          </ns3:TrackPointExtension>
        </extensions>
      </trkpt>
      <trkpt lat="31.2760559655725955963134765625" lon="121.36968777514994144439697265625">
        <ele>6.19999980926513671875</ele>
        <time>2026-05-09T23:06:28.000Z</time>
        <extensions>
          <ns3:TrackPointExtension>
            <ns3:hr>135</ns3:hr>
            <ns3:cad>83</ns3:cad>
          </ns3:TrackPointExtension>
        </extensions>
      </trkpt>
      <trkpt lat="31.27603358589112758636474609375" lon="121.36968442238867282867431640625">
        <ele>6.19999980926513671875</ele>
        <time>2026-05-09T23:06:29.000Z</time>
        <extensions>
          <ns3:TrackPointExtension>
            <ns3:hr>134</ns3:hr>
            <ns3:cad>83</ns3:cad>
          </ns3:TrackPointExtension>
        </extensions>
      </trkpt>
      <trkpt lat="31.2760123796761035919189453125" lon="121.36967754922807216644287109375">
        <ele>6.19999980926513671875</ele>
        <time>2026-05-09T23:06:30.000Z</time>
        <extensions>
          <ns3:TrackPointExtension>
            <ns3:hr>134</ns3:hr>
            <ns3:cad>81</ns3:cad>
          </ns3:TrackPointExtension>
        </extensions>
      </trkpt>
      <trkpt lat="31.27599050290882587432861328125" lon="121.36967159807682037353515625">
        <ele>6.400000095367431640625</ele>
        <time>2026-05-09T23:06:31.000Z</time>
        <extensions>
          <ns3:TrackPointExtension>
            <ns3:hr>134</ns3:hr>
            <ns3:cad>82</ns3:cad>
          </ns3:TrackPointExtension>
        </extensions>
      </trkpt>
      <trkpt lat="31.2759692966938018798828125" lon="121.369665563106536865234375">
        <ele>6.400000095367431640625</ele>
        <time>2026-05-09T23:06:32.000Z</time>
        <extensions>
          <ns3:TrackPointExtension>
            <ns3:hr>134</ns3:hr>
            <ns3:cad>83</ns3:cad>
          </ns3:TrackPointExtension>
        </extensions>
      </trkpt>
      <trkpt lat="31.27594641409814357757568359375" lon="121.36965994723141193389892578125">
        <ele>6.400000095367431640625</ele>
        <time>2026-05-09T23:06:33.000Z</time>
        <extensions>
          <ns3:TrackPointExtension>
            <ns3:hr>133</ns3:hr>
            <ns3:cad>83</ns3:cad>
          </ns3:TrackPointExtension>
        </extensions>
      </trkpt>
      <trkpt lat="31.2759242020547389984130859375" lon="121.36965542100369930267333984375">
        <ele>6.400000095367431640625</ele>
        <time>2026-05-09T23:06:34.000Z</time>
        <extensions>
          <ns3:TrackPointExtension>
            <ns3:hr>133</ns3:hr>
            <ns3:cad>82</ns3:cad>
          </ns3:TrackPointExtension>
        </extensions>
      </trkpt>
      <trkpt lat="31.27589964307844638824462890625" lon="121.369647793471813201904296875">
        <ele>6.599999904632568359375</ele>
        <time>2026-05-09T23:06:35.000Z</time>
        <extensions>
          <ns3:TrackPointExtension>
            <ns3:hr>133</ns3:hr>
            <ns3:cad>82</ns3:cad>
          </ns3:TrackPointExtension>
        </extensions>
      </trkpt>
      <trkpt lat="31.2758727371692657470703125" lon="121.36963664554059505462646484375">
        <ele>6.599999904632568359375</ele>
        <time>2026-05-09T23:06:36.000Z</time>
        <extensions>
          <ns3:TrackPointExtension>
            <ns3:hr>133</ns3:hr>
            <ns3:cad>82</ns3:cad>
          </ns3:TrackPointExtension>
        </extensions>
      </trkpt>
      <trkpt lat="31.2758501060307025909423828125" lon="121.3696318678557872772216796875">
        <ele>6.599999904632568359375</ele>
        <time>2026-05-09T23:06:37.000Z</time>
        <extensions>
          <ns3:TrackPointExtension>
            <ns3:hr>133</ns3:hr>
            <ns3:cad>82</ns3:cad>
          </ns3:TrackPointExtension>
        </extensions>
      </trkpt>
      <trkpt lat="31.27582672052085399627685546875" lon="121.369628012180328369140625">
        <ele>6.599999904632568359375</ele>
        <time>2026-05-09T23:06:38.000Z</time>
        <extensions>
          <ns3:TrackPointExtension>
            <ns3:hr>134</ns3:hr>
            <ns3:cad>82</ns3:cad>
          </ns3:TrackPointExtension>
        </extensions>
      </trkpt>
      <trkpt lat="31.27580274827778339385986328125" lon="121.36962390504777431488037109375">
        <ele>6.599999904632568359375</ele>
        <time>2026-05-09T23:06:39.000Z</time>
        <extensions>
          <ns3:TrackPointExtension>
            <ns3:hr>134</ns3:hr>
            <ns3:cad>82</ns3:cad>
          </ns3:TrackPointExtension>
        </extensions>
      </trkpt>
      <trkpt lat="31.275776512920856475830078125" lon="121.3696197979152202606201171875">
        <ele>6.599999904632568359375</ele>
        <time>2026-05-09T23:06:40.000Z</time>
        <extensions>
          <ns3:TrackPointExtension>
            <ns3:hr>134</ns3:hr>
            <ns3:cad>82</ns3:cad>
          </ns3:TrackPointExtension>
        </extensions>
      </trkpt>
      <trkpt lat="31.275749690830707550048828125" lon="121.36961569078266620635986328125">
        <ele>6.400000095367431640625</ele>
        <time>2026-05-09T23:06:41.000Z</time>
        <extensions>
          <ns3:TrackPointExtension>
            <ns3:hr>134</ns3:hr>
            <ns3:cad>82</ns3:cad>
          </ns3:TrackPointExtension>
        </extensions>
      </trkpt>
      <trkpt lat="31.27572462894022464752197265625" lon="121.36960831470787525177001953125">
        <ele>6.400000095367431640625</ele>
        <time>2026-05-09T23:06:42.000Z</time>
        <extensions>
          <ns3:TrackPointExtension>
            <ns3:hr>134</ns3:hr>
            <ns3:cad>82</ns3:cad>
          </ns3:TrackPointExtension>
        </extensions>
      </trkpt>
      <trkpt lat="31.27569747157394886016845703125" lon="121.36960546486079692840576171875">
        <ele>6.400000095367431640625</ele>
        <time>2026-05-09T23:06:43.000Z</time>
        <extensions>
          <ns3:TrackPointExtension>
            <ns3:hr>133</ns3:hr>
            <ns3:cad>82</ns3:cad>
          </ns3:TrackPointExtension>
        </extensions>
      </trkpt>
      <trkpt lat="31.2756693921983242034912109375" lon="121.3696023635566234588623046875">
        <ele>6.400000095367431640625</ele>
        <time>2026-05-09T23:06:44.000Z</time>
        <extensions>
          <ns3:TrackPointExtension>
            <ns3:hr>134</ns3:hr>
            <ns3:cad>83</ns3:cad>
          </ns3:TrackPointExtension>
        </extensions>
      </trkpt>
      <trkpt lat="31.27564365975558757781982421875" lon="121.369597502052783966064453125">
        <ele>6.400000095367431640625</ele>
        <time>2026-05-09T23:06:45.000Z</time>
        <extensions>
          <ns3:TrackPointExtension>
            <ns3:hr>134</ns3:hr>
            <ns3:cad>83</ns3:cad>
          </ns3:TrackPointExtension>
        </extensions>
      </trkpt>
      <trkpt lat="31.2756192684173583984375" lon="121.369590461254119873046875">
        <ele>6.400000095367431640625</ele>
        <time>2026-05-09T23:06:46.000Z</time>
        <extensions>
          <ns3:TrackPointExtension>
            <ns3:hr>134</ns3:hr>
            <ns3:cad>83</ns3:cad>
          </ns3:TrackPointExtension>
        </extensions>
      </trkpt>
      <trkpt lat="31.27559571526944637298583984375" lon="121.36958467774093151092529296875">
        <ele>6.400000095367431640625</ele>
        <time>2026-05-09T23:06:47.000Z</time>
        <extensions>
          <ns3:TrackPointExtension>
            <ns3:hr>134</ns3:hr>
            <ns3:cad>83</ns3:cad>
          </ns3:TrackPointExtension>
        </extensions>
      </trkpt>
      <trkpt lat="31.27557124011218547821044921875" lon="121.36958082206547260284423828125">
        <ele>6.400000095367431640625</ele>
        <time>2026-05-09T23:06:48.000Z</time>
        <extensions>
          <ns3:TrackPointExtension>
            <ns3:hr>134</ns3:hr>
            <ns3:cad>84</ns3:cad>
          </ns3:TrackPointExtension>
        </extensions>
      </trkpt>
      <trkpt lat="31.27554726786911487579345703125" lon="121.3695772178471088409423828125">
        <ele>6.400000095367431640625</ele>
        <time>2026-05-09T23:06:49.000Z</time>
        <extensions>
          <ns3:TrackPointExtension>
            <ns3:hr>135</ns3:hr>
            <ns3:cad>84</ns3:cad>
          </ns3:TrackPointExtension>
        </extensions>
      </trkpt>
      <trkpt lat="31.27552296034991741180419921875" lon="121.36957193724811077117919921875">
        <ele>6.400000095367431640625</ele>
        <time>2026-05-09T23:06:50.000Z</time>
        <extensions>
          <ns3:TrackPointExtension>
            <ns3:hr>135</ns3:hr>
            <ns3:cad>84</ns3:cad>
          </ns3:TrackPointExtension>
        </extensions>
      </trkpt>
      <trkpt lat="31.27549965865910053253173828125" lon="121.3695649802684783935546875">
        <ele>6.400000095367431640625</ele>
        <time>2026-05-09T23:06:51.000Z</time>
        <extensions>
          <ns3:TrackPointExtension>
            <ns3:hr>135</ns3:hr>
            <ns3:cad>84</ns3:cad>
          </ns3:TrackPointExtension>
        </extensions>
      </trkpt>
      <trkpt lat="31.27547753043472766876220703125" lon="121.369561292231082916259765625">
        <ele>6.599999904632568359375</ele>
        <time>2026-05-09T23:06:52.000Z</time>
        <extensions>
          <ns3:TrackPointExtension>
            <ns3:hr>135</ns3:hr>
            <ns3:cad>84</ns3:cad>
          </ns3:TrackPointExtension>
        </extensions>
      </trkpt>
      <trkpt lat="31.2754551507532596588134765625" lon="121.369560621678829193115234375">
        <ele>6.400000095367431640625</ele>
        <time>2026-05-09T23:06:53.000Z</time>
        <extensions>
          <ns3:TrackPointExtension>
            <ns3:hr>134</ns3:hr>
            <ns3:cad>84</ns3:cad>
          </ns3:TrackPointExtension>
        </extensions>
      </trkpt>
      <trkpt lat="31.27543193288147449493408203125" lon="121.3695596158504486083984375">
        <ele>6.400000095367431640625</ele>
        <time>2026-05-09T23:06:54.000Z</time>
        <extensions>
          <ns3:TrackPointExtension>
            <ns3:hr>134</ns3:hr>
            <ns3:cad>83</ns3:cad>
          </ns3:TrackPointExtension>
        </extensions>
      </trkpt>
      <trkpt lat="31.27540695481002330780029296875" lon="121.3695554248988628387451171875">
        <ele>6.400000095367431640625</ele>
        <time>2026-05-09T23:06:55.000Z</time>
        <extensions>
          <ns3:TrackPointExtension>
            <ns3:hr>134</ns3:hr>
            <ns3:cad>83</ns3:cad>
          </ns3:TrackPointExtension>
        </extensions>
      </trkpt>
      <trkpt lat="31.2753818929195404052734375" lon="121.3695550896227359771728515625">
        <ele>6.19999980926513671875</ele>
        <time>2026-05-09T23:06:56.000Z</time>
        <extensions>
          <ns3:TrackPointExtension>
            <ns3:hr>134</ns3:hr>
            <ns3:cad>83</ns3:cad>
          </ns3:TrackPointExtension>
        </extensions>
      </trkpt>
      <trkpt lat="31.27535783685743808746337890625" lon="121.36955492198467254638671875">
        <ele>6</ele>
        <time>2026-05-09T23:06:57.000Z</time>
        <extensions>
          <ns3:TrackPointExtension>
            <ns3:hr>134</ns3:hr>
            <ns3:cad>83</ns3:cad>
          </ns3:TrackPointExtension>
        </extensions>
      </trkpt>
      <trkpt lat="31.27533269114792346954345703125" lon="121.36955349706113338470458984375">
        <ele>5.80000019073486328125</ele>
        <time>2026-05-09T23:06:58.000Z</time>
        <extensions>
          <ns3:TrackPointExtension>
            <ns3:hr>134</ns3:hr>
            <ns3:cad>83</ns3:cad>
          </ns3:TrackPointExtension>
        </extensions>
      </trkpt>
      <trkpt lat="31.27531073056161403656005859375" lon="121.3695493899285793304443359375">
        <ele>5.599999904632568359375</ele>
        <time>2026-05-09T23:06:59.000Z</time>
        <extensions>
          <ns3:TrackPointExtension>
            <ns3:hr>134</ns3:hr>
            <ns3:cad>83</ns3:cad>
          </ns3:TrackPointExtension>
        </extensions>
      </trkpt>
      <trkpt lat="31.2752891890704631805419921875" lon="121.36954461224377155303955078125">
        <ele>5.599999904632568359375</ele>
        <time>2026-05-09T23:07:00.000Z</time>
        <extensions>
          <ns3:TrackPointExtension>
            <ns3:hr>133</ns3:hr>
            <ns3:cad>83</ns3:cad>
          </ns3:TrackPointExtension>
        </extensions>
      </trkpt>
      <trkpt lat="31.275265216827392578125" lon="121.3695406727492809295654296875">
        <ele>5.599999904632568359375</ele>
        <time>2026-05-09T23:07:01.000Z</time>
        <extensions>
          <ns3:TrackPointExtension>
            <ns3:hr>133</ns3:hr>
            <ns3:cad>83</ns3:cad>
          </ns3:TrackPointExtension>
        </extensions>
      </trkpt>
      <trkpt lat="31.2752435915172100067138671875" lon="121.36953572742640972137451171875">
        <ele>5.80000019073486328125</ele>
        <time>2026-05-09T23:07:02.000Z</time>
        <extensions>
          <ns3:TrackPointExtension>
            <ns3:hr>133</ns3:hr>
            <ns3:cad>84</ns3:cad>
          </ns3:TrackPointExtension>
        </extensions>
      </trkpt>
      <trkpt lat="31.275220625102519989013671875" lon="121.36952935717999935150146484375">
        <ele>6</ele>
        <time>2026-05-09T23:07:03.000Z</time>
        <extensions>
          <ns3:TrackPointExtension>
            <ns3:hr>134</ns3:hr>
            <ns3:cad>84</ns3:cad>
          </ns3:TrackPointExtension>
        </extensions>
      </trkpt>
      <trkpt lat="31.2751966528594493865966796875" lon="121.369527764618396759033203125">
        <ele>6.19999980926513671875</ele>
        <time>2026-05-09T23:07:04.000Z</time>
        <extensions>
          <ns3:TrackPointExtension>
            <ns3:hr>133</ns3:hr>
            <ns3:cad>84</ns3:cad>
          </ns3:TrackPointExtension>
        </extensions>
      </trkpt>
      <trkpt lat="31.27517427317798137664794921875" lon="121.36952432803809642791748046875">
        <ele>6.19999980926513671875</ele>
        <time>2026-05-09T23:07:05.000Z</time>
        <extensions>
          <ns3:TrackPointExtension>
            <ns3:hr>134</ns3:hr>
            <ns3:cad>84</ns3:cad>
          </ns3:TrackPointExtension>
        </extensions>
      </trkpt>
      <trkpt lat="31.2751510553061962127685546875" lon="121.3695182092487812042236328125">
        <ele>6.400000095367431640625</ele>
        <time>2026-05-09T23:07:06.000Z</time>
        <extensions>
          <ns3:TrackPointExtension>
            <ns3:hr>134</ns3:hr>
            <ns3:cad>84</ns3:cad>
          </ns3:TrackPointExtension>
        </extensions>
      </trkpt>
      <trkpt lat="31.27512750215828418731689453125" lon="121.3695113360881805419921875">
        <ele>6.400000095367431640625</ele>
        <time>2026-05-09T23:07:07.000Z</time>
        <extensions>
          <ns3:TrackPointExtension>
            <ns3:hr>134</ns3:hr>
            <ns3:cad>84</ns3:cad>
          </ns3:TrackPointExtension>
        </extensions>
      </trkpt>
      <trkpt lat="31.275101937353610992431640625" lon="121.36950605548918247222900390625">
        <ele>6.599999904632568359375</ele>
        <time>2026-05-09T23:07:08.000Z</time>
        <extensions>
          <ns3:TrackPointExtension>
            <ns3:hr>133</ns3:hr>
            <ns3:cad>84</ns3:cad>
          </ns3:TrackPointExtension>
        </extensions>
      </trkpt>
      <trkpt lat="31.27507637254893779754638671875" lon="121.369502283632755279541015625">
        <ele>6.599999904632568359375</ele>
        <time>2026-05-09T23:07:09.000Z</time>
        <extensions>
          <ns3:TrackPointExtension>
            <ns3:hr>134</ns3:hr>
            <ns3:cad>84</ns3:cad>
          </ns3:TrackPointExtension>
        </extensions>
      </trkpt>
      <trkpt lat="31.27505265176296234130859375" lon="121.369496248662471771240234375">
        <ele>6.599999904632568359375</ele>
        <time>2026-05-09T23:07:10.000Z</time>
        <extensions>
          <ns3:TrackPointExtension>
            <ns3:hr>134</ns3:hr>
            <ns3:cad>84</ns3:cad>
          </ns3:TrackPointExtension>
        </extensions>
      </trkpt>
      <trkpt lat="31.2750286795198917388916015625" lon="121.3694910518825054168701171875">
        <ele>6.599999904632568359375</ele>
        <time>2026-05-09T23:07:11.000Z</time>
        <extensions>
          <ns3:TrackPointExtension>
            <ns3:hr>133</ns3:hr>
            <ns3:cad>84</ns3:cad>
          </ns3:TrackPointExtension>
        </extensions>
      </trkpt>
      <trkpt lat="31.2750048749148845672607421875" lon="121.3694870285689830780029296875">
        <ele>6.599999904632568359375</ele>
        <time>2026-05-09T23:07:12.000Z</time>
        <extensions>
          <ns3:TrackPointExtension>
            <ns3:hr>133</ns3:hr>
            <ns3:cad>84</ns3:cad>
          </ns3:TrackPointExtension>
        </extensions>
      </trkpt>
      <trkpt lat="31.2749773822724819183349609375" lon="121.3694846816360950469970703125">
        <ele>6.599999904632568359375</ele>
        <time>2026-05-09T23:07:13.000Z</time>
        <extensions>
          <ns3:TrackPointExtension>
            <ns3:hr>133</ns3:hr>
            <ns3:cad>84</ns3:cad>
          </ns3:TrackPointExtension>
        </extensions>
      </trkpt>
      <trkpt lat="31.27495315857231616973876953125" lon="121.3694823347032070159912109375">
        <ele>6.599999904632568359375</ele>
        <time>2026-05-09T23:07:14.000Z</time>
        <extensions>
          <ns3:TrackPointExtension>
            <ns3:hr>132</ns3:hr>
            <ns3:cad>84</ns3:cad>
          </ns3:TrackPointExtension>
        </extensions>
      </trkpt>
      <trkpt lat="31.27493002451956272125244140625" lon="121.36947856284677982330322265625">
        <ele>6.599999904632568359375</ele>
        <time>2026-05-09T23:07:15.000Z</time>
        <extensions>
          <ns3:TrackPointExtension>
            <ns3:hr>132</ns3:hr>
            <ns3:cad>84</ns3:cad>
          </ns3:TrackPointExtension>
        </extensions>
      </trkpt>
      <trkpt lat="31.27490370534360408782958984375" lon="121.3694776408374309539794921875">
        <ele>6.80000019073486328125</ele>
        <time>2026-05-09T23:07:16.000Z</time>
        <extensions>
          <ns3:TrackPointExtension>
            <ns3:hr>132</ns3:hr>
            <ns3:cad>83</ns3:cad>
          </ns3:TrackPointExtension>
        </extensions>
      </trkpt>
      <trkpt lat="31.274877972900867462158203125" lon="121.36947655119001865386962890625">
        <ele>6.599999904632568359375</ele>
        <time>2026-05-09T23:07:17.000Z</time>
        <extensions>
          <ns3:TrackPointExtension>
            <ns3:hr>132</ns3:hr>
            <ns3:cad>83</ns3:cad>
          </ns3:TrackPointExtension>
        </extensions>
      </trkpt>
      <trkpt lat="31.2748533301055431365966796875" lon="121.36947202496230602264404296875">
        <ele>6.599999904632568359375</ele>
        <time>2026-05-09T23:07:18.000Z</time>
        <extensions>
          <ns3:TrackPointExtension>
            <ns3:hr>132</ns3:hr>
            <ns3:cad>83</ns3:cad>
          </ns3:TrackPointExtension>
        </extensions>
      </trkpt>
      <trkpt lat="31.27483329735696315765380859375" lon="121.369470097124576568603515625">
        <ele>6.599999904632568359375</ele>
        <time>2026-05-09T23:07:19.000Z</time>
        <extensions>
          <ns3:TrackPointExtension>
            <ns3:hr>132</ns3:hr>
            <ns3:cad>83</ns3:cad>
          </ns3:TrackPointExtension>
        </extensions>
      </trkpt>
      <trkpt lat="31.27480924129486083984375" lon="121.36946397833526134490966796875">
        <ele>6.599999904632568359375</ele>
        <time>2026-05-09T23:07:20.000Z</time>
        <extensions>
          <ns3:TrackPointExtension>
            <ns3:hr>133</ns3:hr>
            <ns3:cad>82</ns3:cad>
          </ns3:TrackPointExtension>
        </extensions>
      </trkpt>
      <trkpt lat="31.27478619106113910675048828125" lon="121.369460709393024444580078125">
        <ele>6.599999904632568359375</ele>
        <time>2026-05-09T23:07:21.000Z</time>
        <extensions>
          <ns3:TrackPointExtension>
            <ns3:hr>132</ns3:hr>
            <ns3:cad>82</ns3:cad>
          </ns3:TrackPointExtension>
        </extensions>
      </trkpt>
      <trkpt lat="31.27476221881806850433349609375" lon="121.36946179904043674468994140625">
        <ele>6.599999904632568359375</ele>
        <time>2026-05-09T23:07:22.000Z</time>
        <extensions>
          <ns3:TrackPointExtension>
            <ns3:hr>132</ns3:hr>
            <ns3:cad>81</ns3:cad>
          </ns3:TrackPointExtension>
        </extensions>
      </trkpt>
      <trkpt lat="31.27473925240337848663330078125" lon="121.36946716345846652984619140625">
        <ele>6.599999904632568359375</ele>
        <time>2026-05-09T23:07:23.000Z</time>
        <extensions>
          <ns3:TrackPointExtension>
            <ns3:hr>132</ns3:hr>
            <ns3:cad>81</ns3:cad>
          </ns3:TrackPointExtension>
        </extensions>
      </trkpt>
      <trkpt lat="31.2747192196547985076904296875" lon="121.36947839520871639251708984375">
        <ele>6.599999904632568359375</ele>
        <time>2026-05-09T23:07:24.000Z</time>
        <extensions>
          <ns3:TrackPointExtension>
            <ns3:hr>133</ns3:hr>
            <ns3:cad>81</ns3:cad>
          </ns3:TrackPointExtension>
        </extensions>
      </trkpt>
      <trkpt lat="31.2746979296207427978515625" lon="121.3694773055613040924072265625">
        <ele>6.599999904632568359375</ele>
        <time>2026-05-09T23:07:25.000Z</time>
        <extensions>
          <ns3:TrackPointExtension>
            <ns3:hr>132</ns3:hr>
            <ns3:cad>80</ns3:cad>
          </ns3:TrackPointExtension>
        </extensions>
      </trkpt>
      <trkpt lat="31.27467848360538482666015625" lon="121.36947713792324066162109375">
        <ele>6.599999904632568359375</ele>
        <time>2026-05-09T23:07:26.000Z</time>
        <extensions>
          <ns3:TrackPointExtension>
            <ns3:hr>132</ns3:hr>
            <ns3:cad>80</ns3:cad>
          </ns3:TrackPointExtension>
        </extensions>
      </trkpt>
      <trkpt lat="31.27465434372425079345703125" lon="121.36947713792324066162109375">
        <ele>6.599999904632568359375</ele>
        <time>2026-05-09T23:07:27.000Z</time>
        <extensions>
          <ns3:TrackPointExtension>
            <ns3:hr>133</ns3:hr>
            <ns3:cad>80</ns3:cad>
          </ns3:TrackPointExtension>
        </extensions>
      </trkpt>
      <trkpt lat="31.27463213168084621429443359375" lon="121.36947713792324066162109375">
        <ele>6.80000019073486328125</ele>
        <time>2026-05-09T23:07:28.000Z</time>
        <extensions>
          <ns3:TrackPointExtension>
            <ns3:hr>133</ns3:hr>
            <ns3:cad>80</ns3:cad>
          </ns3:TrackPointExtension>
        </extensions>
      </trkpt>
      <trkpt lat="31.2746067345142364501953125" lon="121.36948007158935070037841796875">
        <ele>6.80000019073486328125</ele>
        <time>2026-05-09T23:07:29.000Z</time>
        <extensions>
          <ns3:TrackPointExtension>
            <ns3:hr>133</ns3:hr>
            <ns3:cad>81</ns3:cad>
          </ns3:TrackPointExtension>
        </extensions>
      </trkpt>
      <trkpt lat="31.27458351664245128631591796875" lon="121.3694806583225727081298828125">
        <ele>6.80000019073486328125</ele>
        <time>2026-05-09T23:07:30.000Z</time>
        <extensions>
          <ns3:TrackPointExtension>
            <ns3:hr>133</ns3:hr>
            <ns3:cad>81</ns3:cad>
          </ns3:TrackPointExtension>
        </extensions>
      </trkpt>
      <trkpt lat="31.27455770038068294525146484375" lon="121.3694789819419384002685546875">
        <ele>6.80000019073486328125</ele>
        <time>2026-05-09T23:07:31.000Z</time>
        <extensions>
          <ns3:TrackPointExtension>
            <ns3:hr>132</ns3:hr>
            <ns3:cad>82</ns3:cad>
          </ns3:TrackPointExtension>
        </extensions>
      </trkpt>
      <trkpt lat="31.27453096210956573486328125" lon="121.36947772465646266937255859375">
        <ele>6.80000019073486328125</ele>
        <time>2026-05-09T23:07:32.000Z</time>
        <extensions>
          <ns3:TrackPointExtension>
            <ns3:hr>132</ns3:hr>
            <ns3:cad>82</ns3:cad>
          </ns3:TrackPointExtension>
        </extensions>
      </trkpt>
      <trkpt lat="31.2745069898664951324462890625" lon="121.369478814303874969482421875">
        <ele>7</ele>
        <time>2026-05-09T23:07:33.000Z</time>
        <extensions>
          <ns3:TrackPointExtension>
            <ns3:hr>132</ns3:hr>
            <ns3:cad>82</ns3:cad>
          </ns3:TrackPointExtension>
        </extensions>
      </trkpt>
      <trkpt lat="31.274487040936946868896484375" lon="121.36948116123676300048828125">
        <ele>7</ele>
        <time>2026-05-09T23:07:34.000Z</time>
        <extensions>
          <ns3:TrackPointExtension>
            <ns3:hr>133</ns3:hr>
            <ns3:cad>82</ns3:cad>
          </ns3:TrackPointExtension>
        </extensions>
      </trkpt>
      <trkpt lat="31.274466253817081451416015625" lon="121.3694836758077144622802734375">
        <ele>7</ele>
        <time>2026-05-09T23:07:35.000Z</time>
        <extensions>
          <ns3:TrackPointExtension>
            <ns3:hr>133</ns3:hr>
            <ns3:cad>82</ns3:cad>
          </ns3:TrackPointExtension>
        </extensions>
      </trkpt>
      <trkpt lat="31.27444555051624774932861328125" lon="121.3694826699793338775634765625">
        <ele>7</ele>
        <time>2026-05-09T23:07:36.000Z</time>
        <extensions>
          <ns3:TrackPointExtension>
            <ns3:hr>133</ns3:hr>
            <ns3:cad>82</ns3:cad>
          </ns3:TrackPointExtension>
        </extensions>
      </trkpt>
      <trkpt lat="31.27442694269120693206787109375" lon="121.3694803230464458465576171875">
        <ele>7</ele>
        <time>2026-05-09T23:07:37.000Z</time>
        <extensions>
          <ns3:TrackPointExtension>
            <ns3:hr>132</ns3:hr>
            <ns3:cad>82</ns3:cad>
          </ns3:TrackPointExtension>
        </extensions>
      </trkpt>
      <trkpt lat="31.27440414391458034515380859375" lon="121.3694856874644756317138671875">
        <ele>7</ele>
        <time>2026-05-09T23:07:38.000Z</time>
        <extensions>
          <ns3:TrackPointExtension>
            <ns3:hr>132</ns3:hr>
            <ns3:cad>82</ns3:cad>
          </ns3:TrackPointExtension>
        </extensions>
      </trkpt>
      <trkpt lat="31.27438201569020748138427734375" lon="121.3694836758077144622802734375">
        <ele>7</ele>
        <time>2026-05-09T23:07:39.000Z</time>
        <extensions>
          <ns3:TrackPointExtension>
            <ns3:hr>132</ns3:hr>
            <ns3:cad>82</ns3:cad>
          </ns3:TrackPointExtension>
        </extensions>
      </trkpt>
      <trkpt lat="31.27435200847685337066650390625" lon="121.36948384344577789306640625">
        <ele>7</ele>
        <time>2026-05-09T23:07:40.000Z</time>
        <extensions>
          <ns3:TrackPointExtension>
            <ns3:hr>133</ns3:hr>
            <ns3:cad>82</ns3:cad>
          </ns3:TrackPointExtension>
        </extensions>
      </trkpt>
      <trkpt lat="31.2743249349296092987060546875" lon="121.36948443017899990081787109375">
        <ele>7</ele>
        <time>2026-05-09T23:07:41.000Z</time>
        <extensions>
          <ns3:TrackPointExtension>
            <ns3:hr>132</ns3:hr>
            <ns3:cad>81</ns3:cad>
          </ns3:TrackPointExtension>
        </extensions>
      </trkpt>
      <trkpt lat="31.27430691383779048919677734375" lon="121.3694816641509532928466796875">
        <ele>7</ele>
        <time>2026-05-09T23:07:42.000Z</time>
        <extensions>
          <ns3:TrackPointExtension>
            <ns3:hr>132</ns3:hr>
            <ns3:cad>81</ns3:cad>
          </ns3:TrackPointExtension>
        </extensions>
      </trkpt>
      <trkpt lat="31.27428445033729076385498046875" lon="121.3694789819419384002685546875">
        <ele>6.80000019073486328125</ele>
        <time>2026-05-09T23:07:43.000Z</time>
        <extensions>
          <ns3:TrackPointExtension>
            <ns3:hr>132</ns3:hr>
            <ns3:cad>82</ns3:cad>
          </ns3:TrackPointExtension>
        </extensions>
      </trkpt>
      <trkpt lat="31.27426517195999622344970703125" lon="121.36946984566748142242431640625">
        <ele>6.80000019073486328125</ele>
        <time>2026-05-09T23:07:44.000Z</time>
        <extensions>
          <ns3:TrackPointExtension>
            <ns3:hr>132</ns3:hr>
            <ns3:cad>82</ns3:cad>
          </ns3:TrackPointExtension>
        </extensions>
      </trkpt>
      <trkpt lat="31.27424656413495540618896484375" lon="121.36946565471589565277099609375">
        <ele>6.599999904632568359375</ele>
        <time>2026-05-09T23:07:45.000Z</time>
        <extensions>
          <ns3:TrackPointExtension>
            <ns3:hr>132</ns3:hr>
            <ns3:cad>82</ns3:cad>
          </ns3:TrackPointExtension>
        </extensions>
      </trkpt>
      <trkpt lat="31.27422695048153400421142578125" lon="121.36945626698434352874755859375">
        <ele>6.599999904632568359375</ele>
        <time>2026-05-09T23:07:46.000Z</time>
        <extensions>
          <ns3:TrackPointExtension>
            <ns3:hr>132</ns3:hr>
            <ns3:cad>83</ns3:cad>
          </ns3:TrackPointExtension>
        </extensions>
      </trkpt>
    </trkseg>
  </trk>
</gpx>
