<?xml version="1.0" encoding="UTF-8"?>
<gpx creator="Garmin Connect" version="1.1"
  xsi:schemaLocation="http://www.topografix.com/GPX/1/1 http://www.topografix.com/GPX/11.xsd"
  xmlns:ns3="http://www.garmin.com/xmlschemas/TrackPointExtension/v1"
  xmlns="http://www.topografix.com/GPX/1/1"
  xmlns:xsi="http://www.w3.org/2001/XMLSchema-instance" xmlns:ns2="http://www.garmin.com/xmlschemas/GpxExtensions/v3">
  <metadata>
    <link href="connect.garmin.com">
      <text>Garmin Connect</text>
    </link>
    <time>2026-05-30T00:48:13.000Z</time>
  </metadata>
  <trk>
    <name>普陀区 跑步</name>
    <type>running</type>
    <trkseg>
      <trkpt lat="31.28541804850101470947265625" lon="121.3704646937549114227294921875">
        <ele>7.19999980926513671875</ele>
        <time>2026-05-30T00:48:13.000Z</time>
        <extensions>
          <ns3:TrackPointExtension>
            <ns3:hr>84</ns3:hr>
            <ns3:cad>52</ns3:cad>
          </ns3:TrackPointExtension>
        </extensions>
      </trkpt>
      <trkpt lat="31.2854316271841526031494140625" lon="121.3704767636954784393310546875">
        <ele>7.400000095367431640625</ele>
        <time>2026-05-30T00:48:14.000Z</time>
        <extensions>
          <ns3:TrackPointExtension>
            <ns3:hr>85</ns3:hr>
            <ns3:cad>50</ns3:cad>
          </ns3:TrackPointExtension>
        </extensions>
      </trkpt>
      <trkpt lat="31.28543489612638950347900390625" lon="121.3704593293368816375732421875">
        <ele>7.400000095367431640625</ele>
        <time>2026-05-30T00:48:15.000Z</time>
        <extensions>
          <ns3:TrackPointExtension>
            <ns3:hr>85</ns3:hr>
            <ns3:cad>50</ns3:cad>
          </ns3:TrackPointExtension>
        </extensions>
      </trkpt>
      <trkpt lat="31.2854255922138690948486328125" lon="121.3704425655305385589599609375">
        <ele>7.400000095367431640625</ele>
        <time>2026-05-30T00:48:16.000Z</time>
        <extensions>
          <ns3:TrackPointExtension>
            <ns3:hr>85</ns3:hr>
            <ns3:cad>65</ns3:cad>
          </ns3:TrackPointExtension>
        </extensions>
      </trkpt>
      <trkpt lat="31.2854141928255558013916015625" lon="121.3704241253435611724853515625">
        <ele>7.400000095367431640625</ele>
        <time>2026-05-30T00:48:17.000Z</time>
        <extensions>
          <ns3:TrackPointExtension>
            <ns3:hr>85</ns3:hr>
            <ns3:cad>65</ns3:cad>
          </ns3:TrackPointExtension>
        </extensions>
      </trkpt>
      <trkpt lat="31.28540488891303539276123046875" lon="121.37039537541568279266357421875">
        <ele>7.19999980926513671875</ele>
        <time>2026-05-30T00:48:18.000Z</time>
        <extensions>
          <ns3:TrackPointExtension>
            <ns3:hr>86</ns3:hr>
            <ns3:cad>65</ns3:cad>
          </ns3:TrackPointExtension>
        </extensions>
      </trkpt>
      <trkpt lat="31.28539633937180042266845703125" lon="121.370371319353580474853515625">
        <ele>7.19999980926513671875</ele>
        <time>2026-05-30T00:48:19.000Z</time>
        <extensions>
          <ns3:TrackPointExtension>
            <ns3:hr>86</ns3:hr>
            <ns3:cad>65</ns3:cad>
          </ns3:TrackPointExtension>
        </extensions>
      </trkpt>
      <trkpt lat="31.285385526716709136962890625" lon="121.37035153806209564208984375">
        <ele>7.19999980926513671875</ele>
        <time>2026-05-30T00:48:20.000Z</time>
        <extensions>
          <ns3:TrackPointExtension>
            <ns3:hr>87</ns3:hr>
            <ns3:cad>79</ns3:cad>
          </ns3:TrackPointExtension>
        </extensions>
      </trkpt>
      <trkpt lat="31.2853722833096981048583984375" lon="121.3703294098377227783203125">
        <ele>7.19999980926513671875</ele>
        <time>2026-05-30T00:48:21.000Z</time>
        <extensions>
          <ns3:TrackPointExtension>
            <ns3:hr>87</ns3:hr>
            <ns3:cad>79</ns3:cad>
          </ns3:TrackPointExtension>
        </extensions>
      </trkpt>
      <trkpt lat="31.2853628955781459808349609375" lon="121.3703081198036670684814453125">
        <ele>7.19999980926513671875</ele>
        <time>2026-05-30T00:48:22.000Z</time>
        <extensions>
          <ns3:TrackPointExtension>
            <ns3:hr>88</ns3:hr>
            <ns3:cad>77</ns3:cad>
          </ns3:TrackPointExtension>
        </extensions>
      </trkpt>
      <trkpt lat="31.2853535078465938568115234375" lon="121.37029278092086315155029296875">
        <ele>7.400000095367431640625</ele>
        <time>2026-05-30T00:48:23.000Z</time>
        <extensions>
          <ns3:TrackPointExtension>
            <ns3:hr>89</ns3:hr>
            <ns3:cad>77</ns3:cad>
          </ns3:TrackPointExtension>
        </extensions>
      </trkpt>
      <trkpt lat="31.28533766604959964752197265625" lon="121.3702757656574249267578125">
        <ele>7.19999980926513671875</ele>
        <time>2026-05-30T00:48:24.000Z</time>
        <extensions>
          <ns3:TrackPointExtension>
            <ns3:hr>90</ns3:hr>
            <ns3:cad>77</ns3:cad>
          </ns3:TrackPointExtension>
        </extensions>
      </trkpt>
      <trkpt lat="31.28532257862389087677001953125" lon="121.37025338597595691680908203125">
        <ele>7.400000095367431640625</ele>
        <time>2026-05-30T00:48:25.000Z</time>
        <extensions>
          <ns3:TrackPointExtension>
            <ns3:hr>91</ns3:hr>
            <ns3:cad>78</ns3:cad>
          </ns3:TrackPointExtension>
        </extensions>
      </trkpt>
      <trkpt lat="31.28530967049300670623779296875" lon="121.37023293413221836090087890625">
        <ele>7.400000095367431640625</ele>
        <time>2026-05-30T00:48:26.000Z</time>
        <extensions>
          <ns3:TrackPointExtension>
            <ns3:hr>91</ns3:hr>
            <ns3:cad>78</ns3:cad>
          </ns3:TrackPointExtension>
        </extensions>
      </trkpt>
      <trkpt lat="31.28529005683958530426025390625" lon="121.37021181173622608184814453125">
        <ele>7.400000095367431640625</ele>
        <time>2026-05-30T00:48:27.000Z</time>
        <extensions>
          <ns3:TrackPointExtension>
            <ns3:hr>91</ns3:hr>
            <ns3:cad>79</ns3:cad>
          </ns3:TrackPointExtension>
        </extensions>
      </trkpt>
      <trkpt lat="31.285270862281322479248046875" lon="121.3701927848160266876220703125">
        <ele>7.19999980926513671875</ele>
        <time>2026-05-30T00:48:28.000Z</time>
        <extensions>
          <ns3:TrackPointExtension>
            <ns3:hr>92</ns3:hr>
            <ns3:cad>79</ns3:cad>
          </ns3:TrackPointExtension>
        </extensions>
      </trkpt>
      <trkpt lat="31.285256445407867431640625" lon="121.3701770268380641937255859375">
        <ele>7.19999980926513671875</ele>
        <time>2026-05-30T00:48:29.000Z</time>
        <extensions>
          <ns3:TrackPointExtension>
            <ns3:hr>92</ns3:hr>
            <ns3:cad>79</ns3:cad>
          </ns3:TrackPointExtension>
        </extensions>
      </trkpt>
      <trkpt lat="31.28524613566696643829345703125" lon="121.370148696005344390869140625">
        <ele>7.19999980926513671875</ele>
        <time>2026-05-30T00:48:30.000Z</time>
        <extensions>
          <ns3:TrackPointExtension>
            <ns3:hr>93</ns3:hr>
            <ns3:cad>79</ns3:cad>
          </ns3:TrackPointExtension>
        </extensions>
      </trkpt>
      <trkpt lat="31.28523741848766803741455078125" lon="121.37012497521936893463134765625">
        <ele>7.19999980926513671875</ele>
        <time>2026-05-30T00:48:31.000Z</time>
        <extensions>
          <ns3:TrackPointExtension>
            <ns3:hr>94</ns3:hr>
            <ns3:cad>80</ns3:cad>
          </ns3:TrackPointExtension>
        </extensions>
      </trkpt>
      <trkpt lat="31.28522870130836963653564453125" lon="121.37010569684207439422607421875">
        <ele>7.19999980926513671875</ele>
        <time>2026-05-30T00:48:32.000Z</time>
        <extensions>
          <ns3:TrackPointExtension>
            <ns3:hr>94</ns3:hr>
            <ns3:cad>80</ns3:cad>
          </ns3:TrackPointExtension>
        </extensions>
      </trkpt>
      <trkpt lat="31.28521579317748546600341796875" lon="121.37008407153189182281494140625">
        <ele>7.19999980926513671875</ele>
        <time>2026-05-30T00:48:33.000Z</time>
        <extensions>
          <ns3:TrackPointExtension>
            <ns3:hr>95</ns3:hr>
            <ns3:cad>80</ns3:cad>
          </ns3:TrackPointExtension>
        </extensions>
      </trkpt>
      <trkpt lat="31.2851989455521106719970703125" lon="121.37006915174424648284912109375">
        <ele>7.400000095367431640625</ele>
        <time>2026-05-30T00:48:34.000Z</time>
        <extensions>
          <ns3:TrackPointExtension>
            <ns3:hr>96</ns3:hr>
            <ns3:cad>80</ns3:cad>
          </ns3:TrackPointExtension>
        </extensions>
      </trkpt>
      <trkpt lat="31.28518478013575077056884765625" lon="121.370057500898838043212890625">
        <ele>7.400000095367431640625</ele>
        <time>2026-05-30T00:48:35.000Z</time>
        <extensions>
          <ns3:TrackPointExtension>
            <ns3:hr>98</ns3:hr>
            <ns3:cad>80</ns3:cad>
          </ns3:TrackPointExtension>
        </extensions>
      </trkpt>
      <trkpt lat="31.28516416065394878387451171875" lon="121.37004501186311244964599609375">
        <ele>7.400000095367431640625</ele>
        <time>2026-05-30T00:48:36.000Z</time>
        <extensions>
          <ns3:TrackPointExtension>
            <ns3:hr>100</ns3:hr>
            <ns3:cad>80</ns3:cad>
          </ns3:TrackPointExtension>
        </extensions>
      </trkpt>
      <trkpt lat="31.28514789976179599761962890625" lon="121.37003227137029170989990234375">
        <ele>7.400000095367431640625</ele>
        <time>2026-05-30T00:48:37.000Z</time>
        <extensions>
          <ns3:TrackPointExtension>
            <ns3:hr>100</ns3:hr>
            <ns3:cad>80</ns3:cad>
          </ns3:TrackPointExtension>
        </extensions>
      </trkpt>
      <trkpt lat="31.28512971103191375732421875" lon="121.3700236380100250244140625">
        <ele>7.19999980926513671875</ele>
        <time>2026-05-30T00:48:38.000Z</time>
        <extensions>
          <ns3:TrackPointExtension>
            <ns3:hr>102</ns3:hr>
            <ns3:cad>80</ns3:cad>
          </ns3:TrackPointExtension>
        </extensions>
      </trkpt>
      <trkpt lat="31.28511034883558750152587890625" lon="121.37001383118331432342529296875">
        <ele>7.19999980926513671875</ele>
        <time>2026-05-30T00:48:39.000Z</time>
        <extensions>
          <ns3:TrackPointExtension>
            <ns3:hr>103</ns3:hr>
            <ns3:cad>80</ns3:cad>
          </ns3:TrackPointExtension>
        </extensions>
      </trkpt>
      <trkpt lat="31.28509341739118099212646484375" lon="121.3700050301849842071533203125">
        <ele>7.19999980926513671875</ele>
        <time>2026-05-30T00:48:40.000Z</time>
        <extensions>
          <ns3:TrackPointExtension>
            <ns3:hr>104</ns3:hr>
            <ns3:cad>80</ns3:cad>
          </ns3:TrackPointExtension>
        </extensions>
      </trkpt>
      <trkpt lat="31.285075061023235321044921875" lon="121.37000360526144504547119140625">
        <ele>7.19999980926513671875</ele>
        <time>2026-05-30T00:48:41.000Z</time>
        <extensions>
          <ns3:TrackPointExtension>
            <ns3:hr>105</ns3:hr>
            <ns3:cad>80</ns3:cad>
          </ns3:TrackPointExtension>
        </extensions>
      </trkpt>
      <trkpt lat="31.28505167551338672637939453125" lon="121.3699966482818126678466796875">
        <ele>7.19999980926513671875</ele>
        <time>2026-05-30T00:48:42.000Z</time>
        <extensions>
          <ns3:TrackPointExtension>
            <ns3:hr>106</ns3:hr>
            <ns3:cad>80</ns3:cad>
          </ns3:TrackPointExtension>
        </extensions>
      </trkpt>
      <trkpt lat="31.285031139850616455078125" lon="121.3699902780354022979736328125">
        <ele>7.19999980926513671875</ele>
        <time>2026-05-30T00:48:43.000Z</time>
        <extensions>
          <ns3:TrackPointExtension>
            <ns3:hr>107</ns3:hr>
            <ns3:cad>80</ns3:cad>
          </ns3:TrackPointExtension>
        </extensions>
      </trkpt>
      <trkpt lat="31.28501127474009990692138671875" lon="121.36998516507446765899658203125">
        <ele>7.19999980926513671875</ele>
        <time>2026-05-30T00:48:44.000Z</time>
        <extensions>
          <ns3:TrackPointExtension>
            <ns3:hr>108</ns3:hr>
            <ns3:cad>79</ns3:cad>
          </ns3:TrackPointExtension>
        </extensions>
      </trkpt>
      <trkpt lat="31.28499015234410762786865234375" lon="121.36997468769550323486328125">
        <ele>7.400000095367431640625</ele>
        <time>2026-05-30T00:48:45.000Z</time>
        <extensions>
          <ns3:TrackPointExtension>
            <ns3:hr>109</ns3:hr>
            <ns3:cad>79</ns3:cad>
          </ns3:TrackPointExtension>
        </extensions>
      </trkpt>
      <trkpt lat="31.2849734723567962646484375" lon="121.3699658028781414031982421875">
        <ele>7.400000095367431640625</ele>
        <time>2026-05-30T00:48:46.000Z</time>
        <extensions>
          <ns3:TrackPointExtension>
            <ns3:hr>110</ns3:hr>
            <ns3:cad>79</ns3:cad>
          </ns3:TrackPointExtension>
        </extensions>
      </trkpt>
      <trkpt lat="31.2849572114646434783935546875" lon="121.3699580915272235870361328125">
        <ele>7.400000095367431640625</ele>
        <time>2026-05-30T00:48:47.000Z</time>
        <extensions>
          <ns3:TrackPointExtension>
            <ns3:hr>110</ns3:hr>
            <ns3:cad>79</ns3:cad>
          </ns3:TrackPointExtension>
        </extensions>
      </trkpt>
      <trkpt lat="31.2849350832402706146240234375" lon="121.36995197273790836334228515625">
        <ele>7.400000095367431640625</ele>
        <time>2026-05-30T00:48:48.000Z</time>
        <extensions>
          <ns3:TrackPointExtension>
            <ns3:hr>110</ns3:hr>
            <ns3:cad>80</ns3:cad>
          </ns3:TrackPointExtension>
        </extensions>
      </trkpt>
      <trkpt lat="31.28491572104394435882568359375" lon="121.3699476979672908782958984375">
        <ele>7.400000095367431640625</ele>
        <time>2026-05-30T00:48:49.000Z</time>
        <extensions>
          <ns3:TrackPointExtension>
            <ns3:hr>111</ns3:hr>
            <ns3:cad>80</ns3:cad>
          </ns3:TrackPointExtension>
        </extensions>
      </trkpt>
      <trkpt lat="31.28489493392407894134521484375" lon="121.369944848120212554931640625">
        <ele>7.400000095367431640625</ele>
        <time>2026-05-30T00:48:50.000Z</time>
        <extensions>
          <ns3:TrackPointExtension>
            <ns3:hr>110</ns3:hr>
            <ns3:cad>81</ns3:cad>
          </ns3:TrackPointExtension>
        </extensions>
      </trkpt>
      <trkpt lat="31.284871883690357208251953125" lon="121.36994459666311740875244140625">
        <ele>7.400000095367431640625</ele>
        <time>2026-05-30T00:48:51.000Z</time>
        <extensions>
          <ns3:TrackPointExtension>
            <ns3:hr>110</ns3:hr>
            <ns3:cad>81</ns3:cad>
          </ns3:TrackPointExtension>
        </extensions>
      </trkpt>
      <trkpt lat="31.28485302440822124481201171875" lon="121.369946189224720001220703125">
        <ele>7.19999980926513671875</ele>
        <time>2026-05-30T00:48:52.000Z</time>
        <extensions>
          <ns3:TrackPointExtension>
            <ns3:hr>110</ns3:hr>
            <ns3:cad>81</ns3:cad>
          </ns3:TrackPointExtension>
        </extensions>
      </trkpt>
      <trkpt lat="31.284831650555133819580078125" lon="121.369942836463451385498046875">
        <ele>7.19999980926513671875</ele>
        <time>2026-05-30T00:48:53.000Z</time>
        <extensions>
          <ns3:TrackPointExtension>
            <ns3:hr>109</ns3:hr>
            <ns3:cad>81</ns3:cad>
          </ns3:TrackPointExtension>
        </extensions>
      </trkpt>
      <trkpt lat="31.28480776213109493255615234375" lon="121.36993755586445331573486328125">
        <ele>7.19999980926513671875</ele>
        <time>2026-05-30T00:48:54.000Z</time>
        <extensions>
          <ns3:TrackPointExtension>
            <ns3:hr>109</ns3:hr>
            <ns3:cad>81</ns3:cad>
          </ns3:TrackPointExtension>
        </extensions>
      </trkpt>
      <trkpt lat="31.28478638827800750732421875" lon="121.3699351251125335693359375">
        <ele>7.19999980926513671875</ele>
        <time>2026-05-30T00:48:55.000Z</time>
        <extensions>
          <ns3:TrackPointExtension>
            <ns3:hr>109</ns3:hr>
            <ns3:cad>81</ns3:cad>
          </ns3:TrackPointExtension>
        </extensions>
      </trkpt>
      <trkpt lat="31.284762583673000335693359375" lon="121.36993152089416980743408203125">
        <ele>7.19999980926513671875</ele>
        <time>2026-05-30T00:48:56.000Z</time>
        <extensions>
          <ns3:TrackPointExtension>
            <ns3:hr>109</ns3:hr>
            <ns3:cad>81</ns3:cad>
          </ns3:TrackPointExtension>
        </extensions>
      </trkpt>
      <trkpt lat="31.2847376056015491485595703125" lon="121.369929425418376922607421875">
        <ele>7.19999980926513671875</ele>
        <time>2026-05-30T00:48:57.000Z</time>
        <extensions>
          <ns3:TrackPointExtension>
            <ns3:hr>109</ns3:hr>
            <ns3:cad>81</ns3:cad>
          </ns3:TrackPointExtension>
        </extensions>
      </trkpt>
      <trkpt lat="31.28471799194812774658203125" lon="121.36993319727480411529541015625">
        <ele>7.19999980926513671875</ele>
        <time>2026-05-30T00:48:58.000Z</time>
        <extensions>
          <ns3:TrackPointExtension>
            <ns3:hr>109</ns3:hr>
            <ns3:cad>81</ns3:cad>
          </ns3:TrackPointExtension>
        </extensions>
      </trkpt>
      <trkpt lat="31.28469494171440601348876953125" lon="121.3699324429035186767578125">
        <ele>7.19999980926513671875</ele>
        <time>2026-05-30T00:48:59.000Z</time>
        <extensions>
          <ns3:TrackPointExtension>
            <ns3:hr>108</ns3:hr>
            <ns3:cad>80</ns3:cad>
          </ns3:TrackPointExtension>
        </extensions>
      </trkpt>
      <trkpt lat="31.284675411880016326904296875" lon="121.3699299283325672149658203125">
        <ele>7.19999980926513671875</ele>
        <time>2026-05-30T00:49:00.000Z</time>
        <extensions>
          <ns3:TrackPointExtension>
            <ns3:hr>109</ns3:hr>
            <ns3:cad>80</ns3:cad>
          </ns3:TrackPointExtension>
        </extensions>
      </trkpt>
      <trkpt lat="31.28465822897851467132568359375" lon="121.3699319399893283843994140625">
        <ele>7.19999980926513671875</ele>
        <time>2026-05-30T00:49:01.000Z</time>
        <extensions>
          <ns3:TrackPointExtension>
            <ns3:hr>109</ns3:hr>
            <ns3:cad>80</ns3:cad>
          </ns3:TrackPointExtension>
        </extensions>
      </trkpt>
      <trkpt lat="31.28463626839220523834228515625" lon="121.3699356280267238616943359375">
        <ele>7.19999980926513671875</ele>
        <time>2026-05-30T00:49:02.000Z</time>
        <extensions>
          <ns3:TrackPointExtension>
            <ns3:hr>108</ns3:hr>
            <ns3:cad>81</ns3:cad>
          </ns3:TrackPointExtension>
        </extensions>
      </trkpt>
      <trkpt lat="31.28461715765297412872314453125" lon="121.36993822641670703887939453125">
        <ele>7.19999980926513671875</ele>
        <time>2026-05-30T00:49:03.000Z</time>
        <extensions>
          <ns3:TrackPointExtension>
            <ns3:hr>109</ns3:hr>
            <ns3:cad>81</ns3:cad>
          </ns3:TrackPointExtension>
        </extensions>
      </trkpt>
      <trkpt lat="31.28460056148469448089599609375" lon="121.369944512844085693359375">
        <ele>7.19999980926513671875</ele>
        <time>2026-05-30T00:49:04.000Z</time>
        <extensions>
          <ns3:TrackPointExtension>
            <ns3:hr>109</ns3:hr>
            <ns3:cad>81</ns3:cad>
          </ns3:TrackPointExtension>
        </extensions>
      </trkpt>
      <trkpt lat="31.28457809798419475555419921875" lon="121.3699490390717983245849609375">
        <ele>7.19999980926513671875</ele>
        <time>2026-05-30T00:49:05.000Z</time>
        <extensions>
          <ns3:TrackPointExtension>
            <ns3:hr>108</ns3:hr>
            <ns3:cad>80</ns3:cad>
          </ns3:TrackPointExtension>
        </extensions>
      </trkpt>
      <trkpt lat="31.2845577299594879150390625" lon="121.369949541985988616943359375">
        <ele>7.19999980926513671875</ele>
        <time>2026-05-30T00:49:06.000Z</time>
        <extensions>
          <ns3:TrackPointExtension>
            <ns3:hr>109</ns3:hr>
            <ns3:cad>80</ns3:cad>
          </ns3:TrackPointExtension>
        </extensions>
      </trkpt>
      <trkpt lat="31.28453434444963932037353515625" lon="121.3699507154524326324462890625">
        <ele>7.19999980926513671875</ele>
        <time>2026-05-30T00:49:07.000Z</time>
        <extensions>
          <ns3:TrackPointExtension>
            <ns3:hr>110</ns3:hr>
            <ns3:cad>80</ns3:cad>
          </ns3:TrackPointExtension>
        </extensions>
      </trkpt>
      <trkpt lat="31.28451020456850528717041015625" lon="121.36994895525276660919189453125">
        <ele>7.400000095367431640625</ele>
        <time>2026-05-30T00:49:08.000Z</time>
        <extensions>
          <ns3:TrackPointExtension>
            <ns3:hr>110</ns3:hr>
            <ns3:cad>79</ns3:cad>
          </ns3:TrackPointExtension>
        </extensions>
      </trkpt>
      <trkpt lat="31.28449293784797191619873046875" lon="121.36995163746178150177001953125">
        <ele>7.400000095367431640625</ele>
        <time>2026-05-30T00:49:09.000Z</time>
        <extensions>
          <ns3:TrackPointExtension>
            <ns3:hr>111</ns3:hr>
            <ns3:cad>79</ns3:cad>
          </ns3:TrackPointExtension>
        </extensions>
      </trkpt>
      <trkpt lat="31.2844724021852016448974609375" lon="121.36995465494692325592041015625">
        <ele>7.400000095367431640625</ele>
        <time>2026-05-30T00:49:10.000Z</time>
        <extensions>
          <ns3:TrackPointExtension>
            <ns3:hr>111</ns3:hr>
            <ns3:cad>79</ns3:cad>
          </ns3:TrackPointExtension>
        </extensions>
      </trkpt>
      <trkpt lat="31.28444717265665531158447265625" lon="121.3699564151465892791748046875">
        <ele>7.400000095367431640625</ele>
        <time>2026-05-30T00:49:11.000Z</time>
        <extensions>
          <ns3:TrackPointExtension>
            <ns3:hr>112</ns3:hr>
            <ns3:cad>80</ns3:cad>
          </ns3:TrackPointExtension>
        </extensions>
      </trkpt>
      <trkpt lat="31.28442890010774135589599609375" lon="121.36995968408882617950439453125">
        <ele>7.19999980926513671875</ele>
        <time>2026-05-30T00:49:12.000Z</time>
        <extensions>
          <ns3:TrackPointExtension>
            <ns3:hr>113</ns3:hr>
            <ns3:cad>81</ns3:cad>
          </ns3:TrackPointExtension>
        </extensions>
      </trkpt>
      <trkpt lat="31.28440861590206623077392578125" lon="121.36996353976428508758544921875">
        <ele>7.19999980926513671875</ele>
        <time>2026-05-30T00:49:13.000Z</time>
        <extensions>
          <ns3:TrackPointExtension>
            <ns3:hr>113</ns3:hr>
            <ns3:cad>81</ns3:cad>
          </ns3:TrackPointExtension>
        </extensions>
      </trkpt>
      <trkpt lat="31.2843833863735198974609375" lon="121.36996488086879253387451171875">
        <ele>7.19999980926513671875</ele>
        <time>2026-05-30T00:49:14.000Z</time>
        <extensions>
          <ns3:TrackPointExtension>
            <ns3:hr>113</ns3:hr>
            <ns3:cad>81</ns3:cad>
          </ns3:TrackPointExtension>
        </extensions>
      </trkpt>
      <trkpt lat="31.2843627668917179107666015625" lon="121.36996873654425144195556640625">
        <ele>7.19999980926513671875</ele>
        <time>2026-05-30T00:49:15.000Z</time>
        <extensions>
          <ns3:TrackPointExtension>
            <ns3:hr>113</ns3:hr>
            <ns3:cad>80</ns3:cad>
          </ns3:TrackPointExtension>
        </extensions>
      </trkpt>
      <trkpt lat="31.2843429856002330780029296875" lon="121.369972340762615203857421875">
        <ele>7.19999980926513671875</ele>
        <time>2026-05-30T00:49:16.000Z</time>
        <extensions>
          <ns3:TrackPointExtension>
            <ns3:hr>114</ns3:hr>
            <ns3:cad>80</ns3:cad>
          </ns3:TrackPointExtension>
        </extensions>
      </trkpt>
      <trkpt lat="31.2843216955661773681640625" lon="121.36997359804809093475341796875">
        <ele>7.19999980926513671875</ele>
        <time>2026-05-30T00:49:17.000Z</time>
        <extensions>
          <ns3:TrackPointExtension>
            <ns3:hr>114</ns3:hr>
            <ns3:cad>80</ns3:cad>
          </ns3:TrackPointExtension>
        </extensions>
      </trkpt>
      <trkpt lat="31.28430099226534366607666015625" lon="121.36997577734291553497314453125">
        <ele>7.19999980926513671875</ele>
        <time>2026-05-30T00:49:18.000Z</time>
        <extensions>
          <ns3:TrackPointExtension>
            <ns3:hr>114</ns3:hr>
            <ns3:cad>81</ns3:cad>
          </ns3:TrackPointExtension>
        </extensions>
      </trkpt>
      <trkpt lat="31.28427945077419281005859375" lon="121.3699758611619472503662109375">
        <ele>7.19999980926513671875</ele>
        <time>2026-05-30T00:49:19.000Z</time>
        <extensions>
          <ns3:TrackPointExtension>
            <ns3:hr>114</ns3:hr>
            <ns3:cad>81</ns3:cad>
          </ns3:TrackPointExtension>
        </extensions>
      </trkpt>
      <trkpt lat="31.28425665199756622314453125" lon="121.36998197995126247406005859375">
        <ele>7.19999980926513671875</ele>
        <time>2026-05-30T00:49:20.000Z</time>
        <extensions>
          <ns3:TrackPointExtension>
            <ns3:hr>114</ns3:hr>
            <ns3:cad>81</ns3:cad>
          </ns3:TrackPointExtension>
        </extensions>
      </trkpt>
      <trkpt lat="31.284235529601573944091796875" lon="121.3699892722070217132568359375">
        <ele>7.19999980926513671875</ele>
        <time>2026-05-30T00:49:21.000Z</time>
        <extensions>
          <ns3:TrackPointExtension>
            <ns3:hr>114</ns3:hr>
            <ns3:cad>81</ns3:cad>
          </ns3:TrackPointExtension>
        </extensions>
      </trkpt>
      <trkpt lat="31.28421180881559848785400390625" lon="121.36999421752989292144775390625">
        <ele>7.19999980926513671875</ele>
        <time>2026-05-30T00:49:22.000Z</time>
        <extensions>
          <ns3:TrackPointExtension>
            <ns3:hr>114</ns3:hr>
            <ns3:cad>81</ns3:cad>
          </ns3:TrackPointExtension>
        </extensions>
      </trkpt>
      <trkpt lat="31.2841934524476528167724609375" lon="121.36999706737697124481201171875">
        <ele>7.19999980926513671875</ele>
        <time>2026-05-30T00:49:23.000Z</time>
        <extensions>
          <ns3:TrackPointExtension>
            <ns3:hr>115</ns3:hr>
            <ns3:cad>81</ns3:cad>
          </ns3:TrackPointExtension>
        </extensions>
      </trkpt>
      <trkpt lat="31.28417350351810455322265625" lon="121.37000176124274730682373046875">
        <ele>7.19999980926513671875</ele>
        <time>2026-05-30T00:49:24.000Z</time>
        <extensions>
          <ns3:TrackPointExtension>
            <ns3:hr>115</ns3:hr>
            <ns3:cad>81</ns3:cad>
          </ns3:TrackPointExtension>
        </extensions>
      </trkpt>
      <trkpt lat="31.28415212966501712799072265625" lon="121.37000427581369876861572265625">
        <ele>7.19999980926513671875</ele>
        <time>2026-05-30T00:49:25.000Z</time>
        <extensions>
          <ns3:TrackPointExtension>
            <ns3:hr>115</ns3:hr>
            <ns3:cad>81</ns3:cad>
          </ns3:TrackPointExtension>
        </extensions>
      </trkpt>
      <trkpt lat="31.2841331027448177337646484375" lon="121.3700070418417453765869140625">
        <ele>7.19999980926513671875</ele>
        <time>2026-05-30T00:49:26.000Z</time>
        <extensions>
          <ns3:TrackPointExtension>
            <ns3:hr>116</ns3:hr>
            <ns3:cad>81</ns3:cad>
          </ns3:TrackPointExtension>
        </extensions>
      </trkpt>
      <trkpt lat="31.28411390818655490875244140625" lon="121.3700115680694580078125">
        <ele>7.19999980926513671875</ele>
        <time>2026-05-30T00:49:27.000Z</time>
        <extensions>
          <ns3:TrackPointExtension>
            <ns3:hr>116</ns3:hr>
            <ns3:cad>81</ns3:cad>
          </ns3:TrackPointExtension>
        </extensions>
      </trkpt>
      <trkpt lat="31.2840908579528331756591796875" lon="121.370014585554599761962890625">
        <ele>7.19999980926513671875</ele>
        <time>2026-05-30T00:49:28.000Z</time>
        <extensions>
          <ns3:TrackPointExtension>
            <ns3:hr>116</ns3:hr>
            <ns3:cad>81</ns3:cad>
          </ns3:TrackPointExtension>
        </extensions>
      </trkpt>
      <trkpt lat="31.2840714119374752044677734375" lon="121.37001835741102695465087890625">
        <ele>7.19999980926513671875</ele>
        <time>2026-05-30T00:49:29.000Z</time>
        <extensions>
          <ns3:TrackPointExtension>
            <ns3:hr>116</ns3:hr>
            <ns3:cad>81</ns3:cad>
          </ns3:TrackPointExtension>
        </extensions>
      </trkpt>
      <trkpt lat="31.28405146300792694091796875" lon="121.37002036906778812408447265625">
        <ele>7</ele>
        <time>2026-05-30T00:49:30.000Z</time>
        <extensions>
          <ns3:TrackPointExtension>
            <ns3:hr>116</ns3:hr>
            <ns3:cad>81</ns3:cad>
          </ns3:TrackPointExtension>
        </extensions>
      </trkpt>
      <trkpt lat="31.2840301729738712310791015625" lon="121.3700231350958347320556640625">
        <ele>7</ele>
        <time>2026-05-30T00:49:31.000Z</time>
        <extensions>
          <ns3:TrackPointExtension>
            <ns3:hr>117</ns3:hr>
            <ns3:cad>81</ns3:cad>
          </ns3:TrackPointExtension>
        </extensions>
      </trkpt>
      <trkpt lat="31.28401047550141811370849609375" lon="121.37002808041870594024658203125">
        <ele>7</ele>
        <time>2026-05-30T00:49:32.000Z</time>
        <extensions>
          <ns3:TrackPointExtension>
            <ns3:hr>117</ns3:hr>
            <ns3:cad>81</ns3:cad>
          </ns3:TrackPointExtension>
        </extensions>
      </trkpt>
      <trkpt lat="31.2839902751147747039794921875" lon="121.3700338639318943023681640625">
        <ele>7</ele>
        <time>2026-05-30T00:49:33.000Z</time>
        <extensions>
          <ns3:TrackPointExtension>
            <ns3:hr>116</ns3:hr>
            <ns3:cad>81</ns3:cad>
          </ns3:TrackPointExtension>
        </extensions>
      </trkpt>
      <trkpt lat="31.28397091291844844818115234375" lon="121.37003612704575061798095703125">
        <ele>7</ele>
        <time>2026-05-30T00:49:34.000Z</time>
        <extensions>
          <ns3:TrackPointExtension>
            <ns3:hr>116</ns3:hr>
            <ns3:cad>81</ns3:cad>
          </ns3:TrackPointExtension>
        </extensions>
      </trkpt>
      <trkpt lat="31.2839503772556781768798828125" lon="121.37003981508314609527587890625">
        <ele>7</ele>
        <time>2026-05-30T00:49:35.000Z</time>
        <extensions>
          <ns3:TrackPointExtension>
            <ns3:hr>116</ns3:hr>
            <ns3:cad>80</ns3:cad>
          </ns3:TrackPointExtension>
        </extensions>
      </trkpt>
      <trkpt lat="31.28392816521227359771728515625" lon="121.3700409047305583953857421875">
        <ele>7</ele>
        <time>2026-05-30T00:49:36.000Z</time>
        <extensions>
          <ns3:TrackPointExtension>
            <ns3:hr>116</ns3:hr>
            <ns3:cad>80</ns3:cad>
          </ns3:TrackPointExtension>
        </extensions>
      </trkpt>
      <trkpt lat="31.28390821628272533416748046875" lon="121.37004165910184383392333984375">
        <ele>7</ele>
        <time>2026-05-30T00:49:37.000Z</time>
        <extensions>
          <ns3:TrackPointExtension>
            <ns3:hr>116</ns3:hr>
            <ns3:cad>80</ns3:cad>
          </ns3:TrackPointExtension>
        </extensions>
      </trkpt>
      <trkpt lat="31.28389296121895313262939453125" lon="121.370049454271793365478515625">
        <ele>7</ele>
        <time>2026-05-30T00:49:38.000Z</time>
        <extensions>
          <ns3:TrackPointExtension>
            <ns3:hr>116</ns3:hr>
            <ns3:cad>80</ns3:cad>
          </ns3:TrackPointExtension>
        </extensions>
      </trkpt>
      <trkpt lat="31.2838766165077686309814453125" lon="121.370059512555599212646484375">
        <ele>7</ele>
        <time>2026-05-30T00:49:39.000Z</time>
        <extensions>
          <ns3:TrackPointExtension>
            <ns3:hr>117</ns3:hr>
            <ns3:cad>80</ns3:cad>
          </ns3:TrackPointExtension>
        </extensions>
      </trkpt>
      <trkpt lat="31.28385792486369609832763671875" lon="121.3700683973729610443115234375">
        <ele>7</ele>
        <time>2026-05-30T00:49:40.000Z</time>
        <extensions>
          <ns3:TrackPointExtension>
            <ns3:hr>116</ns3:hr>
            <ns3:cad>80</ns3:cad>
          </ns3:TrackPointExtension>
        </extensions>
      </trkpt>
      <trkpt lat="31.283841244876384735107421875" lon="121.3700754381716251373291015625">
        <ele>7</ele>
        <time>2026-05-30T00:49:41.000Z</time>
        <extensions>
          <ns3:TrackPointExtension>
            <ns3:hr>116</ns3:hr>
            <ns3:cad>79</ns3:cad>
          </ns3:TrackPointExtension>
        </extensions>
      </trkpt>
      <trkpt lat="31.283824481070041656494140625" lon="121.370084322988986968994140625">
        <ele>7</ele>
        <time>2026-05-30T00:49:42.000Z</time>
        <extensions>
          <ns3:TrackPointExtension>
            <ns3:hr>116</ns3:hr>
            <ns3:cad>79</ns3:cad>
          </ns3:TrackPointExtension>
        </extensions>
      </trkpt>
      <trkpt lat="31.28380394540727138519287109375" lon="121.37009463272988796234130859375">
        <ele>7</ele>
        <time>2026-05-30T00:49:43.000Z</time>
        <extensions>
          <ns3:TrackPointExtension>
            <ns3:hr>116</ns3:hr>
            <ns3:cad>79</ns3:cad>
          </ns3:TrackPointExtension>
        </extensions>
      </trkpt>
      <trkpt lat="31.28378215245902538299560546875" lon="121.370105780661106109619140625">
        <ele>7</ele>
        <time>2026-05-30T00:49:44.000Z</time>
        <extensions>
          <ns3:TrackPointExtension>
            <ns3:hr>116</ns3:hr>
            <ns3:cad>80</ns3:cad>
          </ns3:TrackPointExtension>
        </extensions>
      </trkpt>
      <trkpt lat="31.28376019187271595001220703125" lon="121.37011810205876827239990234375">
        <ele>7</ele>
        <time>2026-05-30T00:49:45.000Z</time>
        <extensions>
          <ns3:TrackPointExtension>
            <ns3:hr>117</ns3:hr>
            <ns3:cad>80</ns3:cad>
          </ns3:TrackPointExtension>
        </extensions>
      </trkpt>
      <trkpt lat="31.28373722545802593231201171875" lon="121.37012849561870098114013671875">
        <ele>7</ele>
        <time>2026-05-30T00:49:46.000Z</time>
        <extensions>
          <ns3:TrackPointExtension>
            <ns3:hr>117</ns3:hr>
            <ns3:cad>80</ns3:cad>
          </ns3:TrackPointExtension>
        </extensions>
      </trkpt>
      <trkpt lat="31.2837176956236362457275390625" lon="121.370135955512523651123046875">
        <ele>7</ele>
        <time>2026-05-30T00:49:47.000Z</time>
        <extensions>
          <ns3:TrackPointExtension>
            <ns3:hr>117</ns3:hr>
            <ns3:cad>79</ns3:cad>
          </ns3:TrackPointExtension>
        </extensions>
      </trkpt>
      <trkpt lat="31.283695399761199951171875" lon="121.37014509178698062896728515625">
        <ele>7</ele>
        <time>2026-05-30T00:49:48.000Z</time>
        <extensions>
          <ns3:TrackPointExtension>
            <ns3:hr>117</ns3:hr>
            <ns3:cad>79</ns3:cad>
          </ns3:TrackPointExtension>
        </extensions>
      </trkpt>
      <trkpt lat="31.2836741097271442413330078125" lon="121.3701495341956615447998046875">
        <ele>6.80000019073486328125</ele>
        <time>2026-05-30T00:49:49.000Z</time>
        <extensions>
          <ns3:TrackPointExtension>
            <ns3:hr>117</ns3:hr>
            <ns3:cad>79</ns3:cad>
          </ns3:TrackPointExtension>
        </extensions>
      </trkpt>
      <trkpt lat="31.2836573459208011627197265625" lon="121.37015833519399166107177734375">
        <ele>6.80000019073486328125</ele>
        <time>2026-05-30T00:49:50.000Z</time>
        <extensions>
          <ns3:TrackPointExtension>
            <ns3:hr>117</ns3:hr>
            <ns3:cad>80</ns3:cad>
          </ns3:TrackPointExtension>
        </extensions>
      </trkpt>
      <trkpt lat="31.28363714553415775299072265625" lon="121.370170153677463531494140625">
        <ele>6.80000019073486328125</ele>
        <time>2026-05-30T00:49:51.000Z</time>
        <extensions>
          <ns3:TrackPointExtension>
            <ns3:hr>118</ns3:hr>
            <ns3:cad>80</ns3:cad>
          </ns3:TrackPointExtension>
        </extensions>
      </trkpt>
      <trkpt lat="31.2836184538900852203369140625" lon="121.370178870856761932373046875">
        <ele>6.80000019073486328125</ele>
        <time>2026-05-30T00:49:52.000Z</time>
        <extensions>
          <ns3:TrackPointExtension>
            <ns3:hr>118</ns3:hr>
            <ns3:cad>81</ns3:cad>
          </ns3:TrackPointExtension>
        </extensions>
      </trkpt>
      <trkpt lat="31.2835990078747272491455078125" lon="121.370188258588314056396484375">
        <ele>6.80000019073486328125</ele>
        <time>2026-05-30T00:49:53.000Z</time>
        <extensions>
          <ns3:TrackPointExtension>
            <ns3:hr>119</ns3:hr>
            <ns3:cad>81</ns3:cad>
          </ns3:TrackPointExtension>
        </extensions>
      </trkpt>
      <trkpt lat="31.2835798971354961395263671875" lon="121.37019907124340534210205078125">
        <ele>7</ele>
        <time>2026-05-30T00:49:54.000Z</time>
        <extensions>
          <ns3:TrackPointExtension>
            <ns3:hr>119</ns3:hr>
            <ns3:cad>81</ns3:cad>
          </ns3:TrackPointExtension>
        </extensions>
      </trkpt>
      <trkpt lat="31.2835621275007724761962890625" lon="121.3702082075178623199462890625">
        <ele>6.80000019073486328125</ele>
        <time>2026-05-30T00:49:55.000Z</time>
        <extensions>
          <ns3:TrackPointExtension>
            <ns3:hr>120</ns3:hr>
            <ns3:cad>81</ns3:cad>
          </ns3:TrackPointExtension>
        </extensions>
      </trkpt>
      <trkpt lat="31.28354494459927082061767578125" lon="121.37022052891552448272705078125">
        <ele>6.80000019073486328125</ele>
        <time>2026-05-30T00:49:56.000Z</time>
        <extensions>
          <ns3:TrackPointExtension>
            <ns3:hr>120</ns3:hr>
            <ns3:cad>80</ns3:cad>
          </ns3:TrackPointExtension>
        </extensions>
      </trkpt>
      <trkpt lat="31.28352600149810314178466796875" lon="121.37023092247545719146728515625">
        <ele>6.80000019073486328125</ele>
        <time>2026-05-30T00:49:57.000Z</time>
        <extensions>
          <ns3:TrackPointExtension>
            <ns3:hr>120</ns3:hr>
            <ns3:cad>80</ns3:cad>
          </ns3:TrackPointExtension>
        </extensions>
      </trkpt>
      <trkpt lat="31.2835084833204746246337890625" lon="121.37023880146443843841552734375">
        <ele>6.80000019073486328125</ele>
        <time>2026-05-30T00:49:58.000Z</time>
        <extensions>
          <ns3:TrackPointExtension>
            <ns3:hr>120</ns3:hr>
            <ns3:cad>80</ns3:cad>
          </ns3:TrackPointExtension>
        </extensions>
      </trkpt>
      <trkpt lat="31.28348895348608493804931640625" lon="121.37024835683405399322509765625">
        <ele>6.80000019073486328125</ele>
        <time>2026-05-30T00:49:59.000Z</time>
        <extensions>
          <ns3:TrackPointExtension>
            <ns3:hr>121</ns3:hr>
            <ns3:cad>80</ns3:cad>
          </ns3:TrackPointExtension>
        </extensions>
      </trkpt>
      <trkpt lat="31.2834705971181392669677734375" lon="121.37026025913655757904052734375">
        <ele>6.80000019073486328125</ele>
        <time>2026-05-30T00:50:00.000Z</time>
        <extensions>
          <ns3:TrackPointExtension>
            <ns3:hr>120</ns3:hr>
            <ns3:cad>80</ns3:cad>
          </ns3:TrackPointExtension>
        </extensions>
      </trkpt>
      <trkpt lat="31.2834511511027812957763671875" lon="121.3702729158103466033935546875">
        <ele>6.80000019073486328125</ele>
        <time>2026-05-30T00:50:01.000Z</time>
        <extensions>
          <ns3:TrackPointExtension>
            <ns3:hr>120</ns3:hr>
            <ns3:cad>80</ns3:cad>
          </ns3:TrackPointExtension>
        </extensions>
      </trkpt>
      <trkpt lat="31.283428855240345001220703125" lon="121.37028506956994533538818359375">
        <ele>6.80000019073486328125</ele>
        <time>2026-05-30T00:50:02.000Z</time>
        <extensions>
          <ns3:TrackPointExtension>
            <ns3:hr>120</ns3:hr>
            <ns3:cad>80</ns3:cad>
          </ns3:TrackPointExtension>
        </extensions>
      </trkpt>
      <trkpt lat="31.28340639173984527587890625" lon="121.37029563076794147491455078125">
        <ele>6.80000019073486328125</ele>
        <time>2026-05-30T00:50:03.000Z</time>
        <extensions>
          <ns3:TrackPointExtension>
            <ns3:hr>120</ns3:hr>
            <ns3:cad>80</ns3:cad>
          </ns3:TrackPointExtension>
        </extensions>
      </trkpt>
      <trkpt lat="31.28338350914418697357177734375" lon="121.37030124664306640625">
        <ele>6.80000019073486328125</ele>
        <time>2026-05-30T00:50:04.000Z</time>
        <extensions>
          <ns3:TrackPointExtension>
            <ns3:hr>120</ns3:hr>
            <ns3:cad>80</ns3:cad>
          </ns3:TrackPointExtension>
        </extensions>
      </trkpt>
      <trkpt lat="31.28335811197757720947265625" lon="121.37030451558530330657958984375">
        <ele>6.80000019073486328125</ele>
        <time>2026-05-30T00:50:05.000Z</time>
        <extensions>
          <ns3:TrackPointExtension>
            <ns3:hr>120</ns3:hr>
            <ns3:cad>79</ns3:cad>
          </ns3:TrackPointExtension>
        </extensions>
      </trkpt>
      <trkpt lat="31.28333489410579204559326171875" lon="121.37030317448079586029052734375">
        <ele>7</ele>
        <time>2026-05-30T00:50:06.000Z</time>
        <extensions>
          <ns3:TrackPointExtension>
            <ns3:hr>120</ns3:hr>
            <ns3:cad>79</ns3:cad>
          </ns3:TrackPointExtension>
        </extensions>
      </trkpt>
      <trkpt lat="31.283314526081085205078125" lon="121.37030200101435184478759765625">
        <ele>7</ele>
        <time>2026-05-30T00:50:07.000Z</time>
        <extensions>
          <ns3:TrackPointExtension>
            <ns3:hr>120</ns3:hr>
            <ns3:cad>79</ns3:cad>
          </ns3:TrackPointExtension>
        </extensions>
      </trkpt>
      <trkpt lat="31.28329575061798095703125" lon="121.37029848061501979827880859375">
        <ele>7</ele>
        <time>2026-05-30T00:50:08.000Z</time>
        <extensions>
          <ns3:TrackPointExtension>
            <ns3:hr>119</ns3:hr>
            <ns3:cad>79</ns3:cad>
          </ns3:TrackPointExtension>
        </extensions>
      </trkpt>
      <trkpt lat="31.28327630460262298583984375" lon="121.3702967204153537750244140625">
        <ele>7</ele>
        <time>2026-05-30T00:50:09.000Z</time>
        <extensions>
          <ns3:TrackPointExtension>
            <ns3:hr>119</ns3:hr>
            <ns3:cad>80</ns3:cad>
          </ns3:TrackPointExtension>
        </extensions>
      </trkpt>
      <trkpt lat="31.2832593731582164764404296875" lon="121.3702930323779582977294921875">
        <ele>7.19999980926513671875</ele>
        <time>2026-05-30T00:50:10.000Z</time>
        <extensions>
          <ns3:TrackPointExtension>
            <ns3:hr>120</ns3:hr>
            <ns3:cad>80</ns3:cad>
          </ns3:TrackPointExtension>
        </extensions>
      </trkpt>
      <trkpt lat="31.28323900513350963592529296875" lon="121.370292194187641143798828125">
        <ele>7.19999980926513671875</ele>
        <time>2026-05-30T00:50:11.000Z</time>
        <extensions>
          <ns3:TrackPointExtension>
            <ns3:hr>120</ns3:hr>
            <ns3:cad>80</ns3:cad>
          </ns3:TrackPointExtension>
        </extensions>
      </trkpt>
      <trkpt lat="31.28321821801364421844482421875" lon="121.3702833093702793121337890625">
        <ele>7.19999980926513671875</ele>
        <time>2026-05-30T00:50:12.000Z</time>
        <extensions>
          <ns3:TrackPointExtension>
            <ns3:hr>120</ns3:hr>
            <ns3:cad>80</ns3:cad>
          </ns3:TrackPointExtension>
        </extensions>
      </trkpt>
      <trkpt lat="31.2831960059702396392822265625" lon="121.370275430381298065185546875">
        <ele>7.19999980926513671875</ele>
        <time>2026-05-30T00:50:13.000Z</time>
        <extensions>
          <ns3:TrackPointExtension>
            <ns3:hr>120</ns3:hr>
            <ns3:cad>80</ns3:cad>
          </ns3:TrackPointExtension>
        </extensions>
      </trkpt>
      <trkpt lat="31.283174715936183929443359375" lon="121.370261348783969879150390625">
        <ele>7.19999980926513671875</ele>
        <time>2026-05-30T00:50:14.000Z</time>
        <extensions>
          <ns3:TrackPointExtension>
            <ns3:hr>120</ns3:hr>
            <ns3:cad>80</ns3:cad>
          </ns3:TrackPointExtension>
        </extensions>
      </trkpt>
      <trkpt lat="31.28315786831080913543701171875" lon="121.3702417351305484771728515625">
        <ele>7.400000095367431640625</ele>
        <time>2026-05-30T00:50:15.000Z</time>
        <extensions>
          <ns3:TrackPointExtension>
            <ns3:hr>120</ns3:hr>
            <ns3:cad>80</ns3:cad>
          </ns3:TrackPointExtension>
        </extensions>
      </trkpt>
      <trkpt lat="31.2831495702266693115234375" lon="121.37021885253489017486572265625">
        <ele>7.400000095367431640625</ele>
        <time>2026-05-30T00:50:16.000Z</time>
        <extensions>
          <ns3:TrackPointExtension>
            <ns3:hr>120</ns3:hr>
            <ns3:cad>80</ns3:cad>
          </ns3:TrackPointExtension>
        </extensions>
      </trkpt>
      <trkpt lat="31.28313817083835601806640625" lon="121.3701998256146907806396484375">
        <ele>7.400000095367431640625</ele>
        <time>2026-05-30T00:50:17.000Z</time>
        <extensions>
          <ns3:TrackPointExtension>
            <ns3:hr>120</ns3:hr>
            <ns3:cad>80</ns3:cad>
          </ns3:TrackPointExtension>
        </extensions>
      </trkpt>
      <trkpt lat="31.28312568180263042449951171875" lon="121.37019052170217037200927734375">
        <ele>7.400000095367431640625</ele>
        <time>2026-05-30T00:50:18.000Z</time>
        <extensions>
          <ns3:TrackPointExtension>
            <ns3:hr>120</ns3:hr>
            <ns3:cad>80</ns3:cad>
          </ns3:TrackPointExtension>
        </extensions>
      </trkpt>
      <trkpt lat="31.2831148691475391387939453125" lon="121.3701899349689483642578125">
        <ele>7.599999904632568359375</ele>
        <time>2026-05-30T00:50:19.000Z</time>
        <extensions>
          <ns3:TrackPointExtension>
            <ns3:hr>121</ns3:hr>
            <ns3:cad>80</ns3:cad>
          </ns3:TrackPointExtension>
        </extensions>
      </trkpt>
      <trkpt lat="31.28310875035822391510009765625" lon="121.37019404210150241851806640625">
        <ele>7.80000019073486328125</ele>
        <time>2026-05-30T00:50:20.000Z</time>
        <extensions>
          <ns3:TrackPointExtension>
            <ns3:hr>121</ns3:hr>
            <ns3:cad>80</ns3:cad>
          </ns3:TrackPointExtension>
        </extensions>
      </trkpt>
      <trkpt lat="31.28309969790279865264892578125" lon="121.37019035406410694122314453125">
        <ele>7.80000019073486328125</ele>
        <time>2026-05-30T00:50:21.000Z</time>
        <extensions>
          <ns3:TrackPointExtension>
            <ns3:hr>121</ns3:hr>
            <ns3:cad>80</ns3:cad>
          </ns3:TrackPointExtension>
        </extensions>
      </trkpt>
      <trkpt lat="31.2830954231321811676025390625" lon="121.37019203044474124908447265625">
        <ele>7.80000019073486328125</ele>
        <time>2026-05-30T00:50:22.000Z</time>
        <extensions>
          <ns3:TrackPointExtension>
            <ns3:hr>121</ns3:hr>
            <ns3:cad>80</ns3:cad>
          </ns3:TrackPointExtension>
        </extensions>
      </trkpt>
      <trkpt lat="31.2831014581024646759033203125" lon="121.37019865214824676513671875">
        <ele>7.80000019073486328125</ele>
        <time>2026-05-30T00:50:23.000Z</time>
        <extensions>
          <ns3:TrackPointExtension>
            <ns3:hr>121</ns3:hr>
            <ns3:cad>77</ns3:cad>
          </ns3:TrackPointExtension>
        </extensions>
      </trkpt>
      <trkpt lat="31.2830897234380245208740234375" lon="121.37020158581435680389404296875">
        <ele>7.599999904632568359375</ele>
        <time>2026-05-30T00:50:24.000Z</time>
        <extensions>
          <ns3:TrackPointExtension>
            <ns3:hr>121</ns3:hr>
            <ns3:cad>77</ns3:cad>
          </ns3:TrackPointExtension>
        </extensions>
      </trkpt>
      <trkpt lat="31.2830786593258380889892578125" lon="121.37020057998597621917724609375">
        <ele>7.599999904632568359375</ele>
        <time>2026-05-30T00:50:25.000Z</time>
        <extensions>
          <ns3:TrackPointExtension>
            <ns3:hr>120</ns3:hr>
            <ns3:cad>64</ns3:cad>
          </ns3:TrackPointExtension>
        </extensions>
      </trkpt>
      <trkpt lat="31.2830595485866069793701171875" lon="121.37020426802337169647216796875">
        <ele>7.599999904632568359375</ele>
        <time>2026-05-30T00:50:26.000Z</time>
        <extensions>
          <ns3:TrackPointExtension>
            <ns3:hr>120</ns3:hr>
            <ns3:cad>0</ns3:cad>
          </ns3:TrackPointExtension>
        </extensions>
      </trkpt>
      <trkpt lat="31.2830347381532192230224609375" lon="121.37019999325275421142578125">
        <ele>7.400000095367431640625</ele>
        <time>2026-05-30T00:50:27.000Z</time>
        <extensions>
          <ns3:TrackPointExtension>
            <ns3:hr>119</ns3:hr>
            <ns3:cad>0</ns3:cad>
          </ns3:TrackPointExtension>
        </extensions>
      </trkpt>
      <trkpt lat="31.2830109335482120513916015625" lon="121.37019135989248752593994140625">
        <ele>7.400000095367431640625</ele>
        <time>2026-05-30T00:50:28.000Z</time>
        <extensions>
          <ns3:TrackPointExtension>
            <ns3:hr>118</ns3:hr>
            <ns3:cad>0</ns3:cad>
          </ns3:TrackPointExtension>
        </extensions>
      </trkpt>
      <trkpt lat="31.2829864583909511566162109375" lon="121.37018716894090175628662109375">
        <ele>7.599999904632568359375</ele>
        <time>2026-05-30T00:50:29.000Z</time>
        <extensions>
          <ns3:TrackPointExtension>
            <ns3:hr>118</ns3:hr>
            <ns3:cad>0</ns3:cad>
          </ns3:TrackPointExtension>
        </extensions>
      </trkpt>
      <trkpt lat="31.28296676091849803924560546875" lon="121.37017719447612762451171875">
        <ele>7.599999904632568359375</ele>
        <time>2026-05-30T00:50:30.000Z</time>
        <extensions>
          <ns3:TrackPointExtension>
            <ns3:hr>118</ns3:hr>
            <ns3:cad>0</ns3:cad>
          </ns3:TrackPointExtension>
        </extensions>
      </trkpt>
      <trkpt lat="31.28294664435088634490966796875" lon="121.3701666332781314849853515625">
        <ele>7.80000019073486328125</ele>
        <time>2026-05-30T00:50:31.000Z</time>
        <extensions>
          <ns3:TrackPointExtension>
            <ns3:hr>118</ns3:hr>
            <ns3:cad>79</ns3:cad>
          </ns3:TrackPointExtension>
        </extensions>
      </trkpt>
      <trkpt lat="31.28292568959295749664306640625" lon="121.37015850283205509185791015625">
        <ele>7.80000019073486328125</ele>
        <time>2026-05-30T00:50:32.000Z</time>
        <extensions>
          <ns3:TrackPointExtension>
            <ns3:hr>119</ns3:hr>
            <ns3:cad>79</ns3:cad>
          </ns3:TrackPointExtension>
        </extensions>
      </trkpt>
      <trkpt lat="31.2829054892063140869140625" lon="121.37014810927212238311767578125">
        <ele>7.80000019073486328125</ele>
        <time>2026-05-30T00:50:33.000Z</time>
        <extensions>
          <ns3:TrackPointExtension>
            <ns3:hr>119</ns3:hr>
            <ns3:cad>80</ns3:cad>
          </ns3:TrackPointExtension>
        </extensions>
      </trkpt>
      <trkpt lat="31.28288361243903636932373046875" lon="121.37013972736895084381103515625">
        <ele>7.599999904632568359375</ele>
        <time>2026-05-30T00:50:34.000Z</time>
        <extensions>
          <ns3:TrackPointExtension>
            <ns3:hr>119</ns3:hr>
            <ns3:cad>80</ns3:cad>
          </ns3:TrackPointExtension>
        </extensions>
      </trkpt>
      <trkpt lat="31.28286399878561496734619140625" lon="121.37012832798063755035400390625">
        <ele>7.599999904632568359375</ele>
        <time>2026-05-30T00:50:35.000Z</time>
        <extensions>
          <ns3:TrackPointExtension>
            <ns3:hr>119</ns3:hr>
            <ns3:cad>80</ns3:cad>
          </ns3:TrackPointExtension>
        </extensions>
      </trkpt>
      <trkpt lat="31.28284757025539875030517578125" lon="121.3701099716126918792724609375">
        <ele>7.599999904632568359375</ele>
        <time>2026-05-30T00:50:36.000Z</time>
        <extensions>
          <ns3:TrackPointExtension>
            <ns3:hr>119</ns3:hr>
            <ns3:cad>80</ns3:cad>
          </ns3:TrackPointExtension>
        </extensions>
      </trkpt>
      <trkpt lat="31.28282829187810420989990234375" lon="121.37009672820568084716796875">
        <ele>7.400000095367431640625</ele>
        <time>2026-05-30T00:50:37.000Z</time>
        <extensions>
          <ns3:TrackPointExtension>
            <ns3:hr>119</ns3:hr>
            <ns3:cad>80</ns3:cad>
          </ns3:TrackPointExtension>
        </extensions>
      </trkpt>
      <trkpt lat="31.28281228244304656982421875" lon="121.37008356861770153045654296875">
        <ele>7.400000095367431640625</ele>
        <time>2026-05-30T00:50:38.000Z</time>
        <extensions>
          <ns3:TrackPointExtension>
            <ns3:hr>119</ns3:hr>
            <ns3:cad>80</ns3:cad>
          </ns3:TrackPointExtension>
        </extensions>
      </trkpt>
      <trkpt lat="31.28279459662735462188720703125" lon="121.3700667209923267364501953125">
        <ele>7.400000095367431640625</ele>
        <time>2026-05-30T00:50:39.000Z</time>
        <extensions>
          <ns3:TrackPointExtension>
            <ns3:hr>118</ns3:hr>
            <ns3:cad>81</ns3:cad>
          </ns3:TrackPointExtension>
        </extensions>
      </trkpt>
      <trkpt lat="31.28277716226875782012939453125" lon="121.3700466044247150421142578125">
        <ele>7.19999980926513671875</ele>
        <time>2026-05-30T00:50:40.000Z</time>
        <extensions>
          <ns3:TrackPointExtension>
            <ns3:hr>118</ns3:hr>
            <ns3:cad>81</ns3:cad>
          </ns3:TrackPointExtension>
        </extensions>
      </trkpt>
      <trkpt lat="31.28276173956692218780517578125" lon="121.37003093026578426361083984375">
        <ele>7.19999980926513671875</ele>
        <time>2026-05-30T00:50:41.000Z</time>
        <extensions>
          <ns3:TrackPointExtension>
            <ns3:hr>118</ns3:hr>
            <ns3:cad>81</ns3:cad>
          </ns3:TrackPointExtension>
        </extensions>
      </trkpt>
      <trkpt lat="31.282743550837039947509765625" lon="121.3700134120881557464599609375">
        <ele>7</ele>
        <time>2026-05-30T00:50:42.000Z</time>
        <extensions>
          <ns3:TrackPointExtension>
            <ns3:hr>119</ns3:hr>
            <ns3:cad>80</ns3:cad>
          </ns3:TrackPointExtension>
        </extensions>
      </trkpt>
      <trkpt lat="31.28272703848779201507568359375" lon="121.36999480426311492919921875">
        <ele>7</ele>
        <time>2026-05-30T00:50:43.000Z</time>
        <extensions>
          <ns3:TrackPointExtension>
            <ns3:hr>118</ns3:hr>
            <ns3:cad>80</ns3:cad>
          </ns3:TrackPointExtension>
        </extensions>
      </trkpt>
      <trkpt lat="31.28271060995757579803466796875" lon="121.369976699352264404296875">
        <ele>7</ele>
        <time>2026-05-30T00:50:44.000Z</time>
        <extensions>
          <ns3:TrackPointExtension>
            <ns3:hr>118</ns3:hr>
            <ns3:cad>80</ns3:cad>
          </ns3:TrackPointExtension>
        </extensions>
      </trkpt>
      <trkpt lat="31.28269250504672527313232421875" lon="121.3699644617736339569091796875">
        <ele>6.80000019073486328125</ele>
        <time>2026-05-30T00:50:45.000Z</time>
        <extensions>
          <ns3:TrackPointExtension>
            <ns3:hr>118</ns3:hr>
            <ns3:cad>79</ns3:cad>
          </ns3:TrackPointExtension>
        </extensions>
      </trkpt>
      <trkpt lat="31.2826780043542385101318359375" lon="121.36994727887213230133056640625">
        <ele>6.80000019073486328125</ele>
        <time>2026-05-30T00:50:46.000Z</time>
        <extensions>
          <ns3:TrackPointExtension>
            <ns3:hr>119</ns3:hr>
            <ns3:cad>79</ns3:cad>
          </ns3:TrackPointExtension>
        </extensions>
      </trkpt>
      <trkpt lat="31.2826635874807834625244140625" lon="121.3699326105415821075439453125">
        <ele>6.80000019073486328125</ele>
        <time>2026-05-30T00:50:47.000Z</time>
        <extensions>
          <ns3:TrackPointExtension>
            <ns3:hr>118</ns3:hr>
            <ns3:cad>79</ns3:cad>
          </ns3:TrackPointExtension>
        </extensions>
      </trkpt>
      <trkpt lat="31.28264640457928180694580078125" lon="121.36991257779300212860107421875">
        <ele>6.80000019073486328125</ele>
        <time>2026-05-30T00:50:48.000Z</time>
        <extensions>
          <ns3:TrackPointExtension>
            <ns3:hr>118</ns3:hr>
            <ns3:cad>80</ns3:cad>
          </ns3:TrackPointExtension>
        </extensions>
      </trkpt>
      <trkpt lat="31.2826300598680973052978515625" lon="121.36989631690084934234619140625">
        <ele>6.599999904632568359375</ele>
        <time>2026-05-30T00:50:49.000Z</time>
        <extensions>
          <ns3:TrackPointExtension>
            <ns3:hr>118</ns3:hr>
            <ns3:cad>80</ns3:cad>
          </ns3:TrackPointExtension>
        </extensions>
      </trkpt>
      <trkpt lat="31.2826136313378810882568359375" lon="121.36987871490418910980224609375">
        <ele>6.599999904632568359375</ele>
        <time>2026-05-30T00:50:50.000Z</time>
        <extensions>
          <ns3:TrackPointExtension>
            <ns3:hr>118</ns3:hr>
            <ns3:cad>81</ns3:cad>
          </ns3:TrackPointExtension>
        </extensions>
      </trkpt>
      <trkpt lat="31.282598711550235748291015625" lon="121.3698611967265605926513671875">
        <ele>6.599999904632568359375</ele>
        <time>2026-05-30T00:50:51.000Z</time>
        <extensions>
          <ns3:TrackPointExtension>
            <ns3:hr>119</ns3:hr>
            <ns3:cad>81</ns3:cad>
          </ns3:TrackPointExtension>
        </extensions>
      </trkpt>
      <trkpt lat="31.282581277191638946533203125" lon="121.36984602548182010650634765625">
        <ele>6.400000095367431640625</ele>
        <time>2026-05-30T00:50:52.000Z</time>
        <extensions>
          <ns3:TrackPointExtension>
            <ns3:hr>119</ns3:hr>
            <ns3:cad>80</ns3:cad>
          </ns3:TrackPointExtension>
        </extensions>
      </trkpt>
      <trkpt lat="31.28256442956626415252685546875" lon="121.36983244679868221282958984375">
        <ele>6.400000095367431640625</ele>
        <time>2026-05-30T00:50:53.000Z</time>
        <extensions>
          <ns3:TrackPointExtension>
            <ns3:hr>119</ns3:hr>
            <ns3:cad>80</ns3:cad>
          </ns3:TrackPointExtension>
        </extensions>
      </trkpt>
      <trkpt lat="31.2825489230453968048095703125" lon="121.3698152638971805572509765625">
        <ele>6.400000095367431640625</ele>
        <time>2026-05-30T00:50:54.000Z</time>
        <extensions>
          <ns3:TrackPointExtension>
            <ns3:hr>119</ns3:hr>
            <ns3:cad>81</ns3:cad>
          </ns3:TrackPointExtension>
        </extensions>
      </trkpt>
      <trkpt lat="31.28253241069614887237548828125" lon="121.3698010146617889404296875">
        <ele>6.400000095367431640625</ele>
        <time>2026-05-30T00:50:55.000Z</time>
        <extensions>
          <ns3:TrackPointExtension>
            <ns3:hr>118</ns3:hr>
            <ns3:cad>81</ns3:cad>
          </ns3:TrackPointExtension>
        </extensions>
      </trkpt>
      <trkpt lat="31.28251614980399608612060546875" lon="121.3697887770831584930419921875">
        <ele>6.19999980926513671875</ele>
        <time>2026-05-30T00:50:56.000Z</time>
        <extensions>
          <ns3:TrackPointExtension>
            <ns3:hr>118</ns3:hr>
            <ns3:cad>81</ns3:cad>
          </ns3:TrackPointExtension>
        </extensions>
      </trkpt>
      <trkpt lat="31.28249712288379669189453125" lon="121.3697753660380840301513671875">
        <ele>6.19999980926513671875</ele>
        <time>2026-05-30T00:50:57.000Z</time>
        <extensions>
          <ns3:TrackPointExtension>
            <ns3:hr>118</ns3:hr>
            <ns3:cad>81</ns3:cad>
          </ns3:TrackPointExtension>
        </extensions>
      </trkpt>
      <trkpt lat="31.28248044289648532867431640625" lon="121.3697580993175506591796875">
        <ele>6.19999980926513671875</ele>
        <time>2026-05-30T00:50:58.000Z</time>
        <extensions>
          <ns3:TrackPointExtension>
            <ns3:hr>117</ns3:hr>
            <ns3:cad>81</ns3:cad>
          </ns3:TrackPointExtension>
        </extensions>
      </trkpt>
      <trkpt lat="31.28246384672820568084716796875" lon="121.36974175460636615753173828125">
        <ele>6.19999980926513671875</ele>
        <time>2026-05-30T00:50:59.000Z</time>
        <extensions>
          <ns3:TrackPointExtension>
            <ns3:hr>117</ns3:hr>
            <ns3:cad>81</ns3:cad>
          </ns3:TrackPointExtension>
        </extensions>
      </trkpt>
      <trkpt lat="31.28244792111217975616455078125" lon="121.36972725391387939453125">
        <ele>6.19999980926513671875</ele>
        <time>2026-05-30T00:51:00.000Z</time>
        <extensions>
          <ns3:TrackPointExtension>
            <ns3:hr>116</ns3:hr>
            <ns3:cad>81</ns3:cad>
          </ns3:TrackPointExtension>
        </extensions>
      </trkpt>
      <trkpt lat="31.2824319116771221160888671875" lon="121.3697123341262340545654296875">
        <ele>6.19999980926513671875</ele>
        <time>2026-05-30T00:51:01.000Z</time>
        <extensions>
          <ns3:TrackPointExtension>
            <ns3:hr>115</ns3:hr>
            <ns3:cad>81</ns3:cad>
          </ns3:TrackPointExtension>
        </extensions>
      </trkpt>
      <trkpt lat="31.2824188359081745147705078125" lon="121.36969246901571750640869140625">
        <ele>6.19999980926513671875</ele>
        <time>2026-05-30T00:51:02.000Z</time>
        <extensions>
          <ns3:TrackPointExtension>
            <ns3:hr>115</ns3:hr>
            <ns3:cad>81</ns3:cad>
          </ns3:TrackPointExtension>
        </extensions>
      </trkpt>
      <trkpt lat="31.28240534104406833648681640625" lon="121.369673945009708404541015625">
        <ele>6.19999980926513671875</ele>
        <time>2026-05-30T00:51:03.000Z</time>
        <extensions>
          <ns3:TrackPointExtension>
            <ns3:hr>115</ns3:hr>
            <ns3:cad>81</ns3:cad>
          </ns3:TrackPointExtension>
        </extensions>
      </trkpt>
      <trkpt lat="31.2823906727135181427001953125" lon="121.36965760029852390289306640625">
        <ele>6.19999980926513671875</ele>
        <time>2026-05-30T00:51:04.000Z</time>
        <extensions>
          <ns3:TrackPointExtension>
            <ns3:hr>116</ns3:hr>
            <ns3:cad>81</ns3:cad>
          </ns3:TrackPointExtension>
        </extensions>
      </trkpt>
      <trkpt lat="31.28237499855458736419677734375" lon="121.36964100413024425506591796875">
        <ele>6.19999980926513671875</ele>
        <time>2026-05-30T00:51:05.000Z</time>
        <extensions>
          <ns3:TrackPointExtension>
            <ns3:hr>116</ns3:hr>
            <ns3:cad>80</ns3:cad>
          </ns3:TrackPointExtension>
        </extensions>
      </trkpt>
      <trkpt lat="31.28235924057662487030029296875" lon="121.3696266710758209228515625">
        <ele>6.19999980926513671875</ele>
        <time>2026-05-30T00:51:06.000Z</time>
        <extensions>
          <ns3:TrackPointExtension>
            <ns3:hr>116</ns3:hr>
            <ns3:cad>80</ns3:cad>
          </ns3:TrackPointExtension>
        </extensions>
      </trkpt>
      <trkpt lat="31.28234432078897953033447265625" lon="121.36961485259234905242919921875">
        <ele>6.19999980926513671875</ele>
        <time>2026-05-30T00:51:07.000Z</time>
        <extensions>
          <ns3:TrackPointExtension>
            <ns3:hr>116</ns3:hr>
            <ns3:cad>80</ns3:cad>
          </ns3:TrackPointExtension>
        </extensions>
      </trkpt>
      <trkpt lat="31.28232386894524097442626953125" lon="121.36960454285144805908203125">
        <ele>6.19999980926513671875</ele>
        <time>2026-05-30T00:51:08.000Z</time>
        <extensions>
          <ns3:TrackPointExtension>
            <ns3:hr>116</ns3:hr>
            <ns3:cad>80</ns3:cad>
          </ns3:TrackPointExtension>
        </extensions>
      </trkpt>
      <trkpt lat="31.28230660222470760345458984375" lon="121.36959305964410305023193359375">
        <ele>6.19999980926513671875</ele>
        <time>2026-05-30T00:51:09.000Z</time>
        <extensions>
          <ns3:TrackPointExtension>
            <ns3:hr>116</ns3:hr>
            <ns3:cad>80</ns3:cad>
          </ns3:TrackPointExtension>
        </extensions>
      </trkpt>
      <trkpt lat="31.282287575304508209228515625" lon="121.3695805706083774566650390625">
        <ele>6</ele>
        <time>2026-05-30T00:51:10.000Z</time>
        <extensions>
          <ns3:TrackPointExtension>
            <ns3:hr>116</ns3:hr>
            <ns3:cad>80</ns3:cad>
          </ns3:TrackPointExtension>
        </extensions>
      </trkpt>
      <trkpt lat="31.282267458736896514892578125" lon="121.36956858448684215545654296875">
        <ele>6</ele>
        <time>2026-05-30T00:51:11.000Z</time>
        <extensions>
          <ns3:TrackPointExtension>
            <ns3:hr>116</ns3:hr>
            <ns3:cad>80</ns3:cad>
          </ns3:TrackPointExtension>
        </extensions>
      </trkpt>
      <trkpt lat="31.28224910236895084381103515625" lon="121.36955500580370426177978515625">
        <ele>6</ele>
        <time>2026-05-30T00:51:12.000Z</time>
        <extensions>
          <ns3:TrackPointExtension>
            <ns3:hr>117</ns3:hr>
            <ns3:cad>81</ns3:cad>
          </ns3:TrackPointExtension>
        </extensions>
      </trkpt>
      <trkpt lat="31.28223049454391002655029296875" lon="121.36954125948250293731689453125">
        <ele>6</ele>
        <time>2026-05-30T00:51:13.000Z</time>
        <extensions>
          <ns3:TrackPointExtension>
            <ns3:hr>118</ns3:hr>
            <ns3:cad>82</ns3:cad>
          </ns3:TrackPointExtension>
        </extensions>
      </trkpt>
      <trkpt lat="31.2822109647095203399658203125" lon="121.3695275969803333282470703125">
        <ele>6</ele>
        <time>2026-05-30T00:51:14.000Z</time>
        <extensions>
          <ns3:TrackPointExtension>
            <ns3:hr>119</ns3:hr>
            <ns3:cad>82</ns3:cad>
          </ns3:TrackPointExtension>
        </extensions>
      </trkpt>
      <trkpt lat="31.28219529055058956146240234375" lon="121.369515694677829742431640625">
        <ele>6</ele>
        <time>2026-05-30T00:51:15.000Z</time>
        <extensions>
          <ns3:TrackPointExtension>
            <ns3:hr>119</ns3:hr>
            <ns3:cad>82</ns3:cad>
          </ns3:TrackPointExtension>
        </extensions>
      </trkpt>
      <trkpt lat="31.28217886202037334442138671875" lon="121.3694979250431060791015625">
        <ele>6</ele>
        <time>2026-05-30T00:51:16.000Z</time>
        <extensions>
          <ns3:TrackPointExtension>
            <ns3:hr>120</ns3:hr>
            <ns3:cad>81</ns3:cad>
          </ns3:TrackPointExtension>
        </extensions>
      </trkpt>
      <trkpt lat="31.28216176293790340423583984375" lon="121.36948057450354099273681640625">
        <ele>6</ele>
        <time>2026-05-30T00:51:17.000Z</time>
        <extensions>
          <ns3:TrackPointExtension>
            <ns3:hr>120</ns3:hr>
            <ns3:cad>81</ns3:cad>
          </ns3:TrackPointExtension>
        </extensions>
      </trkpt>
      <trkpt lat="31.2821462564170360565185546875" lon="121.36946816928684711456298828125">
        <ele>6</ele>
        <time>2026-05-30T00:51:18.000Z</time>
        <extensions>
          <ns3:TrackPointExtension>
            <ns3:hr>120</ns3:hr>
            <ns3:cad>81</ns3:cad>
          </ns3:TrackPointExtension>
        </extensions>
      </trkpt>
      <trkpt lat="31.28212907351553440093994140625" lon="121.3694555126130580902099609375">
        <ele>6.19999980926513671875</ele>
        <time>2026-05-30T00:51:19.000Z</time>
        <extensions>
          <ns3:TrackPointExtension>
            <ns3:hr>120</ns3:hr>
            <ns3:cad>81</ns3:cad>
          </ns3:TrackPointExtension>
        </extensions>
      </trkpt>
      <trkpt lat="31.2821083702147006988525390625" lon="121.369441263377666473388671875">
        <ele>6.19999980926513671875</ele>
        <time>2026-05-30T00:51:20.000Z</time>
        <extensions>
          <ns3:TrackPointExtension>
            <ns3:hr>120</ns3:hr>
            <ns3:cad>81</ns3:cad>
          </ns3:TrackPointExtension>
        </extensions>
      </trkpt>
      <trkpt lat="31.282090432941913604736328125" lon="121.36942843906581401824951171875">
        <ele>6.19999980926513671875</ele>
        <time>2026-05-30T00:51:21.000Z</time>
        <extensions>
          <ns3:TrackPointExtension>
            <ns3:hr>119</ns3:hr>
            <ns3:cad>81</ns3:cad>
          </ns3:TrackPointExtension>
        </extensions>
      </trkpt>
      <trkpt lat="31.2820738367736339569091796875" lon="121.369414441287517547607421875">
        <ele>6.19999980926513671875</ele>
        <time>2026-05-30T00:51:22.000Z</time>
        <extensions>
          <ns3:TrackPointExtension>
            <ns3:hr>120</ns3:hr>
            <ns3:cad>81</ns3:cad>
          </ns3:TrackPointExtension>
        </extensions>
      </trkpt>
      <trkpt lat="31.28205724060535430908203125" lon="121.3693998567759990692138671875">
        <ele>6.19999980926513671875</ele>
        <time>2026-05-30T00:51:23.000Z</time>
        <extensions>
          <ns3:TrackPointExtension>
            <ns3:hr>120</ns3:hr>
            <ns3:cad>81</ns3:cad>
          </ns3:TrackPointExtension>
        </extensions>
      </trkpt>
      <trkpt lat="31.28204273991286754608154296875" lon="121.3693887926638126373291015625">
        <ele>6.19999980926513671875</ele>
        <time>2026-05-30T00:51:24.000Z</time>
        <extensions>
          <ns3:TrackPointExtension>
            <ns3:hr>120</ns3:hr>
            <ns3:cad>81</ns3:cad>
          </ns3:TrackPointExtension>
        </extensions>
      </trkpt>
      <trkpt lat="31.282025389373302459716796875" lon="121.36937580071389675140380859375">
        <ele>6.19999980926513671875</ele>
        <time>2026-05-30T00:51:25.000Z</time>
        <extensions>
          <ns3:TrackPointExtension>
            <ns3:hr>120</ns3:hr>
            <ns3:cad>81</ns3:cad>
          </ns3:TrackPointExtension>
        </extensions>
      </trkpt>
      <trkpt lat="31.2820077873766422271728515625" lon="121.3693656586110591888427734375">
        <ele>6</ele>
        <time>2026-05-30T00:51:26.000Z</time>
        <extensions>
          <ns3:TrackPointExtension>
            <ns3:hr>120</ns3:hr>
            <ns3:cad>80</ns3:cad>
          </ns3:TrackPointExtension>
        </extensions>
      </trkpt>
      <trkpt lat="31.28198976628482341766357421875" lon="121.36935601942241191864013671875">
        <ele>6</ele>
        <time>2026-05-30T00:51:27.000Z</time>
        <extensions>
          <ns3:TrackPointExtension>
            <ns3:hr>119</ns3:hr>
            <ns3:cad>80</ns3:cad>
          </ns3:TrackPointExtension>
        </extensions>
      </trkpt>
      <trkpt lat="31.2819709070026874542236328125" lon="121.3693425245583057403564453125">
        <ele>6.19999980926513671875</ele>
        <time>2026-05-30T00:51:28.000Z</time>
        <extensions>
          <ns3:TrackPointExtension>
            <ns3:hr>119</ns3:hr>
            <ns3:cad>80</ns3:cad>
          </ns3:TrackPointExtension>
        </extensions>
      </trkpt>
      <trkpt lat="31.28195464611053466796875" lon="121.36932886205613613128662109375">
        <ele>6.19999980926513671875</ele>
        <time>2026-05-30T00:51:29.000Z</time>
        <extensions>
          <ns3:TrackPointExtension>
            <ns3:hr>119</ns3:hr>
            <ns3:cad>80</ns3:cad>
          </ns3:TrackPointExtension>
        </extensions>
      </trkpt>
      <trkpt lat="31.28193746320903301239013671875" lon="121.3693187199532985687255859375">
        <ele>6.19999980926513671875</ele>
        <time>2026-05-30T00:51:30.000Z</time>
        <extensions>
          <ns3:TrackPointExtension>
            <ns3:hr>118</ns3:hr>
            <ns3:cad>80</ns3:cad>
          </ns3:TrackPointExtension>
        </extensions>
      </trkpt>
      <trkpt lat="31.281918101012706756591796875" lon="121.36931008659303188323974609375">
        <ele>6.19999980926513671875</ele>
        <time>2026-05-30T00:51:31.000Z</time>
        <extensions>
          <ns3:TrackPointExtension>
            <ns3:hr>118</ns3:hr>
            <ns3:cad>80</ns3:cad>
          </ns3:TrackPointExtension>
        </extensions>
      </trkpt>
      <trkpt lat="31.281900666654109954833984375" lon="121.3693016208708286285400390625">
        <ele>6.400000095367431640625</ele>
        <time>2026-05-30T00:51:32.000Z</time>
        <extensions>
          <ns3:TrackPointExtension>
            <ns3:hr>118</ns3:hr>
            <ns3:cad>80</ns3:cad>
          </ns3:TrackPointExtension>
        </extensions>
      </trkpt>
      <trkpt lat="31.28188163973391056060791015625" lon="121.36929114349186420440673828125">
        <ele>6.400000095367431640625</ele>
        <time>2026-05-30T00:51:33.000Z</time>
        <extensions>
          <ns3:TrackPointExtension>
            <ns3:hr>118</ns3:hr>
            <ns3:cad>80</ns3:cad>
          </ns3:TrackPointExtension>
        </extensions>
      </trkpt>
      <trkpt lat="31.281861104071140289306640625" lon="121.36928041465580463409423828125">
        <ele>6.400000095367431640625</ele>
        <time>2026-05-30T00:51:34.000Z</time>
        <extensions>
          <ns3:TrackPointExtension>
            <ns3:hr>118</ns3:hr>
            <ns3:cad>80</ns3:cad>
          </ns3:TrackPointExtension>
        </extensions>
      </trkpt>
      <trkpt lat="31.28184325061738491058349609375" lon="121.36927253566682338714599609375">
        <ele>6.400000095367431640625</ele>
        <time>2026-05-30T00:51:35.000Z</time>
        <extensions>
          <ns3:TrackPointExtension>
            <ns3:hr>118</ns3:hr>
            <ns3:cad>81</ns3:cad>
          </ns3:TrackPointExtension>
        </extensions>
      </trkpt>
      <trkpt lat="31.2818245589733123779296875" lon="121.36926432140171527862548828125">
        <ele>6.19999980926513671875</ele>
        <time>2026-05-30T00:51:36.000Z</time>
        <extensions>
          <ns3:TrackPointExtension>
            <ns3:hr>118</ns3:hr>
            <ns3:cad>81</ns3:cad>
          </ns3:TrackPointExtension>
        </extensions>
      </trkpt>
      <trkpt lat="31.28180435858666896820068359375" lon="121.3692550174891948699951171875">
        <ele>6.19999980926513671875</ele>
        <time>2026-05-30T00:51:37.000Z</time>
        <extensions>
          <ns3:TrackPointExtension>
            <ns3:hr>118</ns3:hr>
            <ns3:cad>81</ns3:cad>
          </ns3:TrackPointExtension>
        </extensions>
      </trkpt>
      <trkpt lat="31.28178323619067668914794921875" lon="121.36924705468118190765380859375">
        <ele>6.19999980926513671875</ele>
        <time>2026-05-30T00:51:38.000Z</time>
        <extensions>
          <ns3:TrackPointExtension>
            <ns3:hr>118</ns3:hr>
            <ns3:cad>81</ns3:cad>
          </ns3:TrackPointExtension>
        </extensions>
      </trkpt>
      <trkpt lat="31.2817637063562870025634765625" lon="121.36924018152058124542236328125">
        <ele>6.19999980926513671875</ele>
        <time>2026-05-30T00:51:39.000Z</time>
        <extensions>
          <ns3:TrackPointExtension>
            <ns3:hr>118</ns3:hr>
            <ns3:cad>80</ns3:cad>
          </ns3:TrackPointExtension>
        </extensions>
      </trkpt>
      <trkpt lat="31.281745433807373046875" lon="121.36923146434128284454345703125">
        <ele>6.19999980926513671875</ele>
        <time>2026-05-30T00:51:40.000Z</time>
        <extensions>
          <ns3:TrackPointExtension>
            <ns3:hr>118</ns3:hr>
            <ns3:cad>80</ns3:cad>
          </ns3:TrackPointExtension>
        </extensions>
      </trkpt>
      <trkpt lat="31.28172674216330051422119140625" lon="121.36922366917133331298828125">
        <ele>6.19999980926513671875</ele>
        <time>2026-05-30T00:51:41.000Z</time>
        <extensions>
          <ns3:TrackPointExtension>
            <ns3:hr>118</ns3:hr>
            <ns3:cad>80</ns3:cad>
          </ns3:TrackPointExtension>
        </extensions>
      </trkpt>
      <trkpt lat="31.2817053683102130889892578125" lon="121.36921604163944721221923828125">
        <ele>6.19999980926513671875</ele>
        <time>2026-05-30T00:51:42.000Z</time>
        <extensions>
          <ns3:TrackPointExtension>
            <ns3:hr>118</ns3:hr>
            <ns3:cad>80</ns3:cad>
          </ns3:TrackPointExtension>
        </extensions>
      </trkpt>
      <trkpt lat="31.28168449737131595611572265625" lon="121.3692097552120685577392578125">
        <ele>6.19999980926513671875</ele>
        <time>2026-05-30T00:51:43.000Z</time>
        <extensions>
          <ns3:TrackPointExtension>
            <ns3:hr>118</ns3:hr>
            <ns3:cad>80</ns3:cad>
          </ns3:TrackPointExtension>
        </extensions>
      </trkpt>
      <trkpt lat="31.28166429698467254638671875" lon="121.36920246295630931854248046875">
        <ele>6.19999980926513671875</ele>
        <time>2026-05-30T00:51:44.000Z</time>
        <extensions>
          <ns3:TrackPointExtension>
            <ns3:hr>118</ns3:hr>
            <ns3:cad>80</ns3:cad>
          </ns3:TrackPointExtension>
        </extensions>
      </trkpt>
      <trkpt lat="31.28164476715028285980224609375" lon="121.36919542215764522552490234375">
        <ele>6.19999980926513671875</ele>
        <time>2026-05-30T00:51:45.000Z</time>
        <extensions>
          <ns3:TrackPointExtension>
            <ns3:hr>118</ns3:hr>
            <ns3:cad>80</ns3:cad>
          </ns3:TrackPointExtension>
        </extensions>
      </trkpt>
      <trkpt lat="31.281625740230083465576171875" lon="121.36918905191123485565185546875">
        <ele>6.19999980926513671875</ele>
        <time>2026-05-30T00:51:46.000Z</time>
        <extensions>
          <ns3:TrackPointExtension>
            <ns3:hr>119</ns3:hr>
            <ns3:cad>81</ns3:cad>
          </ns3:TrackPointExtension>
        </extensions>
      </trkpt>
      <trkpt lat="31.2816071324050426483154296875" lon="121.369179077446460723876953125">
        <ele>6.19999980926513671875</ele>
        <time>2026-05-30T00:51:47.000Z</time>
        <extensions>
          <ns3:TrackPointExtension>
            <ns3:hr>118</ns3:hr>
            <ns3:cad>81</ns3:cad>
          </ns3:TrackPointExtension>
        </extensions>
      </trkpt>
      <trkpt lat="31.28158642910420894622802734375" lon="121.36917002499103546142578125">
        <ele>6.19999980926513671875</ele>
        <time>2026-05-30T00:51:48.000Z</time>
        <extensions>
          <ns3:TrackPointExtension>
            <ns3:hr>118</ns3:hr>
            <ns3:cad>81</ns3:cad>
          </ns3:TrackPointExtension>
        </extensions>
      </trkpt>
      <trkpt lat="31.28156639635562896728515625" lon="121.36916331946849822998046875">
        <ele>6.19999980926513671875</ele>
        <time>2026-05-30T00:51:49.000Z</time>
        <extensions>
          <ns3:TrackPointExtension>
            <ns3:hr>118</ns3:hr>
            <ns3:cad>81</ns3:cad>
          </ns3:TrackPointExtension>
        </extensions>
      </trkpt>
      <trkpt lat="31.28154636360704898834228515625" lon="121.369161643087863922119140625">
        <ele>6.19999980926513671875</ele>
        <time>2026-05-30T00:51:50.000Z</time>
        <extensions>
          <ns3:TrackPointExtension>
            <ns3:hr>118</ns3:hr>
            <ns3:cad>80</ns3:cad>
          </ns3:TrackPointExtension>
        </extensions>
      </trkpt>
      <trkpt lat="31.28152557648718357086181640625" lon="121.36915619485080242156982421875">
        <ele>6.19999980926513671875</ele>
        <time>2026-05-30T00:51:51.000Z</time>
        <extensions>
          <ns3:TrackPointExtension>
            <ns3:hr>119</ns3:hr>
            <ns3:cad>80</ns3:cad>
          </ns3:TrackPointExtension>
        </extensions>
      </trkpt>
      <trkpt lat="31.281504370272159576416015625" lon="121.36915133334696292877197265625">
        <ele>6.19999980926513671875</ele>
        <time>2026-05-30T00:51:52.000Z</time>
        <extensions>
          <ns3:TrackPointExtension>
            <ns3:hr>119</ns3:hr>
            <ns3:cad>80</ns3:cad>
          </ns3:TrackPointExtension>
        </extensions>
      </trkpt>
      <trkpt lat="31.28148551099002361297607421875" lon="121.3691492378711700439453125">
        <ele>6.19999980926513671875</ele>
        <time>2026-05-30T00:51:53.000Z</time>
        <extensions>
          <ns3:TrackPointExtension>
            <ns3:hr>120</ns3:hr>
            <ns3:cad>80</ns3:cad>
          </ns3:TrackPointExtension>
        </extensions>
      </trkpt>
      <trkpt lat="31.28146455623209476470947265625" lon="121.3691460527479648590087890625">
        <ele>6.19999980926513671875</ele>
        <time>2026-05-30T00:51:54.000Z</time>
        <extensions>
          <ns3:TrackPointExtension>
            <ns3:hr>120</ns3:hr>
            <ns3:cad>80</ns3:cad>
          </ns3:TrackPointExtension>
        </extensions>
      </trkpt>
      <trkpt lat="31.28144033253192901611328125" lon="121.3691393472254276275634765625">
        <ele>6.19999980926513671875</ele>
        <time>2026-05-30T00:51:55.000Z</time>
        <extensions>
          <ns3:TrackPointExtension>
            <ns3:hr>120</ns3:hr>
            <ns3:cad>80</ns3:cad>
          </ns3:TrackPointExtension>
        </extensions>
      </trkpt>
      <trkpt lat="31.281421892344951629638671875" lon="121.3691390119493007659912109375">
        <ele>6.19999980926513671875</ele>
        <time>2026-05-30T00:51:56.000Z</time>
        <extensions>
          <ns3:TrackPointExtension>
            <ns3:hr>120</ns3:hr>
            <ns3:cad>80</ns3:cad>
          </ns3:TrackPointExtension>
        </extensions>
      </trkpt>
      <trkpt lat="31.28139968030154705047607421875" lon="121.36913507245481014251708984375">
        <ele>6.400000095367431640625</ele>
        <time>2026-05-30T00:51:57.000Z</time>
        <extensions>
          <ns3:TrackPointExtension>
            <ns3:hr>120</ns3:hr>
            <ns3:cad>80</ns3:cad>
          </ns3:TrackPointExtension>
        </extensions>
      </trkpt>
      <trkpt lat="31.28137855790555477142333984375" lon="121.3691277801990509033203125">
        <ele>6.400000095367431640625</ele>
        <time>2026-05-30T00:51:58.000Z</time>
        <extensions>
          <ns3:TrackPointExtension>
            <ns3:hr>120</ns3:hr>
            <ns3:cad>81</ns3:cad>
          </ns3:TrackPointExtension>
        </extensions>
      </trkpt>
      <trkpt lat="31.28135810606181621551513671875" lon="121.36912954039871692657470703125">
        <ele>6.400000095367431640625</ele>
        <time>2026-05-30T00:51:59.000Z</time>
        <extensions>
          <ns3:TrackPointExtension>
            <ns3:hr>120</ns3:hr>
            <ns3:cad>81</ns3:cad>
          </ns3:TrackPointExtension>
        </extensions>
      </trkpt>
      <trkpt lat="31.281338073313236236572265625" lon="121.369134150445461273193359375">
        <ele>6.400000095367431640625</ele>
        <time>2026-05-30T00:52:00.000Z</time>
        <extensions>
          <ns3:TrackPointExtension>
            <ns3:hr>121</ns3:hr>
            <ns3:cad>81</ns3:cad>
          </ns3:TrackPointExtension>
        </extensions>
      </trkpt>
      <trkpt lat="31.2813203036785125732421875" lon="121.3691400177776813507080078125">
        <ele>6.400000095367431640625</ele>
        <time>2026-05-30T00:52:01.000Z</time>
        <extensions>
          <ns3:TrackPointExtension>
            <ns3:hr>121</ns3:hr>
            <ns3:cad>81</ns3:cad>
          </ns3:TrackPointExtension>
        </extensions>
      </trkpt>
      <trkpt lat="31.28129943273961544036865234375" lon="121.3691453821957111358642578125">
        <ele>6.400000095367431640625</ele>
        <time>2026-05-30T00:52:02.000Z</time>
        <extensions>
          <ns3:TrackPointExtension>
            <ns3:hr>122</ns3:hr>
            <ns3:cad>81</ns3:cad>
          </ns3:TrackPointExtension>
        </extensions>
      </trkpt>
      <trkpt lat="31.2812773883342742919921875" lon="121.36914898641407489776611328125">
        <ele>6.400000095367431640625</ele>
        <time>2026-05-30T00:52:03.000Z</time>
        <extensions>
          <ns3:TrackPointExtension>
            <ns3:hr>122</ns3:hr>
            <ns3:cad>80</ns3:cad>
          </ns3:TrackPointExtension>
        </extensions>
      </trkpt>
      <trkpt lat="31.2812574394047260284423828125" lon="121.3691492378711700439453125">
        <ele>6.400000095367431640625</ele>
        <time>2026-05-30T00:52:04.000Z</time>
        <extensions>
          <ns3:TrackPointExtension>
            <ns3:hr>122</ns3:hr>
            <ns3:cad>80</ns3:cad>
          </ns3:TrackPointExtension>
        </extensions>
      </trkpt>
      <trkpt lat="31.2812403403222560882568359375" lon="121.3691534288227558135986328125">
        <ele>6.400000095367431640625</ele>
        <time>2026-05-30T00:52:05.000Z</time>
        <extensions>
          <ns3:TrackPointExtension>
            <ns3:hr>123</ns3:hr>
            <ns3:cad>80</ns3:cad>
          </ns3:TrackPointExtension>
        </extensions>
      </trkpt>
      <trkpt lat="31.28121846355497837066650390625" lon="121.36915636248886585235595703125">
        <ele>6.400000095367431640625</ele>
        <time>2026-05-30T00:52:06.000Z</time>
        <extensions>
          <ns3:TrackPointExtension>
            <ns3:hr>123</ns3:hr>
            <ns3:cad>81</ns3:cad>
          </ns3:TrackPointExtension>
        </extensions>
      </trkpt>
      <trkpt lat="31.281200610101222991943359375" lon="121.369156949222087860107421875">
        <ele>6.400000095367431640625</ele>
        <time>2026-05-30T00:52:07.000Z</time>
        <extensions>
          <ns3:TrackPointExtension>
            <ns3:hr>124</ns3:hr>
            <ns3:cad>81</ns3:cad>
          </ns3:TrackPointExtension>
        </extensions>
      </trkpt>
      <trkpt lat="31.2811830081045627593994140625" lon="121.36916239745914936065673828125">
        <ele>6.400000095367431640625</ele>
        <time>2026-05-30T00:52:08.000Z</time>
        <extensions>
          <ns3:TrackPointExtension>
            <ns3:hr>124</ns3:hr>
            <ns3:cad>81</ns3:cad>
          </ns3:TrackPointExtension>
        </extensions>
      </trkpt>
      <trkpt lat="31.28115828149020671844482421875" lon="121.36916658841073513031005859375">
        <ele>6.400000095367431640625</ele>
        <time>2026-05-30T00:52:09.000Z</time>
        <extensions>
          <ns3:TrackPointExtension>
            <ns3:hr>124</ns3:hr>
            <ns3:cad>80</ns3:cad>
          </ns3:TrackPointExtension>
        </extensions>
      </trkpt>
      <trkpt lat="31.2811327166855335235595703125" lon="121.36916994117200374603271484375">
        <ele>6.400000095367431640625</ele>
        <time>2026-05-30T00:52:10.000Z</time>
        <extensions>
          <ns3:TrackPointExtension>
            <ns3:hr>123</ns3:hr>
            <ns3:cad>80</ns3:cad>
          </ns3:TrackPointExtension>
        </extensions>
      </trkpt>
      <trkpt lat="31.2811082415282726287841796875" lon="121.3691779039800167083740234375">
        <ele>6.400000095367431640625</ele>
        <time>2026-05-30T00:52:11.000Z</time>
        <extensions>
          <ns3:TrackPointExtension>
            <ns3:hr>123</ns3:hr>
            <ns3:cad>79</ns3:cad>
          </ns3:TrackPointExtension>
        </extensions>
      </trkpt>
      <trkpt lat="31.281082928180694580078125" lon="121.369181759655475616455078125">
        <ele>6.400000095367431640625</ele>
        <time>2026-05-30T00:52:12.000Z</time>
        <extensions>
          <ns3:TrackPointExtension>
            <ns3:hr>123</ns3:hr>
            <ns3:cad>79</ns3:cad>
          </ns3:TrackPointExtension>
        </extensions>
      </trkpt>
      <trkpt lat="31.28105920739471912384033203125" lon="121.36918569914996623992919921875">
        <ele>6.400000095367431640625</ele>
        <time>2026-05-30T00:52:13.000Z</time>
        <extensions>
          <ns3:TrackPointExtension>
            <ns3:hr>122</ns3:hr>
            <ns3:cad>78</ns3:cad>
          </ns3:TrackPointExtension>
        </extensions>
      </trkpt>
      <trkpt lat="31.2810368277132511138916015625" lon="121.369191817939281463623046875">
        <ele>6.400000095367431640625</ele>
        <time>2026-05-30T00:52:14.000Z</time>
        <extensions>
          <ns3:TrackPointExtension>
            <ns3:hr>122</ns3:hr>
            <ns3:cad>78</ns3:cad>
          </ns3:TrackPointExtension>
        </extensions>
      </trkpt>
      <trkpt lat="31.2810140289366245269775390625" lon="121.36920011602342128753662109375">
        <ele>6.400000095367431640625</ele>
        <time>2026-05-30T00:52:15.000Z</time>
        <extensions>
          <ns3:TrackPointExtension>
            <ns3:hr>122</ns3:hr>
            <ns3:cad>79</ns3:cad>
          </ns3:TrackPointExtension>
        </extensions>
      </trkpt>
      <trkpt lat="31.28099097870290279388427734375" lon="121.36920967139303684234619140625">
        <ele>6.19999980926513671875</ele>
        <time>2026-05-30T00:52:16.000Z</time>
        <extensions>
          <ns3:TrackPointExtension>
            <ns3:hr>122</ns3:hr>
            <ns3:cad>80</ns3:cad>
          </ns3:TrackPointExtension>
        </extensions>
      </trkpt>
      <trkpt lat="31.28096817992627620697021484375" lon="121.36922107078135013580322265625">
        <ele>6.19999980926513671875</ele>
        <time>2026-05-30T00:52:17.000Z</time>
        <extensions>
          <ns3:TrackPointExtension>
            <ns3:hr>121</ns3:hr>
            <ns3:cad>80</ns3:cad>
          </ns3:TrackPointExtension>
        </extensions>
      </trkpt>
      <trkpt lat="31.280947141349315643310546875" lon="121.36923439800739288330078125">
        <ele>6.19999980926513671875</ele>
        <time>2026-05-30T00:52:18.000Z</time>
        <extensions>
          <ns3:TrackPointExtension>
            <ns3:hr>122</ns3:hr>
            <ns3:cad>80</ns3:cad>
          </ns3:TrackPointExtension>
        </extensions>
      </trkpt>
      <trkpt lat="31.28092962317168712615966796875" lon="121.36924856342375278472900390625">
        <ele>6.19999980926513671875</ele>
        <time>2026-05-30T00:52:19.000Z</time>
        <extensions>
          <ns3:TrackPointExtension>
            <ns3:hr>121</ns3:hr>
            <ns3:cad>80</ns3:cad>
          </ns3:TrackPointExtension>
        </extensions>
      </trkpt>
      <trkpt lat="31.2809090875089168548583984375" lon="121.36926331557333469390869140625">
        <ele>6.19999980926513671875</ele>
        <time>2026-05-30T00:52:20.000Z</time>
        <extensions>
          <ns3:TrackPointExtension>
            <ns3:hr>121</ns3:hr>
            <ns3:cad>81</ns3:cad>
          </ns3:TrackPointExtension>
        </extensions>
      </trkpt>
      <trkpt lat="31.28088855184614658355712890625" lon="121.36927823536098003387451171875">
        <ele>6.19999980926513671875</ele>
        <time>2026-05-30T00:52:21.000Z</time>
        <extensions>
          <ns3:TrackPointExtension>
            <ns3:hr>121</ns3:hr>
            <ns3:cad>80</ns3:cad>
          </ns3:TrackPointExtension>
        </extensions>
      </trkpt>
      <trkpt lat="31.280871368944644927978515625" lon="121.3692918978631496429443359375">
        <ele>6.19999980926513671875</ele>
        <time>2026-05-30T00:52:22.000Z</time>
        <extensions>
          <ns3:TrackPointExtension>
            <ns3:hr>122</ns3:hr>
            <ns3:cad>81</ns3:cad>
          </ns3:TrackPointExtension>
        </extensions>
      </trkpt>
      <trkpt lat="31.28085368312895298004150390625" lon="121.36930773966014385223388671875">
        <ele>6.400000095367431640625</ele>
        <time>2026-05-30T00:52:23.000Z</time>
        <extensions>
          <ns3:TrackPointExtension>
            <ns3:hr>122</ns3:hr>
            <ns3:cad>81</ns3:cad>
          </ns3:TrackPointExtension>
        </extensions>
      </trkpt>
      <trkpt lat="31.28083817660808563232421875" lon="121.36932156980037689208984375">
        <ele>6.400000095367431640625</ele>
        <time>2026-05-30T00:52:24.000Z</time>
        <extensions>
          <ns3:TrackPointExtension>
            <ns3:hr>122</ns3:hr>
            <ns3:cad>81</ns3:cad>
          </ns3:TrackPointExtension>
        </extensions>
      </trkpt>
      <trkpt lat="31.2808235920965671539306640625" lon="121.369336657226085662841796875">
        <ele>6.400000095367431640625</ele>
        <time>2026-05-30T00:52:25.000Z</time>
        <extensions>
          <ns3:TrackPointExtension>
            <ns3:hr>122</ns3:hr>
            <ns3:cad>80</ns3:cad>
          </ns3:TrackPointExtension>
        </extensions>
      </trkpt>
      <trkpt lat="31.2808074988424777984619140625" lon="121.369356103241443634033203125">
        <ele>6.400000095367431640625</ele>
        <time>2026-05-30T00:52:26.000Z</time>
        <extensions>
          <ns3:TrackPointExtension>
            <ns3:hr>122</ns3:hr>
            <ns3:cad>81</ns3:cad>
          </ns3:TrackPointExtension>
        </extensions>
      </trkpt>
      <trkpt lat="31.28079065121710300445556640625" lon="121.36937781237065792083740234375">
        <ele>6.400000095367431640625</ele>
        <time>2026-05-30T00:52:27.000Z</time>
        <extensions>
          <ns3:TrackPointExtension>
            <ns3:hr>122</ns3:hr>
            <ns3:cad>81</ns3:cad>
          </ns3:TrackPointExtension>
        </extensions>
      </trkpt>
      <trkpt lat="31.28077447414398193359375" lon="121.3693948276340961456298828125">
        <ele>6.400000095367431640625</ele>
        <time>2026-05-30T00:52:28.000Z</time>
        <extensions>
          <ns3:TrackPointExtension>
            <ns3:hr>122</ns3:hr>
            <ns3:cad>81</ns3:cad>
          </ns3:TrackPointExtension>
        </extensions>
      </trkpt>
      <trkpt lat="31.28075276501476764678955078125" lon="121.3694099150598049163818359375">
        <ele>6.400000095367431640625</ele>
        <time>2026-05-30T00:52:29.000Z</time>
        <extensions>
          <ns3:TrackPointExtension>
            <ns3:hr>123</ns3:hr>
            <ns3:cad>81</ns3:cad>
          </ns3:TrackPointExtension>
        </extensions>
      </trkpt>
      <trkpt lat="31.28072845749557018280029296875" lon="121.3694213144481182098388671875">
        <ele>6.599999904632568359375</ele>
        <time>2026-05-30T00:52:30.000Z</time>
        <extensions>
          <ns3:TrackPointExtension>
            <ns3:hr>123</ns3:hr>
            <ns3:cad>80</ns3:cad>
          </ns3:TrackPointExtension>
        </extensions>
      </trkpt>
      <trkpt lat="31.28070431761443614959716796875" lon="121.3694209791719913482666015625">
        <ele>6.599999904632568359375</ele>
        <time>2026-05-30T00:52:31.000Z</time>
        <extensions>
          <ns3:TrackPointExtension>
            <ns3:hr>123</ns3:hr>
            <ns3:cad>80</ns3:cad>
          </ns3:TrackPointExtension>
        </extensions>
      </trkpt>
      <trkpt lat="31.28067565150558948516845703125" lon="121.36940748430788516998291015625">
        <ele>6.599999904632568359375</ele>
        <time>2026-05-30T00:52:32.000Z</time>
        <extensions>
          <ns3:TrackPointExtension>
            <ns3:hr>124</ns3:hr>
            <ns3:cad>80</ns3:cad>
          </ns3:TrackPointExtension>
        </extensions>
      </trkpt>
      <trkpt lat="31.2806552834808826446533203125" lon="121.369386613368988037109375">
        <ele>6.400000095367431640625</ele>
        <time>2026-05-30T00:52:33.000Z</time>
        <extensions>
          <ns3:TrackPointExtension>
            <ns3:hr>124</ns3:hr>
            <ns3:cad>80</ns3:cad>
          </ns3:TrackPointExtension>
        </extensions>
      </trkpt>
      <trkpt lat="31.280637346208095550537109375" lon="121.36936540715396404266357421875">
        <ele>6.400000095367431640625</ele>
        <time>2026-05-30T00:52:34.000Z</time>
        <extensions>
          <ns3:TrackPointExtension>
            <ns3:hr>124</ns3:hr>
            <ns3:cad>80</ns3:cad>
          </ns3:TrackPointExtension>
        </extensions>
      </trkpt>
      <trkpt lat="31.2806217558681964874267578125" lon="121.36934076435863971710205078125">
        <ele>6.400000095367431640625</ele>
        <time>2026-05-30T00:52:35.000Z</time>
        <extensions>
          <ns3:TrackPointExtension>
            <ns3:hr>124</ns3:hr>
            <ns3:cad>80</ns3:cad>
          </ns3:TrackPointExtension>
        </extensions>
      </trkpt>
      <trkpt lat="31.2806059978902339935302734375" lon="121.36931830085813999176025390625">
        <ele>6.400000095367431640625</ele>
        <time>2026-05-30T00:52:36.000Z</time>
        <extensions>
          <ns3:TrackPointExtension>
            <ns3:hr>124</ns3:hr>
            <ns3:cad>81</ns3:cad>
          </ns3:TrackPointExtension>
        </extensions>
      </trkpt>
      <trkpt lat="31.28059065900743007659912109375" lon="121.3692979328334331512451171875">
        <ele>6.400000095367431640625</ele>
        <time>2026-05-30T00:52:37.000Z</time>
        <extensions>
          <ns3:TrackPointExtension>
            <ns3:hr>124</ns3:hr>
            <ns3:cad>81</ns3:cad>
          </ns3:TrackPointExtension>
        </extensions>
      </trkpt>
      <trkpt lat="31.280576996505260467529296875" lon="121.36927488259971141815185546875">
        <ele>6.400000095367431640625</ele>
        <time>2026-05-30T00:52:38.000Z</time>
        <extensions>
          <ns3:TrackPointExtension>
            <ns3:hr>124</ns3:hr>
            <ns3:cad>81</ns3:cad>
          </ns3:TrackPointExtension>
        </extensions>
      </trkpt>
      <trkpt lat="31.2805647589266300201416015625" lon="121.3692546822130680084228515625">
        <ele>6.400000095367431640625</ele>
        <time>2026-05-30T00:52:39.000Z</time>
        <extensions>
          <ns3:TrackPointExtension>
            <ns3:hr>124</ns3:hr>
            <ns3:cad>81</ns3:cad>
          </ns3:TrackPointExtension>
        </extensions>
      </trkpt>
      <trkpt lat="31.28055252134799957275390625" lon="121.3692345656454563140869140625">
        <ele>6.400000095367431640625</ele>
        <time>2026-05-30T00:52:40.000Z</time>
        <extensions>
          <ns3:TrackPointExtension>
            <ns3:hr>125</ns3:hr>
            <ns3:cad>81</ns3:cad>
          </ns3:TrackPointExtension>
        </extensions>
      </trkpt>
      <trkpt lat="31.2805389426648616790771484375" lon="121.36921470053493976593017578125">
        <ele>6.400000095367431640625</ele>
        <time>2026-05-30T00:52:41.000Z</time>
        <extensions>
          <ns3:TrackPointExtension>
            <ns3:hr>126</ns3:hr>
            <ns3:cad>81</ns3:cad>
          </ns3:TrackPointExtension>
        </extensions>
      </trkpt>
      <trkpt lat="31.28052301704883575439453125" lon="121.3691939972341060638427734375">
        <ele>6.400000095367431640625</ele>
        <time>2026-05-30T00:52:42.000Z</time>
        <extensions>
          <ns3:TrackPointExtension>
            <ns3:hr>126</ns3:hr>
            <ns3:cad>81</ns3:cad>
          </ns3:TrackPointExtension>
        </extensions>
      </trkpt>
      <trkpt lat="31.28050692379474639892578125" lon="121.369173713028430938720703125">
        <ele>6.400000095367431640625</ele>
        <time>2026-05-30T00:52:43.000Z</time>
        <extensions>
          <ns3:TrackPointExtension>
            <ns3:hr>127</ns3:hr>
            <ns3:cad>81</ns3:cad>
          </ns3:TrackPointExtension>
        </extensions>
      </trkpt>
      <trkpt lat="31.2804930098354816436767578125" lon="121.3691537640988826751708984375">
        <ele>6.400000095367431640625</ele>
        <time>2026-05-30T00:52:44.000Z</time>
        <extensions>
          <ns3:TrackPointExtension>
            <ns3:hr>127</ns3:hr>
            <ns3:cad>81</ns3:cad>
          </ns3:TrackPointExtension>
        </extensions>
      </trkpt>
      <trkpt lat="31.28047750331461429595947265625" lon="121.36913507245481014251708984375">
        <ele>6.599999904632568359375</ele>
        <time>2026-05-30T00:52:45.000Z</time>
        <extensions>
          <ns3:TrackPointExtension>
            <ns3:hr>127</ns3:hr>
            <ns3:cad>80</ns3:cad>
          </ns3:TrackPointExtension>
        </extensions>
      </trkpt>
      <trkpt lat="31.2804646790027618408203125" lon="121.3691135309636592864990234375">
        <ele>6.599999904632568359375</ele>
        <time>2026-05-30T00:52:46.000Z</time>
        <extensions>
          <ns3:TrackPointExtension>
            <ns3:hr>128</ns3:hr>
            <ns3:cad>80</ns3:cad>
          </ns3:TrackPointExtension>
        </extensions>
      </trkpt>
      <trkpt lat="31.2804487533867359161376953125" lon="121.369096934795379638671875">
        <ele>6.599999904632568359375</ele>
        <time>2026-05-30T00:52:47.000Z</time>
        <extensions>
          <ns3:TrackPointExtension>
            <ns3:hr>128</ns3:hr>
            <ns3:cad>81</ns3:cad>
          </ns3:TrackPointExtension>
        </extensions>
      </trkpt>
      <trkpt lat="31.280430816113948822021484375" lon="121.36908092536032199859619140625">
        <ele>6.400000095367431640625</ele>
        <time>2026-05-30T00:52:48.000Z</time>
        <extensions>
          <ns3:TrackPointExtension>
            <ns3:hr>128</ns3:hr>
            <ns3:cad>81</ns3:cad>
          </ns3:TrackPointExtension>
        </extensions>
      </trkpt>
      <trkpt lat="31.2804142199456691741943359375" lon="121.3690629042685031890869140625">
        <ele>6.400000095367431640625</ele>
        <time>2026-05-30T00:52:49.000Z</time>
        <extensions>
          <ns3:TrackPointExtension>
            <ns3:hr>127</ns3:hr>
            <ns3:cad>81</ns3:cad>
          </ns3:TrackPointExtension>
        </extensions>
      </trkpt>
      <trkpt lat="31.28039971925318241119384765625" lon="121.369048319756984710693359375">
        <ele>6.400000095367431640625</ele>
        <time>2026-05-30T00:52:50.000Z</time>
        <extensions>
          <ns3:TrackPointExtension>
            <ns3:hr>128</ns3:hr>
            <ns3:cad>81</ns3:cad>
          </ns3:TrackPointExtension>
        </extensions>
      </trkpt>
      <trkpt lat="31.28038228489458560943603515625" lon="121.36903029866516590118408203125">
        <ele>6.400000095367431640625</ele>
        <time>2026-05-30T00:52:51.000Z</time>
        <extensions>
          <ns3:TrackPointExtension>
            <ns3:hr>128</ns3:hr>
            <ns3:cad>81</ns3:cad>
          </ns3:TrackPointExtension>
        </extensions>
      </trkpt>
      <trkpt lat="31.2803659401834011077880859375" lon="121.36900909245014190673828125">
        <ele>6.400000095367431640625</ele>
        <time>2026-05-30T00:52:52.000Z</time>
        <extensions>
          <ns3:TrackPointExtension>
            <ns3:hr>128</ns3:hr>
            <ns3:cad>81</ns3:cad>
          </ns3:TrackPointExtension>
        </extensions>
      </trkpt>
      <trkpt lat="31.28035001456737518310546875" lon="121.36899526230990886688232421875">
        <ele>6.400000095367431640625</ele>
        <time>2026-05-30T00:52:53.000Z</time>
        <extensions>
          <ns3:TrackPointExtension>
            <ns3:hr>128</ns3:hr>
            <ns3:cad>81</ns3:cad>
          </ns3:TrackPointExtension>
        </extensions>
      </trkpt>
      <trkpt lat="31.2803310714662075042724609375" lon="121.36898101307451725006103515625">
        <ele>6.400000095367431640625</ele>
        <time>2026-05-30T00:52:54.000Z</time>
        <extensions>
          <ns3:TrackPointExtension>
            <ns3:hr>128</ns3:hr>
            <ns3:cad>81</ns3:cad>
          </ns3:TrackPointExtension>
        </extensions>
      </trkpt>
      <trkpt lat="31.28031321801245212554931640625" lon="121.36896458454430103302001953125">
        <ele>6.400000095367431640625</ele>
        <time>2026-05-30T00:52:55.000Z</time>
        <extensions>
          <ns3:TrackPointExtension>
            <ns3:hr>128</ns3:hr>
            <ns3:cad>81</ns3:cad>
          </ns3:TrackPointExtension>
        </extensions>
      </trkpt>
      <trkpt lat="31.28029813058674335479736328125" lon="121.36894832365214824676513671875">
        <ele>6.400000095367431640625</ele>
        <time>2026-05-30T00:52:56.000Z</time>
        <extensions>
          <ns3:TrackPointExtension>
            <ns3:hr>128</ns3:hr>
            <ns3:cad>81</ns3:cad>
          </ns3:TrackPointExtension>
        </extensions>
      </trkpt>
      <trkpt lat="31.280280612409114837646484375" lon="121.36892988346517086029052734375">
        <ele>6.599999904632568359375</ele>
        <time>2026-05-30T00:52:57.000Z</time>
        <extensions>
          <ns3:TrackPointExtension>
            <ns3:hr>129</ns3:hr>
            <ns3:cad>81</ns3:cad>
          </ns3:TrackPointExtension>
        </extensions>
      </trkpt>
      <trkpt lat="31.2802643515169620513916015625" lon="121.36891094036400318145751953125">
        <ele>6.599999904632568359375</ele>
        <time>2026-05-30T00:52:58.000Z</time>
        <extensions>
          <ns3:TrackPointExtension>
            <ns3:hr>129</ns3:hr>
            <ns3:cad>81</ns3:cad>
          </ns3:TrackPointExtension>
        </extensions>
      </trkpt>
      <trkpt lat="31.28024800680577754974365234375" lon="121.3688971102237701416015625">
        <ele>6.599999904632568359375</ele>
        <time>2026-05-30T00:52:59.000Z</time>
        <extensions>
          <ns3:TrackPointExtension>
            <ns3:hr>129</ns3:hr>
            <ns3:cad>81</ns3:cad>
          </ns3:TrackPointExtension>
        </extensions>
      </trkpt>
      <trkpt lat="31.2802286446094512939453125" lon="121.36888260953128337860107421875">
        <ele>6.599999904632568359375</ele>
        <time>2026-05-30T00:53:00.000Z</time>
        <extensions>
          <ns3:TrackPointExtension>
            <ns3:hr>129</ns3:hr>
            <ns3:cad>81</ns3:cad>
          </ns3:TrackPointExtension>
        </extensions>
      </trkpt>
      <trkpt lat="31.28021062351763248443603515625" lon="121.3688681088387966156005859375">
        <ele>6.599999904632568359375</ele>
        <time>2026-05-30T00:53:01.000Z</time>
        <extensions>
          <ns3:TrackPointExtension>
            <ns3:hr>130</ns3:hr>
            <ns3:cad>80</ns3:cad>
          </ns3:TrackPointExtension>
        </extensions>
      </trkpt>
      <trkpt lat="31.28019268624484539031982421875" lon="121.3688540272414684295654296875">
        <ele>6.599999904632568359375</ele>
        <time>2026-05-30T00:53:02.000Z</time>
        <extensions>
          <ns3:TrackPointExtension>
            <ns3:hr>130</ns3:hr>
            <ns3:cad>80</ns3:cad>
          </ns3:TrackPointExtension>
        </extensions>
      </trkpt>
      <trkpt lat="31.2801741622388362884521484375" lon="121.3688426278531551361083984375">
        <ele>6.400000095367431640625</ele>
        <time>2026-05-30T00:53:03.000Z</time>
        <extensions>
          <ns3:TrackPointExtension>
            <ns3:hr>130</ns3:hr>
            <ns3:cad>80</ns3:cad>
          </ns3:TrackPointExtension>
        </extensions>
      </trkpt>
      <trkpt lat="31.2801537103950977325439453125" lon="121.368832401931285858154296875">
        <ele>6.400000095367431640625</ele>
        <time>2026-05-30T00:53:04.000Z</time>
        <extensions>
          <ns3:TrackPointExtension>
            <ns3:hr>130</ns3:hr>
            <ns3:cad>81</ns3:cad>
          </ns3:TrackPointExtension>
        </extensions>
      </trkpt>
      <trkpt lat="31.2801349349319934844970703125" lon="121.3688273727893829345703125">
        <ele>6.400000095367431640625</ele>
        <time>2026-05-30T00:53:05.000Z</time>
        <extensions>
          <ns3:TrackPointExtension>
            <ns3:hr>130</ns3:hr>
            <ns3:cad>81</ns3:cad>
          </ns3:TrackPointExtension>
        </extensions>
      </trkpt>
      <trkpt lat="31.28011532127857208251953125" lon="121.36882527731359004974365234375">
        <ele>6.400000095367431640625</ele>
        <time>2026-05-30T00:53:06.000Z</time>
        <extensions>
          <ns3:TrackPointExtension>
            <ns3:hr>130</ns3:hr>
            <ns3:cad>81</ns3:cad>
          </ns3:TrackPointExtension>
        </extensions>
      </trkpt>
      <trkpt lat="31.28009386360645294189453125" lon="121.3688238523900508880615234375">
        <ele>6.400000095367431640625</ele>
        <time>2026-05-30T00:53:07.000Z</time>
        <extensions>
          <ns3:TrackPointExtension>
            <ns3:hr>129</ns3:hr>
            <ns3:cad>81</ns3:cad>
          </ns3:TrackPointExtension>
        </extensions>
      </trkpt>
      <trkpt lat="31.2800739146769046783447265625" lon="121.36882343329489231109619140625">
        <ele>6.400000095367431640625</ele>
        <time>2026-05-30T00:53:08.000Z</time>
        <extensions>
          <ns3:TrackPointExtension>
            <ns3:hr>129</ns3:hr>
            <ns3:cad>80</ns3:cad>
          </ns3:TrackPointExtension>
        </extensions>
      </trkpt>
      <trkpt lat="31.28005170263350009918212890625" lon="121.368823014199733734130859375">
        <ele>6.400000095367431640625</ele>
        <time>2026-05-30T00:53:09.000Z</time>
        <extensions>
          <ns3:TrackPointExtension>
            <ns3:hr>128</ns3:hr>
            <ns3:cad>81</ns3:cad>
          </ns3:TrackPointExtension>
        </extensions>
      </trkpt>
      <trkpt lat="31.2800299935042858123779296875" lon="121.3688220083713531494140625">
        <ele>6.400000095367431640625</ele>
        <time>2026-05-30T00:53:10.000Z</time>
        <extensions>
          <ns3:TrackPointExtension>
            <ns3:hr>128</ns3:hr>
            <ns3:cad>81</ns3:cad>
          </ns3:TrackPointExtension>
        </extensions>
      </trkpt>
      <trkpt lat="31.28000677563250064849853515625" lon="121.36881454847753047943115234375">
        <ele>6.400000095367431640625</ele>
        <time>2026-05-30T00:53:11.000Z</time>
        <extensions>
          <ns3:TrackPointExtension>
            <ns3:hr>128</ns3:hr>
            <ns3:cad>81</ns3:cad>
          </ns3:TrackPointExtension>
        </extensions>
      </trkpt>
      <trkpt lat="31.2799907661974430084228515625" lon="121.36879585683345794677734375">
        <ele>6.400000095367431640625</ele>
        <time>2026-05-30T00:53:12.000Z</time>
        <extensions>
          <ns3:TrackPointExtension>
            <ns3:hr>128</ns3:hr>
            <ns3:cad>81</ns3:cad>
          </ns3:TrackPointExtension>
        </extensions>
      </trkpt>
      <trkpt lat="31.28000007010996341705322265625" lon="121.3687656819820404052734375">
        <ele>6.400000095367431640625</ele>
        <time>2026-05-30T00:53:13.000Z</time>
        <extensions>
          <ns3:TrackPointExtension>
            <ns3:hr>128</ns3:hr>
            <ns3:cad>80</ns3:cad>
          </ns3:TrackPointExtension>
        </extensions>
      </trkpt>
      <trkpt lat="31.2800095416605472564697265625" lon="121.3687390275299549102783203125">
        <ele>6.400000095367431640625</ele>
        <time>2026-05-30T00:53:14.000Z</time>
        <extensions>
          <ns3:TrackPointExtension>
            <ns3:hr>128</ns3:hr>
            <ns3:cad>80</ns3:cad>
          </ns3:TrackPointExtension>
        </extensions>
      </trkpt>
      <trkpt lat="31.28001867793500423431396484375" lon="121.36871212162077426910400390625">
        <ele>6.19999980926513671875</ele>
        <time>2026-05-30T00:53:15.000Z</time>
        <extensions>
          <ns3:TrackPointExtension>
            <ns3:hr>128</ns3:hr>
            <ns3:cad>80</ns3:cad>
          </ns3:TrackPointExtension>
        </extensions>
      </trkpt>
      <trkpt lat="31.2800286523997783660888671875" lon="121.36869099922478199005126953125">
        <ele>6.19999980926513671875</ele>
        <time>2026-05-30T00:53:16.000Z</time>
        <extensions>
          <ns3:TrackPointExtension>
            <ns3:hr>128</ns3:hr>
            <ns3:cad>79</ns3:cad>
          </ns3:TrackPointExtension>
        </extensions>
      </trkpt>
      <trkpt lat="31.280041225254535675048828125" lon="121.36866920627653598785400390625">
        <ele>6.19999980926513671875</ele>
        <time>2026-05-30T00:53:17.000Z</time>
        <extensions>
          <ns3:TrackPointExtension>
            <ns3:hr>128</ns3:hr>
            <ns3:cad>78</ns3:cad>
          </ns3:TrackPointExtension>
        </extensions>
      </trkpt>
      <trkpt lat="31.2800564803183078765869140625" lon="121.36865009553730487823486328125">
        <ele>6.19999980926513671875</ele>
        <time>2026-05-30T00:53:18.000Z</time>
        <extensions>
          <ns3:TrackPointExtension>
            <ns3:hr>128</ns3:hr>
            <ns3:cad>78</ns3:cad>
          </ns3:TrackPointExtension>
        </extensions>
      </trkpt>
      <trkpt lat="31.280072070658206939697265625" lon="121.36863299645483493804931640625">
        <ele>6.400000095367431640625</ele>
        <time>2026-05-30T00:53:19.000Z</time>
        <extensions>
          <ns3:TrackPointExtension>
            <ns3:hr>128</ns3:hr>
            <ns3:cad>78</ns3:cad>
          </ns3:TrackPointExtension>
        </extensions>
      </trkpt>
      <trkpt lat="31.28008774481713771820068359375" lon="121.36861623264849185943603515625">
        <ele>6.400000095367431640625</ele>
        <time>2026-05-30T00:53:20.000Z</time>
        <extensions>
          <ns3:TrackPointExtension>
            <ns3:hr>128</ns3:hr>
            <ns3:cad>79</ns3:cad>
          </ns3:TrackPointExtension>
        </extensions>
      </trkpt>
      <trkpt lat="31.28010367043316364288330078125" lon="121.3686018995940685272216796875">
        <ele>6.400000095367431640625</ele>
        <time>2026-05-30T00:53:21.000Z</time>
        <extensions>
          <ns3:TrackPointExtension>
            <ns3:hr>128</ns3:hr>
            <ns3:cad>80</ns3:cad>
          </ns3:TrackPointExtension>
        </extensions>
      </trkpt>
      <trkpt lat="31.28011909313499927520751953125" lon="121.36858471669256687164306640625">
        <ele>6.400000095367431640625</ele>
        <time>2026-05-30T00:53:22.000Z</time>
        <extensions>
          <ns3:TrackPointExtension>
            <ns3:hr>128</ns3:hr>
            <ns3:cad>80</ns3:cad>
          </ns3:TrackPointExtension>
        </extensions>
      </trkpt>
      <trkpt lat="31.280133761465549468994140625" lon="121.3685713894665241241455078125">
        <ele>6.400000095367431640625</ele>
        <time>2026-05-30T00:53:23.000Z</time>
        <extensions>
          <ns3:TrackPointExtension>
            <ns3:hr>127</ns3:hr>
            <ns3:cad>80</ns3:cad>
          </ns3:TrackPointExtension>
        </extensions>
      </trkpt>
      <trkpt lat="31.2801530398428440093994140625" lon="121.36855722405016422271728515625">
        <ele>6.400000095367431640625</ele>
        <time>2026-05-30T00:53:24.000Z</time>
        <extensions>
          <ns3:TrackPointExtension>
            <ns3:hr>126</ns3:hr>
            <ns3:cad>80</ns3:cad>
          </ns3:TrackPointExtension>
        </extensions>
      </trkpt>
      <trkpt lat="31.28016871400177478790283203125" lon="121.368538029491901397705078125">
        <ele>6.19999980926513671875</ele>
        <time>2026-05-30T00:53:25.000Z</time>
        <extensions>
          <ns3:TrackPointExtension>
            <ns3:hr>125</ns3:hr>
            <ns3:cad>80</ns3:cad>
          </ns3:TrackPointExtension>
        </extensions>
      </trkpt>
      <trkpt lat="31.2801835499703884124755859375" lon="121.3685135543346405029296875">
        <ele>6.400000095367431640625</ele>
        <time>2026-05-30T00:53:26.000Z</time>
        <extensions>
          <ns3:TrackPointExtension>
            <ns3:hr>124</ns3:hr>
            <ns3:cad>80</ns3:cad>
          </ns3:TrackPointExtension>
        </extensions>
      </trkpt>
      <trkpt lat="31.28019285388290882110595703125" lon="121.36848740279674530029296875">
        <ele>6.400000095367431640625</ele>
        <time>2026-05-30T00:53:27.000Z</time>
        <extensions>
          <ns3:TrackPointExtension>
            <ns3:hr>123</ns3:hr>
            <ns3:cad>80</ns3:cad>
          </ns3:TrackPointExtension>
        </extensions>
      </trkpt>
      <trkpt lat="31.28018866293132305145263671875" lon="121.36846938170492649078369140625">
        <ele>6.400000095367431640625</ele>
        <time>2026-05-30T00:53:28.000Z</time>
        <extensions>
          <ns3:TrackPointExtension>
            <ns3:hr>122</ns3:hr>
            <ns3:cad>79</ns3:cad>
          </ns3:TrackPointExtension>
        </extensions>
      </trkpt>
      <trkpt lat="31.2801765091717243194580078125" lon="121.3684604130685329437255859375">
        <ele>6.400000095367431640625</ele>
        <time>2026-05-30T00:53:29.000Z</time>
        <extensions>
          <ns3:TrackPointExtension>
            <ns3:hr>122</ns3:hr>
            <ns3:cad>79</ns3:cad>
          </ns3:TrackPointExtension>
        </extensions>
      </trkpt>
      <trkpt lat="31.28015412949025630950927734375" lon="121.36846351437270641326904296875">
        <ele>6.599999904632568359375</ele>
        <time>2026-05-30T00:53:30.000Z</time>
        <extensions>
          <ns3:TrackPointExtension>
            <ns3:hr>122</ns3:hr>
            <ns3:cad>79</ns3:cad>
          </ns3:TrackPointExtension>
        </extensions>
      </trkpt>
      <trkpt lat="31.2801352702081203460693359375" lon="121.3684701360762119293212890625">
        <ele>6.599999904632568359375</ele>
        <time>2026-05-30T00:53:31.000Z</time>
        <extensions>
          <ns3:TrackPointExtension>
            <ns3:hr>122</ns3:hr>
            <ns3:cad>79</ns3:cad>
          </ns3:TrackPointExtension>
        </extensions>
      </trkpt>
      <trkpt lat="31.28011657856404781341552734375" lon="121.36848044581711292266845703125">
        <ele>6.599999904632568359375</ele>
        <time>2026-05-30T00:53:32.000Z</time>
        <extensions>
          <ns3:TrackPointExtension>
            <ns3:hr>122</ns3:hr>
            <ns3:cad>79</ns3:cad>
          </ns3:TrackPointExtension>
        </extensions>
      </trkpt>
      <trkpt lat="31.2800943665206432342529296875" lon="121.368488408625125885009765625">
        <ele>6.400000095367431640625</ele>
        <time>2026-05-30T00:53:33.000Z</time>
        <extensions>
          <ns3:TrackPointExtension>
            <ns3:hr>122</ns3:hr>
            <ns3:cad>79</ns3:cad>
          </ns3:TrackPointExtension>
        </extensions>
      </trkpt>
      <trkpt lat="31.28007316030561923980712890625" lon="121.3684959523379802703857421875">
        <ele>6.400000095367431640625</ele>
        <time>2026-05-30T00:53:34.000Z</time>
        <extensions>
          <ns3:TrackPointExtension>
            <ns3:hr>123</ns3:hr>
            <ns3:cad>79</ns3:cad>
          </ns3:TrackPointExtension>
        </extensions>
      </trkpt>
      <trkpt lat="31.2800524570047855377197265625" lon="121.368503831326961517333984375">
        <ele>6.400000095367431640625</ele>
        <time>2026-05-30T00:53:35.000Z</time>
        <extensions>
          <ns3:TrackPointExtension>
            <ns3:hr>123</ns3:hr>
            <ns3:cad>79</ns3:cad>
          </ns3:TrackPointExtension>
        </extensions>
      </trkpt>
      <trkpt lat="31.280031502246856689453125" lon="121.36851263232529163360595703125">
        <ele>6.400000095367431640625</ele>
        <time>2026-05-30T00:53:36.000Z</time>
        <extensions>
          <ns3:TrackPointExtension>
            <ns3:hr>124</ns3:hr>
            <ns3:cad>79</ns3:cad>
          </ns3:TrackPointExtension>
        </extensions>
      </trkpt>
      <trkpt lat="31.280010379850864410400390625" lon="121.36851900257170200347900390625">
        <ele>6.400000095367431640625</ele>
        <time>2026-05-30T00:53:37.000Z</time>
        <extensions>
          <ns3:TrackPointExtension>
            <ns3:hr>124</ns3:hr>
            <ns3:cad>80</ns3:cad>
          </ns3:TrackPointExtension>
        </extensions>
      </trkpt>
      <trkpt lat="31.27998917363584041595458984375" lon="121.36852084659039974212646484375">
        <ele>6.400000095367431640625</ele>
        <time>2026-05-30T00:53:38.000Z</time>
        <extensions>
          <ns3:TrackPointExtension>
            <ns3:hr>124</ns3:hr>
            <ns3:cad>80</ns3:cad>
          </ns3:TrackPointExtension>
        </extensions>
      </trkpt>
      <trkpt lat="31.27996779978275299072265625" lon="121.36851749382913112640380859375">
        <ele>6.400000095367431640625</ele>
        <time>2026-05-30T00:53:39.000Z</time>
        <extensions>
          <ns3:TrackPointExtension>
            <ns3:hr>124</ns3:hr>
            <ns3:cad>81</ns3:cad>
          </ns3:TrackPointExtension>
        </extensions>
      </trkpt>
      <trkpt lat="31.279948018491268157958984375" lon="121.368515230715274810791015625">
        <ele>6.400000095367431640625</ele>
        <time>2026-05-30T00:53:40.000Z</time>
        <extensions>
          <ns3:TrackPointExtension>
            <ns3:hr>124</ns3:hr>
            <ns3:cad>81</ns3:cad>
          </ns3:TrackPointExtension>
        </extensions>
      </trkpt>
      <trkpt lat="31.27992379479110240936279296875" lon="121.36851363815367221832275390625">
        <ele>6.400000095367431640625</ele>
        <time>2026-05-30T00:53:41.000Z</time>
        <extensions>
          <ns3:TrackPointExtension>
            <ns3:hr>124</ns3:hr>
            <ns3:cad>81</ns3:cad>
          </ns3:TrackPointExtension>
        </extensions>
      </trkpt>
      <trkpt lat="31.2799025885760784149169921875" lon="121.3685096986591815948486328125">
        <ele>6.400000095367431640625</ele>
        <time>2026-05-30T00:53:42.000Z</time>
        <extensions>
          <ns3:TrackPointExtension>
            <ns3:hr>124</ns3:hr>
            <ns3:cad>81</ns3:cad>
          </ns3:TrackPointExtension>
        </extensions>
      </trkpt>
      <trkpt lat="31.27988238818943500518798828125" lon="121.3685033284127712249755859375">
        <ele>6.400000095367431640625</ele>
        <time>2026-05-30T00:53:43.000Z</time>
        <extensions>
          <ns3:TrackPointExtension>
            <ns3:hr>125</ns3:hr>
            <ns3:cad>81</ns3:cad>
          </ns3:TrackPointExtension>
        </extensions>
      </trkpt>
      <trkpt lat="31.27986059524118900299072265625" lon="121.36849804781377315521240234375">
        <ele>6.400000095367431640625</ele>
        <time>2026-05-30T00:53:44.000Z</time>
        <extensions>
          <ns3:TrackPointExtension>
            <ns3:hr>126</ns3:hr>
            <ns3:cad>80</ns3:cad>
          </ns3:TrackPointExtension>
        </extensions>
      </trkpt>
      <trkpt lat="31.27983980812132358551025390625" lon="121.3684920966625213623046875">
        <ele>6.599999904632568359375</ele>
        <time>2026-05-30T00:53:45.000Z</time>
        <extensions>
          <ns3:TrackPointExtension>
            <ns3:hr>126</ns3:hr>
            <ns3:cad>80</ns3:cad>
          </ns3:TrackPointExtension>
        </extensions>
      </trkpt>
      <trkpt lat="31.27981969155371189117431640625" lon="121.36848270893096923828125">
        <ele>6.599999904632568359375</ele>
        <time>2026-05-30T00:53:46.000Z</time>
        <extensions>
          <ns3:TrackPointExtension>
            <ns3:hr>126</ns3:hr>
            <ns3:cad>79</ns3:cad>
          </ns3:TrackPointExtension>
        </extensions>
      </trkpt>
      <trkpt lat="31.27979655750095844268798828125" lon="121.36847323738038539886474609375">
        <ele>6.599999904632568359375</ele>
        <time>2026-05-30T00:53:47.000Z</time>
        <extensions>
          <ns3:TrackPointExtension>
            <ns3:hr>127</ns3:hr>
            <ns3:cad>78</ns3:cad>
          </ns3:TrackPointExtension>
        </extensions>
      </trkpt>
      <trkpt lat="31.27977778203785419464111328125" lon="121.368460245430469512939453125">
        <ele>6.400000095367431640625</ele>
        <time>2026-05-30T00:53:48.000Z</time>
        <extensions>
          <ns3:TrackPointExtension>
            <ns3:hr>127</ns3:hr>
            <ns3:cad>78</ns3:cad>
          </ns3:TrackPointExtension>
        </extensions>
      </trkpt>
      <trkpt lat="31.2797597609460353851318359375" lon="121.36844524182379245758056640625">
        <ele>6.400000095367431640625</ele>
        <time>2026-05-30T00:53:49.000Z</time>
        <extensions>
          <ns3:TrackPointExtension>
            <ns3:hr>127</ns3:hr>
            <ns3:cad>79</ns3:cad>
          </ns3:TrackPointExtension>
        </extensions>
      </trkpt>
      <trkpt lat="31.2797399796545505523681640625" lon="121.3684299029409885406494140625">
        <ele>6.400000095367431640625</ele>
        <time>2026-05-30T00:53:50.000Z</time>
        <extensions>
          <ns3:TrackPointExtension>
            <ns3:hr>127</ns3:hr>
            <ns3:cad>80</ns3:cad>
          </ns3:TrackPointExtension>
        </extensions>
      </trkpt>
      <trkpt lat="31.279722042381763458251953125" lon="121.3684134744107723236083984375">
        <ele>6.400000095367431640625</ele>
        <time>2026-05-30T00:53:51.000Z</time>
        <extensions>
          <ns3:TrackPointExtension>
            <ns3:hr>127</ns3:hr>
            <ns3:cad>80</ns3:cad>
          </ns3:TrackPointExtension>
        </extensions>
      </trkpt>
      <trkpt lat="31.2797034345567226409912109375" lon="121.368399560451507568359375">
        <ele>6.599999904632568359375</ele>
        <time>2026-05-30T00:53:52.000Z</time>
        <extensions>
          <ns3:TrackPointExtension>
            <ns3:hr>127</ns3:hr>
            <ns3:cad>80</ns3:cad>
          </ns3:TrackPointExtension>
        </extensions>
      </trkpt>
      <trkpt lat="31.27968172542750835418701171875" lon="121.368388496339321136474609375">
        <ele>6.599999904632568359375</ele>
        <time>2026-05-30T00:53:53.000Z</time>
        <extensions>
          <ns3:TrackPointExtension>
            <ns3:hr>128</ns3:hr>
            <ns3:cad>80</ns3:cad>
          </ns3:TrackPointExtension>
        </extensions>
      </trkpt>
      <trkpt lat="31.2796600162982940673828125" lon="121.36838975362479686737060546875">
        <ele>6.599999904632568359375</ele>
        <time>2026-05-30T00:53:54.000Z</time>
        <extensions>
          <ns3:TrackPointExtension>
            <ns3:hr>128</ns3:hr>
            <ns3:cad>80</ns3:cad>
          </ns3:TrackPointExtension>
        </extensions>
      </trkpt>
      <trkpt lat="31.2796420790255069732666015625" lon="121.36840148828923702239990234375">
        <ele>6.599999904632568359375</ele>
        <time>2026-05-30T00:53:55.000Z</time>
        <extensions>
          <ns3:TrackPointExtension>
            <ns3:hr>128</ns3:hr>
            <ns3:cad>80</ns3:cad>
          </ns3:TrackPointExtension>
        </extensions>
      </trkpt>
      <trkpt lat="31.27962791360914707183837890625" lon="121.368424035608768463134765625">
        <ele>6.400000095367431640625</ele>
        <time>2026-05-30T00:53:56.000Z</time>
        <extensions>
          <ns3:TrackPointExtension>
            <ns3:hr>128</ns3:hr>
            <ns3:cad>80</ns3:cad>
          </ns3:TrackPointExtension>
        </extensions>
      </trkpt>
      <trkpt lat="31.27961500547826290130615234375" lon="121.36844926513731479644775390625">
        <ele>6.400000095367431640625</ele>
        <time>2026-05-30T00:53:57.000Z</time>
        <extensions>
          <ns3:TrackPointExtension>
            <ns3:hr>128</ns3:hr>
            <ns3:cad>80</ns3:cad>
          </ns3:TrackPointExtension>
        </extensions>
      </trkpt>
      <trkpt lat="31.2796068750321865081787109375" lon="121.36847223155200481414794921875">
        <ele>6.400000095367431640625</ele>
        <time>2026-05-30T00:53:58.000Z</time>
        <extensions>
          <ns3:TrackPointExtension>
            <ns3:hr>128</ns3:hr>
            <ns3:cad>79</ns3:cad>
          </ns3:TrackPointExtension>
        </extensions>
      </trkpt>
      <trkpt lat="31.27960042096674442291259765625" lon="121.36849679052829742431640625">
        <ele>6.400000095367431640625</ele>
        <time>2026-05-30T00:53:59.000Z</time>
        <extensions>
          <ns3:TrackPointExtension>
            <ns3:hr>128</ns3:hr>
            <ns3:cad>79</ns3:cad>
          </ns3:TrackPointExtension>
        </extensions>
      </trkpt>
      <trkpt lat="31.27959229052066802978515625" lon="121.3685210980474948883056640625">
        <ele>6.400000095367431640625</ele>
        <time>2026-05-30T00:54:00.000Z</time>
        <extensions>
          <ns3:TrackPointExtension>
            <ns3:hr>128</ns3:hr>
            <ns3:cad>79</ns3:cad>
          </ns3:TrackPointExtension>
        </extensions>
      </trkpt>
      <trkpt lat="31.27958700992166996002197265625" lon="121.36854263953864574432373046875">
        <ele>6.400000095367431640625</ele>
        <time>2026-05-30T00:54:01.000Z</time>
        <extensions>
          <ns3:TrackPointExtension>
            <ns3:hr>128</ns3:hr>
            <ns3:cad>80</ns3:cad>
          </ns3:TrackPointExtension>
        </extensions>
      </trkpt>
      <trkpt lat="31.27958097495138645172119140625" lon="121.36856627650558948516845703125">
        <ele>6.400000095367431640625</ele>
        <time>2026-05-30T00:54:02.000Z</time>
        <extensions>
          <ns3:TrackPointExtension>
            <ns3:hr>128</ns3:hr>
            <ns3:cad>80</ns3:cad>
          </ns3:TrackPointExtension>
        </extensions>
      </trkpt>
      <trkpt lat="31.27957426942884922027587890625" lon="121.3685898296535015106201171875">
        <ele>6.400000095367431640625</ele>
        <time>2026-05-30T00:54:03.000Z</time>
        <extensions>
          <ns3:TrackPointExtension>
            <ns3:hr>127</ns3:hr>
            <ns3:cad>80</ns3:cad>
          </ns3:TrackPointExtension>
        </extensions>
      </trkpt>
      <trkpt lat="31.27956907264888286590576171875" lon="121.368608772754669189453125">
        <ele>6.599999904632568359375</ele>
        <time>2026-05-30T00:54:04.000Z</time>
        <extensions>
          <ns3:TrackPointExtension>
            <ns3:hr>128</ns3:hr>
            <ns3:cad>80</ns3:cad>
          </ns3:TrackPointExtension>
        </extensions>
      </trkpt>
      <trkpt lat="31.2795636244118213653564453125" lon="121.3686324097216129302978515625">
        <ele>6.599999904632568359375</ele>
        <time>2026-05-30T00:54:05.000Z</time>
        <extensions>
          <ns3:TrackPointExtension>
            <ns3:hr>128</ns3:hr>
            <ns3:cad>80</ns3:cad>
          </ns3:TrackPointExtension>
        </extensions>
      </trkpt>
      <trkpt lat="31.27955415286123752593994140625" lon="121.36865512467920780181884765625">
        <ele>6.599999904632568359375</ele>
        <time>2026-05-30T00:54:06.000Z</time>
        <extensions>
          <ns3:TrackPointExtension>
            <ns3:hr>128</ns3:hr>
            <ns3:cad>80</ns3:cad>
          </ns3:TrackPointExtension>
        </extensions>
      </trkpt>
      <trkpt lat="31.2795445136725902557373046875" lon="121.36867758817970752716064453125">
        <ele>6.599999904632568359375</ele>
        <time>2026-05-30T00:54:07.000Z</time>
        <extensions>
          <ns3:TrackPointExtension>
            <ns3:hr>128</ns3:hr>
            <ns3:cad>81</ns3:cad>
          </ns3:TrackPointExtension>
        </extensions>
      </trkpt>
      <trkpt lat="31.27953437156975269317626953125" lon="121.36870139278471469879150390625">
        <ele>6.599999904632568359375</ele>
        <time>2026-05-30T00:54:08.000Z</time>
        <extensions>
          <ns3:TrackPointExtension>
            <ns3:hr>128</ns3:hr>
            <ns3:cad>81</ns3:cad>
          </ns3:TrackPointExtension>
        </extensions>
      </trkpt>
      <trkpt lat="31.27951928414404392242431640625" lon="121.36872301809489727020263671875">
        <ele>6.599999904632568359375</ele>
        <time>2026-05-30T00:54:09.000Z</time>
        <extensions>
          <ns3:TrackPointExtension>
            <ns3:hr>128</ns3:hr>
            <ns3:cad>81</ns3:cad>
          </ns3:TrackPointExtension>
        </extensions>
      </trkpt>
      <trkpt lat="31.2795019336044788360595703125" lon="121.36874062009155750274658203125">
        <ele>6.80000019073486328125</ele>
        <time>2026-05-30T00:54:10.000Z</time>
        <extensions>
          <ns3:TrackPointExtension>
            <ns3:hr>129</ns3:hr>
            <ns3:cad>80</ns3:cad>
          </ns3:TrackPointExtension>
        </extensions>
      </trkpt>
      <trkpt lat="31.27948055975139141082763671875" lon="121.368756629526615142822265625">
        <ele>6.80000019073486328125</ele>
        <time>2026-05-30T00:54:11.000Z</time>
        <extensions>
          <ns3:TrackPointExtension>
            <ns3:hr>129</ns3:hr>
            <ns3:cad>80</ns3:cad>
          </ns3:TrackPointExtension>
        </extensions>
      </trkpt>
      <trkpt lat="31.27946211956441402435302734375" lon="121.3687671907246112823486328125">
        <ele>6.599999904632568359375</ele>
        <time>2026-05-30T00:54:12.000Z</time>
        <extensions>
          <ns3:TrackPointExtension>
            <ns3:hr>129</ns3:hr>
            <ns3:cad>80</ns3:cad>
          </ns3:TrackPointExtension>
        </extensions>
      </trkpt>
      <trkpt lat="31.27944502048194408416748046875" lon="121.3687829487025737762451171875">
        <ele>6.599999904632568359375</ele>
        <time>2026-05-30T00:54:13.000Z</time>
        <extensions>
          <ns3:TrackPointExtension>
            <ns3:hr>129</ns3:hr>
            <ns3:cad>80</ns3:cad>
          </ns3:TrackPointExtension>
        </extensions>
      </trkpt>
      <trkpt lat="31.279423646628856658935546875" lon="121.3687977008521556854248046875">
        <ele>6.599999904632568359375</ele>
        <time>2026-05-30T00:54:14.000Z</time>
        <extensions>
          <ns3:TrackPointExtension>
            <ns3:hr>129</ns3:hr>
            <ns3:cad>80</ns3:cad>
          </ns3:TrackPointExtension>
        </extensions>
      </trkpt>
      <trkpt lat="31.27940453588962554931640625" lon="121.36880868114531040191650390625">
        <ele>6.599999904632568359375</ele>
        <time>2026-05-30T00:54:15.000Z</time>
        <extensions>
          <ns3:TrackPointExtension>
            <ns3:hr>129</ns3:hr>
            <ns3:cad>79</ns3:cad>
          </ns3:TrackPointExtension>
        </extensions>
      </trkpt>
      <trkpt lat="31.2793837487697601318359375" lon="121.368818320333957672119140625">
        <ele>6.80000019073486328125</ele>
        <time>2026-05-30T00:54:16.000Z</time>
        <extensions>
          <ns3:TrackPointExtension>
            <ns3:hr>129</ns3:hr>
            <ns3:cad>79</ns3:cad>
          </ns3:TrackPointExtension>
        </extensions>
      </trkpt>
      <trkpt lat="31.279361285269260406494140625" lon="121.36882309801876544952392578125">
        <ele>6.80000019073486328125</ele>
        <time>2026-05-30T00:54:17.000Z</time>
        <extensions>
          <ns3:TrackPointExtension>
            <ns3:hr>128</ns3:hr>
            <ns3:cad>79</ns3:cad>
          </ns3:TrackPointExtension>
        </extensions>
      </trkpt>
      <trkpt lat="31.2793379835784435272216796875" lon="121.3688220083713531494140625">
        <ele>7</ele>
        <time>2026-05-30T00:54:18.000Z</time>
        <extensions>
          <ns3:TrackPointExtension>
            <ns3:hr>128</ns3:hr>
            <ns3:cad>79</ns3:cad>
          </ns3:TrackPointExtension>
        </extensions>
      </trkpt>
      <trkpt lat="31.2793171964585781097412109375" lon="121.36882008053362369537353515625">
        <ele>7</ele>
        <time>2026-05-30T00:54:19.000Z</time>
        <extensions>
          <ns3:TrackPointExtension>
            <ns3:hr>128</ns3:hr>
            <ns3:cad>79</ns3:cad>
          </ns3:TrackPointExtension>
        </extensions>
      </trkpt>
      <trkpt lat="31.2792957387864589691162109375" lon="121.36881471611559391021728515625">
        <ele>7.19999980926513671875</ele>
        <time>2026-05-30T00:54:20.000Z</time>
        <extensions>
          <ns3:TrackPointExtension>
            <ns3:hr>128</ns3:hr>
            <ns3:cad>79</ns3:cad>
          </ns3:TrackPointExtension>
        </extensions>
      </trkpt>
      <trkpt lat="31.2792749516665935516357421875" lon="121.36880583129823207855224609375">
        <ele>7.19999980926513671875</ele>
        <time>2026-05-30T00:54:21.000Z</time>
        <extensions>
          <ns3:TrackPointExtension>
            <ns3:hr>128</ns3:hr>
            <ns3:cad>79</ns3:cad>
          </ns3:TrackPointExtension>
        </extensions>
      </trkpt>
      <trkpt lat="31.27925701439380645751953125" lon="121.3687990419566631317138671875">
        <ele>7.400000095367431640625</ele>
        <time>2026-05-30T00:54:22.000Z</time>
        <extensions>
          <ns3:TrackPointExtension>
            <ns3:hr>128</ns3:hr>
            <ns3:cad>79</ns3:cad>
          </ns3:TrackPointExtension>
        </extensions>
      </trkpt>
      <trkpt lat="31.27923413179814815521240234375" lon="121.36879426427185535430908203125">
        <ele>7.400000095367431640625</ele>
        <time>2026-05-30T00:54:23.000Z</time>
        <extensions>
          <ns3:TrackPointExtension>
            <ns3:hr>128</ns3:hr>
            <ns3:cad>79</ns3:cad>
          </ns3:TrackPointExtension>
        </extensions>
      </trkpt>
      <trkpt lat="31.27921150065958499908447265625" lon="121.3687873072922229766845703125">
        <ele>7.599999904632568359375</ele>
        <time>2026-05-30T00:54:24.000Z</time>
        <extensions>
          <ns3:TrackPointExtension>
            <ns3:hr>128</ns3:hr>
            <ns3:cad>79</ns3:cad>
          </ns3:TrackPointExtension>
        </extensions>
      </trkpt>
      <trkpt lat="31.27919121645390987396240234375" lon="121.36878051795065402984619140625">
        <ele>7.599999904632568359375</ele>
        <time>2026-05-30T00:54:25.000Z</time>
        <extensions>
          <ns3:TrackPointExtension>
            <ns3:hr>128</ns3:hr>
            <ns3:cad>79</ns3:cad>
          </ns3:TrackPointExtension>
        </extensions>
      </trkpt>
      <trkpt lat="31.2791713513433933258056640625" lon="121.36876995675265789031982421875">
        <ele>7.80000019073486328125</ele>
        <time>2026-05-30T00:54:26.000Z</time>
        <extensions>
          <ns3:TrackPointExtension>
            <ns3:hr>128</ns3:hr>
            <ns3:cad>79</ns3:cad>
          </ns3:TrackPointExtension>
        </extensions>
      </trkpt>
      <trkpt lat="31.27915265969932079315185546875" lon="121.368758641183376312255859375">
        <ele>7.80000019073486328125</ele>
        <time>2026-05-30T00:54:27.000Z</time>
        <extensions>
          <ns3:TrackPointExtension>
            <ns3:hr>129</ns3:hr>
            <ns3:cad>79</ns3:cad>
          </ns3:TrackPointExtension>
        </extensions>
      </trkpt>
      <trkpt lat="31.2791331298649311065673828125" lon="121.3687500916421413421630859375">
        <ele>8</ele>
        <time>2026-05-30T00:54:28.000Z</time>
        <extensions>
          <ns3:TrackPointExtension>
            <ns3:hr>129</ns3:hr>
            <ns3:cad>79</ns3:cad>
          </ns3:TrackPointExtension>
        </extensions>
      </trkpt>
      <trkpt lat="31.2791113369166851043701171875" lon="121.36874011717736721038818359375">
        <ele>8</ele>
        <time>2026-05-30T00:54:29.000Z</time>
        <extensions>
          <ns3:TrackPointExtension>
            <ns3:hr>130</ns3:hr>
            <ns3:cad>79</ns3:cad>
          </ns3:TrackPointExtension>
        </extensions>
      </trkpt>
      <trkpt lat="31.27909264527261257171630859375" lon="121.36873123236000537872314453125">
        <ele>8.19999980926513671875</ele>
        <time>2026-05-30T00:54:30.000Z</time>
        <extensions>
          <ns3:TrackPointExtension>
            <ns3:hr>130</ns3:hr>
            <ns3:cad>79</ns3:cad>
          </ns3:TrackPointExtension>
        </extensions>
      </trkpt>
      <trkpt lat="31.27907252870500087738037109375" lon="121.36872201226651668548583984375">
        <ele>8.19999980926513671875</ele>
        <time>2026-05-30T00:54:31.000Z</time>
        <extensions>
          <ns3:TrackPointExtension>
            <ns3:hr>130</ns3:hr>
            <ns3:cad>79</ns3:cad>
          </ns3:TrackPointExtension>
        </extensions>
      </trkpt>
      <trkpt lat="31.27905308268964290618896484375" lon="121.36871010996401309967041015625">
        <ele>8.19999980926513671875</ele>
        <time>2026-05-30T00:54:32.000Z</time>
        <extensions>
          <ns3:TrackPointExtension>
            <ns3:hr>130</ns3:hr>
            <ns3:cad>79</ns3:cad>
          </ns3:TrackPointExtension>
        </extensions>
      </trkpt>
      <trkpt lat="31.2790312059223651885986328125" lon="121.368699967861175537109375">
        <ele>8.3999996185302734375</ele>
        <time>2026-05-30T00:54:33.000Z</time>
        <extensions>
          <ns3:TrackPointExtension>
            <ns3:hr>131</ns3:hr>
            <ns3:cad>79</ns3:cad>
          </ns3:TrackPointExtension>
        </extensions>
      </trkpt>
      <trkpt lat="31.27901025116443634033203125" lon="121.36869032867252826690673828125">
        <ele>8.6000003814697265625</ele>
        <time>2026-05-30T00:54:34.000Z</time>
        <extensions>
          <ns3:TrackPointExtension>
            <ns3:hr>130</ns3:hr>
            <ns3:cad>79</ns3:cad>
          </ns3:TrackPointExtension>
        </extensions>
      </trkpt>
      <trkpt lat="31.2789916433393955230712890625" lon="121.36867809109389781951904296875">
        <ele>8.80000019073486328125</ele>
        <time>2026-05-30T00:54:35.000Z</time>
        <extensions>
          <ns3:TrackPointExtension>
            <ns3:hr>131</ns3:hr>
            <ns3:cad>79</ns3:cad>
          </ns3:TrackPointExtension>
        </extensions>
      </trkpt>
      <trkpt lat="31.27897496335208415985107421875" lon="121.36866652406752109527587890625">
        <ele>8.80000019073486328125</ele>
        <time>2026-05-30T00:54:36.000Z</time>
        <extensions>
          <ns3:TrackPointExtension>
            <ns3:hr>131</ns3:hr>
            <ns3:cad>79</ns3:cad>
          </ns3:TrackPointExtension>
        </extensions>
      </trkpt>
      <trkpt lat="31.2789571098983287811279296875" lon="121.3686545379459857940673828125">
        <ele>9</ele>
        <time>2026-05-30T00:54:37.000Z</time>
        <extensions>
          <ns3:TrackPointExtension>
            <ns3:hr>131</ns3:hr>
            <ns3:cad>80</ns3:cad>
          </ns3:TrackPointExtension>
        </extensions>
      </trkpt>
      <trkpt lat="31.2789386697113513946533203125" lon="121.3686384446918964385986328125">
        <ele>9</ele>
        <time>2026-05-30T00:54:38.000Z</time>
        <extensions>
          <ns3:TrackPointExtension>
            <ns3:hr>131</ns3:hr>
            <ns3:cad>81</ns3:cad>
          </ns3:TrackPointExtension>
        </extensions>
      </trkpt>
      <trkpt lat="31.27892014570534229278564453125" lon="121.36862553656101226806640625">
        <ele>9.19999980926513671875</ele>
        <time>2026-05-30T00:54:39.000Z</time>
        <extensions>
          <ns3:TrackPointExtension>
            <ns3:hr>132</ns3:hr>
            <ns3:cad>81</ns3:cad>
          </ns3:TrackPointExtension>
        </extensions>
      </trkpt>
      <trkpt lat="31.27890153788030147552490234375" lon="121.36861405335366725921630859375">
        <ele>9.19999980926513671875</ele>
        <time>2026-05-30T00:54:40.000Z</time>
        <extensions>
          <ns3:TrackPointExtension>
            <ns3:hr>132</ns3:hr>
            <ns3:cad>81</ns3:cad>
          </ns3:TrackPointExtension>
        </extensions>
      </trkpt>
      <trkpt lat="31.2788836844265460968017578125" lon="121.36859812773764133453369140625">
        <ele>9.19999980926513671875</ele>
        <time>2026-05-30T00:54:41.000Z</time>
        <extensions>
          <ns3:TrackPointExtension>
            <ns3:hr>133</ns3:hr>
            <ns3:cad>81</ns3:cad>
          </ns3:TrackPointExtension>
        </extensions>
      </trkpt>
      <trkpt lat="31.27886566333472728729248046875" lon="121.36858270503580570220947265625">
        <ele>9.3999996185302734375</ele>
        <time>2026-05-30T00:54:42.000Z</time>
        <extensions>
          <ns3:TrackPointExtension>
            <ns3:hr>133</ns3:hr>
            <ns3:cad>81</ns3:cad>
          </ns3:TrackPointExtension>
        </extensions>
      </trkpt>
      <trkpt lat="31.27884873189032077789306640625" lon="121.3685687072575092315673828125">
        <ele>9.3999996185302734375</ele>
        <time>2026-05-30T00:54:43.000Z</time>
        <extensions>
          <ns3:TrackPointExtension>
            <ns3:hr>133</ns3:hr>
            <ns3:cad>81</ns3:cad>
          </ns3:TrackPointExtension>
        </extensions>
      </trkpt>
      <trkpt lat="31.2788312137126922607421875" lon="121.36855219490826129913330078125">
        <ele>9.3999996185302734375</ele>
        <time>2026-05-30T00:54:44.000Z</time>
        <extensions>
          <ns3:TrackPointExtension>
            <ns3:hr>133</ns3:hr>
            <ns3:cad>81</ns3:cad>
          </ns3:TrackPointExtension>
        </extensions>
      </trkpt>
      <trkpt lat="31.2788151204586029052734375" lon="121.36853710748255252838134765625">
        <ele>9.3999996185302734375</ele>
        <time>2026-05-30T00:54:45.000Z</time>
        <extensions>
          <ns3:TrackPointExtension>
            <ns3:hr>133</ns3:hr>
            <ns3:cad>81</ns3:cad>
          </ns3:TrackPointExtension>
        </extensions>
      </trkpt>
      <trkpt lat="31.2787971831858158111572265625" lon="121.36852319352328777313232421875">
        <ele>9.3999996185302734375</ele>
        <time>2026-05-30T00:54:46.000Z</time>
        <extensions>
          <ns3:TrackPointExtension>
            <ns3:hr>133</ns3:hr>
            <ns3:cad>81</ns3:cad>
          </ns3:TrackPointExtension>
        </extensions>
      </trkpt>
      <trkpt lat="31.27878268249332904815673828125" lon="121.3685039989650249481201171875">
        <ele>9.6000003814697265625</ele>
        <time>2026-05-30T00:54:47.000Z</time>
        <extensions>
          <ns3:TrackPointExtension>
            <ns3:hr>133</ns3:hr>
            <ns3:cad>81</ns3:cad>
          </ns3:TrackPointExtension>
        </extensions>
      </trkpt>
      <trkpt lat="31.27876960672438144683837890625" lon="121.36848715133965015411376953125">
        <ele>9.6000003814697265625</ele>
        <time>2026-05-30T00:54:48.000Z</time>
        <extensions>
          <ns3:TrackPointExtension>
            <ns3:hr>133</ns3:hr>
            <ns3:cad>81</ns3:cad>
          </ns3:TrackPointExtension>
        </extensions>
      </trkpt>
      <trkpt lat="31.278753764927387237548828125" lon="121.36846938170492649078369140625">
        <ele>9.6000003814697265625</ele>
        <time>2026-05-30T00:54:49.000Z</time>
        <extensions>
          <ns3:TrackPointExtension>
            <ns3:hr>132</ns3:hr>
            <ns3:cad>81</ns3:cad>
          </ns3:TrackPointExtension>
        </extensions>
      </trkpt>
      <trkpt lat="31.27873825840651988983154296875" lon="121.368452198803424835205078125">
        <ele>9.80000019073486328125</ele>
        <time>2026-05-30T00:54:50.000Z</time>
        <extensions>
          <ns3:TrackPointExtension>
            <ns3:hr>132</ns3:hr>
            <ns3:cad>80</ns3:cad>
          </ns3:TrackPointExtension>
        </extensions>
      </trkpt>
      <trkpt lat="31.27872250042855739593505859375" lon="121.36844540946185588836669921875">
        <ele>10</ele>
        <time>2026-05-30T00:54:51.000Z</time>
        <extensions>
          <ns3:TrackPointExtension>
            <ns3:hr>132</ns3:hr>
            <ns3:cad>80</ns3:cad>
          </ns3:TrackPointExtension>
        </extensions>
      </trkpt>
      <trkpt lat="31.278708837926387786865234375" lon="121.3684550486505031585693359375">
        <ele>10</ele>
        <time>2026-05-30T00:54:52.000Z</time>
        <extensions>
          <ns3:TrackPointExtension>
            <ns3:hr>132</ns3:hr>
            <ns3:cad>80</ns3:cad>
          </ns3:TrackPointExtension>
        </extensions>
      </trkpt>
      <trkpt lat="31.2787093408405780792236328125" lon="121.36848212219774723052978515625">
        <ele>10.19999980926513671875</ele>
        <time>2026-05-30T00:54:53.000Z</time>
        <extensions>
          <ns3:TrackPointExtension>
            <ns3:hr>133</ns3:hr>
            <ns3:cad>80</ns3:cad>
          </ns3:TrackPointExtension>
        </extensions>
      </trkpt>
      <trkpt lat="31.27871462143957614898681640625" lon="121.3685103692114353179931640625">
        <ele>10.19999980926513671875</ele>
        <time>2026-05-30T00:54:54.000Z</time>
        <extensions>
          <ns3:TrackPointExtension>
            <ns3:hr>133</ns3:hr>
            <ns3:cad>80</ns3:cad>
          </ns3:TrackPointExtension>
        </extensions>
      </trkpt>
      <trkpt lat="31.2787237577140331268310546875" lon="121.36853056959807872772216796875">
        <ele>10.19999980926513671875</ele>
        <time>2026-05-30T00:54:55.000Z</time>
        <extensions>
          <ns3:TrackPointExtension>
            <ns3:hr>133</ns3:hr>
            <ns3:cad>80</ns3:cad>
          </ns3:TrackPointExtension>
        </extensions>
      </trkpt>
      <trkpt lat="31.27872853539884090423583984375" lon="121.3685559667646884918212890625">
        <ele>10.19999980926513671875</ele>
        <time>2026-05-30T00:54:56.000Z</time>
        <extensions>
          <ns3:TrackPointExtension>
            <ns3:hr>133</ns3:hr>
            <ns3:cad>78</ns3:cad>
          </ns3:TrackPointExtension>
        </extensions>
      </trkpt>
      <trkpt lat="31.27873339690268039703369140625" lon="121.3685814477503299713134765625">
        <ele>10.19999980926513671875</ele>
        <time>2026-05-30T00:54:57.000Z</time>
        <extensions>
          <ns3:TrackPointExtension>
            <ns3:hr>133</ns3:hr>
            <ns3:cad>77</ns3:cad>
          </ns3:TrackPointExtension>
        </extensions>
      </trkpt>
      <trkpt lat="31.2787401862442493438720703125" lon="121.36860416270792484283447265625">
        <ele>10.19999980926513671875</ele>
        <time>2026-05-30T00:54:58.000Z</time>
        <extensions>
          <ns3:TrackPointExtension>
            <ns3:hr>134</ns3:hr>
            <ns3:cad>77</ns3:cad>
          </ns3:TrackPointExtension>
        </extensions>
      </trkpt>
      <trkpt lat="31.278743036091327667236328125" lon="121.36863115243613719940185546875">
        <ele>10.19999980926513671875</ele>
        <time>2026-05-30T00:54:59.000Z</time>
        <extensions>
          <ns3:TrackPointExtension>
            <ns3:hr>134</ns3:hr>
            <ns3:cad>78</ns3:cad>
          </ns3:TrackPointExtension>
        </extensions>
      </trkpt>
      <trkpt lat="31.27874647267162799835205078125" lon="121.36865906417369842529296875">
        <ele>10.19999980926513671875</ele>
        <time>2026-05-30T00:55:00.000Z</time>
        <extensions>
          <ns3:TrackPointExtension>
            <ns3:hr>134</ns3:hr>
            <ns3:cad>79</ns3:cad>
          </ns3:TrackPointExtension>
        </extensions>
      </trkpt>
      <trkpt lat="31.2787505798041820526123046875" lon="121.36868412606418132781982421875">
        <ele>10.3999996185302734375</ele>
        <time>2026-05-30T00:55:01.000Z</time>
        <extensions>
          <ns3:TrackPointExtension>
            <ns3:hr>134</ns3:hr>
            <ns3:cad>80</ns3:cad>
          </ns3:TrackPointExtension>
        </extensions>
      </trkpt>
      <trkpt lat="31.27875083126127719879150390625" lon="121.36870876885950565338134765625">
        <ele>10.3999996185302734375</ele>
        <time>2026-05-30T00:55:02.000Z</time>
        <extensions>
          <ns3:TrackPointExtension>
            <ns3:hr>134</ns3:hr>
            <ns3:cad>80</ns3:cad>
          </ns3:TrackPointExtension>
        </extensions>
      </trkpt>
      <trkpt lat="31.2787519209086894989013671875" lon="121.368733160197734832763671875">
        <ele>10.3999996185302734375</ele>
        <time>2026-05-30T00:55:03.000Z</time>
        <extensions>
          <ns3:TrackPointExtension>
            <ns3:hr>134</ns3:hr>
            <ns3:cad>80</ns3:cad>
          </ns3:TrackPointExtension>
        </extensions>
      </trkpt>
      <trkpt lat="31.278754770755767822265625" lon="121.36875939555466175079345703125">
        <ele>10.19999980926513671875</ele>
        <time>2026-05-30T00:55:04.000Z</time>
        <extensions>
          <ns3:TrackPointExtension>
            <ns3:hr>134</ns3:hr>
            <ns3:cad>80</ns3:cad>
          </ns3:TrackPointExtension>
        </extensions>
      </trkpt>
      <trkpt lat="31.27875351347029209136962890625" lon="121.36878521181643009185791015625">
        <ele>10.19999980926513671875</ele>
        <time>2026-05-30T00:55:05.000Z</time>
        <extensions>
          <ns3:TrackPointExtension>
            <ns3:hr>134</ns3:hr>
            <ns3:cad>81</ns3:cad>
          </ns3:TrackPointExtension>
        </extensions>
      </trkpt>
      <trkpt lat="31.278755106031894683837890625" lon="121.3688080944120883941650390625">
        <ele>10.19999980926513671875</ele>
        <time>2026-05-30T00:55:06.000Z</time>
        <extensions>
          <ns3:TrackPointExtension>
            <ns3:hr>134</ns3:hr>
            <ns3:cad>81</ns3:cad>
          </ns3:TrackPointExtension>
        </extensions>
      </trkpt>
      <trkpt lat="31.2787561118602752685546875" lon="121.368834078311920166015625">
        <ele>10</ele>
        <time>2026-05-30T00:55:07.000Z</time>
        <extensions>
          <ns3:TrackPointExtension>
            <ns3:hr>134</ns3:hr>
            <ns3:cad>81</ns3:cad>
          </ns3:TrackPointExtension>
        </extensions>
      </trkpt>
      <trkpt lat="31.2787520885467529296875" lon="121.3688593916594982147216796875">
        <ele>10</ele>
        <time>2026-05-30T00:55:08.000Z</time>
        <extensions>
          <ns3:TrackPointExtension>
            <ns3:hr>134</ns3:hr>
            <ns3:cad>81</ns3:cad>
          </ns3:TrackPointExtension>
        </extensions>
      </trkpt>
      <trkpt lat="31.2787507474422454833984375" lon="121.3688848726451396942138671875">
        <ele>10</ele>
        <time>2026-05-30T00:55:09.000Z</time>
        <extensions>
          <ns3:TrackPointExtension>
            <ns3:hr>134</ns3:hr>
            <ns3:cad>81</ns3:cad>
          </ns3:TrackPointExtension>
        </extensions>
      </trkpt>
      <trkpt lat="31.2787478975951671600341796875" lon="121.3689110241830348968505859375">
        <ele>10</ele>
        <time>2026-05-30T00:55:10.000Z</time>
        <extensions>
          <ns3:TrackPointExtension>
            <ns3:hr>134</ns3:hr>
            <ns3:cad>81</ns3:cad>
          </ns3:TrackPointExtension>
        </extensions>
      </trkpt>
      <trkpt lat="31.27874446101486682891845703125" lon="121.368935666978359222412109375">
        <ele>10</ele>
        <time>2026-05-30T00:55:11.000Z</time>
        <extensions>
          <ns3:TrackPointExtension>
            <ns3:hr>134</ns3:hr>
            <ns3:cad>81</ns3:cad>
          </ns3:TrackPointExtension>
        </extensions>
      </trkpt>
      <trkpt lat="31.2787428684532642364501953125" lon="121.36896274052560329437255859375">
        <ele>10</ele>
        <time>2026-05-30T00:55:12.000Z</time>
        <extensions>
          <ns3:TrackPointExtension>
            <ns3:hr>134</ns3:hr>
            <ns3:cad>81</ns3:cad>
          </ns3:TrackPointExtension>
        </extensions>
      </trkpt>
      <trkpt lat="31.27873876132071018218994140625" lon="121.3689898140728473663330078125">
        <ele>10.19999980926513671875</ele>
        <time>2026-05-30T00:55:13.000Z</time>
        <extensions>
          <ns3:TrackPointExtension>
            <ns3:hr>134</ns3:hr>
            <ns3:cad>81</ns3:cad>
          </ns3:TrackPointExtension>
        </extensions>
      </trkpt>
      <trkpt lat="31.27873356454074382781982421875" lon="121.3690151274204254150390625">
        <ele>10.19999980926513671875</ele>
        <time>2026-05-30T00:55:14.000Z</time>
        <extensions>
          <ns3:TrackPointExtension>
            <ns3:hr>134</ns3:hr>
            <ns3:cad>81</ns3:cad>
          </ns3:TrackPointExtension>
        </extensions>
      </trkpt>
      <trkpt lat="31.27872970886528491973876953125" lon="121.369037926197052001953125">
        <ele>10.19999980926513671875</ele>
        <time>2026-05-30T00:55:15.000Z</time>
        <extensions>
          <ns3:TrackPointExtension>
            <ns3:hr>134</ns3:hr>
            <ns3:cad>81</ns3:cad>
          </ns3:TrackPointExtension>
        </extensions>
      </trkpt>
      <trkpt lat="31.278723590075969696044921875" lon="121.36906483210623264312744140625">
        <ele>10</ele>
        <time>2026-05-30T00:55:16.000Z</time>
        <extensions>
          <ns3:TrackPointExtension>
            <ns3:hr>134</ns3:hr>
            <ns3:cad>81</ns3:cad>
          </ns3:TrackPointExtension>
        </extensions>
      </trkpt>
      <trkpt lat="31.27871830947697162628173828125" lon="121.3690863735973834991455078125">
        <ele>10</ele>
        <time>2026-05-30T00:55:17.000Z</time>
        <extensions>
          <ns3:TrackPointExtension>
            <ns3:hr>133</ns3:hr>
            <ns3:cad>81</ns3:cad>
          </ns3:TrackPointExtension>
        </extensions>
      </trkpt>
      <trkpt lat="31.27871227450668811798095703125" lon="121.3691125251352787017822265625">
        <ele>9.80000019073486328125</ele>
        <time>2026-05-30T00:55:18.000Z</time>
        <extensions>
          <ns3:TrackPointExtension>
            <ns3:hr>134</ns3:hr>
            <ns3:cad>81</ns3:cad>
          </ns3:TrackPointExtension>
        </extensions>
      </trkpt>
      <trkpt lat="31.2786999531090259552001953125" lon="121.36914060451090335845947265625">
        <ele>9.80000019073486328125</ele>
        <time>2026-05-30T00:55:19.000Z</time>
        <extensions>
          <ns3:TrackPointExtension>
            <ns3:hr>134</ns3:hr>
            <ns3:cad>81</ns3:cad>
          </ns3:TrackPointExtension>
        </extensions>
      </trkpt>
      <trkpt lat="31.278688721358776092529296875" lon="121.36916491203010082244873046875">
        <ele>9.80000019073486328125</ele>
        <time>2026-05-30T00:55:20.000Z</time>
        <extensions>
          <ns3:TrackPointExtension>
            <ns3:hr>134</ns3:hr>
            <ns3:cad>81</ns3:cad>
          </ns3:TrackPointExtension>
        </extensions>
      </trkpt>
      <trkpt lat="31.278675980865955352783203125" lon="121.36919257231056690216064453125">
        <ele>9.80000019073486328125</ele>
        <time>2026-05-30T00:55:21.000Z</time>
        <extensions>
          <ns3:TrackPointExtension>
            <ns3:hr>134</ns3:hr>
            <ns3:cad>81</ns3:cad>
          </ns3:TrackPointExtension>
        </extensions>
      </trkpt>
      <trkpt lat="31.2786654196679592132568359375" lon="121.36921520344913005828857421875">
        <ele>9.80000019073486328125</ele>
        <time>2026-05-30T00:55:22.000Z</time>
        <extensions>
          <ns3:TrackPointExtension>
            <ns3:hr>134</ns3:hr>
            <ns3:cad>81</ns3:cad>
          </ns3:TrackPointExtension>
        </extensions>
      </trkpt>
      <trkpt lat="31.27865360118448734283447265625" lon="121.36923800222575664520263671875">
        <ele>9.80000019073486328125</ele>
        <time>2026-05-30T00:55:23.000Z</time>
        <extensions>
          <ns3:TrackPointExtension>
            <ns3:hr>134</ns3:hr>
            <ns3:cad>82</ns3:cad>
          </ns3:TrackPointExtension>
        </extensions>
      </trkpt>
      <trkpt lat="31.27864052541553974151611328125" lon="121.3692607171833515167236328125">
        <ele>9.80000019073486328125</ele>
        <time>2026-05-30T00:55:24.000Z</time>
        <extensions>
          <ns3:TrackPointExtension>
            <ns3:hr>133</ns3:hr>
            <ns3:cad>82</ns3:cad>
          </ns3:TrackPointExtension>
        </extensions>
      </trkpt>
      <trkpt lat="31.2786211632192134857177734375" lon="121.3692779839038848876953125">
        <ele>9.80000019073486328125</ele>
        <time>2026-05-30T00:55:25.000Z</time>
        <extensions>
          <ns3:TrackPointExtension>
            <ns3:hr>133</ns3:hr>
            <ns3:cad>81</ns3:cad>
          </ns3:TrackPointExtension>
        </extensions>
      </trkpt>
      <trkpt lat="31.278600208461284637451171875" lon="121.36929064057767391204833984375">
        <ele>9.80000019073486328125</ele>
        <time>2026-05-30T00:55:26.000Z</time>
        <extensions>
          <ns3:TrackPointExtension>
            <ns3:hr>133</ns3:hr>
            <ns3:cad>81</ns3:cad>
          </ns3:TrackPointExtension>
        </extensions>
      </trkpt>
      <trkpt lat="31.27857296727597713470458984375" lon="121.36930145323276519775390625">
        <ele>9.80000019073486328125</ele>
        <time>2026-05-30T00:55:27.000Z</time>
        <extensions>
          <ns3:TrackPointExtension>
            <ns3:hr>133</ns3:hr>
            <ns3:cad>81</ns3:cad>
          </ns3:TrackPointExtension>
        </extensions>
      </trkpt>
      <trkpt lat="31.27854966558516025543212890625" lon="121.369308494031429290771484375">
        <ele>9.6000003814697265625</ele>
        <time>2026-05-30T00:55:28.000Z</time>
        <extensions>
          <ns3:TrackPointExtension>
            <ns3:hr>133</ns3:hr>
            <ns3:cad>81</ns3:cad>
          </ns3:TrackPointExtension>
        </extensions>
      </trkpt>
      <trkpt lat="31.27852477133274078369140625" lon="121.36931545101106166839599609375">
        <ele>9.6000003814697265625</ele>
        <time>2026-05-30T00:55:29.000Z</time>
        <extensions>
          <ns3:TrackPointExtension>
            <ns3:hr>132</ns3:hr>
            <ns3:cad>80</ns3:cad>
          </ns3:TrackPointExtension>
        </extensions>
      </trkpt>
      <trkpt lat="31.2785028107464313507080078125" lon="121.36932316236197948455810546875">
        <ele>9.6000003814697265625</ele>
        <time>2026-05-30T00:55:30.000Z</time>
        <extensions>
          <ns3:TrackPointExtension>
            <ns3:hr>132</ns3:hr>
            <ns3:cad>79</ns3:cad>
          </ns3:TrackPointExtension>
        </extensions>
      </trkpt>
      <trkpt lat="31.27848110161721706390380859375" lon="121.36933221481740474700927734375">
        <ele>9.6000003814697265625</ele>
        <time>2026-05-30T00:55:31.000Z</time>
        <extensions>
          <ns3:TrackPointExtension>
            <ns3:hr>132</ns3:hr>
            <ns3:cad>79</ns3:cad>
          </ns3:TrackPointExtension>
        </extensions>
      </trkpt>
      <trkpt lat="31.2784558720886707305908203125" lon="121.3693408481776714324951171875">
        <ele>9.6000003814697265625</ele>
        <time>2026-05-30T00:55:32.000Z</time>
        <extensions>
          <ns3:TrackPointExtension>
            <ns3:hr>132</ns3:hr>
            <ns3:cad>79</ns3:cad>
          </ns3:TrackPointExtension>
        </extensions>
      </trkpt>
      <trkpt lat="31.2784334085881710052490234375" lon="121.36934629641473293304443359375">
        <ele>9.6000003814697265625</ele>
        <time>2026-05-30T00:55:33.000Z</time>
        <extensions>
          <ns3:TrackPointExtension>
            <ns3:hr>132</ns3:hr>
            <ns3:cad>79</ns3:cad>
          </ns3:TrackPointExtension>
        </extensions>
      </trkpt>
      <trkpt lat="31.2784127891063690185546875" lon="121.36935199610888957977294921875">
        <ele>9.6000003814697265625</ele>
        <time>2026-05-30T00:55:34.000Z</time>
        <extensions>
          <ns3:TrackPointExtension>
            <ns3:hr>132</ns3:hr>
            <ns3:cad>80</ns3:cad>
          </ns3:TrackPointExtension>
        </extensions>
      </trkpt>
      <trkpt lat="31.27839426510035991668701171875" lon="121.36935769580304622650146484375">
        <ele>9.6000003814697265625</ele>
        <time>2026-05-30T00:55:35.000Z</time>
        <extensions>
          <ns3:TrackPointExtension>
            <ns3:hr>131</ns3:hr>
            <ns3:cad>81</ns3:cad>
          </ns3:TrackPointExtension>
        </extensions>
      </trkpt>
      <trkpt lat="31.2783710472285747528076171875" lon="121.3693602941930294036865234375">
        <ele>9.6000003814697265625</ele>
        <time>2026-05-30T00:55:36.000Z</time>
        <extensions>
          <ns3:TrackPointExtension>
            <ns3:hr>131</ns3:hr>
            <ns3:cad>81</ns3:cad>
          </ns3:TrackPointExtension>
        </extensions>
      </trkpt>
      <trkpt lat="31.27835134975612163543701171875" lon="121.3693659938871860504150390625">
        <ele>9.6000003814697265625</ele>
        <time>2026-05-30T00:55:37.000Z</time>
        <extensions>
          <ns3:TrackPointExtension>
            <ns3:hr>131</ns3:hr>
            <ns3:cad>81</ns3:cad>
          </ns3:TrackPointExtension>
        </extensions>
      </trkpt>
      <trkpt lat="31.278331317007541656494140625" lon="121.36936859227716922760009765625">
        <ele>9.6000003814697265625</ele>
        <time>2026-05-30T00:55:38.000Z</time>
        <extensions>
          <ns3:TrackPointExtension>
            <ns3:hr>132</ns3:hr>
            <ns3:cad>81</ns3:cad>
          </ns3:TrackPointExtension>
        </extensions>
      </trkpt>
      <trkpt lat="31.2783080153167247772216796875" lon="121.3693653233349323272705078125">
        <ele>9.6000003814697265625</ele>
        <time>2026-05-30T00:55:39.000Z</time>
        <extensions>
          <ns3:TrackPointExtension>
            <ns3:hr>132</ns3:hr>
            <ns3:cad>81</ns3:cad>
          </ns3:TrackPointExtension>
        </extensions>
      </trkpt>
      <trkpt lat="31.27828496508300304412841796875" lon="121.3693680055439472198486328125">
        <ele>9.6000003814697265625</ele>
        <time>2026-05-30T00:55:40.000Z</time>
        <extensions>
          <ns3:TrackPointExtension>
            <ns3:hr>132</ns3:hr>
            <ns3:cad>81</ns3:cad>
          </ns3:TrackPointExtension>
        </extensions>
      </trkpt>
      <trkpt lat="31.278260909020900726318359375" lon="121.36936247348785400390625">
        <ele>9.6000003814697265625</ele>
        <time>2026-05-30T00:55:41.000Z</time>
        <extensions>
          <ns3:TrackPointExtension>
            <ns3:hr>132</ns3:hr>
            <ns3:cad>81</ns3:cad>
          </ns3:TrackPointExtension>
        </extensions>
      </trkpt>
      <trkpt lat="31.2782371044158935546875" lon="121.3693579472601413726806640625">
        <ele>9.6000003814697265625</ele>
        <time>2026-05-30T00:55:42.000Z</time>
        <extensions>
          <ns3:TrackPointExtension>
            <ns3:hr>132</ns3:hr>
            <ns3:cad>81</ns3:cad>
          </ns3:TrackPointExtension>
        </extensions>
      </trkpt>
      <trkpt lat="31.2782138027250766754150390625" lon="121.36935132555663585662841796875">
        <ele>9.80000019073486328125</ele>
        <time>2026-05-30T00:55:43.000Z</time>
        <extensions>
          <ns3:TrackPointExtension>
            <ns3:hr>132</ns3:hr>
            <ns3:cad>81</ns3:cad>
          </ns3:TrackPointExtension>
        </extensions>
      </trkpt>
      <trkpt lat="31.2781893275678157806396484375" lon="121.36934294365346431732177734375">
        <ele>9.80000019073486328125</ele>
        <time>2026-05-30T00:55:44.000Z</time>
        <extensions>
          <ns3:TrackPointExtension>
            <ns3:hr>132</ns3:hr>
            <ns3:cad>81</ns3:cad>
          </ns3:TrackPointExtension>
        </extensions>
      </trkpt>
      <trkpt lat="31.27816803753376007080078125" lon="121.3693311251699924468994140625">
        <ele>9.80000019073486328125</ele>
        <time>2026-05-30T00:55:45.000Z</time>
        <extensions>
          <ns3:TrackPointExtension>
            <ns3:hr>132</ns3:hr>
            <ns3:cad>81</ns3:cad>
          </ns3:TrackPointExtension>
        </extensions>
      </trkpt>
      <trkpt lat="31.2781494297087192535400390625" lon="121.3693173788487911224365234375">
        <ele>9.80000019073486328125</ele>
        <time>2026-05-30T00:55:46.000Z</time>
        <extensions>
          <ns3:TrackPointExtension>
            <ns3:hr>132</ns3:hr>
            <ns3:cad>81</ns3:cad>
          </ns3:TrackPointExtension>
        </extensions>
      </trkpt>
      <trkpt lat="31.27813191153109073638916015625" lon="121.36930069886147975921630859375">
        <ele>9.80000019073486328125</ele>
        <time>2026-05-30T00:55:47.000Z</time>
        <extensions>
          <ns3:TrackPointExtension>
            <ns3:hr>131</ns3:hr>
            <ns3:cad>81</ns3:cad>
          </ns3:TrackPointExtension>
        </extensions>
      </trkpt>
      <trkpt lat="31.27811397425830364227294921875" lon="121.3692872039973735809326171875">
        <ele>9.80000019073486328125</ele>
        <time>2026-05-30T00:55:48.000Z</time>
        <extensions>
          <ns3:TrackPointExtension>
            <ns3:hr>132</ns3:hr>
            <ns3:cad>81</ns3:cad>
          </ns3:TrackPointExtension>
        </extensions>
      </trkpt>
      <trkpt lat="31.27809561789035797119140625" lon="121.36927421204745769500732421875">
        <ele>9.80000019073486328125</ele>
        <time>2026-05-30T00:55:49.000Z</time>
        <extensions>
          <ns3:TrackPointExtension>
            <ns3:hr>132</ns3:hr>
            <ns3:cad>81</ns3:cad>
          </ns3:TrackPointExtension>
        </extensions>
      </trkpt>
      <trkpt lat="31.278075166046619415283203125" lon="121.36926348321139812469482421875">
        <ele>9.80000019073486328125</ele>
        <time>2026-05-30T00:55:50.000Z</time>
        <extensions>
          <ns3:TrackPointExtension>
            <ns3:hr>132</ns3:hr>
            <ns3:cad>81</ns3:cad>
          </ns3:TrackPointExtension>
        </extensions>
      </trkpt>
      <trkpt lat="31.27805714495480060577392578125" lon="121.36925049126148223876953125">
        <ele>9.80000019073486328125</ele>
        <time>2026-05-30T00:55:51.000Z</time>
        <extensions>
          <ns3:TrackPointExtension>
            <ns3:hr>132</ns3:hr>
            <ns3:cad>81</ns3:cad>
          </ns3:TrackPointExtension>
        </extensions>
      </trkpt>
      <trkpt lat="31.27803887240588665008544921875" lon="121.36923381127417087554931640625">
        <ele>10</ele>
        <time>2026-05-30T00:55:52.000Z</time>
        <extensions>
          <ns3:TrackPointExtension>
            <ns3:hr>132</ns3:hr>
            <ns3:cad>81</ns3:cad>
          </ns3:TrackPointExtension>
        </extensions>
      </trkpt>
      <trkpt lat="31.278018169105052947998046875" lon="121.369222663342952728271484375">
        <ele>10</ele>
        <time>2026-05-30T00:55:53.000Z</time>
        <extensions>
          <ns3:TrackPointExtension>
            <ns3:hr>132</ns3:hr>
            <ns3:cad>81</ns3:cad>
          </ns3:TrackPointExtension>
        </extensions>
      </trkpt>
      <trkpt lat="31.27799780108034610748291015625" lon="121.369212605059146881103515625">
        <ele>10</ele>
        <time>2026-05-30T00:55:54.000Z</time>
        <extensions>
          <ns3:TrackPointExtension>
            <ns3:hr>132</ns3:hr>
            <ns3:cad>81</ns3:cad>
          </ns3:TrackPointExtension>
        </extensions>
      </trkpt>
      <trkpt lat="31.27797818742692470550537109375" lon="121.36920346878468990325927734375">
        <ele>10.19999980926513671875</ele>
        <time>2026-05-30T00:55:55.000Z</time>
        <extensions>
          <ns3:TrackPointExtension>
            <ns3:hr>132</ns3:hr>
            <ns3:cad>81</ns3:cad>
          </ns3:TrackPointExtension>
        </extensions>
      </trkpt>
      <trkpt lat="31.2779568135738372802734375" lon="121.369197182357311248779296875">
        <ele>10.19999980926513671875</ele>
        <time>2026-05-30T00:55:56.000Z</time>
        <extensions>
          <ns3:TrackPointExtension>
            <ns3:hr>132</ns3:hr>
            <ns3:cad>81</ns3:cad>
          </ns3:TrackPointExtension>
        </extensions>
      </trkpt>
      <trkpt lat="31.27793493680655956268310546875" lon="121.3691899739205837249755859375">
        <ele>10.19999980926513671875</ele>
        <time>2026-05-30T00:55:57.000Z</time>
        <extensions>
          <ns3:TrackPointExtension>
            <ns3:hr>133</ns3:hr>
            <ns3:cad>81</ns3:cad>
          </ns3:TrackPointExtension>
        </extensions>
      </trkpt>
      <trkpt lat="31.2779157422482967376708984375" lon="121.36918184347450733184814453125">
        <ele>10.19999980926513671875</ele>
        <time>2026-05-30T00:55:58.000Z</time>
        <extensions>
          <ns3:TrackPointExtension>
            <ns3:hr>133</ns3:hr>
            <ns3:cad>81</ns3:cad>
          </ns3:TrackPointExtension>
        </extensions>
      </trkpt>
      <trkpt lat="31.27789654769003391265869140625" lon="121.36917279101908206939697265625">
        <ele>10.19999980926513671875</ele>
        <time>2026-05-30T00:55:59.000Z</time>
        <extensions>
          <ns3:TrackPointExtension>
            <ns3:hr>133</ns3:hr>
            <ns3:cad>81</ns3:cad>
          </ns3:TrackPointExtension>
        </extensions>
      </trkpt>
      <trkpt lat="31.27787358127534389495849609375" lon="121.369164995849132537841796875">
        <ele>10</ele>
        <time>2026-05-30T00:56:00.000Z</time>
        <extensions>
          <ns3:TrackPointExtension>
            <ns3:hr>133</ns3:hr>
            <ns3:cad>81</ns3:cad>
          </ns3:TrackPointExtension>
        </extensions>
      </trkpt>
      <trkpt lat="31.277850531041622161865234375" lon="121.36916063725948333740234375">
        <ele>9.80000019073486328125</ele>
        <time>2026-05-30T00:56:01.000Z</time>
        <extensions>
          <ns3:TrackPointExtension>
            <ns3:hr>133</ns3:hr>
            <ns3:cad>81</ns3:cad>
          </ns3:TrackPointExtension>
        </extensions>
      </trkpt>
      <trkpt lat="31.27782697789371013641357421875" lon="121.36915736831724643707275390625">
        <ele>9.80000019073486328125</ele>
        <time>2026-05-30T00:56:02.000Z</time>
        <extensions>
          <ns3:TrackPointExtension>
            <ns3:hr>133</ns3:hr>
            <ns3:cad>81</ns3:cad>
          </ns3:TrackPointExtension>
        </extensions>
      </trkpt>
      <trkpt lat="31.27780568785965442657470703125" lon="121.369154267013072967529296875">
        <ele>9.80000019073486328125</ele>
        <time>2026-05-30T00:56:03.000Z</time>
        <extensions>
          <ns3:TrackPointExtension>
            <ns3:hr>132</ns3:hr>
            <ns3:cad>81</ns3:cad>
          </ns3:TrackPointExtension>
        </extensions>
      </trkpt>
      <trkpt lat="31.27778439782559871673583984375" lon="121.369150243699550628662109375">
        <ele>9.80000019073486328125</ele>
        <time>2026-05-30T00:56:04.000Z</time>
        <extensions>
          <ns3:TrackPointExtension>
            <ns3:hr>132</ns3:hr>
            <ns3:cad>81</ns3:cad>
          </ns3:TrackPointExtension>
        </extensions>
      </trkpt>
      <trkpt lat="31.27776042558252811431884765625" lon="121.36914856731891632080078125">
        <ele>9.80000019073486328125</ele>
        <time>2026-05-30T00:56:05.000Z</time>
        <extensions>
          <ns3:TrackPointExtension>
            <ns3:hr>132</ns3:hr>
            <ns3:cad>82</ns3:cad>
          </ns3:TrackPointExtension>
        </extensions>
      </trkpt>
      <trkpt lat="31.27773511223495006561279296875" lon="121.369143538177013397216796875">
        <ele>9.80000019073486328125</ele>
        <time>2026-05-30T00:56:06.000Z</time>
        <extensions>
          <ns3:TrackPointExtension>
            <ns3:hr>133</ns3:hr>
            <ns3:cad>82</ns3:cad>
          </ns3:TrackPointExtension>
        </extensions>
      </trkpt>
      <trkpt lat="31.27771080471575260162353515625" lon="121.36913943104445934295654296875">
        <ele>9.6000003814697265625</ele>
        <time>2026-05-30T00:56:07.000Z</time>
        <extensions>
          <ns3:TrackPointExtension>
            <ns3:hr>133</ns3:hr>
            <ns3:cad>82</ns3:cad>
          </ns3:TrackPointExtension>
        </extensions>
      </trkpt>
      <trkpt lat="31.277685575187206268310546875" lon="121.369128786027431488037109375">
        <ele>9.6000003814697265625</ele>
        <time>2026-05-30T00:56:08.000Z</time>
        <extensions>
          <ns3:TrackPointExtension>
            <ns3:hr>134</ns3:hr>
            <ns3:cad>81</ns3:cad>
          </ns3:TrackPointExtension>
        </extensions>
      </trkpt>
      <trkpt lat="31.27766386605799198150634765625" lon="121.3691145367920398712158203125">
        <ele>9.3999996185302734375</ele>
        <time>2026-05-30T00:56:09.000Z</time>
        <extensions>
          <ns3:TrackPointExtension>
            <ns3:hr>134</ns3:hr>
            <ns3:cad>81</ns3:cad>
          </ns3:TrackPointExtension>
        </extensions>
      </trkpt>
      <trkpt lat="31.27764458768069744110107421875" lon="121.3690957613289356231689453125">
        <ele>9.3999996185302734375</ele>
        <time>2026-05-30T00:56:10.000Z</time>
        <extensions>
          <ns3:TrackPointExtension>
            <ns3:hr>134</ns3:hr>
            <ns3:cad>80</ns3:cad>
          </ns3:TrackPointExtension>
        </extensions>
      </trkpt>
      <trkpt lat="31.2776237167418003082275390625" lon="121.36907539330422878265380859375">
        <ele>9.19999980926513671875</ele>
        <time>2026-05-30T00:56:11.000Z</time>
        <extensions>
          <ns3:TrackPointExtension>
            <ns3:hr>134</ns3:hr>
            <ns3:cad>80</ns3:cad>
          </ns3:TrackPointExtension>
        </extensions>
      </trkpt>
      <trkpt lat="31.27760611474514007568359375" lon="121.36904639191925525665283203125">
        <ele>9.19999980926513671875</ele>
        <time>2026-05-30T00:56:12.000Z</time>
        <extensions>
          <ns3:TrackPointExtension>
            <ns3:hr>134</ns3:hr>
            <ns3:cad>81</ns3:cad>
          </ns3:TrackPointExtension>
        </extensions>
      </trkpt>
      <trkpt lat="31.27759136259555816650390625" lon="121.36902141384780406951904296875">
        <ele>9.19999980926513671875</ele>
        <time>2026-05-30T00:56:13.000Z</time>
        <extensions>
          <ns3:TrackPointExtension>
            <ns3:hr>134</ns3:hr>
            <ns3:cad>81</ns3:cad>
          </ns3:TrackPointExtension>
        </extensions>
      </trkpt>
      <trkpt lat="31.27758063375949859619140625" lon="121.36899509467184543609619140625">
        <ele>9.19999980926513671875</ele>
        <time>2026-05-30T00:56:14.000Z</time>
        <extensions>
          <ns3:TrackPointExtension>
            <ns3:hr>134</ns3:hr>
            <ns3:cad>81</ns3:cad>
          </ns3:TrackPointExtension>
        </extensions>
      </trkpt>
      <trkpt lat="31.2775740958750247955322265625" lon="121.3689641654491424560546875">
        <ele>9</ele>
        <time>2026-05-30T00:56:15.000Z</time>
        <extensions>
          <ns3:TrackPointExtension>
            <ns3:hr>134</ns3:hr>
            <ns3:cad>81</ns3:cad>
          </ns3:TrackPointExtension>
        </extensions>
      </trkpt>
      <trkpt lat="31.27756864763796329498291015625" lon="121.3689344935119152069091796875">
        <ele>9</ele>
        <time>2026-05-30T00:56:16.000Z</time>
        <extensions>
          <ns3:TrackPointExtension>
            <ns3:hr>134</ns3:hr>
            <ns3:cad>80</ns3:cad>
          </ns3:TrackPointExtension>
        </extensions>
      </trkpt>
      <trkpt lat="31.27756319940090179443359375" lon="121.36890674941241741180419921875">
        <ele>8.80000019073486328125</ele>
        <time>2026-05-30T00:56:17.000Z</time>
        <extensions>
          <ns3:TrackPointExtension>
            <ns3:hr>134</ns3:hr>
            <ns3:cad>80</ns3:cad>
          </ns3:TrackPointExtension>
        </extensions>
      </trkpt>
      <trkpt lat="31.2775586731731891632080078125" lon="121.368874646723270416259765625">
        <ele>8.80000019073486328125</ele>
        <time>2026-05-30T00:56:18.000Z</time>
        <extensions>
          <ns3:TrackPointExtension>
            <ns3:hr>134</ns3:hr>
            <ns3:cad>80</ns3:cad>
          </ns3:TrackPointExtension>
        </extensions>
      </trkpt>
      <trkpt lat="31.27755858935415744781494140625" lon="121.36884589679539203643798828125">
        <ele>8.6000003814697265625</ele>
        <time>2026-05-30T00:56:19.000Z</time>
        <extensions>
          <ns3:TrackPointExtension>
            <ns3:hr>134</ns3:hr>
            <ns3:cad>80</ns3:cad>
          </ns3:TrackPointExtension>
        </extensions>
      </trkpt>
      <trkpt lat="31.277557499706745147705078125" lon="121.3688181526958942413330078125">
        <ele>8.6000003814697265625</ele>
        <time>2026-05-30T00:56:20.000Z</time>
        <extensions>
          <ns3:TrackPointExtension>
            <ns3:hr>133</ns3:hr>
            <ns3:cad>80</ns3:cad>
          </ns3:TrackPointExtension>
        </extensions>
      </trkpt>
      <trkpt lat="31.27755708061158657073974609375" lon="121.3687884807586669921875">
        <ele>8.6000003814697265625</ele>
        <time>2026-05-30T00:56:21.000Z</time>
        <extensions>
          <ns3:TrackPointExtension>
            <ns3:hr>134</ns3:hr>
            <ns3:cad>80</ns3:cad>
          </ns3:TrackPointExtension>
        </extensions>
      </trkpt>
      <trkpt lat="31.277558840811252593994140625" lon="121.36876098811626434326171875">
        <ele>8.3999996185302734375</ele>
        <time>2026-05-30T00:56:22.000Z</time>
        <extensions>
          <ns3:TrackPointExtension>
            <ns3:hr>134</ns3:hr>
            <ns3:cad>80</ns3:cad>
          </ns3:TrackPointExtension>
        </extensions>
      </trkpt>
      <trkpt lat="31.2775620259344577789306640625" lon="121.36873458512127399444580078125">
        <ele>8.3999996185302734375</ele>
        <time>2026-05-30T00:56:23.000Z</time>
        <extensions>
          <ns3:TrackPointExtension>
            <ns3:hr>133</ns3:hr>
            <ns3:cad>81</ns3:cad>
          </ns3:TrackPointExtension>
        </extensions>
      </trkpt>
      <trkpt lat="31.2775670550763607025146484375" lon="121.368707679212093353271484375">
        <ele>8.3999996185302734375</ele>
        <time>2026-05-30T00:56:24.000Z</time>
        <extensions>
          <ns3:TrackPointExtension>
            <ns3:hr>134</ns3:hr>
            <ns3:cad>81</ns3:cad>
          </ns3:TrackPointExtension>
        </extensions>
      </trkpt>
      <trkpt lat="31.27756982110440731048583984375" lon="121.36868161149322986602783203125">
        <ele>8.3999996185302734375</ele>
        <time>2026-05-30T00:56:25.000Z</time>
        <extensions>
          <ns3:TrackPointExtension>
            <ns3:hr>134</ns3:hr>
            <ns3:cad>81</ns3:cad>
          </ns3:TrackPointExtension>
        </extensions>
      </trkpt>
      <trkpt lat="31.27757661044597625732421875" lon="121.36865361593663692474365234375">
        <ele>8.3999996185302734375</ele>
        <time>2026-05-30T00:56:26.000Z</time>
        <extensions>
          <ns3:TrackPointExtension>
            <ns3:hr>134</ns3:hr>
            <ns3:cad>80</ns3:cad>
          </ns3:TrackPointExtension>
        </extensions>
      </trkpt>
      <trkpt lat="31.277587004005908966064453125" lon="121.36863081716001033782958984375">
        <ele>8.3999996185302734375</ele>
        <time>2026-05-30T00:56:27.000Z</time>
        <extensions>
          <ns3:TrackPointExtension>
            <ns3:hr>133</ns3:hr>
            <ns3:cad>80</ns3:cad>
          </ns3:TrackPointExtension>
        </extensions>
      </trkpt>
      <trkpt lat="31.27759697847068309783935546875" lon="121.36860818602144718170166015625">
        <ele>8.19999980926513671875</ele>
        <time>2026-05-30T00:56:28.000Z</time>
        <extensions>
          <ns3:TrackPointExtension>
            <ns3:hr>133</ns3:hr>
            <ns3:cad>80</ns3:cad>
          </ns3:TrackPointExtension>
        </extensions>
      </trkpt>
      <trkpt lat="31.27760804258286952972412109375" lon="121.36858404614031314849853515625">
        <ele>8.3999996185302734375</ele>
        <time>2026-05-30T00:56:29.000Z</time>
        <extensions>
          <ns3:TrackPointExtension>
            <ns3:hr>132</ns3:hr>
            <ns3:cad>81</ns3:cad>
          </ns3:TrackPointExtension>
        </extensions>
      </trkpt>
      <trkpt lat="31.27762145362794399261474609375" lon="121.36856443248689174652099609375">
        <ele>8.3999996185302734375</ele>
        <time>2026-05-30T00:56:30.000Z</time>
        <extensions>
          <ns3:TrackPointExtension>
            <ns3:hr>132</ns3:hr>
            <ns3:cad>81</ns3:cad>
          </ns3:TrackPointExtension>
        </extensions>
      </trkpt>
      <trkpt lat="31.27763503231108188629150390625" lon="121.36854448355734348297119140625">
        <ele>8.3999996185302734375</ele>
        <time>2026-05-30T00:56:31.000Z</time>
        <extensions>
          <ns3:TrackPointExtension>
            <ns3:hr>132</ns3:hr>
            <ns3:cad>81</ns3:cad>
          </ns3:TrackPointExtension>
        </extensions>
      </trkpt>
      <trkpt lat="31.277648024260997772216796875" lon="121.3685234449803829193115234375">
        <ele>8.3999996185302734375</ele>
        <time>2026-05-30T00:56:32.000Z</time>
        <extensions>
          <ns3:TrackPointExtension>
            <ns3:hr>132</ns3:hr>
            <ns3:cad>81</ns3:cad>
          </ns3:TrackPointExtension>
        </extensions>
      </trkpt>
      <trkpt lat="31.27766168676316738128662109375" lon="121.36850274167954921722412109375">
        <ele>8.6000003814697265625</ele>
        <time>2026-05-30T00:56:33.000Z</time>
        <extensions>
          <ns3:TrackPointExtension>
            <ns3:hr>132</ns3:hr>
            <ns3:cad>80</ns3:cad>
          </ns3:TrackPointExtension>
        </extensions>
      </trkpt>
      <trkpt lat="31.27767845056951045989990234375" lon="121.3684868998825550079345703125">
        <ele>8.6000003814697265625</ele>
        <time>2026-05-30T00:56:34.000Z</time>
        <extensions>
          <ns3:TrackPointExtension>
            <ns3:hr>132</ns3:hr>
            <ns3:cad>80</ns3:cad>
          </ns3:TrackPointExtension>
        </extensions>
      </trkpt>
      <trkpt lat="31.27769571729004383087158203125" lon="121.3684701360762119293212890625">
        <ele>8.80000019073486328125</ele>
        <time>2026-05-30T00:56:35.000Z</time>
        <extensions>
          <ns3:TrackPointExtension>
            <ns3:hr>132</ns3:hr>
            <ns3:cad>81</ns3:cad>
          </ns3:TrackPointExtension>
        </extensions>
      </trkpt>
      <trkpt lat="31.2777127325534820556640625" lon="121.36845496483147144317626953125">
        <ele>8.80000019073486328125</ele>
        <time>2026-05-30T00:56:36.000Z</time>
        <extensions>
          <ns3:TrackPointExtension>
            <ns3:hr>132</ns3:hr>
            <ns3:cad>81</ns3:cad>
          </ns3:TrackPointExtension>
        </extensions>
      </trkpt>
      <trkpt lat="31.27772991545498371124267578125" lon="121.3684392906725406646728515625">
        <ele>9</ele>
        <time>2026-05-30T00:56:37.000Z</time>
        <extensions>
          <ns3:TrackPointExtension>
            <ns3:hr>132</ns3:hr>
            <ns3:cad>81</ns3:cad>
          </ns3:TrackPointExtension>
        </extensions>
      </trkpt>
      <trkpt lat="31.27774751745164394378662109375" lon="121.36842009611427783966064453125">
        <ele>9</ele>
        <time>2026-05-30T00:56:38.000Z</time>
        <extensions>
          <ns3:TrackPointExtension>
            <ns3:hr>132</ns3:hr>
            <ns3:cad>81</ns3:cad>
          </ns3:TrackPointExtension>
        </extensions>
      </trkpt>
      <trkpt lat="31.27776947803795337677001953125" lon="121.3684057630598545074462890625">
        <ele>9</ele>
        <time>2026-05-30T00:56:39.000Z</time>
        <extensions>
          <ns3:TrackPointExtension>
            <ns3:hr>131</ns3:hr>
            <ns3:cad>80</ns3:cad>
          </ns3:TrackPointExtension>
        </extensions>
      </trkpt>
      <trkpt lat="31.277788840234279632568359375" lon="121.368396542966365814208984375">
        <ele>9</ele>
        <time>2026-05-30T00:56:40.000Z</time>
        <extensions>
          <ns3:TrackPointExtension>
            <ns3:hr>131</ns3:hr>
            <ns3:cad>80</ns3:cad>
          </ns3:TrackPointExtension>
        </extensions>
      </trkpt>
      <trkpt lat="31.27780786715447902679443359375" lon="121.36838874779641628265380859375">
        <ele>9</ele>
        <time>2026-05-30T00:56:41.000Z</time>
        <extensions>
          <ns3:TrackPointExtension>
            <ns3:hr>131</ns3:hr>
            <ns3:cad>80</ns3:cad>
          </ns3:TrackPointExtension>
        </extensions>
      </trkpt>
      <trkpt lat="31.277827061712741851806640625" lon="121.36838170699775218963623046875">
        <ele>9</ele>
        <time>2026-05-30T00:56:42.000Z</time>
        <extensions>
          <ns3:TrackPointExtension>
            <ns3:hr>130</ns3:hr>
            <ns3:cad>80</ns3:cad>
          </ns3:TrackPointExtension>
        </extensions>
      </trkpt>
      <trkpt lat="31.277847178280353546142578125" lon="121.3683725707232952117919921875">
        <ele>9.19999980926513671875</ele>
        <time>2026-05-30T00:56:43.000Z</time>
        <extensions>
          <ns3:TrackPointExtension>
            <ns3:hr>130</ns3:hr>
            <ns3:cad>79</ns3:cad>
          </ns3:TrackPointExtension>
        </extensions>
      </trkpt>
      <trkpt lat="31.27786955796182155609130859375" lon="121.36836293153464794158935546875">
        <ele>9.19999980926513671875</ele>
        <time>2026-05-30T00:56:44.000Z</time>
        <extensions>
          <ns3:TrackPointExtension>
            <ns3:hr>130</ns3:hr>
            <ns3:cad>79</ns3:cad>
          </ns3:TrackPointExtension>
        </extensions>
      </trkpt>
      <trkpt lat="31.27789042890071868896484375" lon="121.368356645107269287109375">
        <ele>9.3999996185302734375</ele>
        <time>2026-05-30T00:56:45.000Z</time>
        <extensions>
          <ns3:TrackPointExtension>
            <ns3:hr>130</ns3:hr>
            <ns3:cad>79</ns3:cad>
          </ns3:TrackPointExtension>
        </extensions>
      </trkpt>
      <trkpt lat="31.27791129983961582183837890625" lon="121.36835086159408092498779296875">
        <ele>9.3999996185302734375</ele>
        <time>2026-05-30T00:56:46.000Z</time>
        <extensions>
          <ns3:TrackPointExtension>
            <ns3:hr>130</ns3:hr>
            <ns3:cad>80</ns3:cad>
          </ns3:TrackPointExtension>
        </extensions>
      </trkpt>
      <trkpt lat="31.27793275751173496246337890625" lon="121.368340887129306793212890625">
        <ele>9.3999996185302734375</ele>
        <time>2026-05-30T00:56:47.000Z</time>
        <extensions>
          <ns3:TrackPointExtension>
            <ns3:hr>130</ns3:hr>
            <ns3:cad>80</ns3:cad>
          </ns3:TrackPointExtension>
        </extensions>
      </trkpt>
      <trkpt lat="31.2779522873461246490478515625" lon="121.3683286495506763458251953125">
        <ele>9.3999996185302734375</ele>
        <time>2026-05-30T00:56:48.000Z</time>
        <extensions>
          <ns3:TrackPointExtension>
            <ns3:hr>130</ns3:hr>
            <ns3:cad>81</ns3:cad>
          </ns3:TrackPointExtension>
        </extensions>
      </trkpt>
      <trkpt lat="31.27797047607600688934326171875" lon="121.368316747248172760009765625">
        <ele>9.19999980926513671875</ele>
        <time>2026-05-30T00:56:49.000Z</time>
        <extensions>
          <ns3:TrackPointExtension>
            <ns3:hr>130</ns3:hr>
            <ns3:cad>81</ns3:cad>
          </ns3:TrackPointExtension>
        </extensions>
      </trkpt>
      <trkpt lat="31.27799235284328460693359375" lon="121.3683061860501766204833984375">
        <ele>9.19999980926513671875</ele>
        <time>2026-05-30T00:56:50.000Z</time>
        <extensions>
          <ns3:TrackPointExtension>
            <ns3:hr>130</ns3:hr>
            <ns3:cad>81</ns3:cad>
          </ns3:TrackPointExtension>
        </extensions>
      </trkpt>
      <trkpt lat="31.2780136428773403167724609375" lon="121.3682964630424976348876953125">
        <ele>9.19999980926513671875</ele>
        <time>2026-05-30T00:56:51.000Z</time>
        <extensions>
          <ns3:TrackPointExtension>
            <ns3:hr>130</ns3:hr>
            <ns3:cad>81</ns3:cad>
          </ns3:TrackPointExtension>
        </extensions>
      </trkpt>
      <trkpt lat="31.278033591806888580322265625" lon="121.3682864047586917877197265625">
        <ele>9.19999980926513671875</ele>
        <time>2026-05-30T00:56:52.000Z</time>
        <extensions>
          <ns3:TrackPointExtension>
            <ns3:hr>130</ns3:hr>
            <ns3:cad>81</ns3:cad>
          </ns3:TrackPointExtension>
        </extensions>
      </trkpt>
      <trkpt lat="31.2780535407364368438720703125" lon="121.3682770170271396636962890625">
        <ele>9.19999980926513671875</ele>
        <time>2026-05-30T00:56:53.000Z</time>
        <extensions>
          <ns3:TrackPointExtension>
            <ns3:hr>130</ns3:hr>
            <ns3:cad>81</ns3:cad>
          </ns3:TrackPointExtension>
        </extensions>
      </trkpt>
      <trkpt lat="31.278073489665985107421875" lon="121.368267796933650970458984375">
        <ele>9.19999980926513671875</ele>
        <time>2026-05-30T00:56:54.000Z</time>
        <extensions>
          <ns3:TrackPointExtension>
            <ns3:hr>130</ns3:hr>
            <ns3:cad>81</ns3:cad>
          </ns3:TrackPointExtension>
        </extensions>
      </trkpt>
      <trkpt lat="31.278094947338104248046875" lon="121.36825799010694026947021484375">
        <ele>9.3999996185302734375</ele>
        <time>2026-05-30T00:56:55.000Z</time>
        <extensions>
          <ns3:TrackPointExtension>
            <ns3:hr>131</ns3:hr>
            <ns3:cad>81</ns3:cad>
          </ns3:TrackPointExtension>
        </extensions>
      </trkpt>
      <trkpt lat="31.27811548300087451934814453125" lon="121.36825011111795902252197265625">
        <ele>9.3999996185302734375</ele>
        <time>2026-05-30T00:56:56.000Z</time>
        <extensions>
          <ns3:TrackPointExtension>
            <ns3:hr>131</ns3:hr>
            <ns3:cad>81</ns3:cad>
          </ns3:TrackPointExtension>
        </extensions>
      </trkpt>
      <trkpt lat="31.27813576720654964447021484375" lon="121.3682408072054386138916015625">
        <ele>9.3999996185302734375</ele>
        <time>2026-05-30T00:56:57.000Z</time>
        <extensions>
          <ns3:TrackPointExtension>
            <ns3:hr>132</ns3:hr>
            <ns3:cad>80</ns3:cad>
          </ns3:TrackPointExtension>
        </extensions>
      </trkpt>
      <trkpt lat="31.27815521322190761566162109375" lon="121.3682330958545207977294921875">
        <ele>9.3999996185302734375</ele>
        <time>2026-05-30T00:56:58.000Z</time>
        <extensions>
          <ns3:TrackPointExtension>
            <ns3:hr>132</ns3:hr>
            <ns3:cad>80</ns3:cad>
          </ns3:TrackPointExtension>
        </extensions>
      </trkpt>
      <trkpt lat="31.27817499451339244842529296875" lon="121.368227563798427581787109375">
        <ele>9.3999996185302734375</ele>
        <time>2026-05-30T00:56:59.000Z</time>
        <extensions>
          <ns3:TrackPointExtension>
            <ns3:hr>132</ns3:hr>
            <ns3:cad>81</ns3:cad>
          </ns3:TrackPointExtension>
        </extensions>
      </trkpt>
      <trkpt lat="31.27819611690938472747802734375" lon="121.36822027154266834259033203125">
        <ele>9.3999996185302734375</ele>
        <time>2026-05-30T00:57:00.000Z</time>
        <extensions>
          <ns3:TrackPointExtension>
            <ns3:hr>132</ns3:hr>
            <ns3:cad>81</ns3:cad>
          </ns3:TrackPointExtension>
        </extensions>
      </trkpt>
      <trkpt lat="31.27821841277182102203369140625" lon="121.36821825988590717315673828125">
        <ele>9.3999996185302734375</ele>
        <time>2026-05-30T00:57:01.000Z</time>
        <extensions>
          <ns3:TrackPointExtension>
            <ns3:hr>132</ns3:hr>
            <ns3:cad>81</ns3:cad>
          </ns3:TrackPointExtension>
        </extensions>
      </trkpt>
      <trkpt lat="31.278239786624908447265625" lon="121.36821792460978031158447265625">
        <ele>9.6000003814697265625</ele>
        <time>2026-05-30T00:57:02.000Z</time>
        <extensions>
          <ns3:TrackPointExtension>
            <ns3:hr>133</ns3:hr>
            <ns3:cad>81</ns3:cad>
          </ns3:TrackPointExtension>
        </extensions>
      </trkpt>
      <trkpt lat="31.27825831063091754913330078125" lon="121.36821490712463855743408203125">
        <ele>9.6000003814697265625</ele>
        <time>2026-05-30T00:57:03.000Z</time>
        <extensions>
          <ns3:TrackPointExtension>
            <ns3:hr>133</ns3:hr>
            <ns3:cad>81</ns3:cad>
          </ns3:TrackPointExtension>
        </extensions>
      </trkpt>
      <trkpt lat="31.27828060649335384368896484375" lon="121.3682109676301479339599609375">
        <ele>9.6000003814697265625</ele>
        <time>2026-05-30T00:57:04.000Z</time>
        <extensions>
          <ns3:TrackPointExtension>
            <ns3:hr>133</ns3:hr>
            <ns3:cad>81</ns3:cad>
          </ns3:TrackPointExtension>
        </extensions>
      </trkpt>
      <trkpt lat="31.27830256707966327667236328125" lon="121.36821088381111621856689453125">
        <ele>9.80000019073486328125</ele>
        <time>2026-05-30T00:57:05.000Z</time>
        <extensions>
          <ns3:TrackPointExtension>
            <ns3:hr>133</ns3:hr>
            <ns3:cad>80</ns3:cad>
          </ns3:TrackPointExtension>
        </extensions>
      </trkpt>
      <trkpt lat="31.27832570113241672515869140625" lon="121.36821004562079906463623046875">
        <ele>9.80000019073486328125</ele>
        <time>2026-05-30T00:57:06.000Z</time>
        <extensions>
          <ns3:TrackPointExtension>
            <ns3:hr>133</ns3:hr>
            <ns3:cad>80</ns3:cad>
          </ns3:TrackPointExtension>
        </extensions>
      </trkpt>
      <trkpt lat="31.27834833227097988128662109375" lon="121.36821256019175052642822265625">
        <ele>10</ele>
        <time>2026-05-30T00:57:07.000Z</time>
        <extensions>
          <ns3:TrackPointExtension>
            <ns3:hr>132</ns3:hr>
            <ns3:cad>80</ns3:cad>
          </ns3:TrackPointExtension>
        </extensions>
      </trkpt>
      <trkpt lat="31.2783690355718135833740234375" lon="121.3682183437049388885498046875">
        <ele>10</ele>
        <time>2026-05-30T00:57:08.000Z</time>
        <extensions>
          <ns3:TrackPointExtension>
            <ns3:hr>132</ns3:hr>
            <ns3:cad>80</ns3:cad>
          </ns3:TrackPointExtension>
        </extensions>
      </trkpt>
      <trkpt lat="31.27839040942490100860595703125" lon="121.3682253845036029815673828125">
        <ele>10</ele>
        <time>2026-05-30T00:57:09.000Z</time>
        <extensions>
          <ns3:TrackPointExtension>
            <ns3:hr>132</ns3:hr>
            <ns3:cad>81</ns3:cad>
          </ns3:TrackPointExtension>
        </extensions>
      </trkpt>
      <trkpt lat="31.27840868197381496429443359375" lon="121.36823468841612339019775390625">
        <ele>10</ele>
        <time>2026-05-30T00:57:10.000Z</time>
        <extensions>
          <ns3:TrackPointExtension>
            <ns3:hr>132</ns3:hr>
            <ns3:cad>81</ns3:cad>
          </ns3:TrackPointExtension>
        </extensions>
      </trkpt>
      <trkpt lat="31.27842930145561695098876953125" lon="121.368241645395755767822265625">
        <ele>10</ele>
        <time>2026-05-30T00:57:11.000Z</time>
        <extensions>
          <ns3:TrackPointExtension>
            <ns3:hr>132</ns3:hr>
            <ns3:cad>81</ns3:cad>
          </ns3:TrackPointExtension>
        </extensions>
      </trkpt>
      <trkpt lat="31.2784495018422603607177734375" lon="121.368249692022800445556640625">
        <ele>10</ele>
        <time>2026-05-30T00:57:12.000Z</time>
        <extensions>
          <ns3:TrackPointExtension>
            <ns3:hr>132</ns3:hr>
            <ns3:cad>81</ns3:cad>
          </ns3:TrackPointExtension>
        </extensions>
      </trkpt>
      <trkpt lat="31.27846886403858661651611328125" lon="121.36825413443148136138916015625">
        <ele>10.19999980926513671875</ele>
        <time>2026-05-30T00:57:13.000Z</time>
        <extensions>
          <ns3:TrackPointExtension>
            <ns3:hr>132</ns3:hr>
            <ns3:cad>81</ns3:cad>
          </ns3:TrackPointExtension>
        </extensions>
      </trkpt>
      <trkpt lat="31.27848965115845203399658203125" lon="121.36825681664049625396728515625">
        <ele>10.19999980926513671875</ele>
        <time>2026-05-30T00:57:14.000Z</time>
        <extensions>
          <ns3:TrackPointExtension>
            <ns3:hr>132</ns3:hr>
            <ns3:cad>81</ns3:cad>
          </ns3:TrackPointExtension>
        </extensions>
      </trkpt>
      <trkpt lat="31.278507001698017120361328125" lon="121.36825229041278362274169921875">
        <ele>10.19999980926513671875</ele>
        <time>2026-05-30T00:57:15.000Z</time>
        <extensions>
          <ns3:TrackPointExtension>
            <ns3:hr>133</ns3:hr>
            <ns3:cad>81</ns3:cad>
          </ns3:TrackPointExtension>
        </extensions>
      </trkpt>
      <trkpt lat="31.2785175628960132598876953125" lon="121.36823393404483795166015625">
        <ele>10.19999980926513671875</ele>
        <time>2026-05-30T00:57:16.000Z</time>
        <extensions>
          <ns3:TrackPointExtension>
            <ns3:hr>132</ns3:hr>
            <ns3:cad>80</ns3:cad>
          </ns3:TrackPointExtension>
        </extensions>
      </trkpt>
      <trkpt lat="31.2785118632018566131591796875" lon="121.3682089559733867645263671875">
        <ele>10.3999996185302734375</ele>
        <time>2026-05-30T00:57:17.000Z</time>
        <extensions>
          <ns3:TrackPointExtension>
            <ns3:hr>132</ns3:hr>
            <ns3:cad>79</ns3:cad>
          </ns3:TrackPointExtension>
        </extensions>
      </trkpt>
      <trkpt lat="31.27849786542356014251708984375" lon="121.36818691156804561614990234375">
        <ele>10.3999996185302734375</ele>
        <time>2026-05-30T00:57:18.000Z</time>
        <extensions>
          <ns3:TrackPointExtension>
            <ns3:hr>132</ns3:hr>
            <ns3:cad>79</ns3:cad>
          </ns3:TrackPointExtension>
        </extensions>
      </trkpt>
      <trkpt lat="31.27848193980753421783447265625" lon="121.3681690581142902374267578125">
        <ele>10.3999996185302734375</ele>
        <time>2026-05-30T00:57:19.000Z</time>
        <extensions>
          <ns3:TrackPointExtension>
            <ns3:hr>132</ns3:hr>
            <ns3:cad>78</ns3:cad>
          </ns3:TrackPointExtension>
        </extensions>
      </trkpt>
      <trkpt lat="31.2784659303724765777587890625" lon="121.36815053410828113555908203125">
        <ele>10.19999980926513671875</ele>
        <time>2026-05-30T00:57:20.000Z</time>
        <extensions>
          <ns3:TrackPointExtension>
            <ns3:hr>132</ns3:hr>
            <ns3:cad>78</ns3:cad>
          </ns3:TrackPointExtension>
        </extensions>
      </trkpt>
      <trkpt lat="31.27845092676579952239990234375" lon="121.3681299984455108642578125">
        <ele>10.19999980926513671875</ele>
        <time>2026-05-30T00:57:21.000Z</time>
        <extensions>
          <ns3:TrackPointExtension>
            <ns3:hr>131</ns3:hr>
            <ns3:cad>78</ns3:cad>
          </ns3:TrackPointExtension>
        </extensions>
      </trkpt>
      <trkpt lat="31.27843500114977359771728515625" lon="121.36811616830527782440185546875">
        <ele>10.19999980926513671875</ele>
        <time>2026-05-30T00:57:22.000Z</time>
        <extensions>
          <ns3:TrackPointExtension>
            <ns3:hr>131</ns3:hr>
            <ns3:cad>78</ns3:cad>
          </ns3:TrackPointExtension>
        </extensions>
      </trkpt>
      <trkpt lat="31.2784179858863353729248046875" lon="121.3681016676127910614013671875">
        <ele>10.19999980926513671875</ele>
        <time>2026-05-30T00:57:23.000Z</time>
        <extensions>
          <ns3:TrackPointExtension>
            <ns3:hr>130</ns3:hr>
            <ns3:cad>78</ns3:cad>
          </ns3:TrackPointExtension>
        </extensions>
      </trkpt>
      <trkpt lat="31.27839812077581882476806640625" lon="121.3680838979780673980712890625">
        <ele>10.19999980926513671875</ele>
        <time>2026-05-30T00:57:24.000Z</time>
        <extensions>
          <ns3:TrackPointExtension>
            <ns3:hr>130</ns3:hr>
            <ns3:cad>79</ns3:cad>
          </ns3:TrackPointExtension>
        </extensions>
      </trkpt>
      <trkpt lat="31.27838194370269775390625" lon="121.36806654743850231170654296875">
        <ele>10.19999980926513671875</ele>
        <time>2026-05-30T00:57:25.000Z</time>
        <extensions>
          <ns3:TrackPointExtension>
            <ns3:hr>130</ns3:hr>
            <ns3:cad>79</ns3:cad>
          </ns3:TrackPointExtension>
        </extensions>
      </trkpt>
      <trkpt lat="31.27836911939084529876708984375" lon="121.36804944835603237152099609375">
        <ele>10.19999980926513671875</ele>
        <time>2026-05-30T00:57:26.000Z</time>
        <extensions>
          <ns3:TrackPointExtension>
            <ns3:hr>130</ns3:hr>
            <ns3:cad>79</ns3:cad>
          </ns3:TrackPointExtension>
        </extensions>
      </trkpt>
      <trkpt lat="31.27835352905094623565673828125" lon="121.368029415607452392578125">
        <ele>10</ele>
        <time>2026-05-30T00:57:27.000Z</time>
        <extensions>
          <ns3:TrackPointExtension>
            <ns3:hr>130</ns3:hr>
            <ns3:cad>79</ns3:cad>
          </ns3:TrackPointExtension>
        </extensions>
      </trkpt>
      <trkpt lat="31.27833626233041286468505859375" lon="121.3680071197450160980224609375">
        <ele>10</ele>
        <time>2026-05-30T00:57:28.000Z</time>
        <extensions>
          <ns3:TrackPointExtension>
            <ns3:hr>130</ns3:hr>
            <ns3:cad>80</ns3:cad>
          </ns3:TrackPointExtension>
        </extensions>
      </trkpt>
      <trkpt lat="31.27831949852406978607177734375" lon="121.36798381805419921875">
        <ele>10</ele>
        <time>2026-05-30T00:57:29.000Z</time>
        <extensions>
          <ns3:TrackPointExtension>
            <ns3:hr>130</ns3:hr>
            <ns3:cad>80</ns3:cad>
          </ns3:TrackPointExtension>
        </extensions>
      </trkpt>
      <trkpt lat="31.27830860204994678497314453125" lon="121.36795573867857456207275390625">
        <ele>9.80000019073486328125</ele>
        <time>2026-05-30T00:57:30.000Z</time>
        <extensions>
          <ns3:TrackPointExtension>
            <ns3:hr>130</ns3:hr>
            <ns3:cad>80</ns3:cad>
          </ns3:TrackPointExtension>
        </extensions>
      </trkpt>
      <trkpt lat="31.27830122597515583038330078125" lon="121.3679279945790767669677734375">
        <ele>9.80000019073486328125</ele>
        <time>2026-05-30T00:57:31.000Z</time>
        <extensions>
          <ns3:TrackPointExtension>
            <ns3:hr>130</ns3:hr>
            <ns3:cad>80</ns3:cad>
          </ns3:TrackPointExtension>
        </extensions>
      </trkpt>
      <trkpt lat="31.2782942689955234527587890625" lon="121.36790134012699127197265625">
        <ele>9.80000019073486328125</ele>
        <time>2026-05-30T00:57:32.000Z</time>
        <extensions>
          <ns3:TrackPointExtension>
            <ns3:hr>131</ns3:hr>
            <ns3:cad>80</ns3:cad>
          </ns3:TrackPointExtension>
        </extensions>
      </trkpt>
      <trkpt lat="31.2782895751297473907470703125" lon="121.36787292547523975372314453125">
        <ele>9.6000003814697265625</ele>
        <time>2026-05-30T00:57:33.000Z</time>
        <extensions>
          <ns3:TrackPointExtension>
            <ns3:hr>131</ns3:hr>
            <ns3:cad>81</ns3:cad>
          </ns3:TrackPointExtension>
        </extensions>
      </trkpt>
      <trkpt lat="31.27828815020620822906494140625" lon="121.3678418286144733428955078125">
        <ele>9.6000003814697265625</ele>
        <time>2026-05-30T00:57:34.000Z</time>
        <extensions>
          <ns3:TrackPointExtension>
            <ns3:hr>131</ns3:hr>
            <ns3:cad>81</ns3:cad>
          </ns3:TrackPointExtension>
        </extensions>
      </trkpt>
      <trkpt lat="31.2782840430736541748046875" lon="121.36781475506722927093505859375">
        <ele>9.3999996185302734375</ele>
        <time>2026-05-30T00:57:35.000Z</time>
        <extensions>
          <ns3:TrackPointExtension>
            <ns3:hr>132</ns3:hr>
            <ns3:cad>81</ns3:cad>
          </ns3:TrackPointExtension>
        </extensions>
      </trkpt>
      <trkpt lat="31.2782867252826690673828125" lon="121.36778592132031917572021484375">
        <ele>9.3999996185302734375</ele>
        <time>2026-05-30T00:57:36.000Z</time>
        <extensions>
          <ns3:TrackPointExtension>
            <ns3:hr>132</ns3:hr>
            <ns3:cad>81</ns3:cad>
          </ns3:TrackPointExtension>
        </extensions>
      </trkpt>
      <trkpt lat="31.278289742767810821533203125" lon="121.36775708757340908050537109375">
        <ele>9.3999996185302734375</ele>
        <time>2026-05-30T00:57:37.000Z</time>
        <extensions>
          <ns3:TrackPointExtension>
            <ns3:hr>132</ns3:hr>
            <ns3:cad>81</ns3:cad>
          </ns3:TrackPointExtension>
        </extensions>
      </trkpt>
      <trkpt lat="31.2782929278910160064697265625" lon="121.36773412115871906280517578125">
        <ele>9.3999996185302734375</ele>
        <time>2026-05-30T00:57:38.000Z</time>
        <extensions>
          <ns3:TrackPointExtension>
            <ns3:hr>132</ns3:hr>
            <ns3:cad>81</ns3:cad>
          </ns3:TrackPointExtension>
        </extensions>
      </trkpt>
      <trkpt lat="31.27829837612807750701904296875" lon="121.36770495213568210601806640625">
        <ele>9.19999980926513671875</ele>
        <time>2026-05-30T00:57:39.000Z</time>
        <extensions>
          <ns3:TrackPointExtension>
            <ns3:hr>132</ns3:hr>
            <ns3:cad>81</ns3:cad>
          </ns3:TrackPointExtension>
        </extensions>
      </trkpt>
      <trkpt lat="31.2783073447644710540771484375" lon="121.36767762713134288787841796875">
        <ele>9.19999980926513671875</ele>
        <time>2026-05-30T00:57:40.000Z</time>
        <extensions>
          <ns3:TrackPointExtension>
            <ns3:hr>132</ns3:hr>
            <ns3:cad>81</ns3:cad>
          </ns3:TrackPointExtension>
        </extensions>
      </trkpt>
      <trkpt lat="31.278317905962467193603515625" lon="121.36765231378376483917236328125">
        <ele>9.19999980926513671875</ele>
        <time>2026-05-30T00:57:41.000Z</time>
        <extensions>
          <ns3:TrackPointExtension>
            <ns3:hr>132</ns3:hr>
            <ns3:cad>81</ns3:cad>
          </ns3:TrackPointExtension>
        </extensions>
      </trkpt>
      <trkpt lat="31.278330646455287933349609375" lon="121.36762582696974277496337890625">
        <ele>9</ele>
        <time>2026-05-30T00:57:42.000Z</time>
        <extensions>
          <ns3:TrackPointExtension>
            <ns3:hr>132</ns3:hr>
            <ns3:cad>80</ns3:cad>
          </ns3:TrackPointExtension>
        </extensions>
      </trkpt>
      <trkpt lat="31.27834062092006206512451171875" lon="121.3675984181463718414306640625">
        <ele>9</ele>
        <time>2026-05-30T00:57:43.000Z</time>
        <extensions>
          <ns3:TrackPointExtension>
            <ns3:hr>132</ns3:hr>
            <ns3:cad>80</ns3:cad>
          </ns3:TrackPointExtension>
        </extensions>
      </trkpt>
      <trkpt lat="31.2783459015190601348876953125" lon="121.36757184751331806182861328125">
        <ele>8.80000019073486328125</ele>
        <time>2026-05-30T00:57:44.000Z</time>
        <extensions>
          <ns3:TrackPointExtension>
            <ns3:hr>132</ns3:hr>
            <ns3:cad>80</ns3:cad>
          </ns3:TrackPointExtension>
        </extensions>
      </trkpt>
      <trkpt lat="31.2783516012132167816162109375" lon="121.36754083447158336639404296875">
        <ele>8.6000003814697265625</ele>
        <time>2026-05-30T00:57:45.000Z</time>
        <extensions>
          <ns3:TrackPointExtension>
            <ns3:hr>132</ns3:hr>
            <ns3:cad>81</ns3:cad>
          </ns3:TrackPointExtension>
        </extensions>
      </trkpt>
      <trkpt lat="31.27836174331605434417724609375" lon="121.3675162754952907562255859375">
        <ele>8.3999996185302734375</ele>
        <time>2026-05-30T00:57:46.000Z</time>
        <extensions>
          <ns3:TrackPointExtension>
            <ns3:hr>132</ns3:hr>
            <ns3:cad>81</ns3:cad>
          </ns3:TrackPointExtension>
        </extensions>
      </trkpt>
      <trkpt lat="31.27837062813341617584228515625" lon="121.3674889504909515380859375">
        <ele>8.19999980926513671875</ele>
        <time>2026-05-30T00:57:47.000Z</time>
        <extensions>
          <ns3:TrackPointExtension>
            <ns3:hr>131</ns3:hr>
            <ns3:cad>81</ns3:cad>
          </ns3:TrackPointExtension>
        </extensions>
      </trkpt>
      <trkpt lat="31.27838194370269775390625" lon="121.36746338568627834320068359375">
        <ele>8.19999980926513671875</ele>
        <time>2026-05-30T00:57:48.000Z</time>
        <extensions>
          <ns3:TrackPointExtension>
            <ns3:hr>132</ns3:hr>
            <ns3:cad>81</ns3:cad>
          </ns3:TrackPointExtension>
        </extensions>
      </trkpt>
      <trkpt lat="31.27839040942490100860595703125" lon="121.36743572540581226348876953125">
        <ele>8</ele>
        <time>2026-05-30T00:57:49.000Z</time>
        <extensions>
          <ns3:TrackPointExtension>
            <ns3:hr>132</ns3:hr>
            <ns3:cad>81</ns3:cad>
          </ns3:TrackPointExtension>
        </extensions>
      </trkpt>
      <trkpt lat="31.27840046770870685577392578125" lon="121.3674042932689189910888671875">
        <ele>8</ele>
        <time>2026-05-30T00:57:50.000Z</time>
        <extensions>
          <ns3:TrackPointExtension>
            <ns3:hr>132</ns3:hr>
            <ns3:cad>81</ns3:cad>
          </ns3:TrackPointExtension>
        </extensions>
      </trkpt>
      <trkpt lat="31.27841086126863956451416015625" lon="121.36738023720681667327880859375">
        <ele>8.19999980926513671875</ele>
        <time>2026-05-30T00:57:51.000Z</time>
        <extensions>
          <ns3:TrackPointExtension>
            <ns3:hr>132</ns3:hr>
            <ns3:cad>81</ns3:cad>
          </ns3:TrackPointExtension>
        </extensions>
      </trkpt>
      <trkpt lat="31.2784230150282382965087890625" lon="121.3673575222492218017578125">
        <ele>8.3999996185302734375</ele>
        <time>2026-05-30T00:57:52.000Z</time>
        <extensions>
          <ns3:TrackPointExtension>
            <ns3:hr>132</ns3:hr>
            <ns3:cad>82</ns3:cad>
          </ns3:TrackPointExtension>
        </extensions>
      </trkpt>
      <trkpt lat="31.27843466587364673614501953125" lon="121.36733313091099262237548828125">
        <ele>8.3999996185302734375</ele>
        <time>2026-05-30T00:57:53.000Z</time>
        <extensions>
          <ns3:TrackPointExtension>
            <ns3:hr>132</ns3:hr>
            <ns3:cad>82</ns3:cad>
          </ns3:TrackPointExtension>
        </extensions>
      </trkpt>
      <trkpt lat="31.2784474901854991912841796875" lon="121.367310583591461181640625">
        <ele>8.6000003814697265625</ele>
        <time>2026-05-30T00:57:54.000Z</time>
        <extensions>
          <ns3:TrackPointExtension>
            <ns3:hr>132</ns3:hr>
            <ns3:cad>82</ns3:cad>
          </ns3:TrackPointExtension>
        </extensions>
      </trkpt>
      <trkpt lat="31.27846383489668369293212890625" lon="121.36729256249964237213134765625">
        <ele>8.6000003814697265625</ele>
        <time>2026-05-30T00:57:55.000Z</time>
        <extensions>
          <ns3:TrackPointExtension>
            <ns3:hr>132</ns3:hr>
            <ns3:cad>82</ns3:cad>
          </ns3:TrackPointExtension>
        </extensions>
      </trkpt>
      <trkpt lat="31.27848512493073940277099609375" lon="121.36727579869329929351806640625">
        <ele>8.6000003814697265625</ele>
        <time>2026-05-30T00:57:56.000Z</time>
        <extensions>
          <ns3:TrackPointExtension>
            <ns3:hr>132</ns3:hr>
            <ns3:cad>81</ns3:cad>
          </ns3:TrackPointExtension>
        </extensions>
      </trkpt>
      <trkpt lat="31.27850641496479511260986328125" lon="121.36726171709597110748291015625">
        <ele>8.6000003814697265625</ele>
        <time>2026-05-30T00:57:57.000Z</time>
        <extensions>
          <ns3:TrackPointExtension>
            <ns3:hr>132</ns3:hr>
            <ns3:cad>81</ns3:cad>
          </ns3:TrackPointExtension>
        </extensions>
      </trkpt>
      <trkpt lat="31.2785339914262294769287109375" lon="121.3672544248402118682861328125">
        <ele>8.3999996185302734375</ele>
        <time>2026-05-30T00:57:58.000Z</time>
        <extensions>
          <ns3:TrackPointExtension>
            <ns3:hr>132</ns3:hr>
            <ns3:cad>80</ns3:cad>
          </ns3:TrackPointExtension>
        </extensions>
      </trkpt>
      <trkpt lat="31.27856022678315639495849609375" lon="121.36725786142051219940185546875">
        <ele>8.3999996185302734375</ele>
        <time>2026-05-30T00:57:59.000Z</time>
        <extensions>
          <ns3:TrackPointExtension>
            <ns3:hr>132</ns3:hr>
            <ns3:cad>80</ns3:cad>
          </ns3:TrackPointExtension>
        </extensions>
      </trkpt>
      <trkpt lat="31.2785802595317363739013671875" lon="121.367260627448558807373046875">
        <ele>8.3999996185302734375</ele>
        <time>2026-05-30T00:58:00.000Z</time>
        <extensions>
          <ns3:TrackPointExtension>
            <ns3:hr>131</ns3:hr>
            <ns3:cad>80</ns3:cad>
          </ns3:TrackPointExtension>
        </extensions>
      </trkpt>
      <trkpt lat="31.27860230393707752227783203125" lon="121.3672628067433834075927734375">
        <ele>8.3999996185302734375</ele>
        <time>2026-05-30T00:58:01.000Z</time>
        <extensions>
          <ns3:TrackPointExtension>
            <ns3:hr>132</ns3:hr>
            <ns3:cad>79</ns3:cad>
          </ns3:TrackPointExtension>
        </extensions>
      </trkpt>
      <trkpt lat="31.2786275334656238555908203125" lon="121.3672668300569057464599609375">
        <ele>8.3999996185302734375</ele>
        <time>2026-05-30T00:58:02.000Z</time>
        <extensions>
          <ns3:TrackPointExtension>
            <ns3:hr>131</ns3:hr>
            <ns3:cad>79</ns3:cad>
          </ns3:TrackPointExtension>
        </extensions>
      </trkpt>
      <trkpt lat="31.2786489911377429962158203125" lon="121.36727496050298213958740234375">
        <ele>8.6000003814697265625</ele>
        <time>2026-05-30T00:58:03.000Z</time>
        <extensions>
          <ns3:TrackPointExtension>
            <ns3:hr>131</ns3:hr>
            <ns3:cad>79</ns3:cad>
          </ns3:TrackPointExtension>
        </extensions>
      </trkpt>
      <trkpt lat="31.2786701135337352752685546875" lon="121.36727906763553619384765625">
        <ele>8.6000003814697265625</ele>
        <time>2026-05-30T00:58:04.000Z</time>
        <extensions>
          <ns3:TrackPointExtension>
            <ns3:hr>132</ns3:hr>
            <ns3:cad>79</ns3:cad>
          </ns3:TrackPointExtension>
        </extensions>
      </trkpt>
      <trkpt lat="31.27869048155844211578369140625" lon="121.367284767329692840576171875">
        <ele>8.80000019073486328125</ele>
        <time>2026-05-30T00:58:05.000Z</time>
        <extensions>
          <ns3:TrackPointExtension>
            <ns3:hr>132</ns3:hr>
            <ns3:cad>80</ns3:cad>
          </ns3:TrackPointExtension>
        </extensions>
      </trkpt>
      <trkpt lat="31.27871059812605381011962890625" lon="121.36729055084288120269775390625">
        <ele>8.80000019073486328125</ele>
        <time>2026-05-30T00:58:06.000Z</time>
        <extensions>
          <ns3:TrackPointExtension>
            <ns3:hr>132</ns3:hr>
            <ns3:cad>80</ns3:cad>
          </ns3:TrackPointExtension>
        </extensions>
      </trkpt>
      <trkpt lat="31.2787319719791412353515625" lon="121.36729591526091098785400390625">
        <ele>9</ele>
        <time>2026-05-30T00:58:07.000Z</time>
        <extensions>
          <ns3:TrackPointExtension>
            <ns3:hr>132</ns3:hr>
            <ns3:cad>80</ns3:cad>
          </ns3:TrackPointExtension>
        </extensions>
      </trkpt>
      <trkpt lat="31.27875401638448238372802734375" lon="121.3673027046024799346923828125">
        <ele>9</ele>
        <time>2026-05-30T00:58:08.000Z</time>
        <extensions>
          <ns3:TrackPointExtension>
            <ns3:hr>132</ns3:hr>
            <ns3:cad>80</ns3:cad>
          </ns3:TrackPointExtension>
        </extensions>
      </trkpt>
      <trkpt lat="31.278773881494998931884765625" lon="121.3673097454011440277099609375">
        <ele>9</ele>
        <time>2026-05-30T00:58:09.000Z</time>
        <extensions>
          <ns3:TrackPointExtension>
            <ns3:hr>131</ns3:hr>
            <ns3:cad>80</ns3:cad>
          </ns3:TrackPointExtension>
        </extensions>
      </trkpt>
      <trkpt lat="31.2787936627864837646484375" lon="121.36731217615306377410888671875">
        <ele>9.19999980926513671875</ele>
        <time>2026-05-30T00:58:10.000Z</time>
        <extensions>
          <ns3:TrackPointExtension>
            <ns3:hr>132</ns3:hr>
            <ns3:cad>80</ns3:cad>
          </ns3:TrackPointExtension>
        </extensions>
      </trkpt>
      <trkpt lat="31.2788146175444126129150390625" lon="121.367313601076602935791015625">
        <ele>9.3999996185302734375</ele>
        <time>2026-05-30T00:58:11.000Z</time>
        <extensions>
          <ns3:TrackPointExtension>
            <ns3:hr>132</ns3:hr>
            <ns3:cad>80</ns3:cad>
          </ns3:TrackPointExtension>
        </extensions>
      </trkpt>
      <trkpt lat="31.278834231197834014892578125" lon="121.3673167861998081207275390625">
        <ele>9.3999996185302734375</ele>
        <time>2026-05-30T00:58:12.000Z</time>
        <extensions>
          <ns3:TrackPointExtension>
            <ns3:hr>132</ns3:hr>
            <ns3:cad>80</ns3:cad>
          </ns3:TrackPointExtension>
        </extensions>
      </trkpt>
      <trkpt lat="31.2788541801273822784423828125" lon="121.36731795966625213623046875">
        <ele>9.6000003814697265625</ele>
        <time>2026-05-30T00:58:13.000Z</time>
        <extensions>
          <ns3:TrackPointExtension>
            <ns3:hr>132</ns3:hr>
            <ns3:cad>79</ns3:cad>
          </ns3:TrackPointExtension>
        </extensions>
      </trkpt>
      <trkpt lat="31.27887555398046970367431640625" lon="121.3673211447894573211669921875">
        <ele>9.6000003814697265625</ele>
        <time>2026-05-30T00:58:14.000Z</time>
        <extensions>
          <ns3:TrackPointExtension>
            <ns3:hr>132</ns3:hr>
            <ns3:cad>79</ns3:cad>
          </ns3:TrackPointExtension>
        </extensions>
      </trkpt>
      <trkpt lat="31.278895251452922821044921875" lon="121.3673208095133304595947265625">
        <ele>9.80000019073486328125</ele>
        <time>2026-05-30T00:58:15.000Z</time>
        <extensions>
          <ns3:TrackPointExtension>
            <ns3:hr>133</ns3:hr>
            <ns3:cad>79</ns3:cad>
          </ns3:TrackPointExtension>
        </extensions>
      </trkpt>
      <trkpt lat="31.27891142852604389190673828125" lon="121.36731988750398159027099609375">
        <ele>9.80000019073486328125</ele>
        <time>2026-05-30T00:58:16.000Z</time>
        <extensions>
          <ns3:TrackPointExtension>
            <ns3:hr>133</ns3:hr>
            <ns3:cad>79</ns3:cad>
          </ns3:TrackPointExtension>
        </extensions>
      </trkpt>
      <trkpt lat="31.27893104217946529388427734375" lon="121.36732223443686962127685546875">
        <ele>10</ele>
        <time>2026-05-30T00:58:17.000Z</time>
        <extensions>
          <ns3:TrackPointExtension>
            <ns3:hr>134</ns3:hr>
            <ns3:cad>79</ns3:cad>
          </ns3:TrackPointExtension>
        </extensions>
      </trkpt>
      <trkpt lat="31.2789527513086795806884765625" lon="121.3673258386552333831787109375">
        <ele>10</ele>
        <time>2026-05-30T00:58:18.000Z</time>
        <extensions>
          <ns3:TrackPointExtension>
            <ns3:hr>134</ns3:hr>
            <ns3:cad>79</ns3:cad>
          </ns3:TrackPointExtension>
        </extensions>
      </trkpt>
      <trkpt lat="31.27897270023822784423828125" lon="121.3673231564462184906005859375">
        <ele>10.19999980926513671875</ele>
        <time>2026-05-30T00:58:19.000Z</time>
        <extensions>
          <ns3:TrackPointExtension>
            <ns3:hr>135</ns3:hr>
            <ns3:cad>79</ns3:cad>
          </ns3:TrackPointExtension>
        </extensions>
      </trkpt>
      <trkpt lat="31.278994493186473846435546875" lon="121.36732223443686962127685546875">
        <ele>10.19999980926513671875</ele>
        <time>2026-05-30T00:58:20.000Z</time>
        <extensions>
          <ns3:TrackPointExtension>
            <ns3:hr>135</ns3:hr>
            <ns3:cad>79</ns3:cad>
          </ns3:TrackPointExtension>
        </extensions>
      </trkpt>
      <trkpt lat="31.2790137715637683868408203125" lon="121.36732039041817188262939453125">
        <ele>10.19999980926513671875</ele>
        <time>2026-05-30T00:58:21.000Z</time>
        <extensions>
          <ns3:TrackPointExtension>
            <ns3:hr>135</ns3:hr>
            <ns3:cad>79</ns3:cad>
          </ns3:TrackPointExtension>
        </extensions>
      </trkpt>
      <trkpt lat="31.27903648652136325836181640625" lon="121.36731821112334728240966796875">
        <ele>10.19999980926513671875</ele>
        <time>2026-05-30T00:58:22.000Z</time>
        <extensions>
          <ns3:TrackPointExtension>
            <ns3:hr>135</ns3:hr>
            <ns3:cad>79</ns3:cad>
          </ns3:TrackPointExtension>
        </extensions>
      </trkpt>
      <trkpt lat="31.27905895002186298370361328125" lon="121.36731787584722042083740234375">
        <ele>10.19999980926513671875</ele>
        <time>2026-05-30T00:58:23.000Z</time>
        <extensions>
          <ns3:TrackPointExtension>
            <ns3:hr>135</ns3:hr>
            <ns3:cad>79</ns3:cad>
          </ns3:TrackPointExtension>
        </extensions>
      </trkpt>
      <trkpt lat="31.2790788151323795318603515625" lon="121.36731795966625213623046875">
        <ele>10.19999980926513671875</ele>
        <time>2026-05-30T00:58:24.000Z</time>
        <extensions>
          <ns3:TrackPointExtension>
            <ns3:hr>134</ns3:hr>
            <ns3:cad>79</ns3:cad>
          </ns3:TrackPointExtension>
        </extensions>
      </trkpt>
      <trkpt lat="31.27909935079514980316162109375" lon="121.36731469072401523590087890625">
        <ele>10.19999980926513671875</ele>
        <time>2026-05-30T00:58:25.000Z</time>
        <extensions>
          <ns3:TrackPointExtension>
            <ns3:hr>134</ns3:hr>
            <ns3:cad>79</ns3:cad>
          </ns3:TrackPointExtension>
        </extensions>
      </trkpt>
      <trkpt lat="31.27912156283855438232421875" lon="121.36731049977242946624755859375">
        <ele>10.19999980926513671875</ele>
        <time>2026-05-30T00:58:26.000Z</time>
        <extensions>
          <ns3:TrackPointExtension>
            <ns3:hr>134</ns3:hr>
            <ns3:cad>79</ns3:cad>
          </ns3:TrackPointExtension>
        </extensions>
      </trkpt>
      <trkpt lat="31.27914276905357837677001953125" lon="121.3673090748488903045654296875">
        <ele>10.19999980926513671875</ele>
        <time>2026-05-30T00:58:27.000Z</time>
        <extensions>
          <ns3:TrackPointExtension>
            <ns3:hr>135</ns3:hr>
            <ns3:cad>79</ns3:cad>
          </ns3:TrackPointExtension>
        </extensions>
      </trkpt>
      <trkpt lat="31.27916607074439525604248046875" lon="121.3673063926398754119873046875">
        <ele>10.19999980926513671875</ele>
        <time>2026-05-30T00:58:28.000Z</time>
        <extensions>
          <ns3:TrackPointExtension>
            <ns3:hr>134</ns3:hr>
            <ns3:cad>79</ns3:cad>
          </ns3:TrackPointExtension>
        </extensions>
      </trkpt>
      <trkpt lat="31.27919037826359272003173828125" lon="121.3673020340502262115478515625">
        <ele>10.19999980926513671875</ele>
        <time>2026-05-30T00:58:29.000Z</time>
        <extensions>
          <ns3:TrackPointExtension>
            <ns3:hr>135</ns3:hr>
            <ns3:cad>80</ns3:cad>
          </ns3:TrackPointExtension>
        </extensions>
      </trkpt>
      <trkpt lat="31.2792094051837921142578125" lon="121.3673003576695919036865234375">
        <ele>10.19999980926513671875</ele>
        <time>2026-05-30T00:58:30.000Z</time>
        <extensions>
          <ns3:TrackPointExtension>
            <ns3:hr>135</ns3:hr>
            <ns3:cad>80</ns3:cad>
          </ns3:TrackPointExtension>
        </extensions>
      </trkpt>
      <trkpt lat="31.2792300246655941009521484375" lon="121.36730010621249675750732421875">
        <ele>10</ele>
        <time>2026-05-30T00:58:31.000Z</time>
        <extensions>
          <ns3:TrackPointExtension>
            <ns3:hr>134</ns3:hr>
            <ns3:cad>80</ns3:cad>
          </ns3:TrackPointExtension>
        </extensions>
      </trkpt>
      <trkpt lat="31.27925290726125240325927734375" lon="121.3672966696321964263916015625">
        <ele>10</ele>
        <time>2026-05-30T00:58:32.000Z</time>
        <extensions>
          <ns3:TrackPointExtension>
            <ns3:hr>134</ns3:hr>
            <ns3:cad>80</ns3:cad>
          </ns3:TrackPointExtension>
        </extensions>
      </trkpt>
      <trkpt lat="31.27927352674305438995361328125" lon="121.36729373596608638763427734375">
        <ele>9.80000019073486328125</ele>
        <time>2026-05-30T00:58:33.000Z</time>
        <extensions>
          <ns3:TrackPointExtension>
            <ns3:hr>134</ns3:hr>
            <ns3:cad>80</ns3:cad>
          </ns3:TrackPointExtension>
        </extensions>
      </trkpt>
      <trkpt lat="31.27929565496742725372314453125" lon="121.367291472852230072021484375">
        <ele>9.80000019073486328125</ele>
        <time>2026-05-30T00:58:34.000Z</time>
        <extensions>
          <ns3:TrackPointExtension>
            <ns3:hr>135</ns3:hr>
            <ns3:cad>80</ns3:cad>
          </ns3:TrackPointExtension>
        </extensions>
      </trkpt>
      <trkpt lat="31.27931878902018070220947265625" lon="121.3672892935574054718017578125">
        <ele>9.80000019073486328125</ele>
        <time>2026-05-30T00:58:35.000Z</time>
        <extensions>
          <ns3:TrackPointExtension>
            <ns3:hr>134</ns3:hr>
            <ns3:cad>80</ns3:cad>
          </ns3:TrackPointExtension>
        </extensions>
      </trkpt>
      <trkpt lat="31.27933924086391925811767578125" lon="121.3672802411019802093505859375">
        <ele>9.80000019073486328125</ele>
        <time>2026-05-30T00:58:36.000Z</time>
        <extensions>
          <ns3:TrackPointExtension>
            <ns3:hr>135</ns3:hr>
            <ns3:cad>80</ns3:cad>
          </ns3:TrackPointExtension>
        </extensions>
      </trkpt>
      <trkpt lat="31.27935885451734066009521484375" lon="121.36727361939847469329833984375">
        <ele>9.80000019073486328125</ele>
        <time>2026-05-30T00:58:37.000Z</time>
        <extensions>
          <ns3:TrackPointExtension>
            <ns3:hr>134</ns3:hr>
            <ns3:cad>80</ns3:cad>
          </ns3:TrackPointExtension>
        </extensions>
      </trkpt>
      <trkpt lat="31.2793778814375400543212890625" lon="121.36726406402885913848876953125">
        <ele>9.6000003814697265625</ele>
        <time>2026-05-30T00:58:38.000Z</time>
        <extensions>
          <ns3:TrackPointExtension>
            <ns3:hr>134</ns3:hr>
            <ns3:cad>80</ns3:cad>
          </ns3:TrackPointExtension>
        </extensions>
      </trkpt>
      <trkpt lat="31.2793973274528980255126953125" lon="121.36725149117410182952880859375">
        <ele>9.6000003814697265625</ele>
        <time>2026-05-30T00:58:39.000Z</time>
        <extensions>
          <ns3:TrackPointExtension>
            <ns3:hr>134</ns3:hr>
            <ns3:cad>80</ns3:cad>
          </ns3:TrackPointExtension>
        </extensions>
      </trkpt>
      <trkpt lat="31.27941383980214595794677734375" lon="121.36724176816642284393310546875">
        <ele>9.6000003814697265625</ele>
        <time>2026-05-30T00:58:40.000Z</time>
        <extensions>
          <ns3:TrackPointExtension>
            <ns3:hr>134</ns3:hr>
            <ns3:cad>79</ns3:cad>
          </ns3:TrackPointExtension>
        </extensions>
      </trkpt>
      <trkpt lat="31.27943404018878936767578125" lon="121.3672289438545703887939453125">
        <ele>9.3999996185302734375</ele>
        <time>2026-05-30T00:58:41.000Z</time>
        <extensions>
          <ns3:TrackPointExtension>
            <ns3:hr>134</ns3:hr>
            <ns3:cad>79</ns3:cad>
          </ns3:TrackPointExtension>
        </extensions>
      </trkpt>
      <trkpt lat="31.27945591695606708526611328125" lon="121.36721561662852764129638671875">
        <ele>9.3999996185302734375</ele>
        <time>2026-05-30T00:58:42.000Z</time>
        <extensions>
          <ns3:TrackPointExtension>
            <ns3:hr>134</ns3:hr>
            <ns3:cad>79</ns3:cad>
          </ns3:TrackPointExtension>
        </extensions>
      </trkpt>
      <trkpt lat="31.27947603352367877960205078125" lon="121.36720287613570690155029296875">
        <ele>9.3999996185302734375</ele>
        <time>2026-05-30T00:58:43.000Z</time>
        <extensions>
          <ns3:TrackPointExtension>
            <ns3:hr>134</ns3:hr>
            <ns3:cad>79</ns3:cad>
          </ns3:TrackPointExtension>
        </extensions>
      </trkpt>
      <trkpt lat="31.279497407376766204833984375" lon="121.36719164438545703887939453125">
        <ele>9.3999996185302734375</ele>
        <time>2026-05-30T00:58:44.000Z</time>
        <extensions>
          <ns3:TrackPointExtension>
            <ns3:hr>134</ns3:hr>
            <ns3:cad>81</ns3:cad>
          </ns3:TrackPointExtension>
        </extensions>
      </trkpt>
      <trkpt lat="31.27951492555439472198486328125" lon="121.36717789806425571441650390625">
        <ele>9.19999980926513671875</ele>
        <time>2026-05-30T00:58:45.000Z</time>
        <extensions>
          <ns3:TrackPointExtension>
            <ns3:hr>134</ns3:hr>
            <ns3:cad>81</ns3:cad>
          </ns3:TrackPointExtension>
        </extensions>
      </trkpt>
      <trkpt lat="31.2795337848365306854248046875" lon="121.367166750133037567138671875">
        <ele>9.19999980926513671875</ele>
        <time>2026-05-30T00:58:46.000Z</time>
        <extensions>
          <ns3:TrackPointExtension>
            <ns3:hr>134</ns3:hr>
            <ns3:cad>81</ns3:cad>
          </ns3:TrackPointExtension>
        </extensions>
      </trkpt>
      <trkpt lat="31.27955473959445953369140625" lon="121.367155350744724273681640625">
        <ele>9.19999980926513671875</ele>
        <time>2026-05-30T00:58:47.000Z</time>
        <extensions>
          <ns3:TrackPointExtension>
            <ns3:hr>134</ns3:hr>
            <ns3:cad>81</ns3:cad>
          </ns3:TrackPointExtension>
        </extensions>
      </trkpt>
      <trkpt lat="31.27957594580948352813720703125" lon="121.36714336462318897247314453125">
        <ele>9.19999980926513671875</ele>
        <time>2026-05-30T00:58:48.000Z</time>
        <extensions>
          <ns3:TrackPointExtension>
            <ns3:hr>134</ns3:hr>
            <ns3:cad>81</ns3:cad>
          </ns3:TrackPointExtension>
        </extensions>
      </trkpt>
      <trkpt lat="31.27959639765322208404541015625" lon="121.36713213287293910980224609375">
        <ele>9.19999980926513671875</ele>
        <time>2026-05-30T00:58:49.000Z</time>
        <extensions>
          <ns3:TrackPointExtension>
            <ns3:hr>134</ns3:hr>
            <ns3:cad>81</ns3:cad>
          </ns3:TrackPointExtension>
        </extensions>
      </trkpt>
      <trkpt lat="31.27961668185889720916748046875" lon="121.36712106876075267791748046875">
        <ele>9.19999980926513671875</ele>
        <time>2026-05-30T00:58:50.000Z</time>
        <extensions>
          <ns3:TrackPointExtension>
            <ns3:hr>134</ns3:hr>
            <ns3:cad>81</ns3:cad>
          </ns3:TrackPointExtension>
        </extensions>
      </trkpt>
      <trkpt lat="31.27963545732200145721435546875" lon="121.36710883118212223052978515625">
        <ele>9.19999980926513671875</ele>
        <time>2026-05-30T00:58:51.000Z</time>
        <extensions>
          <ns3:TrackPointExtension>
            <ns3:hr>134</ns3:hr>
            <ns3:cad>80</ns3:cad>
          </ns3:TrackPointExtension>
        </extensions>
      </trkpt>
      <trkpt lat="31.27965557388961315155029296875" lon="121.3671008683741092681884765625">
        <ele>9.19999980926513671875</ele>
        <time>2026-05-30T00:58:52.000Z</time>
        <extensions>
          <ns3:TrackPointExtension>
            <ns3:hr>134</ns3:hr>
            <ns3:cad>80</ns3:cad>
          </ns3:TrackPointExtension>
        </extensions>
      </trkpt>
      <trkpt lat="31.27967418171465396881103515625" lon="121.3670901395380496978759765625">
        <ele>9</ele>
        <time>2026-05-30T00:58:53.000Z</time>
        <extensions>
          <ns3:TrackPointExtension>
            <ns3:hr>134</ns3:hr>
            <ns3:cad>80</ns3:cad>
          </ns3:TrackPointExtension>
        </extensions>
      </trkpt>
      <trkpt lat="31.2796906940639019012451171875" lon="121.36708150617778301239013671875">
        <ele>9</ele>
        <time>2026-05-30T00:58:54.000Z</time>
        <extensions>
          <ns3:TrackPointExtension>
            <ns3:hr>133</ns3:hr>
            <ns3:cad>80</ns3:cad>
          </ns3:TrackPointExtension>
        </extensions>
      </trkpt>
      <trkpt lat="31.279710642993450164794921875" lon="121.367069184780120849609375">
        <ele>8.80000019073486328125</ele>
        <time>2026-05-30T00:58:55.000Z</time>
        <extensions>
          <ns3:TrackPointExtension>
            <ns3:hr>133</ns3:hr>
            <ns3:cad>80</ns3:cad>
          </ns3:TrackPointExtension>
        </extensions>
      </trkpt>
      <trkpt lat="31.27973084338009357452392578125" lon="121.36705669574439525604248046875">
        <ele>8.6000003814697265625</ele>
        <time>2026-05-30T00:58:56.000Z</time>
        <extensions>
          <ns3:TrackPointExtension>
            <ns3:hr>132</ns3:hr>
            <ns3:cad>80</ns3:cad>
          </ns3:TrackPointExtension>
        </extensions>
      </trkpt>
      <trkpt lat="31.27974978648126125335693359375" lon="121.3670435361564159393310546875">
        <ele>8.6000003814697265625</ele>
        <time>2026-05-30T00:58:57.000Z</time>
        <extensions>
          <ns3:TrackPointExtension>
            <ns3:hr>132</ns3:hr>
            <ns3:cad>80</ns3:cad>
          </ns3:TrackPointExtension>
        </extensions>
      </trkpt>
      <trkpt lat="31.27976906485855579376220703125" lon="121.36703096330165863037109375">
        <ele>8.3999996185302734375</ele>
        <time>2026-05-30T00:58:58.000Z</time>
        <extensions>
          <ns3:TrackPointExtension>
            <ns3:hr>132</ns3:hr>
            <ns3:cad>80</ns3:cad>
          </ns3:TrackPointExtension>
        </extensions>
      </trkpt>
      <trkpt lat="31.2797932885587215423583984375" lon="121.36702316813170909881591796875">
        <ele>8.3999996185302734375</ele>
        <time>2026-05-30T00:58:59.000Z</time>
        <extensions>
          <ns3:TrackPointExtension>
            <ns3:hr>132</ns3:hr>
            <ns3:cad>80</ns3:cad>
          </ns3:TrackPointExtension>
        </extensions>
      </trkpt>
      <trkpt lat="31.2798147462308406829833984375" lon="121.36701755225658416748046875">
        <ele>8.19999980926513671875</ele>
        <time>2026-05-30T00:59:00.000Z</time>
        <extensions>
          <ns3:TrackPointExtension>
            <ns3:hr>131</ns3:hr>
            <ns3:cad>80</ns3:cad>
          </ns3:TrackPointExtension>
        </extensions>
      </trkpt>
      <trkpt lat="31.27983612008392810821533203125" lon="121.36701160110533237457275390625">
        <ele>8.19999980926513671875</ele>
        <time>2026-05-30T00:59:01.000Z</time>
        <extensions>
          <ns3:TrackPointExtension>
            <ns3:hr>131</ns3:hr>
            <ns3:cad>81</ns3:cad>
          </ns3:TrackPointExtension>
        </extensions>
      </trkpt>
      <trkpt lat="31.27985774539411067962646484375" lon="121.36700673960149288177490234375">
        <ele>8</ele>
        <time>2026-05-30T00:59:02.000Z</time>
        <extensions>
          <ns3:TrackPointExtension>
            <ns3:hr>131</ns3:hr>
            <ns3:cad>81</ns3:cad>
          </ns3:TrackPointExtension>
        </extensions>
      </trkpt>
      <trkpt lat="31.2798814661800861358642578125" lon="121.36700489558279514312744140625">
        <ele>8</ele>
        <time>2026-05-30T00:59:03.000Z</time>
        <extensions>
          <ns3:TrackPointExtension>
            <ns3:hr>131</ns3:hr>
            <ns3:cad>81</ns3:cad>
          </ns3:TrackPointExtension>
        </extensions>
      </trkpt>
      <trkpt lat="31.27990317530930042266845703125" lon="121.3670224137604236602783203125">
        <ele>8</ele>
        <time>2026-05-30T00:59:04.000Z</time>
        <extensions>
          <ns3:TrackPointExtension>
            <ns3:hr>131</ns3:hr>
            <ns3:cad>80</ns3:cad>
          </ns3:TrackPointExtension>
        </extensions>
      </trkpt>
      <trkpt lat="31.2799129821360111236572265625" lon="121.3670525886118412017822265625">
        <ele>8</ele>
        <time>2026-05-30T00:59:05.000Z</time>
        <extensions>
          <ns3:TrackPointExtension>
            <ns3:hr>130</ns3:hr>
            <ns3:cad>80</ns3:cad>
          </ns3:TrackPointExtension>
        </extensions>
      </trkpt>
      <trkpt lat="31.27991289831697940826416015625" lon="121.367083601653575897216796875">
        <ele>8.19999980926513671875</ele>
        <time>2026-05-30T00:59:06.000Z</time>
        <extensions>
          <ns3:TrackPointExtension>
            <ns3:hr>130</ns3:hr>
            <ns3:cad>80</ns3:cad>
          </ns3:TrackPointExtension>
        </extensions>
      </trkpt>
      <trkpt lat="31.27990686334669589996337890625" lon="121.367108412086963653564453125">
        <ele>8.19999980926513671875</ele>
        <time>2026-05-30T00:59:07.000Z</time>
        <extensions>
          <ns3:TrackPointExtension>
            <ns3:hr>130</ns3:hr>
            <ns3:cad>80</ns3:cad>
          </ns3:TrackPointExtension>
        </extensions>
      </trkpt>
      <trkpt lat="31.27989646978676319122314453125" lon="121.36713481508195400238037109375">
        <ele>8.19999980926513671875</ele>
        <time>2026-05-30T00:59:08.000Z</time>
        <extensions>
          <ns3:TrackPointExtension>
            <ns3:hr>130</ns3:hr>
            <ns3:cad>78</ns3:cad>
          </ns3:TrackPointExtension>
        </extensions>
      </trkpt>
      <trkpt lat="31.27988054417073726654052734375" lon="121.3671541772782802581787109375">
        <ele>8.19999980926513671875</ele>
        <time>2026-05-30T00:59:09.000Z</time>
        <extensions>
          <ns3:TrackPointExtension>
            <ns3:hr>130</ns3:hr>
            <ns3:cad>78</ns3:cad>
          </ns3:TrackPointExtension>
        </extensions>
      </trkpt>
      <trkpt lat="31.2798673845827579498291015625" lon="121.36717270128428936004638671875">
        <ele>8.19999980926513671875</ele>
        <time>2026-05-30T00:59:10.000Z</time>
        <extensions>
          <ns3:TrackPointExtension>
            <ns3:hr>130</ns3:hr>
            <ns3:cad>78</ns3:cad>
          </ns3:TrackPointExtension>
        </extensions>
      </trkpt>
      <trkpt lat="31.27985439263284206390380859375" lon="121.36719382368028163909912109375">
        <ele>8.19999980926513671875</ele>
        <time>2026-05-30T00:59:11.000Z</time>
        <extensions>
          <ns3:TrackPointExtension>
            <ns3:hr>130</ns3:hr>
            <ns3:cad>79</ns3:cad>
          </ns3:TrackPointExtension>
        </extensions>
      </trkpt>
      <trkpt lat="31.27984332852065563201904296875" lon="121.3672155328094959259033203125">
        <ele>8.19999980926513671875</ele>
        <time>2026-05-30T00:59:12.000Z</time>
        <extensions>
          <ns3:TrackPointExtension>
            <ns3:hr>130</ns3:hr>
            <ns3:cad>79</ns3:cad>
          </ns3:TrackPointExtension>
        </extensions>
      </trkpt>
      <trkpt lat="31.27983645536005496978759765625" lon="121.36723455972969532012939453125">
        <ele>8.19999980926513671875</ele>
        <time>2026-05-30T00:59:13.000Z</time>
        <extensions>
          <ns3:TrackPointExtension>
            <ns3:hr>130</ns3:hr>
            <ns3:cad>79</ns3:cad>
          </ns3:TrackPointExtension>
        </extensions>
      </trkpt>
      <trkpt lat="31.27983125858008861541748046875" lon="121.3672587834298610687255859375">
        <ele>8.19999980926513671875</ele>
        <time>2026-05-30T00:59:14.000Z</time>
        <extensions>
          <ns3:TrackPointExtension>
            <ns3:hr>130</ns3:hr>
            <ns3:cad>79</ns3:cad>
          </ns3:TrackPointExtension>
        </extensions>
      </trkpt>
      <trkpt lat="31.2798278219997882843017578125" lon="121.36728267185389995574951171875">
        <ele>8</ele>
        <time>2026-05-30T00:59:15.000Z</time>
        <extensions>
          <ns3:TrackPointExtension>
            <ns3:hr>130</ns3:hr>
            <ns3:cad>79</ns3:cad>
          </ns3:TrackPointExtension>
        </extensions>
      </trkpt>
      <trkpt lat="31.27982639707624912261962890625" lon="121.3673043809831142425537109375">
        <ele>8</ele>
        <time>2026-05-30T00:59:16.000Z</time>
        <extensions>
          <ns3:TrackPointExtension>
            <ns3:hr>129</ns3:hr>
            <ns3:cad>79</ns3:cad>
          </ns3:TrackPointExtension>
        </extensions>
      </trkpt>
      <trkpt lat="31.27981734462082386016845703125" lon="121.3673298619687557220458984375">
        <ele>8</ele>
        <time>2026-05-30T00:59:17.000Z</time>
        <extensions>
          <ns3:TrackPointExtension>
            <ns3:hr>129</ns3:hr>
            <ns3:cad>79</ns3:cad>
          </ns3:TrackPointExtension>
        </extensions>
      </trkpt>
      <trkpt lat="31.2798090465366840362548828125" lon="121.36735282838344573974609375">
        <ele>8</ele>
        <time>2026-05-30T00:59:18.000Z</time>
        <extensions>
          <ns3:TrackPointExtension>
            <ns3:hr>129</ns3:hr>
            <ns3:cad>79</ns3:cad>
          </ns3:TrackPointExtension>
        </extensions>
      </trkpt>
      <trkpt lat="31.27980175428092479705810546875" lon="121.36737587861716747283935546875">
        <ele>8</ele>
        <time>2026-05-30T00:59:19.000Z</time>
        <extensions>
          <ns3:TrackPointExtension>
            <ns3:hr>129</ns3:hr>
            <ns3:cad>79</ns3:cad>
          </ns3:TrackPointExtension>
        </extensions>
      </trkpt>
      <trkpt lat="31.27979354001581668853759765625" lon="121.367402784526348114013671875">
        <ele>8</ele>
        <time>2026-05-30T00:59:20.000Z</time>
        <extensions>
          <ns3:TrackPointExtension>
            <ns3:hr>129</ns3:hr>
            <ns3:cad>79</ns3:cad>
          </ns3:TrackPointExtension>
        </extensions>
      </trkpt>
      <trkpt lat="31.2797855772078037261962890625" lon="121.36742751114070415496826171875">
        <ele>8</ele>
        <time>2026-05-30T00:59:21.000Z</time>
        <extensions>
          <ns3:TrackPointExtension>
            <ns3:hr>128</ns3:hr>
            <ns3:cad>79</ns3:cad>
          </ns3:TrackPointExtension>
        </extensions>
      </trkpt>
      <trkpt lat="31.27978046424686908721923828125" lon="121.3674482144415378570556640625">
        <ele>8</ele>
        <time>2026-05-30T00:59:22.000Z</time>
        <extensions>
          <ns3:TrackPointExtension>
            <ns3:hr>129</ns3:hr>
            <ns3:cad>79</ns3:cad>
          </ns3:TrackPointExtension>
        </extensions>
      </trkpt>
      <trkpt lat="31.279777027666568756103515625" lon="121.36747260577976703643798828125">
        <ele>8</ele>
        <time>2026-05-30T00:59:23.000Z</time>
        <extensions>
          <ns3:TrackPointExtension>
            <ns3:hr>128</ns3:hr>
            <ns3:cad>80</ns3:cad>
          </ns3:TrackPointExtension>
        </extensions>
      </trkpt>
      <trkpt lat="31.2797718308866024017333984375" lon="121.367496661841869354248046875">
        <ele>8</ele>
        <time>2026-05-30T00:59:24.000Z</time>
        <extensions>
          <ns3:TrackPointExtension>
            <ns3:hr>128</ns3:hr>
            <ns3:cad>80</ns3:cad>
          </ns3:TrackPointExtension>
        </extensions>
      </trkpt>
      <trkpt lat="31.27976663410663604736328125" lon="121.36752046644687652587890625">
        <ele>8</ele>
        <time>2026-05-30T00:59:25.000Z</time>
        <extensions>
          <ns3:TrackPointExtension>
            <ns3:hr>128</ns3:hr>
            <ns3:cad>80</ns3:cad>
          </ns3:TrackPointExtension>
        </extensions>
      </trkpt>
      <trkpt lat="31.279760263860225677490234375" lon="121.36754452250897884368896484375">
        <ele>8.19999980926513671875</ele>
        <time>2026-05-30T00:59:26.000Z</time>
        <extensions>
          <ns3:TrackPointExtension>
            <ns3:hr>128</ns3:hr>
            <ns3:cad>80</ns3:cad>
          </ns3:TrackPointExtension>
        </extensions>
      </trkpt>
      <trkpt lat="31.27975582145154476165771484375" lon="121.3675662316381931304931640625">
        <ele>8.19999980926513671875</ele>
        <time>2026-05-30T00:59:27.000Z</time>
        <extensions>
          <ns3:TrackPointExtension>
            <ns3:hr>128</ns3:hr>
            <ns3:cad>80</ns3:cad>
          </ns3:TrackPointExtension>
        </extensions>
      </trkpt>
      <trkpt lat="31.2797503732144832611083984375" lon="121.36758911423385143280029296875">
        <ele>8.19999980926513671875</ele>
        <time>2026-05-30T00:59:28.000Z</time>
        <extensions>
          <ns3:TrackPointExtension>
            <ns3:hr>128</ns3:hr>
            <ns3:cad>80</ns3:cad>
          </ns3:TrackPointExtension>
        </extensions>
      </trkpt>
      <trkpt lat="31.279741823673248291015625" lon="121.3676123321056365966796875">
        <ele>8.19999980926513671875</ele>
        <time>2026-05-30T00:59:29.000Z</time>
        <extensions>
          <ns3:TrackPointExtension>
            <ns3:hr>128</ns3:hr>
            <ns3:cad>80</ns3:cad>
          </ns3:TrackPointExtension>
        </extensions>
      </trkpt>
      <trkpt lat="31.2797389738261699676513671875" lon="121.3676364719867706298828125">
        <ele>8</ele>
        <time>2026-05-30T00:59:30.000Z</time>
        <extensions>
          <ns3:TrackPointExtension>
            <ns3:hr>128</ns3:hr>
            <ns3:cad>80</ns3:cad>
          </ns3:TrackPointExtension>
        </extensions>
      </trkpt>
      <trkpt lat="31.279736123979091644287109375" lon="121.3676632940769195556640625">
        <ele>8</ele>
        <time>2026-05-30T00:59:31.000Z</time>
        <extensions>
          <ns3:TrackPointExtension>
            <ns3:hr>128</ns3:hr>
            <ns3:cad>80</ns3:cad>
          </ns3:TrackPointExtension>
        </extensions>
      </trkpt>
      <trkpt lat="31.2797289155423641204833984375" lon="121.36769103817641735076904296875">
        <ele>7.80000019073486328125</ele>
        <time>2026-05-30T00:59:32.000Z</time>
        <extensions>
          <ns3:TrackPointExtension>
            <ns3:hr>128</ns3:hr>
            <ns3:cad>80</ns3:cad>
          </ns3:TrackPointExtension>
        </extensions>
      </trkpt>
      <trkpt lat="31.27972237765789031982421875" lon="121.36771584860980510711669921875">
        <ele>7.80000019073486328125</ele>
        <time>2026-05-30T00:59:33.000Z</time>
        <extensions>
          <ns3:TrackPointExtension>
            <ns3:hr>128</ns3:hr>
            <ns3:cad>81</ns3:cad>
          </ns3:TrackPointExtension>
        </extensions>
      </trkpt>
      <trkpt lat="31.2797201983630657196044921875" lon="121.36774308979511260986328125">
        <ele>7.599999904632568359375</ele>
        <time>2026-05-30T00:59:34.000Z</time>
        <extensions>
          <ns3:TrackPointExtension>
            <ns3:hr>128</ns3:hr>
            <ns3:cad>81</ns3:cad>
          </ns3:TrackPointExtension>
        </extensions>
      </trkpt>
      <trkpt lat="31.2797176837921142578125" lon="121.367765553295612335205078125">
        <ele>7.599999904632568359375</ele>
        <time>2026-05-30T00:59:35.000Z</time>
        <extensions>
          <ns3:TrackPointExtension>
            <ns3:hr>129</ns3:hr>
            <ns3:cad>81</ns3:cad>
          </ns3:TrackPointExtension>
        </extensions>
      </trkpt>
      <trkpt lat="31.27971558831632137298583984375" lon="121.3677875138819217681884765625">
        <ele>7.599999904632568359375</ele>
        <time>2026-05-30T00:59:36.000Z</time>
        <extensions>
          <ns3:TrackPointExtension>
            <ns3:hr>129</ns3:hr>
            <ns3:cad>81</ns3:cad>
          </ns3:TrackPointExtension>
        </extensions>
      </trkpt>
      <trkpt lat="31.279711313545703887939453125" lon="121.3678153418004512786865234375">
        <ele>7.599999904632568359375</ele>
        <time>2026-05-30T00:59:37.000Z</time>
        <extensions>
          <ns3:TrackPointExtension>
            <ns3:hr>130</ns3:hr>
            <ns3:cad>81</ns3:cad>
          </ns3:TrackPointExtension>
        </extensions>
      </trkpt>
      <trkpt lat="31.27970091998577117919921875" lon="121.367839314043521881103515625">
        <ele>7.599999904632568359375</ele>
        <time>2026-05-30T00:59:38.000Z</time>
        <extensions>
          <ns3:TrackPointExtension>
            <ns3:hr>130</ns3:hr>
            <ns3:cad>81</ns3:cad>
          </ns3:TrackPointExtension>
        </extensions>
      </trkpt>
      <trkpt lat="31.2796923704445362091064453125" lon="121.3678616099059581756591796875">
        <ele>7.400000095367431640625</ele>
        <time>2026-05-30T00:59:39.000Z</time>
        <extensions>
          <ns3:TrackPointExtension>
            <ns3:hr>130</ns3:hr>
            <ns3:cad>81</ns3:cad>
          </ns3:TrackPointExtension>
        </extensions>
      </trkpt>
      <trkpt lat="31.27968792803585529327392578125" lon="121.36788918636739253997802734375">
        <ele>7.400000095367431640625</ele>
        <time>2026-05-30T00:59:40.000Z</time>
        <extensions>
          <ns3:TrackPointExtension>
            <ns3:hr>130</ns3:hr>
            <ns3:cad>80</ns3:cad>
          </ns3:TrackPointExtension>
        </extensions>
      </trkpt>
      <trkpt lat="31.279685162007808685302734375" lon="121.3679196126759052276611328125">
        <ele>7.400000095367431640625</ele>
        <time>2026-05-30T00:59:41.000Z</time>
        <extensions>
          <ns3:TrackPointExtension>
            <ns3:hr>130</ns3:hr>
            <ns3:cad>80</ns3:cad>
          </ns3:TrackPointExtension>
        </extensions>
      </trkpt>
      <trkpt lat="31.27969077788293361663818359375" lon="121.36794601567089557647705078125">
        <ele>7.19999980926513671875</ele>
        <time>2026-05-30T00:59:42.000Z</time>
        <extensions>
          <ns3:TrackPointExtension>
            <ns3:hr>129</ns3:hr>
            <ns3:cad>80</ns3:cad>
          </ns3:TrackPointExtension>
        </extensions>
      </trkpt>
      <trkpt lat="31.27970821224153041839599609375" lon="121.3679544813930988311767578125">
        <ele>7.19999980926513671875</ele>
        <time>2026-05-30T00:59:43.000Z</time>
        <extensions>
          <ns3:TrackPointExtension>
            <ns3:hr>128</ns3:hr>
            <ns3:cad>80</ns3:cad>
          </ns3:TrackPointExtension>
        </extensions>
      </trkpt>
      <trkpt lat="31.279726065695285797119140625" lon="121.3679434172809123992919921875">
        <ele>7.19999980926513671875</ele>
        <time>2026-05-30T00:59:44.000Z</time>
        <extensions>
          <ns3:TrackPointExtension>
            <ns3:hr>128</ns3:hr>
            <ns3:cad>81</ns3:cad>
          </ns3:TrackPointExtension>
        </extensions>
      </trkpt>
      <trkpt lat="31.27974106930196285247802734375" lon="121.36792707256972789764404296875">
        <ele>7.19999980926513671875</ele>
        <time>2026-05-30T00:59:45.000Z</time>
        <extensions>
          <ns3:TrackPointExtension>
            <ns3:hr>127</ns3:hr>
            <ns3:cad>81</ns3:cad>
          </ns3:TrackPointExtension>
        </extensions>
      </trkpt>
      <trkpt lat="31.27974542789161205291748046875" lon="121.367909722030162811279296875">
        <ele>7.19999980926513671875</ele>
        <time>2026-05-30T00:59:46.000Z</time>
        <extensions>
          <ns3:TrackPointExtension>
            <ns3:hr>127</ns3:hr>
            <ns3:cad>81</ns3:cad>
          </ns3:TrackPointExtension>
        </extensions>
      </trkpt>
      <trkpt lat="31.2797513790428638458251953125" lon="121.36788792908191680908203125">
        <ele>7.19999980926513671875</ele>
        <time>2026-05-30T00:59:47.000Z</time>
        <extensions>
          <ns3:TrackPointExtension>
            <ns3:hr>127</ns3:hr>
            <ns3:cad>80</ns3:cad>
          </ns3:TrackPointExtension>
        </extensions>
      </trkpt>
      <trkpt lat="31.2797590903937816619873046875" lon="121.367864795029163360595703125">
        <ele>7.400000095367431640625</ele>
        <time>2026-05-30T00:59:48.000Z</time>
        <extensions>
          <ns3:TrackPointExtension>
            <ns3:hr>127</ns3:hr>
            <ns3:cad>79</ns3:cad>
          </ns3:TrackPointExtension>
        </extensions>
      </trkpt>
      <trkpt lat="31.2797681428492069244384765625" lon="121.36784057132899761199951171875">
        <ele>7.400000095367431640625</ele>
        <time>2026-05-30T00:59:49.000Z</time>
        <extensions>
          <ns3:TrackPointExtension>
            <ns3:hr>127</ns3:hr>
            <ns3:cad>78</ns3:cad>
          </ns3:TrackPointExtension>
        </extensions>
      </trkpt>
      <trkpt lat="31.27978012897074222564697265625" lon="121.36781559325754642486572265625">
        <ele>7.400000095367431640625</ele>
        <time>2026-05-30T00:59:50.000Z</time>
        <extensions>
          <ns3:TrackPointExtension>
            <ns3:hr>127</ns3:hr>
            <ns3:cad>78</ns3:cad>
          </ns3:TrackPointExtension>
        </extensions>
      </trkpt>
      <trkpt lat="31.2797979824244976043701171875" lon="121.367798410356044769287109375">
        <ele>7.599999904632568359375</ele>
        <time>2026-05-30T00:59:51.000Z</time>
        <extensions>
          <ns3:TrackPointExtension>
            <ns3:hr>127</ns3:hr>
            <ns3:cad>78</ns3:cad>
          </ns3:TrackPointExtension>
        </extensions>
      </trkpt>
      <trkpt lat="31.27982136793434619903564453125" lon="121.36779681779444217681884765625">
        <ele>7.599999904632568359375</ele>
        <time>2026-05-30T00:59:52.000Z</time>
        <extensions>
          <ns3:TrackPointExtension>
            <ns3:hr>127</ns3:hr>
            <ns3:cad>79</ns3:cad>
          </ns3:TrackPointExtension>
        </extensions>
      </trkpt>
      <trkpt lat="31.279844753444194793701171875" lon="121.3678096421062946319580078125">
        <ele>7.599999904632568359375</ele>
        <time>2026-05-30T00:59:53.000Z</time>
        <extensions>
          <ns3:TrackPointExtension>
            <ns3:hr>128</ns3:hr>
            <ns3:cad>79</ns3:cad>
          </ns3:TrackPointExtension>
        </extensions>
      </trkpt>
      <trkpt lat="31.27986042760312557220458984375" lon="121.3678274117410182952880859375">
        <ele>7.80000019073486328125</ele>
        <time>2026-05-30T00:59:54.000Z</time>
        <extensions>
          <ns3:TrackPointExtension>
            <ns3:hr>128</ns3:hr>
            <ns3:cad>79</ns3:cad>
          </ns3:TrackPointExtension>
        </extensions>
      </trkpt>
      <trkpt lat="31.27987551502883434295654296875" lon="121.36784627102315425872802734375">
        <ele>7.80000019073486328125</ele>
        <time>2026-05-30T00:59:55.000Z</time>
        <extensions>
          <ns3:TrackPointExtension>
            <ns3:hr>128</ns3:hr>
            <ns3:cad>78</ns3:cad>
          </ns3:TrackPointExtension>
        </extensions>
      </trkpt>
      <trkpt lat="31.27988875843584537506103515625" lon="121.3678673096001148223876953125">
        <ele>8</ele>
        <time>2026-05-30T00:59:56.000Z</time>
        <extensions>
          <ns3:TrackPointExtension>
            <ns3:hr>128</ns3:hr>
            <ns3:cad>78</ns3:cad>
          </ns3:TrackPointExtension>
        </extensions>
      </trkpt>
      <trkpt lat="31.2799019180238246917724609375" lon="121.36788600124418735504150390625">
        <ele>8</ele>
        <time>2026-05-30T00:59:57.000Z</time>
        <extensions>
          <ns3:TrackPointExtension>
            <ns3:hr>128</ns3:hr>
            <ns3:cad>78</ns3:cad>
          </ns3:TrackPointExtension>
        </extensions>
      </trkpt>
      <trkpt lat="31.27991809509694576263427734375" lon="121.3679018430411815643310546875">
        <ele>8.19999980926513671875</ele>
        <time>2026-05-30T00:59:58.000Z</time>
        <extensions>
          <ns3:TrackPointExtension>
            <ns3:hr>128</ns3:hr>
            <ns3:cad>78</ns3:cad>
          </ns3:TrackPointExtension>
        </extensions>
      </trkpt>
      <trkpt lat="31.2799347750842571258544921875" lon="121.367915086448192596435546875">
        <ele>8.19999980926513671875</ele>
        <time>2026-05-30T00:59:59.000Z</time>
        <extensions>
          <ns3:TrackPointExtension>
            <ns3:hr>128</ns3:hr>
            <ns3:cad>79</ns3:cad>
          </ns3:TrackPointExtension>
        </extensions>
      </trkpt>
      <trkpt lat="31.27995162270963191986083984375" lon="121.3679315149784088134765625">
        <ele>8.3999996185302734375</ele>
        <time>2026-05-30T01:00:00.000Z</time>
        <extensions>
          <ns3:TrackPointExtension>
            <ns3:hr>129</ns3:hr>
            <ns3:cad>79</ns3:cad>
          </ns3:TrackPointExtension>
        </extensions>
      </trkpt>
      <trkpt lat="31.279966123402118682861328125" lon="121.36794534511864185333251953125">
        <ele>8.3999996185302734375</ele>
        <time>2026-05-30T01:00:01.000Z</time>
        <extensions>
          <ns3:TrackPointExtension>
            <ns3:hr>129</ns3:hr>
            <ns3:cad>79</ns3:cad>
          </ns3:TrackPointExtension>
        </extensions>
      </trkpt>
      <trkpt lat="31.279984898865222930908203125" lon="121.3679541461169719696044921875">
        <ele>8.6000003814697265625</ele>
        <time>2026-05-30T01:00:02.000Z</time>
        <extensions>
          <ns3:TrackPointExtension>
            <ns3:hr>129</ns3:hr>
            <ns3:cad>79</ns3:cad>
          </ns3:TrackPointExtension>
        </extensions>
      </trkpt>
      <trkpt lat="31.28000291995704174041748046875" lon="121.3679665513336658477783203125">
        <ele>8.80000019073486328125</ele>
        <time>2026-05-30T01:00:03.000Z</time>
        <extensions>
          <ns3:TrackPointExtension>
            <ns3:hr>129</ns3:hr>
            <ns3:cad>79</ns3:cad>
          </ns3:TrackPointExtension>
        </extensions>
      </trkpt>
      <trkpt lat="31.28002169542014598846435546875" lon="121.3679802976548671722412109375">
        <ele>8.80000019073486328125</ele>
        <time>2026-05-30T01:00:04.000Z</time>
        <extensions>
          <ns3:TrackPointExtension>
            <ns3:hr>130</ns3:hr>
            <ns3:cad>79</ns3:cad>
          </ns3:TrackPointExtension>
        </extensions>
      </trkpt>
      <trkpt lat="31.28004415892064571380615234375" lon="121.36798993684351444244384765625">
        <ele>9</ele>
        <time>2026-05-30T01:00:05.000Z</time>
        <extensions>
          <ns3:TrackPointExtension>
            <ns3:hr>130</ns3:hr>
            <ns3:cad>79</ns3:cad>
          </ns3:TrackPointExtension>
        </extensions>
      </trkpt>
      <trkpt lat="31.2800623476505279541015625" lon="121.3679985702037811279296875">
        <ele>9.19999980926513671875</ele>
        <time>2026-05-30T01:00:06.000Z</time>
        <extensions>
          <ns3:TrackPointExtension>
            <ns3:hr>130</ns3:hr>
            <ns3:cad>79</ns3:cad>
          </ns3:TrackPointExtension>
        </extensions>
      </trkpt>
      <trkpt lat="31.28008271567523479461669921875" lon="121.3680064491927623748779296875">
        <ele>9.19999980926513671875</ele>
        <time>2026-05-30T01:00:07.000Z</time>
        <extensions>
          <ns3:TrackPointExtension>
            <ns3:hr>130</ns3:hr>
            <ns3:cad>79</ns3:cad>
          </ns3:TrackPointExtension>
        </extensions>
      </trkpt>
      <trkpt lat="31.28010316751897335052490234375" lon="121.36801592074334621429443359375">
        <ele>9.3999996185302734375</ele>
        <time>2026-05-30T01:00:08.000Z</time>
        <extensions>
          <ns3:TrackPointExtension>
            <ns3:hr>130</ns3:hr>
            <ns3:cad>79</ns3:cad>
          </ns3:TrackPointExtension>
        </extensions>
      </trkpt>
      <trkpt lat="31.280124373733997344970703125" lon="121.36802178807556629180908203125">
        <ele>9.3999996185302734375</ele>
        <time>2026-05-30T01:00:09.000Z</time>
        <extensions>
          <ns3:TrackPointExtension>
            <ns3:hr>130</ns3:hr>
            <ns3:cad>79</ns3:cad>
          </ns3:TrackPointExtension>
        </extensions>
      </trkpt>
      <trkpt lat="31.2801419757306575775146484375" lon="121.368025727570056915283203125">
        <ele>9.6000003814697265625</ele>
        <time>2026-05-30T01:00:10.000Z</time>
        <extensions>
          <ns3:TrackPointExtension>
            <ns3:hr>130</ns3:hr>
            <ns3:cad>79</ns3:cad>
          </ns3:TrackPointExtension>
        </extensions>
      </trkpt>
      <trkpt lat="31.280165277421474456787109375" lon="121.3680309243500232696533203125">
        <ele>9.6000003814697265625</ele>
        <time>2026-05-30T01:00:11.000Z</time>
        <extensions>
          <ns3:TrackPointExtension>
            <ns3:hr>130</ns3:hr>
            <ns3:cad>80</ns3:cad>
          </ns3:TrackPointExtension>
        </extensions>
      </trkpt>
      <trkpt lat="31.28018681891262531280517578125" lon="121.36803939007222652435302734375">
        <ele>9.6000003814697265625</ele>
        <time>2026-05-30T01:00:12.000Z</time>
        <extensions>
          <ns3:TrackPointExtension>
            <ns3:hr>131</ns3:hr>
            <ns3:cad>80</ns3:cad>
          </ns3:TrackPointExtension>
        </extensions>
      </trkpt>
      <trkpt lat="31.280209533870220184326171875" lon="121.36804425157606601715087890625">
        <ele>9.6000003814697265625</ele>
        <time>2026-05-30T01:00:13.000Z</time>
        <extensions>
          <ns3:TrackPointExtension>
            <ns3:hr>131</ns3:hr>
            <ns3:cad>80</ns3:cad>
          </ns3:TrackPointExtension>
        </extensions>
      </trkpt>
      <trkpt lat="31.2802325002849102020263671875" lon="121.36804626323282718658447265625">
        <ele>9.6000003814697265625</ele>
        <time>2026-05-30T01:00:14.000Z</time>
        <extensions>
          <ns3:TrackPointExtension>
            <ns3:hr>132</ns3:hr>
            <ns3:cad>80</ns3:cad>
          </ns3:TrackPointExtension>
        </extensions>
      </trkpt>
      <trkpt lat="31.2802539579570293426513671875" lon="121.36804676614701747894287109375">
        <ele>9.3999996185302734375</ele>
        <time>2026-05-30T01:00:15.000Z</time>
        <extensions>
          <ns3:TrackPointExtension>
            <ns3:hr>132</ns3:hr>
            <ns3:cad>79</ns3:cad>
          </ns3:TrackPointExtension>
        </extensions>
      </trkpt>
      <trkpt lat="31.280273236334323883056640625" lon="121.3680450059473514556884765625">
        <ele>9.3999996185302734375</ele>
        <time>2026-05-30T01:00:16.000Z</time>
        <extensions>
          <ns3:TrackPointExtension>
            <ns3:hr>132</ns3:hr>
            <ns3:cad>79</ns3:cad>
          </ns3:TrackPointExtension>
        </extensions>
      </trkpt>
      <trkpt lat="31.28029293380677700042724609375" lon="121.36803939007222652435302734375">
        <ele>9.3999996185302734375</ele>
        <time>2026-05-30T01:00:17.000Z</time>
        <extensions>
          <ns3:TrackPointExtension>
            <ns3:hr>132</ns3:hr>
            <ns3:cad>79</ns3:cad>
          </ns3:TrackPointExtension>
        </extensions>
      </trkpt>
      <trkpt lat="31.28031321801245212554931640625" lon="121.36803033761680126190185546875">
        <ele>9.3999996185302734375</ele>
        <time>2026-05-30T01:00:18.000Z</time>
        <extensions>
          <ns3:TrackPointExtension>
            <ns3:hr>133</ns3:hr>
            <ns3:cad>79</ns3:cad>
          </ns3:TrackPointExtension>
        </extensions>
      </trkpt>
      <trkpt lat="31.28033199347555637359619140625" lon="121.368023715913295745849609375">
        <ele>9.19999980926513671875</ele>
        <time>2026-05-30T01:00:19.000Z</time>
        <extensions>
          <ns3:TrackPointExtension>
            <ns3:hr>133</ns3:hr>
            <ns3:cad>79</ns3:cad>
          </ns3:TrackPointExtension>
        </extensions>
      </trkpt>
      <trkpt lat="31.280348338186740875244140625" lon="121.368015669286251068115234375">
        <ele>9.19999980926513671875</ele>
        <time>2026-05-30T01:00:20.000Z</time>
        <extensions>
          <ns3:TrackPointExtension>
            <ns3:hr>133</ns3:hr>
            <ns3:cad>79</ns3:cad>
          </ns3:TrackPointExtension>
        </extensions>
      </trkpt>
      <trkpt lat="31.28036501817405223846435546875" lon="121.36800284497439861297607421875">
        <ele>9</ele>
        <time>2026-05-30T01:00:21.000Z</time>
        <extensions>
          <ns3:TrackPointExtension>
            <ns3:hr>134</ns3:hr>
            <ns3:cad>79</ns3:cad>
          </ns3:TrackPointExtension>
        </extensions>
      </trkpt>
      <trkpt lat="31.28038094379007816314697265625" lon="121.36798826046288013458251953125">
        <ele>8.80000019073486328125</ele>
        <time>2026-05-30T01:00:22.000Z</time>
        <extensions>
          <ns3:TrackPointExtension>
            <ns3:hr>134</ns3:hr>
            <ns3:cad>78</ns3:cad>
          </ns3:TrackPointExtension>
        </extensions>
      </trkpt>
      <trkpt lat="31.28039636649191379547119140625" lon="121.36797032319009304046630859375">
        <ele>8.6000003814697265625</ele>
        <time>2026-05-30T01:00:23.000Z</time>
        <extensions>
          <ns3:TrackPointExtension>
            <ns3:hr>134</ns3:hr>
            <ns3:cad>78</ns3:cad>
          </ns3:TrackPointExtension>
        </extensions>
      </trkpt>
      <trkpt lat="31.2804112024605274200439453125" lon="121.36795121245086193084716796875">
        <ele>8.3999996185302734375</ele>
        <time>2026-05-30T01:00:24.000Z</time>
        <extensions>
          <ns3:TrackPointExtension>
            <ns3:hr>134</ns3:hr>
            <ns3:cad>77</ns3:cad>
          </ns3:TrackPointExtension>
        </extensions>
      </trkpt>
      <trkpt lat="31.28042788244783878326416015625" lon="121.3679316826164722442626953125">
        <ele>8.19999980926513671875</ele>
        <time>2026-05-30T01:00:25.000Z</time>
        <extensions>
          <ns3:TrackPointExtension>
            <ns3:hr>134</ns3:hr>
            <ns3:cad>76</ns3:cad>
          </ns3:TrackPointExtension>
        </extensions>
      </trkpt>
      <trkpt lat="31.28044129349291324615478515625" lon="121.36791667900979518890380859375">
        <ele>8</ele>
        <time>2026-05-30T01:00:26.000Z</time>
        <extensions>
          <ns3:TrackPointExtension>
            <ns3:hr>134</ns3:hr>
            <ns3:cad>76</ns3:cad>
          </ns3:TrackPointExtension>
        </extensions>
      </trkpt>
      <trkpt lat="31.28045822493731975555419921875" lon="121.36790058575570583343505859375">
        <ele>8</ele>
        <time>2026-05-30T01:00:27.000Z</time>
        <extensions>
          <ns3:TrackPointExtension>
            <ns3:hr>134</ns3:hr>
            <ns3:cad>77</ns3:cad>
          </ns3:TrackPointExtension>
        </extensions>
      </trkpt>
      <trkpt lat="31.280475072562694549560546875" lon="121.367884911596775054931640625">
        <ele>7.80000019073486328125</ele>
        <time>2026-05-30T01:00:28.000Z</time>
        <extensions>
          <ns3:TrackPointExtension>
            <ns3:hr>134</ns3:hr>
            <ns3:cad>78</ns3:cad>
          </ns3:TrackPointExtension>
        </extensions>
      </trkpt>
      <trkpt lat="31.2804886512458324432373046875" lon="121.3678706623613834381103515625">
        <ele>8</ele>
        <time>2026-05-30T01:00:29.000Z</time>
        <extensions>
          <ns3:TrackPointExtension>
            <ns3:hr>133</ns3:hr>
            <ns3:cad>79</ns3:cad>
          </ns3:TrackPointExtension>
        </extensions>
      </trkpt>
      <trkpt lat="31.280504576861858367919921875" lon="121.36785850860178470611572265625">
        <ele>8</ele>
        <time>2026-05-30T01:00:30.000Z</time>
        <extensions>
          <ns3:TrackPointExtension>
            <ns3:hr>134</ns3:hr>
            <ns3:cad>81</ns3:cad>
          </ns3:TrackPointExtension>
        </extensions>
      </trkpt>
      <trkpt lat="31.280525028705596923828125" lon="121.36784744448959827423095703125">
        <ele>8</ele>
        <time>2026-05-30T01:00:31.000Z</time>
        <extensions>
          <ns3:TrackPointExtension>
            <ns3:hr>134</ns3:hr>
            <ns3:cad>81</ns3:cad>
          </ns3:TrackPointExtension>
        </extensions>
      </trkpt>
      <trkpt lat="31.2805449776351451873779296875" lon="121.367838643491268157958984375">
        <ele>7.80000019073486328125</ele>
        <time>2026-05-30T01:00:32.000Z</time>
        <extensions>
          <ns3:TrackPointExtension>
            <ns3:hr>133</ns3:hr>
            <ns3:cad>81</ns3:cad>
          </ns3:TrackPointExtension>
        </extensions>
      </trkpt>
      <trkpt lat="31.28056593239307403564453125" lon="121.3678295910358428955078125">
        <ele>7.80000019073486328125</ele>
        <time>2026-05-30T01:00:33.000Z</time>
        <extensions>
          <ns3:TrackPointExtension>
            <ns3:hr>133</ns3:hr>
            <ns3:cad>81</ns3:cad>
          </ns3:TrackPointExtension>
        </extensions>
      </trkpt>
      <trkpt lat="31.28058814443647861480712890625" lon="121.36782313697040081024169921875">
        <ele>7.599999904632568359375</ele>
        <time>2026-05-30T01:00:34.000Z</time>
        <extensions>
          <ns3:TrackPointExtension>
            <ns3:hr>133</ns3:hr>
            <ns3:cad>80</ns3:cad>
          </ns3:TrackPointExtension>
        </extensions>
      </trkpt>
      <trkpt lat="31.2806106917560100555419921875" lon="121.36781550943851470947265625">
        <ele>7.599999904632568359375</ele>
        <time>2026-05-30T01:00:35.000Z</time>
        <extensions>
          <ns3:TrackPointExtension>
            <ns3:hr>133</ns3:hr>
            <ns3:cad>79</ns3:cad>
          </ns3:TrackPointExtension>
        </extensions>
      </trkpt>
      <trkpt lat="31.28063030540943145751953125" lon="121.36780352331697940826416015625">
        <ele>7.400000095367431640625</ele>
        <time>2026-05-30T01:00:36.000Z</time>
        <extensions>
          <ns3:TrackPointExtension>
            <ns3:hr>132</ns3:hr>
            <ns3:cad>79</ns3:cad>
          </ns3:TrackPointExtension>
        </extensions>
      </trkpt>
      <trkpt lat="31.28065352328121662139892578125" lon="121.36779681779444217681884765625">
        <ele>7.400000095367431640625</ele>
        <time>2026-05-30T01:00:37.000Z</time>
        <extensions>
          <ns3:TrackPointExtension>
            <ns3:hr>132</ns3:hr>
            <ns3:cad>78</ns3:cad>
          </ns3:TrackPointExtension>
        </extensions>
      </trkpt>
      <trkpt lat="31.280674226582050323486328125" lon="121.36779178865253925323486328125">
        <ele>7.400000095367431640625</ele>
        <time>2026-05-30T01:00:38.000Z</time>
        <extensions>
          <ns3:TrackPointExtension>
            <ns3:hr>132</ns3:hr>
            <ns3:cad>78</ns3:cad>
          </ns3:TrackPointExtension>
        </extensions>
      </trkpt>
      <trkpt lat="31.2806965224444866180419921875" lon="121.36778625659644603729248046875">
        <ele>7.599999904632568359375</ele>
        <time>2026-05-30T01:00:39.000Z</time>
        <extensions>
          <ns3:TrackPointExtension>
            <ns3:hr>132</ns3:hr>
            <ns3:cad>78</ns3:cad>
          </ns3:TrackPointExtension>
        </extensions>
      </trkpt>
      <trkpt lat="31.28071906976401805877685546875" lon="121.36778105981647968292236328125">
        <ele>7.599999904632568359375</ele>
        <time>2026-05-30T01:00:40.000Z</time>
        <extensions>
          <ns3:TrackPointExtension>
            <ns3:hr>132</ns3:hr>
            <ns3:cad>79</ns3:cad>
          </ns3:TrackPointExtension>
        </extensions>
      </trkpt>
      <trkpt lat="31.28073834814131259918212890625" lon="121.3677787967026233673095703125">
        <ele>7.80000019073486328125</ele>
        <time>2026-05-30T01:00:41.000Z</time>
        <extensions>
          <ns3:TrackPointExtension>
            <ns3:hr>132</ns3:hr>
            <ns3:cad>79</ns3:cad>
          </ns3:TrackPointExtension>
        </extensions>
      </trkpt>
      <trkpt lat="31.28075963817536830902099609375" lon="121.36777167208492755889892578125">
        <ele>7.80000019073486328125</ele>
        <time>2026-05-30T01:00:42.000Z</time>
        <extensions>
          <ns3:TrackPointExtension>
            <ns3:hr>132</ns3:hr>
            <ns3:cad>79</ns3:cad>
          </ns3:TrackPointExtension>
        </extensions>
      </trkpt>
      <trkpt lat="31.2807800062000751495361328125" lon="121.3677684031426906585693359375">
        <ele>8</ele>
        <time>2026-05-30T01:00:43.000Z</time>
        <extensions>
          <ns3:TrackPointExtension>
            <ns3:hr>131</ns3:hr>
            <ns3:cad>79</ns3:cad>
          </ns3:TrackPointExtension>
        </extensions>
      </trkpt>
      <trkpt lat="31.28079752437770366668701171875" lon="121.36776513420045375823974609375">
        <ele>8.19999980926513671875</ele>
        <time>2026-05-30T01:00:44.000Z</time>
        <extensions>
          <ns3:TrackPointExtension>
            <ns3:hr>132</ns3:hr>
            <ns3:cad>79</ns3:cad>
          </ns3:TrackPointExtension>
        </extensions>
      </trkpt>
      <trkpt lat="31.2808215804398059844970703125" lon="121.36776111088693141937255859375">
        <ele>8.3999996185302734375</ele>
        <time>2026-05-30T01:00:45.000Z</time>
        <extensions>
          <ns3:TrackPointExtension>
            <ns3:hr>132</ns3:hr>
            <ns3:cad>79</ns3:cad>
          </ns3:TrackPointExtension>
        </extensions>
      </trkpt>
      <trkpt lat="31.280841529369354248046875" lon="121.3677596859633922576904296875">
        <ele>8.6000003814697265625</ele>
        <time>2026-05-30T01:00:46.000Z</time>
        <extensions>
          <ns3:TrackPointExtension>
            <ns3:hr>132</ns3:hr>
            <ns3:cad>79</ns3:cad>
          </ns3:TrackPointExtension>
        </extensions>
      </trkpt>
      <trkpt lat="31.28086206503212451934814453125" lon="121.36776295490562915802001953125">
        <ele>8.80000019073486328125</ele>
        <time>2026-05-30T01:00:47.000Z</time>
        <extensions>
          <ns3:TrackPointExtension>
            <ns3:hr>131</ns3:hr>
            <ns3:cad>79</ns3:cad>
          </ns3:TrackPointExtension>
        </extensions>
      </trkpt>
      <trkpt lat="31.2808846123516559600830078125" lon="121.367766223847866058349609375">
        <ele>8.80000019073486328125</ele>
        <time>2026-05-30T01:00:48.000Z</time>
        <extensions>
          <ns3:TrackPointExtension>
            <ns3:hr>132</ns3:hr>
            <ns3:cad>79</ns3:cad>
          </ns3:TrackPointExtension>
        </extensions>
      </trkpt>
      <trkpt lat="31.2809077464044094085693359375" lon="121.36776412837207317352294921875">
        <ele>9</ele>
        <time>2026-05-30T01:00:49.000Z</time>
        <extensions>
          <ns3:TrackPointExtension>
            <ns3:hr>132</ns3:hr>
            <ns3:cad>79</ns3:cad>
          </ns3:TrackPointExtension>
        </extensions>
      </trkpt>
      <trkpt lat="31.28092543222010135650634765625" lon="121.36776479892432689666748046875">
        <ele>9.19999980926513671875</ele>
        <time>2026-05-30T01:00:50.000Z</time>
        <extensions>
          <ns3:TrackPointExtension>
            <ns3:hr>132</ns3:hr>
            <ns3:cad>80</ns3:cad>
          </ns3:TrackPointExtension>
        </extensions>
      </trkpt>
      <trkpt lat="31.2809459678828716278076171875" lon="121.3677637092769145965576171875">
        <ele>9.6000003814697265625</ele>
        <time>2026-05-30T01:00:51.000Z</time>
        <extensions>
          <ns3:TrackPointExtension>
            <ns3:hr>132</ns3:hr>
            <ns3:cad>80</ns3:cad>
          </ns3:TrackPointExtension>
        </extensions>
      </trkpt>
      <trkpt lat="31.28096734173595905303955078125" lon="121.36776178143918514251708984375">
        <ele>9.80000019073486328125</ele>
        <time>2026-05-30T01:00:52.000Z</time>
        <extensions>
          <ns3:TrackPointExtension>
            <ns3:hr>132</ns3:hr>
            <ns3:cad>80</ns3:cad>
          </ns3:TrackPointExtension>
        </extensions>
      </trkpt>
      <trkpt lat="31.28098645247519016265869140625" lon="121.36775842867791652679443359375">
        <ele>10</ele>
        <time>2026-05-30T01:00:53.000Z</time>
        <extensions>
          <ns3:TrackPointExtension>
            <ns3:hr>132</ns3:hr>
            <ns3:cad>79</ns3:cad>
          </ns3:TrackPointExtension>
        </extensions>
      </trkpt>
      <trkpt lat="31.28100858069956302642822265625" lon="121.36775792576372623443603515625">
        <ele>10</ele>
        <time>2026-05-30T01:00:54.000Z</time>
        <extensions>
          <ns3:TrackPointExtension>
            <ns3:hr>132</ns3:hr>
            <ns3:cad>79</ns3:cad>
          </ns3:TrackPointExtension>
        </extensions>
      </trkpt>
      <trkpt lat="31.28103070892393589019775390625" lon="121.3677566684782505035400390625">
        <ele>10.19999980926513671875</ele>
        <time>2026-05-30T01:00:55.000Z</time>
        <extensions>
          <ns3:TrackPointExtension>
            <ns3:hr>132</ns3:hr>
            <ns3:cad>79</ns3:cad>
          </ns3:TrackPointExtension>
        </extensions>
      </trkpt>
      <trkpt lat="31.281051747500896453857421875" lon="121.367755830287933349609375">
        <ele>10.19999980926513671875</ele>
        <time>2026-05-30T01:00:56.000Z</time>
        <extensions>
          <ns3:TrackPointExtension>
            <ns3:hr>133</ns3:hr>
            <ns3:cad>80</ns3:cad>
          </ns3:TrackPointExtension>
        </extensions>
      </trkpt>
      <trkpt lat="31.28107211552560329437255859375" lon="121.367754153907299041748046875">
        <ele>10.19999980926513671875</ele>
        <time>2026-05-30T01:00:57.000Z</time>
        <extensions>
          <ns3:TrackPointExtension>
            <ns3:hr>133</ns3:hr>
            <ns3:cad>80</ns3:cad>
          </ns3:TrackPointExtension>
        </extensions>
      </trkpt>
      <trkpt lat="31.28109164535999298095703125" lon="121.36775088496506214141845703125">
        <ele>10.19999980926513671875</ele>
        <time>2026-05-30T01:00:58.000Z</time>
        <extensions>
          <ns3:TrackPointExtension>
            <ns3:hr>134</ns3:hr>
            <ns3:cad>79</ns3:cad>
          </ns3:TrackPointExtension>
        </extensions>
      </trkpt>
      <trkpt lat="31.28111083991825580596923828125" lon="121.36774853803217411041259765625">
        <ele>10.19999980926513671875</ele>
        <time>2026-05-30T01:00:59.000Z</time>
        <extensions>
          <ns3:TrackPointExtension>
            <ns3:hr>134</ns3:hr>
            <ns3:cad>80</ns3:cad>
          </ns3:TrackPointExtension>
        </extensions>
      </trkpt>
      <trkpt lat="31.28113053739070892333984375" lon="121.3677479512989521026611328125">
        <ele>10</ele>
        <time>2026-05-30T01:01:00.000Z</time>
        <extensions>
          <ns3:TrackPointExtension>
            <ns3:hr>134</ns3:hr>
            <ns3:cad>80</ns3:cad>
          </ns3:TrackPointExtension>
        </extensions>
      </trkpt>
      <trkpt lat="31.281150318682193756103515625" lon="121.367746777832508087158203125">
        <ele>10</ele>
        <time>2026-05-30T01:01:01.000Z</time>
        <extensions>
          <ns3:TrackPointExtension>
            <ns3:hr>135</ns3:hr>
            <ns3:cad>80</ns3:cad>
          </ns3:TrackPointExtension>
        </extensions>
      </trkpt>
      <trkpt lat="31.28117144107818603515625" lon="121.36774669401347637176513671875">
        <ele>9.80000019073486328125</ele>
        <time>2026-05-30T01:01:02.000Z</time>
        <extensions>
          <ns3:TrackPointExtension>
            <ns3:hr>135</ns3:hr>
            <ns3:cad>80</ns3:cad>
          </ns3:TrackPointExtension>
        </extensions>
      </trkpt>
      <trkpt lat="31.28119231201708316802978515625" lon="121.36774484999477863311767578125">
        <ele>9.80000019073486328125</ele>
        <time>2026-05-30T01:01:03.000Z</time>
        <extensions>
          <ns3:TrackPointExtension>
            <ns3:hr>135</ns3:hr>
            <ns3:cad>80</ns3:cad>
          </ns3:TrackPointExtension>
        </extensions>
      </trkpt>
      <trkpt lat="31.28121343441307544708251953125" lon="121.36774216778576374053955078125">
        <ele>9.80000019073486328125</ele>
        <time>2026-05-30T01:01:04.000Z</time>
        <extensions>
          <ns3:TrackPointExtension>
            <ns3:hr>135</ns3:hr>
            <ns3:cad>80</ns3:cad>
          </ns3:TrackPointExtension>
        </extensions>
      </trkpt>
      <trkpt lat="31.281234808266162872314453125" lon="121.36774040758609771728515625">
        <ele>9.6000003814697265625</ele>
        <time>2026-05-30T01:01:05.000Z</time>
        <extensions>
          <ns3:TrackPointExtension>
            <ns3:hr>135</ns3:hr>
            <ns3:cad>80</ns3:cad>
          </ns3:TrackPointExtension>
        </extensions>
      </trkpt>
      <trkpt lat="31.2812594510614871978759765625" lon="121.36773412115871906280517578125">
        <ele>9.6000003814697265625</ele>
        <time>2026-05-30T01:01:06.000Z</time>
        <extensions>
          <ns3:TrackPointExtension>
            <ns3:hr>135</ns3:hr>
            <ns3:cad>80</ns3:cad>
          </ns3:TrackPointExtension>
        </extensions>
      </trkpt>
      <trkpt lat="31.2812800705432891845703125" lon="121.3677274994552135467529296875">
        <ele>9.80000019073486328125</ele>
        <time>2026-05-30T01:01:07.000Z</time>
        <extensions>
          <ns3:TrackPointExtension>
            <ns3:hr>135</ns3:hr>
            <ns3:cad>80</ns3:cad>
          </ns3:TrackPointExtension>
        </extensions>
      </trkpt>
      <trkpt lat="31.2812996841967105865478515625" lon="121.36771920137107372283935546875">
        <ele>9.80000019073486328125</ele>
        <time>2026-05-30T01:01:08.000Z</time>
        <extensions>
          <ns3:TrackPointExtension>
            <ns3:hr>135</ns3:hr>
            <ns3:cad>80</ns3:cad>
          </ns3:TrackPointExtension>
        </extensions>
      </trkpt>
      <trkpt lat="31.28131753765046596527099609375" lon="121.3677067123353481292724609375">
        <ele>9.6000003814697265625</ele>
        <time>2026-05-30T01:01:09.000Z</time>
        <extensions>
          <ns3:TrackPointExtension>
            <ns3:hr>136</ns3:hr>
            <ns3:cad>80</ns3:cad>
          </ns3:TrackPointExtension>
        </extensions>
      </trkpt>
      <trkpt lat="31.28133564256131649017333984375" lon="121.3676956482231616973876953125">
        <ele>9.80000019073486328125</ele>
        <time>2026-05-30T01:01:10.000Z</time>
        <extensions>
          <ns3:TrackPointExtension>
            <ns3:hr>136</ns3:hr>
            <ns3:cad>80</ns3:cad>
          </ns3:TrackPointExtension>
        </extensions>
      </trkpt>
      <trkpt lat="31.28135173581540584564208984375" lon="121.3676847517490386962890625">
        <ele>9.80000019073486328125</ele>
        <time>2026-05-30T01:01:11.000Z</time>
        <extensions>
          <ns3:TrackPointExtension>
            <ns3:hr>136</ns3:hr>
            <ns3:cad>80</ns3:cad>
          </ns3:TrackPointExtension>
        </extensions>
      </trkpt>
      <trkpt lat="31.281369589269161224365234375" lon="121.3676711730659008026123046875">
        <ele>9.80000019073486328125</ele>
        <time>2026-05-30T01:01:12.000Z</time>
        <extensions>
          <ns3:TrackPointExtension>
            <ns3:hr>136</ns3:hr>
            <ns3:cad>81</ns3:cad>
          </ns3:TrackPointExtension>
        </extensions>
      </trkpt>
      <trkpt lat="31.28138626925647258758544921875" lon="121.367655582726001739501953125">
        <ele>9.80000019073486328125</ele>
        <time>2026-05-30T01:01:13.000Z</time>
        <extensions>
          <ns3:TrackPointExtension>
            <ns3:hr>136</ns3:hr>
            <ns3:cad>81</ns3:cad>
          </ns3:TrackPointExtension>
        </extensions>
      </trkpt>
      <trkpt lat="31.2814039550721645355224609375" lon="121.367638818919658660888671875">
        <ele>9.80000019073486328125</ele>
        <time>2026-05-30T01:01:14.000Z</time>
        <extensions>
          <ns3:TrackPointExtension>
            <ns3:hr>136</ns3:hr>
            <ns3:cad>81</ns3:cad>
          </ns3:TrackPointExtension>
        </extensions>
      </trkpt>
      <trkpt lat="31.28142247907817363739013671875" lon="121.36762230657041072845458984375">
        <ele>10</ele>
        <time>2026-05-30T01:01:15.000Z</time>
        <extensions>
          <ns3:TrackPointExtension>
            <ns3:hr>136</ns3:hr>
            <ns3:cad>81</ns3:cad>
          </ns3:TrackPointExtension>
        </extensions>
      </trkpt>
      <trkpt lat="31.2814411707222461700439453125" lon="121.3676074706017971038818359375">
        <ele>10.19999980926513671875</ele>
        <time>2026-05-30T01:01:16.000Z</time>
        <extensions>
          <ns3:TrackPointExtension>
            <ns3:hr>136</ns3:hr>
            <ns3:cad>81</ns3:cad>
          </ns3:TrackPointExtension>
        </extensions>
      </trkpt>
      <trkpt lat="31.281459443271160125732421875" lon="121.3675943948328495025634765625">
        <ele>10.19999980926513671875</ele>
        <time>2026-05-30T01:01:17.000Z</time>
        <extensions>
          <ns3:TrackPointExtension>
            <ns3:hr>136</ns3:hr>
            <ns3:cad>81</ns3:cad>
          </ns3:TrackPointExtension>
        </extensions>
      </trkpt>
      <trkpt lat="31.2814790569245815277099609375" lon="121.36758081614971160888671875">
        <ele>10.19999980926513671875</ele>
        <time>2026-05-30T01:01:18.000Z</time>
        <extensions>
          <ns3:TrackPointExtension>
            <ns3:hr>135</ns3:hr>
            <ns3:cad>81</ns3:cad>
          </ns3:TrackPointExtension>
        </extensions>
      </trkpt>
      <trkpt lat="31.2814973294734954833984375" lon="121.36756497435271739959716796875">
        <ele>10.3999996185302734375</ele>
        <time>2026-05-30T01:01:19.000Z</time>
        <extensions>
          <ns3:TrackPointExtension>
            <ns3:hr>135</ns3:hr>
            <ns3:cad>80</ns3:cad>
          </ns3:TrackPointExtension>
        </extensions>
      </trkpt>
      <trkpt lat="31.2815162725746631622314453125" lon="121.36755265295505523681640625">
        <ele>10.3999996185302734375</ele>
        <time>2026-05-30T01:01:20.000Z</time>
        <extensions>
          <ns3:TrackPointExtension>
            <ns3:hr>135</ns3:hr>
            <ns3:cad>80</ns3:cad>
          </ns3:TrackPointExtension>
        </extensions>
      </trkpt>
      <trkpt lat="31.28153622150421142578125" lon="121.36754251085221767425537109375">
        <ele>10.3999996185302734375</ele>
        <time>2026-05-30T01:01:21.000Z</time>
        <extensions>
          <ns3:TrackPointExtension>
            <ns3:hr>134</ns3:hr>
            <ns3:cad>80</ns3:cad>
          </ns3:TrackPointExtension>
        </extensions>
      </trkpt>
      <trkpt lat="31.281554996967315673828125" lon="121.3675323687493801116943359375">
        <ele>10.3999996185302734375</ele>
        <time>2026-05-30T01:01:22.000Z</time>
        <extensions>
          <ns3:TrackPointExtension>
            <ns3:hr>134</ns3:hr>
            <ns3:cad>81</ns3:cad>
          </ns3:TrackPointExtension>
        </extensions>
      </trkpt>
      <trkpt lat="31.2815766222774982452392578125" lon="121.3675209693610668182373046875">
        <ele>10.6000003814697265625</ele>
        <time>2026-05-30T01:01:23.000Z</time>
        <extensions>
          <ns3:TrackPointExtension>
            <ns3:hr>134</ns3:hr>
            <ns3:cad>81</ns3:cad>
          </ns3:TrackPointExtension>
        </extensions>
      </trkpt>
      <trkpt lat="31.2815987505018711090087890625" lon="121.367511413991451263427734375">
        <ele>10.6000003814697265625</ele>
        <time>2026-05-30T01:01:24.000Z</time>
        <extensions>
          <ns3:TrackPointExtension>
            <ns3:hr>134</ns3:hr>
            <ns3:cad>81</ns3:cad>
          </ns3:TrackPointExtension>
        </extensions>
      </trkpt>
      <trkpt lat="31.28162180073559284210205078125" lon="121.3675065524876117706298828125">
        <ele>10.80000019073486328125</ele>
        <time>2026-05-30T01:01:25.000Z</time>
        <extensions>
          <ns3:TrackPointExtension>
            <ns3:hr>134</ns3:hr>
            <ns3:cad>80</ns3:cad>
          </ns3:TrackPointExtension>
        </extensions>
      </trkpt>
      <trkpt lat="31.28164292313158512115478515625" lon="121.36750311590731143951416015625">
        <ele>10.80000019073486328125</ele>
        <time>2026-05-30T01:01:26.000Z</time>
        <extensions>
          <ns3:TrackPointExtension>
            <ns3:hr>134</ns3:hr>
            <ns3:cad>80</ns3:cad>
          </ns3:TrackPointExtension>
        </extensions>
      </trkpt>
      <trkpt lat="31.281664632260799407958984375" lon="121.3674975000321865081787109375">
        <ele>11</ele>
        <time>2026-05-30T01:01:27.000Z</time>
        <extensions>
          <ns3:TrackPointExtension>
            <ns3:hr>134</ns3:hr>
            <ns3:cad>81</ns3:cad>
          </ns3:TrackPointExtension>
        </extensions>
      </trkpt>
      <trkpt lat="31.28168382681906223297119140625" lon="121.36749506928026676177978515625">
        <ele>11</ele>
        <time>2026-05-30T01:01:28.000Z</time>
        <extensions>
          <ns3:TrackPointExtension>
            <ns3:hr>134</ns3:hr>
            <ns3:cad>81</ns3:cad>
          </ns3:TrackPointExtension>
        </extensions>
      </trkpt>
      <trkpt lat="31.28170008771121501922607421875" lon="121.36749205179512500762939453125">
        <ele>11.19999980926513671875</ele>
        <time>2026-05-30T01:01:29.000Z</time>
        <extensions>
          <ns3:TrackPointExtension>
            <ns3:hr>134</ns3:hr>
            <ns3:cad>81</ns3:cad>
          </ns3:TrackPointExtension>
        </extensions>
      </trkpt>
      <trkpt lat="31.281715929508209228515625" lon="121.36748232878744602203369140625">
        <ele>11.3999996185302734375</ele>
        <time>2026-05-30T01:01:30.000Z</time>
        <extensions>
          <ns3:TrackPointExtension>
            <ns3:hr>134</ns3:hr>
            <ns3:cad>81</ns3:cad>
          </ns3:TrackPointExtension>
        </extensions>
      </trkpt>
      <trkpt lat="31.2817325256764888763427734375" lon="121.3674760423600673675537109375">
        <ele>11.80000019073486328125</ele>
        <time>2026-05-30T01:01:31.000Z</time>
        <extensions>
          <ns3:TrackPointExtension>
            <ns3:hr>134</ns3:hr>
            <ns3:cad>80</ns3:cad>
          </ns3:TrackPointExtension>
        </extensions>
      </trkpt>
      <trkpt lat="31.28174744546413421630859375" lon="121.36747193522751331329345703125">
        <ele>12.3999996185302734375</ele>
        <time>2026-05-30T01:01:32.000Z</time>
        <extensions>
          <ns3:TrackPointExtension>
            <ns3:hr>134</ns3:hr>
            <ns3:cad>79</ns3:cad>
          </ns3:TrackPointExtension>
        </extensions>
      </trkpt>
      <trkpt lat="31.28176429308950901031494140625" lon="121.3674659840762615203857421875">
        <ele>13</ele>
        <time>2026-05-30T01:01:33.000Z</time>
        <extensions>
          <ns3:TrackPointExtension>
            <ns3:hr>134</ns3:hr>
            <ns3:cad>78</ns3:cad>
          </ns3:TrackPointExtension>
        </extensions>
      </trkpt>
      <trkpt lat="31.2817828170955181121826171875" lon="121.36746506206691265106201171875">
        <ele>13.3999996185302734375</ele>
        <time>2026-05-30T01:01:34.000Z</time>
        <extensions>
          <ns3:TrackPointExtension>
            <ns3:hr>135</ns3:hr>
            <ns3:cad>77</ns3:cad>
          </ns3:TrackPointExtension>
        </extensions>
      </trkpt>
      <trkpt lat="31.28180385567247867584228515625" lon="121.367461122572422027587890625">
        <ele>13.80000019073486328125</ele>
        <time>2026-05-30T01:01:35.000Z</time>
        <extensions>
          <ns3:TrackPointExtension>
            <ns3:hr>135</ns3:hr>
            <ns3:cad>77</ns3:cad>
          </ns3:TrackPointExtension>
        </extensions>
      </trkpt>
      <trkpt lat="31.2818218767642974853515625" lon="121.3674549199640750885009765625">
        <ele>13.80000019073486328125</ele>
        <time>2026-05-30T01:01:36.000Z</time>
        <extensions>
          <ns3:TrackPointExtension>
            <ns3:hr>136</ns3:hr>
            <ns3:cad>76</ns3:cad>
          </ns3:TrackPointExtension>
        </extensions>
      </trkpt>
      <trkpt lat="31.28184325061738491058349609375" lon="121.36745081283152103424072265625">
        <ele>13.80000019073486328125</ele>
        <time>2026-05-30T01:01:37.000Z</time>
        <extensions>
          <ns3:TrackPointExtension>
            <ns3:hr>137</ns3:hr>
            <ns3:cad>76</ns3:cad>
          </ns3:TrackPointExtension>
        </extensions>
      </trkpt>
      <trkpt lat="31.2818626128137111663818359375" lon="121.367447711527347564697265625">
        <ele>13.6000003814697265625</ele>
        <time>2026-05-30T01:01:38.000Z</time>
        <extensions>
          <ns3:TrackPointExtension>
            <ns3:hr>137</ns3:hr>
            <ns3:cad>77</ns3:cad>
          </ns3:TrackPointExtension>
        </extensions>
      </trkpt>
      <trkpt lat="31.28187761642038822174072265625" lon="121.3674460351467132568359375">
        <ele>13.3999996185302734375</ele>
        <time>2026-05-30T01:01:39.000Z</time>
        <extensions>
          <ns3:TrackPointExtension>
            <ns3:hr>138</ns3:hr>
            <ns3:cad>77</ns3:cad>
          </ns3:TrackPointExtension>
        </extensions>
      </trkpt>
      <trkpt lat="31.28189354203641414642333984375" lon="121.36744461022317409515380859375">
        <ele>13</ele>
        <time>2026-05-30T01:01:40.000Z</time>
        <extensions>
          <ns3:TrackPointExtension>
            <ns3:hr>138</ns3:hr>
            <ns3:cad>77</ns3:cad>
          </ns3:TrackPointExtension>
        </extensions>
      </trkpt>
      <trkpt lat="31.2819202803075313568115234375" lon="121.36744360439479351043701171875">
        <ele>12.6000003814697265625</ele>
        <time>2026-05-30T01:01:41.000Z</time>
        <extensions>
          <ns3:TrackPointExtension>
            <ns3:hr>139</ns3:hr>
            <ns3:cad>77</ns3:cad>
          </ns3:TrackPointExtension>
        </extensions>
      </trkpt>
      <trkpt lat="31.2819434143602848052978515625" lon="121.3674425147473812103271484375">
        <ele>12.19999980926513671875</ele>
        <time>2026-05-30T01:01:42.000Z</time>
        <extensions>
          <ns3:TrackPointExtension>
            <ns3:hr>140</ns3:hr>
            <ns3:cad>80</ns3:cad>
          </ns3:TrackPointExtension>
        </extensions>
      </trkpt>
      <trkpt lat="31.281968057155609130859375" lon="121.36744041927158832550048828125">
        <ele>11.80000019073486328125</ele>
        <time>2026-05-30T01:01:43.000Z</time>
        <extensions>
          <ns3:TrackPointExtension>
            <ns3:hr>141</ns3:hr>
            <ns3:cad>80</ns3:cad>
          </ns3:TrackPointExtension>
        </extensions>
      </trkpt>
      <trkpt lat="31.28198993392288684844970703125" lon="121.367441676557064056396484375">
        <ele>11.6000003814697265625</ele>
        <time>2026-05-30T01:01:44.000Z</time>
        <extensions>
          <ns3:TrackPointExtension>
            <ns3:hr>141</ns3:hr>
            <ns3:cad>80</ns3:cad>
          </ns3:TrackPointExtension>
        </extensions>
      </trkpt>
      <trkpt lat="31.28201139159500598907470703125" lon="121.36744192801415920257568359375">
        <ele>11.6000003814697265625</ele>
        <time>2026-05-30T01:01:45.000Z</time>
        <extensions>
          <ns3:TrackPointExtension>
            <ns3:hr>142</ns3:hr>
            <ns3:cad>80</ns3:cad>
          </ns3:TrackPointExtension>
        </extensions>
      </trkpt>
      <trkpt lat="31.2820336036384105682373046875" lon="121.36744427494704723358154296875">
        <ele>11.3999996185302734375</ele>
        <time>2026-05-30T01:01:46.000Z</time>
        <extensions>
          <ns3:TrackPointExtension>
            <ns3:hr>142</ns3:hr>
            <ns3:cad>80</ns3:cad>
          </ns3:TrackPointExtension>
        </extensions>
      </trkpt>
      <trkpt lat="31.28205631859600543975830078125" lon="121.3674462027847766876220703125">
        <ele>11.19999980926513671875</ele>
        <time>2026-05-30T01:01:47.000Z</time>
        <extensions>
          <ns3:TrackPointExtension>
            <ns3:hr>142</ns3:hr>
            <ns3:cad>80</ns3:cad>
          </ns3:TrackPointExtension>
        </extensions>
      </trkpt>
      <trkpt lat="31.282078363001346588134765625" lon="121.3674472086131572723388671875">
        <ele>11</ele>
        <time>2026-05-30T01:01:48.000Z</time>
        <extensions>
          <ns3:TrackPointExtension>
            <ns3:hr>142</ns3:hr>
            <ns3:cad>78</ns3:cad>
          </ns3:TrackPointExtension>
        </extensions>
      </trkpt>
      <trkpt lat="31.2820999883115291595458984375" lon="121.3674478791654109954833984375">
        <ele>10.6000003814697265625</ele>
        <time>2026-05-30T01:01:49.000Z</time>
        <extensions>
          <ns3:TrackPointExtension>
            <ns3:hr>142</ns3:hr>
            <ns3:cad>78</ns3:cad>
          </ns3:TrackPointExtension>
        </extensions>
      </trkpt>
      <trkpt lat="31.28212337382137775421142578125" lon="121.36744695715606212615966796875">
        <ele>10.19999980926513671875</ele>
        <time>2026-05-30T01:01:50.000Z</time>
        <extensions>
          <ns3:TrackPointExtension>
            <ns3:hr>142</ns3:hr>
            <ns3:cad>78</ns3:cad>
          </ns3:TrackPointExtension>
        </extensions>
      </trkpt>
      <trkpt lat="31.28214566968381404876708984375" lon="121.36744678951799869537353515625">
        <ele>10</ele>
        <time>2026-05-30T01:01:51.000Z</time>
        <extensions>
          <ns3:TrackPointExtension>
            <ns3:hr>142</ns3:hr>
            <ns3:cad>78</ns3:cad>
          </ns3:TrackPointExtension>
        </extensions>
      </trkpt>
      <trkpt lat="31.28216897137463092803955078125" lon="121.367450058460235595703125">
        <ele>9.6000003814697265625</ele>
        <time>2026-05-30T01:01:52.000Z</time>
        <extensions>
          <ns3:TrackPointExtension>
            <ns3:hr>143</ns3:hr>
            <ns3:cad>78</ns3:cad>
          </ns3:TrackPointExtension>
        </extensions>
      </trkpt>
      <trkpt lat="31.28219847567379474639892578125" lon="121.3674515672028064727783203125">
        <ele>9.19999980926513671875</ele>
        <time>2026-05-30T01:01:53.000Z</time>
        <extensions>
          <ns3:TrackPointExtension>
            <ns3:hr>143</ns3:hr>
            <ns3:cad>79</ns3:cad>
          </ns3:TrackPointExtension>
        </extensions>
      </trkpt>
      <trkpt lat="31.282226555049419403076171875" lon="121.36744662187993526458740234375">
        <ele>8.80000019073486328125</ele>
        <time>2026-05-30T01:01:54.000Z</time>
        <extensions>
          <ns3:TrackPointExtension>
            <ns3:hr>142</ns3:hr>
            <ns3:cad>79</ns3:cad>
          </ns3:TrackPointExtension>
        </extensions>
      </trkpt>
      <trkpt lat="31.2822545506060123443603515625" lon="121.36744561605155467987060546875">
        <ele>8.6000003814697265625</ele>
        <time>2026-05-30T01:01:55.000Z</time>
        <extensions>
          <ns3:TrackPointExtension>
            <ns3:hr>142</ns3:hr>
            <ns3:cad>79</ns3:cad>
          </ns3:TrackPointExtension>
        </extensions>
      </trkpt>
      <trkpt lat="31.28228514455258846282958984375" lon="121.3674433529376983642578125">
        <ele>8.19999980926513671875</ele>
        <time>2026-05-30T01:01:56.000Z</time>
        <extensions>
          <ns3:TrackPointExtension>
            <ns3:hr>142</ns3:hr>
            <ns3:cad>80</ns3:cad>
          </ns3:TrackPointExtension>
        </extensions>
      </trkpt>
      <trkpt lat="31.28230978734791278839111328125" lon="121.367435641586780548095703125">
        <ele>7.80000019073486328125</ele>
        <time>2026-05-30T01:01:57.000Z</time>
        <extensions>
          <ns3:TrackPointExtension>
            <ns3:hr>142</ns3:hr>
            <ns3:cad>81</ns3:cad>
          </ns3:TrackPointExtension>
        </extensions>
      </trkpt>
      <trkpt lat="31.2823323346674442291259765625" lon="121.3674213923513889312744140625">
        <ele>7.599999904632568359375</ele>
        <time>2026-05-30T01:01:58.000Z</time>
        <extensions>
          <ns3:TrackPointExtension>
            <ns3:hr>142</ns3:hr>
            <ns3:cad>83</ns3:cad>
          </ns3:TrackPointExtension>
        </extensions>
      </trkpt>
      <trkpt lat="31.282354295253753662109375" lon="121.3674093224108219146728515625">
        <ele>7.599999904632568359375</ele>
        <time>2026-05-30T01:01:59.000Z</time>
        <extensions>
          <ns3:TrackPointExtension>
            <ns3:hr>142</ns3:hr>
            <ns3:cad>84</ns3:cad>
          </ns3:TrackPointExtension>
        </extensions>
      </trkpt>
      <trkpt lat="31.28237600438296794891357421875" lon="121.367397420108318328857421875">
        <ele>7.400000095367431640625</ele>
        <time>2026-05-30T01:02:00.000Z</time>
        <extensions>
          <ns3:TrackPointExtension>
            <ns3:hr>141</ns3:hr>
            <ns3:cad>85</ns3:cad>
          </ns3:TrackPointExtension>
        </extensions>
      </trkpt>
      <trkpt lat="31.2823997251689434051513671875" lon="121.36739180423319339752197265625">
        <ele>7.400000095367431640625</ele>
        <time>2026-05-30T01:02:01.000Z</time>
        <extensions>
          <ns3:TrackPointExtension>
            <ns3:hr>141</ns3:hr>
            <ns3:cad>85</ns3:cad>
          </ns3:TrackPointExtension>
        </extensions>
      </trkpt>
      <trkpt lat="31.282422356307506561279296875" lon="121.36738224886357784271240234375">
        <ele>7.19999980926513671875</ele>
        <time>2026-05-30T01:02:02.000Z</time>
        <extensions>
          <ns3:TrackPointExtension>
            <ns3:hr>141</ns3:hr>
            <ns3:cad>85</ns3:cad>
          </ns3:TrackPointExtension>
        </extensions>
      </trkpt>
      <trkpt lat="31.2824459932744503021240234375" lon="121.36737554334104061126708984375">
        <ele>7.19999980926513671875</ele>
        <time>2026-05-30T01:02:03.000Z</time>
        <extensions>
          <ns3:TrackPointExtension>
            <ns3:hr>140</ns3:hr>
            <ns3:cad>84</ns3:cad>
          </ns3:TrackPointExtension>
        </extensions>
      </trkpt>
      <trkpt lat="31.28247206099331378936767578125" lon="121.367369592189788818359375">
        <ele>7.19999980926513671875</ele>
        <time>2026-05-30T01:02:04.000Z</time>
        <extensions>
          <ns3:TrackPointExtension>
            <ns3:hr>140</ns3:hr>
            <ns3:cad>82</ns3:cad>
          </ns3:TrackPointExtension>
        </extensions>
      </trkpt>
      <trkpt lat="31.2824942730367183685302734375" lon="121.3673630543053150177001953125">
        <ele>7.19999980926513671875</ele>
        <time>2026-05-30T01:02:05.000Z</time>
        <extensions>
          <ns3:TrackPointExtension>
            <ns3:hr>140</ns3:hr>
            <ns3:cad>82</ns3:cad>
          </ns3:TrackPointExtension>
        </extensions>
      </trkpt>
      <trkpt lat="31.28251782618463039398193359375" lon="121.3673570193350315093994140625">
        <ele>7.19999980926513671875</ele>
        <time>2026-05-30T01:02:06.000Z</time>
        <extensions>
          <ns3:TrackPointExtension>
            <ns3:hr>140</ns3:hr>
            <ns3:cad>81</ns3:cad>
          </ns3:TrackPointExtension>
        </extensions>
      </trkpt>
      <trkpt lat="31.282539032399654388427734375" lon="121.367353498935699462890625">
        <ele>7.19999980926513671875</ele>
        <time>2026-05-30T01:02:07.000Z</time>
        <extensions>
          <ns3:TrackPointExtension>
            <ns3:hr>140</ns3:hr>
            <ns3:cad>81</ns3:cad>
          </ns3:TrackPointExtension>
        </extensions>
      </trkpt>
      <trkpt lat="31.2825633399188518524169921875" lon="121.3673456199467182159423828125">
        <ele>7.19999980926513671875</ele>
        <time>2026-05-30T01:02:08.000Z</time>
        <extensions>
          <ns3:TrackPointExtension>
            <ns3:hr>139</ns3:hr>
            <ns3:cad>81</ns3:cad>
          </ns3:TrackPointExtension>
        </extensions>
      </trkpt>
      <trkpt lat="31.28258907236158847808837890625" lon="121.36733941733837127685546875">
        <ele>7.19999980926513671875</ele>
        <time>2026-05-30T01:02:09.000Z</time>
        <extensions>
          <ns3:TrackPointExtension>
            <ns3:hr>140</ns3:hr>
            <ns3:cad>81</ns3:cad>
          </ns3:TrackPointExtension>
        </extensions>
      </trkpt>
      <trkpt lat="31.2826102785766124725341796875" lon="121.367335729300975799560546875">
        <ele>7.19999980926513671875</ele>
        <time>2026-05-30T01:02:10.000Z</time>
        <extensions>
          <ns3:TrackPointExtension>
            <ns3:hr>140</ns3:hr>
            <ns3:cad>81</ns3:cad>
          </ns3:TrackPointExtension>
        </extensions>
      </trkpt>
      <trkpt lat="31.28263215534389019012451171875" lon="121.3673322089016437530517578125">
        <ele>7.400000095367431640625</ele>
        <time>2026-05-30T01:02:11.000Z</time>
        <extensions>
          <ns3:TrackPointExtension>
            <ns3:hr>139</ns3:hr>
            <ns3:cad>80</ns3:cad>
          </ns3:TrackPointExtension>
        </extensions>
      </trkpt>
      <trkpt lat="31.2826560437679290771484375" lon="121.36733095161616802215576171875">
        <ele>7.400000095367431640625</ele>
        <time>2026-05-30T01:02:12.000Z</time>
        <extensions>
          <ns3:TrackPointExtension>
            <ns3:hr>140</ns3:hr>
            <ns3:cad>81</ns3:cad>
          </ns3:TrackPointExtension>
        </extensions>
      </trkpt>
      <trkpt lat="31.28267926163971424102783203125" lon="121.36734536848962306976318359375">
        <ele>7.19999980926513671875</ele>
        <time>2026-05-30T01:02:13.000Z</time>
        <extensions>
          <ns3:TrackPointExtension>
            <ns3:hr>139</ns3:hr>
            <ns3:cad>81</ns3:cad>
          </ns3:TrackPointExtension>
        </extensions>
      </trkpt>
      <trkpt lat="31.2826977856457233428955078125" lon="121.36737294495105743408203125">
        <ele>7.19999980926513671875</ele>
        <time>2026-05-30T01:02:14.000Z</time>
        <extensions>
          <ns3:TrackPointExtension>
            <ns3:hr>139</ns3:hr>
            <ns3:cad>81</ns3:cad>
          </ns3:TrackPointExtension>
        </extensions>
      </trkpt>
      <trkpt lat="31.28269233740866184234619140625" lon="121.36740504764020442962646484375">
        <ele>7.19999980926513671875</ele>
        <time>2026-05-30T01:02:15.000Z</time>
        <extensions>
          <ns3:TrackPointExtension>
            <ns3:hr>139</ns3:hr>
            <ns3:cad>81</ns3:cad>
          </ns3:TrackPointExtension>
        </extensions>
      </trkpt>
      <trkpt lat="31.28267926163971424102783203125" lon="121.36742901988327503204345703125">
        <ele>7.400000095367431640625</ele>
        <time>2026-05-30T01:02:16.000Z</time>
        <extensions>
          <ns3:TrackPointExtension>
            <ns3:hr>140</ns3:hr>
            <ns3:cad>80</ns3:cad>
          </ns3:TrackPointExtension>
        </extensions>
      </trkpt>
      <trkpt lat="31.28266735933721065521240234375" lon="121.367450058460235595703125">
        <ele>7.400000095367431640625</ele>
        <time>2026-05-30T01:02:17.000Z</time>
        <extensions>
          <ns3:TrackPointExtension>
            <ns3:hr>139</ns3:hr>
            <ns3:cad>80</ns3:cad>
          </ns3:TrackPointExtension>
        </extensions>
      </trkpt>
      <trkpt lat="31.28265176899731159210205078125" lon="121.36746942065656185150146484375">
        <ele>7.599999904632568359375</ele>
        <time>2026-05-30T01:02:18.000Z</time>
        <extensions>
          <ns3:TrackPointExtension>
            <ns3:hr>139</ns3:hr>
            <ns3:cad>80</ns3:cad>
          </ns3:TrackPointExtension>
        </extensions>
      </trkpt>
      <trkpt lat="31.28263718448579311370849609375" lon="121.3674889504909515380859375">
        <ele>7.80000019073486328125</ele>
        <time>2026-05-30T01:02:19.000Z</time>
        <extensions>
          <ns3:TrackPointExtension>
            <ns3:hr>139</ns3:hr>
            <ns3:cad>78</ns3:cad>
          </ns3:TrackPointExtension>
        </extensions>
      </trkpt>
      <trkpt lat="31.282624863088130950927734375" lon="121.36751049198210239410400390625">
        <ele>8.19999980926513671875</ele>
        <time>2026-05-30T01:02:20.000Z</time>
        <extensions>
          <ns3:TrackPointExtension>
            <ns3:hr>138</ns3:hr>
            <ns3:cad>78</ns3:cad>
          </ns3:TrackPointExtension>
        </extensions>
      </trkpt>
      <trkpt lat="31.28261388279497623443603515625" lon="121.36753111146390438079833984375">
        <ele>8.3999996185302734375</ele>
        <time>2026-05-30T01:02:21.000Z</time>
        <extensions>
          <ns3:TrackPointExtension>
            <ns3:hr>138</ns3:hr>
            <ns3:cad>78</ns3:cad>
          </ns3:TrackPointExtension>
        </extensions>
      </trkpt>
      <trkpt lat="31.28260047174990177154541015625" lon="121.367551647126674652099609375">
        <ele>8.6000003814697265625</ele>
        <time>2026-05-30T01:02:22.000Z</time>
        <extensions>
          <ns3:TrackPointExtension>
            <ns3:hr>138</ns3:hr>
            <ns3:cad>78</ns3:cad>
          </ns3:TrackPointExtension>
        </extensions>
      </trkpt>
      <trkpt lat="31.28258672542870044708251953125" lon="121.3675729371607303619384765625">
        <ele>9</ele>
        <time>2026-05-30T01:02:23.000Z</time>
        <extensions>
          <ns3:TrackPointExtension>
            <ns3:hr>137</ns3:hr>
            <ns3:cad>78</ns3:cad>
          </ns3:TrackPointExtension>
        </extensions>
      </trkpt>
      <trkpt lat="31.28257465548813343048095703125" lon="121.36759045533835887908935546875">
        <ele>9.3999996185302734375</ele>
        <time>2026-05-30T01:02:24.000Z</time>
        <extensions>
          <ns3:TrackPointExtension>
            <ns3:hr>137</ns3:hr>
            <ns3:cad>78</ns3:cad>
          </ns3:TrackPointExtension>
        </extensions>
      </trkpt>
      <trkpt lat="31.28256141208112239837646484375" lon="121.36760604567825794219970703125">
        <ele>9.6000003814697265625</ele>
        <time>2026-05-30T01:02:25.000Z</time>
        <extensions>
          <ns3:TrackPointExtension>
            <ns3:hr>137</ns3:hr>
            <ns3:cad>78</ns3:cad>
          </ns3:TrackPointExtension>
        </extensions>
      </trkpt>
      <trkpt lat="31.2825489230453968048095703125" lon="121.36762398295104503631591796875">
        <ele>10</ele>
        <time>2026-05-30T01:02:26.000Z</time>
        <extensions>
          <ns3:TrackPointExtension>
            <ns3:hr>137</ns3:hr>
            <ns3:cad>78</ns3:cad>
          </ns3:TrackPointExtension>
        </extensions>
      </trkpt>
      <trkpt lat="31.28254012204706668853759765625" lon="121.367642842233180999755859375">
        <ele>10.19999980926513671875</ele>
        <time>2026-05-30T01:02:27.000Z</time>
        <extensions>
          <ns3:TrackPointExtension>
            <ns3:hr>136</ns3:hr>
            <ns3:cad>78</ns3:cad>
          </ns3:TrackPointExtension>
        </extensions>
      </trkpt>
      <trkpt lat="31.2825284712016582489013671875" lon="121.3676624558866024017333984375">
        <ele>10.3999996185302734375</ele>
        <time>2026-05-30T01:02:28.000Z</time>
        <extensions>
          <ns3:TrackPointExtension>
            <ns3:hr>137</ns3:hr>
            <ns3:cad>79</ns3:cad>
          </ns3:TrackPointExtension>
        </extensions>
      </trkpt>
      <trkpt lat="31.28251598216593265533447265625" lon="121.36768148280680179595947265625">
        <ele>10.6000003814697265625</ele>
        <time>2026-05-30T01:02:29.000Z</time>
        <extensions>
          <ns3:TrackPointExtension>
            <ns3:hr>137</ns3:hr>
            <ns3:cad>79</ns3:cad>
          </ns3:TrackPointExtension>
        </extensions>
      </trkpt>
      <trkpt lat="31.28250248730182647705078125" lon="121.36769950389862060546875">
        <ele>10.6000003814697265625</ele>
        <time>2026-05-30T01:02:30.000Z</time>
        <extensions>
          <ns3:TrackPointExtension>
            <ns3:hr>137</ns3:hr>
            <ns3:cad>79</ns3:cad>
          </ns3:TrackPointExtension>
        </extensions>
      </trkpt>
      <trkpt lat="31.2824879027903079986572265625" lon="121.36771668680012226104736328125">
        <ele>10.80000019073486328125</ele>
        <time>2026-05-30T01:02:31.000Z</time>
        <extensions>
          <ns3:TrackPointExtension>
            <ns3:hr>137</ns3:hr>
            <ns3:cad>77</ns3:cad>
          </ns3:TrackPointExtension>
        </extensions>
      </trkpt>
      <trkpt lat="31.28247608430683612823486328125" lon="121.36773697100579738616943359375">
        <ele>11</ele>
        <time>2026-05-30T01:02:32.000Z</time>
        <extensions>
          <ns3:TrackPointExtension>
            <ns3:hr>137</ns3:hr>
            <ns3:cad>77</ns3:cad>
          </ns3:TrackPointExtension>
        </extensions>
      </trkpt>
      <trkpt lat="31.282463930547237396240234375" lon="121.3677544891834259033203125">
        <ele>11.19999980926513671875</ele>
        <time>2026-05-30T01:02:33.000Z</time>
        <extensions>
          <ns3:TrackPointExtension>
            <ns3:hr>137</ns3:hr>
            <ns3:cad>77</ns3:cad>
          </ns3:TrackPointExtension>
        </extensions>
      </trkpt>
      <trkpt lat="31.2824483402073383331298828125" lon="121.36776991188526153564453125">
        <ele>11.3999996185302734375</ele>
        <time>2026-05-30T01:02:34.000Z</time>
        <extensions>
          <ns3:TrackPointExtension>
            <ns3:hr>137</ns3:hr>
            <ns3:cad>77</ns3:cad>
          </ns3:TrackPointExtension>
        </extensions>
      </trkpt>
      <trkpt lat="31.28243400715291500091552734375" lon="121.3677895255386829376220703125">
        <ele>11.6000003814697265625</ele>
        <time>2026-05-30T01:02:35.000Z</time>
        <extensions>
          <ns3:TrackPointExtension>
            <ns3:hr>137</ns3:hr>
            <ns3:cad>78</ns3:cad>
          </ns3:TrackPointExtension>
        </extensions>
      </trkpt>
      <trkpt lat="31.28242126666009426116943359375" lon="121.36780880391597747802734375">
        <ele>11.80000019073486328125</ele>
        <time>2026-05-30T01:02:36.000Z</time>
        <extensions>
          <ns3:TrackPointExtension>
            <ns3:hr>137</ns3:hr>
            <ns3:cad>78</ns3:cad>
          </ns3:TrackPointExtension>
        </extensions>
      </trkpt>
      <trkpt lat="31.28241053782403469085693359375" lon="121.36782866902649402618408203125">
        <ele>12.19999980926513671875</ele>
        <time>2026-05-30T01:02:37.000Z</time>
        <extensions>
          <ns3:TrackPointExtension>
            <ns3:hr>137</ns3:hr>
            <ns3:cad>78</ns3:cad>
          </ns3:TrackPointExtension>
        </extensions>
      </trkpt>
      <trkpt lat="31.282397210597991943359375" lon="121.36784811504185199737548828125">
        <ele>12.3999996185302734375</ele>
        <time>2026-05-30T01:02:38.000Z</time>
        <extensions>
          <ns3:TrackPointExtension>
            <ns3:hr>137</ns3:hr>
            <ns3:cad>78</ns3:cad>
          </ns3:TrackPointExtension>
        </extensions>
      </trkpt>
      <trkpt lat="31.2823856435716152191162109375" lon="121.36786554940044879913330078125">
        <ele>12.80000019073486328125</ele>
        <time>2026-05-30T01:02:39.000Z</time>
        <extensions>
          <ns3:TrackPointExtension>
            <ns3:hr>137</ns3:hr>
            <ns3:cad>78</ns3:cad>
          </ns3:TrackPointExtension>
        </extensions>
      </trkpt>
      <trkpt lat="31.2823690474033355712890625" lon="121.36788181029260158538818359375">
        <ele>13</ele>
        <time>2026-05-30T01:02:40.000Z</time>
        <extensions>
          <ns3:TrackPointExtension>
            <ns3:hr>138</ns3:hr>
            <ns3:cad>78</ns3:cad>
          </ns3:TrackPointExtension>
        </extensions>
      </trkpt>
      <trkpt lat="31.28235287033021450042724609375" lon="121.3678993284702301025390625">
        <ele>13.19999980926513671875</ele>
        <time>2026-05-30T01:02:41.000Z</time>
        <extensions>
          <ns3:TrackPointExtension>
            <ns3:hr>138</ns3:hr>
            <ns3:cad>77</ns3:cad>
          </ns3:TrackPointExtension>
        </extensions>
      </trkpt>
      <trkpt lat="31.28233359195291996002197265625" lon="121.36791449971497058868408203125">
        <ele>13.6000003814697265625</ele>
        <time>2026-05-30T01:02:42.000Z</time>
        <extensions>
          <ns3:TrackPointExtension>
            <ns3:hr>139</ns3:hr>
            <ns3:cad>77</ns3:cad>
          </ns3:TrackPointExtension>
        </extensions>
      </trkpt>
      <trkpt lat="31.28231733106076717376708984375" lon="121.36792841367423534393310546875">
        <ele>13.6000003814697265625</ele>
        <time>2026-05-30T01:02:43.000Z</time>
        <extensions>
          <ns3:TrackPointExtension>
            <ns3:hr>140</ns3:hr>
            <ns3:cad>77</ns3:cad>
          </ns3:TrackPointExtension>
        </extensions>
      </trkpt>
      <trkpt lat="31.282296292483806610107421875" lon="121.36794199235737323760986328125">
        <ele>13.80000019073486328125</ele>
        <time>2026-05-30T01:02:44.000Z</time>
        <extensions>
          <ns3:TrackPointExtension>
            <ns3:hr>141</ns3:hr>
            <ns3:cad>79</ns3:cad>
          </ns3:TrackPointExtension>
        </extensions>
      </trkpt>
      <trkpt lat="31.2822756730020046234130859375" lon="121.36795121245086193084716796875">
        <ele>14</ele>
        <time>2026-05-30T01:02:45.000Z</time>
        <extensions>
          <ns3:TrackPointExtension>
            <ns3:hr>142</ns3:hr>
            <ns3:cad>79</ns3:cad>
          </ns3:TrackPointExtension>
        </extensions>
      </trkpt>
      <trkpt lat="31.28225446678698062896728515625" lon="121.3679595105350017547607421875">
        <ele>14.19999980926513671875</ele>
        <time>2026-05-30T01:02:46.000Z</time>
        <extensions>
          <ns3:TrackPointExtension>
            <ns3:hr>143</ns3:hr>
            <ns3:cad>79</ns3:cad>
          </ns3:TrackPointExtension>
        </extensions>
      </trkpt>
      <trkpt lat="31.28223585896193981170654296875" lon="121.36796839535236358642578125">
        <ele>14.19999980926513671875</ele>
        <time>2026-05-30T01:02:47.000Z</time>
        <extensions>
          <ns3:TrackPointExtension>
            <ns3:hr>143</ns3:hr>
            <ns3:cad>79</ns3:cad>
          </ns3:TrackPointExtension>
        </extensions>
      </trkpt>
      <trkpt lat="31.2822176702320575714111328125" lon="121.36797652579843997955322265625">
        <ele>14.3999996185302734375</ele>
        <time>2026-05-30T01:02:48.000Z</time>
        <extensions>
          <ns3:TrackPointExtension>
            <ns3:hr>143</ns3:hr>
            <ns3:cad>79</ns3:cad>
          </ns3:TrackPointExtension>
        </extensions>
      </trkpt>
      <trkpt lat="31.2821992300450801849365234375" lon="121.3679843209683895111083984375">
        <ele>14.3999996185302734375</ele>
        <time>2026-05-30T01:02:49.000Z</time>
        <extensions>
          <ns3:TrackPointExtension>
            <ns3:hr>144</ns3:hr>
            <ns3:cad>79</ns3:cad>
          </ns3:TrackPointExtension>
        </extensions>
      </trkpt>
      <trkpt lat="31.2821801193058490753173828125" lon="121.367994211614131927490234375">
        <ele>14.3999996185302734375</ele>
        <time>2026-05-30T01:02:50.000Z</time>
        <extensions>
          <ns3:TrackPointExtension>
            <ns3:hr>144</ns3:hr>
            <ns3:cad>79</ns3:cad>
          </ns3:TrackPointExtension>
        </extensions>
      </trkpt>
      <trkpt lat="31.28216075710952281951904296875" lon="121.3680024258792400360107421875">
        <ele>14.3999996185302734375</ele>
        <time>2026-05-30T01:02:51.000Z</time>
        <extensions>
          <ns3:TrackPointExtension>
            <ns3:hr>144</ns3:hr>
            <ns3:cad>79</ns3:cad>
          </ns3:TrackPointExtension>
        </extensions>
      </trkpt>
      <trkpt lat="31.2821385450661182403564453125" lon="121.36801139451563358306884765625">
        <ele>14.3999996185302734375</ele>
        <time>2026-05-30T01:02:52.000Z</time>
        <extensions>
          <ns3:TrackPointExtension>
            <ns3:hr>143</ns3:hr>
            <ns3:cad>79</ns3:cad>
          </ns3:TrackPointExtension>
        </extensions>
      </trkpt>
      <trkpt lat="31.28211834467947483062744140625" lon="121.36801801621913909912109375">
        <ele>14.3999996185302734375</ele>
        <time>2026-05-30T01:02:53.000Z</time>
        <extensions>
          <ns3:TrackPointExtension>
            <ns3:hr>144</ns3:hr>
            <ns3:cad>79</ns3:cad>
          </ns3:TrackPointExtension>
        </extensions>
      </trkpt>
      <trkpt lat="31.2820983119308948516845703125" lon="121.3680258952081203460693359375">
        <ele>14.3999996185302734375</ele>
        <time>2026-05-30T01:02:54.000Z</time>
        <extensions>
          <ns3:TrackPointExtension>
            <ns3:hr>144</ns3:hr>
            <ns3:cad>79</ns3:cad>
          </ns3:TrackPointExtension>
        </extensions>
      </trkpt>
      <trkpt lat="31.28207744099199771881103515625" lon="121.368040144443511962890625">
        <ele>14.3999996185302734375</ele>
        <time>2026-05-30T01:02:55.000Z</time>
        <extensions>
          <ns3:TrackPointExtension>
            <ns3:hr>144</ns3:hr>
            <ns3:cad>80</ns3:cad>
          </ns3:TrackPointExtension>
        </extensions>
      </trkpt>
      <trkpt lat="31.2820651195943355560302734375" lon="121.36806084774434566497802734375">
        <ele>14.3999996185302734375</ele>
        <time>2026-05-30T01:02:56.000Z</time>
        <extensions>
          <ns3:TrackPointExtension>
            <ns3:hr>144</ns3:hr>
            <ns3:cad>80</ns3:cad>
          </ns3:TrackPointExtension>
        </extensions>
      </trkpt>
      <trkpt lat="31.28207090310752391815185546875" lon="121.3680825568735599517822265625">
        <ele>14.3999996185302734375</ele>
        <time>2026-05-30T01:02:57.000Z</time>
        <extensions>
          <ns3:TrackPointExtension>
            <ns3:hr>144</ns3:hr>
            <ns3:cad>80</ns3:cad>
          </ns3:TrackPointExtension>
        </extensions>
      </trkpt>
      <trkpt lat="31.28208515234291553497314453125" lon="121.3680978119373321533203125">
        <ele>14.19999980926513671875</ele>
        <time>2026-05-30T01:02:58.000Z</time>
        <extensions>
          <ns3:TrackPointExtension>
            <ns3:hr>145</ns3:hr>
            <ns3:cad>77</ns3:cad>
          </ns3:TrackPointExtension>
        </extensions>
      </trkpt>
      <trkpt lat="31.28210610710084438323974609375" lon="121.36810594238340854644775390625">
        <ele>14.19999980926513671875</ele>
        <time>2026-05-30T01:02:59.000Z</time>
        <extensions>
          <ns3:TrackPointExtension>
            <ns3:hr>144</ns3:hr>
            <ns3:cad>77</ns3:cad>
          </ns3:TrackPointExtension>
        </extensions>
      </trkpt>
      <trkpt lat="31.28213142044842243194580078125" lon="121.36810828931629657745361328125">
        <ele>14.19999980926513671875</ele>
        <time>2026-05-30T01:03:00.000Z</time>
        <extensions>
          <ns3:TrackPointExtension>
            <ns3:hr>144</ns3:hr>
            <ns3:cad>77</ns3:cad>
          </ns3:TrackPointExtension>
        </extensions>
      </trkpt>
      <trkpt lat="31.282152794301509857177734375" lon="121.36810895986855030059814453125">
        <ele>14.19999980926513671875</ele>
        <time>2026-05-30T01:03:01.000Z</time>
        <extensions>
          <ns3:TrackPointExtension>
            <ns3:hr>144</ns3:hr>
            <ns3:cad>77</ns3:cad>
          </ns3:TrackPointExtension>
        </extensions>
      </trkpt>
      <trkpt lat="31.2821714021265506744384765625" lon="121.3681140728294849395751953125">
        <ele>14.19999980926513671875</ele>
        <time>2026-05-30T01:03:02.000Z</time>
        <extensions>
          <ns3:TrackPointExtension>
            <ns3:hr>144</ns3:hr>
            <ns3:cad>78</ns3:cad>
          </ns3:TrackPointExtension>
        </extensions>
      </trkpt>
      <trkpt lat="31.28218808211386203765869140625" lon="121.368118934333324432373046875">
        <ele>14.19999980926513671875</ele>
        <time>2026-05-30T01:03:03.000Z</time>
        <extensions>
          <ns3:TrackPointExtension>
            <ns3:hr>144</ns3:hr>
            <ns3:cad>78</ns3:cad>
          </ns3:TrackPointExtension>
        </extensions>
      </trkpt>
      <trkpt lat="31.28220702521502971649169921875" lon="121.3681227900087833404541015625">
        <ele>14.19999980926513671875</ele>
        <time>2026-05-30T01:03:04.000Z</time>
        <extensions>
          <ns3:TrackPointExtension>
            <ns3:hr>144</ns3:hr>
            <ns3:cad>78</ns3:cad>
          </ns3:TrackPointExtension>
        </extensions>
      </trkpt>
      <trkpt lat="31.2822282314300537109375" lon="121.368125639855861663818359375">
        <ele>14.19999980926513671875</ele>
        <time>2026-05-30T01:03:05.000Z</time>
        <extensions>
          <ns3:TrackPointExtension>
            <ns3:hr>143</ns3:hr>
            <ns3:cad>78</ns3:cad>
          </ns3:TrackPointExtension>
        </extensions>
      </trkpt>
      <trkpt lat="31.28225010819733142852783203125" lon="121.368129663169384002685546875">
        <ele>14.19999980926513671875</ele>
        <time>2026-05-30T01:03:06.000Z</time>
        <extensions>
          <ns3:TrackPointExtension>
            <ns3:hr>144</ns3:hr>
            <ns3:cad>78</ns3:cad>
          </ns3:TrackPointExtension>
        </extensions>
      </trkpt>
      <trkpt lat="31.28226913511753082275390625" lon="121.3681382127106189727783203125">
        <ele>14.19999980926513671875</ele>
        <time>2026-05-30T01:03:07.000Z</time>
        <extensions>
          <ns3:TrackPointExtension>
            <ns3:hr>144</ns3:hr>
            <ns3:cad>78</ns3:cad>
          </ns3:TrackPointExtension>
        </extensions>
      </trkpt>
      <trkpt lat="31.28228656947612762451171875" lon="121.368145756423473358154296875">
        <ele>14</ele>
        <time>2026-05-30T01:03:08.000Z</time>
        <extensions>
          <ns3:TrackPointExtension>
            <ns3:hr>143</ns3:hr>
            <ns3:cad>79</ns3:cad>
          </ns3:TrackPointExtension>
        </extensions>
      </trkpt>
      <trkpt lat="31.2823073565959930419921875" lon="121.3681489415466785430908203125">
        <ele>14</ele>
        <time>2026-05-30T01:03:09.000Z</time>
        <extensions>
          <ns3:TrackPointExtension>
            <ns3:hr>144</ns3:hr>
            <ns3:cad>79</ns3:cad>
          </ns3:TrackPointExtension>
        </extensions>
      </trkpt>
      <trkpt lat="31.2823303230106830596923828125" lon="121.36815212666988372802734375">
        <ele>13.80000019073486328125</ele>
        <time>2026-05-30T01:03:10.000Z</time>
        <extensions>
          <ns3:TrackPointExtension>
            <ns3:hr>144</ns3:hr>
            <ns3:cad>79</ns3:cad>
          </ns3:TrackPointExtension>
        </extensions>
      </trkpt>
      <trkpt lat="31.282352618873119354248046875" lon="121.368158496916294097900390625">
        <ele>13.6000003814697265625</ele>
        <time>2026-05-30T01:03:11.000Z</time>
        <extensions>
          <ns3:TrackPointExtension>
            <ns3:hr>143</ns3:hr>
            <ns3:cad>79</ns3:cad>
          </ns3:TrackPointExtension>
        </extensions>
      </trkpt>
      <trkpt lat="31.28237399272620677947998046875" lon="121.36816025711596012115478515625">
        <ele>13.3999996185302734375</ele>
        <time>2026-05-30T01:03:12.000Z</time>
        <extensions>
          <ns3:TrackPointExtension>
            <ns3:hr>143</ns3:hr>
            <ns3:cad>78</ns3:cad>
          </ns3:TrackPointExtension>
        </extensions>
      </trkpt>
      <trkpt lat="31.282399557530879974365234375" lon="121.36816478334367275238037109375">
        <ele>13.19999980926513671875</ele>
        <time>2026-05-30T01:03:13.000Z</time>
        <extensions>
          <ns3:TrackPointExtension>
            <ns3:hr>143</ns3:hr>
            <ns3:cad>78</ns3:cad>
          </ns3:TrackPointExtension>
        </extensions>
      </trkpt>
      <trkpt lat="31.282424367964267730712890625" lon="121.3681744225323200225830078125">
        <ele>13</ele>
        <time>2026-05-30T01:03:14.000Z</time>
        <extensions>
          <ns3:TrackPointExtension>
            <ns3:hr>143</ns3:hr>
            <ns3:cad>78</ns3:cad>
          </ns3:TrackPointExtension>
        </extensions>
      </trkpt>
      <trkpt lat="31.2824473343789577484130859375" lon="121.368181966245174407958984375">
        <ele>12.80000019073486328125</ele>
        <time>2026-05-30T01:03:15.000Z</time>
        <extensions>
          <ns3:TrackPointExtension>
            <ns3:hr>144</ns3:hr>
            <ns3:cad>78</ns3:cad>
          </ns3:TrackPointExtension>
        </extensions>
      </trkpt>
      <trkpt lat="31.2824701331555843353271484375" lon="121.3681864924728870391845703125">
        <ele>12.6000003814697265625</ele>
        <time>2026-05-30T01:03:16.000Z</time>
        <extensions>
          <ns3:TrackPointExtension>
            <ns3:hr>143</ns3:hr>
            <ns3:cad>79</ns3:cad>
          </ns3:TrackPointExtension>
        </extensions>
      </trkpt>
      <trkpt lat="31.28249301575124263763427734375" lon="121.36819344945251941680908203125">
        <ele>12.19999980926513671875</ele>
        <time>2026-05-30T01:03:17.000Z</time>
        <extensions>
          <ns3:TrackPointExtension>
            <ns3:hr>143</ns3:hr>
            <ns3:cad>79</ns3:cad>
          </ns3:TrackPointExtension>
        </extensions>
      </trkpt>
      <trkpt lat="31.28251614980399608612060546875" lon="121.3681948743760585784912109375">
        <ele>12</ele>
        <time>2026-05-30T01:03:18.000Z</time>
        <extensions>
          <ns3:TrackPointExtension>
            <ns3:hr>142</ns3:hr>
            <ns3:cad>79</ns3:cad>
          </ns3:TrackPointExtension>
        </extensions>
      </trkpt>
      <trkpt lat="31.28254263661801815032958984375" lon="121.36820015497505664825439453125">
        <ele>11.6000003814697265625</ele>
        <time>2026-05-30T01:03:19.000Z</time>
        <extensions>
          <ns3:TrackPointExtension>
            <ns3:hr>142</ns3:hr>
            <ns3:cad>79</ns3:cad>
          </ns3:TrackPointExtension>
        </extensions>
      </trkpt>
      <trkpt lat="31.2825676985085010528564453125" lon="121.3682072795927524566650390625">
        <ele>11.3999996185302734375</ele>
        <time>2026-05-30T01:03:20.000Z</time>
        <extensions>
          <ns3:TrackPointExtension>
            <ns3:hr>141</ns3:hr>
            <ns3:cad>79</ns3:cad>
          </ns3:TrackPointExtension>
        </extensions>
      </trkpt>
      <trkpt lat="31.2825916707515716552734375" lon="121.36821054853498935699462890625">
        <ele>11.19999980926513671875</ele>
        <time>2026-05-30T01:03:21.000Z</time>
        <extensions>
          <ns3:TrackPointExtension>
            <ns3:hr>141</ns3:hr>
            <ns3:cad>79</ns3:cad>
          </ns3:TrackPointExtension>
        </extensions>
      </trkpt>
      <trkpt lat="31.28261773847043514251708984375" lon="121.36821515858173370361328125">
        <ele>11</ele>
        <time>2026-05-30T01:03:22.000Z</time>
        <extensions>
          <ns3:TrackPointExtension>
            <ns3:hr>140</ns3:hr>
            <ns3:cad>79</ns3:cad>
          </ns3:TrackPointExtension>
        </extensions>
      </trkpt>
      <trkpt lat="31.28264137543737888336181640625" lon="121.368217505514621734619140625">
        <ele>10.80000019073486328125</ele>
        <time>2026-05-30T01:03:23.000Z</time>
        <extensions>
          <ns3:TrackPointExtension>
            <ns3:hr>140</ns3:hr>
            <ns3:cad>79</ns3:cad>
          </ns3:TrackPointExtension>
        </extensions>
      </trkpt>
      <trkpt lat="31.28266585059463977813720703125" lon="121.3682193495333194732666015625">
        <ele>10.6000003814697265625</ele>
        <time>2026-05-30T01:03:24.000Z</time>
        <extensions>
          <ns3:TrackPointExtension>
            <ns3:hr>140</ns3:hr>
            <ns3:cad>81</ns3:cad>
          </ns3:TrackPointExtension>
        </extensions>
      </trkpt>
      <trkpt lat="31.282690577208995819091796875" lon="121.36822127737104892730712890625">
        <ele>10.19999980926513671875</ele>
        <time>2026-05-30T01:03:25.000Z</time>
        <extensions>
          <ns3:TrackPointExtension>
            <ns3:hr>140</ns3:hr>
            <ns3:cad>81</ns3:cad>
          </ns3:TrackPointExtension>
        </extensions>
      </trkpt>
      <trkpt lat="31.2827152200043201446533203125" lon="121.36822320520877838134765625">
        <ele>10</ele>
        <time>2026-05-30T01:03:26.000Z</time>
        <extensions>
          <ns3:TrackPointExtension>
            <ns3:hr>139</ns3:hr>
            <ns3:cad>81</ns3:cad>
          </ns3:TrackPointExtension>
        </extensions>
      </trkpt>
      <trkpt lat="31.2827393598854541778564453125" lon="121.36822580359876155853271484375">
        <ele>9.80000019073486328125</ele>
        <time>2026-05-30T01:03:27.000Z</time>
        <extensions>
          <ns3:TrackPointExtension>
            <ns3:hr>140</ns3:hr>
            <ns3:cad>81</ns3:cad>
          </ns3:TrackPointExtension>
        </extensions>
      </trkpt>
      <trkpt lat="31.28276400268077850341796875" lon="121.3682273961603641510009765625">
        <ele>9.3999996185302734375</ele>
        <time>2026-05-30T01:03:28.000Z</time>
        <extensions>
          <ns3:TrackPointExtension>
            <ns3:hr>140</ns3:hr>
            <ns3:cad>81</ns3:cad>
          </ns3:TrackPointExtension>
        </extensions>
      </trkpt>
      <trkpt lat="31.2827896513044834136962890625" lon="121.36822865344583988189697265625">
        <ele>9.19999980926513671875</ele>
        <time>2026-05-30T01:03:29.000Z</time>
        <extensions>
          <ns3:TrackPointExtension>
            <ns3:hr>140</ns3:hr>
            <ns3:cad>80</ns3:cad>
          </ns3:TrackPointExtension>
        </extensions>
      </trkpt>
      <trkpt lat="31.28281219862401485443115234375" lon="121.3682294078171253204345703125">
        <ele>9</ele>
        <time>2026-05-30T01:03:30.000Z</time>
        <extensions>
          <ns3:TrackPointExtension>
            <ns3:hr>140</ns3:hr>
            <ns3:cad>80</ns3:cad>
          </ns3:TrackPointExtension>
        </extensions>
      </trkpt>
      <trkpt lat="31.28283533267676830291748046875" lon="121.36823183856904506683349609375">
        <ele>9</ele>
        <time>2026-05-30T01:03:31.000Z</time>
        <extensions>
          <ns3:TrackPointExtension>
            <ns3:hr>139</ns3:hr>
            <ns3:cad>80</ns3:cad>
          </ns3:TrackPointExtension>
        </extensions>
      </trkpt>
      <trkpt lat="31.28285729326307773590087890625" lon="121.3682341016829013824462890625">
        <ele>8.80000019073486328125</ele>
        <time>2026-05-30T01:03:32.000Z</time>
        <extensions>
          <ns3:TrackPointExtension>
            <ns3:hr>140</ns3:hr>
            <ns3:cad>80</ns3:cad>
          </ns3:TrackPointExtension>
        </extensions>
      </trkpt>
      <trkpt lat="31.28288277424871921539306640625" lon="121.36823569424450397491455078125">
        <ele>8.6000003814697265625</ele>
        <time>2026-05-30T01:03:33.000Z</time>
        <extensions>
          <ns3:TrackPointExtension>
            <ns3:hr>140</ns3:hr>
            <ns3:cad>80</ns3:cad>
          </ns3:TrackPointExtension>
        </extensions>
      </trkpt>
      <trkpt lat="31.28290892578661441802978515625" lon="121.3682346045970916748046875">
        <ele>8.3999996185302734375</ele>
        <time>2026-05-30T01:03:34.000Z</time>
        <extensions>
          <ns3:TrackPointExtension>
            <ns3:hr>140</ns3:hr>
            <ns3:cad>80</ns3:cad>
          </ns3:TrackPointExtension>
        </extensions>
      </trkpt>
      <trkpt lat="31.28293323330581188201904296875" lon="121.36823602952063083648681640625">
        <ele>8.19999980926513671875</ele>
        <time>2026-05-30T01:03:35.000Z</time>
        <extensions>
          <ns3:TrackPointExtension>
            <ns3:hr>139</ns3:hr>
            <ns3:cad>80</ns3:cad>
          </ns3:TrackPointExtension>
        </extensions>
      </trkpt>
      <trkpt lat="31.28295502625405788421630859375" lon="121.3682515360414981842041015625">
        <ele>8</ele>
        <time>2026-05-30T01:03:36.000Z</time>
        <extensions>
          <ns3:TrackPointExtension>
            <ns3:hr>140</ns3:hr>
            <ns3:cad>80</ns3:cad>
          </ns3:TrackPointExtension>
        </extensions>
      </trkpt>
      <trkpt lat="31.28296357579529285430908203125" lon="121.3682850636541843414306640625">
        <ele>7.80000019073486328125</ele>
        <time>2026-05-30T01:03:37.000Z</time>
        <extensions>
          <ns3:TrackPointExtension>
            <ns3:hr>139</ns3:hr>
            <ns3:cad>80</ns3:cad>
          </ns3:TrackPointExtension>
        </extensions>
      </trkpt>
      <trkpt lat="31.2829698622226715087890625" lon="121.36831364594399929046630859375">
        <ele>7.80000019073486328125</ele>
        <time>2026-05-30T01:03:38.000Z</time>
        <extensions>
          <ns3:TrackPointExtension>
            <ns3:hr>139</ns3:hr>
            <ns3:cad>79</ns3:cad>
          </ns3:TrackPointExtension>
        </extensions>
      </trkpt>
      <trkpt lat="31.2829723767936229705810546875" lon="121.3683392107486724853515625">
        <ele>7.80000019073486328125</ele>
        <time>2026-05-30T01:03:39.000Z</time>
        <extensions>
          <ns3:TrackPointExtension>
            <ns3:hr>139</ns3:hr>
            <ns3:cad>79</ns3:cad>
          </ns3:TrackPointExtension>
        </extensions>
      </trkpt>
      <trkpt lat="31.28296927548944950103759765625" lon="121.36836796067655086517333984375">
        <ele>7.599999904632568359375</ele>
        <time>2026-05-30T01:03:40.000Z</time>
        <extensions>
          <ns3:TrackPointExtension>
            <ns3:hr>138</ns3:hr>
            <ns3:cad>78</ns3:cad>
          </ns3:TrackPointExtension>
        </extensions>
      </trkpt>
      <trkpt lat="31.2829670123755931854248046875" lon="121.368394531309604644775390625">
        <ele>7.80000019073486328125</ele>
        <time>2026-05-30T01:03:41.000Z</time>
        <extensions>
          <ns3:TrackPointExtension>
            <ns3:hr>138</ns3:hr>
            <ns3:cad>78</ns3:cad>
          </ns3:TrackPointExtension>
        </extensions>
      </trkpt>
      <trkpt lat="31.282964833080768585205078125" lon="121.368420012295246124267578125">
        <ele>7.80000019073486328125</ele>
        <time>2026-05-30T01:03:42.000Z</time>
        <extensions>
          <ns3:TrackPointExtension>
            <ns3:hr>137</ns3:hr>
            <ns3:cad>78</ns3:cad>
          </ns3:TrackPointExtension>
        </extensions>
      </trkpt>
      <trkpt lat="31.28296156413853168487548828125" lon="121.368444822728633880615234375">
        <ele>7.80000019073486328125</ele>
        <time>2026-05-30T01:03:43.000Z</time>
        <extensions>
          <ns3:TrackPointExtension>
            <ns3:hr>136</ns3:hr>
            <ns3:cad>78</ns3:cad>
          </ns3:TrackPointExtension>
        </extensions>
      </trkpt>
      <trkpt lat="31.28295703791081905364990234375" lon="121.368468962609767913818359375">
        <ele>7.80000019073486328125</ele>
        <time>2026-05-30T01:03:44.000Z</time>
        <extensions>
          <ns3:TrackPointExtension>
            <ns3:hr>136</ns3:hr>
            <ns3:cad>78</ns3:cad>
          </ns3:TrackPointExtension>
        </extensions>
      </trkpt>
      <trkpt lat="31.28295385278761386871337890625" lon="121.368493773043155670166015625">
        <ele>7.80000019073486328125</ele>
        <time>2026-05-30T01:03:45.000Z</time>
        <extensions>
          <ns3:TrackPointExtension>
            <ns3:hr>136</ns3:hr>
            <ns3:cad>80</ns3:cad>
          </ns3:TrackPointExtension>
        </extensions>
      </trkpt>
      <trkpt lat="31.28295267932116985321044921875" lon="121.36852118186652660369873046875">
        <ele>8</ele>
        <time>2026-05-30T01:03:46.000Z</time>
        <extensions>
          <ns3:TrackPointExtension>
            <ns3:hr>136</ns3:hr>
            <ns3:cad>80</ns3:cad>
          </ns3:TrackPointExtension>
        </extensions>
      </trkpt>
      <trkpt lat="31.2829462252557277679443359375" lon="121.3685462437570095062255859375">
        <ele>8</ele>
        <time>2026-05-30T01:03:47.000Z</time>
        <extensions>
          <ns3:TrackPointExtension>
            <ns3:hr>135</ns3:hr>
            <ns3:cad>79</ns3:cad>
          </ns3:TrackPointExtension>
        </extensions>
      </trkpt>
      <trkpt lat="31.28294228576123714447021484375" lon="121.36856946162879467010498046875">
        <ele>8</ele>
        <time>2026-05-30T01:03:48.000Z</time>
        <extensions>
          <ns3:TrackPointExtension>
            <ns3:hr>136</ns3:hr>
            <ns3:cad>79</ns3:cad>
          </ns3:TrackPointExtension>
        </extensions>
      </trkpt>
      <trkpt lat="31.28294144757091999053955078125" lon="121.3685951940715312957763671875">
        <ele>8.19999980926513671875</ele>
        <time>2026-05-30T01:03:49.000Z</time>
        <extensions>
          <ns3:TrackPointExtension>
            <ns3:hr>136</ns3:hr>
            <ns3:cad>79</ns3:cad>
          </ns3:TrackPointExtension>
        </extensions>
      </trkpt>
      <trkpt lat="31.282938010990619659423828125" lon="121.3686213456094264984130859375">
        <ele>8.3999996185302734375</ele>
        <time>2026-05-30T01:03:50.000Z</time>
        <extensions>
          <ns3:TrackPointExtension>
            <ns3:hr>136</ns3:hr>
            <ns3:cad>79</ns3:cad>
          </ns3:TrackPointExtension>
        </extensions>
      </trkpt>
      <trkpt lat="31.2829371728003025054931640625" lon="121.36864565312862396240234375">
        <ele>8.3999996185302734375</ele>
        <time>2026-05-30T01:03:51.000Z</time>
        <extensions>
          <ns3:TrackPointExtension>
            <ns3:hr>135</ns3:hr>
            <ns3:cad>79</ns3:cad>
          </ns3:TrackPointExtension>
        </extensions>
      </trkpt>
      <trkpt lat="31.28293826244771480560302734375" lon="121.36867247521877288818359375">
        <ele>8.6000003814697265625</ele>
        <time>2026-05-30T01:03:52.000Z</time>
        <extensions>
          <ns3:TrackPointExtension>
            <ns3:hr>136</ns3:hr>
            <ns3:cad>80</ns3:cad>
          </ns3:TrackPointExtension>
        </extensions>
      </trkpt>
      <trkpt lat="31.28293993882834911346435546875" lon="121.368697620928287506103515625">
        <ele>8.80000019073486328125</ele>
        <time>2026-05-30T01:03:53.000Z</time>
        <extensions>
          <ns3:TrackPointExtension>
            <ns3:hr>136</ns3:hr>
            <ns3:cad>80</ns3:cad>
          </ns3:TrackPointExtension>
        </extensions>
      </trkpt>
      <trkpt lat="31.28294362686574459075927734375" lon="121.36872184462845325469970703125">
        <ele>8.80000019073486328125</ele>
        <time>2026-05-30T01:03:54.000Z</time>
        <extensions>
          <ns3:TrackPointExtension>
            <ns3:hr>136</ns3:hr>
            <ns3:cad>80</ns3:cad>
          </ns3:TrackPointExtension>
        </extensions>
      </trkpt>
      <trkpt lat="31.28294899128377437591552734375" lon="121.36874766089022159576416015625">
        <ele>8.80000019073486328125</ele>
        <time>2026-05-30T01:03:55.000Z</time>
        <extensions>
          <ns3:TrackPointExtension>
            <ns3:hr>136</ns3:hr>
            <ns3:cad>80</ns3:cad>
          </ns3:TrackPointExtension>
        </extensions>
      </trkpt>
      <trkpt lat="31.28295443952083587646484375" lon="121.3687722198665142059326171875">
        <ele>8.80000019073486328125</ele>
        <time>2026-05-30T01:03:56.000Z</time>
        <extensions>
          <ns3:TrackPointExtension>
            <ns3:hr>135</ns3:hr>
            <ns3:cad>80</ns3:cad>
          </ns3:TrackPointExtension>
        </extensions>
      </trkpt>
      <trkpt lat="31.28295687027275562286376953125" lon="121.36879325844347476959228515625">
        <ele>8.80000019073486328125</ele>
        <time>2026-05-30T01:03:57.000Z</time>
        <extensions>
          <ns3:TrackPointExtension>
            <ns3:hr>136</ns3:hr>
            <ns3:cad>80</ns3:cad>
          </ns3:TrackPointExtension>
        </extensions>
      </trkpt>
      <trkpt lat="31.282958798110485076904296875" lon="121.36881505139172077178955078125">
        <ele>8.80000019073486328125</ele>
        <time>2026-05-30T01:03:58.000Z</time>
        <extensions>
          <ns3:TrackPointExtension>
            <ns3:hr>136</ns3:hr>
            <ns3:cad>80</ns3:cad>
          </ns3:TrackPointExtension>
        </extensions>
      </trkpt>
      <trkpt lat="31.2829633243381977081298828125" lon="121.3688365928828716278076171875">
        <ele>8.80000019073486328125</ele>
        <time>2026-05-30T01:03:59.000Z</time>
        <extensions>
          <ns3:TrackPointExtension>
            <ns3:hr>136</ns3:hr>
            <ns3:cad>81</ns3:cad>
          </ns3:TrackPointExtension>
        </extensions>
      </trkpt>
      <trkpt lat="31.2829698622226715087890625" lon="121.36885947547852993011474609375">
        <ele>8.80000019073486328125</ele>
        <time>2026-05-30T01:04:00.000Z</time>
        <extensions>
          <ns3:TrackPointExtension>
            <ns3:hr>136</ns3:hr>
            <ns3:cad>81</ns3:cad>
          </ns3:TrackPointExtension>
        </extensions>
      </trkpt>
      <trkpt lat="31.282976567745208740234375" lon="121.36888579465448856353759765625">
        <ele>8.80000019073486328125</ele>
        <time>2026-05-30T01:04:01.000Z</time>
        <extensions>
          <ns3:TrackPointExtension>
            <ns3:hr>136</ns3:hr>
            <ns3:cad>81</ns3:cad>
          </ns3:TrackPointExtension>
        </extensions>
      </trkpt>
      <trkpt lat="31.2829857878386974334716796875" lon="121.3689080066978931427001953125">
        <ele>8.80000019073486328125</ele>
        <time>2026-05-30T01:04:02.000Z</time>
        <extensions>
          <ns3:TrackPointExtension>
            <ns3:hr>136</ns3:hr>
            <ns3:cad>80</ns3:cad>
          </ns3:TrackPointExtension>
        </extensions>
      </trkpt>
      <trkpt lat="31.28299408592283725738525390625" lon="121.36893139220774173736572265625">
        <ele>8.80000019073486328125</ele>
        <time>2026-05-30T01:04:03.000Z</time>
        <extensions>
          <ns3:TrackPointExtension>
            <ns3:hr>136</ns3:hr>
            <ns3:cad>80</ns3:cad>
          </ns3:TrackPointExtension>
        </extensions>
      </trkpt>
      <trkpt lat="31.282998360693454742431640625" lon="121.36895737610757350921630859375">
        <ele>8.80000019073486328125</ele>
        <time>2026-05-30T01:04:04.000Z</time>
        <extensions>
          <ns3:TrackPointExtension>
            <ns3:hr>136</ns3:hr>
            <ns3:cad>80</ns3:cad>
          </ns3:TrackPointExtension>
        </extensions>
      </trkpt>
      <trkpt lat="31.28300565294921398162841796875" lon="121.36898134835064411163330078125">
        <ele>8.6000003814697265625</ele>
        <time>2026-05-30T01:04:05.000Z</time>
        <extensions>
          <ns3:TrackPointExtension>
            <ns3:hr>136</ns3:hr>
            <ns3:cad>81</ns3:cad>
          </ns3:TrackPointExtension>
        </extensions>
      </trkpt>
      <trkpt lat="31.2830183096230030059814453125" lon="121.3690028898417949676513671875">
        <ele>8.80000019073486328125</ele>
        <time>2026-05-30T01:04:06.000Z</time>
        <extensions>
          <ns3:TrackPointExtension>
            <ns3:hr>136</ns3:hr>
            <ns3:cad>81</ns3:cad>
          </ns3:TrackPointExtension>
        </extensions>
      </trkpt>
      <trkpt lat="31.2830357439815998077392578125" lon="121.3690152950584888458251953125">
        <ele>8.80000019073486328125</ele>
        <time>2026-05-30T01:04:07.000Z</time>
        <extensions>
          <ns3:TrackPointExtension>
            <ns3:hr>136</ns3:hr>
            <ns3:cad>80</ns3:cad>
          </ns3:TrackPointExtension>
        </extensions>
      </trkpt>
      <trkpt lat="31.2830578722059726715087890625" lon="121.36902116239070892333984375">
        <ele>8.80000019073486328125</ele>
        <time>2026-05-30T01:04:08.000Z</time>
        <extensions>
          <ns3:TrackPointExtension>
            <ns3:hr>136</ns3:hr>
            <ns3:cad>80</ns3:cad>
          </ns3:TrackPointExtension>
        </extensions>
      </trkpt>
      <trkpt lat="31.2830803357064723968505859375" lon="121.36902158148586750030517578125">
        <ele>8.80000019073486328125</ele>
        <time>2026-05-30T01:04:09.000Z</time>
        <extensions>
          <ns3:TrackPointExtension>
            <ns3:hr>136</ns3:hr>
            <ns3:cad>80</ns3:cad>
          </ns3:TrackPointExtension>
        </extensions>
      </trkpt>
      <trkpt lat="31.2831021286547183990478515625" lon="121.36902275495231151580810546875">
        <ele>8.80000019073486328125</ele>
        <time>2026-05-30T01:04:10.000Z</time>
        <extensions>
          <ns3:TrackPointExtension>
            <ns3:hr>136</ns3:hr>
            <ns3:cad>79</ns3:cad>
          </ns3:TrackPointExtension>
        </extensions>
      </trkpt>
      <trkpt lat="31.28312350250780582427978515625" lon="121.36902208440005779266357421875">
        <ele>8.80000019073486328125</ele>
        <time>2026-05-30T01:04:11.000Z</time>
        <extensions>
          <ns3:TrackPointExtension>
            <ns3:hr>136</ns3:hr>
            <ns3:cad>79</ns3:cad>
          </ns3:TrackPointExtension>
        </extensions>
      </trkpt>
      <trkpt lat="31.2831480614840984344482421875" lon="121.3690183125436305999755859375">
        <ele>9</ele>
        <time>2026-05-30T01:04:12.000Z</time>
        <extensions>
          <ns3:TrackPointExtension>
            <ns3:hr>136</ns3:hr>
            <ns3:cad>79</ns3:cad>
          </ns3:TrackPointExtension>
        </extensions>
      </trkpt>
      <trkpt lat="31.283171363174915313720703125" lon="121.369010098278522491455078125">
        <ele>9</ele>
        <time>2026-05-30T01:04:13.000Z</time>
        <extensions>
          <ns3:TrackPointExtension>
            <ns3:hr>136</ns3:hr>
            <ns3:cad>78</ns3:cad>
          </ns3:TrackPointExtension>
        </extensions>
      </trkpt>
      <trkpt lat="31.28319106064736843109130859375" lon="121.3690008781850337982177734375">
        <ele>9</ele>
        <time>2026-05-30T01:04:14.000Z</time>
        <extensions>
          <ns3:TrackPointExtension>
            <ns3:hr>135</ns3:hr>
            <ns3:cad>78</ns3:cad>
          </ns3:TrackPointExtension>
        </extensions>
      </trkpt>
      <trkpt lat="31.28320950083434581756591796875" lon="121.36898855678737163543701171875">
        <ele>9</ele>
        <time>2026-05-30T01:04:15.000Z</time>
        <extensions>
          <ns3:TrackPointExtension>
            <ns3:hr>135</ns3:hr>
            <ns3:cad>79</ns3:cad>
          </ns3:TrackPointExtension>
        </extensions>
      </trkpt>
      <trkpt lat="31.28322659991681575775146484375" lon="121.3689723797142505645751953125">
        <ele>9</ele>
        <time>2026-05-30T01:04:16.000Z</time>
        <extensions>
          <ns3:TrackPointExtension>
            <ns3:hr>134</ns3:hr>
            <ns3:cad>79</ns3:cad>
          </ns3:TrackPointExtension>
        </extensions>
      </trkpt>
      <trkpt lat="31.28324017859995365142822265625" lon="121.368954442441463470458984375">
        <ele>8.80000019073486328125</ele>
        <time>2026-05-30T01:04:17.000Z</time>
        <extensions>
          <ns3:TrackPointExtension>
            <ns3:hr>134</ns3:hr>
            <ns3:cad>79</ns3:cad>
          </ns3:TrackPointExtension>
        </extensions>
      </trkpt>
      <trkpt lat="31.28325107507407665252685546875" lon="121.3689346611499786376953125">
        <ele>8.80000019073486328125</ele>
        <time>2026-05-30T01:04:18.000Z</time>
        <extensions>
          <ns3:TrackPointExtension>
            <ns3:hr>134</ns3:hr>
            <ns3:cad>79</ns3:cad>
          </ns3:TrackPointExtension>
        </extensions>
      </trkpt>
      <trkpt lat="31.28325828351080417633056640625" lon="121.368910185992717742919921875">
        <ele>8.80000019073486328125</ele>
        <time>2026-05-30T01:04:19.000Z</time>
        <extensions>
          <ns3:TrackPointExtension>
            <ns3:hr>134</ns3:hr>
            <ns3:cad>79</ns3:cad>
          </ns3:TrackPointExtension>
        </extensions>
      </trkpt>
      <trkpt lat="31.2832657434046268463134765625" lon="121.3688865490257740020751953125">
        <ele>8.80000019073486328125</ele>
        <time>2026-05-30T01:04:20.000Z</time>
        <extensions>
          <ns3:TrackPointExtension>
            <ns3:hr>133</ns3:hr>
            <ns3:cad>79</ns3:cad>
          </ns3:TrackPointExtension>
        </extensions>
      </trkpt>
      <trkpt lat="31.28327286802232265472412109375" lon="121.36886584572494029998779296875">
        <ele>8.80000019073486328125</ele>
        <time>2026-05-30T01:04:21.000Z</time>
        <extensions>
          <ns3:TrackPointExtension>
            <ns3:hr>133</ns3:hr>
            <ns3:cad>79</ns3:cad>
          </ns3:TrackPointExtension>
        </extensions>
      </trkpt>
      <trkpt lat="31.28327630460262298583984375" lon="121.36884002946317195892333984375">
        <ele>9</ele>
        <time>2026-05-30T01:04:22.000Z</time>
        <extensions>
          <ns3:TrackPointExtension>
            <ns3:hr>132</ns3:hr>
            <ns3:cad>79</ns3:cad>
          </ns3:TrackPointExtension>
        </extensions>
      </trkpt>
      <trkpt lat="31.2832784838974475860595703125" lon="121.3688124530017375946044921875">
        <ele>9</ele>
        <time>2026-05-30T01:04:23.000Z</time>
        <extensions>
          <ns3:TrackPointExtension>
            <ns3:hr>132</ns3:hr>
            <ns3:cad>79</ns3:cad>
          </ns3:TrackPointExtension>
        </extensions>
      </trkpt>
      <trkpt lat="31.28328124992549419403076171875" lon="121.36878739111125469207763671875">
        <ele>9</ele>
        <time>2026-05-30T01:04:24.000Z</time>
        <extensions>
          <ns3:TrackPointExtension>
            <ns3:hr>132</ns3:hr>
            <ns3:cad>79</ns3:cad>
          </ns3:TrackPointExtension>
        </extensions>
      </trkpt>
      <trkpt lat="31.2832841835916042327880859375" lon="121.36876174248754978179931640625">
        <ele>9</ele>
        <time>2026-05-30T01:04:25.000Z</time>
        <extensions>
          <ns3:TrackPointExtension>
            <ns3:hr>132</ns3:hr>
            <ns3:cad>79</ns3:cad>
          </ns3:TrackPointExtension>
        </extensions>
      </trkpt>
      <trkpt lat="31.28329080529510974884033203125" lon="121.3687363453209400177001953125">
        <ele>9</ele>
        <time>2026-05-30T01:04:26.000Z</time>
        <extensions>
          <ns3:TrackPointExtension>
            <ns3:hr>132</ns3:hr>
            <ns3:cad>79</ns3:cad>
          </ns3:TrackPointExtension>
        </extensions>
      </trkpt>
      <trkpt lat="31.28329767845571041107177734375" lon="121.36871404945850372314453125">
        <ele>8.80000019073486328125</ele>
        <time>2026-05-30T01:04:27.000Z</time>
        <extensions>
          <ns3:TrackPointExtension>
            <ns3:hr>132</ns3:hr>
            <ns3:cad>79</ns3:cad>
          </ns3:TrackPointExtension>
        </extensions>
      </trkpt>
      <trkpt lat="31.28330312669277191162109375" lon="121.36868982575833797454833984375">
        <ele>8.80000019073486328125</ele>
        <time>2026-05-30T01:04:28.000Z</time>
        <extensions>
          <ns3:TrackPointExtension>
            <ns3:hr>132</ns3:hr>
            <ns3:cad>79</ns3:cad>
          </ns3:TrackPointExtension>
        </extensions>
      </trkpt>
      <trkpt lat="31.283306814730167388916015625" lon="121.368662081658840179443359375">
        <ele>8.80000019073486328125</ele>
        <time>2026-05-30T01:04:29.000Z</time>
        <extensions>
          <ns3:TrackPointExtension>
            <ns3:hr>132</ns3:hr>
            <ns3:cad>80</ns3:cad>
          </ns3:TrackPointExtension>
        </extensions>
      </trkpt>
      <trkpt lat="31.28330773673951625823974609375" lon="121.36863349936902523040771484375">
        <ele>8.80000019073486328125</ele>
        <time>2026-05-30T01:04:30.000Z</time>
        <extensions>
          <ns3:TrackPointExtension>
            <ns3:hr>132</ns3:hr>
            <ns3:cad>80</ns3:cad>
          </ns3:TrackPointExtension>
        </extensions>
      </trkpt>
      <trkpt lat="31.28330849111080169677734375" lon="121.36861170642077922821044921875">
        <ele>9</ele>
        <time>2026-05-30T01:04:31.000Z</time>
        <extensions>
          <ns3:TrackPointExtension>
            <ns3:hr>132</ns3:hr>
            <ns3:cad>80</ns3:cad>
          </ns3:TrackPointExtension>
        </extensions>
      </trkpt>
      <trkpt lat="31.28331108950078487396240234375" lon="121.3685832917690277099609375">
        <ele>9</ele>
        <time>2026-05-30T01:04:32.000Z</time>
        <extensions>
          <ns3:TrackPointExtension>
            <ns3:hr>132</ns3:hr>
            <ns3:cad>80</ns3:cad>
          </ns3:TrackPointExtension>
        </extensions>
      </trkpt>
      <trkpt lat="31.283314861357212066650390625" lon="121.368556134402751922607421875">
        <ele>8.80000019073486328125</ele>
        <time>2026-05-30T01:04:33.000Z</time>
        <extensions>
          <ns3:TrackPointExtension>
            <ns3:hr>131</ns3:hr>
            <ns3:cad>81</ns3:cad>
          </ns3:TrackPointExtension>
        </extensions>
      </trkpt>
      <trkpt lat="31.2833187170326709747314453125" lon="121.368530653417110443115234375">
        <ele>8.80000019073486328125</ele>
        <time>2026-05-30T01:04:34.000Z</time>
        <extensions>
          <ns3:TrackPointExtension>
            <ns3:hr>132</ns3:hr>
            <ns3:cad>81</ns3:cad>
          </ns3:TrackPointExtension>
        </extensions>
      </trkpt>
      <trkpt lat="31.28332064487040042877197265625" lon="121.368507184088230133056640625">
        <ele>8.80000019073486328125</ele>
        <time>2026-05-30T01:04:35.000Z</time>
        <extensions>
          <ns3:TrackPointExtension>
            <ns3:hr>132</ns3:hr>
            <ns3:cad>82</ns3:cad>
          </ns3:TrackPointExtension>
        </extensions>
      </trkpt>
      <trkpt lat="31.28332349471747875213623046875" lon="121.36847977526485919952392578125">
        <ele>8.6000003814697265625</ele>
        <time>2026-05-30T01:04:36.000Z</time>
        <extensions>
          <ns3:TrackPointExtension>
            <ns3:hr>132</ns3:hr>
            <ns3:cad>82</ns3:cad>
          </ns3:TrackPointExtension>
        </extensions>
      </trkpt>
      <trkpt lat="31.2833260931074619293212890625" lon="121.36845513246953487396240234375">
        <ele>8.80000019073486328125</ele>
        <time>2026-05-30T01:04:37.000Z</time>
        <extensions>
          <ns3:TrackPointExtension>
            <ns3:hr>132</ns3:hr>
            <ns3:cad>82</ns3:cad>
          </ns3:TrackPointExtension>
        </extensions>
      </trkpt>
      <trkpt lat="31.28332936204969882965087890625" lon="121.3684295676648616790771484375">
        <ele>8.80000019073486328125</ele>
        <time>2026-05-30T01:04:38.000Z</time>
        <extensions>
          <ns3:TrackPointExtension>
            <ns3:hr>132</ns3:hr>
            <ns3:cad>81</ns3:cad>
          </ns3:TrackPointExtension>
        </extensions>
      </trkpt>
      <trkpt lat="31.28333355300128459930419921875" lon="121.36840584687888622283935546875">
        <ele>8.80000019073486328125</ele>
        <time>2026-05-30T01:04:39.000Z</time>
        <extensions>
          <ns3:TrackPointExtension>
            <ns3:hr>131</ns3:hr>
            <ns3:cad>80</ns3:cad>
          </ns3:TrackPointExtension>
        </extensions>
      </trkpt>
      <trkpt lat="31.283336319029331207275390625" lon="121.3683843053877353668212890625">
        <ele>8.80000019073486328125</ele>
        <time>2026-05-30T01:04:40.000Z</time>
        <extensions>
          <ns3:TrackPointExtension>
            <ns3:hr>132</ns3:hr>
            <ns3:cad>80</ns3:cad>
          </ns3:TrackPointExtension>
        </extensions>
      </trkpt>
      <trkpt lat="31.2833408452570438385009765625" lon="121.36835865676403045654296875">
        <ele>9</ele>
        <time>2026-05-30T01:04:41.000Z</time>
        <extensions>
          <ns3:TrackPointExtension>
            <ns3:hr>132</ns3:hr>
            <ns3:cad>80</ns3:cad>
          </ns3:TrackPointExtension>
        </extensions>
      </trkpt>
      <trkpt lat="31.2833440303802490234375" lon="121.36833325959742069244384765625">
        <ele>9</ele>
        <time>2026-05-30T01:04:42.000Z</time>
        <extensions>
          <ns3:TrackPointExtension>
            <ns3:hr>132</ns3:hr>
            <ns3:cad>80</ns3:cad>
          </ns3:TrackPointExtension>
        </extensions>
      </trkpt>
      <trkpt lat="31.28334738314151763916015625" lon="121.36830769479274749755859375">
        <ele>9</ele>
        <time>2026-05-30T01:04:43.000Z</time>
        <extensions>
          <ns3:TrackPointExtension>
            <ns3:hr>132</ns3:hr>
            <ns3:cad>81</ns3:cad>
          </ns3:TrackPointExtension>
        </extensions>
      </trkpt>
      <trkpt lat="31.28335216082632541656494140625" lon="121.368285901844501495361328125">
        <ele>9</ele>
        <time>2026-05-30T01:04:44.000Z</time>
        <extensions>
          <ns3:TrackPointExtension>
            <ns3:hr>132</ns3:hr>
            <ns3:cad>81</ns3:cad>
          </ns3:TrackPointExtension>
        </extensions>
      </trkpt>
      <trkpt lat="31.28335786052048206329345703125" lon="121.3682612590491771697998046875">
        <ele>9.19999980926513671875</ele>
        <time>2026-05-30T01:04:45.000Z</time>
        <extensions>
          <ns3:TrackPointExtension>
            <ns3:hr>131</ns3:hr>
            <ns3:cad>80</ns3:cad>
          </ns3:TrackPointExtension>
        </extensions>
      </trkpt>
      <trkpt lat="31.28336121328175067901611328125" lon="121.3682361133396625518798828125">
        <ele>9</ele>
        <time>2026-05-30T01:04:46.000Z</time>
        <extensions>
          <ns3:TrackPointExtension>
            <ns3:hr>132</ns3:hr>
            <ns3:cad>80</ns3:cad>
          </ns3:TrackPointExtension>
        </extensions>
      </trkpt>
      <trkpt lat="31.283362805843353271484375" lon="121.36821121908724308013916015625">
        <ele>9</ele>
        <time>2026-05-30T01:04:47.000Z</time>
        <extensions>
          <ns3:TrackPointExtension>
            <ns3:hr>132</ns3:hr>
            <ns3:cad>80</ns3:cad>
          </ns3:TrackPointExtension>
        </extensions>
      </trkpt>
      <trkpt lat="31.283363811671733856201171875" lon="121.36818858794867992401123046875">
        <ele>8.80000019073486328125</ele>
        <time>2026-05-30T01:04:48.000Z</time>
        <extensions>
          <ns3:TrackPointExtension>
            <ns3:hr>132</ns3:hr>
            <ns3:cad>80</ns3:cad>
          </ns3:TrackPointExtension>
        </extensions>
      </trkpt>
      <trkpt lat="31.28336741589009761810302734375" lon="121.3681648671627044677734375">
        <ele>8.80000019073486328125</ele>
        <time>2026-05-30T01:04:49.000Z</time>
        <extensions>
          <ns3:TrackPointExtension>
            <ns3:hr>132</ns3:hr>
            <ns3:cad>81</ns3:cad>
          </ns3:TrackPointExtension>
        </extensions>
      </trkpt>
      <trkpt lat="31.28337210975587368011474609375" lon="121.368139050900936126708984375">
        <ele>8.80000019073486328125</ele>
        <time>2026-05-30T01:04:50.000Z</time>
        <extensions>
          <ns3:TrackPointExtension>
            <ns3:hr>131</ns3:hr>
            <ns3:cad>81</ns3:cad>
          </ns3:TrackPointExtension>
        </extensions>
      </trkpt>
      <trkpt lat="31.283376216888427734375" lon="121.36811549775302410125732421875">
        <ele>8.80000019073486328125</ele>
        <time>2026-05-30T01:04:51.000Z</time>
        <extensions>
          <ns3:TrackPointExtension>
            <ns3:hr>132</ns3:hr>
            <ns3:cad>81</ns3:cad>
          </ns3:TrackPointExtension>
        </extensions>
      </trkpt>
      <trkpt lat="31.28337747417390346527099609375" lon="121.36809152550995349884033203125">
        <ele>8.80000019073486328125</ele>
        <time>2026-05-30T01:04:52.000Z</time>
        <extensions>
          <ns3:TrackPointExtension>
            <ns3:hr>132</ns3:hr>
            <ns3:cad>81</ns3:cad>
          </ns3:TrackPointExtension>
        </extensions>
      </trkpt>
      <trkpt lat="31.28338149748742580413818359375" lon="121.36806721799075603485107421875">
        <ele>8.80000019073486328125</ele>
        <time>2026-05-30T01:04:53.000Z</time>
        <extensions>
          <ns3:TrackPointExtension>
            <ns3:hr>132</ns3:hr>
            <ns3:cad>81</ns3:cad>
          </ns3:TrackPointExtension>
        </extensions>
      </trkpt>
      <trkpt lat="31.28338602371513843536376953125" lon="121.36804408393800258636474609375">
        <ele>8.80000019073486328125</ele>
        <time>2026-05-30T01:04:54.000Z</time>
        <extensions>
          <ns3:TrackPointExtension>
            <ns3:hr>132</ns3:hr>
            <ns3:cad>81</ns3:cad>
          </ns3:TrackPointExtension>
        </extensions>
      </trkpt>
      <trkpt lat="31.28338770009577274322509765625" lon="121.3680195249617099761962890625">
        <ele>8.80000019073486328125</ele>
        <time>2026-05-30T01:04:55.000Z</time>
        <extensions>
          <ns3:TrackPointExtension>
            <ns3:hr>132</ns3:hr>
            <ns3:cad>81</ns3:cad>
          </ns3:TrackPointExtension>
        </extensions>
      </trkpt>
      <trkpt lat="31.2833908013999462127685546875" lon="121.36799295432865619659423828125">
        <ele>8.80000019073486328125</ele>
        <time>2026-05-30T01:04:56.000Z</time>
        <extensions>
          <ns3:TrackPointExtension>
            <ns3:hr>131</ns3:hr>
            <ns3:cad>81</ns3:cad>
          </ns3:TrackPointExtension>
        </extensions>
      </trkpt>
      <trkpt lat="31.28339524380862712860107421875" lon="121.367965377867221832275390625">
        <ele>8.80000019073486328125</ele>
        <time>2026-05-30T01:04:57.000Z</time>
        <extensions>
          <ns3:TrackPointExtension>
            <ns3:hr>132</ns3:hr>
            <ns3:cad>81</ns3:cad>
          </ns3:TrackPointExtension>
        </extensions>
      </trkpt>
      <trkpt lat="31.28340060822665691375732421875" lon="121.367941237986087799072265625">
        <ele>8.80000019073486328125</ele>
        <time>2026-05-30T01:04:58.000Z</time>
        <extensions>
          <ns3:TrackPointExtension>
            <ns3:hr>132</ns3:hr>
            <ns3:cad>81</ns3:cad>
          </ns3:TrackPointExtension>
        </extensions>
      </trkpt>
      <trkpt lat="31.28340580500662326812744140625" lon="121.36791617609560489654541015625">
        <ele>8.80000019073486328125</ele>
        <time>2026-05-30T01:04:59.000Z</time>
        <extensions>
          <ns3:TrackPointExtension>
            <ns3:hr>132</ns3:hr>
            <ns3:cad>80</ns3:cad>
          </ns3:TrackPointExtension>
        </extensions>
      </trkpt>
      <trkpt lat="31.28341016359627246856689453125" lon="121.36788901872932910919189453125">
        <ele>8.6000003814697265625</ele>
        <time>2026-05-30T01:05:00.000Z</time>
        <extensions>
          <ns3:TrackPointExtension>
            <ns3:hr>132</ns3:hr>
            <ns3:cad>80</ns3:cad>
          </ns3:TrackPointExtension>
        </extensions>
      </trkpt>
      <trkpt lat="31.28341234289109706878662109375" lon="121.36786387301981449127197265625">
        <ele>8.6000003814697265625</ele>
        <time>2026-05-30T01:05:01.000Z</time>
        <extensions>
          <ns3:TrackPointExtension>
            <ns3:hr>131</ns3:hr>
            <ns3:cad>80</ns3:cad>
          </ns3:TrackPointExtension>
        </extensions>
      </trkpt>
      <trkpt lat="31.283414773643016815185546875" lon="121.36783721856772899627685546875">
        <ele>8.3999996185302734375</ele>
        <time>2026-05-30T01:05:02.000Z</time>
        <extensions>
          <ns3:TrackPointExtension>
            <ns3:hr>132</ns3:hr>
            <ns3:cad>81</ns3:cad>
          </ns3:TrackPointExtension>
        </extensions>
      </trkpt>
      <trkpt lat="31.2834169529378414154052734375" lon="121.367815174162387847900390625">
        <ele>8.3999996185302734375</ele>
        <time>2026-05-30T01:05:03.000Z</time>
        <extensions>
          <ns3:TrackPointExtension>
            <ns3:hr>132</ns3:hr>
            <ns3:cad>81</ns3:cad>
          </ns3:TrackPointExtension>
        </extensions>
      </trkpt>
      <trkpt lat="31.28341519273817539215087890625" lon="121.36779178865253925323486328125">
        <ele>8.3999996185302734375</ele>
        <time>2026-05-30T01:05:04.000Z</time>
        <extensions>
          <ns3:TrackPointExtension>
            <ns3:hr>132</ns3:hr>
            <ns3:cad>81</ns3:cad>
          </ns3:TrackPointExtension>
        </extensions>
      </trkpt>
      <trkpt lat="31.28341670148074626922607421875" lon="121.3677653856575489044189453125">
        <ele>8.19999980926513671875</ele>
        <time>2026-05-30T01:05:05.000Z</time>
        <extensions>
          <ns3:TrackPointExtension>
            <ns3:hr>132</ns3:hr>
            <ns3:cad>81</ns3:cad>
          </ns3:TrackPointExtension>
        </extensions>
      </trkpt>
      <trkpt lat="31.28341770730912685394287109375" lon="121.367739737033843994140625">
        <ele>8.19999980926513671875</ele>
        <time>2026-05-30T01:05:06.000Z</time>
        <extensions>
          <ns3:TrackPointExtension>
            <ns3:hr>132</ns3:hr>
            <ns3:cad>81</ns3:cad>
          </ns3:TrackPointExtension>
        </extensions>
      </trkpt>
      <trkpt lat="31.283419467508792877197265625" lon="121.36771685443818569183349609375">
        <ele>8.19999980926513671875</ele>
        <time>2026-05-30T01:05:07.000Z</time>
        <extensions>
          <ns3:TrackPointExtension>
            <ns3:hr>132</ns3:hr>
            <ns3:cad>79</ns3:cad>
          </ns3:TrackPointExtension>
        </extensions>
      </trkpt>
      <trkpt lat="31.28341955132782459259033203125" lon="121.36769137345254421234130859375">
        <ele>8.19999980926513671875</ele>
        <time>2026-05-30T01:05:08.000Z</time>
        <extensions>
          <ns3:TrackPointExtension>
            <ns3:hr>131</ns3:hr>
            <ns3:cad>79</ns3:cad>
          </ns3:TrackPointExtension>
        </extensions>
      </trkpt>
      <trkpt lat="31.28342340700328350067138671875" lon="121.36766455136239528656005859375">
        <ele>8.19999980926513671875</ele>
        <time>2026-05-30T01:05:09.000Z</time>
        <extensions>
          <ns3:TrackPointExtension>
            <ns3:hr>132</ns3:hr>
            <ns3:cad>79</ns3:cad>
          </ns3:TrackPointExtension>
        </extensions>
      </trkpt>
      <trkpt lat="31.2834256701171398162841796875" lon="121.36763856746256351470947265625">
        <ele>8</ele>
        <time>2026-05-30T01:05:10.000Z</time>
        <extensions>
          <ns3:TrackPointExtension>
            <ns3:hr>132</ns3:hr>
            <ns3:cad>79</ns3:cad>
          </ns3:TrackPointExtension>
        </extensions>
      </trkpt>
      <trkpt lat="31.28342826850712299346923828125" lon="121.367611326277256011962890625">
        <ele>8</ele>
        <time>2026-05-30T01:05:11.000Z</time>
        <extensions>
          <ns3:TrackPointExtension>
            <ns3:hr>132</ns3:hr>
            <ns3:cad>80</ns3:cad>
          </ns3:TrackPointExtension>
        </extensions>
      </trkpt>
      <trkpt lat="31.283430866897106170654296875" lon="121.36758492328226566314697265625">
        <ele>8</ele>
        <time>2026-05-30T01:05:12.000Z</time>
        <extensions>
          <ns3:TrackPointExtension>
            <ns3:hr>132</ns3:hr>
            <ns3:cad>80</ns3:cad>
          </ns3:TrackPointExtension>
        </extensions>
      </trkpt>
      <trkpt lat="31.283432878553867340087890625" lon="121.367561034858226776123046875">
        <ele>8</ele>
        <time>2026-05-30T01:05:13.000Z</time>
        <extensions>
          <ns3:TrackPointExtension>
            <ns3:hr>132</ns3:hr>
            <ns3:cad>81</ns3:cad>
          </ns3:TrackPointExtension>
        </extensions>
      </trkpt>
      <trkpt lat="31.2834327109158039093017578125" lon="121.36753479950129985809326171875">
        <ele>8</ele>
        <time>2026-05-30T01:05:14.000Z</time>
        <extensions>
          <ns3:TrackPointExtension>
            <ns3:hr>131</ns3:hr>
            <ns3:cad>81</ns3:cad>
          </ns3:TrackPointExtension>
        </extensions>
      </trkpt>
      <trkpt lat="31.283432208001613616943359375" lon="121.36751082725822925567626953125">
        <ele>8</ele>
        <time>2026-05-30T01:05:15.000Z</time>
        <extensions>
          <ns3:TrackPointExtension>
            <ns3:hr>131</ns3:hr>
            <ns3:cad>81</ns3:cad>
          </ns3:TrackPointExtension>
        </extensions>
      </trkpt>
      <trkpt lat="31.28343455493450164794921875" lon="121.36748827993869781494140625">
        <ele>8</ele>
        <time>2026-05-30T01:05:16.000Z</time>
        <extensions>
          <ns3:TrackPointExtension>
            <ns3:hr>131</ns3:hr>
            <ns3:cad>80</ns3:cad>
          </ns3:TrackPointExtension>
        </extensions>
      </trkpt>
      <trkpt lat="31.28343857824802398681640625" lon="121.36746372096240520477294921875">
        <ele>8</ele>
        <time>2026-05-30T01:05:17.000Z</time>
        <extensions>
          <ns3:TrackPointExtension>
            <ns3:hr>130</ns3:hr>
            <ns3:cad>81</ns3:cad>
          </ns3:TrackPointExtension>
        </extensions>
      </trkpt>
      <trkpt lat="31.283442266285419464111328125" lon="121.3674408383667469024658203125">
        <ele>8</ele>
        <time>2026-05-30T01:05:18.000Z</time>
        <extensions>
          <ns3:TrackPointExtension>
            <ns3:hr>130</ns3:hr>
            <ns3:cad>81</ns3:cad>
          </ns3:TrackPointExtension>
        </extensions>
      </trkpt>
      <trkpt lat="31.2834494747221469879150390625" lon="121.36741829104721546173095703125">
        <ele>8</ele>
        <time>2026-05-30T01:05:19.000Z</time>
        <extensions>
          <ns3:TrackPointExtension>
            <ns3:hr>130</ns3:hr>
            <ns3:cad>81</ns3:cad>
          </ns3:TrackPointExtension>
        </extensions>
      </trkpt>
      <trkpt lat="31.28346263431012630462646484375" lon="121.36739364825189113616943359375">
        <ele>8.19999980926513671875</ele>
        <time>2026-05-30T01:05:20.000Z</time>
        <extensions>
          <ns3:TrackPointExtension>
            <ns3:hr>130</ns3:hr>
            <ns3:cad>79</ns3:cad>
          </ns3:TrackPointExtension>
        </extensions>
      </trkpt>
      <trkpt lat="31.28347822465002536773681640625" lon="121.367371939122676849365234375">
        <ele>8.19999980926513671875</ele>
        <time>2026-05-30T01:05:21.000Z</time>
        <extensions>
          <ns3:TrackPointExtension>
            <ns3:hr>130</ns3:hr>
            <ns3:cad>79</ns3:cad>
          </ns3:TrackPointExtension>
        </extensions>
      </trkpt>
      <trkpt lat="31.2835034541785717010498046875" lon="121.36736146174371242523193359375">
        <ele>8.19999980926513671875</ele>
        <time>2026-05-30T01:05:22.000Z</time>
        <extensions>
          <ns3:TrackPointExtension>
            <ns3:hr>130</ns3:hr>
            <ns3:cad>79</ns3:cad>
          </ns3:TrackPointExtension>
        </extensions>
      </trkpt>
      <trkpt lat="31.28353237174451351165771484375" lon="121.3673684187233448028564453125">
        <ele>8.19999980926513671875</ele>
        <time>2026-05-30T01:05:23.000Z</time>
        <extensions>
          <ns3:TrackPointExtension>
            <ns3:hr>130</ns3:hr>
            <ns3:cad>78</ns3:cad>
          </ns3:TrackPointExtension>
        </extensions>
      </trkpt>
      <trkpt lat="31.2835519015789031982421875" lon="121.36738208122551441192626953125">
        <ele>8.19999980926513671875</ele>
        <time>2026-05-30T01:05:24.000Z</time>
        <extensions>
          <ns3:TrackPointExtension>
            <ns3:hr>129</ns3:hr>
            <ns3:cad>78</ns3:cad>
          </ns3:TrackPointExtension>
        </extensions>
      </trkpt>
      <trkpt lat="31.28356740809977054595947265625" lon="121.3673995994031429290771484375">
        <ele>8.19999980926513671875</ele>
        <time>2026-05-30T01:05:25.000Z</time>
        <extensions>
          <ns3:TrackPointExtension>
            <ns3:hr>129</ns3:hr>
            <ns3:cad>78</ns3:cad>
          </ns3:TrackPointExtension>
        </extensions>
      </trkpt>
      <trkpt lat="31.28358283080160617828369140625" lon="121.36742365546524524688720703125">
        <ele>8.19999980926513671875</ele>
        <time>2026-05-30T01:05:26.000Z</time>
        <extensions>
          <ns3:TrackPointExtension>
            <ns3:hr>129</ns3:hr>
            <ns3:cad>78</ns3:cad>
          </ns3:TrackPointExtension>
        </extensions>
      </trkpt>
      <trkpt lat="31.283597163856029510498046875" lon="121.3674431852996349334716796875">
        <ele>8.3999996185302734375</ele>
        <time>2026-05-30T01:05:27.000Z</time>
        <extensions>
          <ns3:TrackPointExtension>
            <ns3:hr>129</ns3:hr>
            <ns3:cad>78</ns3:cad>
          </ns3:TrackPointExtension>
        </extensions>
      </trkpt>
      <trkpt lat="31.28361216746270656585693359375" lon="121.3674592785537242889404296875">
        <ele>8.3999996185302734375</ele>
        <time>2026-05-30T01:05:28.000Z</time>
        <extensions>
          <ns3:TrackPointExtension>
            <ns3:hr>129</ns3:hr>
            <ns3:cad>77</ns3:cad>
          </ns3:TrackPointExtension>
        </extensions>
      </trkpt>
      <trkpt lat="31.283627338707447052001953125" lon="121.36747780255973339080810546875">
        <ele>8.6000003814697265625</ele>
        <time>2026-05-30T01:05:29.000Z</time>
        <extensions>
          <ns3:TrackPointExtension>
            <ns3:hr>130</ns3:hr>
            <ns3:cad>77</ns3:cad>
          </ns3:TrackPointExtension>
        </extensions>
      </trkpt>
      <trkpt lat="31.283639408648014068603515625" lon="121.36750160716474056243896484375">
        <ele>8.6000003814697265625</ele>
        <time>2026-05-30T01:05:30.000Z</time>
        <extensions>
          <ns3:TrackPointExtension>
            <ns3:hr>130</ns3:hr>
            <ns3:cad>78</ns3:cad>
          </ns3:TrackPointExtension>
        </extensions>
      </trkpt>
      <trkpt lat="31.28365055657923221588134765625" lon="121.3675249926745891571044921875">
        <ele>8.80000019073486328125</ele>
        <time>2026-05-30T01:05:31.000Z</time>
        <extensions>
          <ns3:TrackPointExtension>
            <ns3:hr>130</ns3:hr>
            <ns3:cad>78</ns3:cad>
          </ns3:TrackPointExtension>
        </extensions>
      </trkpt>
      <trkpt lat="31.28366145305335521697998046875" lon="121.36754854582250118255615234375">
        <ele>9</ele>
        <time>2026-05-30T01:05:32.000Z</time>
        <extensions>
          <ns3:TrackPointExtension>
            <ns3:hr>130</ns3:hr>
            <ns3:cad>78</ns3:cad>
          </ns3:TrackPointExtension>
        </extensions>
      </trkpt>
      <trkpt lat="31.283672936260700225830078125" lon="121.36757117696106433868408203125">
        <ele>9</ele>
        <time>2026-05-30T01:05:33.000Z</time>
        <extensions>
          <ns3:TrackPointExtension>
            <ns3:hr>130</ns3:hr>
            <ns3:cad>78</ns3:cad>
          </ns3:TrackPointExtension>
        </extensions>
      </trkpt>
      <trkpt lat="31.2836801446974277496337890625" lon="121.3675940595567226409912109375">
        <ele>9.19999980926513671875</ele>
        <time>2026-05-30T01:05:34.000Z</time>
        <extensions>
          <ns3:TrackPointExtension>
            <ns3:hr>130</ns3:hr>
            <ns3:cad>78</ns3:cad>
          </ns3:TrackPointExtension>
        </extensions>
      </trkpt>
      <trkpt lat="31.28368802368640899658203125" lon="121.367619372904300689697265625">
        <ele>9.19999980926513671875</ele>
        <time>2026-05-30T01:05:35.000Z</time>
        <extensions>
          <ns3:TrackPointExtension>
            <ns3:hr>130</ns3:hr>
            <ns3:cad>78</ns3:cad>
          </ns3:TrackPointExtension>
        </extensions>
      </trkpt>
      <trkpt lat="31.28369481302797794342041015625" lon="121.36764208786189556121826171875">
        <ele>9.19999980926513671875</ele>
        <time>2026-05-30T01:05:36.000Z</time>
        <extensions>
          <ns3:TrackPointExtension>
            <ns3:hr>129</ns3:hr>
            <ns3:cad>79</ns3:cad>
          </ns3:TrackPointExtension>
        </extensions>
      </trkpt>
      <trkpt lat="31.28370386548340320587158203125" lon="121.36766337789595127105712890625">
        <ele>9</ele>
        <time>2026-05-30T01:05:37.000Z</time>
        <extensions>
          <ns3:TrackPointExtension>
            <ns3:hr>130</ns3:hr>
            <ns3:cad>79</ns3:cad>
          </ns3:TrackPointExtension>
        </extensions>
      </trkpt>
      <trkpt lat="31.28371308557689189910888671875" lon="121.36768634431064128875732421875">
        <ele>9</ele>
        <time>2026-05-30T01:05:38.000Z</time>
        <extensions>
          <ns3:TrackPointExtension>
            <ns3:hr>130</ns3:hr>
            <ns3:cad>80</ns3:cad>
          </ns3:TrackPointExtension>
        </extensions>
      </trkpt>
      <trkpt lat="31.28372113220393657684326171875" lon="121.36770981363952159881591796875">
        <ele>8.80000019073486328125</ele>
        <time>2026-05-30T01:05:39.000Z</time>
        <extensions>
          <ns3:TrackPointExtension>
            <ns3:hr>130</ns3:hr>
            <ns3:cad>80</ns3:cad>
          </ns3:TrackPointExtension>
        </extensions>
      </trkpt>
      <trkpt lat="31.28372825682163238525390625" lon="121.36772993020713329315185546875">
        <ele>8.80000019073486328125</ele>
        <time>2026-05-30T01:05:40.000Z</time>
        <extensions>
          <ns3:TrackPointExtension>
            <ns3:hr>130</ns3:hr>
            <ns3:cad>80</ns3:cad>
          </ns3:TrackPointExtension>
        </extensions>
      </trkpt>
      <trkpt lat="31.28373437561094760894775390625" lon="121.367749460041522979736328125">
        <ele>8.80000019073486328125</ele>
        <time>2026-05-30T01:05:41.000Z</time>
        <extensions>
          <ns3:TrackPointExtension>
            <ns3:hr>130</ns3:hr>
            <ns3:cad>79</ns3:cad>
          </ns3:TrackPointExtension>
        </extensions>
      </trkpt>
      <trkpt lat="31.2837358005344867706298828125" lon="121.36777460575103759765625">
        <ele>8.6000003814697265625</ele>
        <time>2026-05-30T01:05:42.000Z</time>
        <extensions>
          <ns3:TrackPointExtension>
            <ns3:hr>130</ns3:hr>
            <ns3:cad>79</ns3:cad>
          </ns3:TrackPointExtension>
        </extensions>
      </trkpt>
      <trkpt lat="31.28374225459992885589599609375" lon="121.36780419386923313140869140625">
        <ele>8.3999996185302734375</ele>
        <time>2026-05-30T01:05:43.000Z</time>
        <extensions>
          <ns3:TrackPointExtension>
            <ns3:hr>130</ns3:hr>
            <ns3:cad>79</ns3:cad>
          </ns3:TrackPointExtension>
        </extensions>
      </trkpt>
      <trkpt lat="31.2837503850460052490234375" lon="121.36782866902649402618408203125">
        <ele>8.19999980926513671875</ele>
        <time>2026-05-30T01:05:44.000Z</time>
        <extensions>
          <ns3:TrackPointExtension>
            <ns3:hr>131</ns3:hr>
            <ns3:cad>80</ns3:cad>
          </ns3:TrackPointExtension>
        </extensions>
      </trkpt>
      <trkpt lat="31.28375499509274959564208984375" lon="121.3678515516221523284912109375">
        <ele>8</ele>
        <time>2026-05-30T01:05:45.000Z</time>
        <extensions>
          <ns3:TrackPointExtension>
            <ns3:hr>131</ns3:hr>
            <ns3:cad>79</ns3:cad>
          </ns3:TrackPointExtension>
        </extensions>
      </trkpt>
      <trkpt lat="31.28375868313014507293701171875" lon="121.36787409894168376922607421875">
        <ele>8</ele>
        <time>2026-05-30T01:05:46.000Z</time>
        <extensions>
          <ns3:TrackPointExtension>
            <ns3:hr>131</ns3:hr>
            <ns3:cad>77</ns3:cad>
          </ns3:TrackPointExtension>
        </extensions>
      </trkpt>
      <trkpt lat="31.28376253880560398101806640625" lon="121.36789522133767604827880859375">
        <ele>8</ele>
        <time>2026-05-30T01:05:47.000Z</time>
        <extensions>
          <ns3:TrackPointExtension>
            <ns3:hr>132</ns3:hr>
            <ns3:cad>77</ns3:cad>
          </ns3:TrackPointExtension>
        </extensions>
      </trkpt>
      <trkpt lat="31.28376555629074573516845703125" lon="121.36791617609560489654541015625">
        <ele>8.19999980926513671875</ele>
        <time>2026-05-30T01:05:48.000Z</time>
        <extensions>
          <ns3:TrackPointExtension>
            <ns3:hr>132</ns3:hr>
            <ns3:cad>77</ns3:cad>
          </ns3:TrackPointExtension>
        </extensions>
      </trkpt>
      <trkpt lat="31.28376974724233150482177734375" lon="121.36793796904385089874267578125">
        <ele>8.19999980926513671875</ele>
        <time>2026-05-30T01:05:49.000Z</time>
        <extensions>
          <ns3:TrackPointExtension>
            <ns3:hr>132</ns3:hr>
            <ns3:cad>79</ns3:cad>
          </ns3:TrackPointExtension>
        </extensions>
      </trkpt>
      <trkpt lat="31.283775530755519866943359375" lon="121.36796412058174610137939453125">
        <ele>8.3999996185302734375</ele>
        <time>2026-05-30T01:05:50.000Z</time>
        <extensions>
          <ns3:TrackPointExtension>
            <ns3:hr>132</ns3:hr>
            <ns3:cad>79</ns3:cad>
          </ns3:TrackPointExtension>
        </extensions>
      </trkpt>
      <trkpt lat="31.28378215245902538299560546875" lon="121.367987506091594696044921875">
        <ele>8.6000003814697265625</ele>
        <time>2026-05-30T01:05:51.000Z</time>
        <extensions>
          <ns3:TrackPointExtension>
            <ns3:hr>132</ns3:hr>
            <ns3:cad>77</ns3:cad>
          </ns3:TrackPointExtension>
        </extensions>
      </trkpt>
      <trkpt lat="31.2837897799909114837646484375" lon="121.3680119812488555908203125">
        <ele>8.80000019073486328125</ele>
        <time>2026-05-30T01:05:52.000Z</time>
        <extensions>
          <ns3:TrackPointExtension>
            <ns3:hr>132</ns3:hr>
            <ns3:cad>77</ns3:cad>
          </ns3:TrackPointExtension>
        </extensions>
      </trkpt>
      <trkpt lat="31.28379288129508495330810546875" lon="121.36803771369159221649169921875">
        <ele>9</ele>
        <time>2026-05-30T01:05:53.000Z</time>
        <extensions>
          <ns3:TrackPointExtension>
            <ns3:hr>132</ns3:hr>
            <ns3:cad>77</ns3:cad>
          </ns3:TrackPointExtension>
        </extensions>
      </trkpt>
      <trkpt lat="31.28379933536052703857421875" lon="121.36805816553533077239990234375">
        <ele>9.19999980926513671875</ele>
        <time>2026-05-30T01:05:54.000Z</time>
        <extensions>
          <ns3:TrackPointExtension>
            <ns3:hr>131</ns3:hr>
            <ns3:cad>77</ns3:cad>
          </ns3:TrackPointExtension>
        </extensions>
      </trkpt>
      <trkpt lat="31.28380863927304744720458984375" lon="121.3680808804929256439208984375">
        <ele>9.3999996185302734375</ele>
        <time>2026-05-30T01:05:55.000Z</time>
        <extensions>
          <ns3:TrackPointExtension>
            <ns3:hr>132</ns3:hr>
            <ns3:cad>77</ns3:cad>
          </ns3:TrackPointExtension>
        </extensions>
      </trkpt>
      <trkpt lat="31.2838176079094409942626953125" lon="121.36810460127890110015869140625">
        <ele>9.3999996185302734375</ele>
        <time>2026-05-30T01:05:56.000Z</time>
        <extensions>
          <ns3:TrackPointExtension>
            <ns3:hr>132</ns3:hr>
            <ns3:cad>78</ns3:cad>
          </ns3:TrackPointExtension>
        </extensions>
      </trkpt>
      <trkpt lat="31.2838253192603588104248046875" lon="121.3681291602551937103271484375">
        <ele>9.3999996185302734375</ele>
        <time>2026-05-30T01:05:57.000Z</time>
        <extensions>
          <ns3:TrackPointExtension>
            <ns3:hr>132</ns3:hr>
            <ns3:cad>78</ns3:cad>
          </ns3:TrackPointExtension>
        </extensions>
      </trkpt>
      <trkpt lat="31.2838362157344818115234375" lon="121.36815237812697887420654296875">
        <ele>9.3999996185302734375</ele>
        <time>2026-05-30T01:05:58.000Z</time>
        <extensions>
          <ns3:TrackPointExtension>
            <ns3:hr>132</ns3:hr>
            <ns3:cad>78</ns3:cad>
          </ns3:TrackPointExtension>
        </extensions>
      </trkpt>
      <trkpt lat="31.2838477827608585357666015625" lon="121.36817417107522487640380859375">
        <ele>9.6000003814697265625</ele>
        <time>2026-05-30T01:05:59.000Z</time>
        <extensions>
          <ns3:TrackPointExtension>
            <ns3:hr>132</ns3:hr>
            <ns3:cad>78</ns3:cad>
          </ns3:TrackPointExtension>
        </extensions>
      </trkpt>
      <trkpt lat="31.28385943360626697540283203125" lon="121.36819638311862945556640625">
        <ele>9.6000003814697265625</ele>
        <time>2026-05-30T01:06:00.000Z</time>
        <extensions>
          <ns3:TrackPointExtension>
            <ns3:hr>132</ns3:hr>
            <ns3:cad>78</ns3:cad>
          </ns3:TrackPointExtension>
        </extensions>
      </trkpt>
      <trkpt lat="31.2838692404329776763916015625" lon="121.36821893043816089630126953125">
        <ele>9.80000019073486328125</ele>
        <time>2026-05-30T01:06:01.000Z</time>
        <extensions>
          <ns3:TrackPointExtension>
            <ns3:hr>132</ns3:hr>
            <ns3:cad>79</ns3:cad>
          </ns3:TrackPointExtension>
        </extensions>
      </trkpt>
      <trkpt lat="31.2838791310787200927734375" lon="121.3682404719293117523193359375">
        <ele>10</ele>
        <time>2026-05-30T01:06:02.000Z</time>
        <extensions>
          <ns3:TrackPointExtension>
            <ns3:hr>132</ns3:hr>
            <ns3:cad>79</ns3:cad>
          </ns3:TrackPointExtension>
        </extensions>
      </trkpt>
      <trkpt lat="31.283894889056682586669921875" lon="121.36825899593532085418701171875">
        <ele>10</ele>
        <time>2026-05-30T01:06:03.000Z</time>
        <extensions>
          <ns3:TrackPointExtension>
            <ns3:hr>132</ns3:hr>
            <ns3:cad>80</ns3:cad>
          </ns3:TrackPointExtension>
        </extensions>
      </trkpt>
      <trkpt lat="31.28390788100659847259521484375" lon="121.3682796992361545562744140625">
        <ele>10.19999980926513671875</ele>
        <time>2026-05-30T01:06:04.000Z</time>
        <extensions>
          <ns3:TrackPointExtension>
            <ns3:hr>132</ns3:hr>
            <ns3:cad>80</ns3:cad>
          </ns3:TrackPointExtension>
        </extensions>
      </trkpt>
      <trkpt lat="31.28391793929040431976318359375" lon="121.3682967983186244964599609375">
        <ele>10.19999980926513671875</ele>
        <time>2026-05-30T01:06:05.000Z</time>
        <extensions>
          <ns3:TrackPointExtension>
            <ns3:hr>132</ns3:hr>
            <ns3:cad>80</ns3:cad>
          </ns3:TrackPointExtension>
        </extensions>
      </trkpt>
      <trkpt lat="31.28393101505935192108154296875" lon="121.36831649579107761383056640625">
        <ele>10.19999980926513671875</ele>
        <time>2026-05-30T01:06:06.000Z</time>
        <extensions>
          <ns3:TrackPointExtension>
            <ns3:hr>132</ns3:hr>
            <ns3:cad>80</ns3:cad>
          </ns3:TrackPointExtension>
        </extensions>
      </trkpt>
      <trkpt lat="31.28394610248506069183349609375" lon="121.36833661235868930816650390625">
        <ele>10.3999996185302734375</ele>
        <time>2026-05-30T01:06:07.000Z</time>
        <extensions>
          <ns3:TrackPointExtension>
            <ns3:hr>132</ns3:hr>
            <ns3:cad>80</ns3:cad>
          </ns3:TrackPointExtension>
        </extensions>
      </trkpt>
      <trkpt lat="31.2839611060917377471923828125" lon="121.3683526217937469482421875">
        <ele>10.3999996185302734375</ele>
        <time>2026-05-30T01:06:08.000Z</time>
        <extensions>
          <ns3:TrackPointExtension>
            <ns3:hr>133</ns3:hr>
            <ns3:cad>80</ns3:cad>
          </ns3:TrackPointExtension>
        </extensions>
      </trkpt>
      <trkpt lat="31.28397376276552677154541015625" lon="121.368369050323963165283203125">
        <ele>10.6000003814697265625</ele>
        <time>2026-05-30T01:06:09.000Z</time>
        <extensions>
          <ns3:TrackPointExtension>
            <ns3:hr>133</ns3:hr>
            <ns3:cad>80</ns3:cad>
          </ns3:TrackPointExtension>
        </extensions>
      </trkpt>
      <trkpt lat="31.2839896045625209808349609375" lon="121.36838388629257678985595703125">
        <ele>10.6000003814697265625</ele>
        <time>2026-05-30T01:06:10.000Z</time>
        <extensions>
          <ns3:TrackPointExtension>
            <ns3:hr>134</ns3:hr>
            <ns3:cad>80</ns3:cad>
          </ns3:TrackPointExtension>
        </extensions>
      </trkpt>
      <trkpt lat="31.2840063683688640594482421875" lon="121.36840014718472957611083984375">
        <ele>10.80000019073486328125</ele>
        <time>2026-05-30T01:06:11.000Z</time>
        <extensions>
          <ns3:TrackPointExtension>
            <ns3:hr>134</ns3:hr>
            <ns3:cad>80</ns3:cad>
          </ns3:TrackPointExtension>
        </extensions>
      </trkpt>
      <trkpt lat="31.28402388654649257659912109375" lon="121.36841221712529659271240234375">
        <ele>10.80000019073486328125</ele>
        <time>2026-05-30T01:06:12.000Z</time>
        <extensions>
          <ns3:TrackPointExtension>
            <ns3:hr>135</ns3:hr>
            <ns3:cad>79</ns3:cad>
          </ns3:TrackPointExtension>
        </extensions>
      </trkpt>
      <trkpt lat="31.28404333256185054779052734375" lon="121.3684248737990856170654296875">
        <ele>11</ele>
        <time>2026-05-30T01:06:13.000Z</time>
        <extensions>
          <ns3:TrackPointExtension>
            <ns3:hr>135</ns3:hr>
            <ns3:cad>79</ns3:cad>
          </ns3:TrackPointExtension>
        </extensions>
      </trkpt>
      <trkpt lat="31.28406126983463764190673828125" lon="121.3684384524822235107421875">
        <ele>11</ele>
        <time>2026-05-30T01:06:14.000Z</time>
        <extensions>
          <ns3:TrackPointExtension>
            <ns3:hr>135</ns3:hr>
            <ns3:cad>79</ns3:cad>
          </ns3:TrackPointExtension>
        </extensions>
      </trkpt>
      <trkpt lat="31.2840802967548370361328125" lon="121.36845161207020282745361328125">
        <ele>11.19999980926513671875</ele>
        <time>2026-05-30T01:06:15.000Z</time>
        <extensions>
          <ns3:TrackPointExtension>
            <ns3:hr>136</ns3:hr>
            <ns3:cad>79</ns3:cad>
          </ns3:TrackPointExtension>
        </extensions>
      </trkpt>
      <trkpt lat="31.2841012515127658843994140625" lon="121.36846619658172130584716796875">
        <ele>11.19999980926513671875</ele>
        <time>2026-05-30T01:06:16.000Z</time>
        <extensions>
          <ns3:TrackPointExtension>
            <ns3:hr>136</ns3:hr>
            <ns3:cad>79</ns3:cad>
          </ns3:TrackPointExtension>
        </extensions>
      </trkpt>
      <trkpt lat="31.2841205298900604248046875" lon="121.36848245747387409210205078125">
        <ele>11.3999996185302734375</ele>
        <time>2026-05-30T01:06:17.000Z</time>
        <extensions>
          <ns3:TrackPointExtension>
            <ns3:hr>137</ns3:hr>
            <ns3:cad>79</ns3:cad>
          </ns3:TrackPointExtension>
        </extensions>
      </trkpt>
      <trkpt lat="31.28413821570575237274169921875" lon="121.36849637143313884735107421875">
        <ele>11.3999996185302734375</ele>
        <time>2026-05-30T01:06:18.000Z</time>
        <extensions>
          <ns3:TrackPointExtension>
            <ns3:hr>137</ns3:hr>
            <ns3:cad>79</ns3:cad>
          </ns3:TrackPointExtension>
        </extensions>
      </trkpt>
      <trkpt lat="31.284155063331127166748046875" lon="121.3685039989650249481201171875">
        <ele>11.3999996185302734375</ele>
        <time>2026-05-30T01:06:19.000Z</time>
        <extensions>
          <ns3:TrackPointExtension>
            <ns3:hr>137</ns3:hr>
            <ns3:cad>80</ns3:cad>
          </ns3:TrackPointExtension>
        </extensions>
      </trkpt>
      <trkpt lat="31.284168474376201629638671875" lon="121.36851078830659389495849609375">
        <ele>11.3999996185302734375</ele>
        <time>2026-05-30T01:06:20.000Z</time>
        <extensions>
          <ns3:TrackPointExtension>
            <ns3:hr>137</ns3:hr>
            <ns3:cad>80</ns3:cad>
          </ns3:TrackPointExtension>
        </extensions>
      </trkpt>
      <trkpt lat="31.2841787002980709075927734375" lon="121.36851514689624309539794921875">
        <ele>11.6000003814697265625</ele>
        <time>2026-05-30T01:06:21.000Z</time>
        <extensions>
          <ns3:TrackPointExtension>
            <ns3:hr>137</ns3:hr>
            <ns3:cad>80</ns3:cad>
          </ns3:TrackPointExtension>
        </extensions>
      </trkpt>
      <trkpt lat="31.2841857410967350006103515625" lon="121.36851481162011623382568359375">
        <ele>11.6000003814697265625</ele>
        <time>2026-05-30T01:06:22.000Z</time>
        <extensions>
          <ns3:TrackPointExtension>
            <ns3:hr>137</ns3:hr>
            <ns3:cad>0</ns3:cad>
          </ns3:TrackPointExtension>
        </extensions>
      </trkpt>
      <trkpt lat="31.2841951288282871246337890625" lon="121.36851564981043338775634765625">
        <ele>11.6000003814697265625</ele>
        <time>2026-05-30T01:06:23.000Z</time>
        <extensions>
          <ns3:TrackPointExtension>
            <ns3:hr>137</ns3:hr>
            <ns3:cad>0</ns3:cad>
          </ns3:TrackPointExtension>
        </extensions>
      </trkpt>
      <trkpt lat="31.2842058576643466949462890625" lon="121.36851749382913112640380859375">
        <ele>11.80000019073486328125</ele>
        <time>2026-05-30T01:06:24.000Z</time>
        <extensions>
          <ns3:TrackPointExtension>
            <ns3:hr>137</ns3:hr>
            <ns3:cad>0</ns3:cad>
          </ns3:TrackPointExtension>
        </extensions>
      </trkpt>
      <trkpt lat="31.28422840498387813568115234375" lon="121.3685217685997486114501953125">
        <ele>11.6000003814697265625</ele>
        <time>2026-05-30T01:06:25.000Z</time>
        <extensions>
          <ns3:TrackPointExtension>
            <ns3:hr>137</ns3:hr>
            <ns3:cad>0</ns3:cad>
          </ns3:TrackPointExtension>
        </extensions>
      </trkpt>
      <trkpt lat="31.2842494435608386993408203125" lon="121.36853191070258617401123046875">
        <ele>11.6000003814697265625</ele>
        <time>2026-05-30T01:06:26.000Z</time>
        <extensions>
          <ns3:TrackPointExtension>
            <ns3:hr>136</ns3:hr>
            <ns3:cad>0</ns3:cad>
          </ns3:TrackPointExtension>
        </extensions>
      </trkpt>
      <trkpt lat="31.28427199088037014007568359375" lon="121.36853693984448909759521484375">
        <ele>11.6000003814697265625</ele>
        <time>2026-05-30T01:06:27.000Z</time>
        <extensions>
          <ns3:TrackPointExtension>
            <ns3:hr>136</ns3:hr>
            <ns3:cad>0</ns3:cad>
          </ns3:TrackPointExtension>
        </extensions>
      </trkpt>
      <trkpt lat="31.28429613076150417327880859375" lon="121.36854263953864574432373046875">
        <ele>11.6000003814697265625</ele>
        <time>2026-05-30T01:06:28.000Z</time>
        <extensions>
          <ns3:TrackPointExtension>
            <ns3:hr>136</ns3:hr>
            <ns3:cad>0</ns3:cad>
          </ns3:TrackPointExtension>
        </extensions>
      </trkpt>
      <trkpt lat="31.2843175046145915985107421875" lon="121.3685502670705318450927734375">
        <ele>11.6000003814697265625</ele>
        <time>2026-05-30T01:06:29.000Z</time>
        <extensions>
          <ns3:TrackPointExtension>
            <ns3:hr>136</ns3:hr>
            <ns3:cad>0</ns3:cad>
          </ns3:TrackPointExtension>
        </extensions>
      </trkpt>
      <trkpt lat="31.2843369506299495697021484375" lon="121.36855253018438816070556640625">
        <ele>11.6000003814697265625</ele>
        <time>2026-05-30T01:06:30.000Z</time>
        <extensions>
          <ns3:TrackPointExtension>
            <ns3:hr>136</ns3:hr>
            <ns3:cad>77</ns3:cad>
          </ns3:TrackPointExtension>
        </extensions>
      </trkpt>
      <trkpt lat="31.28435949794948101043701171875" lon="121.3685512728989124298095703125">
        <ele>11.80000019073486328125</ele>
        <time>2026-05-30T01:06:31.000Z</time>
        <extensions>
          <ns3:TrackPointExtension>
            <ns3:hr>137</ns3:hr>
            <ns3:cad>79</ns3:cad>
          </ns3:TrackPointExtension>
        </extensions>
      </trkpt>
      <trkpt lat="31.28438062034547328948974609375" lon="121.36855035088956356048583984375">
        <ele>11.80000019073486328125</ele>
        <time>2026-05-30T01:06:32.000Z</time>
        <extensions>
          <ns3:TrackPointExtension>
            <ns3:hr>137</ns3:hr>
            <ns3:cad>79</ns3:cad>
          </ns3:TrackPointExtension>
        </extensions>
      </trkpt>
      <trkpt lat="31.28440140746533870697021484375" lon="121.36855018325150012969970703125">
        <ele>12</ele>
        <time>2026-05-30T01:06:33.000Z</time>
        <extensions>
          <ns3:TrackPointExtension>
            <ns3:hr>136</ns3:hr>
            <ns3:cad>79</ns3:cad>
          </ns3:TrackPointExtension>
        </extensions>
      </trkpt>
      <trkpt lat="31.28442336805164813995361328125" lon="121.3685479201376438140869140625">
        <ele>12</ele>
        <time>2026-05-30T01:06:34.000Z</time>
        <extensions>
          <ns3:TrackPointExtension>
            <ns3:hr>136</ns3:hr>
            <ns3:cad>79</ns3:cad>
          </ns3:TrackPointExtension>
        </extensions>
      </trkpt>
      <trkpt lat="31.2844455800950527191162109375" lon="121.368545405566692352294921875">
        <ele>12.19999980926513671875</ele>
        <time>2026-05-30T01:06:35.000Z</time>
        <extensions>
          <ns3:TrackPointExtension>
            <ns3:hr>136</ns3:hr>
            <ns3:cad>80</ns3:cad>
          </ns3:TrackPointExtension>
        </extensions>
      </trkpt>
      <trkpt lat="31.284468211233615875244140625" lon="121.3685449026525020599365234375">
        <ele>12.19999980926513671875</ele>
        <time>2026-05-30T01:06:36.000Z</time>
        <extensions>
          <ns3:TrackPointExtension>
            <ns3:hr>136</ns3:hr>
            <ns3:cad>80</ns3:cad>
          </ns3:TrackPointExtension>
        </extensions>
      </trkpt>
      <trkpt lat="31.28448572941124439239501953125" lon="121.36854465119540691375732421875">
        <ele>12.3999996185302734375</ele>
        <time>2026-05-30T01:06:37.000Z</time>
        <extensions>
          <ns3:TrackPointExtension>
            <ns3:hr>136</ns3:hr>
            <ns3:cad>80</ns3:cad>
          </ns3:TrackPointExtension>
        </extensions>
      </trkpt>
      <trkpt lat="31.284507773816585540771484375" lon="121.36854733340442180633544921875">
        <ele>12.3999996185302734375</ele>
        <time>2026-05-30T01:06:38.000Z</time>
        <extensions>
          <ns3:TrackPointExtension>
            <ns3:hr>137</ns3:hr>
            <ns3:cad>80</ns3:cad>
          </ns3:TrackPointExtension>
        </extensions>
      </trkpt>
      <trkpt lat="31.28452814184129238128662109375" lon="121.36854481883347034454345703125">
        <ele>12.3999996185302734375</ele>
        <time>2026-05-30T01:06:39.000Z</time>
        <extensions>
          <ns3:TrackPointExtension>
            <ns3:hr>136</ns3:hr>
            <ns3:cad>80</ns3:cad>
          </ns3:TrackPointExtension>
        </extensions>
      </trkpt>
      <trkpt lat="31.28454758785665035247802734375" lon="121.3685438968241214752197265625">
        <ele>12.3999996185302734375</ele>
        <time>2026-05-30T01:06:40.000Z</time>
        <extensions>
          <ns3:TrackPointExtension>
            <ns3:hr>136</ns3:hr>
            <ns3:cad>80</ns3:cad>
          </ns3:TrackPointExtension>
        </extensions>
      </trkpt>
      <trkpt lat="31.2845689617097377777099609375" lon="121.36854666285216808319091796875">
        <ele>12.3999996185302734375</ele>
        <time>2026-05-30T01:06:41.000Z</time>
        <extensions>
          <ns3:TrackPointExtension>
            <ns3:hr>136</ns3:hr>
            <ns3:cad>80</ns3:cad>
          </ns3:TrackPointExtension>
        </extensions>
      </trkpt>
      <trkpt lat="31.284589581191539764404296875" lon="121.36854398064315319061279296875">
        <ele>12.3999996185302734375</ele>
        <time>2026-05-30T01:06:42.000Z</time>
        <extensions>
          <ns3:TrackPointExtension>
            <ns3:hr>136</ns3:hr>
            <ns3:cad>80</ns3:cad>
          </ns3:TrackPointExtension>
        </extensions>
      </trkpt>
      <trkpt lat="31.2846113741397857666015625" lon="121.36854104697704315185546875">
        <ele>12.19999980926513671875</ele>
        <time>2026-05-30T01:06:43.000Z</time>
        <extensions>
          <ns3:TrackPointExtension>
            <ns3:hr>136</ns3:hr>
            <ns3:cad>79</ns3:cad>
          </ns3:TrackPointExtension>
        </extensions>
      </trkpt>
      <trkpt lat="31.28463392145931720733642578125" lon="121.36853576637804508209228515625">
        <ele>12</ele>
        <time>2026-05-30T01:06:44.000Z</time>
        <extensions>
          <ns3:TrackPointExtension>
            <ns3:hr>136</ns3:hr>
            <ns3:cad>79</ns3:cad>
          </ns3:TrackPointExtension>
        </extensions>
      </trkpt>
      <trkpt lat="31.28465286456048488616943359375" lon="121.368531994521617889404296875">
        <ele>11.80000019073486328125</ele>
        <time>2026-05-30T01:06:45.000Z</time>
        <extensions>
          <ns3:TrackPointExtension>
            <ns3:hr>136</ns3:hr>
            <ns3:cad>79</ns3:cad>
          </ns3:TrackPointExtension>
        </extensions>
      </trkpt>
      <trkpt lat="31.2846732325851917266845703125" lon="121.36852872557938098907470703125">
        <ele>11.6000003814697265625</ele>
        <time>2026-05-30T01:06:46.000Z</time>
        <extensions>
          <ns3:TrackPointExtension>
            <ns3:hr>136</ns3:hr>
            <ns3:cad>78</ns3:cad>
          </ns3:TrackPointExtension>
        </extensions>
      </trkpt>
      <trkpt lat="31.2846967019140720367431640625" lon="121.36852688156068325042724609375">
        <ele>11.6000003814697265625</ele>
        <time>2026-05-30T01:06:47.000Z</time>
        <extensions>
          <ns3:TrackPointExtension>
            <ns3:hr>136</ns3:hr>
            <ns3:cad>78</ns3:cad>
          </ns3:TrackPointExtension>
        </extensions>
      </trkpt>
      <trkpt lat="31.28471530973911285400390625" lon="121.3685214333236217498779296875">
        <ele>11.3999996185302734375</ele>
        <time>2026-05-30T01:06:48.000Z</time>
        <extensions>
          <ns3:TrackPointExtension>
            <ns3:hr>136</ns3:hr>
            <ns3:cad>79</ns3:cad>
          </ns3:TrackPointExtension>
        </extensions>
      </trkpt>
      <trkpt lat="31.28473483957350254058837890625" lon="121.36851229704916477203369140625">
        <ele>11.19999980926513671875</ele>
        <time>2026-05-30T01:06:49.000Z</time>
        <extensions>
          <ns3:TrackPointExtension>
            <ns3:hr>136</ns3:hr>
            <ns3:cad>79</ns3:cad>
          </ns3:TrackPointExtension>
        </extensions>
      </trkpt>
      <trkpt lat="31.28475830890238285064697265625" lon="121.3685066811740398406982421875">
        <ele>11</ele>
        <time>2026-05-30T01:06:50.000Z</time>
        <extensions>
          <ns3:TrackPointExtension>
            <ns3:hr>136</ns3:hr>
            <ns3:cad>80</ns3:cad>
          </ns3:TrackPointExtension>
        </extensions>
      </trkpt>
      <trkpt lat="31.28477959893643856048583984375" lon="121.36850089766085147857666015625">
        <ele>11</ele>
        <time>2026-05-30T01:06:51.000Z</time>
        <extensions>
          <ns3:TrackPointExtension>
            <ns3:hr>136</ns3:hr>
            <ns3:cad>80</ns3:cad>
          </ns3:TrackPointExtension>
        </extensions>
      </trkpt>
      <trkpt lat="31.2848031520843505859375" lon="121.3684925995767116546630859375">
        <ele>10.80000019073486328125</ele>
        <time>2026-05-30T01:06:52.000Z</time>
        <extensions>
          <ns3:TrackPointExtension>
            <ns3:hr>135</ns3:hr>
            <ns3:cad>79</ns3:cad>
          </ns3:TrackPointExtension>
        </extensions>
      </trkpt>
      <trkpt lat="31.2848227657377719879150390625" lon="121.36848329566419124603271484375">
        <ele>10.6000003814697265625</ele>
        <time>2026-05-30T01:06:53.000Z</time>
        <extensions>
          <ns3:TrackPointExtension>
            <ns3:hr>136</ns3:hr>
            <ns3:cad>79</ns3:cad>
          </ns3:TrackPointExtension>
        </extensions>
      </trkpt>
      <trkpt lat="31.2848420441150665283203125" lon="121.3684768415987491607666015625">
        <ele>10.6000003814697265625</ele>
        <time>2026-05-30T01:06:54.000Z</time>
        <extensions>
          <ns3:TrackPointExtension>
            <ns3:hr>136</ns3:hr>
            <ns3:cad>79</ns3:cad>
          </ns3:TrackPointExtension>
        </extensions>
      </trkpt>
      <trkpt lat="31.284864842891693115234375" lon="121.368471644818782806396484375">
        <ele>10.6000003814697265625</ele>
        <time>2026-05-30T01:06:55.000Z</time>
        <extensions>
          <ns3:TrackPointExtension>
            <ns3:hr>136</ns3:hr>
            <ns3:cad>79</ns3:cad>
          </ns3:TrackPointExtension>
        </extensions>
      </trkpt>
      <trkpt lat="31.284888647496700286865234375" lon="121.3684667833149433135986328125">
        <ele>10.6000003814697265625</ele>
        <time>2026-05-30T01:06:56.000Z</time>
        <extensions>
          <ns3:TrackPointExtension>
            <ns3:hr>136</ns3:hr>
            <ns3:cad>79</ns3:cad>
          </ns3:TrackPointExtension>
        </extensions>
      </trkpt>
      <trkpt lat="31.2849082611501216888427734375" lon="121.36846016161143779754638671875">
        <ele>10.3999996185302734375</ele>
        <time>2026-05-30T01:06:57.000Z</time>
        <extensions>
          <ns3:TrackPointExtension>
            <ns3:hr>135</ns3:hr>
            <ns3:cad>79</ns3:cad>
          </ns3:TrackPointExtension>
        </extensions>
      </trkpt>
      <trkpt lat="31.2849256955087184906005859375" lon="121.3684533722698688507080078125">
        <ele>10.3999996185302734375</ele>
        <time>2026-05-30T01:06:58.000Z</time>
        <extensions>
          <ns3:TrackPointExtension>
            <ns3:hr>136</ns3:hr>
            <ns3:cad>79</ns3:cad>
          </ns3:TrackPointExtension>
        </extensions>
      </trkpt>
      <trkpt lat="31.28494572825729846954345703125" lon="121.36844708584249019622802734375">
        <ele>10.19999980926513671875</ele>
        <time>2026-05-30T01:06:59.000Z</time>
        <extensions>
          <ns3:TrackPointExtension>
            <ns3:hr>136</ns3:hr>
            <ns3:cad>79</ns3:cad>
          </ns3:TrackPointExtension>
        </extensions>
      </trkpt>
      <trkpt lat="31.28496718592941761016845703125" lon="121.368437446653842926025390625">
        <ele>10</ele>
        <time>2026-05-30T01:07:00.000Z</time>
        <extensions>
          <ns3:TrackPointExtension>
            <ns3:hr>136</ns3:hr>
            <ns3:cad>79</ns3:cad>
          </ns3:TrackPointExtension>
        </extensions>
      </trkpt>
      <trkpt lat="31.2849860452115535736083984375" lon="121.368426047265529632568359375">
        <ele>9.80000019073486328125</ele>
        <time>2026-05-30T01:07:01.000Z</time>
        <extensions>
          <ns3:TrackPointExtension>
            <ns3:hr>135</ns3:hr>
            <ns3:cad>79</ns3:cad>
          </ns3:TrackPointExtension>
        </extensions>
      </trkpt>
      <trkpt lat="31.2850051559507846832275390625" lon="121.3684148155152797698974609375">
        <ele>9.6000003814697265625</ele>
        <time>2026-05-30T01:07:02.000Z</time>
        <extensions>
          <ns3:TrackPointExtension>
            <ns3:hr>136</ns3:hr>
            <ns3:cad>79</ns3:cad>
          </ns3:TrackPointExtension>
        </extensions>
      </trkpt>
      <trkpt lat="31.2850239314138889312744140625" lon="121.3684030808508396148681640625">
        <ele>9.6000003814697265625</ele>
        <time>2026-05-30T01:07:03.000Z</time>
        <extensions>
          <ns3:TrackPointExtension>
            <ns3:hr>135</ns3:hr>
            <ns3:cad>79</ns3:cad>
          </ns3:TrackPointExtension>
        </extensions>
      </trkpt>
      <trkpt lat="31.2850403599441051483154296875" lon="121.368389837443828582763671875">
        <ele>9.3999996185302734375</ele>
        <time>2026-05-30T01:07:04.000Z</time>
        <extensions>
          <ns3:TrackPointExtension>
            <ns3:hr>135</ns3:hr>
            <ns3:cad>79</ns3:cad>
          </ns3:TrackPointExtension>
        </extensions>
      </trkpt>
      <trkpt lat="31.2850594706833362579345703125" lon="121.3683769293129444122314453125">
        <ele>9.3999996185302734375</ele>
        <time>2026-05-30T01:07:05.000Z</time>
        <extensions>
          <ns3:TrackPointExtension>
            <ns3:hr>135</ns3:hr>
            <ns3:cad>78</ns3:cad>
          </ns3:TrackPointExtension>
        </extensions>
      </trkpt>
      <trkpt lat="31.285079084336757659912109375" lon="121.3683633506298065185546875">
        <ele>9.19999980926513671875</ele>
        <time>2026-05-30T01:07:06.000Z</time>
        <extensions>
          <ns3:TrackPointExtension>
            <ns3:hr>134</ns3:hr>
            <ns3:cad>79</ns3:cad>
          </ns3:TrackPointExtension>
        </extensions>
      </trkpt>
      <trkpt lat="31.2850950099527835845947265625" lon="121.368350945413112640380859375">
        <ele>9.19999980926513671875</ele>
        <time>2026-05-30T01:07:07.000Z</time>
        <extensions>
          <ns3:TrackPointExtension>
            <ns3:hr>134</ns3:hr>
            <ns3:cad>79</ns3:cad>
          </ns3:TrackPointExtension>
        </extensions>
      </trkpt>
      <trkpt lat="31.2851147912442684173583984375" lon="121.36833711527287960052490234375">
        <ele>9</ele>
        <time>2026-05-30T01:07:08.000Z</time>
        <extensions>
          <ns3:TrackPointExtension>
            <ns3:hr>134</ns3:hr>
            <ns3:cad>79</ns3:cad>
          </ns3:TrackPointExtension>
        </extensions>
      </trkpt>
      <trkpt lat="31.28513566218316555023193359375" lon="121.36832856573164463043212890625">
        <ele>9</ele>
        <time>2026-05-30T01:07:09.000Z</time>
        <extensions>
          <ns3:TrackPointExtension>
            <ns3:hr>134</ns3:hr>
            <ns3:cad>79</ns3:cad>
          </ns3:TrackPointExtension>
        </extensions>
      </trkpt>
      <trkpt lat="31.28515477292239665985107421875" lon="121.36831398122012615203857421875">
        <ele>9</ele>
        <time>2026-05-30T01:07:10.000Z</time>
        <extensions>
          <ns3:TrackPointExtension>
            <ns3:hr>134</ns3:hr>
            <ns3:cad>79</ns3:cad>
          </ns3:TrackPointExtension>
        </extensions>
      </trkpt>
      <trkpt lat="31.28517329692840576171875" lon="121.36829721741378307342529296875">
        <ele>9</ele>
        <time>2026-05-30T01:07:11.000Z</time>
        <extensions>
          <ns3:TrackPointExtension>
            <ns3:hr>133</ns3:hr>
            <ns3:cad>79</ns3:cad>
          </ns3:TrackPointExtension>
        </extensions>
      </trkpt>
      <trkpt lat="31.285191737115383148193359375" lon="121.3682910986244678497314453125">
        <ele>9</ele>
        <time>2026-05-30T01:07:12.000Z</time>
        <extensions>
          <ns3:TrackPointExtension>
            <ns3:hr>133</ns3:hr>
            <ns3:cad>79</ns3:cad>
          </ns3:TrackPointExtension>
        </extensions>
      </trkpt>
      <trkpt lat="31.28521151840686798095703125" lon="121.36828313581645488739013671875">
        <ele>9</ele>
        <time>2026-05-30T01:07:13.000Z</time>
        <extensions>
          <ns3:TrackPointExtension>
            <ns3:hr>132</ns3:hr>
            <ns3:cad>79</ns3:cad>
          </ns3:TrackPointExtension>
        </extensions>
      </trkpt>
      <trkpt lat="31.28522853367030620574951171875" lon="121.36827123351395130157470703125">
        <ele>9</ele>
        <time>2026-05-30T01:07:14.000Z</time>
        <extensions>
          <ns3:TrackPointExtension>
            <ns3:hr>132</ns3:hr>
            <ns3:cad>80</ns3:cad>
          </ns3:TrackPointExtension>
        </extensions>
      </trkpt>
      <trkpt lat="31.28524630330502986907958984375" lon="121.36826268397271633148193359375">
        <ele>8.80000019073486328125</ele>
        <time>2026-05-30T01:07:15.000Z</time>
        <extensions>
          <ns3:TrackPointExtension>
            <ns3:hr>132</ns3:hr>
            <ns3:cad>80</ns3:cad>
          </ns3:TrackPointExtension>
        </extensions>
      </trkpt>
      <trkpt lat="31.28526675514876842498779296875" lon="121.368253044784069061279296875">
        <ele>8.80000019073486328125</ele>
        <time>2026-05-30T01:07:16.000Z</time>
        <extensions>
          <ns3:TrackPointExtension>
            <ns3:hr>132</ns3:hr>
            <ns3:cad>80</ns3:cad>
          </ns3:TrackPointExtension>
        </extensions>
      </trkpt>
      <trkpt lat="31.2852871231734752655029296875" lon="121.3682418130338191986083984375">
        <ele>8.80000019073486328125</ele>
        <time>2026-05-30T01:07:17.000Z</time>
        <extensions>
          <ns3:TrackPointExtension>
            <ns3:hr>132</ns3:hr>
            <ns3:cad>80</ns3:cad>
          </ns3:TrackPointExtension>
        </extensions>
      </trkpt>
      <trkpt lat="31.28530698828399181365966796875" lon="121.36822898872196674346923828125">
        <ele>8.6000003814697265625</ele>
        <time>2026-05-30T01:07:18.000Z</time>
        <extensions>
          <ns3:TrackPointExtension>
            <ns3:hr>132</ns3:hr>
            <ns3:cad>80</ns3:cad>
          </ns3:TrackPointExtension>
        </extensions>
      </trkpt>
      <trkpt lat="31.28532878123223781585693359375" lon="121.3682211935520172119140625">
        <ele>8.6000003814697265625</ele>
        <time>2026-05-30T01:07:19.000Z</time>
        <extensions>
          <ns3:TrackPointExtension>
            <ns3:hr>132</ns3:hr>
            <ns3:cad>80</ns3:cad>
          </ns3:TrackPointExtension>
        </extensions>
      </trkpt>
      <trkpt lat="31.28534889779984951019287109375" lon="121.368208788335323333740234375">
        <ele>8.6000003814697265625</ele>
        <time>2026-05-30T01:07:20.000Z</time>
        <extensions>
          <ns3:TrackPointExtension>
            <ns3:hr>131</ns3:hr>
            <ns3:cad>80</ns3:cad>
          </ns3:TrackPointExtension>
        </extensions>
      </trkpt>
      <trkpt lat="31.28536683507263660430908203125" lon="121.36819730512797832489013671875">
        <ele>8.80000019073486328125</ele>
        <time>2026-05-30T01:07:21.000Z</time>
        <extensions>
          <ns3:TrackPointExtension>
            <ns3:hr>132</ns3:hr>
            <ns3:cad>80</ns3:cad>
          </ns3:TrackPointExtension>
        </extensions>
      </trkpt>
      <trkpt lat="31.28538678400218486785888671875" lon="121.36818833649158477783203125">
        <ele>8.80000019073486328125</ele>
        <time>2026-05-30T01:07:22.000Z</time>
        <extensions>
          <ns3:TrackPointExtension>
            <ns3:hr>132</ns3:hr>
            <ns3:cad>80</ns3:cad>
          </ns3:TrackPointExtension>
        </extensions>
      </trkpt>
      <trkpt lat="31.28540807403624057769775390625" lon="121.36817819438874721527099609375">
        <ele>8.80000019073486328125</ele>
        <time>2026-05-30T01:07:23.000Z</time>
        <extensions>
          <ns3:TrackPointExtension>
            <ns3:hr>132</ns3:hr>
            <ns3:cad>81</ns3:cad>
          </ns3:TrackPointExtension>
        </extensions>
      </trkpt>
      <trkpt lat="31.28542517311871051788330078125" lon="121.36816419661045074462890625">
        <ele>8.80000019073486328125</ele>
        <time>2026-05-30T01:07:24.000Z</time>
        <extensions>
          <ns3:TrackPointExtension>
            <ns3:hr>132</ns3:hr>
            <ns3:cad>82</ns3:cad>
          </ns3:TrackPointExtension>
        </extensions>
      </trkpt>
      <trkpt lat="31.2854430265724658966064453125" lon="121.3681499473750591278076171875">
        <ele>8.80000019073486328125</ele>
        <time>2026-05-30T01:07:25.000Z</time>
        <extensions>
          <ns3:TrackPointExtension>
            <ns3:hr>131</ns3:hr>
            <ns3:cad>82</ns3:cad>
          </ns3:TrackPointExtension>
        </extensions>
      </trkpt>
      <trkpt lat="31.28546540625393390655517578125" lon="121.36813745833933353424072265625">
        <ele>8.6000003814697265625</ele>
        <time>2026-05-30T01:07:26.000Z</time>
        <extensions>
          <ns3:TrackPointExtension>
            <ns3:hr>132</ns3:hr>
            <ns3:cad>82</ns3:cad>
          </ns3:TrackPointExtension>
        </extensions>
      </trkpt>
      <trkpt lat="31.2854832597076892852783203125" lon="121.36812656186521053314208984375">
        <ele>8.6000003814697265625</ele>
        <time>2026-05-30T01:07:27.000Z</time>
        <extensions>
          <ns3:TrackPointExtension>
            <ns3:hr>131</ns3:hr>
            <ns3:cad>82</ns3:cad>
          </ns3:TrackPointExtension>
        </extensions>
      </trkpt>
      <trkpt lat="31.28550446592271327972412109375" lon="121.36811499483883380889892578125">
        <ele>8.6000003814697265625</ele>
        <time>2026-05-30T01:07:28.000Z</time>
        <extensions>
          <ns3:TrackPointExtension>
            <ns3:hr>131</ns3:hr>
            <ns3:cad>82</ns3:cad>
          </ns3:TrackPointExtension>
        </extensions>
      </trkpt>
      <trkpt lat="31.28552542068064212799072265625" lon="121.36810652911663055419921875">
        <ele>8.80000019073486328125</ele>
        <time>2026-05-30T01:07:29.000Z</time>
        <extensions>
          <ns3:TrackPointExtension>
            <ns3:hr>131</ns3:hr>
            <ns3:cad>81</ns3:cad>
          </ns3:TrackPointExtension>
        </extensions>
      </trkpt>
      <trkpt lat="31.28554604016244411468505859375" lon="121.3680989854037761688232421875">
        <ele>8.80000019073486328125</ele>
        <time>2026-05-30T01:07:30.000Z</time>
        <extensions>
          <ns3:TrackPointExtension>
            <ns3:hr>131</ns3:hr>
            <ns3:cad>81</ns3:cad>
          </ns3:TrackPointExtension>
        </extensions>
      </trkpt>
      <trkpt lat="31.28556766547262668609619140625" lon="121.36808699928224086761474609375">
        <ele>8.80000019073486328125</ele>
        <time>2026-05-30T01:07:31.000Z</time>
        <extensions>
          <ns3:TrackPointExtension>
            <ns3:hr>131</ns3:hr>
            <ns3:cad>81</ns3:cad>
          </ns3:TrackPointExtension>
        </extensions>
      </trkpt>
      <trkpt lat="31.28558878786861896514892578125" lon="121.36807744391262531280517578125">
        <ele>9</ele>
        <time>2026-05-30T01:07:32.000Z</time>
        <extensions>
          <ns3:TrackPointExtension>
            <ns3:hr>132</ns3:hr>
            <ns3:cad>81</ns3:cad>
          </ns3:TrackPointExtension>
        </extensions>
      </trkpt>
      <trkpt lat="31.28560923971235752105712890625" lon="121.368068642914295196533203125">
        <ele>9</ele>
        <time>2026-05-30T01:07:33.000Z</time>
        <extensions>
          <ns3:TrackPointExtension>
            <ns3:hr>132</ns3:hr>
            <ns3:cad>81</ns3:cad>
          </ns3:TrackPointExtension>
        </extensions>
      </trkpt>
      <trkpt lat="31.285626590251922607421875" lon="121.36805816553533077239990234375">
        <ele>8.80000019073486328125</ele>
        <time>2026-05-30T01:07:34.000Z</time>
        <extensions>
          <ns3:TrackPointExtension>
            <ns3:hr>132</ns3:hr>
            <ns3:cad>81</ns3:cad>
          </ns3:TrackPointExtension>
        </extensions>
      </trkpt>
      <trkpt lat="31.28563136793673038482666015625" lon="121.36804525740444660186767578125">
        <ele>8.80000019073486328125</ele>
        <time>2026-05-30T01:07:35.000Z</time>
        <extensions>
          <ns3:TrackPointExtension>
            <ns3:hr>132</ns3:hr>
            <ns3:cad>81</ns3:cad>
          </ns3:TrackPointExtension>
        </extensions>
      </trkpt>
      <trkpt lat="31.28561594523489475250244140625" lon="121.36803436093032360076904296875">
        <ele>8.80000019073486328125</ele>
        <time>2026-05-30T01:07:36.000Z</time>
        <extensions>
          <ns3:TrackPointExtension>
            <ns3:hr>131</ns3:hr>
            <ns3:cad>81</ns3:cad>
          </ns3:TrackPointExtension>
        </extensions>
      </trkpt>
      <trkpt lat="31.2855975888669490814208984375" lon="121.36803209781646728515625">
        <ele>8.80000019073486328125</ele>
        <time>2026-05-30T01:07:37.000Z</time>
        <extensions>
          <ns3:TrackPointExtension>
            <ns3:hr>131</ns3:hr>
            <ns3:cad>81</ns3:cad>
          </ns3:TrackPointExtension>
        </extensions>
      </trkpt>
      <trkpt lat="31.28557872958481311798095703125" lon="121.36804173700511455535888671875">
        <ele>8.80000019073486328125</ele>
        <time>2026-05-30T01:07:38.000Z</time>
        <extensions>
          <ns3:TrackPointExtension>
            <ns3:hr>131</ns3:hr>
            <ns3:cad>79</ns3:cad>
          </ns3:TrackPointExtension>
        </extensions>
      </trkpt>
      <trkpt lat="31.285561881959438323974609375" lon="121.36805414222180843353271484375">
        <ele>8.80000019073486328125</ele>
        <time>2026-05-30T01:07:39.000Z</time>
        <extensions>
          <ns3:TrackPointExtension>
            <ns3:hr>130</ns3:hr>
            <ns3:cad>78</ns3:cad>
          </ns3:TrackPointExtension>
        </extensions>
      </trkpt>
      <trkpt lat="31.2855422683060169219970703125" lon="121.36806629598140716552734375">
        <ele>8.80000019073486328125</ele>
        <time>2026-05-30T01:07:40.000Z</time>
        <extensions>
          <ns3:TrackPointExtension>
            <ns3:hr>130</ns3:hr>
            <ns3:cad>77</ns3:cad>
          </ns3:TrackPointExtension>
        </extensions>
      </trkpt>
      <trkpt lat="31.2855208106338977813720703125" lon="121.3680812157690525054931640625">
        <ele>8.80000019073486328125</ele>
        <time>2026-05-30T01:07:41.000Z</time>
        <extensions>
          <ns3:TrackPointExtension>
            <ns3:hr>129</ns3:hr>
            <ns3:cad>76</ns3:cad>
          </ns3:TrackPointExtension>
        </extensions>
      </trkpt>
      <trkpt lat="31.28550312481820583343505859375" lon="121.36809739284217357635498046875">
        <ele>8.80000019073486328125</ele>
        <time>2026-05-30T01:07:42.000Z</time>
        <extensions>
          <ns3:TrackPointExtension>
            <ns3:hr>129</ns3:hr>
            <ns3:cad>76</ns3:cad>
          </ns3:TrackPointExtension>
        </extensions>
      </trkpt>
      <trkpt lat="31.2854852713644504547119140625" lon="121.36811348609626293182373046875">
        <ele>8.6000003814697265625</ele>
        <time>2026-05-30T01:07:43.000Z</time>
        <extensions>
          <ns3:TrackPointExtension>
            <ns3:hr>129</ns3:hr>
            <ns3:cad>77</ns3:cad>
          </ns3:TrackPointExtension>
        </extensions>
      </trkpt>
      <trkpt lat="31.28546808846294879913330078125" lon="121.36813024990260601043701171875">
        <ele>8.6000003814697265625</ele>
        <time>2026-05-30T01:07:44.000Z</time>
        <extensions>
          <ns3:TrackPointExtension>
            <ns3:hr>129</ns3:hr>
            <ns3:cad>79</ns3:cad>
          </ns3:TrackPointExtension>
        </extensions>
      </trkpt>
      <trkpt lat="31.285450570285320281982421875" lon="121.3681460916996002197265625">
        <ele>8.6000003814697265625</ele>
        <time>2026-05-30T01:07:45.000Z</time>
        <extensions>
          <ns3:TrackPointExtension>
            <ns3:hr>128</ns3:hr>
            <ns3:cad>80</ns3:cad>
          </ns3:TrackPointExtension>
        </extensions>
      </trkpt>
      <trkpt lat="31.2854373268783092498779296875" lon="121.36816243641078472137451171875">
        <ele>8.6000003814697265625</ele>
        <time>2026-05-30T01:07:46.000Z</time>
        <extensions>
          <ns3:TrackPointExtension>
            <ns3:hr>128</ns3:hr>
            <ns3:cad>80</ns3:cad>
          </ns3:TrackPointExtension>
        </extensions>
      </trkpt>
      <trkpt lat="31.2854235805571079254150390625" lon="121.3681794516742229461669921875">
        <ele>8.6000003814697265625</ele>
        <time>2026-05-30T01:07:47.000Z</time>
        <extensions>
          <ns3:TrackPointExtension>
            <ns3:hr>128</ns3:hr>
            <ns3:cad>80</ns3:cad>
          </ns3:TrackPointExtension>
        </extensions>
      </trkpt>
      <trkpt lat="31.2854098342359066009521484375" lon="121.36819428764283657073974609375">
        <ele>8.6000003814697265625</ele>
        <time>2026-05-30T01:07:48.000Z</time>
        <extensions>
          <ns3:TrackPointExtension>
            <ns3:hr>128</ns3:hr>
            <ns3:cad>80</ns3:cad>
          </ns3:TrackPointExtension>
        </extensions>
      </trkpt>
      <trkpt lat="31.2853977642953395843505859375" lon="121.368213482201099395751953125">
        <ele>8.6000003814697265625</ele>
        <time>2026-05-30T01:07:49.000Z</time>
        <extensions>
          <ns3:TrackPointExtension>
            <ns3:hr>128</ns3:hr>
            <ns3:cad>80</ns3:cad>
          </ns3:TrackPointExtension>
        </extensions>
      </trkpt>
      <trkpt lat="31.2853803299367427825927734375" lon="121.3682341016829013824462890625">
        <ele>8.6000003814697265625</ele>
        <time>2026-05-30T01:07:50.000Z</time>
        <extensions>
          <ns3:TrackPointExtension>
            <ns3:hr>128</ns3:hr>
            <ns3:cad>79</ns3:cad>
          </ns3:TrackPointExtension>
        </extensions>
      </trkpt>
      <trkpt lat="31.28536306321620941162109375" lon="121.3682522065937519073486328125">
        <ele>8.6000003814697265625</ele>
        <time>2026-05-30T01:07:51.000Z</time>
        <extensions>
          <ns3:TrackPointExtension>
            <ns3:hr>128</ns3:hr>
            <ns3:cad>79</ns3:cad>
          </ns3:TrackPointExtension>
        </extensions>
      </trkpt>
      <trkpt lat="31.28534638322889804840087890625" lon="121.36826637201011180877685546875">
        <ele>8.6000003814697265625</ele>
        <time>2026-05-30T01:07:52.000Z</time>
        <extensions>
          <ns3:TrackPointExtension>
            <ns3:hr>128</ns3:hr>
            <ns3:cad>79</ns3:cad>
          </ns3:TrackPointExtension>
        </extensions>
      </trkpt>
      <trkpt lat="31.28532257862389087677001953125" lon="121.36826687492430210113525390625">
        <ele>8.6000003814697265625</ele>
        <time>2026-05-30T01:07:53.000Z</time>
        <extensions>
          <ns3:TrackPointExtension>
            <ns3:hr>128</ns3:hr>
            <ns3:cad>79</ns3:cad>
          </ns3:TrackPointExtension>
        </extensions>
      </trkpt>
      <trkpt lat="31.28530061803758144378662109375" lon="121.3682592473924160003662109375">
        <ele>8.6000003814697265625</ele>
        <time>2026-05-30T01:07:54.000Z</time>
        <extensions>
          <ns3:TrackPointExtension>
            <ns3:hr>129</ns3:hr>
            <ns3:cad>80</ns3:cad>
          </ns3:TrackPointExtension>
        </extensions>
      </trkpt>
      <trkpt lat="31.28528435714542865753173828125" lon="121.36826000176370143890380859375">
        <ele>8.6000003814697265625</ele>
        <time>2026-05-30T01:07:55.000Z</time>
        <extensions>
          <ns3:TrackPointExtension>
            <ns3:hr>128</ns3:hr>
            <ns3:cad>80</ns3:cad>
          </ns3:TrackPointExtension>
        </extensions>
      </trkpt>
      <trkpt lat="31.2852660007774829864501953125" lon="121.36826788075268268585205078125">
        <ele>8.80000019073486328125</ele>
        <time>2026-05-30T01:07:56.000Z</time>
        <extensions>
          <ns3:TrackPointExtension>
            <ns3:hr>128</ns3:hr>
            <ns3:cad>80</ns3:cad>
          </ns3:TrackPointExtension>
        </extensions>
      </trkpt>
      <trkpt lat="31.28524781204760074615478515625" lon="121.368279196321964263916015625">
        <ele>8.80000019073486328125</ele>
        <time>2026-05-30T01:07:57.000Z</time>
        <extensions>
          <ns3:TrackPointExtension>
            <ns3:hr>128</ns3:hr>
            <ns3:cad>80</ns3:cad>
          </ns3:TrackPointExtension>
        </extensions>
      </trkpt>
      <trkpt lat="31.28523037768900394439697265625" lon="121.36828782968223094940185546875">
        <ele>8.80000019073486328125</ele>
        <time>2026-05-30T01:07:58.000Z</time>
        <extensions>
          <ns3:TrackPointExtension>
            <ns3:hr>128</ns3:hr>
            <ns3:cad>80</ns3:cad>
          </ns3:TrackPointExtension>
        </extensions>
      </trkpt>
      <trkpt lat="31.2852100096642971038818359375" lon="121.36829939670860767364501953125">
        <ele>8.80000019073486328125</ele>
        <time>2026-05-30T01:07:59.000Z</time>
        <extensions>
          <ns3:TrackPointExtension>
            <ns3:hr>128</ns3:hr>
            <ns3:cad>79</ns3:cad>
          </ns3:TrackPointExtension>
        </extensions>
      </trkpt>
      <trkpt lat="31.28519115038216114044189453125" lon="121.3683118857443332672119140625">
        <ele>8.80000019073486328125</ele>
        <time>2026-05-30T01:08:00.000Z</time>
        <extensions>
          <ns3:TrackPointExtension>
            <ns3:hr>128</ns3:hr>
            <ns3:cad>77</ns3:cad>
          </ns3:TrackPointExtension>
        </extensions>
      </trkpt>
      <trkpt lat="31.2851754762232303619384765625" lon="121.3683269731700420379638671875">
        <ele>8.80000019073486328125</ele>
        <time>2026-05-30T01:08:01.000Z</time>
        <extensions>
          <ns3:TrackPointExtension>
            <ns3:hr>128</ns3:hr>
            <ns3:cad>76</ns3:cad>
          </ns3:TrackPointExtension>
        </extensions>
      </trkpt>
      <trkpt lat="31.2851546891033649444580078125" lon="121.36833661235868930816650390625">
        <ele>8.80000019073486328125</ele>
        <time>2026-05-30T01:08:02.000Z</time>
        <extensions>
          <ns3:TrackPointExtension>
            <ns3:hr>128</ns3:hr>
            <ns3:cad>76</ns3:cad>
          </ns3:TrackPointExtension>
        </extensions>
      </trkpt>
      <trkpt lat="31.285133063793182373046875" lon="121.36834784410893917083740234375">
        <ele>9</ele>
        <time>2026-05-30T01:08:03.000Z</time>
        <extensions>
          <ns3:TrackPointExtension>
            <ns3:hr>128</ns3:hr>
            <ns3:cad>78</ns3:cad>
          </ns3:TrackPointExtension>
        </extensions>
      </trkpt>
      <trkpt lat="31.2851141206920146942138671875" lon="121.36836075223982334136962890625">
        <ele>8.80000019073486328125</ele>
        <time>2026-05-30T01:08:04.000Z</time>
        <extensions>
          <ns3:TrackPointExtension>
            <ns3:hr>127</ns3:hr>
            <ns3:cad>78</ns3:cad>
          </ns3:TrackPointExtension>
        </extensions>
      </trkpt>
      <trkpt lat="31.28509618341922760009765625" lon="121.36837651021778583526611328125">
        <ele>8.80000019073486328125</ele>
        <time>2026-05-30T01:08:05.000Z</time>
        <extensions>
          <ns3:TrackPointExtension>
            <ns3:hr>127</ns3:hr>
            <ns3:cad>78</ns3:cad>
          </ns3:TrackPointExtension>
        </extensions>
      </trkpt>
      <trkpt lat="31.28507631830871105194091796875" lon="121.3683889992535114288330078125">
        <ele>8.80000019073486328125</ele>
        <time>2026-05-30T01:08:06.000Z</time>
        <extensions>
          <ns3:TrackPointExtension>
            <ns3:hr>127</ns3:hr>
            <ns3:cad>79</ns3:cad>
          </ns3:TrackPointExtension>
        </extensions>
      </trkpt>
      <trkpt lat="31.2850561179220676422119140625" lon="121.36840065009891986846923828125">
        <ele>8.80000019073486328125</ele>
        <time>2026-05-30T01:08:07.000Z</time>
        <extensions>
          <ns3:TrackPointExtension>
            <ns3:hr>128</ns3:hr>
            <ns3:cad>79</ns3:cad>
          </ns3:TrackPointExtension>
        </extensions>
      </trkpt>
      <trkpt lat="31.2850360013544559478759765625" lon="121.36841154657304286956787109375">
        <ele>9</ele>
        <time>2026-05-30T01:08:08.000Z</time>
        <extensions>
          <ns3:TrackPointExtension>
            <ns3:hr>128</ns3:hr>
            <ns3:cad>80</ns3:cad>
          </ns3:TrackPointExtension>
        </extensions>
      </trkpt>
      <trkpt lat="31.28501630388200283050537109375" lon="121.36842277832329273223876953125">
        <ele>9</ele>
        <time>2026-05-30T01:08:09.000Z</time>
        <extensions>
          <ns3:TrackPointExtension>
            <ns3:hr>128</ns3:hr>
            <ns3:cad>80</ns3:cad>
          </ns3:TrackPointExtension>
        </extensions>
      </trkpt>
      <trkpt lat="31.28499736078083515167236328125" lon="121.36843769811093807220458984375">
        <ele>9</ele>
        <time>2026-05-30T01:08:10.000Z</time>
        <extensions>
          <ns3:TrackPointExtension>
            <ns3:hr>128</ns3:hr>
            <ns3:cad>80</ns3:cad>
          </ns3:TrackPointExtension>
        </extensions>
      </trkpt>
      <trkpt lat="31.284978501498699188232421875" lon="121.36845127679407596588134765625">
        <ele>9.19999980926513671875</ele>
        <time>2026-05-30T01:08:11.000Z</time>
        <extensions>
          <ns3:TrackPointExtension>
            <ns3:hr>128</ns3:hr>
            <ns3:cad>80</ns3:cad>
          </ns3:TrackPointExtension>
        </extensions>
      </trkpt>
      <trkpt lat="31.2849592231214046478271484375" lon="121.3684641011059284210205078125">
        <ele>9.19999980926513671875</ele>
        <time>2026-05-30T01:08:12.000Z</time>
        <extensions>
          <ns3:TrackPointExtension>
            <ns3:hr>128</ns3:hr>
            <ns3:cad>80</ns3:cad>
          </ns3:TrackPointExtension>
        </extensions>
      </trkpt>
      <trkpt lat="31.28494103439152240753173828125" lon="121.36847801506519317626953125">
        <ele>9.3999996185302734375</ele>
        <time>2026-05-30T01:08:13.000Z</time>
        <extensions>
          <ns3:TrackPointExtension>
            <ns3:hr>128</ns3:hr>
            <ns3:cad>81</ns3:cad>
          </ns3:TrackPointExtension>
        </extensions>
      </trkpt>
      <trkpt lat="31.28492460586130619049072265625" lon="121.36849134229123592376708984375">
        <ele>9.3999996185302734375</ele>
        <time>2026-05-30T01:08:14.000Z</time>
        <extensions>
          <ns3:TrackPointExtension>
            <ns3:hr>128</ns3:hr>
            <ns3:cad>81</ns3:cad>
          </ns3:TrackPointExtension>
        </extensions>
      </trkpt>
      <trkpt lat="31.2849079258739948272705078125" lon="121.36850642971694469451904296875">
        <ele>9.6000003814697265625</ele>
        <time>2026-05-30T01:08:15.000Z</time>
        <extensions>
          <ns3:TrackPointExtension>
            <ns3:hr>128</ns3:hr>
            <ns3:cad>81</ns3:cad>
          </ns3:TrackPointExtension>
        </extensions>
      </trkpt>
      <trkpt lat="31.284893341362476348876953125" lon="121.368521936237812042236328125">
        <ele>9.6000003814697265625</ele>
        <time>2026-05-30T01:08:16.000Z</time>
        <extensions>
          <ns3:TrackPointExtension>
            <ns3:hr>128</ns3:hr>
            <ns3:cad>80</ns3:cad>
          </ns3:TrackPointExtension>
        </extensions>
      </trkpt>
      <trkpt lat="31.284880936145782470703125" lon="121.36853895150125026702880859375">
        <ele>9.80000019073486328125</ele>
        <time>2026-05-30T01:08:17.000Z</time>
        <extensions>
          <ns3:TrackPointExtension>
            <ns3:hr>128</ns3:hr>
            <ns3:cad>80</ns3:cad>
          </ns3:TrackPointExtension>
        </extensions>
      </trkpt>
      <trkpt lat="31.28486358560621738433837890625" lon="121.36855487711727619171142578125">
        <ele>9.80000019073486328125</ele>
        <time>2026-05-30T01:08:18.000Z</time>
        <extensions>
          <ns3:TrackPointExtension>
            <ns3:hr>128</ns3:hr>
            <ns3:cad>80</ns3:cad>
          </ns3:TrackPointExtension>
        </extensions>
      </trkpt>
      <trkpt lat="31.2848482467234134674072265625" lon="121.368572898209095001220703125">
        <ele>9.80000019073486328125</ele>
        <time>2026-05-30T01:08:19.000Z</time>
        <extensions>
          <ns3:TrackPointExtension>
            <ns3:hr>128</ns3:hr>
            <ns3:cad>80</ns3:cad>
          </ns3:TrackPointExtension>
        </extensions>
      </trkpt>
      <trkpt lat="31.2848348356783390045166015625" lon="121.3685921765863895416259765625">
        <ele>10</ele>
        <time>2026-05-30T01:08:20.000Z</time>
        <extensions>
          <ns3:TrackPointExtension>
            <ns3:hr>128</ns3:hr>
            <ns3:cad>80</ns3:cad>
          </ns3:TrackPointExtension>
        </extensions>
      </trkpt>
      <trkpt lat="31.28481832332909107208251953125" lon="121.36860650964081287384033203125">
        <ele>10.19999980926513671875</ele>
        <time>2026-05-30T01:08:21.000Z</time>
        <extensions>
          <ns3:TrackPointExtension>
            <ns3:hr>128</ns3:hr>
            <ns3:cad>80</ns3:cad>
          </ns3:TrackPointExtension>
        </extensions>
      </trkpt>
      <trkpt lat="31.28480407409369945526123046875" lon="121.368621177971363067626953125">
        <ele>10.3999996185302734375</ele>
        <time>2026-05-30T01:08:22.000Z</time>
        <extensions>
          <ns3:TrackPointExtension>
            <ns3:hr>129</ns3:hr>
            <ns3:cad>80</ns3:cad>
          </ns3:TrackPointExtension>
        </extensions>
      </trkpt>
      <trkpt lat="31.28478747792541980743408203125" lon="121.36863651685416698455810546875">
        <ele>10.6000003814697265625</ele>
        <time>2026-05-30T01:08:23.000Z</time>
        <extensions>
          <ns3:TrackPointExtension>
            <ns3:hr>129</ns3:hr>
            <ns3:cad>80</ns3:cad>
          </ns3:TrackPointExtension>
        </extensions>
      </trkpt>
      <trkpt lat="31.28476652316749095916748046875" lon="121.3686545379459857940673828125">
        <ele>10.6000003814697265625</ele>
        <time>2026-05-30T01:08:24.000Z</time>
        <extensions>
          <ns3:TrackPointExtension>
            <ns3:hr>130</ns3:hr>
            <ns3:cad>81</ns3:cad>
          </ns3:TrackPointExtension>
        </extensions>
      </trkpt>
      <trkpt lat="31.2847513519227504730224609375" lon="121.3686723075807094573974609375">
        <ele>10.80000019073486328125</ele>
        <time>2026-05-30T01:08:25.000Z</time>
        <extensions>
          <ns3:TrackPointExtension>
            <ns3:hr>130</ns3:hr>
            <ns3:cad>81</ns3:cad>
          </ns3:TrackPointExtension>
        </extensions>
      </trkpt>
      <trkpt lat="31.2847469933331012725830078125" lon="121.368691921234130859375">
        <ele>10.80000019073486328125</ele>
        <time>2026-05-30T01:08:26.000Z</time>
        <extensions>
          <ns3:TrackPointExtension>
            <ns3:hr>130</ns3:hr>
            <ns3:cad>81</ns3:cad>
          </ns3:TrackPointExtension>
        </extensions>
      </trkpt>
      <trkpt lat="31.28472737967967987060546875" lon="121.3687138818204402923583984375">
        <ele>10.80000019073486328125</ele>
        <time>2026-05-30T01:08:27.000Z</time>
        <extensions>
          <ns3:TrackPointExtension>
            <ns3:hr>130</ns3:hr>
            <ns3:cad>81</ns3:cad>
          </ns3:TrackPointExtension>
        </extensions>
      </trkpt>
      <trkpt lat="31.28471304662525653839111328125" lon="121.36873072944581508636474609375">
        <ele>10.80000019073486328125</ele>
        <time>2026-05-30T01:08:28.000Z</time>
        <extensions>
          <ns3:TrackPointExtension>
            <ns3:hr>131</ns3:hr>
            <ns3:cad>81</ns3:cad>
          </ns3:TrackPointExtension>
        </extensions>
      </trkpt>
      <trkpt lat="31.28469745628535747528076171875" lon="121.36875160038471221923828125">
        <ele>11</ele>
        <time>2026-05-30T01:08:29.000Z</time>
        <extensions>
          <ns3:TrackPointExtension>
            <ns3:hr>131</ns3:hr>
            <ns3:cad>81</ns3:cad>
          </ns3:TrackPointExtension>
        </extensions>
      </trkpt>
      <trkpt lat="31.28468370996415615081787109375" lon="121.36877314187586307525634765625">
        <ele>11</ele>
        <time>2026-05-30T01:08:30.000Z</time>
        <extensions>
          <ns3:TrackPointExtension>
            <ns3:hr>132</ns3:hr>
            <ns3:cad>81</ns3:cad>
          </ns3:TrackPointExtension>
        </extensions>
      </trkpt>
      <trkpt lat="31.2846722267568111419677734375" lon="121.36879384517669677734375">
        <ele>11.19999980926513671875</ele>
        <time>2026-05-30T01:08:31.000Z</time>
        <extensions>
          <ns3:TrackPointExtension>
            <ns3:hr>132</ns3:hr>
            <ns3:cad>81</ns3:cad>
          </ns3:TrackPointExtension>
        </extensions>
      </trkpt>
      <trkpt lat="31.2846614979207515716552734375" lon="121.36881739832460880279541015625">
        <ele>11.19999980926513671875</ele>
        <time>2026-05-30T01:08:32.000Z</time>
        <extensions>
          <ns3:TrackPointExtension>
            <ns3:hr>133</ns3:hr>
            <ns3:cad>81</ns3:cad>
          </ns3:TrackPointExtension>
        </extensions>
      </trkpt>
      <trkpt lat="31.2846494279801845550537109375" lon="121.36883743107318878173828125">
        <ele>11.3999996185302734375</ele>
        <time>2026-05-30T01:08:33.000Z</time>
        <extensions>
          <ns3:TrackPointExtension>
            <ns3:hr>133</ns3:hr>
            <ns3:cad>81</ns3:cad>
          </ns3:TrackPointExtension>
        </extensions>
      </trkpt>
      <trkpt lat="31.28464020788669586181640625" lon="121.36885880492627620697021484375">
        <ele>11.6000003814697265625</ele>
        <time>2026-05-30T01:08:34.000Z</time>
        <extensions>
          <ns3:TrackPointExtension>
            <ns3:hr>133</ns3:hr>
            <ns3:cad>81</ns3:cad>
          </ns3:TrackPointExtension>
        </extensions>
      </trkpt>
      <trkpt lat="31.28463073633611202239990234375" lon="121.36888210661709308624267578125">
        <ele>11.80000019073486328125</ele>
        <time>2026-05-30T01:08:35.000Z</time>
        <extensions>
          <ns3:TrackPointExtension>
            <ns3:hr>133</ns3:hr>
            <ns3:cad>81</ns3:cad>
          </ns3:TrackPointExtension>
        </extensions>
      </trkpt>
      <trkpt lat="31.2846179120242595672607421875" lon="121.3689036481082439422607421875">
        <ele>12</ele>
        <time>2026-05-30T01:08:36.000Z</time>
        <extensions>
          <ns3:TrackPointExtension>
            <ns3:hr>133</ns3:hr>
            <ns3:cad>81</ns3:cad>
          </ns3:TrackPointExtension>
        </extensions>
      </trkpt>
      <trkpt lat="31.28460668027400970458984375" lon="121.36892602778971195220947265625">
        <ele>12.19999980926513671875</ele>
        <time>2026-05-30T01:08:37.000Z</time>
        <extensions>
          <ns3:TrackPointExtension>
            <ns3:hr>133</ns3:hr>
            <ns3:cad>81</ns3:cad>
          </ns3:TrackPointExtension>
        </extensions>
      </trkpt>
      <trkpt lat="31.28459452651441097259521484375" lon="121.36894681490957736968994140625">
        <ele>12.19999980926513671875</ele>
        <time>2026-05-30T01:08:38.000Z</time>
        <extensions>
          <ns3:TrackPointExtension>
            <ns3:hr>134</ns3:hr>
            <ns3:cad>81</ns3:cad>
          </ns3:TrackPointExtension>
        </extensions>
      </trkpt>
      <trkpt lat="31.28458363004028797149658203125" lon="121.36896894313395023345947265625">
        <ele>12.3999996185302734375</ele>
        <time>2026-05-30T01:08:39.000Z</time>
        <extensions>
          <ns3:TrackPointExtension>
            <ns3:hr>134</ns3:hr>
            <ns3:cad>81</ns3:cad>
          </ns3:TrackPointExtension>
        </extensions>
      </trkpt>
      <trkpt lat="31.284569464623928070068359375" lon="121.3689928315579891204833984375">
        <ele>12.3999996185302734375</ele>
        <time>2026-05-30T01:08:40.000Z</time>
        <extensions>
          <ns3:TrackPointExtension>
            <ns3:hr>135</ns3:hr>
            <ns3:cad>81</ns3:cad>
          </ns3:TrackPointExtension>
        </extensions>
      </trkpt>
      <trkpt lat="31.2845572270452976226806640625" lon="121.369014792144298553466796875">
        <ele>12.6000003814697265625</ele>
        <time>2026-05-30T01:08:41.000Z</time>
        <extensions>
          <ns3:TrackPointExtension>
            <ns3:hr>135</ns3:hr>
            <ns3:cad>80</ns3:cad>
          </ns3:TrackPointExtension>
        </extensions>
      </trkpt>
      <trkpt lat="31.2845475040376186370849609375" lon="121.36903599835932254791259765625">
        <ele>12.80000019073486328125</ele>
        <time>2026-05-30T01:08:42.000Z</time>
        <extensions>
          <ns3:TrackPointExtension>
            <ns3:hr>136</ns3:hr>
            <ns3:cad>80</ns3:cad>
          </ns3:TrackPointExtension>
        </extensions>
      </trkpt>
      <trkpt lat="31.284537278115749359130859375" lon="121.36905762366950511932373046875">
        <ele>13</ele>
        <time>2026-05-30T01:08:43.000Z</time>
        <extensions>
          <ns3:TrackPointExtension>
            <ns3:hr>136</ns3:hr>
            <ns3:cad>80</ns3:cad>
          </ns3:TrackPointExtension>
        </extensions>
      </trkpt>
      <trkpt lat="31.28452328033745288848876953125" lon="121.36907757259905338287353515625">
        <ele>13</ele>
        <time>2026-05-30T01:08:44.000Z</time>
        <extensions>
          <ns3:TrackPointExtension>
            <ns3:hr>137</ns3:hr>
            <ns3:cad>81</ns3:cad>
          </ns3:TrackPointExtension>
        </extensions>
      </trkpt>
      <trkpt lat="31.28451271913945674896240234375" lon="121.36909768916666507720947265625">
        <ele>13.19999980926513671875</ele>
        <time>2026-05-30T01:08:45.000Z</time>
        <extensions>
          <ns3:TrackPointExtension>
            <ns3:hr>138</ns3:hr>
            <ns3:cad>81</ns3:cad>
          </ns3:TrackPointExtension>
        </extensions>
      </trkpt>
      <trkpt lat="31.2845039181411266326904296875" lon="121.36912082321941852569580078125">
        <ele>13.19999980926513671875</ele>
        <time>2026-05-30T01:08:46.000Z</time>
        <extensions>
          <ns3:TrackPointExtension>
            <ns3:hr>138</ns3:hr>
            <ns3:cad>81</ns3:cad>
          </ns3:TrackPointExtension>
        </extensions>
      </trkpt>
      <trkpt lat="31.28449344076216220855712890625" lon="121.3691406883299350738525390625">
        <ele>13.19999980926513671875</ele>
        <time>2026-05-30T01:08:47.000Z</time>
        <extensions>
          <ns3:TrackPointExtension>
            <ns3:hr>138</ns3:hr>
            <ns3:cad>78</ns3:cad>
          </ns3:TrackPointExtension>
        </extensions>
      </trkpt>
      <trkpt lat="31.2844831310212612152099609375" lon="121.3691651634871959686279296875">
        <ele>13.19999980926513671875</ele>
        <time>2026-05-30T01:08:48.000Z</time>
        <extensions>
          <ns3:TrackPointExtension>
            <ns3:hr>138</ns3:hr>
            <ns3:cad>78</ns3:cad>
          </ns3:TrackPointExtension>
        </extensions>
      </trkpt>
      <trkpt lat="31.284472234547138214111328125" lon="121.3691886328160762786865234375">
        <ele>13.19999980926513671875</ele>
        <time>2026-05-30T01:08:49.000Z</time>
        <extensions>
          <ns3:TrackPointExtension>
            <ns3:hr>139</ns3:hr>
            <ns3:cad>78</ns3:cad>
          </ns3:TrackPointExtension>
        </extensions>
      </trkpt>
      <trkpt lat="31.28446175716817378997802734375" lon="121.36921168304979801177978515625">
        <ele>13.19999980926513671875</ele>
        <time>2026-05-30T01:08:50.000Z</time>
        <extensions>
          <ns3:TrackPointExtension>
            <ns3:hr>139</ns3:hr>
            <ns3:cad>79</ns3:cad>
          </ns3:TrackPointExtension>
        </extensions>
      </trkpt>
      <trkpt lat="31.28445111215114593505859375" lon="121.3692338950932025909423828125">
        <ele>13</ele>
        <time>2026-05-30T01:08:51.000Z</time>
        <extensions>
          <ns3:TrackPointExtension>
            <ns3:hr>139</ns3:hr>
            <ns3:cad>79</ns3:cad>
          </ns3:TrackPointExtension>
        </extensions>
      </trkpt>
      <trkpt lat="31.284440718591213226318359375" lon="121.36925778351724147796630859375">
        <ele>13</ele>
        <time>2026-05-30T01:08:52.000Z</time>
        <extensions>
          <ns3:TrackPointExtension>
            <ns3:hr>139</ns3:hr>
            <ns3:cad>79</ns3:cad>
          </ns3:TrackPointExtension>
        </extensions>
      </trkpt>
      <trkpt lat="31.2844325043261051177978515625" lon="121.36928309686481952667236328125">
        <ele>12.80000019073486328125</ele>
        <time>2026-05-30T01:08:53.000Z</time>
        <extensions>
          <ns3:TrackPointExtension>
            <ns3:hr>138</ns3:hr>
            <ns3:cad>80</ns3:cad>
          </ns3:TrackPointExtension>
        </extensions>
      </trkpt>
      <trkpt lat="31.28442521207034587860107421875" lon="121.369307823479175567626953125">
        <ele>12.6000003814697265625</ele>
        <time>2026-05-30T01:08:54.000Z</time>
        <extensions>
          <ns3:TrackPointExtension>
            <ns3:hr>139</ns3:hr>
            <ns3:cad>80</ns3:cad>
          </ns3:TrackPointExtension>
        </extensions>
      </trkpt>
      <trkpt lat="31.284419260919094085693359375" lon="121.369330622255802154541015625">
        <ele>12.3999996185302734375</ele>
        <time>2026-05-30T01:08:55.000Z</time>
        <extensions>
          <ns3:TrackPointExtension>
            <ns3:hr>139</ns3:hr>
            <ns3:cad>80</ns3:cad>
          </ns3:TrackPointExtension>
        </extensions>
      </trkpt>
      <trkpt lat="31.28441163338720798492431640625" lon="121.36935216374695301055908203125">
        <ele>12</ele>
        <time>2026-05-30T01:08:56.000Z</time>
        <extensions>
          <ns3:TrackPointExtension>
            <ns3:hr>138</ns3:hr>
            <ns3:cad>80</ns3:cad>
          </ns3:TrackPointExtension>
        </extensions>
      </trkpt>
      <trkpt lat="31.2843983061611652374267578125" lon="121.369374878704547882080078125">
        <ele>11.80000019073486328125</ele>
        <time>2026-05-30T01:08:57.000Z</time>
        <extensions>
          <ns3:TrackPointExtension>
            <ns3:hr>138</ns3:hr>
            <ns3:cad>79</ns3:cad>
          </ns3:TrackPointExtension>
        </extensions>
      </trkpt>
      <trkpt lat="31.28438942134380340576171875" lon="121.36940061114728450775146484375">
        <ele>11.3999996185302734375</ele>
        <time>2026-05-30T01:08:58.000Z</time>
        <extensions>
          <ns3:TrackPointExtension>
            <ns3:hr>138</ns3:hr>
            <ns3:cad>77</ns3:cad>
          </ns3:TrackPointExtension>
        </extensions>
      </trkpt>
      <trkpt lat="31.28438246436417102813720703125" lon="121.3694283552467823028564453125">
        <ele>11</ele>
        <time>2026-05-30T01:08:59.000Z</time>
        <extensions>
          <ns3:TrackPointExtension>
            <ns3:hr>138</ns3:hr>
            <ns3:cad>76</ns3:cad>
          </ns3:TrackPointExtension>
        </extensions>
      </trkpt>
      <trkpt lat="31.284368298947811126708984375" lon="121.3694548420608043670654296875">
        <ele>10.6000003814697265625</ele>
        <time>2026-05-30T01:09:00.000Z</time>
        <extensions>
          <ns3:TrackPointExtension>
            <ns3:hr>138</ns3:hr>
            <ns3:cad>77</ns3:cad>
          </ns3:TrackPointExtension>
        </extensions>
      </trkpt>
      <trkpt lat="31.28435790538787841796875" lon="121.36948174796998500823974609375">
        <ele>10.3999996185302734375</ele>
        <time>2026-05-30T01:09:01.000Z</time>
        <extensions>
          <ns3:TrackPointExtension>
            <ns3:hr>139</ns3:hr>
            <ns3:cad>77</ns3:cad>
          </ns3:TrackPointExtension>
        </extensions>
      </trkpt>
      <trkpt lat="31.28435279242694377899169921875" lon="121.369512341916561126708984375">
        <ele>10</ele>
        <time>2026-05-30T01:09:02.000Z</time>
        <extensions>
          <ns3:TrackPointExtension>
            <ns3:hr>139</ns3:hr>
            <ns3:cad>78</ns3:cad>
          </ns3:TrackPointExtension>
        </extensions>
      </trkpt>
      <trkpt lat="31.284343488514423370361328125" lon="121.36954075656831264495849609375">
        <ele>9.6000003814697265625</ele>
        <time>2026-05-30T01:09:03.000Z</time>
        <extensions>
          <ns3:TrackPointExtension>
            <ns3:hr>139</ns3:hr>
            <ns3:cad>78</ns3:cad>
          </ns3:TrackPointExtension>
        </extensions>
      </trkpt>
      <trkpt lat="31.28433787263929843902587890625" lon="121.36957193724811077117919921875">
        <ele>9.3999996185302734375</ele>
        <time>2026-05-30T01:09:04.000Z</time>
        <extensions>
          <ns3:TrackPointExtension>
            <ns3:hr>140</ns3:hr>
            <ns3:cad>78</ns3:cad>
          </ns3:TrackPointExtension>
        </extensions>
      </trkpt>
      <trkpt lat="31.284337453544139862060546875" lon="121.3696006871759891510009765625">
        <ele>9.19999980926513671875</ele>
        <time>2026-05-30T01:09:05.000Z</time>
        <extensions>
          <ns3:TrackPointExtension>
            <ns3:hr>140</ns3:hr>
            <ns3:cad>80</ns3:cad>
          </ns3:TrackPointExtension>
        </extensions>
      </trkpt>
      <trkpt lat="31.28433845937252044677734375" lon="121.3696281798183917999267578125">
        <ele>8.80000019073486328125</ele>
        <time>2026-05-30T01:09:06.000Z</time>
        <extensions>
          <ns3:TrackPointExtension>
            <ns3:hr>139</ns3:hr>
            <ns3:cad>80</ns3:cad>
          </ns3:TrackPointExtension>
        </extensions>
      </trkpt>
      <trkpt lat="31.284346170723438262939453125" lon="121.3696526549756526947021484375">
        <ele>8.3999996185302734375</ele>
        <time>2026-05-30T01:09:07.000Z</time>
        <extensions>
          <ns3:TrackPointExtension>
            <ns3:hr>139</ns3:hr>
            <ns3:cad>81</ns3:cad>
          </ns3:TrackPointExtension>
        </extensions>
      </trkpt>
      <trkpt lat="31.28435949794948101043701171875" lon="121.36967536993324756622314453125">
        <ele>8.19999980926513671875</ele>
        <time>2026-05-30T01:09:08.000Z</time>
        <extensions>
          <ns3:TrackPointExtension>
            <ns3:hr>139</ns3:hr>
            <ns3:cad>81</ns3:cad>
          </ns3:TrackPointExtension>
        </extensions>
      </trkpt>
      <trkpt lat="31.28437559120357036590576171875" lon="121.3696952350437641143798828125">
        <ele>7.80000019073486328125</ele>
        <time>2026-05-30T01:09:09.000Z</time>
        <extensions>
          <ns3:TrackPointExtension>
            <ns3:hr>138</ns3:hr>
            <ns3:cad>81</ns3:cad>
          </ns3:TrackPointExtension>
        </extensions>
      </trkpt>
      <trkpt lat="31.2843929417431354522705078125" lon="121.36971124447882175445556640625">
        <ele>7.599999904632568359375</ele>
        <time>2026-05-30T01:09:10.000Z</time>
        <extensions>
          <ns3:TrackPointExtension>
            <ns3:hr>138</ns3:hr>
            <ns3:cad>81</ns3:cad>
          </ns3:TrackPointExtension>
        </extensions>
      </trkpt>
      <trkpt lat="31.28441029228270053863525390625" lon="121.369730941951274871826171875">
        <ele>7.400000095367431640625</ele>
        <time>2026-05-30T01:09:11.000Z</time>
        <extensions>
          <ns3:TrackPointExtension>
            <ns3:hr>139</ns3:hr>
            <ns3:cad>81</ns3:cad>
          </ns3:TrackPointExtension>
        </extensions>
      </trkpt>
      <trkpt lat="31.28440727479755878448486328125" lon="121.3697626255452632904052734375">
        <ele>7</ele>
        <time>2026-05-30T01:09:12.000Z</time>
        <extensions>
          <ns3:TrackPointExtension>
            <ns3:hr>139</ns3:hr>
            <ns3:cad>80</ns3:cad>
          </ns3:TrackPointExtension>
        </extensions>
      </trkpt>
      <trkpt lat="31.28439168445765972137451171875" lon="121.36978584341704845428466796875">
        <ele>6.80000019073486328125</ele>
        <time>2026-05-30T01:09:13.000Z</time>
        <extensions>
          <ns3:TrackPointExtension>
            <ns3:hr>138</ns3:hr>
            <ns3:cad>80</ns3:cad>
          </ns3:TrackPointExtension>
        </extensions>
      </trkpt>
      <trkpt lat="31.2843708135187625885009765625" lon="121.36979506351053714752197265625">
        <ele>6.599999904632568359375</ele>
        <time>2026-05-30T01:09:14.000Z</time>
        <extensions>
          <ns3:TrackPointExtension>
            <ns3:hr>138</ns3:hr>
            <ns3:cad>79</ns3:cad>
          </ns3:TrackPointExtension>
        </extensions>
      </trkpt>
      <trkpt lat="31.284349858760833740234375" lon="121.36979389004409313201904296875">
        <ele>6.599999904632568359375</ele>
        <time>2026-05-30T01:09:15.000Z</time>
        <extensions>
          <ns3:TrackPointExtension>
            <ns3:hr>138</ns3:hr>
            <ns3:cad>78</ns3:cad>
          </ns3:TrackPointExtension>
        </extensions>
      </trkpt>
      <trkpt lat="31.2843275628983974456787109375" lon="121.36979623697698116302490234375">
        <ele>6.400000095367431640625</ele>
        <time>2026-05-30T01:09:16.000Z</time>
        <extensions>
          <ns3:TrackPointExtension>
            <ns3:hr>139</ns3:hr>
            <ns3:cad>78</ns3:cad>
          </ns3:TrackPointExtension>
        </extensions>
      </trkpt>
      <trkpt lat="31.28430518321692943572998046875" lon="121.3697998411953449249267578125">
        <ele>6.400000095367431640625</ele>
        <time>2026-05-30T01:09:17.000Z</time>
        <extensions>
          <ns3:TrackPointExtension>
            <ns3:hr>138</ns3:hr>
            <ns3:cad>78</ns3:cad>
          </ns3:TrackPointExtension>
        </extensions>
      </trkpt>
      <trkpt lat="31.284282468259334564208984375" lon="121.36980193667113780975341796875">
        <ele>6.599999904632568359375</ele>
        <time>2026-05-30T01:09:18.000Z</time>
        <extensions>
          <ns3:TrackPointExtension>
            <ns3:hr>138</ns3:hr>
            <ns3:cad>79</ns3:cad>
          </ns3:TrackPointExtension>
        </extensions>
      </trkpt>
      <trkpt lat="31.28426067531108856201171875" lon="121.36980612762272357940673828125">
        <ele>6.400000095367431640625</ele>
        <time>2026-05-30T01:09:19.000Z</time>
        <extensions>
          <ns3:TrackPointExtension>
            <ns3:hr>138</ns3:hr>
            <ns3:cad>79</ns3:cad>
          </ns3:TrackPointExtension>
        </extensions>
      </trkpt>
      <trkpt lat="31.284237541258335113525390625" lon="121.36980864219367504119873046875">
        <ele>6.400000095367431640625</ele>
        <time>2026-05-30T01:09:20.000Z</time>
        <extensions>
          <ns3:TrackPointExtension>
            <ns3:hr>138</ns3:hr>
            <ns3:cad>79</ns3:cad>
          </ns3:TrackPointExtension>
        </extensions>
      </trkpt>
      <trkpt lat="31.28421449102461338043212890625" lon="121.36980973184108734130859375">
        <ele>6.599999904632568359375</ele>
        <time>2026-05-30T01:09:21.000Z</time>
        <extensions>
          <ns3:TrackPointExtension>
            <ns3:hr>138</ns3:hr>
            <ns3:cad>79</ns3:cad>
          </ns3:TrackPointExtension>
        </extensions>
      </trkpt>
      <trkpt lat="31.2841947935521602630615234375" lon="121.369807720184326171875">
        <ele>6.599999904632568359375</ele>
        <time>2026-05-30T01:09:22.000Z</time>
        <extensions>
          <ns3:TrackPointExtension>
            <ns3:hr>137</ns3:hr>
            <ns3:cad>80</ns3:cad>
          </ns3:TrackPointExtension>
        </extensions>
      </trkpt>
      <trkpt lat="31.2841743417084217071533203125" lon="121.3698028586804866790771484375">
        <ele>6.599999904632568359375</ele>
        <time>2026-05-30T01:09:23.000Z</time>
        <extensions>
          <ns3:TrackPointExtension>
            <ns3:hr>138</ns3:hr>
            <ns3:cad>80</ns3:cad>
          </ns3:TrackPointExtension>
        </extensions>
      </trkpt>
      <trkpt lat="31.28415280021727085113525390625" lon="121.36979606933891773223876953125">
        <ele>6.599999904632568359375</ele>
        <time>2026-05-30T01:09:24.000Z</time>
        <extensions>
          <ns3:TrackPointExtension>
            <ns3:hr>137</ns3:hr>
            <ns3:cad>80</ns3:cad>
          </ns3:TrackPointExtension>
        </extensions>
      </trkpt>
      <trkpt lat="31.28413151018321514129638671875" lon="121.36978869326412677764892578125">
        <ele>6.599999904632568359375</ele>
        <time>2026-05-30T01:09:25.000Z</time>
        <extensions>
          <ns3:TrackPointExtension>
            <ns3:hr>137</ns3:hr>
            <ns3:cad>80</ns3:cad>
          </ns3:TrackPointExtension>
        </extensions>
      </trkpt>
      <trkpt lat="31.28411055542528629302978515625" lon="121.36977829970419406890869140625">
        <ele>6.599999904632568359375</ele>
        <time>2026-05-30T01:09:26.000Z</time>
        <extensions>
          <ns3:TrackPointExtension>
            <ns3:hr>136</ns3:hr>
            <ns3:cad>80</ns3:cad>
          </ns3:TrackPointExtension>
        </extensions>
      </trkpt>
      <trkpt lat="31.28408809192478656768798828125" lon="121.36976924724876880645751953125">
        <ele>6.599999904632568359375</ele>
        <time>2026-05-30T01:09:27.000Z</time>
        <extensions>
          <ns3:TrackPointExtension>
            <ns3:hr>136</ns3:hr>
            <ns3:cad>80</ns3:cad>
          </ns3:TrackPointExtension>
        </extensions>
      </trkpt>
      <trkpt lat="31.284065879881381988525390625" lon="121.36976120062172412872314453125">
        <ele>6.80000019073486328125</ele>
        <time>2026-05-30T01:09:28.000Z</time>
        <extensions>
          <ns3:TrackPointExtension>
            <ns3:hr>136</ns3:hr>
            <ns3:cad>80</ns3:cad>
          </ns3:TrackPointExtension>
        </extensions>
      </trkpt>
      <trkpt lat="31.28404316492378711700439453125" lon="121.369752399623394012451171875">
        <ele>6.80000019073486328125</ele>
        <time>2026-05-30T01:09:29.000Z</time>
        <extensions>
          <ns3:TrackPointExtension>
            <ns3:hr>135</ns3:hr>
            <ns3:cad>80</ns3:cad>
          </ns3:TrackPointExtension>
        </extensions>
      </trkpt>
      <trkpt lat="31.28402422182261943817138671875" lon="121.3697425089776515960693359375">
        <ele>6.80000019073486328125</ele>
        <time>2026-05-30T01:09:30.000Z</time>
        <extensions>
          <ns3:TrackPointExtension>
            <ns3:hr>135</ns3:hr>
            <ns3:cad>80</ns3:cad>
          </ns3:TrackPointExtension>
        </extensions>
      </trkpt>
      <trkpt lat="31.2840025126934051513671875" lon="121.36973152868449687957763671875">
        <ele>6.80000019073486328125</ele>
        <time>2026-05-30T01:09:31.000Z</time>
        <extensions>
          <ns3:TrackPointExtension>
            <ns3:hr>135</ns3:hr>
            <ns3:cad>81</ns3:cad>
          </ns3:TrackPointExtension>
        </extensions>
      </trkpt>
      <trkpt lat="31.283981390297412872314453125" lon="121.36971845291554927825927734375">
        <ele>6.80000019073486328125</ele>
        <time>2026-05-30T01:09:32.000Z</time>
        <extensions>
          <ns3:TrackPointExtension>
            <ns3:hr>134</ns3:hr>
            <ns3:cad>81</ns3:cad>
          </ns3:TrackPointExtension>
        </extensions>
      </trkpt>
      <trkpt lat="31.2839654646813869476318359375" lon="121.3697042874991893768310546875">
        <ele>6.80000019073486328125</ele>
        <time>2026-05-30T01:09:33.000Z</time>
        <extensions>
          <ns3:TrackPointExtension>
            <ns3:hr>134</ns3:hr>
            <ns3:cad>81</ns3:cad>
          </ns3:TrackPointExtension>
        </extensions>
      </trkpt>
      <trkpt lat="31.2839513830840587615966796875" lon="121.3696915470063686370849609375">
        <ele>6.80000019073486328125</ele>
        <time>2026-05-30T01:09:34.000Z</time>
        <extensions>
          <ns3:TrackPointExtension>
            <ns3:hr>134</ns3:hr>
            <ns3:cad>81</ns3:cad>
          </ns3:TrackPointExtension>
        </extensions>
      </trkpt>
      <trkpt lat="31.28393487073481082916259765625" lon="121.36967536993324756622314453125">
        <ele>6.80000019073486328125</ele>
        <time>2026-05-30T01:09:35.000Z</time>
        <extensions>
          <ns3:TrackPointExtension>
            <ns3:hr>134</ns3:hr>
            <ns3:cad>80</ns3:cad>
          </ns3:TrackPointExtension>
        </extensions>
      </trkpt>
      <trkpt lat="31.2839168496429920196533203125" lon="121.3696613721549510955810546875">
        <ele>6.599999904632568359375</ele>
        <time>2026-05-30T01:09:36.000Z</time>
        <extensions>
          <ns3:TrackPointExtension>
            <ns3:hr>134</ns3:hr>
            <ns3:cad>80</ns3:cad>
          </ns3:TrackPointExtension>
        </extensions>
      </trkpt>
      <trkpt lat="31.2838984094560146331787109375" lon="121.369649805128574371337890625">
        <ele>6.599999904632568359375</ele>
        <time>2026-05-30T01:09:37.000Z</time>
        <extensions>
          <ns3:TrackPointExtension>
            <ns3:hr>134</ns3:hr>
            <ns3:cad>80</ns3:cad>
          </ns3:TrackPointExtension>
        </extensions>
      </trkpt>
      <trkpt lat="31.283882819116115570068359375" lon="121.3696347177028656005859375">
        <ele>6.599999904632568359375</ele>
        <time>2026-05-30T01:09:38.000Z</time>
        <extensions>
          <ns3:TrackPointExtension>
            <ns3:hr>134</ns3:hr>
            <ns3:cad>81</ns3:cad>
          </ns3:TrackPointExtension>
        </extensions>
      </trkpt>
      <trkpt lat="31.283868737518787384033203125" lon="121.36961736716330051422119140625">
        <ele>6.599999904632568359375</ele>
        <time>2026-05-30T01:09:39.000Z</time>
        <extensions>
          <ns3:TrackPointExtension>
            <ns3:hr>134</ns3:hr>
            <ns3:cad>81</ns3:cad>
          </ns3:TrackPointExtension>
        </extensions>
      </trkpt>
      <trkpt lat="31.28385071642696857452392578125" lon="121.369600184261798858642578125">
        <ele>6.599999904632568359375</ele>
        <time>2026-05-30T01:09:40.000Z</time>
        <extensions>
          <ns3:TrackPointExtension>
            <ns3:hr>134</ns3:hr>
            <ns3:cad>81</ns3:cad>
          </ns3:TrackPointExtension>
        </extensions>
      </trkpt>
      <trkpt lat="31.2838333658874034881591796875" lon="121.3695809058845043182373046875">
        <ele>6.599999904632568359375</ele>
        <time>2026-05-30T01:09:41.000Z</time>
        <extensions>
          <ns3:TrackPointExtension>
            <ns3:hr>134</ns3:hr>
            <ns3:cad>81</ns3:cad>
          </ns3:TrackPointExtension>
        </extensions>
      </trkpt>
      <trkpt lat="31.283819116652011871337890625" lon="121.3695638068020343780517578125">
        <ele>6.599999904632568359375</ele>
        <time>2026-05-30T01:09:42.000Z</time>
        <extensions>
          <ns3:TrackPointExtension>
            <ns3:hr>134</ns3:hr>
            <ns3:cad>80</ns3:cad>
          </ns3:TrackPointExtension>
        </extensions>
      </trkpt>
      <trkpt lat="31.283803023397922515869140625" lon="121.36954109184443950653076171875">
        <ele>6.599999904632568359375</ele>
        <time>2026-05-30T01:09:43.000Z</time>
        <extensions>
          <ns3:TrackPointExtension>
            <ns3:hr>134</ns3:hr>
            <ns3:cad>79</ns3:cad>
          </ns3:TrackPointExtension>
        </extensions>
      </trkpt>
      <trkpt lat="31.28378860652446746826171875" lon="121.36951871216297149658203125">
        <ele>6.400000095367431640625</ele>
        <time>2026-05-30T01:09:44.000Z</time>
        <extensions>
          <ns3:TrackPointExtension>
            <ns3:hr>133</ns3:hr>
            <ns3:cad>78</ns3:cad>
          </ns3:TrackPointExtension>
        </extensions>
      </trkpt>
      <trkpt lat="31.2837760336697101593017578125" lon="121.36949515901505947113037109375">
        <ele>6.400000095367431640625</ele>
        <time>2026-05-30T01:09:45.000Z</time>
        <extensions>
          <ns3:TrackPointExtension>
            <ns3:hr>134</ns3:hr>
            <ns3:cad>78</ns3:cad>
          </ns3:TrackPointExtension>
        </extensions>
      </trkpt>
      <trkpt lat="31.28376622684299945831298828125" lon="121.36946800164878368377685546875">
        <ele>6.19999980926513671875</ele>
        <time>2026-05-30T01:09:46.000Z</time>
        <extensions>
          <ns3:TrackPointExtension>
            <ns3:hr>134</ns3:hr>
            <ns3:cad>78</ns3:cad>
          </ns3:TrackPointExtension>
        </extensions>
      </trkpt>
      <trkpt lat="31.28375834785401821136474609375" lon="121.36944402940571308135986328125">
        <ele>6.19999980926513671875</ele>
        <time>2026-05-30T01:09:47.000Z</time>
        <extensions>
          <ns3:TrackPointExtension>
            <ns3:hr>134</ns3:hr>
            <ns3:cad>79</ns3:cad>
          </ns3:TrackPointExtension>
        </extensions>
      </trkpt>
      <trkpt lat="31.28374678082764148712158203125" lon="121.369423158466815948486328125">
        <ele>6</ele>
        <time>2026-05-30T01:09:48.000Z</time>
        <extensions>
          <ns3:TrackPointExtension>
            <ns3:hr>134</ns3:hr>
            <ns3:cad>79</ns3:cad>
          </ns3:TrackPointExtension>
        </extensions>
      </trkpt>
      <trkpt lat="31.2837354652583599090576171875" lon="121.3693998567759990692138671875">
        <ele>5.80000019073486328125</ele>
        <time>2026-05-30T01:09:49.000Z</time>
        <extensions>
          <ns3:TrackPointExtension>
            <ns3:hr>134</ns3:hr>
            <ns3:cad>80</ns3:cad>
          </ns3:TrackPointExtension>
        </extensions>
      </trkpt>
      <trkpt lat="31.28372691571712493896484375" lon="121.369375884532928466796875">
        <ele>5.80000019073486328125</ele>
        <time>2026-05-30T01:09:50.000Z</time>
        <extensions>
          <ns3:TrackPointExtension>
            <ns3:hr>133</ns3:hr>
            <ns3:cad>80</ns3:cad>
          </ns3:TrackPointExtension>
        </extensions>
      </trkpt>
      <trkpt lat="31.28371643833816051483154296875" lon="121.36935132555663585662841796875">
        <ele>5.599999904632568359375</ele>
        <time>2026-05-30T01:09:51.000Z</time>
        <extensions>
          <ns3:TrackPointExtension>
            <ns3:hr>133</ns3:hr>
            <ns3:cad>80</ns3:cad>
          </ns3:TrackPointExtension>
        </extensions>
      </trkpt>
      <trkpt lat="31.28370545804500579833984375" lon="121.36932416819036006927490234375">
        <ele>5.599999904632568359375</ele>
        <time>2026-05-30T01:09:52.000Z</time>
        <extensions>
          <ns3:TrackPointExtension>
            <ns3:hr>132</ns3:hr>
            <ns3:cad>80</ns3:cad>
          </ns3:TrackPointExtension>
        </extensions>
      </trkpt>
      <trkpt lat="31.283696405589580535888671875" lon="121.3692975975573062896728515625">
        <ele>5.599999904632568359375</ele>
        <time>2026-05-30T01:09:53.000Z</time>
        <extensions>
          <ns3:TrackPointExtension>
            <ns3:hr>132</ns3:hr>
            <ns3:cad>81</ns3:cad>
          </ns3:TrackPointExtension>
        </extensions>
      </trkpt>
      <trkpt lat="31.2836860120296478271484375" lon="121.3692778162658214569091796875">
        <ele>5.400000095367431640625</ele>
        <time>2026-05-30T01:09:54.000Z</time>
        <extensions>
          <ns3:TrackPointExtension>
            <ns3:hr>132</ns3:hr>
            <ns3:cad>81</ns3:cad>
          </ns3:TrackPointExtension>
        </extensions>
      </trkpt>
      <trkpt lat="31.28367519937455654144287109375" lon="121.36925158090889453887939453125">
        <ele>5.400000095367431640625</ele>
        <time>2026-05-30T01:09:55.000Z</time>
        <extensions>
          <ns3:TrackPointExtension>
            <ns3:hr>132</ns3:hr>
            <ns3:cad>81</ns3:cad>
          </ns3:TrackPointExtension>
        </extensions>
      </trkpt>
      <trkpt lat="31.28366916440427303314208984375" lon="121.369228363037109375">
        <ele>5.400000095367431640625</ele>
        <time>2026-05-30T01:09:56.000Z</time>
        <extensions>
          <ns3:TrackPointExtension>
            <ns3:hr>132</ns3:hr>
            <ns3:cad>81</ns3:cad>
          </ns3:TrackPointExtension>
        </extensions>
      </trkpt>
      <trkpt lat="31.28365910612046718597412109375" lon="121.3692053966224193572998046875">
        <ele>5.400000095367431640625</ele>
        <time>2026-05-30T01:09:57.000Z</time>
        <extensions>
          <ns3:TrackPointExtension>
            <ns3:hr>132</ns3:hr>
            <ns3:cad>81</ns3:cad>
          </ns3:TrackPointExtension>
        </extensions>
      </trkpt>
      <trkpt lat="31.28365047276020050048828125" lon="121.3691841065883636474609375">
        <ele>5.599999904632568359375</ele>
        <time>2026-05-30T01:09:58.000Z</time>
        <extensions>
          <ns3:TrackPointExtension>
            <ns3:hr>132</ns3:hr>
            <ns3:cad>81</ns3:cad>
          </ns3:TrackPointExtension>
        </extensions>
      </trkpt>
      <trkpt lat="31.28364234231412410736083984375" lon="121.3691624812781810760498046875">
        <ele>5.599999904632568359375</ele>
        <time>2026-05-30T01:09:59.000Z</time>
        <extensions>
          <ns3:TrackPointExtension>
            <ns3:hr>132</ns3:hr>
            <ns3:cad>81</ns3:cad>
          </ns3:TrackPointExtension>
        </extensions>
      </trkpt>
      <trkpt lat="31.2836350500583648681640625" lon="121.36913792230188846588134765625">
        <ele>5.599999904632568359375</ele>
        <time>2026-05-30T01:10:00.000Z</time>
        <extensions>
          <ns3:TrackPointExtension>
            <ns3:hr>132</ns3:hr>
            <ns3:cad>80</ns3:cad>
          </ns3:TrackPointExtension>
        </extensions>
      </trkpt>
      <trkpt lat="31.283629350364208221435546875" lon="121.3691138662397861480712890625">
        <ele>5.599999904632568359375</ele>
        <time>2026-05-30T01:10:01.000Z</time>
        <extensions>
          <ns3:TrackPointExtension>
            <ns3:hr>132</ns3:hr>
            <ns3:cad>80</ns3:cad>
          </ns3:TrackPointExtension>
        </extensions>
      </trkpt>
      <trkpt lat="31.28362457267940044403076171875" lon="121.36908796615898609161376953125">
        <ele>5.599999904632568359375</ele>
        <time>2026-05-30T01:10:02.000Z</time>
        <extensions>
          <ns3:TrackPointExtension>
            <ns3:hr>132</ns3:hr>
            <ns3:cad>81</ns3:cad>
          </ns3:TrackPointExtension>
        </extensions>
      </trkpt>
      <trkpt lat="31.283615939319133758544921875" lon="121.3690629042685031890869140625">
        <ele>5.599999904632568359375</ele>
        <time>2026-05-30T01:10:03.000Z</time>
        <extensions>
          <ns3:TrackPointExtension>
            <ns3:hr>132</ns3:hr>
            <ns3:cad>81</ns3:cad>
          </ns3:TrackPointExtension>
        </extensions>
      </trkpt>
      <trkpt lat="31.28360143862664699554443359375" lon="121.3690459728240966796875">
        <ele>5.599999904632568359375</ele>
        <time>2026-05-30T01:10:04.000Z</time>
        <extensions>
          <ns3:TrackPointExtension>
            <ns3:hr>132</ns3:hr>
            <ns3:cad>81</ns3:cad>
          </ns3:TrackPointExtension>
        </extensions>
      </trkpt>
      <trkpt lat="31.283584423363208770751953125" lon="121.3690458051860332489013671875">
        <ele>5.599999904632568359375</ele>
        <time>2026-05-30T01:10:05.000Z</time>
        <extensions>
          <ns3:TrackPointExtension>
            <ns3:hr>131</ns3:hr>
            <ns3:cad>81</ns3:cad>
          </ns3:TrackPointExtension>
        </extensions>
      </trkpt>
      <trkpt lat="31.28358232788741588592529296875" lon="121.36906550265848636627197265625">
        <ele>5.599999904632568359375</ele>
        <time>2026-05-30T01:10:06.000Z</time>
        <extensions>
          <ns3:TrackPointExtension>
            <ns3:hr>131</ns3:hr>
            <ns3:cad>81</ns3:cad>
          </ns3:TrackPointExtension>
        </extensions>
      </trkpt>
      <trkpt lat="31.28357998095452785491943359375" lon="121.3690940849483013153076171875">
        <ele>5.599999904632568359375</ele>
        <time>2026-05-30T01:10:07.000Z</time>
        <extensions>
          <ns3:TrackPointExtension>
            <ns3:hr>131</ns3:hr>
            <ns3:cad>80</ns3:cad>
          </ns3:TrackPointExtension>
        </extensions>
      </trkpt>
      <trkpt lat="31.28358232788741588592529296875" lon="121.3691170513629913330078125">
        <ele>5.599999904632568359375</ele>
        <time>2026-05-30T01:10:08.000Z</time>
        <extensions>
          <ns3:TrackPointExtension>
            <ns3:hr>130</ns3:hr>
            <ns3:cad>80</ns3:cad>
          </ns3:TrackPointExtension>
        </extensions>
      </trkpt>
      <trkpt lat="31.28358869813382625579833984375" lon="121.3691420294344425201416015625">
        <ele>5.400000095367431640625</ele>
        <time>2026-05-30T01:10:09.000Z</time>
        <extensions>
          <ns3:TrackPointExtension>
            <ns3:hr>130</ns3:hr>
            <ns3:cad>79</ns3:cad>
          </ns3:TrackPointExtension>
        </extensions>
      </trkpt>
      <trkpt lat="31.2835889495909214019775390625" lon="121.36916910298168659210205078125">
        <ele>5.599999904632568359375</ele>
        <time>2026-05-30T01:10:10.000Z</time>
        <extensions>
          <ns3:TrackPointExtension>
            <ns3:hr>130</ns3:hr>
            <ns3:cad>78</ns3:cad>
          </ns3:TrackPointExtension>
        </extensions>
      </trkpt>
      <trkpt lat="31.2835835851728916168212890625" lon="121.36919273994863033294677734375">
        <ele>5.599999904632568359375</ele>
        <time>2026-05-30T01:10:11.000Z</time>
        <extensions>
          <ns3:TrackPointExtension>
            <ns3:hr>130</ns3:hr>
            <ns3:cad>77</ns3:cad>
          </ns3:TrackPointExtension>
        </extensions>
      </trkpt>
      <trkpt lat="31.2835825793445110321044921875" lon="121.36921855621039867401123046875">
        <ele>5.599999904632568359375</ele>
        <time>2026-05-30T01:10:12.000Z</time>
        <extensions>
          <ns3:TrackPointExtension>
            <ns3:hr>130</ns3:hr>
            <ns3:cad>77</ns3:cad>
          </ns3:TrackPointExtension>
        </extensions>
      </trkpt>
      <trkpt lat="31.283579058945178985595703125" lon="121.3692457973957061767578125">
        <ele>5.599999904632568359375</ele>
        <time>2026-05-30T01:10:13.000Z</time>
        <extensions>
          <ns3:TrackPointExtension>
            <ns3:hr>130</ns3:hr>
            <ns3:cad>78</ns3:cad>
          </ns3:TrackPointExtension>
        </extensions>
      </trkpt>
      <trkpt lat="31.28357495181262493133544921875" lon="121.36926901526749134063720703125">
        <ele>5.599999904632568359375</ele>
        <time>2026-05-30T01:10:14.000Z</time>
        <extensions>
          <ns3:TrackPointExtension>
            <ns3:hr>130</ns3:hr>
            <ns3:cad>80</ns3:cad>
          </ns3:TrackPointExtension>
        </extensions>
      </trkpt>
      <trkpt lat="31.28357511945068836212158203125" lon="121.3692925684154033660888671875">
        <ele>5.599999904632568359375</ele>
        <time>2026-05-30T01:10:15.000Z</time>
        <extensions>
          <ns3:TrackPointExtension>
            <ns3:hr>130</ns3:hr>
            <ns3:cad>79</ns3:cad>
          </ns3:TrackPointExtension>
        </extensions>
      </trkpt>
      <trkpt lat="31.283572353422641754150390625" lon="121.36931830085813999176025390625">
        <ele>5.599999904632568359375</ele>
        <time>2026-05-30T01:10:16.000Z</time>
        <extensions>
          <ns3:TrackPointExtension>
            <ns3:hr>129</ns3:hr>
            <ns3:cad>79</ns3:cad>
          </ns3:TrackPointExtension>
        </extensions>
      </trkpt>
      <trkpt lat="31.2835695035755634307861328125" lon="121.36934244073927402496337890625">
        <ele>5.599999904632568359375</ele>
        <time>2026-05-30T01:10:17.000Z</time>
        <extensions>
          <ns3:TrackPointExtension>
            <ns3:hr>129</ns3:hr>
            <ns3:cad>79</ns3:cad>
          </ns3:TrackPointExtension>
        </extensions>
      </trkpt>
      <trkpt lat="31.28356439061462879180908203125" lon="121.3693629764020442962646484375">
        <ele>5.599999904632568359375</ele>
        <time>2026-05-30T01:10:18.000Z</time>
        <extensions>
          <ns3:TrackPointExtension>
            <ns3:hr>129</ns3:hr>
            <ns3:cad>79</ns3:cad>
          </ns3:TrackPointExtension>
        </extensions>
      </trkpt>
      <trkpt lat="31.2835570983588695526123046875" lon="121.36938619427382946014404296875">
        <ele>5.80000019073486328125</ele>
        <time>2026-05-30T01:10:19.000Z</time>
        <extensions>
          <ns3:TrackPointExtension>
            <ns3:hr>129</ns3:hr>
            <ns3:cad>79</ns3:cad>
          </ns3:TrackPointExtension>
        </extensions>
      </trkpt>
      <trkpt lat="31.283547878265380859375" lon="121.3694120943546295166015625">
        <ele>5.80000019073486328125</ele>
        <time>2026-05-30T01:10:20.000Z</time>
        <extensions>
          <ns3:TrackPointExtension>
            <ns3:hr>129</ns3:hr>
            <ns3:cad>80</ns3:cad>
          </ns3:TrackPointExtension>
        </extensions>
      </trkpt>
      <trkpt lat="31.28354326821863651275634765625" lon="121.36943598277866840362548828125">
        <ele>5.80000019073486328125</ele>
        <time>2026-05-30T01:10:21.000Z</time>
        <extensions>
          <ns3:TrackPointExtension>
            <ns3:hr>129</ns3:hr>
            <ns3:cad>80</ns3:cad>
          </ns3:TrackPointExtension>
        </extensions>
      </trkpt>
      <trkpt lat="31.28353723324835300445556640625" lon="121.369464732706546783447265625">
        <ele>5.80000019073486328125</ele>
        <time>2026-05-30T01:10:22.000Z</time>
        <extensions>
          <ns3:TrackPointExtension>
            <ns3:hr>129</ns3:hr>
            <ns3:cad>80</ns3:cad>
          </ns3:TrackPointExtension>
        </extensions>
      </trkpt>
      <trkpt lat="31.28352968953549861907958984375" lon="121.3694871962070465087890625">
        <ele>5.80000019073486328125</ele>
        <time>2026-05-30T01:10:23.000Z</time>
        <extensions>
          <ns3:TrackPointExtension>
            <ns3:hr>129</ns3:hr>
            <ns3:cad>80</ns3:cad>
          </ns3:TrackPointExtension>
        </extensions>
      </trkpt>
      <trkpt lat="31.28352080471813678741455078125" lon="121.36951058171689510345458984375">
        <ele>6</ele>
        <time>2026-05-30T01:10:24.000Z</time>
        <extensions>
          <ns3:TrackPointExtension>
            <ns3:hr>129</ns3:hr>
            <ns3:cad>79</ns3:cad>
          </ns3:TrackPointExtension>
        </extensions>
      </trkpt>
      <trkpt lat="31.2835118360817432403564453125" lon="121.36953472159802913665771484375">
        <ele>6</ele>
        <time>2026-05-30T01:10:25.000Z</time>
        <extensions>
          <ns3:TrackPointExtension>
            <ns3:hr>129</ns3:hr>
            <ns3:cad>78</ns3:cad>
          </ns3:TrackPointExtension>
        </extensions>
      </trkpt>
      <trkpt lat="31.2835024483501911163330078125" lon="121.36956020258367061614990234375">
        <ele>6.19999980926513671875</ele>
        <time>2026-05-30T01:10:26.000Z</time>
        <extensions>
          <ns3:TrackPointExtension>
            <ns3:hr>130</ns3:hr>
            <ns3:cad>78</ns3:cad>
          </ns3:TrackPointExtension>
        </extensions>
      </trkpt>
      <trkpt lat="31.2834923900663852691650390625" lon="121.36958350427448749542236328125">
        <ele>6.19999980926513671875</ele>
        <time>2026-05-30T01:10:27.000Z</time>
        <extensions>
          <ns3:TrackPointExtension>
            <ns3:hr>130</ns3:hr>
            <ns3:cad>79</ns3:cad>
          </ns3:TrackPointExtension>
        </extensions>
      </trkpt>
      <trkpt lat="31.28347805701196193695068359375" lon="121.369606219232082366943359375">
        <ele>6.19999980926513671875</ele>
        <time>2026-05-30T01:10:28.000Z</time>
        <extensions>
          <ns3:TrackPointExtension>
            <ns3:hr>130</ns3:hr>
            <ns3:cad>79</ns3:cad>
          </ns3:TrackPointExtension>
        </extensions>
      </trkpt>
      <trkpt lat="31.2834659032523632049560546875" lon="121.36962373740971088409423828125">
        <ele>6.19999980926513671875</ele>
        <time>2026-05-30T01:10:29.000Z</time>
        <extensions>
          <ns3:TrackPointExtension>
            <ns3:hr>130</ns3:hr>
            <ns3:cad>79</ns3:cad>
          </ns3:TrackPointExtension>
        </extensions>
      </trkpt>
      <trkpt lat="31.28345509059727191925048828125" lon="121.3696389086544513702392578125">
        <ele>6.400000095367431640625</ele>
        <time>2026-05-30T01:10:30.000Z</time>
        <extensions>
          <ns3:TrackPointExtension>
            <ns3:hr>130</ns3:hr>
            <ns3:cad>79</ns3:cad>
          </ns3:TrackPointExtension>
        </extensions>
      </trkpt>
      <trkpt lat="31.2834472954273223876953125" lon="121.36965625919401645660400390625">
        <ele>6.599999904632568359375</ele>
        <time>2026-05-30T01:10:31.000Z</time>
        <extensions>
          <ns3:TrackPointExtension>
            <ns3:hr>130</ns3:hr>
            <ns3:cad>79</ns3:cad>
          </ns3:TrackPointExtension>
        </extensions>
      </trkpt>
      <trkpt lat="31.283441595733165740966796875" lon="121.3696814887225627899169921875">
        <ele>6.80000019073486328125</ele>
        <time>2026-05-30T01:10:32.000Z</time>
        <extensions>
          <ns3:TrackPointExtension>
            <ns3:hr>130</ns3:hr>
            <ns3:cad>79</ns3:cad>
          </ns3:TrackPointExtension>
        </extensions>
      </trkpt>
      <trkpt lat="31.28343665041029453277587890625" lon="121.36970805935561656951904296875">
        <ele>7</ele>
        <time>2026-05-30T01:10:33.000Z</time>
        <extensions>
          <ns3:TrackPointExtension>
            <ns3:hr>130</ns3:hr>
            <ns3:cad>78</ns3:cad>
          </ns3:TrackPointExtension>
        </extensions>
      </trkpt>
      <trkpt lat="31.28342994488775730133056640625" lon="121.3697301037609577178955078125">
        <ele>7</ele>
        <time>2026-05-30T01:10:34.000Z</time>
        <extensions>
          <ns3:TrackPointExtension>
            <ns3:hr>130</ns3:hr>
            <ns3:cad>76</ns3:cad>
          </ns3:TrackPointExtension>
        </extensions>
      </trkpt>
      <trkpt lat="31.2834226526319980621337890625" lon="121.36975474655628204345703125">
        <ele>7</ele>
        <time>2026-05-30T01:10:35.000Z</time>
        <extensions>
          <ns3:TrackPointExtension>
            <ns3:hr>130</ns3:hr>
            <ns3:cad>75</ns3:cad>
          </ns3:TrackPointExtension>
        </extensions>
      </trkpt>
      <trkpt lat="31.2834166176617145538330078125" lon="121.36977846734225749969482421875">
        <ele>7</ele>
        <time>2026-05-30T01:10:36.000Z</time>
        <extensions>
          <ns3:TrackPointExtension>
            <ns3:hr>130</ns3:hr>
            <ns3:cad>75</ns3:cad>
          </ns3:TrackPointExtension>
        </extensions>
      </trkpt>
      <trkpt lat="31.283406056463718414306640625" lon="121.36980495415627956390380859375">
        <ele>7</ele>
        <time>2026-05-30T01:10:37.000Z</time>
        <extensions>
          <ns3:TrackPointExtension>
            <ns3:hr>130</ns3:hr>
            <ns3:cad>77</ns3:cad>
          </ns3:TrackPointExtension>
        </extensions>
      </trkpt>
      <trkpt lat="31.283395327627658843994140625" lon="121.36982959695160388946533203125">
        <ele>7</ele>
        <time>2026-05-30T01:10:38.000Z</time>
        <extensions>
          <ns3:TrackPointExtension>
            <ns3:hr>130</ns3:hr>
            <ns3:cad>79</ns3:cad>
          </ns3:TrackPointExtension>
        </extensions>
      </trkpt>
      <trkpt lat="31.2833871133625507354736328125" lon="121.369853653013706207275390625">
        <ele>7</ele>
        <time>2026-05-30T01:10:39.000Z</time>
        <extensions>
          <ns3:TrackPointExtension>
            <ns3:hr>131</ns3:hr>
            <ns3:cad>80</ns3:cad>
          </ns3:TrackPointExtension>
        </extensions>
      </trkpt>
      <trkpt lat="31.28338116221129894256591796875" lon="121.369877792894840240478515625">
        <ele>7</ele>
        <time>2026-05-30T01:10:40.000Z</time>
        <extensions>
          <ns3:TrackPointExtension>
            <ns3:hr>131</ns3:hr>
            <ns3:cad>81</ns3:cad>
          </ns3:TrackPointExtension>
        </extensions>
      </trkpt>
      <trkpt lat="31.2833748757839202880859375" lon="121.36990402825176715850830078125">
        <ele>7</ele>
        <time>2026-05-30T01:10:41.000Z</time>
        <extensions>
          <ns3:TrackPointExtension>
            <ns3:hr>132</ns3:hr>
            <ns3:cad>81</ns3:cad>
          </ns3:TrackPointExtension>
        </extensions>
      </trkpt>
      <trkpt lat="31.283366493880748748779296875" lon="121.3699265755712985992431640625">
        <ele>6.80000019073486328125</ele>
        <time>2026-05-30T01:10:42.000Z</time>
        <extensions>
          <ns3:TrackPointExtension>
            <ns3:hr>132</ns3:hr>
            <ns3:cad>81</ns3:cad>
          </ns3:TrackPointExtension>
        </extensions>
      </trkpt>
      <trkpt lat="31.28335551358759403228759765625" lon="121.369949541985988616943359375">
        <ele>7</ele>
        <time>2026-05-30T01:10:43.000Z</time>
        <extensions>
          <ns3:TrackPointExtension>
            <ns3:hr>133</ns3:hr>
            <ns3:cad>82</ns3:cad>
          </ns3:TrackPointExtension>
        </extensions>
      </trkpt>
      <trkpt lat="31.2833440303802490234375" lon="121.36997041292488574981689453125">
        <ele>7</ele>
        <time>2026-05-30T01:10:44.000Z</time>
        <extensions>
          <ns3:TrackPointExtension>
            <ns3:hr>134</ns3:hr>
            <ns3:cad>82</ns3:cad>
          </ns3:TrackPointExtension>
        </extensions>
      </trkpt>
      <trkpt lat="31.28333338536322116851806640625" lon="121.3699919544160366058349609375">
        <ele>6.80000019073486328125</ele>
        <time>2026-05-30T01:10:45.000Z</time>
        <extensions>
          <ns3:TrackPointExtension>
            <ns3:hr>134</ns3:hr>
            <ns3:cad>81</ns3:cad>
          </ns3:TrackPointExtension>
        </extensions>
      </trkpt>
      <trkpt lat="31.2833234108984470367431640625" lon="121.37001357972621917724609375">
        <ele>6.80000019073486328125</ele>
        <time>2026-05-30T01:10:46.000Z</time>
        <extensions>
          <ns3:TrackPointExtension>
            <ns3:hr>134</ns3:hr>
            <ns3:cad>81</ns3:cad>
          </ns3:TrackPointExtension>
        </extensions>
      </trkpt>
      <trkpt lat="31.28330773673951625823974609375" lon="121.37003411538898944854736328125">
        <ele>6.80000019073486328125</ele>
        <time>2026-05-30T01:10:47.000Z</time>
        <extensions>
          <ns3:TrackPointExtension>
            <ns3:hr>135</ns3:hr>
            <ns3:cad>81</ns3:cad>
          </ns3:TrackPointExtension>
        </extensions>
      </trkpt>
      <trkpt lat="31.283291392028331756591796875" lon="121.3700519688427448272705078125">
        <ele>6.80000019073486328125</ele>
        <time>2026-05-30T01:10:48.000Z</time>
        <extensions>
          <ns3:TrackPointExtension>
            <ns3:hr>135</ns3:hr>
            <ns3:cad>81</ns3:cad>
          </ns3:TrackPointExtension>
        </extensions>
      </trkpt>
      <trkpt lat="31.28327555023133754730224609375" lon="121.37007166631519794464111328125">
        <ele>6.80000019073486328125</ele>
        <time>2026-05-30T01:10:49.000Z</time>
        <extensions>
          <ns3:TrackPointExtension>
            <ns3:hr>134</ns3:hr>
            <ns3:cad>79</ns3:cad>
          </ns3:TrackPointExtension>
        </extensions>
      </trkpt>
      <trkpt lat="31.2832595407962799072265625" lon="121.37009203433990478515625">
        <ele>6.80000019073486328125</ele>
        <time>2026-05-30T01:10:50.000Z</time>
        <extensions>
          <ns3:TrackPointExtension>
            <ns3:hr>135</ns3:hr>
            <ns3:cad>79</ns3:cad>
          </ns3:TrackPointExtension>
        </extensions>
      </trkpt>
      <trkpt lat="31.283243112266063690185546875" lon="121.370108127593994140625">
        <ele>7</ele>
        <time>2026-05-30T01:10:51.000Z</time>
        <extensions>
          <ns3:TrackPointExtension>
            <ns3:hr>135</ns3:hr>
            <ns3:cad>79</ns3:cad>
          </ns3:TrackPointExtension>
        </extensions>
      </trkpt>
      <trkpt lat="31.28323079086840152740478515625" lon="121.3701282441616058349609375">
        <ele>7</ele>
        <time>2026-05-30T01:10:52.000Z</time>
        <extensions>
          <ns3:TrackPointExtension>
            <ns3:hr>135</ns3:hr>
            <ns3:cad>79</ns3:cad>
          </ns3:TrackPointExtension>
        </extensions>
      </trkpt>
      <trkpt lat="31.28321888856589794158935546875" lon="121.370149366557598114013671875">
        <ele>7</ele>
        <time>2026-05-30T01:10:53.000Z</time>
        <extensions>
          <ns3:TrackPointExtension>
            <ns3:hr>136</ns3:hr>
            <ns3:cad>80</ns3:cad>
          </ns3:TrackPointExtension>
        </extensions>
      </trkpt>
      <trkpt lat="31.28320631571114063262939453125" lon="121.370170824229717254638671875">
        <ele>7</ele>
        <time>2026-05-30T01:10:54.000Z</time>
        <extensions>
          <ns3:TrackPointExtension>
            <ns3:hr>136</ns3:hr>
            <ns3:cad>80</ns3:cad>
          </ns3:TrackPointExtension>
        </extensions>
      </trkpt>
      <trkpt lat="31.28319449722766876220703125" lon="121.37019219808280467987060546875">
        <ele>7.19999980926513671875</ele>
        <time>2026-05-30T01:10:55.000Z</time>
        <extensions>
          <ns3:TrackPointExtension>
            <ns3:hr>136</ns3:hr>
            <ns3:cad>80</ns3:cad>
          </ns3:TrackPointExtension>
        </extensions>
      </trkpt>
      <trkpt lat="31.283183433115482330322265625" lon="121.37021399103105068206787109375">
        <ele>7.19999980926513671875</ele>
        <time>2026-05-30T01:10:56.000Z</time>
        <extensions>
          <ns3:TrackPointExtension>
            <ns3:hr>137</ns3:hr>
            <ns3:cad>80</ns3:cad>
          </ns3:TrackPointExtension>
        </extensions>
      </trkpt>
      <trkpt lat="31.28317840397357940673828125" lon="121.37023620307445526123046875">
        <ele>7.400000095367431640625</ele>
        <time>2026-05-30T01:10:57.000Z</time>
        <extensions>
          <ns3:TrackPointExtension>
            <ns3:hr>137</ns3:hr>
            <ns3:cad>80</ns3:cad>
          </ns3:TrackPointExtension>
        </extensions>
      </trkpt>
      <trkpt lat="31.2831738777458667755126953125" lon="121.3702578283846378326416015625">
        <ele>7.400000095367431640625</ele>
        <time>2026-05-30T01:10:58.000Z</time>
        <extensions>
          <ns3:TrackPointExtension>
            <ns3:hr>137</ns3:hr>
            <ns3:cad>79</ns3:cad>
          </ns3:TrackPointExtension>
        </extensions>
      </trkpt>
      <trkpt lat="31.28316977061331272125244140625" lon="121.37028314173221588134765625">
        <ele>7.400000095367431640625</ele>
        <time>2026-05-30T01:10:59.000Z</time>
        <extensions>
          <ns3:TrackPointExtension>
            <ns3:hr>138</ns3:hr>
            <ns3:cad>79</ns3:cad>
          </ns3:TrackPointExtension>
        </extensions>
      </trkpt>
      <trkpt lat="31.28316792659461498260498046875" lon="121.37030568905174732208251953125">
        <ele>7.400000095367431640625</ele>
        <time>2026-05-30T01:11:00.000Z</time>
        <extensions>
          <ns3:TrackPointExtension>
            <ns3:hr>138</ns3:hr>
            <ns3:cad>79</ns3:cad>
          </ns3:TrackPointExtension>
        </extensions>
      </trkpt>
      <trkpt lat="31.2831705249845981597900390625" lon="121.37032764963805675506591796875">
        <ele>7.400000095367431640625</ele>
        <time>2026-05-30T01:11:01.000Z</time>
        <extensions>
          <ns3:TrackPointExtension>
            <ns3:hr>138</ns3:hr>
            <ns3:cad>79</ns3:cad>
          </ns3:TrackPointExtension>
        </extensions>
      </trkpt>
      <trkpt lat="31.28318251110613346099853515625" lon="121.3703460060060024261474609375">
        <ele>7.19999980926513671875</ele>
        <time>2026-05-30T01:11:02.000Z</time>
        <extensions>
          <ns3:TrackPointExtension>
            <ns3:hr>137</ns3:hr>
            <ns3:cad>79</ns3:cad>
          </ns3:TrackPointExtension>
        </extensions>
      </trkpt>
      <trkpt lat="31.28319642506539821624755859375" lon="121.37036184780299663543701171875">
        <ele>7.19999980926513671875</ele>
        <time>2026-05-30T01:11:03.000Z</time>
        <extensions>
          <ns3:TrackPointExtension>
            <ns3:hr>137</ns3:hr>
            <ns3:cad>79</ns3:cad>
          </ns3:TrackPointExtension>
        </extensions>
      </trkpt>
      <trkpt lat="31.28321603871881961822509765625" lon="121.3703698106110095977783203125">
        <ele>7.19999980926513671875</ele>
        <time>2026-05-30T01:11:04.000Z</time>
        <extensions>
          <ns3:TrackPointExtension>
            <ns3:hr>136</ns3:hr>
            <ns3:cad>78</ns3:cad>
          </ns3:TrackPointExtension>
        </extensions>
      </trkpt>
      <trkpt lat="31.28324101679027080535888671875" lon="121.37037861160933971405029296875">
        <ele>7.19999980926513671875</ele>
        <time>2026-05-30T01:11:05.000Z</time>
        <extensions>
          <ns3:TrackPointExtension>
            <ns3:hr>136</ns3:hr>
            <ns3:cad>78</ns3:cad>
          </ns3:TrackPointExtension>
        </extensions>
      </trkpt>
      <trkpt lat="31.28326423466205596923828125" lon="121.37038263492286205291748046875">
        <ele>7.19999980926513671875</ele>
        <time>2026-05-30T01:11:06.000Z</time>
        <extensions>
          <ns3:TrackPointExtension>
            <ns3:hr>136</ns3:hr>
            <ns3:cad>79</ns3:cad>
          </ns3:TrackPointExtension>
        </extensions>
      </trkpt>
      <trkpt lat="31.2832898832857608795166015625" lon="121.37038716115057468414306640625">
        <ele>7.19999980926513671875</ele>
        <time>2026-05-30T01:11:07.000Z</time>
        <extensions>
          <ns3:TrackPointExtension>
            <ns3:hr>136</ns3:hr>
            <ns3:cad>79</ns3:cad>
          </ns3:TrackPointExtension>
        </extensions>
      </trkpt>
      <trkpt lat="31.28331712447106838226318359375" lon="121.37039219029247760772705078125">
        <ele>7</ele>
        <time>2026-05-30T01:11:08.000Z</time>
        <extensions>
          <ns3:TrackPointExtension>
            <ns3:hr>136</ns3:hr>
            <ns3:cad>78</ns3:cad>
          </ns3:TrackPointExtension>
        </extensions>
      </trkpt>
      <trkpt lat="31.283343695104122161865234375" lon="121.3703978061676025390625">
        <ele>7</ele>
        <time>2026-05-30T01:11:09.000Z</time>
        <extensions>
          <ns3:TrackPointExtension>
            <ns3:hr>136</ns3:hr>
            <ns3:cad>78</ns3:cad>
          </ns3:TrackPointExtension>
        </extensions>
      </trkpt>
      <trkpt lat="31.283372528851032257080078125" lon="121.37039939872920513153076171875">
        <ele>6.80000019073486328125</ele>
        <time>2026-05-30T01:11:10.000Z</time>
        <extensions>
          <ns3:TrackPointExtension>
            <ns3:hr>136</ns3:hr>
            <ns3:cad>79</ns3:cad>
          </ns3:TrackPointExtension>
        </extensions>
      </trkpt>
      <trkpt lat="31.28340345807373523712158203125" lon="121.37040627188980579376220703125">
        <ele>6.80000019073486328125</ele>
        <time>2026-05-30T01:11:11.000Z</time>
        <extensions>
          <ns3:TrackPointExtension>
            <ns3:hr>136</ns3:hr>
            <ns3:cad>79</ns3:cad>
          </ns3:TrackPointExtension>
        </extensions>
      </trkpt>
      <trkpt lat="31.28342005424201488494873046875" lon="121.37043602764606475830078125">
        <ele>6.80000019073486328125</ele>
        <time>2026-05-30T01:11:12.000Z</time>
        <extensions>
          <ns3:TrackPointExtension>
            <ns3:hr>136</ns3:hr>
            <ns3:cad>78</ns3:cad>
          </ns3:TrackPointExtension>
        </extensions>
      </trkpt>
      <trkpt lat="31.28342608921229839324951171875" lon="121.37046595104038715362548828125">
        <ele>6.80000019073486328125</ele>
        <time>2026-05-30T01:11:13.000Z</time>
        <extensions>
          <ns3:TrackPointExtension>
            <ns3:hr>136</ns3:hr>
            <ns3:cad>78</ns3:cad>
          </ns3:TrackPointExtension>
        </extensions>
      </trkpt>
      <trkpt lat="31.2834286876022815704345703125" lon="121.3704958744347095489501953125">
        <ele>6.80000019073486328125</ele>
        <time>2026-05-30T01:11:14.000Z</time>
        <extensions>
          <ns3:TrackPointExtension>
            <ns3:hr>136</ns3:hr>
            <ns3:cad>79</ns3:cad>
          </ns3:TrackPointExtension>
        </extensions>
      </trkpt>
      <trkpt lat="31.28342927433550357818603515625" lon="121.3705252110958099365234375">
        <ele>7</ele>
        <time>2026-05-30T01:11:15.000Z</time>
        <extensions>
          <ns3:TrackPointExtension>
            <ns3:hr>136</ns3:hr>
            <ns3:cad>79</ns3:cad>
          </ns3:TrackPointExtension>
        </extensions>
      </trkpt>
      <trkpt lat="31.2834276817739009857177734375" lon="121.37055362574756145477294921875">
        <ele>7</ele>
        <time>2026-05-30T01:11:16.000Z</time>
        <extensions>
          <ns3:TrackPointExtension>
            <ns3:hr>136</ns3:hr>
            <ns3:cad>78</ns3:cad>
          </ns3:TrackPointExtension>
        </extensions>
      </trkpt>
      <trkpt lat="31.2834246642887592315673828125" lon="121.3705827109515666961669921875">
        <ele>7</ele>
        <time>2026-05-30T01:11:17.000Z</time>
        <extensions>
          <ns3:TrackPointExtension>
            <ns3:hr>136</ns3:hr>
            <ns3:cad>78</ns3:cad>
          </ns3:TrackPointExtension>
        </extensions>
      </trkpt>
      <trkpt lat="31.28342206589877605438232421875" lon="121.37061037123203277587890625">
        <ele>7</ele>
        <time>2026-05-30T01:11:18.000Z</time>
        <extensions>
          <ns3:TrackPointExtension>
            <ns3:hr>135</ns3:hr>
            <ns3:cad>77</ns3:cad>
          </ns3:TrackPointExtension>
        </extensions>
      </trkpt>
      <trkpt lat="31.28341821022331714630126953125" lon="121.37063476257026195526123046875">
        <ele>7</ele>
        <time>2026-05-30T01:11:19.000Z</time>
        <extensions>
          <ns3:TrackPointExtension>
            <ns3:hr>136</ns3:hr>
            <ns3:cad>77</ns3:cad>
          </ns3:TrackPointExtension>
        </extensions>
      </trkpt>
      <trkpt lat="31.28341519273817539215087890625" lon="121.37066158466041088104248046875">
        <ele>7</ele>
        <time>2026-05-30T01:11:20.000Z</time>
        <extensions>
          <ns3:TrackPointExtension>
            <ns3:hr>136</ns3:hr>
            <ns3:cad>79</ns3:cad>
          </ns3:TrackPointExtension>
        </extensions>
      </trkpt>
      <trkpt lat="31.28341150470077991485595703125" lon="121.37068823911249637603759765625">
        <ele>7</ele>
        <time>2026-05-30T01:11:21.000Z</time>
        <extensions>
          <ns3:TrackPointExtension>
            <ns3:hr>136</ns3:hr>
            <ns3:cad>79</ns3:cad>
          </ns3:TrackPointExtension>
        </extensions>
      </trkpt>
      <trkpt lat="31.28340815193951129913330078125" lon="121.37071019969880580902099609375">
        <ele>7</ele>
        <time>2026-05-30T01:11:22.000Z</time>
        <extensions>
          <ns3:TrackPointExtension>
            <ns3:hr>136</ns3:hr>
            <ns3:cad>80</ns3:cad>
          </ns3:TrackPointExtension>
        </extensions>
      </trkpt>
      <trkpt lat="31.2834048829972743988037109375" lon="121.37073266319930553436279296875">
        <ele>6.80000019073486328125</ele>
        <time>2026-05-30T01:11:23.000Z</time>
        <extensions>
          <ns3:TrackPointExtension>
            <ns3:hr>136</ns3:hr>
            <ns3:cad>80</ns3:cad>
          </ns3:TrackPointExtension>
        </extensions>
      </trkpt>
      <trkpt lat="31.2834011949598789215087890625" lon="121.3707580603659152984619140625">
        <ele>6.80000019073486328125</ele>
        <time>2026-05-30T01:11:24.000Z</time>
        <extensions>
          <ns3:TrackPointExtension>
            <ns3:hr>136</ns3:hr>
            <ns3:cad>81</ns3:cad>
          </ns3:TrackPointExtension>
        </extensions>
      </trkpt>
      <trkpt lat="31.2833978421986103057861328125" lon="121.3707800209522247314453125">
        <ele>6.80000019073486328125</ele>
        <time>2026-05-30T01:11:25.000Z</time>
        <extensions>
          <ns3:TrackPointExtension>
            <ns3:hr>136</ns3:hr>
            <ns3:cad>81</ns3:cad>
          </ns3:TrackPointExtension>
        </extensions>
      </trkpt>
      <trkpt lat="31.28339356742799282073974609375" lon="121.37080290354788303375244140625">
        <ele>6.80000019073486328125</ele>
        <time>2026-05-30T01:11:26.000Z</time>
        <extensions>
          <ns3:TrackPointExtension>
            <ns3:hr>137</ns3:hr>
            <ns3:cad>81</ns3:cad>
          </ns3:TrackPointExtension>
        </extensions>
      </trkpt>
      <trkpt lat="31.28338753245770931243896484375" lon="121.3708283007144927978515625">
        <ele>6.80000019073486328125</ele>
        <time>2026-05-30T01:11:27.000Z</time>
        <extensions>
          <ns3:TrackPointExtension>
            <ns3:hr>137</ns3:hr>
            <ns3:cad>81</ns3:cad>
          </ns3:TrackPointExtension>
        </extensions>
      </trkpt>
      <trkpt lat="31.2833864428102970123291015625" lon="121.37085135094821453094482421875">
        <ele>6.80000019073486328125</ele>
        <time>2026-05-30T01:11:28.000Z</time>
        <extensions>
          <ns3:TrackPointExtension>
            <ns3:hr>138</ns3:hr>
            <ns3:cad>81</ns3:cad>
          </ns3:TrackPointExtension>
        </extensions>
      </trkpt>
      <trkpt lat="31.283382587134838104248046875" lon="121.37087498791515827178955078125">
        <ele>6.80000019073486328125</ele>
        <time>2026-05-30T01:11:29.000Z</time>
        <extensions>
          <ns3:TrackPointExtension>
            <ns3:hr>138</ns3:hr>
            <ns3:cad>81</ns3:cad>
          </ns3:TrackPointExtension>
        </extensions>
      </trkpt>
      <trkpt lat="31.28337864764034748077392578125" lon="121.37090147472918033599853515625">
        <ele>6.80000019073486328125</ele>
        <time>2026-05-30T01:11:30.000Z</time>
        <extensions>
          <ns3:TrackPointExtension>
            <ns3:hr>138</ns3:hr>
            <ns3:cad>81</ns3:cad>
          </ns3:TrackPointExtension>
        </extensions>
      </trkpt>
      <trkpt lat="31.28337814472615718841552734375" lon="121.37092377059161663055419921875">
        <ele>6.80000019073486328125</ele>
        <time>2026-05-30T01:11:31.000Z</time>
        <extensions>
          <ns3:TrackPointExtension>
            <ns3:hr>138</ns3:hr>
            <ns3:cad>81</ns3:cad>
          </ns3:TrackPointExtension>
        </extensions>
      </trkpt>
      <trkpt lat="31.28337479196488857269287109375" lon="121.37094975449144840240478515625">
        <ele>7</ele>
        <time>2026-05-30T01:11:32.000Z</time>
        <extensions>
          <ns3:TrackPointExtension>
            <ns3:hr>138</ns3:hr>
            <ns3:cad>81</ns3:cad>
          </ns3:TrackPointExtension>
        </extensions>
      </trkpt>
      <trkpt lat="31.2833726964890956878662109375" lon="121.37097288854420185089111328125">
        <ele>7</ele>
        <time>2026-05-30T01:11:33.000Z</time>
        <extensions>
          <ns3:TrackPointExtension>
            <ns3:hr>138</ns3:hr>
            <ns3:cad>81</ns3:cad>
          </ns3:TrackPointExtension>
        </extensions>
      </trkpt>
      <trkpt lat="31.28337093628942966461181640625" lon="121.37099786661565303802490234375">
        <ele>7</ele>
        <time>2026-05-30T01:11:34.000Z</time>
        <extensions>
          <ns3:TrackPointExtension>
            <ns3:hr>138</ns3:hr>
            <ns3:cad>81</ns3:cad>
          </ns3:TrackPointExtension>
        </extensions>
      </trkpt>
      <trkpt lat="31.28336825408041477203369140625" lon="121.37102519161999225616455078125">
        <ele>7</ele>
        <time>2026-05-30T01:11:35.000Z</time>
        <extensions>
          <ns3:TrackPointExtension>
            <ns3:hr>138</ns3:hr>
            <ns3:cad>81</ns3:cad>
          </ns3:TrackPointExtension>
        </extensions>
      </trkpt>
      <trkpt lat="31.28336523659527301788330078125" lon="121.37105025351047515869140625">
        <ele>6.80000019073486328125</ele>
        <time>2026-05-30T01:11:36.000Z</time>
        <extensions>
          <ns3:TrackPointExtension>
            <ns3:hr>138</ns3:hr>
            <ns3:cad>80</ns3:cad>
          </ns3:TrackPointExtension>
        </extensions>
      </trkpt>
      <trkpt lat="31.28336221911013126373291015625" lon="121.37107179500162601470947265625">
        <ele>6.80000019073486328125</ele>
        <time>2026-05-30T01:11:37.000Z</time>
        <extensions>
          <ns3:TrackPointExtension>
            <ns3:hr>138</ns3:hr>
            <ns3:cad>80</ns3:cad>
          </ns3:TrackPointExtension>
        </extensions>
      </trkpt>
      <trkpt lat="31.28335769288241863250732421875" lon="121.37110012583434581756591796875">
        <ele>6.599999904632568359375</ele>
        <time>2026-05-30T01:11:38.000Z</time>
        <extensions>
          <ns3:TrackPointExtension>
            <ns3:hr>137</ns3:hr>
            <ns3:cad>81</ns3:cad>
          </ns3:TrackPointExtension>
        </extensions>
      </trkpt>
      <trkpt lat="31.28335450775921344757080078125" lon="121.371123008430004119873046875">
        <ele>6.599999904632568359375</ele>
        <time>2026-05-30T01:11:39.000Z</time>
        <extensions>
          <ns3:TrackPointExtension>
            <ns3:hr>138</ns3:hr>
            <ns3:cad>81</ns3:cad>
          </ns3:TrackPointExtension>
        </extensions>
      </trkpt>
      <trkpt lat="31.28334981389343738555908203125" lon="121.371144466102123260498046875">
        <ele>6.599999904632568359375</ele>
        <time>2026-05-30T01:11:40.000Z</time>
        <extensions>
          <ns3:TrackPointExtension>
            <ns3:hr>138</ns3:hr>
            <ns3:cad>82</ns3:cad>
          </ns3:TrackPointExtension>
        </extensions>
      </trkpt>
      <trkpt lat="31.28334679640829563140869140625" lon="121.37117003090679645538330078125">
        <ele>6.599999904632568359375</ele>
        <time>2026-05-30T01:11:41.000Z</time>
        <extensions>
          <ns3:TrackPointExtension>
            <ns3:hr>138</ns3:hr>
            <ns3:cad>82</ns3:cad>
          </ns3:TrackPointExtension>
        </extensions>
      </trkpt>
      <trkpt lat="31.28334294073283672332763671875" lon="121.37119584716856479644775390625">
        <ele>6.599999904632568359375</ele>
        <time>2026-05-30T01:11:42.000Z</time>
        <extensions>
          <ns3:TrackPointExtension>
            <ns3:hr>138</ns3:hr>
            <ns3:cad>82</ns3:cad>
          </ns3:TrackPointExtension>
        </extensions>
      </trkpt>
      <trkpt lat="31.283338330686092376708984375" lon="121.37122116051614284515380859375">
        <ele>6.599999904632568359375</ele>
        <time>2026-05-30T01:11:43.000Z</time>
        <extensions>
          <ns3:TrackPointExtension>
            <ns3:hr>138</ns3:hr>
            <ns3:cad>82</ns3:cad>
          </ns3:TrackPointExtension>
        </extensions>
      </trkpt>
      <trkpt lat="31.28333539701998233795166015625" lon="121.3712458871304988861083984375">
        <ele>6.599999904632568359375</ele>
        <time>2026-05-30T01:11:44.000Z</time>
        <extensions>
          <ns3:TrackPointExtension>
            <ns3:hr>138</ns3:hr>
            <ns3:cad>81</ns3:cad>
          </ns3:TrackPointExtension>
        </extensions>
      </trkpt>
      <trkpt lat="31.2833319604396820068359375" lon="121.371273882687091827392578125">
        <ele>6.599999904632568359375</ele>
        <time>2026-05-30T01:11:45.000Z</time>
        <extensions>
          <ns3:TrackPointExtension>
            <ns3:hr>138</ns3:hr>
            <ns3:cad>81</ns3:cad>
          </ns3:TrackPointExtension>
        </extensions>
      </trkpt>
      <trkpt lat="31.28333036787807941436767578125" lon="121.3713005371391773223876953125">
        <ele>6.599999904632568359375</ele>
        <time>2026-05-30T01:11:46.000Z</time>
        <extensions>
          <ns3:TrackPointExtension>
            <ns3:hr>138</ns3:hr>
            <ns3:cad>81</ns3:cad>
          </ns3:TrackPointExtension>
        </extensions>
      </trkpt>
      <trkpt lat="31.28333187662065029144287109375" lon="121.37132945470511913299560546875">
        <ele>6.599999904632568359375</ele>
        <time>2026-05-30T01:11:47.000Z</time>
        <extensions>
          <ns3:TrackPointExtension>
            <ns3:hr>137</ns3:hr>
            <ns3:cad>81</ns3:cad>
          </ns3:TrackPointExtension>
        </extensions>
      </trkpt>
      <trkpt lat="31.283330619335174560546875" lon="121.37135493569076061248779296875">
        <ele>6.80000019073486328125</ele>
        <time>2026-05-30T01:11:48.000Z</time>
        <extensions>
          <ns3:TrackPointExtension>
            <ns3:hr>137</ns3:hr>
            <ns3:cad>81</ns3:cad>
          </ns3:TrackPointExtension>
        </extensions>
      </trkpt>
      <trkpt lat="31.28333020024001598358154296875" lon="121.37137756682932376861572265625">
        <ele>6.80000019073486328125</ele>
        <time>2026-05-30T01:11:49.000Z</time>
        <extensions>
          <ns3:TrackPointExtension>
            <ns3:hr>136</ns3:hr>
            <ns3:cad>81</ns3:cad>
          </ns3:TrackPointExtension>
        </extensions>
      </trkpt>
      <trkpt lat="31.28333170898258686065673828125" lon="121.37140338309109210968017578125">
        <ele>7</ele>
        <time>2026-05-30T01:11:50.000Z</time>
        <extensions>
          <ns3:TrackPointExtension>
            <ns3:hr>136</ns3:hr>
            <ns3:cad>81</ns3:cad>
          </ns3:TrackPointExtension>
        </extensions>
      </trkpt>
      <trkpt lat="31.28333271481096744537353515625" lon="121.3714245893061161041259765625">
        <ele>7.19999980926513671875</ele>
        <time>2026-05-30T01:11:51.000Z</time>
        <extensions>
          <ns3:TrackPointExtension>
            <ns3:hr>136</ns3:hr>
            <ns3:cad>81</ns3:cad>
          </ns3:TrackPointExtension>
        </extensions>
      </trkpt>
      <trkpt lat="31.28333154134452342987060546875" lon="121.37144914828240871429443359375">
        <ele>7.400000095367431640625</ele>
        <time>2026-05-30T01:11:52.000Z</time>
        <extensions>
          <ns3:TrackPointExtension>
            <ns3:hr>136</ns3:hr>
            <ns3:cad>81</ns3:cad>
          </ns3:TrackPointExtension>
        </extensions>
      </trkpt>
      <trkpt lat="31.2833304516971111297607421875" lon="121.37146960012614727020263671875">
        <ele>7.599999904632568359375</ele>
        <time>2026-05-30T01:11:53.000Z</time>
        <extensions>
          <ns3:TrackPointExtension>
            <ns3:hr>136</ns3:hr>
            <ns3:cad>80</ns3:cad>
          </ns3:TrackPointExtension>
        </extensions>
      </trkpt>
      <trkpt lat="31.28333388827741146087646484375" lon="121.37148820795118808746337890625">
        <ele>7.599999904632568359375</ele>
        <time>2026-05-30T01:11:54.000Z</time>
        <extensions>
          <ns3:TrackPointExtension>
            <ns3:hr>136</ns3:hr>
            <ns3:cad>80</ns3:cad>
          </ns3:TrackPointExtension>
        </extensions>
      </trkpt>
      <trkpt lat="31.28333866596221923828125" lon="121.37149684131145477294921875">
        <ele>7.80000019073486328125</ele>
        <time>2026-05-30T01:11:55.000Z</time>
        <extensions>
          <ns3:TrackPointExtension>
            <ns3:hr>136</ns3:hr>
            <ns3:cad>80</ns3:cad>
          </ns3:TrackPointExtension>
        </extensions>
      </trkpt>
      <trkpt lat="31.2833552621304988861083984375" lon="121.37149776332080364227294921875">
        <ele>8</ele>
        <time>2026-05-30T01:11:56.000Z</time>
        <extensions>
          <ns3:TrackPointExtension>
            <ns3:hr>136</ns3:hr>
            <ns3:cad>79</ns3:cad>
          </ns3:TrackPointExtension>
        </extensions>
      </trkpt>
      <trkpt lat="31.2833720259368419647216796875" lon="121.37150145135819911956787109375">
        <ele>8</ele>
        <time>2026-05-30T01:11:57.000Z</time>
        <extensions>
          <ns3:TrackPointExtension>
            <ns3:hr>136</ns3:hr>
            <ns3:cad>79</ns3:cad>
          </ns3:TrackPointExtension>
        </extensions>
      </trkpt>
      <trkpt lat="31.28338820300996303558349609375" lon="121.37150497175753116607666015625">
        <ele>8</ele>
        <time>2026-05-30T01:11:58.000Z</time>
        <extensions>
          <ns3:TrackPointExtension>
            <ns3:hr>136</ns3:hr>
            <ns3:cad>79</ns3:cad>
          </ns3:TrackPointExtension>
        </extensions>
      </trkpt>
      <trkpt lat="31.28340815193951129913330078125" lon="121.37150547467172145843505859375">
        <ele>8</ele>
        <time>2026-05-30T01:11:59.000Z</time>
        <extensions>
          <ns3:TrackPointExtension>
            <ns3:hr>136</ns3:hr>
            <ns3:cad>78</ns3:cad>
          </ns3:TrackPointExtension>
        </extensions>
      </trkpt>
      <trkpt lat="31.28342675976455211639404296875" lon="121.37150463648140430450439453125">
        <ele>7.80000019073486328125</ele>
        <time>2026-05-30T01:12:00.000Z</time>
        <extensions>
          <ns3:TrackPointExtension>
            <ns3:hr>136</ns3:hr>
            <ns3:cad>78</ns3:cad>
          </ns3:TrackPointExtension>
        </extensions>
      </trkpt>
      <trkpt lat="31.2834488041698932647705078125" lon="121.37150580994784832000732421875">
        <ele>7.80000019073486328125</ele>
        <time>2026-05-30T01:12:01.000Z</time>
        <extensions>
          <ns3:TrackPointExtension>
            <ns3:hr>135</ns3:hr>
            <ns3:cad>76</ns3:cad>
          </ns3:TrackPointExtension>
        </extensions>
      </trkpt>
      <trkpt lat="31.28347286023199558258056640625" lon="121.37150446884334087371826171875">
        <ele>7.80000019073486328125</ele>
        <time>2026-05-30T01:12:02.000Z</time>
        <extensions>
          <ns3:TrackPointExtension>
            <ns3:hr>136</ns3:hr>
            <ns3:cad>76</ns3:cad>
          </ns3:TrackPointExtension>
        </extensions>
      </trkpt>
      <trkpt lat="31.28349347971379756927490234375" lon="121.371504552662372589111328125">
        <ele>7.80000019073486328125</ele>
        <time>2026-05-30T01:12:03.000Z</time>
        <extensions>
          <ns3:TrackPointExtension>
            <ns3:hr>136</ns3:hr>
            <ns3:cad>76</ns3:cad>
          </ns3:TrackPointExtension>
        </extensions>
      </trkpt>
      <trkpt lat="31.28351636230945587158203125" lon="121.37150916270911693572998046875">
        <ele>7.599999904632568359375</ele>
        <time>2026-05-30T01:12:04.000Z</time>
        <extensions>
          <ns3:TrackPointExtension>
            <ns3:hr>136</ns3:hr>
            <ns3:cad>79</ns3:cad>
          </ns3:TrackPointExtension>
        </extensions>
      </trkpt>
      <trkpt lat="31.283538825809955596923828125" lon="121.3715090788900852203369140625">
        <ele>7.599999904632568359375</ele>
        <time>2026-05-30T01:12:05.000Z</time>
        <extensions>
          <ns3:TrackPointExtension>
            <ns3:hr>136</ns3:hr>
            <ns3:cad>79</ns3:cad>
          </ns3:TrackPointExtension>
        </extensions>
      </trkpt>
      <trkpt lat="31.28355852328240871429443359375" lon="121.37151452712714672088623046875">
        <ele>7.400000095367431640625</ele>
        <time>2026-05-30T01:12:06.000Z</time>
        <extensions>
          <ns3:TrackPointExtension>
            <ns3:hr>136</ns3:hr>
            <ns3:cad>79</ns3:cad>
          </ns3:TrackPointExtension>
        </extensions>
      </trkpt>
      <trkpt lat="31.28357671201229095458984375" lon="121.3715184666216373443603515625">
        <ele>7.400000095367431640625</ele>
        <time>2026-05-30T01:12:07.000Z</time>
        <extensions>
          <ns3:TrackPointExtension>
            <ns3:hr>136</ns3:hr>
            <ns3:cad>81</ns3:cad>
          </ns3:TrackPointExtension>
        </extensions>
      </trkpt>
      <trkpt lat="31.28359573893249034881591796875" lon="121.3715201430022716522216796875">
        <ele>7.19999980926513671875</ele>
        <time>2026-05-30T01:12:08.000Z</time>
        <extensions>
          <ns3:TrackPointExtension>
            <ns3:hr>136</ns3:hr>
            <ns3:cad>81</ns3:cad>
          </ns3:TrackPointExtension>
        </extensions>
      </trkpt>
      <trkpt lat="31.2836187891662120819091796875" lon="121.371521316468715667724609375">
        <ele>7.19999980926513671875</ele>
        <time>2026-05-30T01:12:09.000Z</time>
        <extensions>
          <ns3:TrackPointExtension>
            <ns3:hr>136</ns3:hr>
            <ns3:cad>81</ns3:cad>
          </ns3:TrackPointExtension>
        </extensions>
      </trkpt>
      <trkpt lat="31.2836429290473461151123046875" lon="121.37152575887739658355712890625">
        <ele>7.19999980926513671875</ele>
        <time>2026-05-30T01:12:10.000Z</time>
        <extensions>
          <ns3:TrackPointExtension>
            <ns3:hr>136</ns3:hr>
            <ns3:cad>81</ns3:cad>
          </ns3:TrackPointExtension>
        </extensions>
      </trkpt>
      <trkpt lat="31.28366581164300441741943359375" lon="121.37153129093348979949951171875">
        <ele>7.19999980926513671875</ele>
        <time>2026-05-30T01:12:11.000Z</time>
        <extensions>
          <ns3:TrackPointExtension>
            <ns3:hr>136</ns3:hr>
            <ns3:cad>81</ns3:cad>
          </ns3:TrackPointExtension>
        </extensions>
      </trkpt>
      <trkpt lat="31.28369196318089962005615234375" lon="121.371539421379566192626953125">
        <ele>7.19999980926513671875</ele>
        <time>2026-05-30T01:12:12.000Z</time>
        <extensions>
          <ns3:TrackPointExtension>
            <ns3:hr>136</ns3:hr>
            <ns3:cad>80</ns3:cad>
          </ns3:TrackPointExtension>
        </extensions>
      </trkpt>
      <trkpt lat="31.2837181985378265380859375" lon="121.37154084630310535430908203125">
        <ele>7.19999980926513671875</ele>
        <time>2026-05-30T01:12:13.000Z</time>
        <extensions>
          <ns3:TrackPointExtension>
            <ns3:hr>135</ns3:hr>
            <ns3:cad>80</ns3:cad>
          </ns3:TrackPointExtension>
        </extensions>
      </trkpt>
      <trkpt lat="31.28374309279024600982666015625" lon="121.37154512107372283935546875">
        <ele>7</ele>
        <time>2026-05-30T01:12:14.000Z</time>
        <extensions>
          <ns3:TrackPointExtension>
            <ns3:hr>135</ns3:hr>
            <ns3:cad>79</ns3:cad>
          </ns3:TrackPointExtension>
        </extensions>
      </trkpt>
      <trkpt lat="31.2837659753859043121337890625" lon="121.37155191041529178619384765625">
        <ele>7</ele>
        <time>2026-05-30T01:12:15.000Z</time>
        <extensions>
          <ns3:TrackPointExtension>
            <ns3:hr>135</ns3:hr>
            <ns3:cad>79</ns3:cad>
          </ns3:TrackPointExtension>
        </extensions>
      </trkpt>
      <trkpt lat="31.2837852537631988525390625" lon="121.37155987322330474853515625">
        <ele>7</ele>
        <time>2026-05-30T01:12:16.000Z</time>
        <extensions>
          <ns3:TrackPointExtension>
            <ns3:hr>134</ns3:hr>
            <ns3:cad>79</ns3:cad>
          </ns3:TrackPointExtension>
        </extensions>
      </trkpt>
      <trkpt lat="31.283801682293415069580078125" lon="121.3715660758316516876220703125">
        <ele>6.80000019073486328125</ele>
        <time>2026-05-30T01:12:17.000Z</time>
        <extensions>
          <ns3:TrackPointExtension>
            <ns3:hr>134</ns3:hr>
            <ns3:cad>79</ns3:cad>
          </ns3:TrackPointExtension>
        </extensions>
      </trkpt>
      <trkpt lat="31.28382205031812191009521484375" lon="121.3715697638690471649169921875">
        <ele>6.80000019073486328125</ele>
        <time>2026-05-30T01:12:18.000Z</time>
        <extensions>
          <ns3:TrackPointExtension>
            <ns3:hr>134</ns3:hr>
            <ns3:cad>79</ns3:cad>
          </ns3:TrackPointExtension>
        </extensions>
      </trkpt>
      <trkpt lat="31.28384099341928958892822265625" lon="121.371581666171550750732421875">
        <ele>6.80000019073486328125</ele>
        <time>2026-05-30T01:12:19.000Z</time>
        <extensions>
          <ns3:TrackPointExtension>
            <ns3:hr>134</ns3:hr>
            <ns3:cad>79</ns3:cad>
          </ns3:TrackPointExtension>
        </extensions>
      </trkpt>
      <trkpt lat="31.28385758958756923675537109375" lon="121.37158895842730998992919921875">
        <ele>6.599999904632568359375</ele>
        <time>2026-05-30T01:12:20.000Z</time>
        <extensions>
          <ns3:TrackPointExtension>
            <ns3:hr>134</ns3:hr>
            <ns3:cad>79</ns3:cad>
          </ns3:TrackPointExtension>
        </extensions>
      </trkpt>
      <trkpt lat="31.2838712520897388458251953125" lon="121.37159876525402069091796875">
        <ele>6.599999904632568359375</ele>
        <time>2026-05-30T01:12:21.000Z</time>
        <extensions>
          <ns3:TrackPointExtension>
            <ns3:hr>133</ns3:hr>
            <ns3:cad>79</ns3:cad>
          </ns3:TrackPointExtension>
        </extensions>
      </trkpt>
      <trkpt lat="31.283893547952175140380859375" lon="121.37160605750977993011474609375">
        <ele>6.599999904632568359375</ele>
        <time>2026-05-30T01:12:22.000Z</time>
        <extensions>
          <ns3:TrackPointExtension>
            <ns3:hr>133</ns3:hr>
            <ns3:cad>80</ns3:cad>
          </ns3:TrackPointExtension>
        </extensions>
      </trkpt>
      <trkpt lat="31.283916346728801727294921875" lon="121.3716150261461734771728515625">
        <ele>6.599999904632568359375</ele>
        <time>2026-05-30T01:12:23.000Z</time>
        <extensions>
          <ns3:TrackPointExtension>
            <ns3:hr>133</ns3:hr>
            <ns3:cad>80</ns3:cad>
          </ns3:TrackPointExtension>
        </extensions>
      </trkpt>
      <trkpt lat="31.28393336199223995208740234375" lon="121.37161863036453723907470703125">
        <ele>6.599999904632568359375</ele>
        <time>2026-05-30T01:12:24.000Z</time>
        <extensions>
          <ns3:TrackPointExtension>
            <ns3:hr>132</ns3:hr>
            <ns3:cad>80</ns3:cad>
          </ns3:TrackPointExtension>
        </extensions>
      </trkpt>
      <trkpt lat="31.28395280800759792327880859375" lon="121.37162282131612300872802734375">
        <ele>6.599999904632568359375</ele>
        <time>2026-05-30T01:12:25.000Z</time>
        <extensions>
          <ns3:TrackPointExtension>
            <ns3:hr>133</ns3:hr>
            <ns3:cad>80</ns3:cad>
          </ns3:TrackPointExtension>
        </extensions>
      </trkpt>
      <trkpt lat="31.283973343670368194580078125" lon="121.371622569859027862548828125">
        <ele>6.599999904632568359375</ele>
        <time>2026-05-30T01:12:26.000Z</time>
        <extensions>
          <ns3:TrackPointExtension>
            <ns3:hr>133</ns3:hr>
            <ns3:cad>80</ns3:cad>
          </ns3:TrackPointExtension>
        </extensions>
      </trkpt>
      <trkpt lat="31.2839939631521701812744140625" lon="121.3716227374970912933349609375">
        <ele>6.599999904632568359375</ele>
        <time>2026-05-30T01:12:27.000Z</time>
        <extensions>
          <ns3:TrackPointExtension>
            <ns3:hr>133</ns3:hr>
            <ns3:cad>80</ns3:cad>
          </ns3:TrackPointExtension>
        </extensions>
      </trkpt>
      <trkpt lat="31.28401525318622589111328125" lon="121.37162290513515472412109375">
        <ele>6.599999904632568359375</ele>
        <time>2026-05-30T01:12:28.000Z</time>
        <extensions>
          <ns3:TrackPointExtension>
            <ns3:hr>134</ns3:hr>
            <ns3:cad>80</ns3:cad>
          </ns3:TrackPointExtension>
        </extensions>
      </trkpt>
      <trkpt lat="31.28403545357286930084228515625" lon="121.3716222345829010009765625">
        <ele>6.599999904632568359375</ele>
        <time>2026-05-30T01:12:29.000Z</time>
        <extensions>
          <ns3:TrackPointExtension>
            <ns3:hr>134</ns3:hr>
            <ns3:cad>80</ns3:cad>
          </ns3:TrackPointExtension>
        </extensions>
      </trkpt>
      <trkpt lat="31.28405841998755931854248046875" lon="121.371623910963535308837890625">
        <ele>6.599999904632568359375</ele>
        <time>2026-05-30T01:12:30.000Z</time>
        <extensions>
          <ns3:TrackPointExtension>
            <ns3:hr>134</ns3:hr>
            <ns3:cad>81</ns3:cad>
          </ns3:TrackPointExtension>
        </extensions>
      </trkpt>
      <trkpt lat="31.2840831466019153594970703125" lon="121.37162416242063045501708984375">
        <ele>6.400000095367431640625</ele>
        <time>2026-05-30T01:12:31.000Z</time>
        <extensions>
          <ns3:TrackPointExtension>
            <ns3:hr>134</ns3:hr>
            <ns3:cad>81</ns3:cad>
          </ns3:TrackPointExtension>
        </extensions>
      </trkpt>
      <trkpt lat="31.284106783568859100341796875" lon="121.3716264255344867706298828125">
        <ele>6.400000095367431640625</ele>
        <time>2026-05-30T01:12:32.000Z</time>
        <extensions>
          <ns3:TrackPointExtension>
            <ns3:hr>134</ns3:hr>
            <ns3:cad>80</ns3:cad>
          </ns3:TrackPointExtension>
        </extensions>
      </trkpt>
      <trkpt lat="31.2841274030506610870361328125" lon="121.3716275990009307861328125">
        <ele>6.400000095367431640625</ele>
        <time>2026-05-30T01:12:33.000Z</time>
        <extensions>
          <ns3:TrackPointExtension>
            <ns3:hr>134</ns3:hr>
            <ns3:cad>80</ns3:cad>
          </ns3:TrackPointExtension>
        </extensions>
      </trkpt>
      <trkpt lat="31.28414492122828960418701171875" lon="121.37162801809608936309814453125">
        <ele>6.400000095367431640625</ele>
        <time>2026-05-30T01:12:34.000Z</time>
        <extensions>
          <ns3:TrackPointExtension>
            <ns3:hr>134</ns3:hr>
            <ns3:cad>80</ns3:cad>
          </ns3:TrackPointExtension>
        </extensions>
      </trkpt>
      <trkpt lat="31.2841646187007427215576171875" lon="121.371627934277057647705078125">
        <ele>6.400000095367431640625</ele>
        <time>2026-05-30T01:12:35.000Z</time>
        <extensions>
          <ns3:TrackPointExtension>
            <ns3:hr>135</ns3:hr>
            <ns3:cad>81</ns3:cad>
          </ns3:TrackPointExtension>
        </extensions>
      </trkpt>
      <trkpt lat="31.2841897644102573394775390625" lon="121.3716287724673748016357421875">
        <ele>6.400000095367431640625</ele>
        <time>2026-05-30T01:12:36.000Z</time>
        <extensions>
          <ns3:TrackPointExtension>
            <ns3:hr>135</ns3:hr>
            <ns3:cad>81</ns3:cad>
          </ns3:TrackPointExtension>
        </extensions>
      </trkpt>
      <trkpt lat="31.28421398811042308807373046875" lon="121.37162298895418643951416015625">
        <ele>6.400000095367431640625</ele>
        <time>2026-05-30T01:12:37.000Z</time>
        <extensions>
          <ns3:TrackPointExtension>
            <ns3:hr>136</ns3:hr>
            <ns3:cad>81</ns3:cad>
          </ns3:TrackPointExtension>
        </extensions>
      </trkpt>
      <trkpt lat="31.28423896618187427520751953125" lon="121.37162265367805957794189453125">
        <ele>6.400000095367431640625</ele>
        <time>2026-05-30T01:12:38.000Z</time>
        <extensions>
          <ns3:TrackPointExtension>
            <ns3:hr>136</ns3:hr>
            <ns3:cad>81</ns3:cad>
          </ns3:TrackPointExtension>
        </extensions>
      </trkpt>
      <trkpt lat="31.2842605076730251312255859375" lon="121.3716227374970912933349609375">
        <ele>6.19999980926513671875</ele>
        <time>2026-05-30T01:12:39.000Z</time>
        <extensions>
          <ns3:TrackPointExtension>
            <ns3:hr>136</ns3:hr>
            <ns3:cad>81</ns3:cad>
          </ns3:TrackPointExtension>
        </extensions>
      </trkpt>
      <trkpt lat="31.28428406082093715667724609375" lon="121.37162986211478710174560546875">
        <ele>6.19999980926513671875</ele>
        <time>2026-05-30T01:12:40.000Z</time>
        <extensions>
          <ns3:TrackPointExtension>
            <ns3:hr>136</ns3:hr>
            <ns3:cad>81</ns3:cad>
          </ns3:TrackPointExtension>
        </extensions>
      </trkpt>
      <trkpt lat="31.284304596483707427978515625" lon="121.3716314546763896942138671875">
        <ele>6.19999980926513671875</ele>
        <time>2026-05-30T01:12:41.000Z</time>
        <extensions>
          <ns3:TrackPointExtension>
            <ns3:hr>136</ns3:hr>
            <ns3:cad>81</ns3:cad>
          </ns3:TrackPointExtension>
        </extensions>
      </trkpt>
      <trkpt lat="31.284324042499065399169921875" lon="121.371634639799594879150390625">
        <ele>6.19999980926513671875</ele>
        <time>2026-05-30T01:12:42.000Z</time>
        <extensions>
          <ns3:TrackPointExtension>
            <ns3:hr>136</ns3:hr>
            <ns3:cad>81</ns3:cad>
          </ns3:TrackPointExtension>
        </extensions>
      </trkpt>
      <trkpt lat="31.28434742800891399383544921875" lon="121.371637322008609771728515625">
        <ele>6.19999980926513671875</ele>
        <time>2026-05-30T01:12:43.000Z</time>
        <extensions>
          <ns3:TrackPointExtension>
            <ns3:hr>136</ns3:hr>
            <ns3:cad>80</ns3:cad>
          </ns3:TrackPointExtension>
        </extensions>
      </trkpt>
      <trkpt lat="31.2843718193471431732177734375" lon="121.37163891457021236419677734375">
        <ele>6.19999980926513671875</ele>
        <time>2026-05-30T01:12:44.000Z</time>
        <extensions>
          <ns3:TrackPointExtension>
            <ns3:hr>135</ns3:hr>
            <ns3:cad>80</ns3:cad>
          </ns3:TrackPointExtension>
        </extensions>
      </trkpt>
      <trkpt lat="31.28439302556216716766357421875" lon="121.37163321487605571746826171875">
        <ele>6.19999980926513671875</ele>
        <time>2026-05-30T01:12:45.000Z</time>
        <extensions>
          <ns3:TrackPointExtension>
            <ns3:hr>136</ns3:hr>
            <ns3:cad>80</ns3:cad>
          </ns3:TrackPointExtension>
        </extensions>
      </trkpt>
      <trkpt lat="31.28441012464463710784912109375" lon="121.37162734754383563995361328125">
        <ele>6.19999980926513671875</ele>
        <time>2026-05-30T01:12:46.000Z</time>
        <extensions>
          <ns3:TrackPointExtension>
            <ns3:hr>136</ns3:hr>
            <ns3:cad>80</ns3:cad>
          </ns3:TrackPointExtension>
        </extensions>
      </trkpt>
      <trkpt lat="31.28443191759288311004638671875" lon="121.371617205440998077392578125">
        <ele>6.19999980926513671875</ele>
        <time>2026-05-30T01:12:47.000Z</time>
        <extensions>
          <ns3:TrackPointExtension>
            <ns3:hr>136</ns3:hr>
            <ns3:cad>80</ns3:cad>
          </ns3:TrackPointExtension>
        </extensions>
      </trkpt>
      <trkpt lat="31.28444708883762359619140625" lon="121.37160572223365306854248046875">
        <ele>6.19999980926513671875</ele>
        <time>2026-05-30T01:12:48.000Z</time>
        <extensions>
          <ns3:TrackPointExtension>
            <ns3:hr>136</ns3:hr>
            <ns3:cad>80</ns3:cad>
          </ns3:TrackPointExtension>
        </extensions>
      </trkpt>
      <trkpt lat="31.28446058370172977447509765625" lon="121.37159080244600772857666015625">
        <ele>6</ele>
        <time>2026-05-30T01:12:49.000Z</time>
        <extensions>
          <ns3:TrackPointExtension>
            <ns3:hr>135</ns3:hr>
            <ns3:cad>80</ns3:cad>
          </ns3:TrackPointExtension>
        </extensions>
      </trkpt>
      <trkpt lat="31.2844713963568210601806640625" lon="121.371574290096759796142578125">
        <ele>6</ele>
        <time>2026-05-30T01:12:50.000Z</time>
        <extensions>
          <ns3:TrackPointExtension>
            <ns3:hr>135</ns3:hr>
            <ns3:cad>80</ns3:cad>
          </ns3:TrackPointExtension>
        </extensions>
      </trkpt>
      <trkpt lat="31.2844787724316120147705078125" lon="121.37155375443398952484130859375">
        <ele>6</ele>
        <time>2026-05-30T01:12:51.000Z</time>
        <extensions>
          <ns3:TrackPointExtension>
            <ns3:hr>134</ns3:hr>
            <ns3:cad>80</ns3:cad>
          </ns3:TrackPointExtension>
        </extensions>
      </trkpt>
      <trkpt lat="31.2844841368496417999267578125" lon="121.3715285249054431915283203125">
        <ele>6</ele>
        <time>2026-05-30T01:12:52.000Z</time>
        <extensions>
          <ns3:TrackPointExtension>
            <ns3:hr>134</ns3:hr>
            <ns3:cad>78</ns3:cad>
          </ns3:TrackPointExtension>
        </extensions>
      </trkpt>
      <trkpt lat="31.284487657248973846435546875" lon="121.3715040497481822967529296875">
        <ele>6</ele>
        <time>2026-05-30T01:12:53.000Z</time>
        <extensions>
          <ns3:TrackPointExtension>
            <ns3:hr>134</ns3:hr>
            <ns3:cad>77</ns3:cad>
          </ns3:TrackPointExtension>
        </extensions>
      </trkpt>
      <trkpt lat="31.2844874896109104156494140625" lon="121.3714789040386676788330078125">
        <ele>6</ele>
        <time>2026-05-30T01:12:54.000Z</time>
        <extensions>
          <ns3:TrackPointExtension>
            <ns3:hr>134</ns3:hr>
            <ns3:cad>78</ns3:cad>
          </ns3:TrackPointExtension>
        </extensions>
      </trkpt>
      <trkpt lat="31.2844888307154178619384765625" lon="121.37145258486270904541015625">
        <ele>6</ele>
        <time>2026-05-30T01:12:55.000Z</time>
        <extensions>
          <ns3:TrackPointExtension>
            <ns3:hr>134</ns3:hr>
            <ns3:cad>78</ns3:cad>
          </ns3:TrackPointExtension>
        </extensions>
      </trkpt>
      <trkpt lat="31.28449025563895702362060546875" lon="121.37142500840127468109130859375">
        <ele>6</ele>
        <time>2026-05-30T01:12:56.000Z</time>
        <extensions>
          <ns3:TrackPointExtension>
            <ns3:hr>134</ns3:hr>
            <ns3:cad>78</ns3:cad>
          </ns3:TrackPointExtension>
        </extensions>
      </trkpt>
      <trkpt lat="31.2844935245811939239501953125" lon="121.37139718048274517059326171875">
        <ele>6</ele>
        <time>2026-05-30T01:12:57.000Z</time>
        <extensions>
          <ns3:TrackPointExtension>
            <ns3:hr>134</ns3:hr>
            <ns3:cad>79</ns3:cad>
          </ns3:TrackPointExtension>
        </extensions>
      </trkpt>
      <trkpt lat="31.2844965420663356781005859375" lon="121.37136868201196193695068359375">
        <ele>6</ele>
        <time>2026-05-30T01:12:58.000Z</time>
        <extensions>
          <ns3:TrackPointExtension>
            <ns3:hr>134</ns3:hr>
            <ns3:cad>79</ns3:cad>
          </ns3:TrackPointExtension>
        </extensions>
      </trkpt>
      <trkpt lat="31.28449981100857257843017578125" lon="121.37134370394051074981689453125">
        <ele>6</ele>
        <time>2026-05-30T01:12:59.000Z</time>
        <extensions>
          <ns3:TrackPointExtension>
            <ns3:hr>134</ns3:hr>
            <ns3:cad>79</ns3:cad>
          </ns3:TrackPointExtension>
        </extensions>
      </trkpt>
      <trkpt lat="31.28450131975114345550537109375" lon="121.37131839059293270111083984375">
        <ele>6.19999980926513671875</ele>
        <time>2026-05-30T01:13:00.000Z</time>
        <extensions>
          <ns3:TrackPointExtension>
            <ns3:hr>134</ns3:hr>
            <ns3:cad>79</ns3:cad>
          </ns3:TrackPointExtension>
        </extensions>
      </trkpt>
      <trkpt lat="31.2845027446746826171875" lon="121.37128871865570545196533203125">
        <ele>6</ele>
        <time>2026-05-30T01:13:01.000Z</time>
        <extensions>
          <ns3:TrackPointExtension>
            <ns3:hr>134</ns3:hr>
            <ns3:cad>80</ns3:cad>
          </ns3:TrackPointExtension>
        </extensions>
      </trkpt>
      <trkpt lat="31.28450115211308002471923828125" lon="121.37125938199460506439208984375">
        <ele>6</ele>
        <time>2026-05-30T01:13:02.000Z</time>
        <extensions>
          <ns3:TrackPointExtension>
            <ns3:hr>134</ns3:hr>
            <ns3:cad>80</ns3:cad>
          </ns3:TrackPointExtension>
        </extensions>
      </trkpt>
      <trkpt lat="31.28450148738920688629150390625" lon="121.371234990656375885009765625">
        <ele>6</ele>
        <time>2026-05-30T01:13:03.000Z</time>
        <extensions>
          <ns3:TrackPointExtension>
            <ns3:hr>133</ns3:hr>
            <ns3:cad>81</ns3:cad>
          </ns3:TrackPointExtension>
        </extensions>
      </trkpt>
      <trkpt lat="31.284505091607570648193359375" lon="121.37121026404201984405517578125">
        <ele>6</ele>
        <time>2026-05-30T01:13:04.000Z</time>
        <extensions>
          <ns3:TrackPointExtension>
            <ns3:hr>134</ns3:hr>
            <ns3:cad>80</ns3:cad>
          </ns3:TrackPointExtension>
        </extensions>
      </trkpt>
      <trkpt lat="31.28451070748269557952880859375" lon="121.37118696235120296478271484375">
        <ele>5.80000019073486328125</ele>
        <time>2026-05-30T01:13:05.000Z</time>
        <extensions>
          <ns3:TrackPointExtension>
            <ns3:hr>134</ns3:hr>
            <ns3:cad>80</ns3:cad>
          </ns3:TrackPointExtension>
        </extensions>
      </trkpt>
      <trkpt lat="31.28451523371040821075439453125" lon="121.37116600759327411651611328125">
        <ele>5.80000019073486328125</ele>
        <time>2026-05-30T01:13:06.000Z</time>
        <extensions>
          <ns3:TrackPointExtension>
            <ns3:hr>134</ns3:hr>
            <ns3:cad>80</ns3:cad>
          </ns3:TrackPointExtension>
        </extensions>
      </trkpt>
      <trkpt lat="31.28451858647167682647705078125" lon="121.37114153243601322174072265625">
        <ele>5.80000019073486328125</ele>
        <time>2026-05-30T01:13:07.000Z</time>
        <extensions>
          <ns3:TrackPointExtension>
            <ns3:hr>134</ns3:hr>
            <ns3:cad>80</ns3:cad>
          </ns3:TrackPointExtension>
        </extensions>
      </trkpt>
      <trkpt lat="31.2845260463654994964599609375" lon="121.3711208291351795196533203125">
        <ele>5.80000019073486328125</ele>
        <time>2026-05-30T01:13:08.000Z</time>
        <extensions>
          <ns3:TrackPointExtension>
            <ns3:hr>134</ns3:hr>
            <ns3:cad>81</ns3:cad>
          </ns3:TrackPointExtension>
        </extensions>
      </trkpt>
      <trkpt lat="31.2845314107835292816162109375" lon="121.37110146693885326385498046875">
        <ele>5.80000019073486328125</ele>
        <time>2026-05-30T01:13:09.000Z</time>
        <extensions>
          <ns3:TrackPointExtension>
            <ns3:hr>134</ns3:hr>
            <ns3:cad>81</ns3:cad>
          </ns3:TrackPointExtension>
        </extensions>
      </trkpt>
      <trkpt lat="31.28453970886766910552978515625" lon="121.37108369730412960052490234375">
        <ele>6</ele>
        <time>2026-05-30T01:13:10.000Z</time>
        <extensions>
          <ns3:TrackPointExtension>
            <ns3:hr>134</ns3:hr>
            <ns3:cad>81</ns3:cad>
          </ns3:TrackPointExtension>
        </extensions>
      </trkpt>
      <trkpt lat="31.2845411337912082672119140625" lon="121.37106793932616710662841796875">
        <ele>6</ele>
        <time>2026-05-30T01:13:11.000Z</time>
        <extensions>
          <ns3:TrackPointExtension>
            <ns3:hr>134</ns3:hr>
            <ns3:cad>80</ns3:cad>
          </ns3:TrackPointExtension>
        </extensions>
      </trkpt>
      <trkpt lat="31.28454473800957202911376953125" lon="121.37104983441531658172607421875">
        <ele>5.80000019073486328125</ele>
        <time>2026-05-30T01:13:12.000Z</time>
        <extensions>
          <ns3:TrackPointExtension>
            <ns3:hr>134</ns3:hr>
            <ns3:cad>80</ns3:cad>
          </ns3:TrackPointExtension>
        </extensions>
      </trkpt>
      <trkpt lat="31.28454842604696750640869140625" lon="121.37103122659027576446533203125">
        <ele>6</ele>
        <time>2026-05-30T01:13:13.000Z</time>
        <extensions>
          <ns3:TrackPointExtension>
            <ns3:hr>134</ns3:hr>
            <ns3:cad>80</ns3:cad>
          </ns3:TrackPointExtension>
        </extensions>
      </trkpt>
      <trkpt lat="31.28455496393144130706787109375" lon="121.37100641615688800811767578125">
        <ele>6</ele>
        <time>2026-05-30T01:13:14.000Z</time>
        <extensions>
          <ns3:TrackPointExtension>
            <ns3:hr>134</ns3:hr>
            <ns3:cad>80</ns3:cad>
          </ns3:TrackPointExtension>
        </extensions>
      </trkpt>
      <trkpt lat="31.2845578975975513458251953125" lon="121.3709793426096439361572265625">
        <ele>6</ele>
        <time>2026-05-30T01:13:15.000Z</time>
        <extensions>
          <ns3:TrackPointExtension>
            <ns3:hr>134</ns3:hr>
            <ns3:cad>81</ns3:cad>
          </ns3:TrackPointExtension>
        </extensions>
      </trkpt>
      <trkpt lat="31.2845599092543125152587890625" lon="121.3709521852433681488037109375">
        <ele>6</ele>
        <time>2026-05-30T01:13:16.000Z</time>
        <extensions>
          <ns3:TrackPointExtension>
            <ns3:hr>133</ns3:hr>
            <ns3:cad>81</ns3:cad>
          </ns3:TrackPointExtension>
        </extensions>
      </trkpt>
      <trkpt lat="31.2845639325678348541259765625" lon="121.37092192657291889190673828125">
        <ele>6</ele>
        <time>2026-05-30T01:13:17.000Z</time>
        <extensions>
          <ns3:TrackPointExtension>
            <ns3:hr>134</ns3:hr>
            <ns3:cad>81</ns3:cad>
          </ns3:TrackPointExtension>
        </extensions>
      </trkpt>
      <trkpt lat="31.2845669500529766082763671875" lon="121.37089376337826251983642578125">
        <ele>6</ele>
        <time>2026-05-30T01:13:18.000Z</time>
        <extensions>
          <ns3:TrackPointExtension>
            <ns3:hr>134</ns3:hr>
            <ns3:cad>81</ns3:cad>
          </ns3:TrackPointExtension>
        </extensions>
      </trkpt>
      <trkpt lat="31.28456669859588146209716796875" lon="121.3708666898310184478759765625">
        <ele>6</ele>
        <time>2026-05-30T01:13:19.000Z</time>
        <extensions>
          <ns3:TrackPointExtension>
            <ns3:hr>134</ns3:hr>
            <ns3:cad>80</ns3:cad>
          </ns3:TrackPointExtension>
        </extensions>
      </trkpt>
      <trkpt lat="31.28456552512943744659423828125" lon="121.37083743698894977569580078125">
        <ele>6</ele>
        <time>2026-05-30T01:13:20.000Z</time>
        <extensions>
          <ns3:TrackPointExtension>
            <ns3:hr>134</ns3:hr>
            <ns3:cad>80</ns3:cad>
          </ns3:TrackPointExtension>
        </extensions>
      </trkpt>
      <trkpt lat="31.28456552512943744659423828125" lon="121.370805166661739349365234375">
        <ele>6</ele>
        <time>2026-05-30T01:13:21.000Z</time>
        <extensions>
          <ns3:TrackPointExtension>
            <ns3:hr>134</ns3:hr>
            <ns3:cad>80</ns3:cad>
          </ns3:TrackPointExtension>
        </extensions>
      </trkpt>
      <trkpt lat="31.2845642678439617156982421875" lon="121.3707775063812732696533203125">
        <ele>6</ele>
        <time>2026-05-30T01:13:22.000Z</time>
        <extensions>
          <ns3:TrackPointExtension>
            <ns3:hr>134</ns3:hr>
            <ns3:cad>81</ns3:cad>
          </ns3:TrackPointExtension>
        </extensions>
      </trkpt>
      <trkpt lat="31.28456301055848598480224609375" lon="121.37074892409145832061767578125">
        <ele>6</ele>
        <time>2026-05-30T01:13:23.000Z</time>
        <extensions>
          <ns3:TrackPointExtension>
            <ns3:hr>134</ns3:hr>
            <ns3:cad>81</ns3:cad>
          </ns3:TrackPointExtension>
        </extensions>
      </trkpt>
      <trkpt lat="31.28456066362559795379638671875" lon="121.37071992270648479461669921875">
        <ele>6</ele>
        <time>2026-05-30T01:13:24.000Z</time>
        <extensions>
          <ns3:TrackPointExtension>
            <ns3:hr>134</ns3:hr>
            <ns3:cad>81</ns3:cad>
          </ns3:TrackPointExtension>
        </extensions>
      </trkpt>
      <trkpt lat="31.2845582328736782073974609375" lon="121.3706941902637481689453125">
        <ele>5.80000019073486328125</ele>
        <time>2026-05-30T01:13:25.000Z</time>
        <extensions>
          <ns3:TrackPointExtension>
            <ns3:hr>134</ns3:hr>
            <ns3:cad>81</ns3:cad>
          </ns3:TrackPointExtension>
        </extensions>
      </trkpt>
      <trkpt lat="31.28455437719821929931640625" lon="121.3706695474684238433837890625">
        <ele>5.80000019073486328125</ele>
        <time>2026-05-30T01:13:26.000Z</time>
        <extensions>
          <ns3:TrackPointExtension>
            <ns3:hr>134</ns3:hr>
            <ns3:cad>81</ns3:cad>
          </ns3:TrackPointExtension>
        </extensions>
      </trkpt>
      <trkpt lat="31.28455345518887042999267578125" lon="121.37064364738762378692626953125">
        <ele>5.80000019073486328125</ele>
        <time>2026-05-30T01:13:27.000Z</time>
        <extensions>
          <ns3:TrackPointExtension>
            <ns3:hr>134</ns3:hr>
            <ns3:cad>81</ns3:cad>
          </ns3:TrackPointExtension>
        </extensions>
      </trkpt>
      <trkpt lat="31.284550689160823822021484375" lon="121.3706169091165065765380859375">
        <ele>5.80000019073486328125</ele>
        <time>2026-05-30T01:13:28.000Z</time>
        <extensions>
          <ns3:TrackPointExtension>
            <ns3:hr>134</ns3:hr>
            <ns3:cad>81</ns3:cad>
          </ns3:TrackPointExtension>
        </extensions>
      </trkpt>
      <trkpt lat="31.284550689160823822021484375" lon="121.37059159576892852783203125">
        <ele>5.80000019073486328125</ele>
        <time>2026-05-30T01:13:29.000Z</time>
        <extensions>
          <ns3:TrackPointExtension>
            <ns3:hr>134</ns3:hr>
            <ns3:cad>81</ns3:cad>
          </ns3:TrackPointExtension>
        </extensions>
      </trkpt>
      <trkpt lat="31.28454976715147495269775390625" lon="121.37057139538228511810302734375">
        <ele>5.80000019073486328125</ele>
        <time>2026-05-30T01:13:30.000Z</time>
        <extensions>
          <ns3:TrackPointExtension>
            <ns3:hr>134</ns3:hr>
            <ns3:cad>80</ns3:cad>
          </ns3:TrackPointExtension>
        </extensions>
      </trkpt>
      <trkpt lat="31.28454993478953838348388671875" lon="121.37054876424372196197509765625">
        <ele>5.80000019073486328125</ele>
        <time>2026-05-30T01:13:31.000Z</time>
        <extensions>
          <ns3:TrackPointExtension>
            <ns3:hr>134</ns3:hr>
            <ns3:cad>80</ns3:cad>
          </ns3:TrackPointExtension>
        </extensions>
      </trkpt>
      <trkpt lat="31.2845555506646633148193359375" lon="121.3705233670771121978759765625">
        <ele>5.80000019073486328125</ele>
        <time>2026-05-30T01:13:32.000Z</time>
        <extensions>
          <ns3:TrackPointExtension>
            <ns3:hr>134</ns3:hr>
            <ns3:cad>80</ns3:cad>
          </ns3:TrackPointExtension>
        </extensions>
      </trkpt>
      <trkpt lat="31.28458388149738311767578125" lon="121.3705123029649257659912109375">
        <ele>5.80000019073486328125</ele>
        <time>2026-05-30T01:13:33.000Z</time>
        <extensions>
          <ns3:TrackPointExtension>
            <ns3:hr>134</ns3:hr>
            <ns3:cad>80</ns3:cad>
          </ns3:TrackPointExtension>
        </extensions>
      </trkpt>
      <trkpt lat="31.28460693173110485076904296875" lon="121.3705119676887989044189453125">
        <ele>6</ele>
        <time>2026-05-30T01:13:34.000Z</time>
        <extensions>
          <ns3:TrackPointExtension>
            <ns3:hr>133</ns3:hr>
            <ns3:cad>79</ns3:cad>
          </ns3:TrackPointExtension>
        </extensions>
      </trkpt>
      <trkpt lat="31.28462637774646282196044921875" lon="121.3705055974423885345458984375">
        <ele>6</ele>
        <time>2026-05-30T01:13:35.000Z</time>
        <extensions>
          <ns3:TrackPointExtension>
            <ns3:hr>133</ns3:hr>
            <ns3:cad>79</ns3:cad>
          </ns3:TrackPointExtension>
        </extensions>
      </trkpt>
      <trkpt lat="31.28465018235146999359130859375" lon="121.37049847282469272613525390625">
        <ele>6</ele>
        <time>2026-05-30T01:13:36.000Z</time>
        <extensions>
          <ns3:TrackPointExtension>
            <ns3:hr>133</ns3:hr>
            <ns3:cad>79</ns3:cad>
          </ns3:TrackPointExtension>
        </extensions>
      </trkpt>
      <trkpt lat="31.28467197529971599578857421875" lon="121.3705045916140079498291015625">
        <ele>6</ele>
        <time>2026-05-30T01:13:37.000Z</time>
        <extensions>
          <ns3:TrackPointExtension>
            <ns3:hr>133</ns3:hr>
            <ns3:cad>78</ns3:cad>
          </ns3:TrackPointExtension>
        </extensions>
      </trkpt>
      <trkpt lat="31.2846936844289302825927734375" lon="121.37050635181367397308349609375">
        <ele>6</ele>
        <time>2026-05-30T01:13:38.000Z</time>
        <extensions>
          <ns3:TrackPointExtension>
            <ns3:hr>132</ns3:hr>
            <ns3:cad>78</ns3:cad>
          </ns3:TrackPointExtension>
        </extensions>
      </trkpt>
      <trkpt lat="31.284714974462985992431640625" lon="121.3705079443752765655517578125">
        <ele>6</ele>
        <time>2026-05-30T01:13:39.000Z</time>
        <extensions>
          <ns3:TrackPointExtension>
            <ns3:hr>132</ns3:hr>
            <ns3:cad>78</ns3:cad>
          </ns3:TrackPointExtension>
        </extensions>
      </trkpt>
      <trkpt lat="31.28473584540188312530517578125" lon="121.37050903402268886566162109375">
        <ele>6</ele>
        <time>2026-05-30T01:13:40.000Z</time>
        <extensions>
          <ns3:TrackPointExtension>
            <ns3:hr>132</ns3:hr>
            <ns3:cad>77</ns3:cad>
          </ns3:TrackPointExtension>
        </extensions>
      </trkpt>
      <trkpt lat="31.284757889807224273681640625" lon="121.3705082796514034271240234375">
        <ele>6.19999980926513671875</ele>
        <time>2026-05-30T01:13:41.000Z</time>
        <extensions>
          <ns3:TrackPointExtension>
            <ns3:hr>132</ns3:hr>
            <ns3:cad>78</ns3:cad>
          </ns3:TrackPointExtension>
        </extensions>
      </trkpt>
      <trkpt lat="31.2847791798412799835205078125" lon="121.3705112971365451812744140625">
        <ele>6.19999980926513671875</ele>
        <time>2026-05-30T01:13:42.000Z</time>
        <extensions>
          <ns3:TrackPointExtension>
            <ns3:hr>132</ns3:hr>
            <ns3:cad>79</ns3:cad>
          </ns3:TrackPointExtension>
        </extensions>
      </trkpt>
      <trkpt lat="31.2848018109798431396484375" lon="121.37051925994455814361572265625">
        <ele>6.400000095367431640625</ele>
        <time>2026-05-30T01:13:43.000Z</time>
        <extensions>
          <ns3:TrackPointExtension>
            <ns3:hr>132</ns3:hr>
            <ns3:cad>80</ns3:cad>
          </ns3:TrackPointExtension>
        </extensions>
      </trkpt>
      <trkpt lat="31.28482284955680370330810546875" lon="121.37052261270582675933837890625">
        <ele>6.400000095367431640625</ele>
        <time>2026-05-30T01:13:44.000Z</time>
        <extensions>
          <ns3:TrackPointExtension>
            <ns3:hr>132</ns3:hr>
            <ns3:cad>80</ns3:cad>
          </ns3:TrackPointExtension>
        </extensions>
      </trkpt>
      <trkpt lat="31.2848435528576374053955078125" lon="121.370525546371936798095703125">
        <ele>6.400000095367431640625</ele>
        <time>2026-05-30T01:13:45.000Z</time>
        <extensions>
          <ns3:TrackPointExtension>
            <ns3:hr>132</ns3:hr>
            <ns3:cad>81</ns3:cad>
          </ns3:TrackPointExtension>
        </extensions>
      </trkpt>
      <trkpt lat="31.28486576490104198455810546875" lon="121.37052982114255428314208984375">
        <ele>6.400000095367431640625</ele>
        <time>2026-05-30T01:13:46.000Z</time>
        <extensions>
          <ns3:TrackPointExtension>
            <ns3:hr>133</ns3:hr>
            <ns3:cad>81</ns3:cad>
          </ns3:TrackPointExtension>
        </extensions>
      </trkpt>
      <trkpt lat="31.28488554619252681732177734375" lon="121.37053124606609344482421875">
        <ele>6.400000095367431640625</ele>
        <time>2026-05-30T01:13:47.000Z</time>
        <extensions>
          <ns3:TrackPointExtension>
            <ns3:hr>132</ns3:hr>
            <ns3:cad>81</ns3:cad>
          </ns3:TrackPointExtension>
        </extensions>
      </trkpt>
      <trkpt lat="31.2849062494933605194091796875" lon="121.37053300626575946807861328125">
        <ele>6.400000095367431640625</ele>
        <time>2026-05-30T01:13:48.000Z</time>
        <extensions>
          <ns3:TrackPointExtension>
            <ns3:hr>132</ns3:hr>
            <ns3:cad>79</ns3:cad>
          </ns3:TrackPointExtension>
        </extensions>
      </trkpt>
      <trkpt lat="31.284927539527416229248046875" lon="121.37053384445607662200927734375">
        <ele>6.400000095367431640625</ele>
        <time>2026-05-30T01:13:49.000Z</time>
        <extensions>
          <ns3:TrackPointExtension>
            <ns3:hr>132</ns3:hr>
            <ns3:cad>79</ns3:cad>
          </ns3:TrackPointExtension>
        </extensions>
      </trkpt>
      <trkpt lat="31.28494874574244022369384765625" lon="121.3705354370176792144775390625">
        <ele>6.19999980926513671875</ele>
        <time>2026-05-30T01:13:50.000Z</time>
        <extensions>
          <ns3:TrackPointExtension>
            <ns3:hr>133</ns3:hr>
            <ns3:cad>79</ns3:cad>
          </ns3:TrackPointExtension>
        </extensions>
      </trkpt>
      <trkpt lat="31.28497322089970111846923828125" lon="121.37053384445607662200927734375">
        <ele>6.19999980926513671875</ele>
        <time>2026-05-30T01:13:51.000Z</time>
        <extensions>
          <ns3:TrackPointExtension>
            <ns3:hr>132</ns3:hr>
            <ns3:cad>79</ns3:cad>
          </ns3:TrackPointExtension>
        </extensions>
      </trkpt>
      <trkpt lat="31.28499585203826427459716796875" lon="121.3705364428460597991943359375">
        <ele>6.19999980926513671875</ele>
        <time>2026-05-30T01:13:52.000Z</time>
        <extensions>
          <ns3:TrackPointExtension>
            <ns3:hr>132</ns3:hr>
            <ns3:cad>79</ns3:cad>
          </ns3:TrackPointExtension>
        </extensions>
      </trkpt>
      <trkpt lat="31.28501663915812969207763671875" lon="121.37053837068378925323486328125">
        <ele>6</ele>
        <time>2026-05-30T01:13:53.000Z</time>
        <extensions>
          <ns3:TrackPointExtension>
            <ns3:hr>132</ns3:hr>
            <ns3:cad>79</ns3:cad>
          </ns3:TrackPointExtension>
        </extensions>
      </trkpt>
      <trkpt lat="31.285040192306041717529296875" lon="121.370540969073772430419921875">
        <ele>6</ele>
        <time>2026-05-30T01:13:54.000Z</time>
        <extensions>
          <ns3:TrackPointExtension>
            <ns3:hr>132</ns3:hr>
            <ns3:cad>79</ns3:cad>
          </ns3:TrackPointExtension>
        </extensions>
      </trkpt>
      <trkpt lat="31.28506408073008060455322265625" lon="121.3705441541969776153564453125">
        <ele>6</ele>
        <time>2026-05-30T01:13:55.000Z</time>
        <extensions>
          <ns3:TrackPointExtension>
            <ns3:hr>133</ns3:hr>
            <ns3:cad>79</ns3:cad>
          </ns3:TrackPointExtension>
        </extensions>
      </trkpt>
      <trkpt lat="31.28508553840219974517822265625" lon="121.3705439865589141845703125">
        <ele>6.19999980926513671875</ele>
        <time>2026-05-30T01:13:56.000Z</time>
        <extensions>
          <ns3:TrackPointExtension>
            <ns3:hr>132</ns3:hr>
            <ns3:cad>79</ns3:cad>
          </ns3:TrackPointExtension>
        </extensions>
      </trkpt>
      <trkpt lat="31.28510884009301662445068359375" lon="121.3705475069582462310791015625">
        <ele>6.19999980926513671875</ele>
        <time>2026-05-30T01:13:57.000Z</time>
        <extensions>
          <ns3:TrackPointExtension>
            <ns3:hr>132</ns3:hr>
            <ns3:cad>80</ns3:cad>
          </ns3:TrackPointExtension>
        </extensions>
      </trkpt>
      <trkpt lat="31.2851285375654697418212890625" lon="121.3705522008240222930908203125">
        <ele>6.19999980926513671875</ele>
        <time>2026-05-30T01:13:58.000Z</time>
        <extensions>
          <ns3:TrackPointExtension>
            <ns3:hr>133</ns3:hr>
            <ns3:cad>80</ns3:cad>
          </ns3:TrackPointExtension>
        </extensions>
      </trkpt>
      <trkpt lat="31.2851463072001934051513671875" lon="121.37055295519530773162841796875">
        <ele>6.19999980926513671875</ele>
        <time>2026-05-30T01:13:59.000Z</time>
        <extensions>
          <ns3:TrackPointExtension>
            <ns3:hr>133</ns3:hr>
            <ns3:cad>80</ns3:cad>
          </ns3:TrackPointExtension>
        </extensions>
      </trkpt>
      <trkpt lat="31.28516734577715396881103515625" lon="121.370556056499481201171875">
        <ele>6.19999980926513671875</ele>
        <time>2026-05-30T01:14:00.000Z</time>
        <extensions>
          <ns3:TrackPointExtension>
            <ns3:hr>134</ns3:hr>
            <ns3:cad>80</ns3:cad>
          </ns3:TrackPointExtension>
        </extensions>
      </trkpt>
      <trkpt lat="31.2851892225444316864013671875" lon="121.3705558888614177703857421875">
        <ele>6.19999980926513671875</ele>
        <time>2026-05-30T01:14:01.000Z</time>
        <extensions>
          <ns3:TrackPointExtension>
            <ns3:hr>134</ns3:hr>
            <ns3:cad>80</ns3:cad>
          </ns3:TrackPointExtension>
        </extensions>
      </trkpt>
      <trkpt lat="31.28521017730236053466796875" lon="121.37055647559463977813720703125">
        <ele>6</ele>
        <time>2026-05-30T01:14:02.000Z</time>
        <extensions>
          <ns3:TrackPointExtension>
            <ns3:hr>134</ns3:hr>
            <ns3:cad>80</ns3:cad>
          </ns3:TrackPointExtension>
        </extensions>
      </trkpt>
      <trkpt lat="31.2852323055267333984375" lon="121.37055873870849609375">
        <ele>6</ele>
        <time>2026-05-30T01:14:03.000Z</time>
        <extensions>
          <ns3:TrackPointExtension>
            <ns3:hr>134</ns3:hr>
            <ns3:cad>80</ns3:cad>
          </ns3:TrackPointExtension>
        </extensions>
      </trkpt>
      <trkpt lat="31.2852532602846622467041015625" lon="121.37056033127009868621826171875">
        <ele>6</ele>
        <time>2026-05-30T01:14:04.000Z</time>
        <extensions>
          <ns3:TrackPointExtension>
            <ns3:hr>134</ns3:hr>
            <ns3:cad>80</ns3:cad>
          </ns3:TrackPointExtension>
        </extensions>
      </trkpt>
      <trkpt lat="31.285272873938083648681640625" lon="121.3705589063465595245361328125">
        <ele>5.80000019073486328125</ele>
        <time>2026-05-30T01:14:05.000Z</time>
        <extensions>
          <ns3:TrackPointExtension>
            <ns3:hr>135</ns3:hr>
            <ns3:cad>80</ns3:cad>
          </ns3:TrackPointExtension>
        </extensions>
      </trkpt>
      <trkpt lat="31.28529424779117107391357421875" lon="121.3705632649362087249755859375">
        <ele>5.80000019073486328125</ele>
        <time>2026-05-30T01:14:06.000Z</time>
        <extensions>
          <ns3:TrackPointExtension>
            <ns3:hr>134</ns3:hr>
            <ns3:cad>80</ns3:cad>
          </ns3:TrackPointExtension>
        </extensions>
      </trkpt>
      <trkpt lat="31.2853172980248928070068359375" lon="121.370565779507160186767578125">
        <ele>5.80000019073486328125</ele>
        <time>2026-05-30T01:14:07.000Z</time>
        <extensions>
          <ns3:TrackPointExtension>
            <ns3:hr>134</ns3:hr>
            <ns3:cad>80</ns3:cad>
          </ns3:TrackPointExtension>
        </extensions>
      </trkpt>
      <trkpt lat="31.28533783368766307830810546875" lon="121.37056410312652587890625">
        <ele>5.80000019073486328125</ele>
        <time>2026-05-30T01:14:08.000Z</time>
        <extensions>
          <ns3:TrackPointExtension>
            <ns3:hr>134</ns3:hr>
            <ns3:cad>80</ns3:cad>
          </ns3:TrackPointExtension>
        </extensions>
      </trkpt>
      <trkpt lat="31.28536038100719451904296875" lon="121.37056837789714336395263671875">
        <ele>5.80000019073486328125</ele>
        <time>2026-05-30T01:14:09.000Z</time>
        <extensions>
          <ns3:TrackPointExtension>
            <ns3:hr>134</ns3:hr>
            <ns3:cad>80</ns3:cad>
          </ns3:TrackPointExtension>
        </extensions>
      </trkpt>
      <trkpt lat="31.28538460470736026763916015625" lon="121.37057156302034854888916015625">
        <ele>5.80000019073486328125</ele>
        <time>2026-05-30T01:14:10.000Z</time>
        <extensions>
          <ns3:TrackPointExtension>
            <ns3:hr>134</ns3:hr>
            <ns3:cad>81</ns3:cad>
          </ns3:TrackPointExtension>
        </extensions>
      </trkpt>
      <trkpt lat="31.2854064814746379852294921875" lon="121.37057407759130001068115234375">
        <ele>6</ele>
        <time>2026-05-30T01:14:11.000Z</time>
        <extensions>
          <ns3:TrackPointExtension>
            <ns3:hr>134</ns3:hr>
            <ns3:cad>81</ns3:cad>
          </ns3:TrackPointExtension>
        </extensions>
      </trkpt>
      <trkpt lat="31.28542601130902767181396484375" lon="121.37057759799063205718994140625">
        <ele>6</ele>
        <time>2026-05-30T01:14:12.000Z</time>
        <extensions>
          <ns3:TrackPointExtension>
            <ns3:hr>134</ns3:hr>
            <ns3:cad>81</ns3:cad>
          </ns3:TrackPointExtension>
        </extensions>
      </trkpt>
      <trkpt lat="31.2854413501918315887451171875" lon="121.37058396823704242706298828125">
        <ele>6</ele>
        <time>2026-05-30T01:14:13.000Z</time>
        <extensions>
          <ns3:TrackPointExtension>
            <ns3:hr>134</ns3:hr>
            <ns3:cad>80</ns3:cad>
          </ns3:TrackPointExtension>
        </extensions>
      </trkpt>
      <trkpt lat="31.2854554317891597747802734375" lon="121.3705860637128353118896484375">
        <ele>6</ele>
        <time>2026-05-30T01:14:14.000Z</time>
        <extensions>
          <ns3:TrackPointExtension>
            <ns3:hr>134</ns3:hr>
            <ns3:cad>80</ns3:cad>
          </ns3:TrackPointExtension>
        </extensions>
      </trkpt>
    </trkseg>
  </trk>
</gpx>
