<?xml version="1.0" encoding="UTF-8"?>
<gpx creator="Garmin Connect" version="1.1"
  xsi:schemaLocation="http://www.topografix.com/GPX/1/1 http://www.topografix.com/GPX/11.xsd"
  xmlns:ns3="http://www.garmin.com/xmlschemas/TrackPointExtension/v1"
  xmlns="http://www.topografix.com/GPX/1/1"
  xmlns:xsi="http://www.w3.org/2001/XMLSchema-instance" xmlns:ns2="http://www.garmin.com/xmlschemas/GpxExtensions/v3">
  <metadata>
    <link href="connect.garmin.com">
      <text>Garmin Connect</text>
    </link>
    <time>2026-06-04T13:14:41.000Z</time>
  </metadata>
  <trk>
    <name>普陀区 跑步</name>
    <type>running</type>
    <trkseg>
      <trkpt lat="31.28527094610035419464111328125" lon="121.3713447935879230499267578125">
        <ele>5</ele>
        <time>2026-06-04T13:14:41.000Z</time>
        <extensions>
          <ns3:TrackPointExtension>
            <ns3:hr>88</ns3:hr>
            <ns3:cad>51</ns3:cad>
          </ns3:TrackPointExtension>
        </extensions>
      </trkpt>
      <trkpt lat="31.285277903079986572265625" lon="121.371334902942180633544921875">
        <ele>5</ele>
        <time>2026-06-04T13:14:42.000Z</time>
        <extensions>
          <ns3:TrackPointExtension>
            <ns3:hr>89</ns3:hr>
            <ns3:cad>51</ns3:cad>
          </ns3:TrackPointExtension>
        </extensions>
      </trkpt>
      <trkpt lat="31.28529575653374195098876953125" lon="121.37132425792515277862548828125">
        <ele>5</ele>
        <time>2026-06-04T13:14:43.000Z</time>
        <extensions>
          <ns3:TrackPointExtension>
            <ns3:hr>89</ns3:hr>
            <ns3:cad>51</ns3:cad>
          </ns3:TrackPointExtension>
        </extensions>
      </trkpt>
      <trkpt lat="31.28530397079885005950927734375" lon="121.37132107280194759368896484375">
        <ele>5</ele>
        <time>2026-06-04T13:14:44.000Z</time>
        <extensions>
          <ns3:TrackPointExtension>
            <ns3:hr>89</ns3:hr>
            <ns3:cad>51</ns3:cad>
          </ns3:TrackPointExtension>
        </extensions>
      </trkpt>
      <trkpt lat="31.28532257862389087677001953125" lon="121.37131847441196441650390625">
        <ele>4.80000019073486328125</ele>
        <time>2026-06-04T13:14:45.000Z</time>
        <extensions>
          <ns3:TrackPointExtension>
            <ns3:hr>90</ns3:hr>
            <ns3:cad>51</ns3:cad>
          </ns3:TrackPointExtension>
        </extensions>
      </trkpt>
      <trkpt lat="31.28534286282956600189208984375" lon="121.37131067924201488494873046875">
        <ele>4.599999904632568359375</ele>
        <time>2026-06-04T13:14:46.000Z</time>
        <extensions>
          <ns3:TrackPointExtension>
            <ns3:hr>90</ns3:hr>
            <ns3:cad>109</ns3:cad>
          </ns3:TrackPointExtension>
        </extensions>
      </trkpt>
      <trkpt lat="31.28535577096045017242431640625" lon="121.3713052310049533843994140625">
        <ele>4.599999904632568359375</ele>
        <time>2026-06-04T13:14:47.000Z</time>
        <extensions>
          <ns3:TrackPointExtension>
            <ns3:hr>90</ns3:hr>
            <ns3:cad>109</ns3:cad>
          </ns3:TrackPointExtension>
        </extensions>
      </trkpt>
      <trkpt lat="31.28536934964358806610107421875" lon="121.3712985254824161529541015625">
        <ele>4.599999904632568359375</ele>
        <time>2026-06-04T13:14:48.000Z</time>
        <extensions>
          <ns3:TrackPointExtension>
            <ns3:hr>90</ns3:hr>
            <ns3:cad>109</ns3:cad>
          </ns3:TrackPointExtension>
        </extensions>
      </trkpt>
      <trkpt lat="31.28538183867931365966796875" lon="121.37128771282732486724853515625">
        <ele>4.400000095367431640625</ele>
        <time>2026-06-04T13:14:49.000Z</time>
        <extensions>
          <ns3:TrackPointExtension>
            <ns3:hr>90</ns3:hr>
            <ns3:cad>0</ns3:cad>
          </ns3:TrackPointExtension>
        </extensions>
      </trkpt>
      <trkpt lat="31.28538829274475574493408203125" lon="121.371279247105121612548828125">
        <ele>4.599999904632568359375</ele>
        <time>2026-06-04T13:14:50.000Z</time>
        <extensions>
          <ns3:TrackPointExtension>
            <ns3:hr>90</ns3:hr>
            <ns3:cad>0</ns3:cad>
          </ns3:TrackPointExtension>
        </extensions>
      </trkpt>
      <trkpt lat="31.285405643284320831298828125" lon="121.3706990517675876617431640625">
        <ele>4.19999980926513671875</ele>
        <time>2026-06-04T13:15:44.000Z</time>
        <extensions>
          <ns3:TrackPointExtension>
            <ns3:hr>89</ns3:hr>
            <ns3:cad>52</ns3:cad>
          </ns3:TrackPointExtension>
        </extensions>
      </trkpt>
      <trkpt lat="31.28540656529366970062255859375" lon="121.37068790383636951446533203125">
        <ele>4.19999980926513671875</ele>
        <time>2026-06-04T13:15:45.000Z</time>
        <extensions>
          <ns3:TrackPointExtension>
            <ns3:hr>88</ns3:hr>
            <ns3:cad>53</ns3:cad>
          </ns3:TrackPointExtension>
        </extensions>
      </trkpt>
      <trkpt lat="31.28540287725627422332763671875" lon="121.37065152637660503387451171875">
        <ele>4.19999980926513671875</ele>
        <time>2026-06-04T13:15:46.000Z</time>
        <extensions>
          <ns3:TrackPointExtension>
            <ns3:hr>88</ns3:hr>
            <ns3:cad>53</ns3:cad>
          </ns3:TrackPointExtension>
        </extensions>
      </trkpt>
      <trkpt lat="31.28541511483490467071533203125" lon="121.37061632238328456878662109375">
        <ele>4.19999980926513671875</ele>
        <time>2026-06-04T13:15:47.000Z</time>
        <extensions>
          <ns3:TrackPointExtension>
            <ns3:hr>86</ns3:hr>
            <ns3:cad>53</ns3:cad>
          </ns3:TrackPointExtension>
        </extensions>
      </trkpt>
      <trkpt lat="31.2854195572435855865478515625" lon="121.370588243007659912109375">
        <ele>4</ele>
        <time>2026-06-04T13:15:48.000Z</time>
        <extensions>
          <ns3:TrackPointExtension>
            <ns3:hr>84</ns3:hr>
            <ns3:cad>53</ns3:cad>
          </ns3:TrackPointExtension>
        </extensions>
      </trkpt>
      <trkpt lat="31.28542182035744190216064453125" lon="121.37057223357260227203369140625">
        <ele>4</ele>
        <time>2026-06-04T13:15:49.000Z</time>
        <extensions>
          <ns3:TrackPointExtension>
            <ns3:hr>84</ns3:hr>
            <ns3:cad>73</ns3:cad>
          </ns3:TrackPointExtension>
        </extensions>
      </trkpt>
      <trkpt lat="31.28542215563356876373291015625" lon="121.37054759077727794647216796875">
        <ele>4</ele>
        <time>2026-06-04T13:15:50.000Z</time>
        <extensions>
          <ns3:TrackPointExtension>
            <ns3:hr>80</ns3:hr>
            <ns3:cad>73</ns3:cad>
          </ns3:TrackPointExtension>
        </extensions>
      </trkpt>
      <trkpt lat="31.2854138575494289398193359375" lon="121.3705270551145076751708984375">
        <ele>3.7999999523162841796875</ele>
        <time>2026-06-04T13:15:51.000Z</time>
        <extensions>
          <ns3:TrackPointExtension>
            <ns3:hr>80</ns3:hr>
            <ns3:cad>75</ns3:cad>
          </ns3:TrackPointExtension>
        </extensions>
      </trkpt>
      <trkpt lat="31.28540354780852794647216796875" lon="121.3705069385468959808349609375">
        <ele>3.7999999523162841796875</ele>
        <time>2026-06-04T13:15:52.000Z</time>
        <extensions>
          <ns3:TrackPointExtension>
            <ns3:hr>80</ns3:hr>
            <ns3:cad>75</ns3:cad>
          </ns3:TrackPointExtension>
        </extensions>
      </trkpt>
      <trkpt lat="31.28539516590535640716552734375" lon="121.3704931922256946563720703125">
        <ele>3.7999999523162841796875</ele>
        <time>2026-06-04T13:15:53.000Z</time>
        <extensions>
          <ns3:TrackPointExtension>
            <ns3:hr>79</ns3:hr>
            <ns3:cad>76</ns3:cad>
          </ns3:TrackPointExtension>
        </extensions>
      </trkpt>
      <trkpt lat="31.2853846885263919830322265625" lon="121.370472572743892669677734375">
        <ele>3.7999999523162841796875</ele>
        <time>2026-06-04T13:15:54.000Z</time>
        <extensions>
          <ns3:TrackPointExtension>
            <ns3:hr>79</ns3:hr>
            <ns3:cad>76</ns3:cad>
          </ns3:TrackPointExtension>
        </extensions>
      </trkpt>
      <trkpt lat="31.28538041375577449798583984375" lon="121.37045253999531269073486328125">
        <ele>3.7999999523162841796875</ele>
        <time>2026-06-04T13:15:55.000Z</time>
        <extensions>
          <ns3:TrackPointExtension>
            <ns3:hr>78</ns3:hr>
            <ns3:cad>76</ns3:cad>
          </ns3:TrackPointExtension>
        </extensions>
      </trkpt>
      <trkpt lat="31.28537856973707675933837890625" lon="121.37042957358062267303466796875">
        <ele>3.7999999523162841796875</ele>
        <time>2026-06-04T13:15:56.000Z</time>
        <extensions>
          <ns3:TrackPointExtension>
            <ns3:hr>78</ns3:hr>
            <ns3:cad>76</ns3:cad>
          </ns3:TrackPointExtension>
        </extensions>
      </trkpt>
      <trkpt lat="31.28538108430802822113037109375" lon="121.37040493078529834747314453125">
        <ele>3.7999999523162841796875</ele>
        <time>2026-06-04T13:15:57.000Z</time>
        <extensions>
          <ns3:TrackPointExtension>
            <ns3:hr>78</ns3:hr>
            <ns3:cad>76</ns3:cad>
          </ns3:TrackPointExtension>
        </extensions>
      </trkpt>
      <trkpt lat="31.285375468432903289794921875" lon="121.37038045562803745269775390625">
        <ele>3.7999999523162841796875</ele>
        <time>2026-06-04T13:15:58.000Z</time>
        <extensions>
          <ns3:TrackPointExtension>
            <ns3:hr>77</ns3:hr>
            <ns3:cad>76</ns3:cad>
          </ns3:TrackPointExtension>
        </extensions>
      </trkpt>
      <trkpt lat="31.28536708652973175048828125" lon="121.37035581283271312713623046875">
        <ele>4</ele>
        <time>2026-06-04T13:15:59.000Z</time>
        <extensions>
          <ns3:TrackPointExtension>
            <ns3:hr>78</ns3:hr>
            <ns3:cad>75</ns3:cad>
          </ns3:TrackPointExtension>
        </extensions>
      </trkpt>
      <trkpt lat="31.2853595428168773651123046875" lon="121.37033066712319850921630859375">
        <ele>4</ele>
        <time>2026-06-04T13:16:00.000Z</time>
        <extensions>
          <ns3:TrackPointExtension>
            <ns3:hr>78</ns3:hr>
            <ns3:cad>75</ns3:cad>
          </ns3:TrackPointExtension>
        </extensions>
      </trkpt>
      <trkpt lat="31.28535099327564239501953125" lon="121.3703074492514133453369140625">
        <ele>4.19999980926513671875</ele>
        <time>2026-06-04T13:16:01.000Z</time>
        <extensions>
          <ns3:TrackPointExtension>
            <ns3:hr>78</ns3:hr>
            <ns3:cad>75</ns3:cad>
          </ns3:TrackPointExtension>
        </extensions>
      </trkpt>
      <trkpt lat="31.28534018062055110931396484375" lon="121.37028657831251621246337890625">
        <ele>4.19999980926513671875</ele>
        <time>2026-06-04T13:16:02.000Z</time>
        <extensions>
          <ns3:TrackPointExtension>
            <ns3:hr>80</ns3:hr>
            <ns3:cad>75</ns3:cad>
          </ns3:TrackPointExtension>
        </extensions>
      </trkpt>
      <trkpt lat="31.28533087670803070068359375" lon="121.3702650368213653564453125">
        <ele>4.19999980926513671875</ele>
        <time>2026-06-04T13:16:03.000Z</time>
        <extensions>
          <ns3:TrackPointExtension>
            <ns3:hr>80</ns3:hr>
            <ns3:cad>75</ns3:cad>
          </ns3:TrackPointExtension>
        </extensions>
      </trkpt>
      <trkpt lat="31.2853189744055271148681640625" lon="121.37024500407278537750244140625">
        <ele>4.19999980926513671875</ele>
        <time>2026-06-04T13:16:04.000Z</time>
        <extensions>
          <ns3:TrackPointExtension>
            <ns3:hr>90</ns3:hr>
            <ns3:cad>76</ns3:cad>
          </ns3:TrackPointExtension>
        </extensions>
      </trkpt>
      <trkpt lat="31.28530447371304035186767578125" lon="121.3702289946377277374267578125">
        <ele>4.400000095367431640625</ele>
        <time>2026-06-04T13:16:05.000Z</time>
        <extensions>
          <ns3:TrackPointExtension>
            <ns3:hr>90</ns3:hr>
            <ns3:cad>77</ns3:cad>
          </ns3:TrackPointExtension>
        </extensions>
      </trkpt>
      <trkpt lat="31.2852908112108707427978515625" lon="121.370208375155925750732421875">
        <ele>4.400000095367431640625</ele>
        <time>2026-06-04T13:16:06.000Z</time>
        <extensions>
          <ns3:TrackPointExtension>
            <ns3:hr>94</ns3:hr>
            <ns3:cad>79</ns3:cad>
          </ns3:TrackPointExtension>
        </extensions>
      </trkpt>
      <trkpt lat="31.2852780707180500030517578125" lon="121.37018834240734577178955078125">
        <ele>4.400000095367431640625</ele>
        <time>2026-06-04T13:16:07.000Z</time>
        <extensions>
          <ns3:TrackPointExtension>
            <ns3:hr>97</ns3:hr>
            <ns3:cad>79</ns3:cad>
          </ns3:TrackPointExtension>
        </extensions>
      </trkpt>
      <trkpt lat="31.28526558168232440948486328125" lon="121.37016923166811466217041015625">
        <ele>4.400000095367431640625</ele>
        <time>2026-06-04T13:16:08.000Z</time>
        <extensions>
          <ns3:TrackPointExtension>
            <ns3:hr>100</ns3:hr>
            <ns3:cad>79</ns3:cad>
          </ns3:TrackPointExtension>
        </extensions>
      </trkpt>
      <trkpt lat="31.2852482311427593231201171875" lon="121.37014894746243953704833984375">
        <ele>4.400000095367431640625</ele>
        <time>2026-06-04T13:16:09.000Z</time>
        <extensions>
          <ns3:TrackPointExtension>
            <ns3:hr>102</ns3:hr>
            <ns3:cad>79</ns3:cad>
          </ns3:TrackPointExtension>
        </extensions>
      </trkpt>
      <trkpt lat="31.28523540683090686798095703125" lon="121.37013025581836700439453125">
        <ele>4.400000095367431640625</ele>
        <time>2026-06-04T13:16:10.000Z</time>
        <extensions>
          <ns3:TrackPointExtension>
            <ns3:hr>102</ns3:hr>
            <ns3:cad>79</ns3:cad>
          </ns3:TrackPointExtension>
        </extensions>
      </trkpt>
      <trkpt lat="31.28522065468132495880126953125" lon="121.370117850601673126220703125">
        <ele>4.400000095367431640625</ele>
        <time>2026-06-04T13:16:11.000Z</time>
        <extensions>
          <ns3:TrackPointExtension>
            <ns3:hr>103</ns3:hr>
            <ns3:cad>79</ns3:cad>
          </ns3:TrackPointExtension>
        </extensions>
      </trkpt>
      <trkpt lat="31.28520238213241100311279296875" lon="121.3701036013662815093994140625">
        <ele>4.19999980926513671875</ele>
        <time>2026-06-04T13:16:12.000Z</time>
        <extensions>
          <ns3:TrackPointExtension>
            <ns3:hr>104</ns3:hr>
            <ns3:cad>79</ns3:cad>
          </ns3:TrackPointExtension>
        </extensions>
      </trkpt>
      <trkpt lat="31.2851862050592899322509765625" lon="121.37008708901703357696533203125">
        <ele>4.19999980926513671875</ele>
        <time>2026-06-04T13:16:13.000Z</time>
        <extensions>
          <ns3:TrackPointExtension>
            <ns3:hr>104</ns3:hr>
            <ns3:cad>79</ns3:cad>
          </ns3:TrackPointExtension>
        </extensions>
      </trkpt>
      <trkpt lat="31.28517371602356433868408203125" lon="121.3700724206864833831787109375">
        <ele>4.19999980926513671875</ele>
        <time>2026-06-04T13:16:14.000Z</time>
        <extensions>
          <ns3:TrackPointExtension>
            <ns3:hr>105</ns3:hr>
            <ns3:cad>79</ns3:cad>
          </ns3:TrackPointExtension>
        </extensions>
      </trkpt>
      <trkpt lat="31.2851550243794918060302734375" lon="121.3700546510517597198486328125">
        <ele>4.19999980926513671875</ele>
        <time>2026-06-04T13:16:15.000Z</time>
        <extensions>
          <ns3:TrackPointExtension>
            <ns3:hr>105</ns3:hr>
            <ns3:cad>79</ns3:cad>
          </ns3:TrackPointExtension>
        </extensions>
      </trkpt>
      <trkpt lat="31.2851399369537830352783203125" lon="121.37003696523606777191162109375">
        <ele>4.19999980926513671875</ele>
        <time>2026-06-04T13:16:16.000Z</time>
        <extensions>
          <ns3:TrackPointExtension>
            <ns3:hr>105</ns3:hr>
            <ns3:cad>79</ns3:cad>
          </ns3:TrackPointExtension>
        </extensions>
      </trkpt>
      <trkpt lat="31.28512091003358364105224609375" lon="121.370023302733898162841796875">
        <ele>4.19999980926513671875</ele>
        <time>2026-06-04T13:16:17.000Z</time>
        <extensions>
          <ns3:TrackPointExtension>
            <ns3:hr>105</ns3:hr>
            <ns3:cad>79</ns3:cad>
          </ns3:TrackPointExtension>
        </extensions>
      </trkpt>
      <trkpt lat="31.28510154783725738525390625" lon="121.3700090534985065460205078125">
        <ele>4.19999980926513671875</ele>
        <time>2026-06-04T13:16:18.000Z</time>
        <extensions>
          <ns3:TrackPointExtension>
            <ns3:hr>105</ns3:hr>
            <ns3:cad>79</ns3:cad>
          </ns3:TrackPointExtension>
        </extensions>
      </trkpt>
      <trkpt lat="31.28508335910737514495849609375" lon="121.3699969835579395294189453125">
        <ele>4.19999980926513671875</ele>
        <time>2026-06-04T13:16:19.000Z</time>
        <extensions>
          <ns3:TrackPointExtension>
            <ns3:hr>105</ns3:hr>
            <ns3:cad>79</ns3:cad>
          </ns3:TrackPointExtension>
        </extensions>
      </trkpt>
      <trkpt lat="31.2850665114820003509521484375" lon="121.369985751807689666748046875">
        <ele>4</ele>
        <time>2026-06-04T13:16:20.000Z</time>
        <extensions>
          <ns3:TrackPointExtension>
            <ns3:hr>106</ns3:hr>
            <ns3:cad>79</ns3:cad>
          </ns3:TrackPointExtension>
        </extensions>
      </trkpt>
      <trkpt lat="31.285046897828578948974609375" lon="121.36997644789516925811767578125">
        <ele>4.19999980926513671875</ele>
        <time>2026-06-04T13:16:21.000Z</time>
        <extensions>
          <ns3:TrackPointExtension>
            <ns3:hr>106</ns3:hr>
            <ns3:cad>78</ns3:cad>
          </ns3:TrackPointExtension>
        </extensions>
      </trkpt>
      <trkpt lat="31.28502619452774524688720703125" lon="121.3699651323258876800537109375">
        <ele>4.19999980926513671875</ele>
        <time>2026-06-04T13:16:22.000Z</time>
        <extensions>
          <ns3:TrackPointExtension>
            <ns3:hr>107</ns3:hr>
            <ns3:cad>78</ns3:cad>
          </ns3:TrackPointExtension>
        </extensions>
      </trkpt>
      <trkpt lat="31.2850071676075458526611328125" lon="121.36995901353657245635986328125">
        <ele>4.19999980926513671875</ele>
        <time>2026-06-04T13:16:23.000Z</time>
        <extensions>
          <ns3:TrackPointExtension>
            <ns3:hr>107</ns3:hr>
            <ns3:cad>78</ns3:cad>
          </ns3:TrackPointExtension>
        </extensions>
      </trkpt>
      <trkpt lat="31.28498621284961700439453125" lon="121.36995096690952777862548828125">
        <ele>4.400000095367431640625</ele>
        <time>2026-06-04T13:16:24.000Z</time>
        <extensions>
          <ns3:TrackPointExtension>
            <ns3:hr>107</ns3:hr>
            <ns3:cad>78</ns3:cad>
          </ns3:TrackPointExtension>
        </extensions>
      </trkpt>
      <trkpt lat="31.28496483899652957916259765625" lon="121.36994023807346820831298828125">
        <ele>4.400000095367431640625</ele>
        <time>2026-06-04T13:16:25.000Z</time>
        <extensions>
          <ns3:TrackPointExtension>
            <ns3:hr>108</ns3:hr>
            <ns3:cad>78</ns3:cad>
          </ns3:TrackPointExtension>
        </extensions>
      </trkpt>
      <trkpt lat="31.28494673408567905426025390625" lon="121.369934119284152984619140625">
        <ele>4.400000095367431640625</ele>
        <time>2026-06-04T13:16:26.000Z</time>
        <extensions>
          <ns3:TrackPointExtension>
            <ns3:hr>109</ns3:hr>
            <ns3:cad>78</ns3:cad>
          </ns3:TrackPointExtension>
        </extensions>
      </trkpt>
      <trkpt lat="31.2849283777177333831787109375" lon="121.36992967687547206878662109375">
        <ele>4.400000095367431640625</ele>
        <time>2026-06-04T13:16:27.000Z</time>
        <extensions>
          <ns3:TrackPointExtension>
            <ns3:hr>109</ns3:hr>
            <ns3:cad>79</ns3:cad>
          </ns3:TrackPointExtension>
        </extensions>
      </trkpt>
      <trkpt lat="31.284907422959804534912109375" lon="121.36992347426712512969970703125">
        <ele>4.400000095367431640625</ele>
        <time>2026-06-04T13:16:28.000Z</time>
        <extensions>
          <ns3:TrackPointExtension>
            <ns3:hr>109</ns3:hr>
            <ns3:cad>79</ns3:cad>
          </ns3:TrackPointExtension>
        </extensions>
      </trkpt>
      <trkpt lat="31.284889988601207733154296875" lon="121.3699185289442539215087890625">
        <ele>4.400000095367431640625</ele>
        <time>2026-06-04T13:16:29.000Z</time>
        <extensions>
          <ns3:TrackPointExtension>
            <ns3:hr>110</ns3:hr>
            <ns3:cad>79</ns3:cad>
          </ns3:TrackPointExtension>
        </extensions>
      </trkpt>
      <trkpt lat="31.284871883690357208251953125" lon="121.36991593055427074432373046875">
        <ele>4.400000095367431640625</ele>
        <time>2026-06-04T13:16:30.000Z</time>
        <extensions>
          <ns3:TrackPointExtension>
            <ns3:hr>110</ns3:hr>
            <ns3:cad>79</ns3:cad>
          </ns3:TrackPointExtension>
        </extensions>
      </trkpt>
      <trkpt lat="31.28484983928501605987548828125" lon="121.369911320507526397705078125">
        <ele>4.400000095367431640625</ele>
        <time>2026-06-04T13:16:31.000Z</time>
        <extensions>
          <ns3:TrackPointExtension>
            <ns3:hr>110</ns3:hr>
            <ns3:cad>79</ns3:cad>
          </ns3:TrackPointExtension>
        </extensions>
      </trkpt>
      <trkpt lat="31.284831650555133819580078125" lon="121.36990821920335292816162109375">
        <ele>4.400000095367431640625</ele>
        <time>2026-06-04T13:16:32.000Z</time>
        <extensions>
          <ns3:TrackPointExtension>
            <ns3:hr>109</ns3:hr>
            <ns3:cad>79</ns3:cad>
          </ns3:TrackPointExtension>
        </extensions>
      </trkpt>
      <trkpt lat="31.2848120369017124176025390625" lon="121.3699047826230525970458984375">
        <ele>4.400000095367431640625</ele>
        <time>2026-06-04T13:16:33.000Z</time>
        <extensions>
          <ns3:TrackPointExtension>
            <ns3:hr>109</ns3:hr>
            <ns3:cad>80</ns3:cad>
          </ns3:TrackPointExtension>
        </extensions>
      </trkpt>
      <trkpt lat="31.2847899086773395538330078125" lon="121.36990335769951343536376953125">
        <ele>4.19999980926513671875</ele>
        <time>2026-06-04T13:16:34.000Z</time>
        <extensions>
          <ns3:TrackPointExtension>
            <ns3:hr>109</ns3:hr>
            <ns3:cad>80</ns3:cad>
          </ns3:TrackPointExtension>
        </extensions>
      </trkpt>
      <trkpt lat="31.28477071411907672882080078125" lon="121.36990419588983058929443359375">
        <ele>4.19999980926513671875</ele>
        <time>2026-06-04T13:16:35.000Z</time>
        <extensions>
          <ns3:TrackPointExtension>
            <ns3:hr>110</ns3:hr>
            <ns3:cad>80</ns3:cad>
          </ns3:TrackPointExtension>
        </extensions>
      </trkpt>
      <trkpt lat="31.2847510166466236114501953125" lon="121.3699054531753063201904296875">
        <ele>4.19999980926513671875</ele>
        <time>2026-06-04T13:16:36.000Z</time>
        <extensions>
          <ns3:TrackPointExtension>
            <ns3:hr>110</ns3:hr>
            <ns3:cad>80</ns3:cad>
          </ns3:TrackPointExtension>
        </extensions>
      </trkpt>
      <trkpt lat="31.284728385508060455322265625" lon="121.3699047826230525970458984375">
        <ele>4.400000095367431640625</ele>
        <time>2026-06-04T13:16:37.000Z</time>
        <extensions>
          <ns3:TrackPointExtension>
            <ns3:hr>110</ns3:hr>
            <ns3:cad>80</ns3:cad>
          </ns3:TrackPointExtension>
        </extensions>
      </trkpt>
      <trkpt lat="31.28470751456916332244873046875" lon="121.36990402825176715850830078125">
        <ele>4.400000095367431640625</ele>
        <time>2026-06-04T13:16:38.000Z</time>
        <extensions>
          <ns3:TrackPointExtension>
            <ns3:hr>111</ns3:hr>
            <ns3:cad>80</ns3:cad>
          </ns3:TrackPointExtension>
        </extensions>
      </trkpt>
      <trkpt lat="31.28468723036348819732666015625" lon="121.3699054531753063201904296875">
        <ele>4.400000095367431640625</ele>
        <time>2026-06-04T13:16:39.000Z</time>
        <extensions>
          <ns3:TrackPointExtension>
            <ns3:hr>111</ns3:hr>
            <ns3:cad>79</ns3:cad>
          </ns3:TrackPointExtension>
        </extensions>
      </trkpt>
      <trkpt lat="31.284663677215576171875" lon="121.369905285537242889404296875">
        <ele>4.400000095367431640625</ele>
        <time>2026-06-04T13:16:40.000Z</time>
        <extensions>
          <ns3:TrackPointExtension>
            <ns3:hr>111</ns3:hr>
            <ns3:cad>79</ns3:cad>
          </ns3:TrackPointExtension>
        </extensions>
      </trkpt>
      <trkpt lat="31.28464330919086933135986328125" lon="121.36990369297564029693603515625">
        <ele>4.599999904632568359375</ele>
        <time>2026-06-04T13:16:41.000Z</time>
        <extensions>
          <ns3:TrackPointExtension>
            <ns3:hr>111</ns3:hr>
            <ns3:cad>80</ns3:cad>
          </ns3:TrackPointExtension>
        </extensions>
      </trkpt>
      <trkpt lat="31.2846242822706699371337890625" lon="121.36990486644208431243896484375">
        <ele>4.400000095367431640625</ele>
        <time>2026-06-04T13:16:42.000Z</time>
        <extensions>
          <ns3:TrackPointExtension>
            <ns3:hr>111</ns3:hr>
            <ns3:cad>80</ns3:cad>
          </ns3:TrackPointExtension>
        </extensions>
      </trkpt>
      <trkpt lat="31.284601651132106781005859375" lon="121.3699074648320674896240234375">
        <ele>4.400000095367431640625</ele>
        <time>2026-06-04T13:16:43.000Z</time>
        <extensions>
          <ns3:TrackPointExtension>
            <ns3:hr>110</ns3:hr>
            <ns3:cad>79</ns3:cad>
          </ns3:TrackPointExtension>
        </extensions>
      </trkpt>
      <trkpt lat="31.2845820374786853790283203125" lon="121.36990922503173351287841796875">
        <ele>4.400000095367431640625</ele>
        <time>2026-06-04T13:16:44.000Z</time>
        <extensions>
          <ns3:TrackPointExtension>
            <ns3:hr>111</ns3:hr>
            <ns3:cad>79</ns3:cad>
          </ns3:TrackPointExtension>
        </extensions>
      </trkpt>
      <trkpt lat="31.28456150181591510772705078125" lon="121.36990989558398723602294921875">
        <ele>4.400000095367431640625</ele>
        <time>2026-06-04T13:16:45.000Z</time>
        <extensions>
          <ns3:TrackPointExtension>
            <ns3:hr>111</ns3:hr>
            <ns3:cad>79</ns3:cad>
          </ns3:TrackPointExtension>
        </extensions>
      </trkpt>
      <trkpt lat="31.2845421396195888519287109375" lon="121.3699121586978435516357421875">
        <ele>4.400000095367431640625</ele>
        <time>2026-06-04T13:16:46.000Z</time>
        <extensions>
          <ns3:TrackPointExtension>
            <ns3:hr>112</ns3:hr>
            <ns3:cad>79</ns3:cad>
          </ns3:TrackPointExtension>
        </extensions>
      </trkpt>
      <trkpt lat="31.28452344797551631927490234375" lon="121.369913332164287567138671875">
        <ele>4.400000095367431640625</ele>
        <time>2026-06-04T13:16:47.000Z</time>
        <extensions>
          <ns3:TrackPointExtension>
            <ns3:hr>112</ns3:hr>
            <ns3:cad>79</ns3:cad>
          </ns3:TrackPointExtension>
        </extensions>
      </trkpt>
      <trkpt lat="31.2845055945217609405517578125" lon="121.3699155114591121673583984375">
        <ele>4.400000095367431640625</ele>
        <time>2026-06-04T13:16:48.000Z</time>
        <extensions>
          <ns3:TrackPointExtension>
            <ns3:hr>112</ns3:hr>
            <ns3:cad>79</ns3:cad>
          </ns3:TrackPointExtension>
        </extensions>
      </trkpt>
      <trkpt lat="31.28448271192610263824462890625" lon="121.36991827748715877532958984375">
        <ele>4.19999980926513671875</ele>
        <time>2026-06-04T13:16:49.000Z</time>
        <extensions>
          <ns3:TrackPointExtension>
            <ns3:hr>112</ns3:hr>
            <ns3:cad>80</ns3:cad>
          </ns3:TrackPointExtension>
        </extensions>
      </trkpt>
      <trkpt lat="31.28446184098720550537109375" lon="121.3699198700487613677978515625">
        <ele>4.19999980926513671875</ele>
        <time>2026-06-04T13:16:50.000Z</time>
        <extensions>
          <ns3:TrackPointExtension>
            <ns3:hr>112</ns3:hr>
            <ns3:cad>80</ns3:cad>
          </ns3:TrackPointExtension>
        </extensions>
      </trkpt>
      <trkpt lat="31.2844405509531497955322265625" lon="121.3699228875339031219482421875">
        <ele>4.400000095367431640625</ele>
        <time>2026-06-04T13:16:51.000Z</time>
        <extensions>
          <ns3:TrackPointExtension>
            <ns3:hr>112</ns3:hr>
            <ns3:cad>81</ns3:cad>
          </ns3:TrackPointExtension>
        </extensions>
      </trkpt>
      <trkpt lat="31.28441624343395233154296875" lon="121.3699259050190448760986328125">
        <ele>4.400000095367431640625</ele>
        <time>2026-06-04T13:16:52.000Z</time>
        <extensions>
          <ns3:TrackPointExtension>
            <ns3:hr>112</ns3:hr>
            <ns3:cad>81</ns3:cad>
          </ns3:TrackPointExtension>
        </extensions>
      </trkpt>
      <trkpt lat="31.28439738415181636810302734375" lon="121.36992867104709148406982421875">
        <ele>4.19999980926513671875</ele>
        <time>2026-06-04T13:16:53.000Z</time>
        <extensions>
          <ns3:TrackPointExtension>
            <ns3:hr>113</ns3:hr>
            <ns3:cad>81</ns3:cad>
          </ns3:TrackPointExtension>
        </extensions>
      </trkpt>
      <trkpt lat="31.28437869250774383544921875" lon="121.3699305988848209381103515625">
        <ele>4.400000095367431640625</ele>
        <time>2026-06-04T13:16:54.000Z</time>
        <extensions>
          <ns3:TrackPointExtension>
            <ns3:hr>113</ns3:hr>
            <ns3:cad>81</ns3:cad>
          </ns3:TrackPointExtension>
        </extensions>
      </trkpt>
      <trkpt lat="31.28435832448303699493408203125" lon="121.36993118561804294586181640625">
        <ele>4.400000095367431640625</ele>
        <time>2026-06-04T13:16:55.000Z</time>
        <extensions>
          <ns3:TrackPointExtension>
            <ns3:hr>113</ns3:hr>
            <ns3:cad>80</ns3:cad>
          </ns3:TrackPointExtension>
        </extensions>
      </trkpt>
      <trkpt lat="31.28433820791542530059814453125" lon="121.3699342869222164154052734375">
        <ele>4.400000095367431640625</ele>
        <time>2026-06-04T13:16:56.000Z</time>
        <extensions>
          <ns3:TrackPointExtension>
            <ns3:hr>113</ns3:hr>
            <ns3:cad>80</ns3:cad>
          </ns3:TrackPointExtension>
        </extensions>
      </trkpt>
      <trkpt lat="31.2843185104429721832275390625" lon="121.36993738822638988494873046875">
        <ele>4.400000095367431640625</ele>
        <time>2026-06-04T13:16:57.000Z</time>
        <extensions>
          <ns3:TrackPointExtension>
            <ns3:hr>113</ns3:hr>
            <ns3:cad>80</ns3:cad>
          </ns3:TrackPointExtension>
        </extensions>
      </trkpt>
      <trkpt lat="31.28429730422794818878173828125" lon="121.36993973515927791595458984375">
        <ele>4.400000095367431640625</ele>
        <time>2026-06-04T13:16:58.000Z</time>
        <extensions>
          <ns3:TrackPointExtension>
            <ns3:hr>114</ns3:hr>
            <ns3:cad>80</ns3:cad>
          </ns3:TrackPointExtension>
        </extensions>
      </trkpt>
      <trkpt lat="31.2842796184122562408447265625" lon="121.36994292028248310089111328125">
        <ele>4.400000095367431640625</ele>
        <time>2026-06-04T13:16:59.000Z</time>
        <extensions>
          <ns3:TrackPointExtension>
            <ns3:hr>114</ns3:hr>
            <ns3:cad>79</ns3:cad>
          </ns3:TrackPointExtension>
        </extensions>
      </trkpt>
      <trkpt lat="31.28426042385399341583251953125" lon="121.36994727887213230133056640625">
        <ele>4.400000095367431640625</ele>
        <time>2026-06-04T13:17:00.000Z</time>
        <extensions>
          <ns3:TrackPointExtension>
            <ns3:hr>114</ns3:hr>
            <ns3:cad>79</ns3:cad>
          </ns3:TrackPointExtension>
        </extensions>
      </trkpt>
      <trkpt lat="31.28423829562962055206298828125" lon="121.36994861997663974761962890625">
        <ele>4.19999980926513671875</ele>
        <time>2026-06-04T13:17:01.000Z</time>
        <extensions>
          <ns3:TrackPointExtension>
            <ns3:hr>115</ns3:hr>
            <ns3:cad>79</ns3:cad>
          </ns3:TrackPointExtension>
        </extensions>
      </trkpt>
      <trkpt lat="31.28421884961426258087158203125" lon="121.36995348148047924041748046875">
        <ele>4.19999980926513671875</ele>
        <time>2026-06-04T13:17:02.000Z</time>
        <extensions>
          <ns3:TrackPointExtension>
            <ns3:hr>116</ns3:hr>
            <ns3:cad>80</ns3:cad>
          </ns3:TrackPointExtension>
        </extensions>
      </trkpt>
      <trkpt lat="31.28419487737119197845458984375" lon="121.36995834298431873321533203125">
        <ele>4.400000095367431640625</ele>
        <time>2026-06-04T13:17:03.000Z</time>
        <extensions>
          <ns3:TrackPointExtension>
            <ns3:hr>116</ns3:hr>
            <ns3:cad>80</ns3:cad>
          </ns3:TrackPointExtension>
        </extensions>
      </trkpt>
      <trkpt lat="31.2841756828129291534423828125" lon="121.3699619472026824951171875">
        <ele>4.400000095367431640625</ele>
        <time>2026-06-04T13:17:04.000Z</time>
        <extensions>
          <ns3:TrackPointExtension>
            <ns3:hr>116</ns3:hr>
            <ns3:cad>81</ns3:cad>
          </ns3:TrackPointExtension>
        </extensions>
      </trkpt>
      <trkpt lat="31.28415363840758800506591796875" lon="121.36996789835393428802490234375">
        <ele>4.400000095367431640625</ele>
        <time>2026-06-04T13:17:05.000Z</time>
        <extensions>
          <ns3:TrackPointExtension>
            <ns3:hr>116</ns3:hr>
            <ns3:cad>81</ns3:cad>
          </ns3:TrackPointExtension>
        </extensions>
      </trkpt>
      <trkpt lat="31.28412899561226367950439453125" lon="121.3699728436768054962158203125">
        <ele>4.400000095367431640625</ele>
        <time>2026-06-04T13:17:06.000Z</time>
        <extensions>
          <ns3:TrackPointExtension>
            <ns3:hr>116</ns3:hr>
            <ns3:cad>81</ns3:cad>
          </ns3:TrackPointExtension>
        </extensions>
      </trkpt>
      <trkpt lat="31.28410854376852512359619140625" lon="121.3699768669903278350830078125">
        <ele>4.400000095367431640625</ele>
        <time>2026-06-04T13:17:07.000Z</time>
        <extensions>
          <ns3:TrackPointExtension>
            <ns3:hr>116</ns3:hr>
            <ns3:cad>81</ns3:cad>
          </ns3:TrackPointExtension>
        </extensions>
      </trkpt>
      <trkpt lat="31.2840875051915645599365234375" lon="121.3699802197515964508056640625">
        <ele>4.400000095367431640625</ele>
        <time>2026-06-04T13:17:08.000Z</time>
        <extensions>
          <ns3:TrackPointExtension>
            <ns3:hr>116</ns3:hr>
            <ns3:cad>82</ns3:cad>
          </ns3:TrackPointExtension>
        </extensions>
      </trkpt>
      <trkpt lat="31.284066550433635711669921875" lon="121.3699849136173725128173828125">
        <ele>4.400000095367431640625</ele>
        <time>2026-06-04T13:17:09.000Z</time>
        <extensions>
          <ns3:TrackPointExtension>
            <ns3:hr>116</ns3:hr>
            <ns3:cad>82</ns3:cad>
          </ns3:TrackPointExtension>
        </extensions>
      </trkpt>
      <trkpt lat="31.28404702059924602508544921875" lon="121.3699879311025142669677734375">
        <ele>4.19999980926513671875</ele>
        <time>2026-06-04T13:17:10.000Z</time>
        <extensions>
          <ns3:TrackPointExtension>
            <ns3:hr>116</ns3:hr>
            <ns3:cad>83</ns3:cad>
          </ns3:TrackPointExtension>
        </extensions>
      </trkpt>
      <trkpt lat="31.28402455709874629974365234375" lon="121.36999254114925861358642578125">
        <ele>4.400000095367431640625</ele>
        <time>2026-06-04T13:17:11.000Z</time>
        <extensions>
          <ns3:TrackPointExtension>
            <ns3:hr>116</ns3:hr>
            <ns3:cad>83</ns3:cad>
          </ns3:TrackPointExtension>
        </extensions>
      </trkpt>
      <trkpt lat="31.28400628454983234405517578125" lon="121.36999748647212982177734375">
        <ele>4.400000095367431640625</ele>
        <time>2026-06-04T13:17:12.000Z</time>
        <extensions>
          <ns3:TrackPointExtension>
            <ns3:hr>116</ns3:hr>
            <ns3:cad>83</ns3:cad>
          </ns3:TrackPointExtension>
        </extensions>
      </trkpt>
      <trkpt lat="31.28398667089641094207763671875" lon="121.37000477872788906097412109375">
        <ele>4.400000095367431640625</ele>
        <time>2026-06-04T13:17:13.000Z</time>
        <extensions>
          <ns3:TrackPointExtension>
            <ns3:hr>116</ns3:hr>
            <ns3:cad>82</ns3:cad>
          </ns3:TrackPointExtension>
        </extensions>
      </trkpt>
      <trkpt lat="31.283966638147830963134765625" lon="121.3700115680694580078125">
        <ele>4.400000095367431640625</ele>
        <time>2026-06-04T13:17:14.000Z</time>
        <extensions>
          <ns3:TrackPointExtension>
            <ns3:hr>116</ns3:hr>
            <ns3:cad>82</ns3:cad>
          </ns3:TrackPointExtension>
        </extensions>
      </trkpt>
      <trkpt lat="31.2839487008750438690185546875" lon="121.3700177706778049468994140625">
        <ele>4.400000095367431640625</ele>
        <time>2026-06-04T13:17:15.000Z</time>
        <extensions>
          <ns3:TrackPointExtension>
            <ns3:hr>116</ns3:hr>
            <ns3:cad>82</ns3:cad>
          </ns3:TrackPointExtension>
        </extensions>
      </trkpt>
      <trkpt lat="31.28392674028873443603515625" lon="121.37002271600067615509033203125">
        <ele>4.400000095367431640625</ele>
        <time>2026-06-04T13:17:16.000Z</time>
        <extensions>
          <ns3:TrackPointExtension>
            <ns3:hr>116</ns3:hr>
            <ns3:cad>82</ns3:cad>
          </ns3:TrackPointExtension>
        </extensions>
      </trkpt>
      <trkpt lat="31.28390419296920299530029296875" lon="121.37002824805676937103271484375">
        <ele>4.400000095367431640625</ele>
        <time>2026-06-04T13:17:17.000Z</time>
        <extensions>
          <ns3:TrackPointExtension>
            <ns3:hr>117</ns3:hr>
            <ns3:cad>83</ns3:cad>
          </ns3:TrackPointExtension>
        </extensions>
      </trkpt>
      <trkpt lat="31.28388508222997188568115234375" lon="121.37003579176962375640869140625">
        <ele>4.400000095367431640625</ele>
        <time>2026-06-04T13:17:18.000Z</time>
        <extensions>
          <ns3:TrackPointExtension>
            <ns3:hr>117</ns3:hr>
            <ns3:cad>83</ns3:cad>
          </ns3:TrackPointExtension>
        </extensions>
      </trkpt>
      <trkpt lat="31.28386228345334529876708984375" lon="121.37004048563539981842041015625">
        <ele>4.400000095367431640625</ele>
        <time>2026-06-04T13:17:19.000Z</time>
        <extensions>
          <ns3:TrackPointExtension>
            <ns3:hr>117</ns3:hr>
            <ns3:cad>83</ns3:cad>
          </ns3:TrackPointExtension>
        </extensions>
      </trkpt>
      <trkpt lat="31.28384183160960674285888671875" lon="121.37004769407212734222412109375">
        <ele>4.400000095367431640625</ele>
        <time>2026-06-04T13:17:20.000Z</time>
        <extensions>
          <ns3:TrackPointExtension>
            <ns3:hr>118</ns3:hr>
            <ns3:cad>82</ns3:cad>
          </ns3:TrackPointExtension>
        </extensions>
      </trkpt>
      <trkpt lat="31.28382422961294651031494140625" lon="121.37005456723272800445556640625">
        <ele>4.400000095367431640625</ele>
        <time>2026-06-04T13:17:21.000Z</time>
        <extensions>
          <ns3:TrackPointExtension>
            <ns3:hr>118</ns3:hr>
            <ns3:cad>82</ns3:cad>
          </ns3:TrackPointExtension>
        </extensions>
      </trkpt>
      <trkpt lat="31.2838011793792247772216796875" lon="121.37005909346044063568115234375">
        <ele>4.400000095367431640625</ele>
        <time>2026-06-04T13:17:22.000Z</time>
        <extensions>
          <ns3:TrackPointExtension>
            <ns3:hr>118</ns3:hr>
            <ns3:cad>82</ns3:cad>
          </ns3:TrackPointExtension>
        </extensions>
      </trkpt>
      <trkpt lat="31.283781565725803375244140625" lon="121.37006244622170925140380859375">
        <ele>4.400000095367431640625</ele>
        <time>2026-06-04T13:17:23.000Z</time>
        <extensions>
          <ns3:TrackPointExtension>
            <ns3:hr>118</ns3:hr>
            <ns3:cad>82</ns3:cad>
          </ns3:TrackPointExtension>
        </extensions>
      </trkpt>
      <trkpt lat="31.28376237116754055023193359375" lon="121.37006848119199275970458984375">
        <ele>4.400000095367431640625</ele>
        <time>2026-06-04T13:17:24.000Z</time>
        <extensions>
          <ns3:TrackPointExtension>
            <ns3:hr>118</ns3:hr>
            <ns3:cad>82</ns3:cad>
          </ns3:TrackPointExtension>
        </extensions>
      </trkpt>
      <trkpt lat="31.28374041058123111724853515625" lon="121.37007703073322772979736328125">
        <ele>4.400000095367431640625</ele>
        <time>2026-06-04T13:17:25.000Z</time>
        <extensions>
          <ns3:TrackPointExtension>
            <ns3:hr>118</ns3:hr>
            <ns3:cad>82</ns3:cad>
          </ns3:TrackPointExtension>
        </extensions>
      </trkpt>
      <trkpt lat="31.2837213836610317230224609375" lon="121.37008524499833583831787109375">
        <ele>4.400000095367431640625</ele>
        <time>2026-06-04T13:17:26.000Z</time>
        <extensions>
          <ns3:TrackPointExtension>
            <ns3:hr>118</ns3:hr>
            <ns3:cad>82</ns3:cad>
          </ns3:TrackPointExtension>
        </extensions>
      </trkpt>
      <trkpt lat="31.28370252437889575958251953125" lon="121.37009538710117340087890625">
        <ele>4.19999980926513671875</ele>
        <time>2026-06-04T13:17:27.000Z</time>
        <extensions>
          <ns3:TrackPointExtension>
            <ns3:hr>118</ns3:hr>
            <ns3:cad>82</ns3:cad>
          </ns3:TrackPointExtension>
        </extensions>
      </trkpt>
      <trkpt lat="31.2836794741451740264892578125" lon="121.3701025955379009246826171875">
        <ele>4.19999980926513671875</ele>
        <time>2026-06-04T13:17:28.000Z</time>
        <extensions>
          <ns3:TrackPointExtension>
            <ns3:hr>118</ns3:hr>
            <ns3:cad>81</ns3:cad>
          </ns3:TrackPointExtension>
        </extensions>
      </trkpt>
      <trkpt lat="31.28365910612046718597412109375" lon="121.3701109774410724639892578125">
        <ele>4.19999980926513671875</ele>
        <time>2026-06-04T13:17:29.000Z</time>
        <extensions>
          <ns3:TrackPointExtension>
            <ns3:hr>118</ns3:hr>
            <ns3:cad>81</ns3:cad>
          </ns3:TrackPointExtension>
        </extensions>
      </trkpt>
      <trkpt lat="31.2836392410099506378173828125" lon="121.3701240532100200653076171875">
        <ele>4.19999980926513671875</ele>
        <time>2026-06-04T13:17:30.000Z</time>
        <extensions>
          <ns3:TrackPointExtension>
            <ns3:hr>118</ns3:hr>
            <ns3:cad>81</ns3:cad>
          </ns3:TrackPointExtension>
        </extensions>
      </trkpt>
      <trkpt lat="31.28362038172781467437744140625" lon="121.370133943855762481689453125">
        <ele>4.19999980926513671875</ele>
        <time>2026-06-04T13:17:31.000Z</time>
        <extensions>
          <ns3:TrackPointExtension>
            <ns3:hr>118</ns3:hr>
            <ns3:cad>81</ns3:cad>
          </ns3:TrackPointExtension>
        </extensions>
      </trkpt>
      <trkpt lat="31.2836028635501861572265625" lon="121.37014391832053661346435546875">
        <ele>4.19999980926513671875</ele>
        <time>2026-06-04T13:17:32.000Z</time>
        <extensions>
          <ns3:TrackPointExtension>
            <ns3:hr>118</ns3:hr>
            <ns3:cad>81</ns3:cad>
          </ns3:TrackPointExtension>
        </extensions>
      </trkpt>
      <trkpt lat="31.28358467482030391693115234375" lon="121.3701542280614376068115234375">
        <ele>4.19999980926513671875</ele>
        <time>2026-06-04T13:17:33.000Z</time>
        <extensions>
          <ns3:TrackPointExtension>
            <ns3:hr>119</ns3:hr>
            <ns3:cad>81</ns3:cad>
          </ns3:TrackPointExtension>
        </extensions>
      </trkpt>
      <trkpt lat="31.28356740809977054595947265625" lon="121.37016369961202144622802734375">
        <ele>4.19999980926513671875</ele>
        <time>2026-06-04T13:17:34.000Z</time>
        <extensions>
          <ns3:TrackPointExtension>
            <ns3:hr>119</ns3:hr>
            <ns3:cad>82</ns3:cad>
          </ns3:TrackPointExtension>
        </extensions>
      </trkpt>
      <trkpt lat="31.28354779444634914398193359375" lon="121.37017241679131984710693359375">
        <ele>4.19999980926513671875</ele>
        <time>2026-06-04T13:17:35.000Z</time>
        <extensions>
          <ns3:TrackPointExtension>
            <ns3:hr>118</ns3:hr>
            <ns3:cad>82</ns3:cad>
          </ns3:TrackPointExtension>
        </extensions>
      </trkpt>
      <trkpt lat="31.2835296057164669036865234375" lon="121.3701817207038402557373046875">
        <ele>4.19999980926513671875</ele>
        <time>2026-06-04T13:17:36.000Z</time>
        <extensions>
          <ns3:TrackPointExtension>
            <ns3:hr>118</ns3:hr>
            <ns3:cad>82</ns3:cad>
          </ns3:TrackPointExtension>
        </extensions>
      </trkpt>
      <trkpt lat="31.28351242281496524810791015625" lon="121.370191276073455810546875">
        <ele>4.19999980926513671875</ele>
        <time>2026-06-04T13:17:37.000Z</time>
        <extensions>
          <ns3:TrackPointExtension>
            <ns3:hr>118</ns3:hr>
            <ns3:cad>82</ns3:cad>
          </ns3:TrackPointExtension>
        </extensions>
      </trkpt>
      <trkpt lat="31.28349163569509983062744140625" lon="121.3702055253088474273681640625">
        <ele>4.19999980926513671875</ele>
        <time>2026-06-04T13:17:38.000Z</time>
        <extensions>
          <ns3:TrackPointExtension>
            <ns3:hr>118</ns3:hr>
            <ns3:cad>82</ns3:cad>
          </ns3:TrackPointExtension>
        </extensions>
      </trkpt>
      <trkpt lat="31.28347503952682018280029296875" lon="121.370217092335224151611328125">
        <ele>4.19999980926513671875</ele>
        <time>2026-06-04T13:17:39.000Z</time>
        <extensions>
          <ns3:TrackPointExtension>
            <ns3:hr>118</ns3:hr>
            <ns3:cad>82</ns3:cad>
          </ns3:TrackPointExtension>
        </extensions>
      </trkpt>
      <trkpt lat="31.283461712300777435302734375" lon="121.3702306710183620452880859375">
        <ele>4.19999980926513671875</ele>
        <time>2026-06-04T13:17:40.000Z</time>
        <extensions>
          <ns3:TrackPointExtension>
            <ns3:hr>119</ns3:hr>
            <ns3:cad>82</ns3:cad>
          </ns3:TrackPointExtension>
        </extensions>
      </trkpt>
      <trkpt lat="31.2834434397518634796142578125" lon="121.370242573320865631103515625">
        <ele>4.19999980926513671875</ele>
        <time>2026-06-04T13:17:41.000Z</time>
        <extensions>
          <ns3:TrackPointExtension>
            <ns3:hr>118</ns3:hr>
            <ns3:cad>82</ns3:cad>
          </ns3:TrackPointExtension>
        </extensions>
      </trkpt>
      <trkpt lat="31.28342382609844207763671875" lon="121.3702543079853057861328125">
        <ele>4.19999980926513671875</ele>
        <time>2026-06-04T13:17:42.000Z</time>
        <extensions>
          <ns3:TrackPointExtension>
            <ns3:hr>118</ns3:hr>
            <ns3:cad>82</ns3:cad>
          </ns3:TrackPointExtension>
        </extensions>
      </trkpt>
      <trkpt lat="31.28340178169310092926025390625" lon="121.37026629410684108734130859375">
        <ele>4.400000095367431640625</ele>
        <time>2026-06-04T13:17:43.000Z</time>
        <extensions>
          <ns3:TrackPointExtension>
            <ns3:hr>118</ns3:hr>
            <ns3:cad>82</ns3:cad>
          </ns3:TrackPointExtension>
        </extensions>
      </trkpt>
      <trkpt lat="31.283374540507793426513671875" lon="121.3702692277729511260986328125">
        <ele>4.400000095367431640625</ele>
        <time>2026-06-04T13:17:44.000Z</time>
        <extensions>
          <ns3:TrackPointExtension>
            <ns3:hr>118</ns3:hr>
            <ns3:cad>81</ns3:cad>
          </ns3:TrackPointExtension>
        </extensions>
      </trkpt>
      <trkpt lat="31.28335132263600826263427734375" lon="121.37027484364807605743408203125">
        <ele>4.19999980926513671875</ele>
        <time>2026-06-04T13:17:45.000Z</time>
        <extensions>
          <ns3:TrackPointExtension>
            <ns3:hr>119</ns3:hr>
            <ns3:cad>81</ns3:cad>
          </ns3:TrackPointExtension>
        </extensions>
      </trkpt>
      <trkpt lat="31.28332768566906452178955078125" lon="121.370281465351581573486328125">
        <ele>4.19999980926513671875</ele>
        <time>2026-06-04T13:17:46.000Z</time>
        <extensions>
          <ns3:TrackPointExtension>
            <ns3:hr>118</ns3:hr>
            <ns3:cad>81</ns3:cad>
          </ns3:TrackPointExtension>
        </extensions>
      </trkpt>
      <trkpt lat="31.2833029590547084808349609375" lon="121.37028515338897705078125">
        <ele>4</ele>
        <time>2026-06-04T13:17:47.000Z</time>
        <extensions>
          <ns3:TrackPointExtension>
            <ns3:hr>119</ns3:hr>
            <ns3:cad>80</ns3:cad>
          </ns3:TrackPointExtension>
        </extensions>
      </trkpt>
      <trkpt lat="31.2832788191735744476318359375" lon="121.37028238736093044281005859375">
        <ele>4</ele>
        <time>2026-06-04T13:17:48.000Z</time>
        <extensions>
          <ns3:TrackPointExtension>
            <ns3:hr>119</ns3:hr>
            <ns3:cad>80</ns3:cad>
          </ns3:TrackPointExtension>
        </extensions>
      </trkpt>
      <trkpt lat="31.28325711004436016082763671875" lon="121.3702802918851375579833984375">
        <ele>4</ele>
        <time>2026-06-04T13:17:49.000Z</time>
        <extensions>
          <ns3:TrackPointExtension>
            <ns3:hr>118</ns3:hr>
            <ns3:cad>80</ns3:cad>
          </ns3:TrackPointExtension>
        </extensions>
      </trkpt>
      <trkpt lat="31.283232383430004119873046875" lon="121.37027517892420291900634765625">
        <ele>4</ele>
        <time>2026-06-04T13:17:50.000Z</time>
        <extensions>
          <ns3:TrackPointExtension>
            <ns3:hr>119</ns3:hr>
            <ns3:cad>81</ns3:cad>
          </ns3:TrackPointExtension>
        </extensions>
      </trkpt>
      <trkpt lat="31.28320564515888690948486328125" lon="121.370271407067775726318359375">
        <ele>4</ele>
        <time>2026-06-04T13:17:51.000Z</time>
        <extensions>
          <ns3:TrackPointExtension>
            <ns3:hr>119</ns3:hr>
            <ns3:cad>81</ns3:cad>
          </ns3:TrackPointExtension>
        </extensions>
      </trkpt>
      <trkpt lat="31.28318150527775287628173828125" lon="121.3702628575265407562255859375">
        <ele>4</ele>
        <time>2026-06-04T13:17:52.000Z</time>
        <extensions>
          <ns3:TrackPointExtension>
            <ns3:hr>119</ns3:hr>
            <ns3:cad>81</ns3:cad>
          </ns3:TrackPointExtension>
        </extensions>
      </trkpt>
      <trkpt lat="31.28316356800496578216552734375" lon="121.370241232216358184814453125">
        <ele>4.19999980926513671875</ele>
        <time>2026-06-04T13:17:53.000Z</time>
        <extensions>
          <ns3:TrackPointExtension>
            <ns3:hr>118</ns3:hr>
            <ns3:cad>81</ns3:cad>
          </ns3:TrackPointExtension>
        </extensions>
      </trkpt>
      <trkpt lat="31.28316910006105899810791015625" lon="121.37021399103105068206787109375">
        <ele>4.19999980926513671875</ele>
        <time>2026-06-04T13:17:54.000Z</time>
        <extensions>
          <ns3:TrackPointExtension>
            <ns3:hr>119</ns3:hr>
            <ns3:cad>81</ns3:cad>
          </ns3:TrackPointExtension>
        </extensions>
      </trkpt>
      <trkpt lat="31.28318267874419689178466796875" lon="121.3701901026070117950439453125">
        <ele>4.400000095367431640625</ele>
        <time>2026-06-04T13:17:55.000Z</time>
        <extensions>
          <ns3:TrackPointExtension>
            <ns3:hr>119</ns3:hr>
            <ns3:cad>81</ns3:cad>
          </ns3:TrackPointExtension>
        </extensions>
      </trkpt>
      <trkpt lat="31.2832005321979522705078125" lon="121.3701725006103515625">
        <ele>4.599999904632568359375</ele>
        <time>2026-06-04T13:17:56.000Z</time>
        <extensions>
          <ns3:TrackPointExtension>
            <ns3:hr>119</ns3:hr>
            <ns3:cad>81</ns3:cad>
          </ns3:TrackPointExtension>
        </extensions>
      </trkpt>
      <trkpt lat="31.28321704454720020294189453125" lon="121.370152719318866729736328125">
        <ele>4.80000019073486328125</ele>
        <time>2026-06-04T13:17:57.000Z</time>
        <extensions>
          <ns3:TrackPointExtension>
            <ns3:hr>119</ns3:hr>
            <ns3:cad>78</ns3:cad>
          </ns3:TrackPointExtension>
        </extensions>
      </trkpt>
      <trkpt lat="31.2832362391054630279541015625" lon="121.37013721279799938201904296875">
        <ele>4.80000019073486328125</ele>
        <time>2026-06-04T13:17:58.000Z</time>
        <extensions>
          <ns3:TrackPointExtension>
            <ns3:hr>120</ns3:hr>
            <ns3:cad>78</ns3:cad>
          </ns3:TrackPointExtension>
        </extensions>
      </trkpt>
      <trkpt lat="31.283255517482757568359375" lon="121.37012396939098834991455078125">
        <ele>4.599999904632568359375</ele>
        <time>2026-06-04T13:17:59.000Z</time>
        <extensions>
          <ns3:TrackPointExtension>
            <ns3:hr>120</ns3:hr>
            <ns3:cad>78</ns3:cad>
          </ns3:TrackPointExtension>
        </extensions>
      </trkpt>
      <trkpt lat="31.28326666541397571563720703125" lon="121.37010402046144008636474609375">
        <ele>4.599999904632568359375</ele>
        <time>2026-06-04T13:18:00.000Z</time>
        <extensions>
          <ns3:TrackPointExtension>
            <ns3:hr>120</ns3:hr>
            <ns3:cad>78</ns3:cad>
          </ns3:TrackPointExtension>
        </extensions>
      </trkpt>
      <trkpt lat="31.2832784838974475860595703125" lon="121.370083652436733245849609375">
        <ele>4.599999904632568359375</ele>
        <time>2026-06-04T13:18:01.000Z</time>
        <extensions>
          <ns3:TrackPointExtension>
            <ns3:hr>120</ns3:hr>
            <ns3:cad>79</ns3:cad>
          </ns3:TrackPointExtension>
        </extensions>
      </trkpt>
      <trkpt lat="31.28329147584736347198486328125" lon="121.3700673915445804595947265625">
        <ele>4.599999904632568359375</ele>
        <time>2026-06-04T13:18:02.000Z</time>
        <extensions>
          <ns3:TrackPointExtension>
            <ns3:hr>120</ns3:hr>
            <ns3:cad>80</ns3:cad>
          </ns3:TrackPointExtension>
        </extensions>
      </trkpt>
      <trkpt lat="31.28330321051180362701416015625" lon="121.370050124824047088623046875">
        <ele>4.400000095367431640625</ele>
        <time>2026-06-04T13:18:03.000Z</time>
        <extensions>
          <ns3:TrackPointExtension>
            <ns3:hr>120</ns3:hr>
            <ns3:cad>80</ns3:cad>
          </ns3:TrackPointExtension>
        </extensions>
      </trkpt>
      <trkpt lat="31.28331460990011692047119140625" lon="121.370028667151927947998046875">
        <ele>4.400000095367431640625</ele>
        <time>2026-06-04T13:18:04.000Z</time>
        <extensions>
          <ns3:TrackPointExtension>
            <ns3:hr>119</ns3:hr>
            <ns3:cad>80</ns3:cad>
          </ns3:TrackPointExtension>
        </extensions>
      </trkpt>
      <trkpt lat="31.28332349471747875213623046875" lon="121.37000695802271366119384765625">
        <ele>4.400000095367431640625</ele>
        <time>2026-06-04T13:18:05.000Z</time>
        <extensions>
          <ns3:TrackPointExtension>
            <ns3:hr>118</ns3:hr>
            <ns3:cad>80</ns3:cad>
          </ns3:TrackPointExtension>
        </extensions>
      </trkpt>
      <trkpt lat="31.283330619335174560546875" lon="121.369987092912197113037109375">
        <ele>4.400000095367431640625</ele>
        <time>2026-06-04T13:18:06.000Z</time>
        <extensions>
          <ns3:TrackPointExtension>
            <ns3:hr>118</ns3:hr>
            <ns3:cad>80</ns3:cad>
          </ns3:TrackPointExtension>
        </extensions>
      </trkpt>
      <trkpt lat="31.28334042616188526153564453125" lon="121.369965635240077972412109375">
        <ele>4.400000095367431640625</ele>
        <time>2026-06-04T13:18:07.000Z</time>
        <extensions>
          <ns3:TrackPointExtension>
            <ns3:hr>118</ns3:hr>
            <ns3:cad>80</ns3:cad>
          </ns3:TrackPointExtension>
        </extensions>
      </trkpt>
      <trkpt lat="31.28335199318826198577880859375" lon="121.36994543485343456268310546875">
        <ele>4.400000095367431640625</ele>
        <time>2026-06-04T13:18:08.000Z</time>
        <extensions>
          <ns3:TrackPointExtension>
            <ns3:hr>118</ns3:hr>
            <ns3:cad>80</ns3:cad>
          </ns3:TrackPointExtension>
        </extensions>
      </trkpt>
      <trkpt lat="31.28336238674819469451904296875" lon="121.369923390448093414306640625">
        <ele>4.400000095367431640625</ele>
        <time>2026-06-04T13:18:09.000Z</time>
        <extensions>
          <ns3:TrackPointExtension>
            <ns3:hr>118</ns3:hr>
            <ns3:cad>80</ns3:cad>
          </ns3:TrackPointExtension>
        </extensions>
      </trkpt>
      <trkpt lat="31.2833748757839202880859375" lon="121.36989899910986423492431640625">
        <ele>4.400000095367431640625</ele>
        <time>2026-06-04T13:18:10.000Z</time>
        <extensions>
          <ns3:TrackPointExtension>
            <ns3:hr>118</ns3:hr>
            <ns3:cad>81</ns3:cad>
          </ns3:TrackPointExtension>
        </extensions>
      </trkpt>
      <trkpt lat="31.283383928239345550537109375" lon="121.3698766194283962249755859375">
        <ele>4.400000095367431640625</ele>
        <time>2026-06-04T13:18:11.000Z</time>
        <extensions>
          <ns3:TrackPointExtension>
            <ns3:hr>118</ns3:hr>
            <ns3:cad>81</ns3:cad>
          </ns3:TrackPointExtension>
        </extensions>
      </trkpt>
      <trkpt lat="31.28338987939059734344482421875" lon="121.369850300252437591552734375">
        <ele>4.19999980926513671875</ele>
        <time>2026-06-04T13:18:12.000Z</time>
        <extensions>
          <ns3:TrackPointExtension>
            <ns3:hr>118</ns3:hr>
            <ns3:cad>81</ns3:cad>
          </ns3:TrackPointExtension>
        </extensions>
      </trkpt>
      <trkpt lat="31.28339591436088085174560546875" lon="121.36982641182839870452880859375">
        <ele>4.19999980926513671875</ele>
        <time>2026-06-04T13:18:13.000Z</time>
        <extensions>
          <ns3:TrackPointExtension>
            <ns3:hr>118</ns3:hr>
            <ns3:cad>81</ns3:cad>
          </ns3:TrackPointExtension>
        </extensions>
      </trkpt>
      <trkpt lat="31.2834018655121326446533203125" lon="121.369802691042423248291015625">
        <ele>4.19999980926513671875</ele>
        <time>2026-06-04T13:18:14.000Z</time>
        <extensions>
          <ns3:TrackPointExtension>
            <ns3:hr>118</ns3:hr>
            <ns3:cad>81</ns3:cad>
          </ns3:TrackPointExtension>
        </extensions>
      </trkpt>
      <trkpt lat="31.2834112532436847686767578125" lon="121.36977612040936946868896484375">
        <ele>4.19999980926513671875</ele>
        <time>2026-06-04T13:18:15.000Z</time>
        <extensions>
          <ns3:TrackPointExtension>
            <ns3:hr>118</ns3:hr>
            <ns3:cad>82</ns3:cad>
          </ns3:TrackPointExtension>
        </extensions>
      </trkpt>
      <trkpt lat="31.28341401927173137664794921875" lon="121.3697522319853305816650390625">
        <ele>4.19999980926513671875</ele>
        <time>2026-06-04T13:18:16.000Z</time>
        <extensions>
          <ns3:TrackPointExtension>
            <ns3:hr>118</ns3:hr>
            <ns3:cad>82</ns3:cad>
          </ns3:TrackPointExtension>
        </extensions>
      </trkpt>
      <trkpt lat="31.28341619856655597686767578125" lon="121.36973186396062374114990234375">
        <ele>4.19999980926513671875</ele>
        <time>2026-06-04T13:18:17.000Z</time>
        <extensions>
          <ns3:TrackPointExtension>
            <ns3:hr>119</ns3:hr>
            <ns3:cad>82</ns3:cad>
          </ns3:TrackPointExtension>
        </extensions>
      </trkpt>
      <trkpt lat="31.2834196351468563079833984375" lon="121.36971107684075832366943359375">
        <ele>4.19999980926513671875</ele>
        <time>2026-06-04T13:18:18.000Z</time>
        <extensions>
          <ns3:TrackPointExtension>
            <ns3:hr>119</ns3:hr>
            <ns3:cad>82</ns3:cad>
          </ns3:TrackPointExtension>
        </extensions>
      </trkpt>
      <trkpt lat="31.2834229879081249237060546875" lon="121.3696888647973537445068359375">
        <ele>4.19999980926513671875</ele>
        <time>2026-06-04T13:18:19.000Z</time>
        <extensions>
          <ns3:TrackPointExtension>
            <ns3:hr>119</ns3:hr>
            <ns3:cad>82</ns3:cad>
          </ns3:TrackPointExtension>
        </extensions>
      </trkpt>
      <trkpt lat="31.28342424519360065460205078125" lon="121.3696669042110443115234375">
        <ele>4.19999980926513671875</ele>
        <time>2026-06-04T13:18:20.000Z</time>
        <extensions>
          <ns3:TrackPointExtension>
            <ns3:hr>120</ns3:hr>
            <ns3:cad>82</ns3:cad>
          </ns3:TrackPointExtension>
        </extensions>
      </trkpt>
      <trkpt lat="31.28342743031680583953857421875" lon="121.36964150704443454742431640625">
        <ele>4.400000095367431640625</ele>
        <time>2026-06-04T13:18:21.000Z</time>
        <extensions>
          <ns3:TrackPointExtension>
            <ns3:hr>120</ns3:hr>
            <ns3:cad>81</ns3:cad>
          </ns3:TrackPointExtension>
        </extensions>
      </trkpt>
      <trkpt lat="31.28342994488775730133056640625" lon="121.36961795389652252197265625">
        <ele>4.400000095367431640625</ele>
        <time>2026-06-04T13:18:22.000Z</time>
        <extensions>
          <ns3:TrackPointExtension>
            <ns3:hr>119</ns3:hr>
            <ns3:cad>81</ns3:cad>
          </ns3:TrackPointExtension>
        </extensions>
      </trkpt>
      <trkpt lat="31.28343245945870876312255859375" lon="121.369596160948276519775390625">
        <ele>4.400000095367431640625</ele>
        <time>2026-06-04T13:18:23.000Z</time>
        <extensions>
          <ns3:TrackPointExtension>
            <ns3:hr>119</ns3:hr>
            <ns3:cad>80</ns3:cad>
          </ns3:TrackPointExtension>
        </extensions>
      </trkpt>
      <trkpt lat="31.28343430347740650177001953125" lon="121.36957369744777679443359375">
        <ele>4.400000095367431640625</ele>
        <time>2026-06-04T13:18:24.000Z</time>
        <extensions>
          <ns3:TrackPointExtension>
            <ns3:hr>119</ns3:hr>
            <ns3:cad>80</ns3:cad>
          </ns3:TrackPointExtension>
        </extensions>
      </trkpt>
      <trkpt lat="31.2834330461919307708740234375" lon="121.36954897083342075347900390625">
        <ele>4.400000095367431640625</ele>
        <time>2026-06-04T13:18:25.000Z</time>
        <extensions>
          <ns3:TrackPointExtension>
            <ns3:hr>118</ns3:hr>
            <ns3:cad>81</ns3:cad>
          </ns3:TrackPointExtension>
        </extensions>
      </trkpt>
      <trkpt lat="31.28343296237289905548095703125" lon="121.36952600441873073577880859375">
        <ele>4.599999904632568359375</ele>
        <time>2026-06-04T13:18:26.000Z</time>
        <extensions>
          <ns3:TrackPointExtension>
            <ns3:hr>118</ns3:hr>
            <ns3:cad>81</ns3:cad>
          </ns3:TrackPointExtension>
        </extensions>
      </trkpt>
      <trkpt lat="31.28343195654451847076416015625" lon="121.3695044629275798797607421875">
        <ele>4.599999904632568359375</ele>
        <time>2026-06-04T13:18:27.000Z</time>
        <extensions>
          <ns3:TrackPointExtension>
            <ns3:hr>118</ns3:hr>
            <ns3:cad>81</ns3:cad>
          </ns3:TrackPointExtension>
        </extensions>
      </trkpt>
      <trkpt lat="31.2834298610687255859375" lon="121.36948342435061931610107421875">
        <ele>4.599999904632568359375</ele>
        <time>2026-06-04T13:18:28.000Z</time>
        <extensions>
          <ns3:TrackPointExtension>
            <ns3:hr>119</ns3:hr>
            <ns3:cad>81</ns3:cad>
          </ns3:TrackPointExtension>
        </extensions>
      </trkpt>
      <trkpt lat="31.2834270112216472625732421875" lon="121.36946104466915130615234375">
        <ele>4.599999904632568359375</ele>
        <time>2026-06-04T13:18:29.000Z</time>
        <extensions>
          <ns3:TrackPointExtension>
            <ns3:hr>119</ns3:hr>
            <ns3:cad>81</ns3:cad>
          </ns3:TrackPointExtension>
        </extensions>
      </trkpt>
      <trkpt lat="31.28342508338391780853271484375" lon="121.3694394193589687347412109375">
        <ele>4.599999904632568359375</ele>
        <time>2026-06-04T13:18:30.000Z</time>
        <extensions>
          <ns3:TrackPointExtension>
            <ns3:hr>120</ns3:hr>
            <ns3:cad>80</ns3:cad>
          </ns3:TrackPointExtension>
        </extensions>
      </trkpt>
      <trkpt lat="31.28342307172715663909912109375" lon="121.3694162853062152862548828125">
        <ele>4.80000019073486328125</ele>
        <time>2026-06-04T13:18:31.000Z</time>
        <extensions>
          <ns3:TrackPointExtension>
            <ns3:hr>120</ns3:hr>
            <ns3:cad>81</ns3:cad>
          </ns3:TrackPointExtension>
        </extensions>
      </trkpt>
      <trkpt lat="31.28342114388942718505859375" lon="121.36939222924411296844482421875">
        <ele>4.80000019073486328125</ele>
        <time>2026-06-04T13:18:32.000Z</time>
        <extensions>
          <ns3:TrackPointExtension>
            <ns3:hr>119</ns3:hr>
            <ns3:cad>81</ns3:cad>
          </ns3:TrackPointExtension>
        </extensions>
      </trkpt>
      <trkpt lat="31.28341737203299999237060546875" lon="121.36936658062040805816650390625">
        <ele>4.80000019073486328125</ele>
        <time>2026-06-04T13:18:33.000Z</time>
        <extensions>
          <ns3:TrackPointExtension>
            <ns3:hr>121</ns3:hr>
            <ns3:cad>81</ns3:cad>
          </ns3:TrackPointExtension>
        </extensions>
      </trkpt>
      <trkpt lat="31.28341712057590484619140625" lon="121.369343698024749755859375">
        <ele>4.80000019073486328125</ele>
        <time>2026-06-04T13:18:34.000Z</time>
        <extensions>
          <ns3:TrackPointExtension>
            <ns3:hr>121</ns3:hr>
            <ns3:cad>81</ns3:cad>
          </ns3:TrackPointExtension>
        </extensions>
      </trkpt>
      <trkpt lat="31.28341636620461940765380859375" lon="121.36931528337299823760986328125">
        <ele>4.80000019073486328125</ele>
        <time>2026-06-04T13:18:35.000Z</time>
        <extensions>
          <ns3:TrackPointExtension>
            <ns3:hr>121</ns3:hr>
            <ns3:cad>81</ns3:cad>
          </ns3:TrackPointExtension>
        </extensions>
      </trkpt>
      <trkpt lat="31.28341167233884334564208984375" lon="121.369290053844451904296875">
        <ele>5</ele>
        <time>2026-06-04T13:18:36.000Z</time>
        <extensions>
          <ns3:TrackPointExtension>
            <ns3:hr>122</ns3:hr>
            <ns3:cad>81</ns3:cad>
          </ns3:TrackPointExtension>
        </extensions>
      </trkpt>
      <trkpt lat="31.28340505063533782958984375" lon="121.36926666833460330963134765625">
        <ele>5</ele>
        <time>2026-06-04T13:18:37.000Z</time>
        <extensions>
          <ns3:TrackPointExtension>
            <ns3:hr>122</ns3:hr>
            <ns3:cad>81</ns3:cad>
          </ns3:TrackPointExtension>
        </extensions>
      </trkpt>
      <trkpt lat="31.28340077586472034454345703125" lon="121.3692416064441204071044921875">
        <ele>5</ele>
        <time>2026-06-04T13:18:38.000Z</time>
        <extensions>
          <ns3:TrackPointExtension>
            <ns3:hr>122</ns3:hr>
            <ns3:cad>81</ns3:cad>
          </ns3:TrackPointExtension>
        </extensions>
      </trkpt>
      <trkpt lat="31.2833951599895954132080078125" lon="121.3692154549062252044677734375">
        <ele>5</ele>
        <time>2026-06-04T13:18:39.000Z</time>
        <extensions>
          <ns3:TrackPointExtension>
            <ns3:hr>122</ns3:hr>
            <ns3:cad>82</ns3:cad>
          </ns3:TrackPointExtension>
        </extensions>
      </trkpt>
      <trkpt lat="31.2833854369819164276123046875" lon="121.36919106356799602508544921875">
        <ele>5</ele>
        <time>2026-06-04T13:18:40.000Z</time>
        <extensions>
          <ns3:TrackPointExtension>
            <ns3:hr>122</ns3:hr>
            <ns3:cad>82</ns3:cad>
          </ns3:TrackPointExtension>
        </extensions>
      </trkpt>
      <trkpt lat="31.2833775579929351806640625" lon="121.36916658841073513031005859375">
        <ele>5</ele>
        <time>2026-06-04T13:18:41.000Z</time>
        <extensions>
          <ns3:TrackPointExtension>
            <ns3:hr>122</ns3:hr>
            <ns3:cad>82</ns3:cad>
          </ns3:TrackPointExtension>
        </extensions>
      </trkpt>
      <trkpt lat="31.28336909227073192596435546875" lon="121.36914563365280628204345703125">
        <ele>5</ele>
        <time>2026-06-04T13:18:42.000Z</time>
        <extensions>
          <ns3:TrackPointExtension>
            <ns3:hr>122</ns3:hr>
            <ns3:cad>82</ns3:cad>
          </ns3:TrackPointExtension>
        </extensions>
      </trkpt>
      <trkpt lat="31.28335651941597461700439453125" lon="121.369126103818416595458984375">
        <ele>5</ele>
        <time>2026-06-04T13:18:43.000Z</time>
        <extensions>
          <ns3:TrackPointExtension>
            <ns3:hr>122</ns3:hr>
            <ns3:cad>82</ns3:cad>
          </ns3:TrackPointExtension>
        </extensions>
      </trkpt>
      <trkpt lat="31.2833448685705661773681640625" lon="121.369104646146297454833984375">
        <ele>5</ele>
        <time>2026-06-04T13:18:44.000Z</time>
        <extensions>
          <ns3:TrackPointExtension>
            <ns3:hr>122</ns3:hr>
            <ns3:cad>81</ns3:cad>
          </ns3:TrackPointExtension>
        </extensions>
      </trkpt>
      <trkpt lat="31.2833324633538722991943359375" lon="121.369087882339954376220703125">
        <ele>5.19999980926513671875</ele>
        <time>2026-06-04T13:18:45.000Z</time>
        <extensions>
          <ns3:TrackPointExtension>
            <ns3:hr>122</ns3:hr>
            <ns3:cad>81</ns3:cad>
          </ns3:TrackPointExtension>
        </extensions>
      </trkpt>
      <trkpt lat="31.2833177112042903900146484375" lon="121.369071789085865020751953125">
        <ele>5.19999980926513671875</ele>
        <time>2026-06-04T13:18:46.000Z</time>
        <extensions>
          <ns3:TrackPointExtension>
            <ns3:hr>122</ns3:hr>
            <ns3:cad>81</ns3:cad>
          </ns3:TrackPointExtension>
        </extensions>
      </trkpt>
      <trkpt lat="31.2833039648830890655517578125" lon="121.36905561201274394989013671875">
        <ele>5.400000095367431640625</ele>
        <time>2026-06-04T13:18:47.000Z</time>
        <extensions>
          <ns3:TrackPointExtension>
            <ns3:hr>122</ns3:hr>
            <ns3:cad>80</ns3:cad>
          </ns3:TrackPointExtension>
        </extensions>
      </trkpt>
      <trkpt lat="31.2832890450954437255859375" lon="121.36904270388185977935791015625">
        <ele>5.400000095367431640625</ele>
        <time>2026-06-04T13:18:48.000Z</time>
        <extensions>
          <ns3:TrackPointExtension>
            <ns3:hr>122</ns3:hr>
            <ns3:cad>80</ns3:cad>
          </ns3:TrackPointExtension>
        </extensions>
      </trkpt>
      <trkpt lat="31.28327219747006893157958984375" lon="121.36903013102710247039794921875">
        <ele>5.400000095367431640625</ele>
        <time>2026-06-04T13:18:49.000Z</time>
        <extensions>
          <ns3:TrackPointExtension>
            <ns3:hr>122</ns3:hr>
            <ns3:cad>80</ns3:cad>
          </ns3:TrackPointExtension>
        </extensions>
      </trkpt>
      <trkpt lat="31.2832597084343433380126953125" lon="121.3690183125436305999755859375">
        <ele>5.599999904632568359375</ele>
        <time>2026-06-04T13:18:50.000Z</time>
        <extensions>
          <ns3:TrackPointExtension>
            <ns3:hr>122</ns3:hr>
            <ns3:cad>81</ns3:cad>
          </ns3:TrackPointExtension>
        </extensions>
      </trkpt>
      <trkpt lat="31.2832456268370151519775390625" lon="121.36900867335498332977294921875">
        <ele>5.599999904632568359375</ele>
        <time>2026-06-04T13:18:51.000Z</time>
        <extensions>
          <ns3:TrackPointExtension>
            <ns3:hr>122</ns3:hr>
            <ns3:cad>81</ns3:cad>
          </ns3:TrackPointExtension>
        </extensions>
      </trkpt>
      <trkpt lat="31.28322777338325977325439453125" lon="121.36899241246283054351806640625">
        <ele>5.599999904632568359375</ele>
        <time>2026-06-04T13:18:52.000Z</time>
        <extensions>
          <ns3:TrackPointExtension>
            <ns3:hr>122</ns3:hr>
            <ns3:cad>80</ns3:cad>
          </ns3:TrackPointExtension>
        </extensions>
      </trkpt>
      <trkpt lat="31.28321000374853610992431640625" lon="121.368979923427104949951171875">
        <ele>5.599999904632568359375</ele>
        <time>2026-06-04T13:18:53.000Z</time>
        <extensions>
          <ns3:TrackPointExtension>
            <ns3:hr>122</ns3:hr>
            <ns3:cad>80</ns3:cad>
          </ns3:TrackPointExtension>
        </extensions>
      </trkpt>
      <trkpt lat="31.28320028074085712432861328125" lon="121.3689668476581573486328125">
        <ele>5.599999904632568359375</ele>
        <time>2026-06-04T13:18:54.000Z</time>
        <extensions>
          <ns3:TrackPointExtension>
            <ns3:hr>121</ns3:hr>
            <ns3:cad>80</ns3:cad>
          </ns3:TrackPointExtension>
        </extensions>
      </trkpt>
      <trkpt lat="31.28318720497190952301025390625" lon="121.368964500725269317626953125">
        <ele>5.400000095367431640625</ele>
        <time>2026-06-04T13:18:55.000Z</time>
        <extensions>
          <ns3:TrackPointExtension>
            <ns3:hr>121</ns3:hr>
            <ns3:cad>80</ns3:cad>
          </ns3:TrackPointExtension>
        </extensions>
      </trkpt>
      <trkpt lat="31.283171363174915313720703125" lon="121.36897623538970947265625">
        <ele>5.400000095367431640625</ele>
        <time>2026-06-04T13:18:56.000Z</time>
        <extensions>
          <ns3:TrackPointExtension>
            <ns3:hr>120</ns3:hr>
            <ns3:cad>80</ns3:cad>
          </ns3:TrackPointExtension>
        </extensions>
      </trkpt>
      <trkpt lat="31.2831576168537139892578125" lon="121.36898889206349849700927734375">
        <ele>5.400000095367431640625</ele>
        <time>2026-06-04T13:18:57.000Z</time>
        <extensions>
          <ns3:TrackPointExtension>
            <ns3:hr>120</ns3:hr>
            <ns3:cad>77</ns3:cad>
          </ns3:TrackPointExtension>
        </extensions>
      </trkpt>
      <trkpt lat="31.283142864704132080078125" lon="121.369002722203731536865234375">
        <ele>5.400000095367431640625</ele>
        <time>2026-06-04T13:18:58.000Z</time>
        <extensions>
          <ns3:TrackPointExtension>
            <ns3:hr>120</ns3:hr>
            <ns3:cad>77</ns3:cad>
          </ns3:TrackPointExtension>
        </extensions>
      </trkpt>
      <trkpt lat="31.2831255979835987091064453125" lon="121.3690132834017276763916015625">
        <ele>5.400000095367431640625</ele>
        <time>2026-06-04T13:18:59.000Z</time>
        <extensions>
          <ns3:TrackPointExtension>
            <ns3:hr>120</ns3:hr>
            <ns3:cad>76</ns3:cad>
          </ns3:TrackPointExtension>
        </extensions>
      </trkpt>
      <trkpt lat="31.28310791216790676116943359375" lon="121.3690240122377872467041015625">
        <ele>5.400000095367431640625</ele>
        <time>2026-06-04T13:19:00.000Z</time>
        <extensions>
          <ns3:TrackPointExtension>
            <ns3:hr>120</ns3:hr>
            <ns3:cad>76</ns3:cad>
          </ns3:TrackPointExtension>
        </extensions>
      </trkpt>
      <trkpt lat="31.2830905616283416748046875" lon="121.36903633363544940948486328125">
        <ele>5.599999904632568359375</ele>
        <time>2026-06-04T13:19:01.000Z</time>
        <extensions>
          <ns3:TrackPointExtension>
            <ns3:hr>120</ns3:hr>
            <ns3:cad>78</ns3:cad>
          </ns3:TrackPointExtension>
        </extensions>
      </trkpt>
      <trkpt lat="31.28307170234620571136474609375" lon="121.36904672719538211822509765625">
        <ele>5.599999904632568359375</ele>
        <time>2026-06-04T13:19:02.000Z</time>
        <extensions>
          <ns3:TrackPointExtension>
            <ns3:hr>120</ns3:hr>
            <ns3:cad>78</ns3:cad>
          </ns3:TrackPointExtension>
        </extensions>
      </trkpt>
      <trkpt lat="31.28305812366306781768798828125" lon="121.36905896477401256561279296875">
        <ele>5.599999904632568359375</ele>
        <time>2026-06-04T13:19:03.000Z</time>
        <extensions>
          <ns3:TrackPointExtension>
            <ns3:hr>120</ns3:hr>
            <ns3:cad>79</ns3:cad>
          </ns3:TrackPointExtension>
        </extensions>
      </trkpt>
      <trkpt lat="31.28304370678961277008056640625" lon="121.36907388456165790557861328125">
        <ele>5.599999904632568359375</ele>
        <time>2026-06-04T13:19:04.000Z</time>
        <extensions>
          <ns3:TrackPointExtension>
            <ns3:hr>120</ns3:hr>
            <ns3:cad>79</ns3:cad>
          </ns3:TrackPointExtension>
        </extensions>
      </trkpt>
      <trkpt lat="31.28302996046841144561767578125" lon="121.36908411048352718353271484375">
        <ele>5.599999904632568359375</ele>
        <time>2026-06-04T13:19:05.000Z</time>
        <extensions>
          <ns3:TrackPointExtension>
            <ns3:hr>120</ns3:hr>
            <ns3:cad>79</ns3:cad>
          </ns3:TrackPointExtension>
        </extensions>
      </trkpt>
      <trkpt lat="31.28301638178527355194091796875" lon="121.3691007904708385467529296875">
        <ele>5.599999904632568359375</ele>
        <time>2026-06-04T13:19:06.000Z</time>
        <extensions>
          <ns3:TrackPointExtension>
            <ns3:hr>120</ns3:hr>
            <ns3:cad>79</ns3:cad>
          </ns3:TrackPointExtension>
        </extensions>
      </trkpt>
      <trkpt lat="31.28300406038761138916015625" lon="121.36911361478269100189208984375">
        <ele>5.599999904632568359375</ele>
        <time>2026-06-04T13:19:07.000Z</time>
        <extensions>
          <ns3:TrackPointExtension>
            <ns3:hr>120</ns3:hr>
            <ns3:cad>79</ns3:cad>
          </ns3:TrackPointExtension>
        </extensions>
      </trkpt>
      <trkpt lat="31.28298821859061717987060546875" lon="121.3691282831132411956787109375">
        <ele>5.599999904632568359375</ele>
        <time>2026-06-04T13:19:08.000Z</time>
        <extensions>
          <ns3:TrackPointExtension>
            <ns3:hr>120</ns3:hr>
            <ns3:cad>79</ns3:cad>
          </ns3:TrackPointExtension>
        </extensions>
      </trkpt>
      <trkpt lat="31.2829717062413692474365234375" lon="121.36914345435798168182373046875">
        <ele>5.599999904632568359375</ele>
        <time>2026-06-04T13:19:09.000Z</time>
        <extensions>
          <ns3:TrackPointExtension>
            <ns3:hr>120</ns3:hr>
            <ns3:cad>79</ns3:cad>
          </ns3:TrackPointExtension>
        </extensions>
      </trkpt>
      <trkpt lat="31.2829572893679141998291015625" lon="121.36915585957467555999755859375">
        <ele>5.599999904632568359375</ele>
        <time>2026-06-04T13:19:10.000Z</time>
        <extensions>
          <ns3:TrackPointExtension>
            <ns3:hr>120</ns3:hr>
            <ns3:cad>79</ns3:cad>
          </ns3:TrackPointExtension>
        </extensions>
      </trkpt>
      <trkpt lat="31.28294027410447597503662109375" lon="121.3691685162484645843505859375">
        <ele>5.400000095367431640625</ele>
        <time>2026-06-04T13:19:11.000Z</time>
        <extensions>
          <ns3:TrackPointExtension>
            <ns3:hr>120</ns3:hr>
            <ns3:cad>79</ns3:cad>
          </ns3:TrackPointExtension>
        </extensions>
      </trkpt>
      <trkpt lat="31.28292351029813289642333984375" lon="121.36918502859771251678466796875">
        <ele>5.400000095367431640625</ele>
        <time>2026-06-04T13:19:12.000Z</time>
        <extensions>
          <ns3:TrackPointExtension>
            <ns3:hr>120</ns3:hr>
            <ns3:cad>80</ns3:cad>
          </ns3:TrackPointExtension>
        </extensions>
      </trkpt>
      <trkpt lat="31.28291009925305843353271484375" lon="121.369198858737945556640625">
        <ele>5.400000095367431640625</ele>
        <time>2026-06-04T13:19:13.000Z</time>
        <extensions>
          <ns3:TrackPointExtension>
            <ns3:hr>120</ns3:hr>
            <ns3:cad>80</ns3:cad>
          </ns3:TrackPointExtension>
        </extensions>
      </trkpt>
      <trkpt lat="31.28289140760898590087890625" lon="121.36921134777367115020751953125">
        <ele>5.400000095367431640625</ele>
        <time>2026-06-04T13:19:14.000Z</time>
        <extensions>
          <ns3:TrackPointExtension>
            <ns3:hr>120</ns3:hr>
            <ns3:cad>79</ns3:cad>
          </ns3:TrackPointExtension>
        </extensions>
      </trkpt>
      <trkpt lat="31.2828734703361988067626953125" lon="121.36922291480004787445068359375">
        <ele>5.19999980926513671875</ele>
        <time>2026-06-04T13:19:15.000Z</time>
        <extensions>
          <ns3:TrackPointExtension>
            <ns3:hr>120</ns3:hr>
            <ns3:cad>79</ns3:cad>
          </ns3:TrackPointExtension>
        </extensions>
      </trkpt>
      <trkpt lat="31.28285762853920459747314453125" lon="121.369238086044788360595703125">
        <ele>5.19999980926513671875</ele>
        <time>2026-06-04T13:19:16.000Z</time>
        <extensions>
          <ns3:TrackPointExtension>
            <ns3:hr>120</ns3:hr>
            <ns3:cad>79</ns3:cad>
          </ns3:TrackPointExtension>
        </extensions>
      </trkpt>
      <trkpt lat="31.28283633850514888763427734375" lon="121.36925183236598968505859375">
        <ele>5</ele>
        <time>2026-06-04T13:19:17.000Z</time>
        <extensions>
          <ns3:TrackPointExtension>
            <ns3:hr>120</ns3:hr>
            <ns3:cad>79</ns3:cad>
          </ns3:TrackPointExtension>
        </extensions>
      </trkpt>
      <trkpt lat="31.28281555138528347015380859375" lon="121.36926390230655670166015625">
        <ele>4.80000019073486328125</ele>
        <time>2026-06-04T13:19:18.000Z</time>
        <extensions>
          <ns3:TrackPointExtension>
            <ns3:hr>120</ns3:hr>
            <ns3:cad>79</ns3:cad>
          </ns3:TrackPointExtension>
        </extensions>
      </trkpt>
      <trkpt lat="31.28279794938862323760986328125" lon="121.3692778162658214569091796875">
        <ele>4.599999904632568359375</ele>
        <time>2026-06-04T13:19:19.000Z</time>
        <extensions>
          <ns3:TrackPointExtension>
            <ns3:hr>119</ns3:hr>
            <ns3:cad>79</ns3:cad>
          </ns3:TrackPointExtension>
        </extensions>
      </trkpt>
      <trkpt lat="31.28278118558228015899658203125" lon="121.3692902214825153350830078125">
        <ele>4.400000095367431640625</ele>
        <time>2026-06-04T13:19:20.000Z</time>
        <extensions>
          <ns3:TrackPointExtension>
            <ns3:hr>120</ns3:hr>
            <ns3:cad>79</ns3:cad>
          </ns3:TrackPointExtension>
        </extensions>
      </trkpt>
      <trkpt lat="31.2827624939382076263427734375" lon="121.369304470717906951904296875">
        <ele>4.400000095367431640625</ele>
        <time>2026-06-04T13:19:21.000Z</time>
        <extensions>
          <ns3:TrackPointExtension>
            <ns3:hr>120</ns3:hr>
            <ns3:cad>79</ns3:cad>
          </ns3:TrackPointExtension>
        </extensions>
      </trkpt>
      <trkpt lat="31.28274380229413509368896484375" lon="121.36932014487683773040771484375">
        <ele>4.19999980926513671875</ele>
        <time>2026-06-04T13:19:22.000Z</time>
        <extensions>
          <ns3:TrackPointExtension>
            <ns3:hr>120</ns3:hr>
            <ns3:cad>80</ns3:cad>
          </ns3:TrackPointExtension>
        </extensions>
      </trkpt>
      <trkpt lat="31.282724775373935699462890625" lon="121.3693311251699924468994140625">
        <ele>4</ele>
        <time>2026-06-04T13:19:23.000Z</time>
        <extensions>
          <ns3:TrackPointExtension>
            <ns3:hr>120</ns3:hr>
            <ns3:cad>80</ns3:cad>
          </ns3:TrackPointExtension>
        </extensions>
      </trkpt>
      <trkpt lat="31.28270541317760944366455078125" lon="121.3693431951105594635009765625">
        <ele>3.7999999523162841796875</ele>
        <time>2026-06-04T13:19:24.000Z</time>
        <extensions>
          <ns3:TrackPointExtension>
            <ns3:hr>120</ns3:hr>
            <ns3:cad>80</ns3:cad>
          </ns3:TrackPointExtension>
        </extensions>
      </trkpt>
      <trkpt lat="31.282686889171600341796875" lon="121.36936021037399768829345703125">
        <ele>3.599999904632568359375</ele>
        <time>2026-06-04T13:19:25.000Z</time>
        <extensions>
          <ns3:TrackPointExtension>
            <ns3:hr>120</ns3:hr>
            <ns3:cad>80</ns3:cad>
          </ns3:TrackPointExtension>
        </extensions>
      </trkpt>
      <trkpt lat="31.28266802988946437835693359375" lon="121.369377560913562774658203125">
        <ele>3.599999904632568359375</ele>
        <time>2026-06-04T13:19:26.000Z</time>
        <extensions>
          <ns3:TrackPointExtension>
            <ns3:hr>120</ns3:hr>
            <ns3:cad>81</ns3:cad>
          </ns3:TrackPointExtension>
        </extensions>
      </trkpt>
      <trkpt lat="31.28265294246375560760498046875" lon="121.36939591728150844573974609375">
        <ele>3.400000095367431640625</ele>
        <time>2026-06-04T13:19:27.000Z</time>
        <extensions>
          <ns3:TrackPointExtension>
            <ns3:hr>120</ns3:hr>
            <ns3:cad>81</ns3:cad>
          </ns3:TrackPointExtension>
        </extensions>
      </trkpt>
      <trkpt lat="31.2826401181519031524658203125" lon="121.36941988952457904815673828125">
        <ele>3.400000095367431640625</ele>
        <time>2026-06-04T13:19:28.000Z</time>
        <extensions>
          <ns3:TrackPointExtension>
            <ns3:hr>120</ns3:hr>
            <ns3:cad>81</ns3:cad>
          </ns3:TrackPointExtension>
        </extensions>
      </trkpt>
      <trkpt lat="31.2826251983642578125" lon="121.36944335885345935821533203125">
        <ele>3.400000095367431640625</ele>
        <time>2026-06-04T13:19:29.000Z</time>
        <extensions>
          <ns3:TrackPointExtension>
            <ns3:hr>119</ns3:hr>
            <ns3:cad>81</ns3:cad>
          </ns3:TrackPointExtension>
        </extensions>
      </trkpt>
      <trkpt lat="31.28261522389948368072509765625" lon="121.36946565471589565277099609375">
        <ele>3.400000095367431640625</ele>
        <time>2026-06-04T13:19:30.000Z</time>
        <extensions>
          <ns3:TrackPointExtension>
            <ns3:hr>120</ns3:hr>
            <ns3:cad>81</ns3:cad>
          </ns3:TrackPointExtension>
        </extensions>
      </trkpt>
      <trkpt lat="31.282609440386295318603515625" lon="121.36948895640671253204345703125">
        <ele>3.2000000476837158203125</ele>
        <time>2026-06-04T13:19:31.000Z</time>
        <extensions>
          <ns3:TrackPointExtension>
            <ns3:hr>120</ns3:hr>
            <ns3:cad>82</ns3:cad>
          </ns3:TrackPointExtension>
        </extensions>
      </trkpt>
      <trkpt lat="31.2826045788824558258056640625" lon="121.369511671364307403564453125">
        <ele>3.2000000476837158203125</ele>
        <time>2026-06-04T13:19:32.000Z</time>
        <extensions>
          <ns3:TrackPointExtension>
            <ns3:hr>120</ns3:hr>
            <ns3:cad>82</ns3:cad>
          </ns3:TrackPointExtension>
        </extensions>
      </trkpt>
      <trkpt lat="31.28259561024606227874755859375" lon="121.36953874491155147552490234375">
        <ele>3.2000000476837158203125</ele>
        <time>2026-06-04T13:19:33.000Z</time>
        <extensions>
          <ns3:TrackPointExtension>
            <ns3:hr>120</ns3:hr>
            <ns3:cad>82</ns3:cad>
          </ns3:TrackPointExtension>
        </extensions>
      </trkpt>
      <trkpt lat="31.2825931794941425323486328125" lon="121.36956338770687580108642578125">
        <ele>3.2000000476837158203125</ele>
        <time>2026-06-04T13:19:34.000Z</time>
        <extensions>
          <ns3:TrackPointExtension>
            <ns3:hr>120</ns3:hr>
            <ns3:cad>82</ns3:cad>
          </ns3:TrackPointExtension>
        </extensions>
      </trkpt>
      <trkpt lat="31.2825911678373813629150390625" lon="121.36958803050220012664794921875">
        <ele>3.2000000476837158203125</ele>
        <time>2026-06-04T13:19:35.000Z</time>
        <extensions>
          <ns3:TrackPointExtension>
            <ns3:hr>120</ns3:hr>
            <ns3:cad>82</ns3:cad>
          </ns3:TrackPointExtension>
        </extensions>
      </trkpt>
      <trkpt lat="31.28259502351284027099609375" lon="121.36961418204009532928466796875">
        <ele>3.400000095367431640625</ele>
        <time>2026-06-04T13:19:36.000Z</time>
        <extensions>
          <ns3:TrackPointExtension>
            <ns3:hr>120</ns3:hr>
            <ns3:cad>82</ns3:cad>
          </ns3:TrackPointExtension>
        </extensions>
      </trkpt>
      <trkpt lat="31.28259963355958461761474609375" lon="121.36964033357799053192138671875">
        <ele>3.400000095367431640625</ele>
        <time>2026-06-04T13:19:37.000Z</time>
        <extensions>
          <ns3:TrackPointExtension>
            <ns3:hr>119</ns3:hr>
            <ns3:cad>82</ns3:cad>
          </ns3:TrackPointExtension>
        </extensions>
      </trkpt>
      <trkpt lat="31.28260483033955097198486328125" lon="121.369665898382663726806640625">
        <ele>3.400000095367431640625</ele>
        <time>2026-06-04T13:19:38.000Z</time>
        <extensions>
          <ns3:TrackPointExtension>
            <ns3:hr>119</ns3:hr>
            <ns3:cad>82</ns3:cad>
          </ns3:TrackPointExtension>
        </extensions>
      </trkpt>
      <trkpt lat="31.2826153077185153961181640625" lon="121.3696888647973537445068359375">
        <ele>3.400000095367431640625</ele>
        <time>2026-06-04T13:19:39.000Z</time>
        <extensions>
          <ns3:TrackPointExtension>
            <ns3:hr>119</ns3:hr>
            <ns3:cad>82</ns3:cad>
          </ns3:TrackPointExtension>
        </extensions>
      </trkpt>
      <trkpt lat="31.28262477926909923553466796875" lon="121.3697076402604579925537109375">
        <ele>3.400000095367431640625</ele>
        <time>2026-06-04T13:19:40.000Z</time>
        <extensions>
          <ns3:TrackPointExtension>
            <ns3:hr>118</ns3:hr>
            <ns3:cad>82</ns3:cad>
          </ns3:TrackPointExtension>
        </extensions>
      </trkpt>
      <trkpt lat="31.28263819031417369842529296875" lon="121.3697274215519428253173828125">
        <ele>3.400000095367431640625</ele>
        <time>2026-06-04T13:19:41.000Z</time>
        <extensions>
          <ns3:TrackPointExtension>
            <ns3:hr>118</ns3:hr>
            <ns3:cad>82</ns3:cad>
          </ns3:TrackPointExtension>
        </extensions>
      </trkpt>
      <trkpt lat="31.2826533615589141845703125" lon="121.36974669992923736572265625">
        <ele>3.2000000476837158203125</ele>
        <time>2026-06-04T13:19:42.000Z</time>
        <extensions>
          <ns3:TrackPointExtension>
            <ns3:hr>118</ns3:hr>
            <ns3:cad>82</ns3:cad>
          </ns3:TrackPointExtension>
        </extensions>
      </trkpt>
      <trkpt lat="31.2826689518988132476806640625" lon="121.36976220645010471343994140625">
        <ele>3.2000000476837158203125</ele>
        <time>2026-06-04T13:19:43.000Z</time>
        <extensions>
          <ns3:TrackPointExtension>
            <ns3:hr>118</ns3:hr>
            <ns3:cad>82</ns3:cad>
          </ns3:TrackPointExtension>
        </extensions>
      </trkpt>
      <trkpt lat="31.28268596716225147247314453125" lon="121.3697780482470989227294921875">
        <ele>3.2000000476837158203125</ele>
        <time>2026-06-04T13:19:44.000Z</time>
        <extensions>
          <ns3:TrackPointExtension>
            <ns3:hr>118</ns3:hr>
            <ns3:cad>81</ns3:cad>
          </ns3:TrackPointExtension>
        </extensions>
      </trkpt>
      <trkpt lat="31.28270138986408710479736328125" lon="121.36979707516729831695556640625">
        <ele>3</ele>
        <time>2026-06-04T13:19:45.000Z</time>
        <extensions>
          <ns3:TrackPointExtension>
            <ns3:hr>118</ns3:hr>
            <ns3:cad>81</ns3:cad>
          </ns3:TrackPointExtension>
        </extensions>
      </trkpt>
      <trkpt lat="31.28271815367043018341064453125" lon="121.3698149286210536956787109375">
        <ele>3</ele>
        <time>2026-06-04T13:19:46.000Z</time>
        <extensions>
          <ns3:TrackPointExtension>
            <ns3:hr>118</ns3:hr>
            <ns3:cad>81</ns3:cad>
          </ns3:TrackPointExtension>
        </extensions>
      </trkpt>
      <trkpt lat="31.282736845314502716064453125" lon="121.36983118951320648193359375">
        <ele>3</ele>
        <time>2026-06-04T13:19:47.000Z</time>
        <extensions>
          <ns3:TrackPointExtension>
            <ns3:hr>118</ns3:hr>
            <ns3:cad>81</ns3:cad>
          </ns3:TrackPointExtension>
        </extensions>
      </trkpt>
      <trkpt lat="31.2827552855014801025390625" lon="121.36983923614025115966796875">
        <ele>3.2000000476837158203125</ele>
        <time>2026-06-04T13:19:48.000Z</time>
        <extensions>
          <ns3:TrackPointExtension>
            <ns3:hr>118</ns3:hr>
            <ns3:cad>81</ns3:cad>
          </ns3:TrackPointExtension>
        </extensions>
      </trkpt>
      <trkpt lat="31.282775737345218658447265625" lon="121.3698259927332401275634765625">
        <ele>3.599999904632568359375</ele>
        <time>2026-06-04T13:19:49.000Z</time>
        <extensions>
          <ns3:TrackPointExtension>
            <ns3:hr>118</ns3:hr>
            <ns3:cad>81</ns3:cad>
          </ns3:TrackPointExtension>
        </extensions>
      </trkpt>
      <trkpt lat="31.28277984447777271270751953125" lon="121.3698031939566135406494140625">
        <ele>3.7999999523162841796875</ele>
        <time>2026-06-04T13:19:50.000Z</time>
        <extensions>
          <ns3:TrackPointExtension>
            <ns3:hr>118</ns3:hr>
            <ns3:cad>81</ns3:cad>
          </ns3:TrackPointExtension>
        </extensions>
      </trkpt>
      <trkpt lat="31.282775066792964935302734375" lon="121.3697755336761474609375">
        <ele>4.19999980926513671875</ele>
        <time>2026-06-04T13:19:51.000Z</time>
        <extensions>
          <ns3:TrackPointExtension>
            <ns3:hr>118</ns3:hr>
            <ns3:cad>81</ns3:cad>
          </ns3:TrackPointExtension>
        </extensions>
      </trkpt>
      <trkpt lat="31.2827681936323642730712890625" lon="121.36974980123341083526611328125">
        <ele>4.19999980926513671875</ele>
        <time>2026-06-04T13:19:52.000Z</time>
        <extensions>
          <ns3:TrackPointExtension>
            <ns3:hr>118</ns3:hr>
            <ns3:cad>79</ns3:cad>
          </ns3:TrackPointExtension>
        </extensions>
      </trkpt>
      <trkpt lat="31.282763667404651641845703125" lon="121.36972415260970592498779296875">
        <ele>4.400000095367431640625</ele>
        <time>2026-06-04T13:19:53.000Z</time>
        <extensions>
          <ns3:TrackPointExtension>
            <ns3:hr>117</ns3:hr>
            <ns3:cad>79</ns3:cad>
          </ns3:TrackPointExtension>
        </extensions>
      </trkpt>
      <trkpt lat="31.2827591411769390106201171875" lon="121.36969531886279582977294921875">
        <ele>4.400000095367431640625</ele>
        <time>2026-06-04T13:19:54.000Z</time>
        <extensions>
          <ns3:TrackPointExtension>
            <ns3:hr>117</ns3:hr>
            <ns3:cad>79</ns3:cad>
          </ns3:TrackPointExtension>
        </extensions>
      </trkpt>
      <trkpt lat="31.2827552855014801025390625" lon="121.36967235244810581207275390625">
        <ele>4.400000095367431640625</ele>
        <time>2026-06-04T13:19:55.000Z</time>
        <extensions>
          <ns3:TrackPointExtension>
            <ns3:hr>116</ns3:hr>
            <ns3:cad>79</ns3:cad>
          </ns3:TrackPointExtension>
        </extensions>
      </trkpt>
      <trkpt lat="31.28275235183537006378173828125" lon="121.3696467876434326171875">
        <ele>4.400000095367431640625</ele>
        <time>2026-06-04T13:19:56.000Z</time>
        <extensions>
          <ns3:TrackPointExtension>
            <ns3:hr>116</ns3:hr>
            <ns3:cad>80</ns3:cad>
          </ns3:TrackPointExtension>
        </extensions>
      </trkpt>
      <trkpt lat="31.28274849615991115570068359375" lon="121.36961770243942737579345703125">
        <ele>4.400000095367431640625</ele>
        <time>2026-06-04T13:19:57.000Z</time>
        <extensions>
          <ns3:TrackPointExtension>
            <ns3:hr>116</ns3:hr>
            <ns3:cad>81</ns3:cad>
          </ns3:TrackPointExtension>
        </extensions>
      </trkpt>
      <trkpt lat="31.28274857997894287109375" lon="121.36959473602473735809326171875">
        <ele>4.599999904632568359375</ele>
        <time>2026-06-04T13:19:58.000Z</time>
        <extensions>
          <ns3:TrackPointExtension>
            <ns3:hr>116</ns3:hr>
            <ns3:cad>81</ns3:cad>
          </ns3:TrackPointExtension>
        </extensions>
      </trkpt>
      <trkpt lat="31.28274966962635517120361328125" lon="121.36956942267715930938720703125">
        <ele>4.599999904632568359375</ele>
        <time>2026-06-04T13:19:59.000Z</time>
        <extensions>
          <ns3:TrackPointExtension>
            <ns3:hr>116</ns3:hr>
            <ns3:cad>82</ns3:cad>
          </ns3:TrackPointExtension>
        </extensions>
      </trkpt>
      <trkpt lat="31.28275327384471893310546875" lon="121.36954687535762786865234375">
        <ele>4.599999904632568359375</ele>
        <time>2026-06-04T13:20:00.000Z</time>
        <extensions>
          <ns3:TrackPointExtension>
            <ns3:hr>116</ns3:hr>
            <ns3:cad>82</ns3:cad>
          </ns3:TrackPointExtension>
        </extensions>
      </trkpt>
      <trkpt lat="31.282757632434368133544921875" lon="121.3695232383906841278076171875">
        <ele>4.599999904632568359375</ele>
        <time>2026-06-04T13:20:01.000Z</time>
        <extensions>
          <ns3:TrackPointExtension>
            <ns3:hr>116</ns3:hr>
            <ns3:cad>82</ns3:cad>
          </ns3:TrackPointExtension>
        </extensions>
      </trkpt>
      <trkpt lat="31.28276190720498561859130859375" lon="121.36949633248150348663330078125">
        <ele>4.599999904632568359375</ele>
        <time>2026-06-04T13:20:02.000Z</time>
        <extensions>
          <ns3:TrackPointExtension>
            <ns3:hr>116</ns3:hr>
            <ns3:cad>82</ns3:cad>
          </ns3:TrackPointExtension>
        </extensions>
      </trkpt>
      <trkpt lat="31.2827641703188419342041015625" lon="121.36947135441005229949951171875">
        <ele>4.80000019073486328125</ele>
        <time>2026-06-04T13:20:03.000Z</time>
        <extensions>
          <ns3:TrackPointExtension>
            <ns3:hr>117</ns3:hr>
            <ns3:cad>81</ns3:cad>
          </ns3:TrackPointExtension>
        </extensions>
      </trkpt>
      <trkpt lat="31.28276794217526912689208984375" lon="121.36944620870053768157958984375">
        <ele>4.80000019073486328125</ele>
        <time>2026-06-04T13:20:04.000Z</time>
        <extensions>
          <ns3:TrackPointExtension>
            <ns3:hr>119</ns3:hr>
            <ns3:cad>81</ns3:cad>
          </ns3:TrackPointExtension>
        </extensions>
      </trkpt>
      <trkpt lat="31.2827752344310283660888671875" lon="121.36942156590521335601806640625">
        <ele>5</ele>
        <time>2026-06-04T13:20:05.000Z</time>
        <extensions>
          <ns3:TrackPointExtension>
            <ns3:hr>119</ns3:hr>
            <ns3:cad>80</ns3:cad>
          </ns3:TrackPointExtension>
        </extensions>
      </trkpt>
      <trkpt lat="31.28278286196291446685791015625" lon="121.36939859949052333831787109375">
        <ele>5</ele>
        <time>2026-06-04T13:20:06.000Z</time>
        <extensions>
          <ns3:TrackPointExtension>
            <ns3:hr>121</ns3:hr>
            <ns3:cad>80</ns3:cad>
          </ns3:TrackPointExtension>
        </extensions>
      </trkpt>
      <trkpt lat="31.282791160047054290771484375" lon="121.36937445960938930511474609375">
        <ele>5</ele>
        <time>2026-06-04T13:20:07.000Z</time>
        <extensions>
          <ns3:TrackPointExtension>
            <ns3:hr>122</ns3:hr>
            <ns3:cad>80</ns3:cad>
          </ns3:TrackPointExtension>
        </extensions>
      </trkpt>
      <trkpt lat="31.28280214034020900726318359375" lon="121.3693525828421115875244140625">
        <ele>5</ele>
        <time>2026-06-04T13:20:08.000Z</time>
        <extensions>
          <ns3:TrackPointExtension>
            <ns3:hr>122</ns3:hr>
            <ns3:cad>80</ns3:cad>
          </ns3:TrackPointExtension>
        </extensions>
      </trkpt>
      <trkpt lat="31.28281136043369770050048828125" lon="121.3693311251699924468994140625">
        <ele>5</ele>
        <time>2026-06-04T13:20:09.000Z</time>
        <extensions>
          <ns3:TrackPointExtension>
            <ns3:hr>122</ns3:hr>
            <ns3:cad>80</ns3:cad>
          </ns3:TrackPointExtension>
        </extensions>
      </trkpt>
      <trkpt lat="31.282824017107486724853515625" lon="121.36930690146982669830322265625">
        <ele>5</ele>
        <time>2026-06-04T13:20:10.000Z</time>
        <extensions>
          <ns3:TrackPointExtension>
            <ns3:hr>122</ns3:hr>
            <ns3:cad>81</ns3:cad>
          </ns3:TrackPointExtension>
        </extensions>
      </trkpt>
      <trkpt lat="31.2828389368951320648193359375" lon="121.3692851923406124114990234375">
        <ele>5</ele>
        <time>2026-06-04T13:20:11.000Z</time>
        <extensions>
          <ns3:TrackPointExtension>
            <ns3:hr>122</ns3:hr>
            <ns3:cad>81</ns3:cad>
          </ns3:TrackPointExtension>
        </extensions>
      </trkpt>
      <trkpt lat="31.28285192884504795074462890625" lon="121.3692674227058887481689453125">
        <ele>5.19999980926513671875</ele>
        <time>2026-06-04T13:20:12.000Z</time>
        <extensions>
          <ns3:TrackPointExtension>
            <ns3:hr>122</ns3:hr>
            <ns3:cad>80</ns3:cad>
          </ns3:TrackPointExtension>
        </extensions>
      </trkpt>
      <trkpt lat="31.282870285212993621826171875" lon="121.36924956925213336944580078125">
        <ele>5.19999980926513671875</ele>
        <time>2026-06-04T13:20:13.000Z</time>
        <extensions>
          <ns3:TrackPointExtension>
            <ns3:hr>122</ns3:hr>
            <ns3:cad>81</ns3:cad>
          </ns3:TrackPointExtension>
        </extensions>
      </trkpt>
      <trkpt lat="31.28288512118160724639892578125" lon="121.369230709969997406005859375">
        <ele>5.19999980926513671875</ele>
        <time>2026-06-04T13:20:14.000Z</time>
        <extensions>
          <ns3:TrackPointExtension>
            <ns3:hr>123</ns3:hr>
            <ns3:cad>81</ns3:cad>
          </ns3:TrackPointExtension>
        </extensions>
      </trkpt>
      <trkpt lat="31.28289668820798397064208984375" lon="121.3692109286785125732421875">
        <ele>5.400000095367431640625</ele>
        <time>2026-06-04T13:20:15.000Z</time>
        <extensions>
          <ns3:TrackPointExtension>
            <ns3:hr>123</ns3:hr>
            <ns3:cad>81</ns3:cad>
          </ns3:TrackPointExtension>
        </extensions>
      </trkpt>
      <trkpt lat="31.28291378729045391082763671875" lon="121.3691961765289306640625">
        <ele>5.599999904632568359375</ele>
        <time>2026-06-04T13:20:16.000Z</time>
        <extensions>
          <ns3:TrackPointExtension>
            <ns3:hr>124</ns3:hr>
            <ns3:cad>82</ns3:cad>
          </ns3:TrackPointExtension>
        </extensions>
      </trkpt>
      <trkpt lat="31.282928287982940673828125" lon="121.369184441864490509033203125">
        <ele>5.80000019073486328125</ele>
        <time>2026-06-04T13:20:17.000Z</time>
        <extensions>
          <ns3:TrackPointExtension>
            <ns3:hr>124</ns3:hr>
            <ns3:cad>82</ns3:cad>
          </ns3:TrackPointExtension>
        </extensions>
      </trkpt>
      <trkpt lat="31.282942704856395721435546875" lon="121.369167007505893707275390625">
        <ele>5.80000019073486328125</ele>
        <time>2026-06-04T13:20:18.000Z</time>
        <extensions>
          <ns3:TrackPointExtension>
            <ns3:hr>124</ns3:hr>
            <ns3:cad>81</ns3:cad>
          </ns3:TrackPointExtension>
        </extensions>
      </trkpt>
      <trkpt lat="31.2829593010246753692626953125" lon="121.36915552429854869842529296875">
        <ele>6</ele>
        <time>2026-06-04T13:20:19.000Z</time>
        <extensions>
          <ns3:TrackPointExtension>
            <ns3:hr>124</ns3:hr>
            <ns3:cad>81</ns3:cad>
          </ns3:TrackPointExtension>
        </extensions>
      </trkpt>
      <trkpt lat="31.28297799266874790191650390625" lon="121.36914077214896678924560546875">
        <ele>6</ele>
        <time>2026-06-04T13:20:20.000Z</time>
        <extensions>
          <ns3:TrackPointExtension>
            <ns3:hr>125</ns3:hr>
            <ns3:cad>81</ns3:cad>
          </ns3:TrackPointExtension>
        </extensions>
      </trkpt>
      <trkpt lat="31.2829981930553913116455078125" lon="121.36912719346582889556884765625">
        <ele>6</ele>
        <time>2026-06-04T13:20:21.000Z</time>
        <extensions>
          <ns3:TrackPointExtension>
            <ns3:hr>125</ns3:hr>
            <ns3:cad>81</ns3:cad>
          </ns3:TrackPointExtension>
        </extensions>
      </trkpt>
      <trkpt lat="31.28301755525171756744384765625" lon="121.3691088370978832244873046875">
        <ele>6</ele>
        <time>2026-06-04T13:20:22.000Z</time>
        <extensions>
          <ns3:TrackPointExtension>
            <ns3:hr>125</ns3:hr>
            <ns3:cad>80</ns3:cad>
          </ns3:TrackPointExtension>
        </extensions>
      </trkpt>
      <trkpt lat="31.28302895464003086090087890625" lon="121.369088552892208099365234375">
        <ele>6</ele>
        <time>2026-06-04T13:20:23.000Z</time>
        <extensions>
          <ns3:TrackPointExtension>
            <ns3:hr>126</ns3:hr>
            <ns3:cad>80</ns3:cad>
          </ns3:TrackPointExtension>
        </extensions>
      </trkpt>
      <trkpt lat="31.28302778117358684539794921875" lon="121.36905762366950511932373046875">
        <ele>5.80000019073486328125</ele>
        <time>2026-06-04T13:20:24.000Z</time>
        <extensions>
          <ns3:TrackPointExtension>
            <ns3:hr>126</ns3:hr>
            <ns3:cad>80</ns3:cad>
          </ns3:TrackPointExtension>
        </extensions>
      </trkpt>
      <trkpt lat="31.28302576951682567596435546875" lon="121.36903046630322933197021484375">
        <ele>5.80000019073486328125</ele>
        <time>2026-06-04T13:20:25.000Z</time>
        <extensions>
          <ns3:TrackPointExtension>
            <ns3:hr>126</ns3:hr>
            <ns3:cad>81</ns3:cad>
          </ns3:TrackPointExtension>
        </extensions>
      </trkpt>
      <trkpt lat="31.28301923163235187530517578125" lon="121.36900641024112701416015625">
        <ele>5.80000019073486328125</ele>
        <time>2026-06-04T13:20:26.000Z</time>
        <extensions>
          <ns3:TrackPointExtension>
            <ns3:hr>126</ns3:hr>
            <ns3:cad>81</ns3:cad>
          </ns3:TrackPointExtension>
        </extensions>
      </trkpt>
      <trkpt lat="31.28300607204437255859375" lon="121.36898696422576904296875">
        <ele>5.599999904632568359375</ele>
        <time>2026-06-04T13:20:27.000Z</time>
        <extensions>
          <ns3:TrackPointExtension>
            <ns3:hr>127</ns3:hr>
            <ns3:cad>81</ns3:cad>
          </ns3:TrackPointExtension>
        </extensions>
      </trkpt>
      <trkpt lat="31.28298788331449031829833984375" lon="121.36897380463778972625732421875">
        <ele>5.599999904632568359375</ele>
        <time>2026-06-04T13:20:28.000Z</time>
        <extensions>
          <ns3:TrackPointExtension>
            <ns3:hr>127</ns3:hr>
            <ns3:cad>80</ns3:cad>
          </ns3:TrackPointExtension>
        </extensions>
      </trkpt>
      <trkpt lat="31.28297145478427410125732421875" lon="121.3689599744975566864013671875">
        <ele>5.599999904632568359375</ele>
        <time>2026-06-04T13:20:29.000Z</time>
        <extensions>
          <ns3:TrackPointExtension>
            <ns3:hr>126</ns3:hr>
            <ns3:cad>80</ns3:cad>
          </ns3:TrackPointExtension>
        </extensions>
      </trkpt>
      <trkpt lat="31.28295200876891613006591796875" lon="121.368945725262165069580078125">
        <ele>5.599999904632568359375</ele>
        <time>2026-06-04T13:20:30.000Z</time>
        <extensions>
          <ns3:TrackPointExtension>
            <ns3:hr>126</ns3:hr>
            <ns3:cad>79</ns3:cad>
          </ns3:TrackPointExtension>
        </extensions>
      </trkpt>
      <trkpt lat="31.28293105401098728179931640625" lon="121.36892820708453655242919921875">
        <ele>5.599999904632568359375</ele>
        <time>2026-06-04T13:20:31.000Z</time>
        <extensions>
          <ns3:TrackPointExtension>
            <ns3:hr>126</ns3:hr>
            <ns3:cad>79</ns3:cad>
          </ns3:TrackPointExtension>
        </extensions>
      </trkpt>
      <trkpt lat="31.28290909342467784881591796875" lon="121.368913538753986358642578125">
        <ele>5.400000095367431640625</ele>
        <time>2026-06-04T13:20:32.000Z</time>
        <extensions>
          <ns3:TrackPointExtension>
            <ns3:hr>126</ns3:hr>
            <ns3:cad>79</ns3:cad>
          </ns3:TrackPointExtension>
        </extensions>
      </trkpt>
      <trkpt lat="31.28288763575255870819091796875" lon="121.368893086910247802734375">
        <ele>5.19999980926513671875</ele>
        <time>2026-06-04T13:20:33.000Z</time>
        <extensions>
          <ns3:TrackPointExtension>
            <ns3:hr>126</ns3:hr>
            <ns3:cad>79</ns3:cad>
          </ns3:TrackPointExtension>
        </extensions>
      </trkpt>
      <trkpt lat="31.28287204541265964508056640625" lon="121.3688704557716846466064453125">
        <ele>5</ele>
        <time>2026-06-04T13:20:34.000Z</time>
        <extensions>
          <ns3:TrackPointExtension>
            <ns3:hr>126</ns3:hr>
            <ns3:cad>79</ns3:cad>
          </ns3:TrackPointExtension>
        </extensions>
      </trkpt>
      <trkpt lat="31.28285746090114116668701171875" lon="121.36884975247085094451904296875">
        <ele>4.80000019073486328125</ele>
        <time>2026-06-04T13:20:35.000Z</time>
        <extensions>
          <ns3:TrackPointExtension>
            <ns3:hr>126</ns3:hr>
            <ns3:cad>79</ns3:cad>
          </ns3:TrackPointExtension>
        </extensions>
      </trkpt>
      <trkpt lat="31.2828432954847812652587890625" lon="121.36882527731359004974365234375">
        <ele>4.599999904632568359375</ele>
        <time>2026-06-04T13:20:36.000Z</time>
        <extensions>
          <ns3:TrackPointExtension>
            <ns3:hr>126</ns3:hr>
            <ns3:cad>80</ns3:cad>
          </ns3:TrackPointExtension>
        </extensions>
      </trkpt>
      <trkpt lat="31.28282560966908931732177734375" lon="121.36880516074597835540771484375">
        <ele>4.19999980926513671875</ele>
        <time>2026-06-04T13:20:37.000Z</time>
        <extensions>
          <ns3:TrackPointExtension>
            <ns3:hr>126</ns3:hr>
            <ns3:cad>80</ns3:cad>
          </ns3:TrackPointExtension>
        </extensions>
      </trkpt>
      <trkpt lat="31.2828104384243488311767578125" lon="121.3687817752361297607421875">
        <ele>4</ele>
        <time>2026-06-04T13:20:38.000Z</time>
        <extensions>
          <ns3:TrackPointExtension>
            <ns3:hr>127</ns3:hr>
            <ns3:cad>81</ns3:cad>
          </ns3:TrackPointExtension>
        </extensions>
      </trkpt>
      <trkpt lat="31.28279560245573520660400390625" lon="121.36875621043145656585693359375">
        <ele>3.7999999523162841796875</ele>
        <time>2026-06-04T13:20:39.000Z</time>
        <extensions>
          <ns3:TrackPointExtension>
            <ns3:hr>127</ns3:hr>
            <ns3:cad>82</ns3:cad>
          </ns3:TrackPointExtension>
        </extensions>
      </trkpt>
      <trkpt lat="31.28278336487710475921630859375" lon="121.3687316514551639556884765625">
        <ele>3.599999904632568359375</ele>
        <time>2026-06-04T13:20:40.000Z</time>
        <extensions>
          <ns3:TrackPointExtension>
            <ns3:hr>127</ns3:hr>
            <ns3:cad>82</ns3:cad>
          </ns3:TrackPointExtension>
        </extensions>
      </trkpt>
      <trkpt lat="31.2827718816697597503662109375" lon="121.36870893649756908416748046875">
        <ele>3.599999904632568359375</ele>
        <time>2026-06-04T13:20:41.000Z</time>
        <extensions>
          <ns3:TrackPointExtension>
            <ns3:hr>127</ns3:hr>
            <ns3:cad>81</ns3:cad>
          </ns3:TrackPointExtension>
        </extensions>
      </trkpt>
      <trkpt lat="31.28275654278695583343505859375" lon="121.3686877302825450897216796875">
        <ele>3.599999904632568359375</ele>
        <time>2026-06-04T13:20:42.000Z</time>
        <extensions>
          <ns3:TrackPointExtension>
            <ns3:hr>128</ns3:hr>
            <ns3:cad>80</ns3:cad>
          </ns3:TrackPointExtension>
        </extensions>
      </trkpt>
      <trkpt lat="31.2827396951615810394287109375" lon="121.36867339722812175750732421875">
        <ele>3.400000095367431640625</ele>
        <time>2026-06-04T13:20:43.000Z</time>
        <extensions>
          <ns3:TrackPointExtension>
            <ns3:hr>128</ns3:hr>
            <ns3:cad>80</ns3:cad>
          </ns3:TrackPointExtension>
        </extensions>
      </trkpt>
      <trkpt lat="31.28272167406976222991943359375" lon="121.3686639256775379180908203125">
        <ele>3.400000095367431640625</ele>
        <time>2026-06-04T13:20:44.000Z</time>
        <extensions>
          <ns3:TrackPointExtension>
            <ns3:hr>128</ns3:hr>
            <ns3:cad>81</ns3:cad>
          </ns3:TrackPointExtension>
        </extensions>
      </trkpt>
      <trkpt lat="31.2827003002166748046875" lon="121.3686602376401424407958984375">
        <ele>3.400000095367431640625</ele>
        <time>2026-06-04T13:20:45.000Z</time>
        <extensions>
          <ns3:TrackPointExtension>
            <ns3:hr>128</ns3:hr>
            <ns3:cad>81</ns3:cad>
          </ns3:TrackPointExtension>
        </extensions>
      </trkpt>
      <trkpt lat="31.28267959691584110260009765625" lon="121.36865428648889064788818359375">
        <ele>3.400000095367431640625</ele>
        <time>2026-06-04T13:20:46.000Z</time>
        <extensions>
          <ns3:TrackPointExtension>
            <ns3:hr>128</ns3:hr>
            <ns3:cad>81</ns3:cad>
          </ns3:TrackPointExtension>
        </extensions>
      </trkpt>
      <trkpt lat="31.28265964798629283905029296875" lon="121.36865311302244663238525390625">
        <ele>3.400000095367431640625</ele>
        <time>2026-06-04T13:20:47.000Z</time>
        <extensions>
          <ns3:TrackPointExtension>
            <ns3:hr>128</ns3:hr>
            <ns3:cad>81</ns3:cad>
          </ns3:TrackPointExtension>
        </extensions>
      </trkpt>
      <trkpt lat="31.28263483755290508270263671875" lon="121.3686558790504932403564453125">
        <ele>3.2000000476837158203125</ele>
        <time>2026-06-04T13:20:48.000Z</time>
        <extensions>
          <ns3:TrackPointExtension>
            <ns3:hr>128</ns3:hr>
            <ns3:cad>80</ns3:cad>
          </ns3:TrackPointExtension>
        </extensions>
      </trkpt>
      <trkpt lat="31.2826122902333736419677734375" lon="121.36865529231727123260498046875">
        <ele>3.2000000476837158203125</ele>
        <time>2026-06-04T13:20:49.000Z</time>
        <extensions>
          <ns3:TrackPointExtension>
            <ns3:hr>128</ns3:hr>
            <ns3:cad>79</ns3:cad>
          </ns3:TrackPointExtension>
        </extensions>
      </trkpt>
      <trkpt lat="31.2825841270387172698974609375" lon="121.36865495704114437103271484375">
        <ele>3.2000000476837158203125</ele>
        <time>2026-06-04T13:20:50.000Z</time>
        <extensions>
          <ns3:TrackPointExtension>
            <ns3:hr>128</ns3:hr>
            <ns3:cad>79</ns3:cad>
          </ns3:TrackPointExtension>
        </extensions>
      </trkpt>
      <trkpt lat="31.2825549580156803131103515625" lon="121.3686530292034149169921875">
        <ele>3.2000000476837158203125</ele>
        <time>2026-06-04T13:20:51.000Z</time>
        <extensions>
          <ns3:TrackPointExtension>
            <ns3:hr>128</ns3:hr>
            <ns3:cad>79</ns3:cad>
          </ns3:TrackPointExtension>
        </extensions>
      </trkpt>
      <trkpt lat="31.2825261242687702178955078125" lon="121.36865395121276378631591796875">
        <ele>3.400000095367431640625</ele>
        <time>2026-06-04T13:20:52.000Z</time>
        <extensions>
          <ns3:TrackPointExtension>
            <ns3:hr>128</ns3:hr>
            <ns3:cad>79</ns3:cad>
          </ns3:TrackPointExtension>
        </extensions>
      </trkpt>
      <trkpt lat="31.28249821253120899200439453125" lon="121.3686491735279560089111328125">
        <ele>3.400000095367431640625</ele>
        <time>2026-06-04T13:20:53.000Z</time>
        <extensions>
          <ns3:TrackPointExtension>
            <ns3:hr>128</ns3:hr>
            <ns3:cad>79</ns3:cad>
          </ns3:TrackPointExtension>
        </extensions>
      </trkpt>
      <trkpt lat="31.2824709713459014892578125" lon="121.36864565312862396240234375">
        <ele>3.599999904632568359375</ele>
        <time>2026-06-04T13:20:54.000Z</time>
        <extensions>
          <ns3:TrackPointExtension>
            <ns3:hr>128</ns3:hr>
            <ns3:cad>80</ns3:cad>
          </ns3:TrackPointExtension>
        </extensions>
      </trkpt>
      <trkpt lat="31.2824466638267040252685546875" lon="121.36864028871059417724609375">
        <ele>3.7999999523162841796875</ele>
        <time>2026-06-04T13:20:55.000Z</time>
        <extensions>
          <ns3:TrackPointExtension>
            <ns3:hr>127</ns3:hr>
            <ns3:cad>80</ns3:cad>
          </ns3:TrackPointExtension>
        </extensions>
      </trkpt>
      <trkpt lat="31.28242143429815769195556640625" lon="121.36863249354064464569091796875">
        <ele>4</ele>
        <time>2026-06-04T13:20:56.000Z</time>
        <extensions>
          <ns3:TrackPointExtension>
            <ns3:hr>128</ns3:hr>
            <ns3:cad>80</ns3:cad>
          </ns3:TrackPointExtension>
        </extensions>
      </trkpt>
      <trkpt lat="31.2823987193405628204345703125" lon="121.3686179928481578826904296875">
        <ele>4.400000095367431640625</ele>
        <time>2026-06-04T13:20:57.000Z</time>
        <extensions>
          <ns3:TrackPointExtension>
            <ns3:hr>128</ns3:hr>
            <ns3:cad>81</ns3:cad>
          </ns3:TrackPointExtension>
        </extensions>
      </trkpt>
      <trkpt lat="31.28237751312553882598876953125" lon="121.368606090545654296875">
        <ele>4.599999904632568359375</ele>
        <time>2026-06-04T13:20:58.000Z</time>
        <extensions>
          <ns3:TrackPointExtension>
            <ns3:hr>128</ns3:hr>
            <ns3:cad>81</ns3:cad>
          </ns3:TrackPointExtension>
        </extensions>
      </trkpt>
      <trkpt lat="31.28235496580600738525390625" lon="121.36859309859573841094970703125">
        <ele>4.80000019073486328125</ele>
        <time>2026-06-04T13:20:59.000Z</time>
        <extensions>
          <ns3:TrackPointExtension>
            <ns3:hr>128</ns3:hr>
            <ns3:cad>81</ns3:cad>
          </ns3:TrackPointExtension>
        </extensions>
      </trkpt>
      <trkpt lat="31.28233208321034908294677734375" lon="121.36857516132295131683349609375">
        <ele>5.19999980926513671875</ele>
        <time>2026-06-04T13:21:00.000Z</time>
        <extensions>
          <ns3:TrackPointExtension>
            <ns3:hr>128</ns3:hr>
            <ns3:cad>80</ns3:cad>
          </ns3:TrackPointExtension>
        </extensions>
      </trkpt>
      <trkpt lat="31.28231012262403964996337890625" lon="121.36856242083013057708740234375">
        <ele>5.400000095367431640625</ele>
        <time>2026-06-04T13:21:01.000Z</time>
        <extensions>
          <ns3:TrackPointExtension>
            <ns3:hr>128</ns3:hr>
            <ns3:cad>80</ns3:cad>
          </ns3:TrackPointExtension>
        </extensions>
      </trkpt>
      <trkpt lat="31.2822858989238739013671875" lon="121.36854666285216808319091796875">
        <ele>5.599999904632568359375</ele>
        <time>2026-06-04T13:21:02.000Z</time>
        <extensions>
          <ns3:TrackPointExtension>
            <ns3:hr>128</ns3:hr>
            <ns3:cad>80</ns3:cad>
          </ns3:TrackPointExtension>
        </extensions>
      </trkpt>
      <trkpt lat="31.282265447080135345458984375" lon="121.3685298152267932891845703125">
        <ele>5.80000019073486328125</ele>
        <time>2026-06-04T13:21:03.000Z</time>
        <extensions>
          <ns3:TrackPointExtension>
            <ns3:hr>128</ns3:hr>
            <ns3:cad>80</ns3:cad>
          </ns3:TrackPointExtension>
        </extensions>
      </trkpt>
      <trkpt lat="31.28224658779799938201904296875" lon="121.36851212941110134124755859375">
        <ele>6</ele>
        <time>2026-06-04T13:21:04.000Z</time>
        <extensions>
          <ns3:TrackPointExtension>
            <ns3:hr>129</ns3:hr>
            <ns3:cad>80</ns3:cad>
          </ns3:TrackPointExtension>
        </extensions>
      </trkpt>
      <trkpt lat="31.28222890198230743408203125" lon="121.36849184520542621612548828125">
        <ele>6.19999980926513671875</ele>
        <time>2026-06-04T13:21:05.000Z</time>
        <extensions>
          <ns3:TrackPointExtension>
            <ns3:hr>129</ns3:hr>
            <ns3:cad>80</ns3:cad>
          </ns3:TrackPointExtension>
        </extensions>
      </trkpt>
      <trkpt lat="31.2822123058140277862548828125" lon="121.3684666156768798828125">
        <ele>6.400000095367431640625</ele>
        <time>2026-06-04T13:21:06.000Z</time>
        <extensions>
          <ns3:TrackPointExtension>
            <ns3:hr>130</ns3:hr>
            <ns3:cad>80</ns3:cad>
          </ns3:TrackPointExtension>
        </extensions>
      </trkpt>
      <trkpt lat="31.2821958772838115692138671875" lon="121.3684436492621898651123046875">
        <ele>6.400000095367431640625</ele>
        <time>2026-06-04T13:21:07.000Z</time>
        <extensions>
          <ns3:TrackPointExtension>
            <ns3:hr>131</ns3:hr>
            <ns3:cad>80</ns3:cad>
          </ns3:TrackPointExtension>
        </extensions>
      </trkpt>
      <trkpt lat="31.2821791134774684906005859375" lon="121.3684225268661975860595703125">
        <ele>6.599999904632568359375</ele>
        <time>2026-06-04T13:21:08.000Z</time>
        <extensions>
          <ns3:TrackPointExtension>
            <ns3:hr>132</ns3:hr>
            <ns3:cad>79</ns3:cad>
          </ns3:TrackPointExtension>
        </extensions>
      </trkpt>
      <trkpt lat="31.2821596674621105194091796875" lon="121.3684035837650299072265625">
        <ele>6.80000019073486328125</ele>
        <time>2026-06-04T13:21:09.000Z</time>
        <extensions>
          <ns3:TrackPointExtension>
            <ns3:hr>133</ns3:hr>
            <ns3:cad>79</ns3:cad>
          </ns3:TrackPointExtension>
        </extensions>
      </trkpt>
      <trkpt lat="31.2821432389318943023681640625" lon="121.3683832995593547821044921875">
        <ele>7</ele>
        <time>2026-06-04T13:21:10.000Z</time>
        <extensions>
          <ns3:TrackPointExtension>
            <ns3:hr>134</ns3:hr>
            <ns3:cad>80</ns3:cad>
          </ns3:TrackPointExtension>
        </extensions>
      </trkpt>
      <trkpt lat="31.2821237929165363311767578125" lon="121.36836293153464794158935546875">
        <ele>7</ele>
        <time>2026-06-04T13:21:11.000Z</time>
        <extensions>
          <ns3:TrackPointExtension>
            <ns3:hr>135</ns3:hr>
            <ns3:cad>80</ns3:cad>
          </ns3:TrackPointExtension>
        </extensions>
      </trkpt>
      <trkpt lat="31.28210484981536865234375" lon="121.368343569338321685791015625">
        <ele>7</ele>
        <time>2026-06-04T13:21:12.000Z</time>
        <extensions>
          <ns3:TrackPointExtension>
            <ns3:hr>136</ns3:hr>
            <ns3:cad>80</ns3:cad>
          </ns3:TrackPointExtension>
        </extensions>
      </trkpt>
      <trkpt lat="31.2820872478187084197998046875" lon="121.3683246262371540069580078125">
        <ele>7.19999980926513671875</ele>
        <time>2026-06-04T13:21:13.000Z</time>
        <extensions>
          <ns3:TrackPointExtension>
            <ns3:hr>136</ns3:hr>
            <ns3:cad>81</ns3:cad>
          </ns3:TrackPointExtension>
        </extensions>
      </trkpt>
      <trkpt lat="31.28206654451787471771240234375" lon="121.36830794624984264373779296875">
        <ele>7.19999980926513671875</ele>
        <time>2026-06-04T13:21:14.000Z</time>
        <extensions>
          <ns3:TrackPointExtension>
            <ns3:hr>137</ns3:hr>
            <ns3:cad>81</ns3:cad>
          </ns3:TrackPointExtension>
        </extensions>
      </trkpt>
      <trkpt lat="31.28204776905477046966552734375" lon="121.36829000897705554962158203125">
        <ele>7.400000095367431640625</ele>
        <time>2026-06-04T13:21:15.000Z</time>
        <extensions>
          <ns3:TrackPointExtension>
            <ns3:hr>137</ns3:hr>
            <ns3:cad>81</ns3:cad>
          </ns3:TrackPointExtension>
        </extensions>
      </trkpt>
      <trkpt lat="31.282030083239078521728515625" lon="121.3682766817510128021240234375">
        <ele>7.599999904632568359375</ele>
        <time>2026-06-04T13:21:16.000Z</time>
        <extensions>
          <ns3:TrackPointExtension>
            <ns3:hr>137</ns3:hr>
            <ns3:cad>81</ns3:cad>
          </ns3:TrackPointExtension>
        </extensions>
      </trkpt>
      <trkpt lat="31.28200829029083251953125" lon="121.3682602532207965850830078125">
        <ele>7.80000019073486328125</ele>
        <time>2026-06-04T13:21:17.000Z</time>
        <extensions>
          <ns3:TrackPointExtension>
            <ns3:hr>138</ns3:hr>
            <ns3:cad>81</ns3:cad>
          </ns3:TrackPointExtension>
        </extensions>
      </trkpt>
      <trkpt lat="31.28198624588549137115478515625" lon="121.36824424378573894500732421875">
        <ele>8</ele>
        <time>2026-06-04T13:21:18.000Z</time>
        <extensions>
          <ns3:TrackPointExtension>
            <ns3:hr>138</ns3:hr>
            <ns3:cad>80</ns3:cad>
          </ns3:TrackPointExtension>
        </extensions>
      </trkpt>
      <trkpt lat="31.28196780569851398468017578125" lon="121.3682347722351551055908203125">
        <ele>8.19999980926513671875</ele>
        <time>2026-06-04T13:21:19.000Z</time>
        <extensions>
          <ns3:TrackPointExtension>
            <ns3:hr>139</ns3:hr>
            <ns3:cad>80</ns3:cad>
          </ns3:TrackPointExtension>
        </extensions>
      </trkpt>
      <trkpt lat="31.28194592893123626708984375" lon="121.36822546832263469696044921875">
        <ele>8.3999996185302734375</ele>
        <time>2026-06-04T13:21:20.000Z</time>
        <extensions>
          <ns3:TrackPointExtension>
            <ns3:hr>139</ns3:hr>
            <ns3:cad>80</ns3:cad>
          </ns3:TrackPointExtension>
        </extensions>
      </trkpt>
      <trkpt lat="31.28192321397364139556884765625" lon="121.36821591295301914215087890625">
        <ele>8.3999996185302734375</ele>
        <time>2026-06-04T13:21:21.000Z</time>
        <extensions>
          <ns3:TrackPointExtension>
            <ns3:hr>139</ns3:hr>
            <ns3:cad>80</ns3:cad>
          </ns3:TrackPointExtension>
        </extensions>
      </trkpt>
      <trkpt lat="31.281899996101856231689453125" lon="121.3682086206972599029541015625">
        <ele>8.3999996185302734375</ele>
        <time>2026-06-04T13:21:22.000Z</time>
        <extensions>
          <ns3:TrackPointExtension>
            <ns3:hr>139</ns3:hr>
            <ns3:cad>80</ns3:cad>
          </ns3:TrackPointExtension>
        </extensions>
      </trkpt>
      <trkpt lat="31.28187644295394420623779296875" lon="121.3681992329657077789306640625">
        <ele>8.3999996185302734375</ele>
        <time>2026-06-04T13:21:23.000Z</time>
        <extensions>
          <ns3:TrackPointExtension>
            <ns3:hr>140</ns3:hr>
            <ns3:cad>80</ns3:cad>
          </ns3:TrackPointExtension>
        </extensions>
      </trkpt>
      <trkpt lat="31.28185431472957134246826171875" lon="121.3681881688535213470458984375">
        <ele>8.3999996185302734375</ele>
        <time>2026-06-04T13:21:24.000Z</time>
        <extensions>
          <ns3:TrackPointExtension>
            <ns3:hr>139</ns3:hr>
            <ns3:cad>79</ns3:cad>
          </ns3:TrackPointExtension>
        </extensions>
      </trkpt>
      <trkpt lat="31.2818307615816593170166015625" lon="121.3681809604167938232421875">
        <ele>8.19999980926513671875</ele>
        <time>2026-06-04T13:21:25.000Z</time>
        <extensions>
          <ns3:TrackPointExtension>
            <ns3:hr>139</ns3:hr>
            <ns3:cad>78</ns3:cad>
          </ns3:TrackPointExtension>
        </extensions>
      </trkpt>
      <trkpt lat="31.28180645406246185302734375" lon="121.36817567981779575347900390625">
        <ele>8</ele>
        <time>2026-06-04T13:21:26.000Z</time>
        <extensions>
          <ns3:TrackPointExtension>
            <ns3:hr>139</ns3:hr>
            <ns3:cad>78</ns3:cad>
          </ns3:TrackPointExtension>
        </extensions>
      </trkpt>
      <trkpt lat="31.2817865051329135894775390625" lon="121.36816780082881450653076171875">
        <ele>7.80000019073486328125</ele>
        <time>2026-06-04T13:21:27.000Z</time>
        <extensions>
          <ns3:TrackPointExtension>
            <ns3:hr>139</ns3:hr>
            <ns3:cad>78</ns3:cad>
          </ns3:TrackPointExtension>
        </extensions>
      </trkpt>
      <trkpt lat="31.281767226755619049072265625" lon="121.3681610114872455596923828125">
        <ele>7.80000019073486328125</ele>
        <time>2026-06-04T13:21:28.000Z</time>
        <extensions>
          <ns3:TrackPointExtension>
            <ns3:hr>139</ns3:hr>
            <ns3:cad>78</ns3:cad>
          </ns3:TrackPointExtension>
        </extensions>
      </trkpt>
      <trkpt lat="31.2817521393299102783203125" lon="121.36815170757472515106201171875">
        <ele>7.599999904632568359375</ele>
        <time>2026-06-04T13:21:29.000Z</time>
        <extensions>
          <ns3:TrackPointExtension>
            <ns3:hr>139</ns3:hr>
            <ns3:cad>79</ns3:cad>
          </ns3:TrackPointExtension>
        </extensions>
      </trkpt>
      <trkpt lat="31.28174065612256526947021484375" lon="121.36814500205218791961669921875">
        <ele>7.599999904632568359375</ele>
        <time>2026-06-04T13:21:30.000Z</time>
        <extensions>
          <ns3:TrackPointExtension>
            <ns3:hr>139</ns3:hr>
            <ns3:cad>80</ns3:cad>
          </ns3:TrackPointExtension>
        </extensions>
      </trkpt>
      <trkpt lat="31.281729005277156829833984375" lon="121.3681442476809024810791015625">
        <ele>7.599999904632568359375</ele>
        <time>2026-06-04T13:21:31.000Z</time>
        <extensions>
          <ns3:TrackPointExtension>
            <ns3:hr>138</ns3:hr>
            <ns3:cad>79</ns3:cad>
          </ns3:TrackPointExtension>
        </extensions>
      </trkpt>
      <trkpt lat="31.2817174382507801055908203125" lon="121.3681459240615367889404296875">
        <ele>7.599999904632568359375</ele>
        <time>2026-06-04T13:21:32.000Z</time>
        <extensions>
          <ns3:TrackPointExtension>
            <ns3:hr>138</ns3:hr>
            <ns3:cad>79</ns3:cad>
          </ns3:TrackPointExtension>
        </extensions>
      </trkpt>
      <trkpt lat="31.2817103974521160125732421875" lon="121.368150450289249420166015625">
        <ele>7.400000095367431640625</ele>
        <time>2026-06-04T13:21:33.000Z</time>
        <extensions>
          <ns3:TrackPointExtension>
            <ns3:hr>138</ns3:hr>
            <ns3:cad>79</ns3:cad>
          </ns3:TrackPointExtension>
        </extensions>
      </trkpt>
      <trkpt lat="31.28170327283442020416259765625" lon="121.3681549765169620513916015625">
        <ele>7.400000095367431640625</ele>
        <time>2026-06-04T13:21:34.000Z</time>
        <extensions>
          <ns3:TrackPointExtension>
            <ns3:hr>138</ns3:hr>
            <ns3:cad>79</ns3:cad>
          </ns3:TrackPointExtension>
        </extensions>
      </trkpt>
      <trkpt lat="31.28168835304677486419677734375" lon="121.3681556470692157745361328125">
        <ele>7.19999980926513671875</ele>
        <time>2026-06-04T13:21:35.000Z</time>
        <extensions>
          <ns3:TrackPointExtension>
            <ns3:hr>138</ns3:hr>
            <ns3:cad>75</ns3:cad>
          </ns3:TrackPointExtension>
        </extensions>
      </trkpt>
      <trkpt lat="31.28167578019201755523681640625" lon="121.36815539561212062835693359375">
        <ele>7</ele>
        <time>2026-06-04T13:21:36.000Z</time>
        <extensions>
          <ns3:TrackPointExtension>
            <ns3:hr>137</ns3:hr>
            <ns3:cad>75</ns3:cad>
          </ns3:TrackPointExtension>
        </extensions>
      </trkpt>
      <trkpt lat="31.281665302813053131103515625" lon="121.3681563176214694976806640625">
        <ele>6.80000019073486328125</ele>
        <time>2026-06-04T13:21:37.000Z</time>
        <extensions>
          <ns3:TrackPointExtension>
            <ns3:hr>137</ns3:hr>
            <ns3:cad>75</ns3:cad>
          </ns3:TrackPointExtension>
        </extensions>
      </trkpt>
      <trkpt lat="31.28165381960570812225341796875" lon="121.36816310696303844451904296875">
        <ele>6.400000095367431640625</ele>
        <time>2026-06-04T13:21:38.000Z</time>
        <extensions>
          <ns3:TrackPointExtension>
            <ns3:hr>137</ns3:hr>
            <ns3:cad>66</ns3:cad>
          </ns3:TrackPointExtension>
        </extensions>
      </trkpt>
      <trkpt lat="31.281640827655792236328125" lon="121.36816947720944881439208984375">
        <ele>6.19999980926513671875</ele>
        <time>2026-06-04T13:21:39.000Z</time>
        <extensions>
          <ns3:TrackPointExtension>
            <ns3:hr>137</ns3:hr>
            <ns3:cad>66</ns3:cad>
          </ns3:TrackPointExtension>
        </extensions>
      </trkpt>
      <trkpt lat="31.2816319428384304046630859375" lon="121.36816964484751224517822265625">
        <ele>5.80000019073486328125</ele>
        <time>2026-06-04T13:21:40.000Z</time>
        <extensions>
          <ns3:TrackPointExtension>
            <ns3:hr>137</ns3:hr>
            <ns3:cad>66</ns3:cad>
          </ns3:TrackPointExtension>
        </extensions>
      </trkpt>
      <trkpt lat="31.2816195376217365264892578125" lon="121.36817400343716144561767578125">
        <ele>5.599999904632568359375</ele>
        <time>2026-06-04T13:21:41.000Z</time>
        <extensions>
          <ns3:TrackPointExtension>
            <ns3:hr>137</ns3:hr>
            <ns3:cad>66</ns3:cad>
          </ns3:TrackPointExtension>
        </extensions>
      </trkpt>
      <trkpt lat="31.2816041149199008941650390625" lon="121.36818020604550838470458984375">
        <ele>5.400000095367431640625</ele>
        <time>2026-06-04T13:21:42.000Z</time>
        <extensions>
          <ns3:TrackPointExtension>
            <ns3:hr>136</ns3:hr>
            <ns3:cad>66</ns3:cad>
          </ns3:TrackPointExtension>
        </extensions>
      </trkpt>
      <trkpt lat="31.28159497864544391632080078125" lon="121.36818188242614269256591796875">
        <ele>5</ele>
        <time>2026-06-04T13:21:43.000Z</time>
        <extensions>
          <ns3:TrackPointExtension>
            <ns3:hr>135</ns3:hr>
            <ns3:cad>0</ns3:cad>
          </ns3:TrackPointExtension>
        </extensions>
      </trkpt>
      <trkpt lat="31.28158676438033580780029296875" lon="121.36818070895969867706298828125">
        <ele>4.80000019073486328125</ele>
        <time>2026-06-04T13:21:44.000Z</time>
        <extensions>
          <ns3:TrackPointExtension>
            <ns3:hr>135</ns3:hr>
            <ns3:cad>0</ns3:cad>
          </ns3:TrackPointExtension>
        </extensions>
      </trkpt>
      <trkpt lat="31.28156933002173900604248046875" lon="121.36817333288490772247314453125">
        <ele>4.400000095367431640625</ele>
        <time>2026-06-04T13:21:45.000Z</time>
        <extensions>
          <ns3:TrackPointExtension>
            <ns3:hr>134</ns3:hr>
            <ns3:cad>0</ns3:cad>
          </ns3:TrackPointExtension>
        </extensions>
      </trkpt>
      <trkpt lat="31.28155893646180629730224609375" lon="121.368158496916294097900390625">
        <ele>4.19999980926513671875</ele>
        <time>2026-06-04T13:21:46.000Z</time>
        <extensions>
          <ns3:TrackPointExtension>
            <ns3:hr>134</ns3:hr>
            <ns3:cad>0</ns3:cad>
          </ns3:TrackPointExtension>
        </extensions>
      </trkpt>
      <trkpt lat="31.2815467827022075653076171875" lon="121.36814433149993419647216796875">
        <ele>4</ele>
        <time>2026-06-04T13:21:47.000Z</time>
        <extensions>
          <ns3:TrackPointExtension>
            <ns3:hr>134</ns3:hr>
            <ns3:cad>0</ns3:cad>
          </ns3:TrackPointExtension>
        </extensions>
      </trkpt>
      <trkpt lat="31.281534545123577117919921875" lon="121.36812773533165454864501953125">
        <ele>3.7999999523162841796875</ele>
        <time>2026-06-04T13:21:48.000Z</time>
        <extensions>
          <ns3:TrackPointExtension>
            <ns3:hr>134</ns3:hr>
            <ns3:cad>69</ns3:cad>
          </ns3:TrackPointExtension>
        </extensions>
      </trkpt>
      <trkpt lat="31.28152616322040557861328125" lon="121.3681043498218059539794921875">
        <ele>3.7999999523162841796875</ele>
        <time>2026-06-04T13:21:49.000Z</time>
        <extensions>
          <ns3:TrackPointExtension>
            <ns3:hr>133</ns3:hr>
            <ns3:cad>69</ns3:cad>
          </ns3:TrackPointExtension>
        </extensions>
      </trkpt>
      <trkpt lat="31.2815236486494541168212890625" lon="121.36807627044618129730224609375">
        <ele>4</ele>
        <time>2026-06-04T13:21:50.000Z</time>
        <extensions>
          <ns3:TrackPointExtension>
            <ns3:hr>133</ns3:hr>
            <ns3:cad>69</ns3:cad>
          </ns3:TrackPointExtension>
        </extensions>
      </trkpt>
      <trkpt lat="31.2815135903656482696533203125" lon="121.368055231869220733642578125">
        <ele>4</ele>
        <time>2026-06-04T13:21:51.000Z</time>
        <extensions>
          <ns3:TrackPointExtension>
            <ns3:hr>133</ns3:hr>
            <ns3:cad>75</ns3:cad>
          </ns3:TrackPointExtension>
        </extensions>
      </trkpt>
      <trkpt lat="31.28149523399770259857177734375" lon="121.36804324574768543243408203125">
        <ele>4</ele>
        <time>2026-06-04T13:21:52.000Z</time>
        <extensions>
          <ns3:TrackPointExtension>
            <ns3:hr>133</ns3:hr>
            <ns3:cad>76</ns3:cad>
          </ns3:TrackPointExtension>
        </extensions>
      </trkpt>
      <trkpt lat="31.28147729672491550445556640625" lon="121.3680399768054485321044921875">
        <ele>4</ele>
        <time>2026-06-04T13:21:53.000Z</time>
        <extensions>
          <ns3:TrackPointExtension>
            <ns3:hr>133</ns3:hr>
            <ns3:cad>76</ns3:cad>
          </ns3:TrackPointExtension>
        </extensions>
      </trkpt>
      <trkpt lat="31.28146137110888957977294921875" lon="121.36804894544184207916259765625">
        <ele>4</ele>
        <time>2026-06-04T13:21:54.000Z</time>
        <extensions>
          <ns3:TrackPointExtension>
            <ns3:hr>133</ns3:hr>
            <ns3:cad>77</ns3:cad>
          </ns3:TrackPointExtension>
        </extensions>
      </trkpt>
      <trkpt lat="31.28144209273159503936767578125" lon="121.36806135065853595733642578125">
        <ele>3.7999999523162841796875</ele>
        <time>2026-06-04T13:21:55.000Z</time>
        <extensions>
          <ns3:TrackPointExtension>
            <ns3:hr>133</ns3:hr>
            <ns3:cad>77</ns3:cad>
          </ns3:TrackPointExtension>
        </extensions>
      </trkpt>
      <trkpt lat="31.28142331726849079132080078125" lon="121.368064619600772857666015625">
        <ele>3.7999999523162841796875</ele>
        <time>2026-06-04T13:21:56.000Z</time>
        <extensions>
          <ns3:TrackPointExtension>
            <ns3:hr>133</ns3:hr>
            <ns3:cad>77</ns3:cad>
          </ns3:TrackPointExtension>
        </extensions>
      </trkpt>
      <trkpt lat="31.281401105225086212158203125" lon="121.36806939728558063507080078125">
        <ele>3.7999999523162841796875</ele>
        <time>2026-06-04T13:21:57.000Z</time>
        <extensions>
          <ns3:TrackPointExtension>
            <ns3:hr>133</ns3:hr>
            <ns3:cad>77</ns3:cad>
          </ns3:TrackPointExtension>
        </extensions>
      </trkpt>
      <trkpt lat="31.281382329761981964111328125" lon="121.36807107366621494293212890625">
        <ele>4</ele>
        <time>2026-06-04T13:21:58.000Z</time>
        <extensions>
          <ns3:TrackPointExtension>
            <ns3:hr>133</ns3:hr>
            <ns3:cad>77</ns3:cad>
          </ns3:TrackPointExtension>
        </extensions>
      </trkpt>
      <trkpt lat="31.28135743550956249237060546875" lon="121.3680718280375003814697265625">
        <ele>3.7999999523162841796875</ele>
        <time>2026-06-04T13:21:59.000Z</time>
        <extensions>
          <ns3:TrackPointExtension>
            <ns3:hr>132</ns3:hr>
            <ns3:cad>78</ns3:cad>
          </ns3:TrackPointExtension>
        </extensions>
      </trkpt>
      <trkpt lat="31.28133572638034820556640625" lon="121.36807476170361042022705078125">
        <ele>3.7999999523162841796875</ele>
        <time>2026-06-04T13:22:00.000Z</time>
        <extensions>
          <ns3:TrackPointExtension>
            <ns3:hr>132</ns3:hr>
            <ns3:cad>79</ns3:cad>
          </ns3:TrackPointExtension>
        </extensions>
      </trkpt>
      <trkpt lat="31.28131485544145107269287109375" lon="121.36808331124484539031982421875">
        <ele>3.7999999523162841796875</ele>
        <time>2026-06-04T13:22:01.000Z</time>
        <extensions>
          <ns3:TrackPointExtension>
            <ns3:hr>132</ns3:hr>
            <ns3:cad>79</ns3:cad>
          </ns3:TrackPointExtension>
        </extensions>
      </trkpt>
      <trkpt lat="31.2812889553606510162353515625" lon="121.368096135556697845458984375">
        <ele>3.7999999523162841796875</ele>
        <time>2026-06-04T13:22:02.000Z</time>
        <extensions>
          <ns3:TrackPointExtension>
            <ns3:hr>132</ns3:hr>
            <ns3:cad>80</ns3:cad>
          </ns3:TrackPointExtension>
        </extensions>
      </trkpt>
      <trkpt lat="31.2812654860317707061767578125" lon="121.368105523288249969482421875">
        <ele>3.7999999523162841796875</ele>
        <time>2026-06-04T13:22:03.000Z</time>
        <extensions>
          <ns3:TrackPointExtension>
            <ns3:hr>131</ns3:hr>
            <ns3:cad>80</ns3:cad>
          </ns3:TrackPointExtension>
        </extensions>
      </trkpt>
      <trkpt lat="31.28124210052192211151123046875" lon="121.36811281554400920867919921875">
        <ele>4</ele>
        <time>2026-06-04T13:22:04.000Z</time>
        <extensions>
          <ns3:TrackPointExtension>
            <ns3:hr>132</ns3:hr>
            <ns3:cad>80</ns3:cad>
          </ns3:TrackPointExtension>
        </extensions>
      </trkpt>
      <trkpt lat="31.281215362250804901123046875" lon="121.36812153272330760955810546875">
        <ele>4</ele>
        <time>2026-06-04T13:22:05.000Z</time>
        <extensions>
          <ns3:TrackPointExtension>
            <ns3:hr>132</ns3:hr>
            <ns3:cad>80</ns3:cad>
          </ns3:TrackPointExtension>
        </extensions>
      </trkpt>
      <trkpt lat="31.28119113855063915252685546875" lon="121.36812488548457622528076171875">
        <ele>4</ele>
        <time>2026-06-04T13:22:06.000Z</time>
        <extensions>
          <ns3:TrackPointExtension>
            <ns3:hr>131</ns3:hr>
            <ns3:cad>80</ns3:cad>
          </ns3:TrackPointExtension>
        </extensions>
      </trkpt>
      <trkpt lat="31.2811674177646636962890625" lon="121.368128992617130279541015625">
        <ele>4</ele>
        <time>2026-06-04T13:22:07.000Z</time>
        <extensions>
          <ns3:TrackPointExtension>
            <ns3:hr>132</ns3:hr>
            <ns3:cad>80</ns3:cad>
          </ns3:TrackPointExtension>
        </extensions>
      </trkpt>
      <trkpt lat="31.2811431102454662322998046875" lon="121.36813201010227203369140625">
        <ele>4</ele>
        <time>2026-06-04T13:22:08.000Z</time>
        <extensions>
          <ns3:TrackPointExtension>
            <ns3:hr>132</ns3:hr>
            <ns3:cad>80</ns3:cad>
          </ns3:TrackPointExtension>
        </extensions>
      </trkpt>
      <trkpt lat="31.281122826039791107177734375" lon="121.36813745833933353424072265625">
        <ele>4</ele>
        <time>2026-06-04T13:22:09.000Z</time>
        <extensions>
          <ns3:TrackPointExtension>
            <ns3:hr>131</ns3:hr>
            <ns3:cad>81</ns3:cad>
          </ns3:TrackPointExtension>
        </extensions>
      </trkpt>
      <trkpt lat="31.2810995243489742279052734375" lon="121.3681496120989322662353515625">
        <ele>4</ele>
        <time>2026-06-04T13:22:10.000Z</time>
        <extensions>
          <ns3:TrackPointExtension>
            <ns3:hr>131</ns3:hr>
            <ns3:cad>81</ns3:cad>
          </ns3:TrackPointExtension>
        </extensions>
      </trkpt>
      <trkpt lat="31.28107530064880847930908203125" lon="121.3681556470692157745361328125">
        <ele>3.7999999523162841796875</ele>
        <time>2026-06-04T13:22:11.000Z</time>
        <extensions>
          <ns3:TrackPointExtension>
            <ns3:hr>131</ns3:hr>
            <ns3:cad>81</ns3:cad>
          </ns3:TrackPointExtension>
        </extensions>
      </trkpt>
      <trkpt lat="31.28105484880506992340087890625" lon="121.36816478334367275238037109375">
        <ele>3.7999999523162841796875</ele>
        <time>2026-06-04T13:22:12.000Z</time>
        <extensions>
          <ns3:TrackPointExtension>
            <ns3:hr>131</ns3:hr>
            <ns3:cad>80</ns3:cad>
          </ns3:TrackPointExtension>
        </extensions>
      </trkpt>
      <trkpt lat="31.28103087656199932098388671875" lon="121.3681764341890811920166015625">
        <ele>3.7999999523162841796875</ele>
        <time>2026-06-04T13:22:13.000Z</time>
        <extensions>
          <ns3:TrackPointExtension>
            <ns3:hr>131</ns3:hr>
            <ns3:cad>81</ns3:cad>
          </ns3:TrackPointExtension>
        </extensions>
      </trkpt>
      <trkpt lat="31.281005479395389556884765625" lon="121.3681836426258087158203125">
        <ele>3.7999999523162841796875</ele>
        <time>2026-06-04T13:22:14.000Z</time>
        <extensions>
          <ns3:TrackPointExtension>
            <ns3:hr>130</ns3:hr>
            <ns3:cad>81</ns3:cad>
          </ns3:TrackPointExtension>
        </extensions>
      </trkpt>
      <trkpt lat="31.28098309971392154693603515625" lon="121.3681895099580287933349609375">
        <ele>3.7999999523162841796875</ele>
        <time>2026-06-04T13:22:15.000Z</time>
        <extensions>
          <ns3:TrackPointExtension>
            <ns3:hr>130</ns3:hr>
            <ns3:cad>81</ns3:cad>
          </ns3:TrackPointExtension>
        </extensions>
      </trkpt>
      <trkpt lat="31.2809577025473117828369140625" lon="121.36819638311862945556640625">
        <ele>3.7999999523162841796875</ele>
        <time>2026-06-04T13:22:16.000Z</time>
        <extensions>
          <ns3:TrackPointExtension>
            <ns3:hr>130</ns3:hr>
            <ns3:cad>81</ns3:cad>
          </ns3:TrackPointExtension>
        </extensions>
      </trkpt>
      <trkpt lat="31.2809312157332897186279296875" lon="121.36820367537438869476318359375">
        <ele>3.7999999523162841796875</ele>
        <time>2026-06-04T13:22:17.000Z</time>
        <extensions>
          <ns3:TrackPointExtension>
            <ns3:hr>131</ns3:hr>
            <ns3:cad>81</ns3:cad>
          </ns3:TrackPointExtension>
        </extensions>
      </trkpt>
      <trkpt lat="31.28090565092861652374267578125" lon="121.36820920743048191070556640625">
        <ele>3.7999999523162841796875</ele>
        <time>2026-06-04T13:22:18.000Z</time>
        <extensions>
          <ns3:TrackPointExtension>
            <ns3:hr>131</ns3:hr>
            <ns3:cad>82</ns3:cad>
          </ns3:TrackPointExtension>
        </extensions>
      </trkpt>
      <trkpt lat="31.28088469617068767547607421875" lon="121.3682129792869091033935546875">
        <ele>3.7999999523162841796875</ele>
        <time>2026-06-04T13:22:19.000Z</time>
        <extensions>
          <ns3:TrackPointExtension>
            <ns3:hr>131</ns3:hr>
            <ns3:cad>82</ns3:cad>
          </ns3:TrackPointExtension>
        </extensions>
      </trkpt>
      <trkpt lat="31.28086290322244167327880859375" lon="121.3682153262197971343994140625">
        <ele>3.7999999523162841796875</ele>
        <time>2026-06-04T13:22:20.000Z</time>
        <extensions>
          <ns3:TrackPointExtension>
            <ns3:hr>131</ns3:hr>
            <ns3:cad>82</ns3:cad>
          </ns3:TrackPointExtension>
        </extensions>
      </trkpt>
      <trkpt lat="31.28083826042711734771728515625" lon="121.36821641586720943450927734375">
        <ele>3.599999904632568359375</ele>
        <time>2026-06-04T13:22:21.000Z</time>
        <extensions>
          <ns3:TrackPointExtension>
            <ns3:hr>131</ns3:hr>
            <ns3:cad>82</ns3:cad>
          </ns3:TrackPointExtension>
        </extensions>
      </trkpt>
      <trkpt lat="31.280816383659839630126953125" lon="121.3682206906378269195556640625">
        <ele>3.599999904632568359375</ele>
        <time>2026-06-04T13:22:22.000Z</time>
        <extensions>
          <ns3:TrackPointExtension>
            <ns3:hr>131</ns3:hr>
            <ns3:cad>81</ns3:cad>
          </ns3:TrackPointExtension>
        </extensions>
      </trkpt>
      <trkpt lat="31.28079450689256191253662109375" lon="121.36822613887488842010498046875">
        <ele>3.400000095367431640625</ele>
        <time>2026-06-04T13:22:23.000Z</time>
        <extensions>
          <ns3:TrackPointExtension>
            <ns3:hr>131</ns3:hr>
            <ns3:cad>81</ns3:cad>
          </ns3:TrackPointExtension>
        </extensions>
      </trkpt>
      <trkpt lat="31.28077221103012561798095703125" lon="121.36822647415101528167724609375">
        <ele>3.400000095367431640625</ele>
        <time>2026-06-04T13:22:24.000Z</time>
        <extensions>
          <ns3:TrackPointExtension>
            <ns3:hr>131</ns3:hr>
            <ns3:cad>81</ns3:cad>
          </ns3:TrackPointExtension>
        </extensions>
      </trkpt>
      <trkpt lat="31.280749998986721038818359375" lon="121.36823066510260105133056640625">
        <ele>3.400000095367431640625</ele>
        <time>2026-06-04T13:22:25.000Z</time>
        <extensions>
          <ns3:TrackPointExtension>
            <ns3:hr>131</ns3:hr>
            <ns3:cad>81</ns3:cad>
          </ns3:TrackPointExtension>
        </extensions>
      </trkpt>
      <trkpt lat="31.28072795458137989044189453125" lon="121.36824105866253376007080078125">
        <ele>3.2000000476837158203125</ele>
        <time>2026-06-04T13:22:26.000Z</time>
        <extensions>
          <ns3:TrackPointExtension>
            <ns3:hr>132</ns3:hr>
            <ns3:cad>81</ns3:cad>
          </ns3:TrackPointExtension>
        </extensions>
      </trkpt>
      <trkpt lat="31.280703730881214141845703125" lon="121.3682508654892444610595703125">
        <ele>3.2000000476837158203125</ele>
        <time>2026-06-04T13:22:27.000Z</time>
        <extensions>
          <ns3:TrackPointExtension>
            <ns3:hr>132</ns3:hr>
            <ns3:cad>82</ns3:cad>
          </ns3:TrackPointExtension>
        </extensions>
      </trkpt>
      <trkpt lat="31.28068118356168270111083984375" lon="121.36825581081211566925048828125">
        <ele>3.2000000476837158203125</ele>
        <time>2026-06-04T13:22:28.000Z</time>
        <extensions>
          <ns3:TrackPointExtension>
            <ns3:hr>132</ns3:hr>
            <ns3:cad>81</ns3:cad>
          </ns3:TrackPointExtension>
        </extensions>
      </trkpt>
      <trkpt lat="31.28066022880375385284423828125" lon="121.3682642765343189239501953125">
        <ele>3.2000000476837158203125</ele>
        <time>2026-06-04T13:22:29.000Z</time>
        <extensions>
          <ns3:TrackPointExtension>
            <ns3:hr>132</ns3:hr>
            <ns3:cad>81</ns3:cad>
          </ns3:TrackPointExtension>
        </extensions>
      </trkpt>
      <trkpt lat="31.28063944168388843536376953125" lon="121.3682721555233001708984375">
        <ele>3.2000000476837158203125</ele>
        <time>2026-06-04T13:22:30.000Z</time>
        <extensions>
          <ns3:TrackPointExtension>
            <ns3:hr>132</ns3:hr>
            <ns3:cad>81</ns3:cad>
          </ns3:TrackPointExtension>
        </extensions>
      </trkpt>
      <trkpt lat="31.2806197442114353179931640625" lon="121.368278525769710540771484375">
        <ele>3.2000000476837158203125</ele>
        <time>2026-06-04T13:22:31.000Z</time>
        <extensions>
          <ns3:TrackPointExtension>
            <ns3:hr>132</ns3:hr>
            <ns3:cad>81</ns3:cad>
          </ns3:TrackPointExtension>
        </extensions>
      </trkpt>
      <trkpt lat="31.2805966101586818695068359375" lon="121.36828967370092868804931640625">
        <ele>3.2000000476837158203125</ele>
        <time>2026-06-04T13:22:32.000Z</time>
        <extensions>
          <ns3:TrackPointExtension>
            <ns3:hr>132</ns3:hr>
            <ns3:cad>81</ns3:cad>
          </ns3:TrackPointExtension>
        </extensions>
      </trkpt>
      <trkpt lat="31.28057557158172130584716796875" lon="121.3682991452515125274658203125">
        <ele>3</ele>
        <time>2026-06-04T13:22:33.000Z</time>
        <extensions>
          <ns3:TrackPointExtension>
            <ns3:hr>132</ns3:hr>
            <ns3:cad>81</ns3:cad>
          </ns3:TrackPointExtension>
        </extensions>
      </trkpt>
      <trkpt lat="31.2805558741092681884765625" lon="121.36830962263047695159912109375">
        <ele>3</ele>
        <time>2026-06-04T13:22:34.000Z</time>
        <extensions>
          <ns3:TrackPointExtension>
            <ns3:hr>132</ns3:hr>
            <ns3:cad>81</ns3:cad>
          </ns3:TrackPointExtension>
        </extensions>
      </trkpt>
      <trkpt lat="31.280536763370037078857421875" lon="121.368324123322963714599609375">
        <ele>3</ele>
        <time>2026-06-04T13:22:35.000Z</time>
        <extensions>
          <ns3:TrackPointExtension>
            <ns3:hr>132</ns3:hr>
            <ns3:cad>81</ns3:cad>
          </ns3:TrackPointExtension>
        </extensions>
      </trkpt>
      <trkpt lat="31.28051857464015483856201171875" lon="121.3683370314538478851318359375">
        <ele>3</ele>
        <time>2026-06-04T13:22:36.000Z</time>
        <extensions>
          <ns3:TrackPointExtension>
            <ns3:hr>132</ns3:hr>
            <ns3:cad>81</ns3:cad>
          </ns3:TrackPointExtension>
        </extensions>
      </trkpt>
      <trkpt lat="31.2804993800818920135498046875" lon="121.36835119687020778656005859375">
        <ele>3</ele>
        <time>2026-06-04T13:22:37.000Z</time>
        <extensions>
          <ns3:TrackPointExtension>
            <ns3:hr>132</ns3:hr>
            <ns3:cad>81</ns3:cad>
          </ns3:TrackPointExtension>
        </extensions>
      </trkpt>
      <trkpt lat="31.28047733567655086517333984375" lon="121.368365697562694549560546875">
        <ele>3</ele>
        <time>2026-06-04T13:22:38.000Z</time>
        <extensions>
          <ns3:TrackPointExtension>
            <ns3:hr>132</ns3:hr>
            <ns3:cad>81</ns3:cad>
          </ns3:TrackPointExtension>
        </extensions>
      </trkpt>
      <trkpt lat="31.28045587800443172454833984375" lon="121.368377767503261566162109375">
        <ele>2.7999999523162841796875</ele>
        <time>2026-06-04T13:22:39.000Z</time>
        <extensions>
          <ns3:TrackPointExtension>
            <ns3:hr>132</ns3:hr>
            <ns3:cad>80</ns3:cad>
          </ns3:TrackPointExtension>
        </extensions>
      </trkpt>
      <trkpt lat="31.280433498322963714599609375" lon="121.36838858015835285186767578125">
        <ele>2.7999999523162841796875</ele>
        <time>2026-06-04T13:22:40.000Z</time>
        <extensions>
          <ns3:TrackPointExtension>
            <ns3:hr>132</ns3:hr>
            <ns3:cad>80</ns3:cad>
          </ns3:TrackPointExtension>
        </extensions>
      </trkpt>
      <trkpt lat="31.2804112024605274200439453125" lon="121.36839847080409526824951171875">
        <ele>2.599999904632568359375</ele>
        <time>2026-06-04T13:22:41.000Z</time>
        <extensions>
          <ns3:TrackPointExtension>
            <ns3:hr>132</ns3:hr>
            <ns3:cad>80</ns3:cad>
          </ns3:TrackPointExtension>
        </extensions>
      </trkpt>
      <trkpt lat="31.28038831986486911773681640625" lon="121.36840484105050563812255859375">
        <ele>2.599999904632568359375</ele>
        <time>2026-06-04T13:22:42.000Z</time>
        <extensions>
          <ns3:TrackPointExtension>
            <ns3:hr>132</ns3:hr>
            <ns3:cad>80</ns3:cad>
          </ns3:TrackPointExtension>
        </extensions>
      </trkpt>
      <trkpt lat="31.28036837093532085418701171875" lon="121.36840953491628170013427734375">
        <ele>2.400000095367431640625</ele>
        <time>2026-06-04T13:22:43.000Z</time>
        <extensions>
          <ns3:TrackPointExtension>
            <ns3:hr>132</ns3:hr>
            <ns3:cad>80</ns3:cad>
          </ns3:TrackPointExtension>
        </extensions>
      </trkpt>
      <trkpt lat="31.28034741617739200592041015625" lon="121.36841657571494579315185546875">
        <ele>2.400000095367431640625</ele>
        <time>2026-06-04T13:22:44.000Z</time>
        <extensions>
          <ns3:TrackPointExtension>
            <ns3:hr>132</ns3:hr>
            <ns3:cad>80</ns3:cad>
          </ns3:TrackPointExtension>
        </extensions>
      </trkpt>
      <trkpt lat="31.28032813780009746551513671875" lon="121.36842546053230762481689453125">
        <ele>2.400000095367431640625</ele>
        <time>2026-06-04T13:22:45.000Z</time>
        <extensions>
          <ns3:TrackPointExtension>
            <ns3:hr>131</ns3:hr>
            <ns3:cad>80</ns3:cad>
          </ns3:TrackPointExtension>
        </extensions>
      </trkpt>
      <trkpt lat="31.2803062610328197479248046875" lon="121.3684332557022571563720703125">
        <ele>2.599999904632568359375</ele>
        <time>2026-06-04T13:22:46.000Z</time>
        <extensions>
          <ns3:TrackPointExtension>
            <ns3:hr>131</ns3:hr>
            <ns3:cad>80</ns3:cad>
          </ns3:TrackPointExtension>
        </extensions>
      </trkpt>
      <trkpt lat="31.28028287552297115325927734375" lon="121.3684396259486675262451171875">
        <ele>2.599999904632568359375</ele>
        <time>2026-06-04T13:22:47.000Z</time>
        <extensions>
          <ns3:TrackPointExtension>
            <ns3:hr>131</ns3:hr>
            <ns3:cad>81</ns3:cad>
          </ns3:TrackPointExtension>
        </extensions>
      </trkpt>
      <trkpt lat="31.2802603282034397125244140625" lon="121.36844440363347530364990234375">
        <ele>2.599999904632568359375</ele>
        <time>2026-06-04T13:22:48.000Z</time>
        <extensions>
          <ns3:TrackPointExtension>
            <ns3:hr>130</ns3:hr>
            <ns3:cad>81</ns3:cad>
          </ns3:TrackPointExtension>
        </extensions>
      </trkpt>
      <trkpt lat="31.28023744560778141021728515625" lon="121.36845312081277370452880859375">
        <ele>2.599999904632568359375</ele>
        <time>2026-06-04T13:22:49.000Z</time>
        <extensions>
          <ns3:TrackPointExtension>
            <ns3:hr>130</ns3:hr>
            <ns3:cad>81</ns3:cad>
          </ns3:TrackPointExtension>
        </extensions>
      </trkpt>
      <trkpt lat="31.28021590411663055419921875" lon="121.36846016161143779754638671875">
        <ele>2.400000095367431640625</ele>
        <time>2026-06-04T13:22:50.000Z</time>
        <extensions>
          <ns3:TrackPointExtension>
            <ns3:hr>131</ns3:hr>
            <ns3:cad>81</ns3:cad>
          </ns3:TrackPointExtension>
        </extensions>
      </trkpt>
      <trkpt lat="31.28019419498741626739501953125" lon="121.36846418492496013641357421875">
        <ele>2.400000095367431640625</ele>
        <time>2026-06-04T13:22:51.000Z</time>
        <extensions>
          <ns3:TrackPointExtension>
            <ns3:hr>131</ns3:hr>
            <ns3:cad>81</ns3:cad>
          </ns3:TrackPointExtension>
        </extensions>
      </trkpt>
      <trkpt lat="31.28017474897205829620361328125" lon="121.368466280400753021240234375">
        <ele>2.400000095367431640625</ele>
        <time>2026-06-04T13:22:52.000Z</time>
        <extensions>
          <ns3:TrackPointExtension>
            <ns3:hr>131</ns3:hr>
            <ns3:cad>81</ns3:cad>
          </ns3:TrackPointExtension>
        </extensions>
      </trkpt>
      <trkpt lat="31.28015379421412944793701171875" lon="121.36847223155200481414794921875">
        <ele>2.400000095367431640625</ele>
        <time>2026-06-04T13:22:53.000Z</time>
        <extensions>
          <ns3:TrackPointExtension>
            <ns3:hr>131</ns3:hr>
            <ns3:cad>80</ns3:cad>
          </ns3:TrackPointExtension>
        </extensions>
      </trkpt>
      <trkpt lat="31.2801294028759002685546875" lon="121.36847935616970062255859375">
        <ele>2.400000095367431640625</ele>
        <time>2026-06-04T13:22:54.000Z</time>
        <extensions>
          <ns3:TrackPointExtension>
            <ns3:hr>131</ns3:hr>
            <ns3:cad>80</ns3:cad>
          </ns3:TrackPointExtension>
        </extensions>
      </trkpt>
      <trkpt lat="31.28010970540344715118408203125" lon="121.36848547495901584625244140625">
        <ele>2.400000095367431640625</ele>
        <time>2026-06-04T13:22:55.000Z</time>
        <extensions>
          <ns3:TrackPointExtension>
            <ns3:hr>131</ns3:hr>
            <ns3:cad>80</ns3:cad>
          </ns3:TrackPointExtension>
        </extensions>
      </trkpt>
      <trkpt lat="31.28008606843650341033935546875" lon="121.36849008500576019287109375">
        <ele>2.400000095367431640625</ele>
        <time>2026-06-04T13:22:56.000Z</time>
        <extensions>
          <ns3:TrackPointExtension>
            <ns3:hr>131</ns3:hr>
            <ns3:cad>80</ns3:cad>
          </ns3:TrackPointExtension>
        </extensions>
      </trkpt>
      <trkpt lat="31.28006410785019397735595703125" lon="121.3684899173676967620849609375">
        <ele>2.400000095367431640625</ele>
        <time>2026-06-04T13:22:57.000Z</time>
        <extensions>
          <ns3:TrackPointExtension>
            <ns3:hr>131</ns3:hr>
            <ns3:cad>80</ns3:cad>
          </ns3:TrackPointExtension>
        </extensions>
      </trkpt>
      <trkpt lat="31.2800420634448528289794921875" lon="121.36849083937704563140869140625">
        <ele>2.599999904632568359375</ele>
        <time>2026-06-04T13:22:58.000Z</time>
        <extensions>
          <ns3:TrackPointExtension>
            <ns3:hr>130</ns3:hr>
            <ns3:cad>80</ns3:cad>
          </ns3:TrackPointExtension>
        </extensions>
      </trkpt>
      <trkpt lat="31.28002010285854339599609375" lon="121.36849368922412395477294921875">
        <ele>2.599999904632568359375</ele>
        <time>2026-06-04T13:22:59.000Z</time>
        <extensions>
          <ns3:TrackPointExtension>
            <ns3:hr>130</ns3:hr>
            <ns3:cad>80</ns3:cad>
          </ns3:TrackPointExtension>
        </extensions>
      </trkpt>
      <trkpt lat="31.27999956719577312469482421875" lon="121.36849754489958286285400390625">
        <ele>2.599999904632568359375</ele>
        <time>2026-06-04T13:23:00.000Z</time>
        <extensions>
          <ns3:TrackPointExtension>
            <ns3:hr>130</ns3:hr>
            <ns3:cad>80</ns3:cad>
          </ns3:TrackPointExtension>
        </extensions>
      </trkpt>
      <trkpt lat="31.2799766846001148223876953125" lon="121.36849603615701198577880859375">
        <ele>2.599999904632568359375</ele>
        <time>2026-06-04T13:23:01.000Z</time>
        <extensions>
          <ns3:TrackPointExtension>
            <ns3:hr>130</ns3:hr>
            <ns3:cad>81</ns3:cad>
          </ns3:TrackPointExtension>
        </extensions>
      </trkpt>
      <trkpt lat="31.27995329909026622772216796875" lon="121.368490420281887054443359375">
        <ele>2.400000095367431640625</ele>
        <time>2026-06-04T13:23:02.000Z</time>
        <extensions>
          <ns3:TrackPointExtension>
            <ns3:hr>130</ns3:hr>
            <ns3:cad>81</ns3:cad>
          </ns3:TrackPointExtension>
        </extensions>
      </trkpt>
      <trkpt lat="31.27993158996105194091796875" lon="121.36848748661577701568603515625">
        <ele>2.400000095367431640625</ele>
        <time>2026-06-04T13:23:03.000Z</time>
        <extensions>
          <ns3:TrackPointExtension>
            <ns3:hr>130</ns3:hr>
            <ns3:cad>81</ns3:cad>
          </ns3:TrackPointExtension>
        </extensions>
      </trkpt>
      <trkpt lat="31.279910467565059661865234375" lon="121.36848396621644496917724609375">
        <ele>2.400000095367431640625</ele>
        <time>2026-06-04T13:23:04.000Z</time>
        <extensions>
          <ns3:TrackPointExtension>
            <ns3:hr>130</ns3:hr>
            <ns3:cad>81</ns3:cad>
          </ns3:TrackPointExtension>
        </extensions>
      </trkpt>
      <trkpt lat="31.279891021549701690673828125" lon="121.36847927235066890716552734375">
        <ele>2.400000095367431640625</ele>
        <time>2026-06-04T13:23:05.000Z</time>
        <extensions>
          <ns3:TrackPointExtension>
            <ns3:hr>130</ns3:hr>
            <ns3:cad>80</ns3:cad>
          </ns3:TrackPointExtension>
        </extensions>
      </trkpt>
      <trkpt lat="31.27987124025821685791015625" lon="121.36847357265651226043701171875">
        <ele>2.400000095367431640625</ele>
        <time>2026-06-04T13:23:06.000Z</time>
        <extensions>
          <ns3:TrackPointExtension>
            <ns3:hr>130</ns3:hr>
            <ns3:cad>80</ns3:cad>
          </ns3:TrackPointExtension>
        </extensions>
      </trkpt>
      <trkpt lat="31.27984701655805110931396484375" lon="121.3684679567813873291015625">
        <ele>2.400000095367431640625</ele>
        <time>2026-06-04T13:23:07.000Z</time>
        <extensions>
          <ns3:TrackPointExtension>
            <ns3:hr>130</ns3:hr>
            <ns3:cad>81</ns3:cad>
          </ns3:TrackPointExtension>
        </extensions>
      </trkpt>
      <trkpt lat="31.27982488833367824554443359375" lon="121.368459574878215789794921875">
        <ele>2.400000095367431640625</ele>
        <time>2026-06-04T13:23:08.000Z</time>
        <extensions>
          <ns3:TrackPointExtension>
            <ns3:hr>130</ns3:hr>
            <ns3:cad>81</ns3:cad>
          </ns3:TrackPointExtension>
        </extensions>
      </trkpt>
      <trkpt lat="31.279802508652210235595703125" lon="121.368451528251171112060546875">
        <ele>2.400000095367431640625</ele>
        <time>2026-06-04T13:23:09.000Z</time>
        <extensions>
          <ns3:TrackPointExtension>
            <ns3:hr>130</ns3:hr>
            <ns3:cad>81</ns3:cad>
          </ns3:TrackPointExtension>
        </extensions>
      </trkpt>
      <trkpt lat="31.2797828949987888336181640625" lon="121.36843669228255748748779296875">
        <ele>2.400000095367431640625</ele>
        <time>2026-06-04T13:23:10.000Z</time>
        <extensions>
          <ns3:TrackPointExtension>
            <ns3:hr>130</ns3:hr>
            <ns3:cad>80</ns3:cad>
          </ns3:TrackPointExtension>
        </extensions>
      </trkpt>
      <trkpt lat="31.27976286225020885467529296875" lon="121.36842562817037105560302734375">
        <ele>2.400000095367431640625</ele>
        <time>2026-06-04T13:23:11.000Z</time>
        <extensions>
          <ns3:TrackPointExtension>
            <ns3:hr>130</ns3:hr>
            <ns3:cad>80</ns3:cad>
          </ns3:TrackPointExtension>
        </extensions>
      </trkpt>
      <trkpt lat="31.27974257804453372955322265625" lon="121.36841523461043834686279296875">
        <ele>2.400000095367431640625</ele>
        <time>2026-06-04T13:23:12.000Z</time>
        <extensions>
          <ns3:TrackPointExtension>
            <ns3:hr>130</ns3:hr>
            <ns3:cad>80</ns3:cad>
          </ns3:TrackPointExtension>
        </extensions>
      </trkpt>
      <trkpt lat="31.27972296439111232757568359375" lon="121.368399560451507568359375">
        <ele>2.400000095367431640625</ele>
        <time>2026-06-04T13:23:13.000Z</time>
        <extensions>
          <ns3:TrackPointExtension>
            <ns3:hr>130</ns3:hr>
            <ns3:cad>80</ns3:cad>
          </ns3:TrackPointExtension>
        </extensions>
      </trkpt>
      <trkpt lat="31.27970318309962749481201171875" lon="121.3683832995593547821044921875">
        <ele>2.400000095367431640625</ele>
        <time>2026-06-04T13:23:14.000Z</time>
        <extensions>
          <ns3:TrackPointExtension>
            <ns3:hr>129</ns3:hr>
            <ns3:cad>81</ns3:cad>
          </ns3:TrackPointExtension>
        </extensions>
      </trkpt>
      <trkpt lat="31.27968172542750835418701171875" lon="121.3683702237904071807861328125">
        <ele>2.599999904632568359375</ele>
        <time>2026-06-04T13:23:15.000Z</time>
        <extensions>
          <ns3:TrackPointExtension>
            <ns3:hr>129</ns3:hr>
            <ns3:cad>81</ns3:cad>
          </ns3:TrackPointExtension>
        </extensions>
      </trkpt>
      <trkpt lat="31.2796605192124843597412109375" lon="121.368362344801425933837890625">
        <ele>2.599999904632568359375</ele>
        <time>2026-06-04T13:23:16.000Z</time>
        <extensions>
          <ns3:TrackPointExtension>
            <ns3:hr>129</ns3:hr>
            <ns3:cad>81</ns3:cad>
          </ns3:TrackPointExtension>
        </extensions>
      </trkpt>
      <trkpt lat="31.27964149229228496551513671875" lon="121.36836159043014049530029296875">
        <ele>2.400000095367431640625</ele>
        <time>2026-06-04T13:23:17.000Z</time>
        <extensions>
          <ns3:TrackPointExtension>
            <ns3:hr>128</ns3:hr>
            <ns3:cad>81</ns3:cad>
          </ns3:TrackPointExtension>
        </extensions>
      </trkpt>
      <trkpt lat="31.27962070517241954803466796875" lon="121.36837475001811981201171875">
        <ele>2.400000095367431640625</ele>
        <time>2026-06-04T13:23:18.000Z</time>
        <extensions>
          <ns3:TrackPointExtension>
            <ns3:hr>128</ns3:hr>
            <ns3:cad>81</ns3:cad>
          </ns3:TrackPointExtension>
        </extensions>
      </trkpt>
      <trkpt lat="31.27960595302283763885498046875" lon="121.3683993928134441375732421875">
        <ele>2.400000095367431640625</ele>
        <time>2026-06-04T13:23:19.000Z</time>
        <extensions>
          <ns3:TrackPointExtension>
            <ns3:hr>128</ns3:hr>
            <ns3:cad>81</ns3:cad>
          </ns3:TrackPointExtension>
        </extensions>
      </trkpt>
      <trkpt lat="31.27959572710096836090087890625" lon="121.3684258796274662017822265625">
        <ele>2.400000095367431640625</ele>
        <time>2026-06-04T13:23:20.000Z</time>
        <extensions>
          <ns3:TrackPointExtension>
            <ns3:hr>128</ns3:hr>
            <ns3:cad>81</ns3:cad>
          </ns3:TrackPointExtension>
        </extensions>
      </trkpt>
      <trkpt lat="31.27959086559712886810302734375" lon="121.3684545457363128662109375">
        <ele>2.400000095367431640625</ele>
        <time>2026-06-04T13:23:21.000Z</time>
        <extensions>
          <ns3:TrackPointExtension>
            <ns3:hr>128</ns3:hr>
            <ns3:cad>80</ns3:cad>
          </ns3:TrackPointExtension>
        </extensions>
      </trkpt>
      <trkpt lat="31.27958315424621105194091796875" lon="121.36848203837871551513671875">
        <ele>2.400000095367431640625</ele>
        <time>2026-06-04T13:23:22.000Z</time>
        <extensions>
          <ns3:TrackPointExtension>
            <ns3:hr>128</ns3:hr>
            <ns3:cad>80</ns3:cad>
          </ns3:TrackPointExtension>
        </extensions>
      </trkpt>
      <trkpt lat="31.27957762219011783599853515625" lon="121.36850995011627674102783203125">
        <ele>2.400000095367431640625</ele>
        <time>2026-06-04T13:23:23.000Z</time>
        <extensions>
          <ns3:TrackPointExtension>
            <ns3:hr>128</ns3:hr>
            <ns3:cad>79</ns3:cad>
          </ns3:TrackPointExtension>
        </extensions>
      </trkpt>
      <trkpt lat="31.27957024611532688140869140625" lon="121.36853660456836223602294921875">
        <ele>2.400000095367431640625</ele>
        <time>2026-06-04T13:23:24.000Z</time>
        <extensions>
          <ns3:TrackPointExtension>
            <ns3:hr>128</ns3:hr>
            <ns3:cad>79</ns3:cad>
          </ns3:TrackPointExtension>
        </extensions>
      </trkpt>
      <trkpt lat="31.279563792049884796142578125" lon="121.3685620017349720001220703125">
        <ele>2.400000095367431640625</ele>
        <time>2026-06-04T13:23:25.000Z</time>
        <extensions>
          <ns3:TrackPointExtension>
            <ns3:hr>128</ns3:hr>
            <ns3:cad>80</ns3:cad>
          </ns3:TrackPointExtension>
        </extensions>
      </trkpt>
      <trkpt lat="31.2795596010982990264892578125" lon="121.368587315082550048828125">
        <ele>2.400000095367431640625</ele>
        <time>2026-06-04T13:23:26.000Z</time>
        <extensions>
          <ns3:TrackPointExtension>
            <ns3:hr>128</ns3:hr>
            <ns3:cad>80</ns3:cad>
          </ns3:TrackPointExtension>
        </extensions>
      </trkpt>
      <trkpt lat="31.27955130301415920257568359375" lon="121.368613131344318389892578125">
        <ele>2.400000095367431640625</ele>
        <time>2026-06-04T13:23:27.000Z</time>
        <extensions>
          <ns3:TrackPointExtension>
            <ns3:hr>128</ns3:hr>
            <ns3:cad>80</ns3:cad>
          </ns3:TrackPointExtension>
        </extensions>
      </trkpt>
      <trkpt lat="31.2795428372919559478759765625" lon="121.36863551102578639984130859375">
        <ele>2.400000095367431640625</ele>
        <time>2026-06-04T13:23:28.000Z</time>
        <extensions>
          <ns3:TrackPointExtension>
            <ns3:hr>128</ns3:hr>
            <ns3:cad>80</ns3:cad>
          </ns3:TrackPointExtension>
        </extensions>
      </trkpt>
      <trkpt lat="31.27953688614070415496826171875" lon="121.36866250075399875640869140625">
        <ele>2.400000095367431640625</ele>
        <time>2026-06-04T13:23:29.000Z</time>
        <extensions>
          <ns3:TrackPointExtension>
            <ns3:hr>128</ns3:hr>
            <ns3:cad>80</ns3:cad>
          </ns3:TrackPointExtension>
        </extensions>
      </trkpt>
      <trkpt lat="31.2795280851423740386962890625" lon="121.36868714354932308197021484375">
        <ele>2.400000095367431640625</ele>
        <time>2026-06-04T13:23:30.000Z</time>
        <extensions>
          <ns3:TrackPointExtension>
            <ns3:hr>128</ns3:hr>
            <ns3:cad>80</ns3:cad>
          </ns3:TrackPointExtension>
        </extensions>
      </trkpt>
      <trkpt lat="31.27951391972601413726806640625" lon="121.368710361421108245849609375">
        <ele>2.400000095367431640625</ele>
        <time>2026-06-04T13:23:31.000Z</time>
        <extensions>
          <ns3:TrackPointExtension>
            <ns3:hr>128</ns3:hr>
            <ns3:cad>80</ns3:cad>
          </ns3:TrackPointExtension>
        </extensions>
      </trkpt>
      <trkpt lat="31.27950000576674938201904296875" lon="121.36872746050357818603515625">
        <ele>2.2000000476837158203125</ele>
        <time>2026-06-04T13:23:32.000Z</time>
        <extensions>
          <ns3:TrackPointExtension>
            <ns3:hr>128</ns3:hr>
            <ns3:cad>80</ns3:cad>
          </ns3:TrackPointExtension>
        </extensions>
      </trkpt>
      <trkpt lat="31.2794808112084865570068359375" lon="121.3687440566718578338623046875">
        <ele>2.2000000476837158203125</ele>
        <time>2026-06-04T13:23:33.000Z</time>
        <extensions>
          <ns3:TrackPointExtension>
            <ns3:hr>129</ns3:hr>
            <ns3:cad>80</ns3:cad>
          </ns3:TrackPointExtension>
        </extensions>
      </trkpt>
      <trkpt lat="31.27946094609797000885009765625" lon="121.3687603175640106201171875">
        <ele>2.2000000476837158203125</ele>
        <time>2026-06-04T13:23:34.000Z</time>
        <extensions>
          <ns3:TrackPointExtension>
            <ns3:hr>129</ns3:hr>
            <ns3:cad>79</ns3:cad>
          </ns3:TrackPointExtension>
        </extensions>
      </trkpt>
      <trkpt lat="31.27944150008261203765869140625" lon="121.36877800337970256805419921875">
        <ele>2.2000000476837158203125</ele>
        <time>2026-06-04T13:23:35.000Z</time>
        <extensions>
          <ns3:TrackPointExtension>
            <ns3:hr>129</ns3:hr>
            <ns3:cad>79</ns3:cad>
          </ns3:TrackPointExtension>
        </extensions>
      </trkpt>
      <trkpt lat="31.27941928803920745849609375" lon="121.368795521557331085205078125">
        <ele>2.2000000476837158203125</ele>
        <time>2026-06-04T13:23:36.000Z</time>
        <extensions>
          <ns3:TrackPointExtension>
            <ns3:hr>130</ns3:hr>
            <ns3:cad>80</ns3:cad>
          </ns3:TrackPointExtension>
        </extensions>
      </trkpt>
      <trkpt lat="31.279394142329692840576171875" lon="121.36880734004080295562744140625">
        <ele>2.2000000476837158203125</ele>
        <time>2026-06-04T13:23:37.000Z</time>
        <extensions>
          <ns3:TrackPointExtension>
            <ns3:hr>130</ns3:hr>
            <ns3:cad>80</ns3:cad>
          </ns3:TrackPointExtension>
        </extensions>
      </trkpt>
      <trkpt lat="31.2793731875717639923095703125" lon="121.3688117824494838714599609375">
        <ele>2.400000095367431640625</ele>
        <time>2026-06-04T13:23:38.000Z</time>
        <extensions>
          <ns3:TrackPointExtension>
            <ns3:hr>130</ns3:hr>
            <ns3:cad>80</ns3:cad>
          </ns3:TrackPointExtension>
        </extensions>
      </trkpt>
      <trkpt lat="31.27934577874839305877685546875" lon="121.368816308677196502685546875">
        <ele>2.599999904632568359375</ele>
        <time>2026-06-04T13:23:39.000Z</time>
        <extensions>
          <ns3:TrackPointExtension>
            <ns3:hr>130</ns3:hr>
            <ns3:cad>81</ns3:cad>
          </ns3:TrackPointExtension>
        </extensions>
      </trkpt>
      <trkpt lat="31.27932096831500530242919921875" lon="121.36881706304848194122314453125">
        <ele>2.599999904632568359375</ele>
        <time>2026-06-04T13:23:40.000Z</time>
        <extensions>
          <ns3:TrackPointExtension>
            <ns3:hr>130</ns3:hr>
            <ns3:cad>81</ns3:cad>
          </ns3:TrackPointExtension>
        </extensions>
      </trkpt>
      <trkpt lat="31.27929699607193470001220703125" lon="121.36881656013429164886474609375">
        <ele>2.599999904632568359375</ele>
        <time>2026-06-04T13:23:41.000Z</time>
        <extensions>
          <ns3:TrackPointExtension>
            <ns3:hr>130</ns3:hr>
            <ns3:cad>81</ns3:cad>
          </ns3:TrackPointExtension>
        </extensions>
      </trkpt>
      <trkpt lat="31.27927453257143497467041015625" lon="121.3688077591359615325927734375">
        <ele>2.7999999523162841796875</ele>
        <time>2026-06-04T13:23:42.000Z</time>
        <extensions>
          <ns3:TrackPointExtension>
            <ns3:hr>131</ns3:hr>
            <ns3:cad>81</ns3:cad>
          </ns3:TrackPointExtension>
        </extensions>
      </trkpt>
      <trkpt lat="31.27925106324255466461181640625" lon="121.36880256235599517822265625">
        <ele>2.7999999523162841796875</ele>
        <time>2026-06-04T13:23:43.000Z</time>
        <extensions>
          <ns3:TrackPointExtension>
            <ns3:hr>131</ns3:hr>
            <ns3:cad>80</ns3:cad>
          </ns3:TrackPointExtension>
        </extensions>
      </trkpt>
      <trkpt lat="31.2792273424565792083740234375" lon="121.368798203766345977783203125">
        <ele>3</ele>
        <time>2026-06-04T13:23:44.000Z</time>
        <extensions>
          <ns3:TrackPointExtension>
            <ns3:hr>132</ns3:hr>
            <ns3:cad>80</ns3:cad>
          </ns3:TrackPointExtension>
        </extensions>
      </trkpt>
      <trkpt lat="31.27920412458479404449462890625" lon="121.36878973804414272308349609375">
        <ele>3</ele>
        <time>2026-06-04T13:23:45.000Z</time>
        <extensions>
          <ns3:TrackPointExtension>
            <ns3:hr>132</ns3:hr>
            <ns3:cad>80</ns3:cad>
          </ns3:TrackPointExtension>
        </extensions>
      </trkpt>
      <trkpt lat="31.27918233163654804229736328125" lon="121.368776746094226837158203125">
        <ele>3.2000000476837158203125</ele>
        <time>2026-06-04T13:23:46.000Z</time>
        <extensions>
          <ns3:TrackPointExtension>
            <ns3:hr>132</ns3:hr>
            <ns3:cad>80</ns3:cad>
          </ns3:TrackPointExtension>
        </extensions>
      </trkpt>
      <trkpt lat="31.2791609577834606170654296875" lon="121.368765346705913543701171875">
        <ele>3.2000000476837158203125</ele>
        <time>2026-06-04T13:23:47.000Z</time>
        <extensions>
          <ns3:TrackPointExtension>
            <ns3:hr>132</ns3:hr>
            <ns3:cad>80</ns3:cad>
          </ns3:TrackPointExtension>
        </extensions>
      </trkpt>
      <trkpt lat="31.27913824282586574554443359375" lon="121.36875520460307598114013671875">
        <ele>3.400000095367431640625</ele>
        <time>2026-06-04T13:23:48.000Z</time>
        <extensions>
          <ns3:TrackPointExtension>
            <ns3:hr>132</ns3:hr>
            <ns3:cad>81</ns3:cad>
          </ns3:TrackPointExtension>
        </extensions>
      </trkpt>
      <trkpt lat="31.27911661751568317413330078125" lon="121.36874581687152385711669921875">
        <ele>3.400000095367431640625</ele>
        <time>2026-06-04T13:23:49.000Z</time>
        <extensions>
          <ns3:TrackPointExtension>
            <ns3:hr>132</ns3:hr>
            <ns3:cad>80</ns3:cad>
          </ns3:TrackPointExtension>
        </extensions>
      </trkpt>
      <trkpt lat="31.279094405472278594970703125" lon="121.3687339983880519866943359375">
        <ele>3.599999904632568359375</ele>
        <time>2026-06-04T13:23:50.000Z</time>
        <extensions>
          <ns3:TrackPointExtension>
            <ns3:hr>132</ns3:hr>
            <ns3:cad>80</ns3:cad>
          </ns3:TrackPointExtension>
        </extensions>
      </trkpt>
      <trkpt lat="31.279070936143398284912109375" lon="121.36872368864715099334716796875">
        <ele>3.7999999523162841796875</ele>
        <time>2026-06-04T13:23:51.000Z</time>
        <extensions>
          <ns3:TrackPointExtension>
            <ns3:hr>132</ns3:hr>
            <ns3:cad>80</ns3:cad>
          </ns3:TrackPointExtension>
        </extensions>
      </trkpt>
      <trkpt lat="31.2790489755570888519287109375" lon="121.36871061287820339202880859375">
        <ele>4</ele>
        <time>2026-06-04T13:23:52.000Z</time>
        <extensions>
          <ns3:TrackPointExtension>
            <ns3:hr>133</ns3:hr>
            <ns3:cad>80</ns3:cad>
          </ns3:TrackPointExtension>
        </extensions>
      </trkpt>
      <trkpt lat="31.27902877517044544219970703125" lon="121.36869904585182666778564453125">
        <ele>4</ele>
        <time>2026-06-04T13:23:53.000Z</time>
        <extensions>
          <ns3:TrackPointExtension>
            <ns3:hr>133</ns3:hr>
            <ns3:cad>81</ns3:cad>
          </ns3:TrackPointExtension>
        </extensions>
      </trkpt>
      <trkpt lat="31.27900714986026287078857421875" lon="121.3686850480735301971435546875">
        <ele>4.19999980926513671875</ele>
        <time>2026-06-04T13:23:54.000Z</time>
        <extensions>
          <ns3:TrackPointExtension>
            <ns3:hr>134</ns3:hr>
            <ns3:cad>81</ns3:cad>
          </ns3:TrackPointExtension>
        </extensions>
      </trkpt>
      <trkpt lat="31.27898636274039745330810546875" lon="121.36867574416100978851318359375">
        <ele>4.19999980926513671875</ele>
        <time>2026-06-04T13:23:55.000Z</time>
        <extensions>
          <ns3:TrackPointExtension>
            <ns3:hr>136</ns3:hr>
            <ns3:cad>81</ns3:cad>
          </ns3:TrackPointExtension>
        </extensions>
      </trkpt>
      <trkpt lat="31.27896607853472232818603515625" lon="121.36866015382111072540283203125">
        <ele>4.19999980926513671875</ele>
        <time>2026-06-04T13:23:56.000Z</time>
        <extensions>
          <ns3:TrackPointExtension>
            <ns3:hr>137</ns3:hr>
            <ns3:cad>81</ns3:cad>
          </ns3:TrackPointExtension>
        </extensions>
      </trkpt>
      <trkpt lat="31.2789433635771274566650390625" lon="121.36864406056702136993408203125">
        <ele>4.400000095367431640625</ele>
        <time>2026-06-04T13:23:57.000Z</time>
        <extensions>
          <ns3:TrackPointExtension>
            <ns3:hr>137</ns3:hr>
            <ns3:cad>81</ns3:cad>
          </ns3:TrackPointExtension>
        </extensions>
      </trkpt>
      <trkpt lat="31.27892416901886463165283203125" lon="121.368631906807422637939453125">
        <ele>4.400000095367431640625</ele>
        <time>2026-06-04T13:23:58.000Z</time>
        <extensions>
          <ns3:TrackPointExtension>
            <ns3:hr>137</ns3:hr>
            <ns3:cad>80</ns3:cad>
          </ns3:TrackPointExtension>
        </extensions>
      </trkpt>
      <trkpt lat="31.27890170551836490631103515625" lon="121.3686186634004116058349609375">
        <ele>4.400000095367431640625</ele>
        <time>2026-06-04T13:23:59.000Z</time>
        <extensions>
          <ns3:TrackPointExtension>
            <ns3:hr>137</ns3:hr>
            <ns3:cad>80</ns3:cad>
          </ns3:TrackPointExtension>
        </extensions>
      </trkpt>
      <trkpt lat="31.2788830138742923736572265625" lon="121.3686055876314640045166015625">
        <ele>4.400000095367431640625</ele>
        <time>2026-06-04T13:24:00.000Z</time>
        <extensions>
          <ns3:TrackPointExtension>
            <ns3:hr>138</ns3:hr>
            <ns3:cad>80</ns3:cad>
          </ns3:TrackPointExtension>
        </extensions>
      </trkpt>
      <trkpt lat="31.2788634002208709716796875" lon="121.36859309859573841094970703125">
        <ele>4.599999904632568359375</ele>
        <time>2026-06-04T13:24:01.000Z</time>
        <extensions>
          <ns3:TrackPointExtension>
            <ns3:hr>137</ns3:hr>
            <ns3:cad>80</ns3:cad>
          </ns3:TrackPointExtension>
        </extensions>
      </trkpt>
      <trkpt lat="31.278845630586147308349609375" lon="121.36857851408421993255615234375">
        <ele>4.599999904632568359375</ele>
        <time>2026-06-04T13:24:02.000Z</time>
        <extensions>
          <ns3:TrackPointExtension>
            <ns3:hr>137</ns3:hr>
            <ns3:cad>81</ns3:cad>
          </ns3:TrackPointExtension>
        </extensions>
      </trkpt>
      <trkpt lat="31.27883029170334339141845703125" lon="121.3685613311827182769775390625">
        <ele>4.80000019073486328125</ele>
        <time>2026-06-04T13:24:03.000Z</time>
        <extensions>
          <ns3:TrackPointExtension>
            <ns3:hr>138</ns3:hr>
            <ns3:cad>81</ns3:cad>
          </ns3:TrackPointExtension>
        </extensions>
      </trkpt>
      <trkpt lat="31.278814114630222320556640625" lon="121.368546076118946075439453125">
        <ele>4.80000019073486328125</ele>
        <time>2026-06-04T13:24:04.000Z</time>
        <extensions>
          <ns3:TrackPointExtension>
            <ns3:hr>137</ns3:hr>
            <ns3:cad>81</ns3:cad>
          </ns3:TrackPointExtension>
        </extensions>
      </trkpt>
      <trkpt lat="31.27879760228097438812255859375" lon="121.36852855794131755828857421875">
        <ele>5</ele>
        <time>2026-06-04T13:24:05.000Z</time>
        <extensions>
          <ns3:TrackPointExtension>
            <ns3:hr>138</ns3:hr>
            <ns3:cad>81</ns3:cad>
          </ns3:TrackPointExtension>
        </extensions>
      </trkpt>
      <trkpt lat="31.2787829339504241943359375" lon="121.3685110397636890411376953125">
        <ele>5</ele>
        <time>2026-06-04T13:24:06.000Z</time>
        <extensions>
          <ns3:TrackPointExtension>
            <ns3:hr>138</ns3:hr>
            <ns3:cad>80</ns3:cad>
          </ns3:TrackPointExtension>
        </extensions>
      </trkpt>
      <trkpt lat="31.2787663377821445465087890625" lon="121.368491090834140777587890625">
        <ele>5.19999980926513671875</ele>
        <time>2026-06-04T13:24:07.000Z</time>
        <extensions>
          <ns3:TrackPointExtension>
            <ns3:hr>138</ns3:hr>
            <ns3:cad>80</ns3:cad>
          </ns3:TrackPointExtension>
        </extensions>
      </trkpt>
      <trkpt lat="31.27875066362321376800537109375" lon="121.3684711419045925140380859375">
        <ele>5.19999980926513671875</ele>
        <time>2026-06-04T13:24:08.000Z</time>
        <extensions>
          <ns3:TrackPointExtension>
            <ns3:hr>138</ns3:hr>
            <ns3:cad>80</ns3:cad>
          </ns3:TrackPointExtension>
        </extensions>
      </trkpt>
      <trkpt lat="31.27873892895877361297607421875" lon="121.36844859458506107330322265625">
        <ele>5.400000095367431640625</ele>
        <time>2026-06-04T13:24:09.000Z</time>
        <extensions>
          <ns3:TrackPointExtension>
            <ns3:hr>138</ns3:hr>
            <ns3:cad>79</ns3:cad>
          </ns3:TrackPointExtension>
        </extensions>
      </trkpt>
      <trkpt lat="31.2787227518856525421142578125" lon="121.368431746959686279296875">
        <ele>5.400000095367431640625</ele>
        <time>2026-06-04T13:24:10.000Z</time>
        <extensions>
          <ns3:TrackPointExtension>
            <ns3:hr>138</ns3:hr>
            <ns3:cad>79</ns3:cad>
          </ns3:TrackPointExtension>
        </extensions>
      </trkpt>
      <trkpt lat="31.27870657481253147125244140625" lon="121.368413306772708892822265625">
        <ele>5.400000095367431640625</ele>
        <time>2026-06-04T13:24:11.000Z</time>
        <extensions>
          <ns3:TrackPointExtension>
            <ns3:hr>138</ns3:hr>
            <ns3:cad>79</ns3:cad>
          </ns3:TrackPointExtension>
        </extensions>
      </trkpt>
      <trkpt lat="31.27869215793907642364501953125" lon="121.36839796788990497589111328125">
        <ele>5.599999904632568359375</ele>
        <time>2026-06-04T13:24:12.000Z</time>
        <extensions>
          <ns3:TrackPointExtension>
            <ns3:hr>138</ns3:hr>
            <ns3:cad>79</ns3:cad>
          </ns3:TrackPointExtension>
        </extensions>
      </trkpt>
      <trkpt lat="31.27867673523724079132080078125" lon="121.368382461369037628173828125">
        <ele>5.599999904632568359375</ele>
        <time>2026-06-04T13:24:13.000Z</time>
        <extensions>
          <ns3:TrackPointExtension>
            <ns3:hr>138</ns3:hr>
            <ns3:cad>79</ns3:cad>
          </ns3:TrackPointExtension>
        </extensions>
      </trkpt>
      <trkpt lat="31.2786600552499294281005859375" lon="121.36836661957204341888427734375">
        <ele>5.599999904632568359375</ele>
        <time>2026-06-04T13:24:14.000Z</time>
        <extensions>
          <ns3:TrackPointExtension>
            <ns3:hr>139</ns3:hr>
            <ns3:cad>79</ns3:cad>
          </ns3:TrackPointExtension>
        </extensions>
      </trkpt>
      <trkpt lat="31.27864144742488861083984375" lon="121.36835237033665180206298828125">
        <ele>5.599999904632568359375</ele>
        <time>2026-06-04T13:24:15.000Z</time>
        <extensions>
          <ns3:TrackPointExtension>
            <ns3:hr>139</ns3:hr>
            <ns3:cad>78</ns3:cad>
          </ns3:TrackPointExtension>
        </extensions>
      </trkpt>
      <trkpt lat="31.27862744964659214019775390625" lon="121.36833409778773784637451171875">
        <ele>5.599999904632568359375</ele>
        <time>2026-06-04T13:24:16.000Z</time>
        <extensions>
          <ns3:TrackPointExtension>
            <ns3:hr>139</ns3:hr>
            <ns3:cad>78</ns3:cad>
          </ns3:TrackPointExtension>
        </extensions>
      </trkpt>
      <trkpt lat="31.27861185930669307708740234375" lon="121.36831565760076045989990234375">
        <ele>5.599999904632568359375</ele>
        <time>2026-06-04T13:24:17.000Z</time>
        <extensions>
          <ns3:TrackPointExtension>
            <ns3:hr>138</ns3:hr>
            <ns3:cad>78</ns3:cad>
          </ns3:TrackPointExtension>
        </extensions>
      </trkpt>
      <trkpt lat="31.27859241329133510589599609375" lon="121.36830191127955913543701171875">
        <ele>5.80000019073486328125</ele>
        <time>2026-06-04T13:24:18.000Z</time>
        <extensions>
          <ns3:TrackPointExtension>
            <ns3:hr>138</ns3:hr>
            <ns3:cad>78</ns3:cad>
          </ns3:TrackPointExtension>
        </extensions>
      </trkpt>
      <trkpt lat="31.2785732187330722808837890625" lon="121.3682890869677066802978515625">
        <ele>5.80000019073486328125</ele>
        <time>2026-06-04T13:24:19.000Z</time>
        <extensions>
          <ns3:TrackPointExtension>
            <ns3:hr>138</ns3:hr>
            <ns3:cad>78</ns3:cad>
          </ns3:TrackPointExtension>
        </extensions>
      </trkpt>
      <trkpt lat="31.2785541079938411712646484375" lon="121.36827609501779079437255859375">
        <ele>5.80000019073486328125</ele>
        <time>2026-06-04T13:24:20.000Z</time>
        <extensions>
          <ns3:TrackPointExtension>
            <ns3:hr>138</ns3:hr>
            <ns3:cad>80</ns3:cad>
          </ns3:TrackPointExtension>
        </extensions>
      </trkpt>
      <trkpt lat="31.27853575162589550018310546875" lon="121.36825941503047943115234375">
        <ele>5.80000019073486328125</ele>
        <time>2026-06-04T13:24:21.000Z</time>
        <extensions>
          <ns3:TrackPointExtension>
            <ns3:hr>139</ns3:hr>
            <ns3:cad>80</ns3:cad>
          </ns3:TrackPointExtension>
        </extensions>
      </trkpt>
      <trkpt lat="31.27851764671504497528076171875" lon="121.3682495243847370147705078125">
        <ele>6</ele>
        <time>2026-06-04T13:24:22.000Z</time>
        <extensions>
          <ns3:TrackPointExtension>
            <ns3:hr>138</ns3:hr>
            <ns3:cad>80</ns3:cad>
          </ns3:TrackPointExtension>
        </extensions>
      </trkpt>
      <trkpt lat="31.27849937416613101959228515625" lon="121.36824055574834346771240234375">
        <ele>6</ele>
        <time>2026-06-04T13:24:23.000Z</time>
        <extensions>
          <ns3:TrackPointExtension>
            <ns3:hr>138</ns3:hr>
            <ns3:cad>80</ns3:cad>
          </ns3:TrackPointExtension>
        </extensions>
      </trkpt>
      <trkpt lat="31.27847976051270961761474609375" lon="121.3682361133396625518798828125">
        <ele>5.80000019073486328125</ele>
        <time>2026-06-04T13:24:24.000Z</time>
        <extensions>
          <ns3:TrackPointExtension>
            <ns3:hr>139</ns3:hr>
            <ns3:cad>80</ns3:cad>
          </ns3:TrackPointExtension>
        </extensions>
      </trkpt>
      <trkpt lat="31.27845997922122478485107421875" lon="121.3682297430932521820068359375">
        <ele>5.80000019073486328125</ele>
        <time>2026-06-04T13:24:25.000Z</time>
        <extensions>
          <ns3:TrackPointExtension>
            <ns3:hr>138</ns3:hr>
            <ns3:cad>79</ns3:cad>
          </ns3:TrackPointExtension>
        </extensions>
      </trkpt>
      <trkpt lat="31.27844271250069141387939453125" lon="121.36822412721812725067138671875">
        <ele>5.80000019073486328125</ele>
        <time>2026-06-04T13:24:26.000Z</time>
        <extensions>
          <ns3:TrackPointExtension>
            <ns3:hr>138</ns3:hr>
            <ns3:cad>79</ns3:cad>
          </ns3:TrackPointExtension>
        </extensions>
      </trkpt>
      <trkpt lat="31.278417147696018218994140625" lon="121.3682149909436702728271484375">
        <ele>5.80000019073486328125</ele>
        <time>2026-06-04T13:24:27.000Z</time>
        <extensions>
          <ns3:TrackPointExtension>
            <ns3:hr>138</ns3:hr>
            <ns3:cad>79</ns3:cad>
          </ns3:TrackPointExtension>
        </extensions>
      </trkpt>
      <trkpt lat="31.27839728258550167083740234375" lon="121.3682096265256404876708984375">
        <ele>5.599999904632568359375</ele>
        <time>2026-06-04T13:24:28.000Z</time>
        <extensions>
          <ns3:TrackPointExtension>
            <ns3:hr>138</ns3:hr>
            <ns3:cad>80</ns3:cad>
          </ns3:TrackPointExtension>
        </extensions>
      </trkpt>
      <trkpt lat="31.27837331034243106842041015625" lon="121.3682052679359912872314453125">
        <ele>5.599999904632568359375</ele>
        <time>2026-06-04T13:24:29.000Z</time>
        <extensions>
          <ns3:TrackPointExtension>
            <ns3:hr>139</ns3:hr>
            <ns3:cad>80</ns3:cad>
          </ns3:TrackPointExtension>
        </extensions>
      </trkpt>
      <trkpt lat="31.278350092470645904541015625" lon="121.3682009093463420867919921875">
        <ele>5.400000095367431640625</ele>
        <time>2026-06-04T13:24:30.000Z</time>
        <extensions>
          <ns3:TrackPointExtension>
            <ns3:hr>139</ns3:hr>
            <ns3:cad>80</ns3:cad>
          </ns3:TrackPointExtension>
        </extensions>
      </trkpt>
      <trkpt lat="31.278329975903034210205078125" lon="121.36820116080343723297119140625">
        <ele>5.400000095367431640625</ele>
        <time>2026-06-04T13:24:31.000Z</time>
        <extensions>
          <ns3:TrackPointExtension>
            <ns3:hr>140</ns3:hr>
            <ns3:cad>80</ns3:cad>
          </ns3:TrackPointExtension>
        </extensions>
      </trkpt>
      <trkpt lat="31.27830759622156620025634765625" lon="121.3682002387940883636474609375">
        <ele>5.400000095367431640625</ele>
        <time>2026-06-04T13:24:32.000Z</time>
        <extensions>
          <ns3:TrackPointExtension>
            <ns3:hr>140</ns3:hr>
            <ns3:cad>80</ns3:cad>
          </ns3:TrackPointExtension>
        </extensions>
      </trkpt>
      <trkpt lat="31.27828982658684253692626953125" lon="121.36819730512797832489013671875">
        <ele>5.400000095367431640625</ele>
        <time>2026-06-04T13:24:33.000Z</time>
        <extensions>
          <ns3:TrackPointExtension>
            <ns3:hr>140</ns3:hr>
            <ns3:cad>80</ns3:cad>
          </ns3:TrackPointExtension>
        </extensions>
      </trkpt>
      <trkpt lat="31.278271637856960296630859375" lon="121.36819898150861263275146484375">
        <ele>5.19999980926513671875</ele>
        <time>2026-06-04T13:24:34.000Z</time>
        <extensions>
          <ns3:TrackPointExtension>
            <ns3:hr>140</ns3:hr>
            <ns3:cad>80</ns3:cad>
          </ns3:TrackPointExtension>
        </extensions>
      </trkpt>
      <trkpt lat="31.27825026400387287139892578125" lon="121.368198730051517486572265625">
        <ele>5.19999980926513671875</ele>
        <time>2026-06-04T13:24:35.000Z</time>
        <extensions>
          <ns3:TrackPointExtension>
            <ns3:hr>139</ns3:hr>
            <ns3:cad>80</ns3:cad>
          </ns3:TrackPointExtension>
        </extensions>
      </trkpt>
      <trkpt lat="31.278228722512722015380859375" lon="121.36819914914667606353759765625">
        <ele>5.19999980926513671875</ele>
        <time>2026-06-04T13:24:36.000Z</time>
        <extensions>
          <ns3:TrackPointExtension>
            <ns3:hr>140</ns3:hr>
            <ns3:cad>80</ns3:cad>
          </ns3:TrackPointExtension>
        </extensions>
      </trkpt>
      <trkpt lat="31.27820835448801517486572265625" lon="121.36820401065051555633544921875">
        <ele>5</ele>
        <time>2026-06-04T13:24:37.000Z</time>
        <extensions>
          <ns3:TrackPointExtension>
            <ns3:hr>140</ns3:hr>
            <ns3:cad>79</ns3:cad>
          </ns3:TrackPointExtension>
        </extensions>
      </trkpt>
      <trkpt lat="31.278186477720737457275390625" lon="121.368208788335323333740234375">
        <ele>5</ele>
        <time>2026-06-04T13:24:38.000Z</time>
        <extensions>
          <ns3:TrackPointExtension>
            <ns3:hr>140</ns3:hr>
            <ns3:cad>80</ns3:cad>
          </ns3:TrackPointExtension>
        </extensions>
      </trkpt>
      <trkpt lat="31.27816527150571346282958984375" lon="121.36821272782981395721435546875">
        <ele>5</ele>
        <time>2026-06-04T13:24:39.000Z</time>
        <extensions>
          <ns3:TrackPointExtension>
            <ns3:hr>139</ns3:hr>
            <ns3:cad>80</ns3:cad>
          </ns3:TrackPointExtension>
        </extensions>
      </trkpt>
      <trkpt lat="31.2781470827758312225341796875" lon="121.36822186410427093505859375">
        <ele>4.80000019073486328125</ele>
        <time>2026-06-04T13:24:40.000Z</time>
        <extensions>
          <ns3:TrackPointExtension>
            <ns3:hr>139</ns3:hr>
            <ns3:cad>80</ns3:cad>
          </ns3:TrackPointExtension>
        </extensions>
      </trkpt>
      <trkpt lat="31.27812537364661693572998046875" lon="121.3682297430932521820068359375">
        <ele>4.80000019073486328125</ele>
        <time>2026-06-04T13:24:41.000Z</time>
        <extensions>
          <ns3:TrackPointExtension>
            <ns3:hr>139</ns3:hr>
            <ns3:cad>80</ns3:cad>
          </ns3:TrackPointExtension>
        </extensions>
      </trkpt>
      <trkpt lat="31.27810508944094181060791015625" lon="121.36823804117739200592041015625">
        <ele>4.80000019073486328125</ele>
        <time>2026-06-04T13:24:42.000Z</time>
        <extensions>
          <ns3:TrackPointExtension>
            <ns3:hr>138</ns3:hr>
            <ns3:cad>80</ns3:cad>
          </ns3:TrackPointExtension>
        </extensions>
      </trkpt>
      <trkpt lat="31.2780828773975372314453125" lon="121.3682485185563564300537109375">
        <ele>4.599999904632568359375</ele>
        <time>2026-06-04T13:24:43.000Z</time>
        <extensions>
          <ns3:TrackPointExtension>
            <ns3:hr>138</ns3:hr>
            <ns3:cad>80</ns3:cad>
          </ns3:TrackPointExtension>
        </extensions>
      </trkpt>
      <trkpt lat="31.27806066535413265228271484375" lon="121.36826075613498687744140625">
        <ele>4.599999904632568359375</ele>
        <time>2026-06-04T13:24:44.000Z</time>
        <extensions>
          <ns3:TrackPointExtension>
            <ns3:hr>138</ns3:hr>
            <ns3:cad>80</ns3:cad>
          </ns3:TrackPointExtension>
        </extensions>
      </trkpt>
      <trkpt lat="31.27803862094879150390625" lon="121.36826955713331699371337890625">
        <ele>4.599999904632568359375</ele>
        <time>2026-06-04T13:24:45.000Z</time>
        <extensions>
          <ns3:TrackPointExtension>
            <ns3:hr>138</ns3:hr>
            <ns3:cad>80</ns3:cad>
          </ns3:TrackPointExtension>
        </extensions>
      </trkpt>
      <trkpt lat="31.27801775000989437103271484375" lon="121.3682790286839008331298828125">
        <ele>4.400000095367431640625</ele>
        <time>2026-06-04T13:24:46.000Z</time>
        <extensions>
          <ns3:TrackPointExtension>
            <ns3:hr>138</ns3:hr>
            <ns3:cad>80</ns3:cad>
          </ns3:TrackPointExtension>
        </extensions>
      </trkpt>
      <trkpt lat="31.277996040880680084228515625" lon="121.36829419992864131927490234375">
        <ele>4.400000095367431640625</ele>
        <time>2026-06-04T13:24:47.000Z</time>
        <extensions>
          <ns3:TrackPointExtension>
            <ns3:hr>138</ns3:hr>
            <ns3:cad>80</ns3:cad>
          </ns3:TrackPointExtension>
        </extensions>
      </trkpt>
      <trkpt lat="31.2779767625033855438232421875" lon="121.36830727569758892059326171875">
        <ele>4.19999980926513671875</ele>
        <time>2026-06-04T13:24:48.000Z</time>
        <extensions>
          <ns3:TrackPointExtension>
            <ns3:hr>138</ns3:hr>
            <ns3:cad>80</ns3:cad>
          </ns3:TrackPointExtension>
        </extensions>
      </trkpt>
      <trkpt lat="31.27795874141156673431396484375" lon="121.368319429457187652587890625">
        <ele>4</ele>
        <time>2026-06-04T13:24:49.000Z</time>
        <extensions>
          <ns3:TrackPointExtension>
            <ns3:hr>138</ns3:hr>
            <ns3:cad>80</ns3:cad>
          </ns3:TrackPointExtension>
        </extensions>
      </trkpt>
      <trkpt lat="31.27793694846332073211669921875" lon="121.3683306612074375152587890625">
        <ele>4</ele>
        <time>2026-06-04T13:24:50.000Z</time>
        <extensions>
          <ns3:TrackPointExtension>
            <ns3:hr>138</ns3:hr>
            <ns3:cad>80</ns3:cad>
          </ns3:TrackPointExtension>
        </extensions>
      </trkpt>
      <trkpt lat="31.277914904057979583740234375" lon="121.36833862401545047760009765625">
        <ele>4</ele>
        <time>2026-06-04T13:24:51.000Z</time>
        <extensions>
          <ns3:TrackPointExtension>
            <ns3:hr>137</ns3:hr>
            <ns3:cad>80</ns3:cad>
          </ns3:TrackPointExtension>
        </extensions>
      </trkpt>
      <trkpt lat="31.2778956256806850433349609375" lon="121.368350945413112640380859375">
        <ele>4</ele>
        <time>2026-06-04T13:24:52.000Z</time>
        <extensions>
          <ns3:TrackPointExtension>
            <ns3:hr>138</ns3:hr>
            <ns3:cad>80</ns3:cad>
          </ns3:TrackPointExtension>
        </extensions>
      </trkpt>
      <trkpt lat="31.27787425182759761810302734375" lon="121.36836242862045764923095703125">
        <ele>4.19999980926513671875</ele>
        <time>2026-06-04T13:24:53.000Z</time>
        <extensions>
          <ns3:TrackPointExtension>
            <ns3:hr>138</ns3:hr>
            <ns3:cad>80</ns3:cad>
          </ns3:TrackPointExtension>
        </extensions>
      </trkpt>
      <trkpt lat="31.27785379998385906219482421875" lon="121.36837282218039035797119140625">
        <ele>4.19999980926513671875</ele>
        <time>2026-06-04T13:24:54.000Z</time>
        <extensions>
          <ns3:TrackPointExtension>
            <ns3:hr>138</ns3:hr>
            <ns3:cad>81</ns3:cad>
          </ns3:TrackPointExtension>
        </extensions>
      </trkpt>
      <trkpt lat="31.27783351577818393707275390625" lon="121.36838547885417938232421875">
        <ele>4.400000095367431640625</ele>
        <time>2026-06-04T13:24:55.000Z</time>
        <extensions>
          <ns3:TrackPointExtension>
            <ns3:hr>137</ns3:hr>
            <ns3:cad>81</ns3:cad>
          </ns3:TrackPointExtension>
        </extensions>
      </trkpt>
      <trkpt lat="31.277814321219921112060546875" lon="121.368399895727634429931640625">
        <ele>4.400000095367431640625</ele>
        <time>2026-06-04T13:24:56.000Z</time>
        <extensions>
          <ns3:TrackPointExtension>
            <ns3:hr>138</ns3:hr>
            <ns3:cad>81</ns3:cad>
          </ns3:TrackPointExtension>
        </extensions>
      </trkpt>
      <trkpt lat="31.27779177390038967132568359375" lon="121.36841154657304286956787109375">
        <ele>4.400000095367431640625</ele>
        <time>2026-06-04T13:24:57.000Z</time>
        <extensions>
          <ns3:TrackPointExtension>
            <ns3:hr>138</ns3:hr>
            <ns3:cad>81</ns3:cad>
          </ns3:TrackPointExtension>
        </extensions>
      </trkpt>
      <trkpt lat="31.27777400426566600799560546875" lon="121.3684211857616901397705078125">
        <ele>4.19999980926513671875</ele>
        <time>2026-06-04T13:24:58.000Z</time>
        <extensions>
          <ns3:TrackPointExtension>
            <ns3:hr>138</ns3:hr>
            <ns3:cad>81</ns3:cad>
          </ns3:TrackPointExtension>
        </extensions>
      </trkpt>
      <trkpt lat="31.277755983173847198486328125" lon="121.36843509972095489501953125">
        <ele>4.19999980926513671875</ele>
        <time>2026-06-04T13:24:59.000Z</time>
        <extensions>
          <ns3:TrackPointExtension>
            <ns3:hr>138</ns3:hr>
            <ns3:cad>81</ns3:cad>
          </ns3:TrackPointExtension>
        </extensions>
      </trkpt>
      <trkpt lat="31.2777368724346160888671875" lon="121.368451528251171112060546875">
        <ele>4.19999980926513671875</ele>
        <time>2026-06-04T13:25:00.000Z</time>
        <extensions>
          <ns3:TrackPointExtension>
            <ns3:hr>138</ns3:hr>
            <ns3:cad>81</ns3:cad>
          </ns3:TrackPointExtension>
        </extensions>
      </trkpt>
      <trkpt lat="31.27772010862827301025390625" lon="121.3684666156768798828125">
        <ele>4.19999980926513671875</ele>
        <time>2026-06-04T13:25:01.000Z</time>
        <extensions>
          <ns3:TrackPointExtension>
            <ns3:hr>138</ns3:hr>
            <ns3:cad>81</ns3:cad>
          </ns3:TrackPointExtension>
        </extensions>
      </trkpt>
      <trkpt lat="31.27770560793578624725341796875" lon="121.36848396621644496917724609375">
        <ele>4.19999980926513671875</ele>
        <time>2026-06-04T13:25:02.000Z</time>
        <extensions>
          <ns3:TrackPointExtension>
            <ns3:hr>137</ns3:hr>
            <ns3:cad>81</ns3:cad>
          </ns3:TrackPointExtension>
        </extensions>
      </trkpt>
      <trkpt lat="31.2776897661387920379638671875" lon="121.36850374750792980194091796875">
        <ele>4.19999980926513671875</ele>
        <time>2026-06-04T13:25:03.000Z</time>
        <extensions>
          <ns3:TrackPointExtension>
            <ns3:hr>136</ns3:hr>
            <ns3:cad>81</ns3:cad>
          </ns3:TrackPointExtension>
        </extensions>
      </trkpt>
      <trkpt lat="31.2776756845414638519287109375" lon="121.36852118186652660369873046875">
        <ele>4</ele>
        <time>2026-06-04T13:25:04.000Z</time>
        <extensions>
          <ns3:TrackPointExtension>
            <ns3:hr>136</ns3:hr>
            <ns3:cad>80</ns3:cad>
          </ns3:TrackPointExtension>
        </extensions>
      </trkpt>
      <trkpt lat="31.27766034565865993499755859375" lon="121.36854465119540691375732421875">
        <ele>4</ele>
        <time>2026-06-04T13:25:05.000Z</time>
        <extensions>
          <ns3:TrackPointExtension>
            <ns3:hr>136</ns3:hr>
            <ns3:cad>80</ns3:cad>
          </ns3:TrackPointExtension>
        </extensions>
      </trkpt>
      <trkpt lat="31.27764659933745861053466796875" lon="121.36856610886752605438232421875">
        <ele>3.7999999523162841796875</ele>
        <time>2026-06-04T13:25:06.000Z</time>
        <extensions>
          <ns3:TrackPointExtension>
            <ns3:hr>136</ns3:hr>
            <ns3:cad>80</ns3:cad>
          </ns3:TrackPointExtension>
        </extensions>
      </trkpt>
      <trkpt lat="31.2776317633688449859619140625" lon="121.36858521960675716400146484375">
        <ele>3.7999999523162841796875</ele>
        <time>2026-06-04T13:25:07.000Z</time>
        <extensions>
          <ns3:TrackPointExtension>
            <ns3:hr>136</ns3:hr>
            <ns3:cad>80</ns3:cad>
          </ns3:TrackPointExtension>
        </extensions>
      </trkpt>
      <trkpt lat="31.27761592157185077667236328125" lon="121.368609108030796051025390625">
        <ele>3.7999999523162841796875</ele>
        <time>2026-06-04T13:25:08.000Z</time>
        <extensions>
          <ns3:TrackPointExtension>
            <ns3:hr>136</ns3:hr>
            <ns3:cad>80</ns3:cad>
          </ns3:TrackPointExtension>
        </extensions>
      </trkpt>
      <trkpt lat="31.277600415050983428955078125" lon="121.36862880550324916839599609375">
        <ele>3.599999904632568359375</ele>
        <time>2026-06-04T13:25:09.000Z</time>
        <extensions>
          <ns3:TrackPointExtension>
            <ns3:hr>136</ns3:hr>
            <ns3:cad>80</ns3:cad>
          </ns3:TrackPointExtension>
        </extensions>
      </trkpt>
      <trkpt lat="31.27758323214948177337646484375" lon="121.3686495088040828704833984375">
        <ele>3.7999999523162841796875</ele>
        <time>2026-06-04T13:25:10.000Z</time>
        <extensions>
          <ns3:TrackPointExtension>
            <ns3:hr>136</ns3:hr>
            <ns3:cad>80</ns3:cad>
          </ns3:TrackPointExtension>
        </extensions>
      </trkpt>
      <trkpt lat="31.27756546251475811004638671875" lon="121.36866769753396511077880859375">
        <ele>3.7999999523162841796875</ele>
        <time>2026-06-04T13:25:11.000Z</time>
        <extensions>
          <ns3:TrackPointExtension>
            <ns3:hr>136</ns3:hr>
            <ns3:cad>80</ns3:cad>
          </ns3:TrackPointExtension>
        </extensions>
      </trkpt>
      <trkpt lat="31.277547776699066162109375" lon="121.36868295259773731231689453125">
        <ele>3.7999999523162841796875</ele>
        <time>2026-06-04T13:25:12.000Z</time>
        <extensions>
          <ns3:TrackPointExtension>
            <ns3:hr>136</ns3:hr>
            <ns3:cad>79</ns3:cad>
          </ns3:TrackPointExtension>
        </extensions>
      </trkpt>
      <trkpt lat="31.277527324855327606201171875" lon="121.36869619600474834442138671875">
        <ele>3.7999999523162841796875</ele>
        <time>2026-06-04T13:25:13.000Z</time>
        <extensions>
          <ns3:TrackPointExtension>
            <ns3:hr>136</ns3:hr>
            <ns3:cad>79</ns3:cad>
          </ns3:TrackPointExtension>
        </extensions>
      </trkpt>
      <trkpt lat="31.27750796265900135040283203125" lon="121.36870910413563251495361328125">
        <ele>3.7999999523162841796875</ele>
        <time>2026-06-04T13:25:14.000Z</time>
        <extensions>
          <ns3:TrackPointExtension>
            <ns3:hr>136</ns3:hr>
            <ns3:cad>79</ns3:cad>
          </ns3:TrackPointExtension>
        </extensions>
      </trkpt>
      <trkpt lat="31.27749270759522914886474609375" lon="121.36872184462845325469970703125">
        <ele>3.7999999523162841796875</ele>
        <time>2026-06-04T13:25:15.000Z</time>
        <extensions>
          <ns3:TrackPointExtension>
            <ns3:hr>136</ns3:hr>
            <ns3:cad>80</ns3:cad>
          </ns3:TrackPointExtension>
        </extensions>
      </trkpt>
      <trkpt lat="31.2774740159511566162109375" lon="121.36874011717736721038818359375">
        <ele>3.599999904632568359375</ele>
        <time>2026-06-04T13:25:16.000Z</time>
        <extensions>
          <ns3:TrackPointExtension>
            <ns3:hr>136</ns3:hr>
            <ns3:cad>80</ns3:cad>
          </ns3:TrackPointExtension>
        </extensions>
      </trkpt>
      <trkpt lat="31.2774604372680187225341796875" lon="121.368759982287883758544921875">
        <ele>3.599999904632568359375</ele>
        <time>2026-06-04T13:25:17.000Z</time>
        <extensions>
          <ns3:TrackPointExtension>
            <ns3:hr>136</ns3:hr>
            <ns3:cad>81</ns3:cad>
          </ns3:TrackPointExtension>
        </extensions>
      </trkpt>
      <trkpt lat="31.2774443440139293670654296875" lon="121.36877548880875110626220703125">
        <ele>3.599999904632568359375</ele>
        <time>2026-06-04T13:25:18.000Z</time>
        <extensions>
          <ns3:TrackPointExtension>
            <ns3:hr>135</ns3:hr>
            <ns3:cad>81</ns3:cad>
          </ns3:TrackPointExtension>
        </extensions>
      </trkpt>
      <trkpt lat="31.27742766402661800384521484375" lon="121.36879091151058673858642578125">
        <ele>3.400000095367431640625</ele>
        <time>2026-06-04T13:25:19.000Z</time>
        <extensions>
          <ns3:TrackPointExtension>
            <ns3:hr>136</ns3:hr>
            <ns3:cad>81</ns3:cad>
          </ns3:TrackPointExtension>
        </extensions>
      </trkpt>
      <trkpt lat="31.27741006202995777130126953125" lon="121.3688085973262786865234375">
        <ele>3.400000095367431640625</ele>
        <time>2026-06-04T13:25:20.000Z</time>
        <extensions>
          <ns3:TrackPointExtension>
            <ns3:hr>136</ns3:hr>
            <ns3:cad>81</ns3:cad>
          </ns3:TrackPointExtension>
        </extensions>
      </trkpt>
      <trkpt lat="31.2773917056620121002197265625" lon="121.36882225982844829559326171875">
        <ele>3.2000000476837158203125</ele>
        <time>2026-06-04T13:25:21.000Z</time>
        <extensions>
          <ns3:TrackPointExtension>
            <ns3:hr>136</ns3:hr>
            <ns3:cad>81</ns3:cad>
          </ns3:TrackPointExtension>
        </extensions>
      </trkpt>
      <trkpt lat="31.277370750904083251953125" lon="121.368835754692554473876953125">
        <ele>3.2000000476837158203125</ele>
        <time>2026-06-04T13:25:22.000Z</time>
        <extensions>
          <ns3:TrackPointExtension>
            <ns3:hr>136</ns3:hr>
            <ns3:cad>80</ns3:cad>
          </ns3:TrackPointExtension>
        </extensions>
      </trkpt>
      <trkpt lat="31.27734987996518611907958984375" lon="121.3688493333756923675537109375">
        <ele>3</ele>
        <time>2026-06-04T13:25:23.000Z</time>
        <extensions>
          <ns3:TrackPointExtension>
            <ns3:hr>136</ns3:hr>
            <ns3:cad>80</ns3:cad>
          </ns3:TrackPointExtension>
        </extensions>
      </trkpt>
      <trkpt lat="31.27732892520725727081298828125" lon="121.3688624091446399688720703125">
        <ele>3</ele>
        <time>2026-06-04T13:25:24.000Z</time>
        <extensions>
          <ns3:TrackPointExtension>
            <ns3:hr>136</ns3:hr>
            <ns3:cad>80</ns3:cad>
          </ns3:TrackPointExtension>
        </extensions>
      </trkpt>
      <trkpt lat="31.27730964682996273040771484375" lon="121.36887137778103351593017578125">
        <ele>2.7999999523162841796875</ele>
        <time>2026-06-04T13:25:25.000Z</time>
        <extensions>
          <ns3:TrackPointExtension>
            <ns3:hr>135</ns3:hr>
            <ns3:cad>80</ns3:cad>
          </ns3:TrackPointExtension>
        </extensions>
      </trkpt>
      <trkpt lat="31.27728668041527271270751953125" lon="121.36888193897902965545654296875">
        <ele>2.7999999523162841796875</ele>
        <time>2026-06-04T13:25:26.000Z</time>
        <extensions>
          <ns3:TrackPointExtension>
            <ns3:hr>136</ns3:hr>
            <ns3:cad>80</ns3:cad>
          </ns3:TrackPointExtension>
        </extensions>
      </trkpt>
      <trkpt lat="31.27726321108639240264892578125" lon="121.36888763867318630218505859375">
        <ele>2.7999999523162841796875</ele>
        <time>2026-06-04T13:25:27.000Z</time>
        <extensions>
          <ns3:TrackPointExtension>
            <ns3:hr>136</ns3:hr>
            <ns3:cad>80</ns3:cad>
          </ns3:TrackPointExtension>
        </extensions>
      </trkpt>
      <trkpt lat="31.27724041230976581573486328125" lon="121.36889283545315265655517578125">
        <ele>2.599999904632568359375</ele>
        <time>2026-06-04T13:25:28.000Z</time>
        <extensions>
          <ns3:TrackPointExtension>
            <ns3:hr>136</ns3:hr>
            <ns3:cad>80</ns3:cad>
          </ns3:TrackPointExtension>
        </extensions>
      </trkpt>
      <trkpt lat="31.27722096629440784454345703125" lon="121.36890046298503875732421875">
        <ele>2.599999904632568359375</ele>
        <time>2026-06-04T13:25:29.000Z</time>
        <extensions>
          <ns3:TrackPointExtension>
            <ns3:hr>136</ns3:hr>
            <ns3:cad>80</ns3:cad>
          </ns3:TrackPointExtension>
        </extensions>
      </trkpt>
      <trkpt lat="31.27720252610743045806884765625" lon="121.36891462840139865875244140625">
        <ele>2.599999904632568359375</ele>
        <time>2026-06-04T13:25:30.000Z</time>
        <extensions>
          <ns3:TrackPointExtension>
            <ns3:hr>136</ns3:hr>
            <ns3:cad>80</ns3:cad>
          </ns3:TrackPointExtension>
        </extensions>
      </trkpt>
      <trkpt lat="31.27718760631978511810302734375" lon="121.36893424205482006072998046875">
        <ele>2.400000095367431640625</ele>
        <time>2026-06-04T13:25:31.000Z</time>
        <extensions>
          <ns3:TrackPointExtension>
            <ns3:hr>135</ns3:hr>
            <ns3:cad>80</ns3:cad>
          </ns3:TrackPointExtension>
        </extensions>
      </trkpt>
      <trkpt lat="31.2771814875304698944091796875" lon="121.36895704083144664764404296875">
        <ele>2.400000095367431640625</ele>
        <time>2026-06-04T13:25:32.000Z</time>
        <extensions>
          <ns3:TrackPointExtension>
            <ns3:hr>136</ns3:hr>
            <ns3:cad>80</ns3:cad>
          </ns3:TrackPointExtension>
        </extensions>
      </trkpt>
      <trkpt lat="31.2771736085414886474609375" lon="121.3689814321696758270263671875">
        <ele>2.400000095367431640625</ele>
        <time>2026-06-04T13:25:33.000Z</time>
        <extensions>
          <ns3:TrackPointExtension>
            <ns3:hr>136</ns3:hr>
            <ns3:cad>80</ns3:cad>
          </ns3:TrackPointExtension>
        </extensions>
      </trkpt>
      <trkpt lat="31.277168579399585723876953125" lon="121.36900833807885646820068359375">
        <ele>2.400000095367431640625</ele>
        <time>2026-06-04T13:25:34.000Z</time>
        <extensions>
          <ns3:TrackPointExtension>
            <ns3:hr>136</ns3:hr>
            <ns3:cad>80</ns3:cad>
          </ns3:TrackPointExtension>
        </extensions>
      </trkpt>
      <trkpt lat="31.27716782502830028533935546875" lon="121.3690387643873691558837890625">
        <ele>2.400000095367431640625</ele>
        <time>2026-06-04T13:25:35.000Z</time>
        <extensions>
          <ns3:TrackPointExtension>
            <ns3:hr>135</ns3:hr>
            <ns3:cad>81</ns3:cad>
          </ns3:TrackPointExtension>
        </extensions>
      </trkpt>
      <trkpt lat="31.277165226638317108154296875" lon="121.36906617321074008941650390625">
        <ele>2.400000095367431640625</ele>
        <time>2026-06-04T13:25:36.000Z</time>
        <extensions>
          <ns3:TrackPointExtension>
            <ns3:hr>135</ns3:hr>
            <ns3:cad>81</ns3:cad>
          </ns3:TrackPointExtension>
        </extensions>
      </trkpt>
      <trkpt lat="31.277161538600921630859375" lon="121.36909383349120616912841796875">
        <ele>2.400000095367431640625</ele>
        <time>2026-06-04T13:25:37.000Z</time>
        <extensions>
          <ns3:TrackPointExtension>
            <ns3:hr>134</ns3:hr>
            <ns3:cad>80</ns3:cad>
          </ns3:TrackPointExtension>
        </extensions>
      </trkpt>
      <trkpt lat="31.277157850563526153564453125" lon="121.36911906301975250244140625">
        <ele>2.400000095367431640625</ele>
        <time>2026-06-04T13:25:38.000Z</time>
        <extensions>
          <ns3:TrackPointExtension>
            <ns3:hr>133</ns3:hr>
            <ns3:cad>81</ns3:cad>
          </ns3:TrackPointExtension>
        </extensions>
      </trkpt>
      <trkpt lat="31.27715759910643100738525390625" lon="121.3691465556621551513671875">
        <ele>2.599999904632568359375</ele>
        <time>2026-06-04T13:25:39.000Z</time>
        <extensions>
          <ns3:TrackPointExtension>
            <ns3:hr>133</ns3:hr>
            <ns3:cad>81</ns3:cad>
          </ns3:TrackPointExtension>
        </extensions>
      </trkpt>
      <trkpt lat="31.27715374343097209930419921875" lon="121.369176395237445831298828125">
        <ele>2.599999904632568359375</ele>
        <time>2026-06-04T13:25:40.000Z</time>
        <extensions>
          <ns3:TrackPointExtension>
            <ns3:hr>133</ns3:hr>
            <ns3:cad>81</ns3:cad>
          </ns3:TrackPointExtension>
        </extensions>
      </trkpt>
      <trkpt lat="31.277152486145496368408203125" lon="121.369204223155975341796875">
        <ele>2.599999904632568359375</ele>
        <time>2026-06-04T13:25:41.000Z</time>
        <extensions>
          <ns3:TrackPointExtension>
            <ns3:hr>132</ns3:hr>
            <ns3:cad>80</ns3:cad>
          </ns3:TrackPointExtension>
        </extensions>
      </trkpt>
      <trkpt lat="31.277151815593242645263671875" lon="121.36922777630388736724853515625">
        <ele>2.400000095367431640625</ele>
        <time>2026-06-04T13:25:42.000Z</time>
        <extensions>
          <ns3:TrackPointExtension>
            <ns3:hr>132</ns3:hr>
            <ns3:cad>80</ns3:cad>
          </ns3:TrackPointExtension>
        </extensions>
      </trkpt>
      <trkpt lat="31.2771506421267986297607421875" lon="121.36925493367016315460205078125">
        <ele>2.400000095367431640625</ele>
        <time>2026-06-04T13:25:43.000Z</time>
        <extensions>
          <ns3:TrackPointExtension>
            <ns3:hr>132</ns3:hr>
            <ns3:cad>81</ns3:cad>
          </ns3:TrackPointExtension>
        </extensions>
      </trkpt>
      <trkpt lat="31.27714888192713260650634765625" lon="121.3692806661128997802734375">
        <ele>2.2000000476837158203125</ele>
        <time>2026-06-04T13:25:44.000Z</time>
        <extensions>
          <ns3:TrackPointExtension>
            <ns3:hr>133</ns3:hr>
            <ns3:cad>81</ns3:cad>
          </ns3:TrackPointExtension>
        </extensions>
      </trkpt>
      <trkpt lat="31.2771466188132762908935546875" lon="121.36930882930755615234375">
        <ele>2.2000000476837158203125</ele>
        <time>2026-06-04T13:25:45.000Z</time>
        <extensions>
          <ns3:TrackPointExtension>
            <ns3:hr>132</ns3:hr>
            <ns3:cad>81</ns3:cad>
          </ns3:TrackPointExtension>
        </extensions>
      </trkpt>
      <trkpt lat="31.2771446071565151214599609375" lon="121.3693361543118953704833984375">
        <ele>2</ele>
        <time>2026-06-04T13:25:46.000Z</time>
        <extensions>
          <ns3:TrackPointExtension>
            <ns3:hr>133</ns3:hr>
            <ns3:cad>81</ns3:cad>
          </ns3:TrackPointExtension>
        </extensions>
      </trkpt>
      <trkpt lat="31.27713899128139019012451171875" lon="121.36936046183109283447265625">
        <ele>2</ele>
        <time>2026-06-04T13:25:47.000Z</time>
        <extensions>
          <ns3:TrackPointExtension>
            <ns3:hr>133</ns3:hr>
            <ns3:cad>81</ns3:cad>
          </ns3:TrackPointExtension>
        </extensions>
      </trkpt>
      <trkpt lat="31.27713714726269245147705078125" lon="121.36938535608351230621337890625">
        <ele>2.2000000476837158203125</ele>
        <time>2026-06-04T13:25:48.000Z</time>
        <extensions>
          <ns3:TrackPointExtension>
            <ns3:hr>134</ns3:hr>
            <ns3:cad>81</ns3:cad>
          </ns3:TrackPointExtension>
        </extensions>
      </trkpt>
      <trkpt lat="31.2771348841488361358642578125" lon="121.36941284872591495513916015625">
        <ele>2.2000000476837158203125</ele>
        <time>2026-06-04T13:25:49.000Z</time>
        <extensions>
          <ns3:TrackPointExtension>
            <ns3:hr>134</ns3:hr>
            <ns3:cad>81</ns3:cad>
          </ns3:TrackPointExtension>
        </extensions>
      </trkpt>
      <trkpt lat="31.27713312394917011260986328125" lon="121.3694415986537933349609375">
        <ele>2.2000000476837158203125</ele>
        <time>2026-06-04T13:25:50.000Z</time>
        <extensions>
          <ns3:TrackPointExtension>
            <ns3:hr>134</ns3:hr>
            <ns3:cad>81</ns3:cad>
          </ns3:TrackPointExtension>
        </extensions>
      </trkpt>
      <trkpt lat="31.27713111229240894317626953125" lon="121.3694685883820056915283203125">
        <ele>2.2000000476837158203125</ele>
        <time>2026-06-04T13:25:51.000Z</time>
        <extensions>
          <ns3:TrackPointExtension>
            <ns3:hr>134</ns3:hr>
            <ns3:cad>81</ns3:cad>
          </ns3:TrackPointExtension>
        </extensions>
      </trkpt>
      <trkpt lat="31.277122311294078826904296875" lon="121.36949515901505947113037109375">
        <ele>2.2000000476837158203125</ele>
        <time>2026-06-04T13:25:52.000Z</time>
        <extensions>
          <ns3:TrackPointExtension>
            <ns3:hr>134</ns3:hr>
            <ns3:cad>81</ns3:cad>
          </ns3:TrackPointExtension>
        </extensions>
      </trkpt>
      <trkpt lat="31.27710714004933834075927734375" lon="121.3695182092487812042236328125">
        <ele>2.2000000476837158203125</ele>
        <time>2026-06-04T13:25:53.000Z</time>
        <extensions>
          <ns3:TrackPointExtension>
            <ns3:hr>134</ns3:hr>
            <ns3:cad>81</ns3:cad>
          </ns3:TrackPointExtension>
        </extensions>
      </trkpt>
      <trkpt lat="31.27708082087337970733642578125" lon="121.36952684260904788970947265625">
        <ele>2</ele>
        <time>2026-06-04T13:25:54.000Z</time>
        <extensions>
          <ns3:TrackPointExtension>
            <ns3:hr>134</ns3:hr>
            <ns3:cad>81</ns3:cad>
          </ns3:TrackPointExtension>
        </extensions>
      </trkpt>
      <trkpt lat="31.27705567516386508941650390625" lon="121.369527764618396759033203125">
        <ele>2</ele>
        <time>2026-06-04T13:25:55.000Z</time>
        <extensions>
          <ns3:TrackPointExtension>
            <ns3:hr>134</ns3:hr>
            <ns3:cad>80</ns3:cad>
          </ns3:TrackPointExtension>
        </extensions>
      </trkpt>
      <trkpt lat="31.27703078091144561767578125" lon="121.36952885426580905914306640625">
        <ele>2.2000000476837158203125</ele>
        <time>2026-06-04T13:25:56.000Z</time>
        <extensions>
          <ns3:TrackPointExtension>
            <ns3:hr>134</ns3:hr>
            <ns3:cad>79</ns3:cad>
          </ns3:TrackPointExtension>
        </extensions>
      </trkpt>
      <trkpt lat="31.2770058028399944305419921875" lon="121.36952918954193592071533203125">
        <ele>2.2000000476837158203125</ele>
        <time>2026-06-04T13:25:57.000Z</time>
        <extensions>
          <ns3:TrackPointExtension>
            <ns3:hr>134</ns3:hr>
            <ns3:cad>79</ns3:cad>
          </ns3:TrackPointExtension>
        </extensions>
      </trkpt>
      <trkpt lat="31.27698241733014583587646484375" lon="121.36952516622841358184814453125">
        <ele>2.2000000476837158203125</ele>
        <time>2026-06-04T13:25:58.000Z</time>
        <extensions>
          <ns3:TrackPointExtension>
            <ns3:hr>134</ns3:hr>
            <ns3:cad>78</ns3:cad>
          </ns3:TrackPointExtension>
        </extensions>
      </trkpt>
      <trkpt lat="31.2769548408687114715576171875" lon="121.36951795779168605804443359375">
        <ele>2.2000000476837158203125</ele>
        <time>2026-06-04T13:25:59.000Z</time>
        <extensions>
          <ns3:TrackPointExtension>
            <ns3:hr>133</ns3:hr>
            <ns3:cad>77</ns3:cad>
          </ns3:TrackPointExtension>
        </extensions>
      </trkpt>
      <trkpt lat="31.27693153917789459228515625" lon="121.36951779015362262725830078125">
        <ele>2.2000000476837158203125</ele>
        <time>2026-06-04T13:26:00.000Z</time>
        <extensions>
          <ns3:TrackPointExtension>
            <ns3:hr>134</ns3:hr>
            <ns3:cad>77</ns3:cad>
          </ns3:TrackPointExtension>
        </extensions>
      </trkpt>
      <trkpt lat="31.276909746229648590087890625" lon="121.369521729648113250732421875">
        <ele>2.2000000476837158203125</ele>
        <time>2026-06-04T13:26:01.000Z</time>
        <extensions>
          <ns3:TrackPointExtension>
            <ns3:hr>134</ns3:hr>
            <ns3:cad>78</ns3:cad>
          </ns3:TrackPointExtension>
        </extensions>
      </trkpt>
      <trkpt lat="31.276884265244007110595703125" lon="121.36952675879001617431640625">
        <ele>2.2000000476837158203125</ele>
        <time>2026-06-04T13:26:02.000Z</time>
        <extensions>
          <ns3:TrackPointExtension>
            <ns3:hr>134</ns3:hr>
            <ns3:cad>79</ns3:cad>
          </ns3:TrackPointExtension>
        </extensions>
      </trkpt>
      <trkpt lat="31.27685920335352420806884765625" lon="121.36953053064644336700439453125">
        <ele>2.2000000476837158203125</ele>
        <time>2026-06-04T13:26:03.000Z</time>
        <extensions>
          <ns3:TrackPointExtension>
            <ns3:hr>134</ns3:hr>
            <ns3:cad>79</ns3:cad>
          </ns3:TrackPointExtension>
        </extensions>
      </trkpt>
      <trkpt lat="31.2768317945301532745361328125" lon="121.369533129036426544189453125">
        <ele>2.2000000476837158203125</ele>
        <time>2026-06-04T13:26:04.000Z</time>
        <extensions>
          <ns3:TrackPointExtension>
            <ns3:hr>134</ns3:hr>
            <ns3:cad>79</ns3:cad>
          </ns3:TrackPointExtension>
        </extensions>
      </trkpt>
      <trkpt lat="31.276808492839336395263671875" lon="121.3695366494357585906982421875">
        <ele>2.2000000476837158203125</ele>
        <time>2026-06-04T13:26:05.000Z</time>
        <extensions>
          <ns3:TrackPointExtension>
            <ns3:hr>134</ns3:hr>
            <ns3:cad>79</ns3:cad>
          </ns3:TrackPointExtension>
        </extensions>
      </trkpt>
      <trkpt lat="31.27678359858691692352294921875" lon="121.36954343877732753753662109375">
        <ele>2.2000000476837158203125</ele>
        <time>2026-06-04T13:26:06.000Z</time>
        <extensions>
          <ns3:TrackPointExtension>
            <ns3:hr>134</ns3:hr>
            <ns3:cad>79</ns3:cad>
          </ns3:TrackPointExtension>
        </extensions>
      </trkpt>
      <trkpt lat="31.27676079981029033660888671875" lon="121.36954645626246929168701171875">
        <ele>2.2000000476837158203125</ele>
        <time>2026-06-04T13:26:07.000Z</time>
        <extensions>
          <ns3:TrackPointExtension>
            <ns3:hr>134</ns3:hr>
            <ns3:cad>79</ns3:cad>
          </ns3:TrackPointExtension>
        </extensions>
      </trkpt>
      <trkpt lat="31.27673548646271228790283203125" lon="121.36954997666180133819580078125">
        <ele>2.2000000476837158203125</ele>
        <time>2026-06-04T13:26:08.000Z</time>
        <extensions>
          <ns3:TrackPointExtension>
            <ns3:hr>134</ns3:hr>
            <ns3:cad>79</ns3:cad>
          </ns3:TrackPointExtension>
        </extensions>
      </trkpt>
      <trkpt lat="31.276709251105785369873046875" lon="121.3695507310330867767333984375">
        <ele>2.2000000476837158203125</ele>
        <time>2026-06-04T13:26:09.000Z</time>
        <extensions>
          <ns3:TrackPointExtension>
            <ns3:hr>134</ns3:hr>
            <ns3:cad>80</ns3:cad>
          </ns3:TrackPointExtension>
        </extensions>
      </trkpt>
      <trkpt lat="31.27668569795787334442138671875" lon="121.36955031193792819976806640625">
        <ele>2.2000000476837158203125</ele>
        <time>2026-06-04T13:26:10.000Z</time>
        <extensions>
          <ns3:TrackPointExtension>
            <ns3:hr>134</ns3:hr>
            <ns3:cad>80</ns3:cad>
          </ns3:TrackPointExtension>
        </extensions>
      </trkpt>
      <trkpt lat="31.276661641895771026611328125" lon="121.36954360641539096832275390625">
        <ele>2.2000000476837158203125</ele>
        <time>2026-06-04T13:26:11.000Z</time>
        <extensions>
          <ns3:TrackPointExtension>
            <ns3:hr>134</ns3:hr>
            <ns3:cad>80</ns3:cad>
          </ns3:TrackPointExtension>
        </extensions>
      </trkpt>
      <trkpt lat="31.2766363285481929779052734375" lon="121.3695332966744899749755859375">
        <ele>2.2000000476837158203125</ele>
        <time>2026-06-04T13:26:12.000Z</time>
        <extensions>
          <ns3:TrackPointExtension>
            <ns3:hr>134</ns3:hr>
            <ns3:cad>80</ns3:cad>
          </ns3:TrackPointExtension>
        </extensions>
      </trkpt>
      <trkpt lat="31.27661361359059810638427734375" lon="121.36952877044677734375">
        <ele>2.2000000476837158203125</ele>
        <time>2026-06-04T13:26:13.000Z</time>
        <extensions>
          <ns3:TrackPointExtension>
            <ns3:hr>134</ns3:hr>
            <ns3:cad>80</ns3:cad>
          </ns3:TrackPointExtension>
        </extensions>
      </trkpt>
      <trkpt lat="31.2765907309949398040771484375" lon="121.369529105722904205322265625">
        <ele>2.2000000476837158203125</ele>
        <time>2026-06-04T13:26:14.000Z</time>
        <extensions>
          <ns3:TrackPointExtension>
            <ns3:hr>134</ns3:hr>
            <ns3:cad>81</ns3:cad>
          </ns3:TrackPointExtension>
        </extensions>
      </trkpt>
      <trkpt lat="31.276565752923488616943359375" lon="121.369530446827411651611328125">
        <ele>2.2000000476837158203125</ele>
        <time>2026-06-04T13:26:15.000Z</time>
        <extensions>
          <ns3:TrackPointExtension>
            <ns3:hr>134</ns3:hr>
            <ns3:cad>81</ns3:cad>
          </ns3:TrackPointExtension>
        </extensions>
      </trkpt>
      <trkpt lat="31.2765421159565448760986328125" lon="121.369529776275157928466796875">
        <ele>2.2000000476837158203125</ele>
        <time>2026-06-04T13:26:16.000Z</time>
        <extensions>
          <ns3:TrackPointExtension>
            <ns3:hr>134</ns3:hr>
            <ns3:cad>81</ns3:cad>
          </ns3:TrackPointExtension>
        </extensions>
      </trkpt>
      <trkpt lat="31.27651906572282314300537109375" lon="121.36952918954193592071533203125">
        <ele>2.2000000476837158203125</ele>
        <time>2026-06-04T13:26:17.000Z</time>
        <extensions>
          <ns3:TrackPointExtension>
            <ns3:hr>134</ns3:hr>
            <ns3:cad>81</ns3:cad>
          </ns3:TrackPointExtension>
        </extensions>
      </trkpt>
      <trkpt lat="31.27649459056556224822998046875" lon="121.36952483095228672027587890625">
        <ele>2.2000000476837158203125</ele>
        <time>2026-06-04T13:26:18.000Z</time>
        <extensions>
          <ns3:TrackPointExtension>
            <ns3:hr>134</ns3:hr>
            <ns3:cad>81</ns3:cad>
          </ns3:TrackPointExtension>
        </extensions>
      </trkpt>
      <trkpt lat="31.2764703668653964996337890625" lon="121.36952483095228672027587890625">
        <ele>2.2000000476837158203125</ele>
        <time>2026-06-04T13:26:19.000Z</time>
        <extensions>
          <ns3:TrackPointExtension>
            <ns3:hr>134</ns3:hr>
            <ns3:cad>80</ns3:cad>
          </ns3:TrackPointExtension>
        </extensions>
      </trkpt>
      <trkpt lat="31.2764438800513744354248046875" lon="121.36952566914260387420654296875">
        <ele>2.2000000476837158203125</ele>
        <time>2026-06-04T13:26:20.000Z</time>
        <extensions>
          <ns3:TrackPointExtension>
            <ns3:hr>134</ns3:hr>
            <ns3:cad>80</ns3:cad>
          </ns3:TrackPointExtension>
        </extensions>
      </trkpt>
      <trkpt lat="31.276420913636684417724609375" lon="121.36952550150454044342041015625">
        <ele>2.2000000476837158203125</ele>
        <time>2026-06-04T13:26:21.000Z</time>
        <extensions>
          <ns3:TrackPointExtension>
            <ns3:hr>135</ns3:hr>
            <ns3:cad>80</ns3:cad>
          </ns3:TrackPointExtension>
        </extensions>
      </trkpt>
      <trkpt lat="31.27639970742166042327880859375" lon="121.3695235736668109893798828125">
        <ele>2.400000095367431640625</ele>
        <time>2026-06-04T13:26:22.000Z</time>
        <extensions>
          <ns3:TrackPointExtension>
            <ns3:hr>135</ns3:hr>
            <ns3:cad>82</ns3:cad>
          </ns3:TrackPointExtension>
        </extensions>
      </trkpt>
      <trkpt lat="31.27637389115989208221435546875" lon="121.36952013708651065826416015625">
        <ele>2.2000000476837158203125</ele>
        <time>2026-06-04T13:26:23.000Z</time>
        <extensions>
          <ns3:TrackPointExtension>
            <ns3:hr>136</ns3:hr>
            <ns3:cad>82</ns3:cad>
          </ns3:TrackPointExtension>
        </extensions>
      </trkpt>
      <trkpt lat="31.27634924836456775665283203125" lon="121.3695202209055423736572265625">
        <ele>2.2000000476837158203125</ele>
        <time>2026-06-04T13:26:24.000Z</time>
        <extensions>
          <ns3:TrackPointExtension>
            <ns3:hr>136</ns3:hr>
            <ns3:cad>82</ns3:cad>
          </ns3:TrackPointExtension>
        </extensions>
      </trkpt>
      <trkpt lat="31.2763255275785923004150390625" lon="121.36951477266848087310791015625">
        <ele>2.2000000476837158203125</ele>
        <time>2026-06-04T13:26:25.000Z</time>
        <extensions>
          <ns3:TrackPointExtension>
            <ns3:hr>136</ns3:hr>
            <ns3:cad>82</ns3:cad>
          </ns3:TrackPointExtension>
        </extensions>
      </trkpt>
      <trkpt lat="31.276300884783267974853515625" lon="121.3695140182971954345703125">
        <ele>2.2000000476837158203125</ele>
        <time>2026-06-04T13:26:26.000Z</time>
        <extensions>
          <ns3:TrackPointExtension>
            <ns3:hr>136</ns3:hr>
            <ns3:cad>82</ns3:cad>
          </ns3:TrackPointExtension>
        </extensions>
      </trkpt>
      <trkpt lat="31.2762738950550556182861328125" lon="121.36951259337365627288818359375">
        <ele>2.2000000476837158203125</ele>
        <time>2026-06-04T13:26:27.000Z</time>
        <extensions>
          <ns3:TrackPointExtension>
            <ns3:hr>136</ns3:hr>
            <ns3:cad>81</ns3:cad>
          </ns3:TrackPointExtension>
        </extensions>
      </trkpt>
      <trkpt lat="31.27624883316457271575927734375" lon="121.3695104978978633880615234375">
        <ele>2.2000000476837158203125</ele>
        <time>2026-06-04T13:26:28.000Z</time>
        <extensions>
          <ns3:TrackPointExtension>
            <ns3:hr>137</ns3:hr>
            <ns3:cad>81</ns3:cad>
          </ns3:TrackPointExtension>
        </extensions>
      </trkpt>
      <trkpt lat="31.2762242741882801055908203125" lon="121.3695071451365947723388671875">
        <ele>2.2000000476837158203125</ele>
        <time>2026-06-04T13:26:29.000Z</time>
        <extensions>
          <ns3:TrackPointExtension>
            <ns3:hr>137</ns3:hr>
            <ns3:cad>81</ns3:cad>
          </ns3:TrackPointExtension>
        </extensions>
      </trkpt>
      <trkpt lat="31.276201643049716949462890625" lon="121.3695061393082141876220703125">
        <ele>2.2000000476837158203125</ele>
        <time>2026-06-04T13:26:30.000Z</time>
        <extensions>
          <ns3:TrackPointExtension>
            <ns3:hr>137</ns3:hr>
            <ns3:cad>81</ns3:cad>
          </ns3:TrackPointExtension>
        </extensions>
      </trkpt>
      <trkpt lat="31.2761771678924560546875" lon="121.369503624737262725830078125">
        <ele>2.400000095367431640625</ele>
        <time>2026-06-04T13:26:31.000Z</time>
        <extensions>
          <ns3:TrackPointExtension>
            <ns3:hr>137</ns3:hr>
            <ns3:cad>80</ns3:cad>
          </ns3:TrackPointExtension>
        </extensions>
      </trkpt>
      <trkpt lat="31.2761543691158294677734375" lon="121.3695011101663112640380859375">
        <ele>2.400000095367431640625</ele>
        <time>2026-06-04T13:26:32.000Z</time>
        <extensions>
          <ns3:TrackPointExtension>
            <ns3:hr>137</ns3:hr>
            <ns3:cad>81</ns3:cad>
          </ns3:TrackPointExtension>
        </extensions>
      </trkpt>
      <trkpt lat="31.2761297263205051422119140625" lon="121.36949851177632808685302734375">
        <ele>2.400000095367431640625</ele>
        <time>2026-06-04T13:26:33.000Z</time>
        <extensions>
          <ns3:TrackPointExtension>
            <ns3:hr>137</ns3:hr>
            <ns3:cad>81</ns3:cad>
          </ns3:TrackPointExtension>
        </extensions>
      </trkpt>
      <trkpt lat="31.27610541880130767822265625" lon="121.36949683539569377899169921875">
        <ele>2.400000095367431640625</ele>
        <time>2026-06-04T13:26:34.000Z</time>
        <extensions>
          <ns3:TrackPointExtension>
            <ns3:hr>137</ns3:hr>
            <ns3:cad>82</ns3:cad>
          </ns3:TrackPointExtension>
        </extensions>
      </trkpt>
      <trkpt lat="31.276083625853061676025390625" lon="121.36949163861572742462158203125">
        <ele>2.400000095367431640625</ele>
        <time>2026-06-04T13:26:35.000Z</time>
        <extensions>
          <ns3:TrackPointExtension>
            <ns3:hr>137</ns3:hr>
            <ns3:cad>82</ns3:cad>
          </ns3:TrackPointExtension>
        </extensions>
      </trkpt>
      <trkpt lat="31.276061832904815673828125" lon="121.3694863580167293548583984375">
        <ele>2.400000095367431640625</ele>
        <time>2026-06-04T13:26:36.000Z</time>
        <extensions>
          <ns3:TrackPointExtension>
            <ns3:hr>137</ns3:hr>
            <ns3:cad>82</ns3:cad>
          </ns3:TrackPointExtension>
        </extensions>
      </trkpt>
      <trkpt lat="31.27603827975690364837646484375" lon="121.3694818317890167236328125">
        <ele>2.599999904632568359375</ele>
        <time>2026-06-04T13:26:37.000Z</time>
        <extensions>
          <ns3:TrackPointExtension>
            <ns3:hr>137</ns3:hr>
            <ns3:cad>81</ns3:cad>
          </ns3:TrackPointExtension>
        </extensions>
      </trkpt>
      <trkpt lat="31.27601648680865764617919921875" lon="121.36947487480938434600830078125">
        <ele>2.599999904632568359375</ele>
        <time>2026-06-04T13:26:38.000Z</time>
        <extensions>
          <ns3:TrackPointExtension>
            <ns3:hr>137</ns3:hr>
            <ns3:cad>80</ns3:cad>
          </ns3:TrackPointExtension>
        </extensions>
      </trkpt>
      <trkpt lat="31.27599502913653850555419921875" lon="121.369474120438098907470703125">
        <ele>2.599999904632568359375</ele>
        <time>2026-06-04T13:26:39.000Z</time>
        <extensions>
          <ns3:TrackPointExtension>
            <ns3:hr>137</ns3:hr>
            <ns3:cad>80</ns3:cad>
          </ns3:TrackPointExtension>
        </extensions>
      </trkpt>
      <trkpt lat="31.275973655283451080322265625" lon="121.36947219260036945343017578125">
        <ele>2.599999904632568359375</ele>
        <time>2026-06-04T13:26:40.000Z</time>
        <extensions>
          <ns3:TrackPointExtension>
            <ns3:hr>138</ns3:hr>
            <ns3:cad>82</ns3:cad>
          </ns3:TrackPointExtension>
        </extensions>
      </trkpt>
      <trkpt lat="31.27595211379230022430419921875" lon="121.3694706000387668609619140625">
        <ele>2.599999904632568359375</ele>
        <time>2026-06-04T13:26:41.000Z</time>
        <extensions>
          <ns3:TrackPointExtension>
            <ns3:hr>138</ns3:hr>
            <ns3:cad>82</ns3:cad>
          </ns3:TrackPointExtension>
        </extensions>
      </trkpt>
      <trkpt lat="31.2759299017488956451416015625" lon="121.36947152204811573028564453125">
        <ele>2.599999904632568359375</ele>
        <time>2026-06-04T13:26:42.000Z</time>
        <extensions>
          <ns3:TrackPointExtension>
            <ns3:hr>138</ns3:hr>
            <ns3:cad>82</ns3:cad>
          </ns3:TrackPointExtension>
        </extensions>
      </trkpt>
      <trkpt lat="31.27590467222034931182861328125" lon="121.369472779333591461181640625">
        <ele>2.599999904632568359375</ele>
        <time>2026-06-04T13:26:43.000Z</time>
        <extensions>
          <ns3:TrackPointExtension>
            <ns3:hr>138</ns3:hr>
            <ns3:cad>82</ns3:cad>
          </ns3:TrackPointExtension>
        </extensions>
      </trkpt>
      <trkpt lat="31.2758806161582469940185546875" lon="121.36947018094360828399658203125">
        <ele>2.599999904632568359375</ele>
        <time>2026-06-04T13:26:44.000Z</time>
        <extensions>
          <ns3:TrackPointExtension>
            <ns3:hr>138</ns3:hr>
            <ns3:cad>82</ns3:cad>
          </ns3:TrackPointExtension>
        </extensions>
      </trkpt>
      <trkpt lat="31.2758593261241912841796875" lon="121.36946666054427623748779296875">
        <ele>2.599999904632568359375</ele>
        <time>2026-06-04T13:26:45.000Z</time>
        <extensions>
          <ns3:TrackPointExtension>
            <ns3:hr>138</ns3:hr>
            <ns3:cad>82</ns3:cad>
          </ns3:TrackPointExtension>
        </extensions>
      </trkpt>
      <trkpt lat="31.27583527006208896636962890625" lon="121.36946045793592929840087890625">
        <ele>2.599999904632568359375</ele>
        <time>2026-06-04T13:26:46.000Z</time>
        <extensions>
          <ns3:TrackPointExtension>
            <ns3:hr>138</ns3:hr>
            <ns3:cad>82</ns3:cad>
          </ns3:TrackPointExtension>
        </extensions>
      </trkpt>
      <trkpt lat="31.275809705257415771484375" lon="121.36945811100304126739501953125">
        <ele>2.599999904632568359375</ele>
        <time>2026-06-04T13:26:47.000Z</time>
        <extensions>
          <ns3:TrackPointExtension>
            <ns3:hr>138</ns3:hr>
            <ns3:cad>82</ns3:cad>
          </ns3:TrackPointExtension>
        </extensions>
      </trkpt>
      <trkpt lat="31.27578631974756717681884765625" lon="121.36945526115596294403076171875">
        <ele>2.599999904632568359375</ele>
        <time>2026-06-04T13:26:48.000Z</time>
        <extensions>
          <ns3:TrackPointExtension>
            <ns3:hr>138</ns3:hr>
            <ns3:cad>80</ns3:cad>
          </ns3:TrackPointExtension>
        </extensions>
      </trkpt>
      <trkpt lat="31.27576318569481372833251953125" lon="121.369449980556964874267578125">
        <ele>2.400000095367431640625</ele>
        <time>2026-06-04T13:26:49.000Z</time>
        <extensions>
          <ns3:TrackPointExtension>
            <ns3:hr>138</ns3:hr>
            <ns3:cad>80</ns3:cad>
          </ns3:TrackPointExtension>
        </extensions>
      </trkpt>
      <trkpt lat="31.27574206329882144927978515625" lon="121.36944486759603023529052734375">
        <ele>2.400000095367431640625</ele>
        <time>2026-06-04T13:26:50.000Z</time>
        <extensions>
          <ns3:TrackPointExtension>
            <ns3:hr>138</ns3:hr>
            <ns3:cad>80</ns3:cad>
          </ns3:TrackPointExtension>
        </extensions>
      </trkpt>
      <trkpt lat="31.2757203541696071624755859375" lon="121.369439251720905303955078125">
        <ele>2.400000095367431640625</ele>
        <time>2026-06-04T13:26:51.000Z</time>
        <extensions>
          <ns3:TrackPointExtension>
            <ns3:hr>138</ns3:hr>
            <ns3:cad>80</ns3:cad>
          </ns3:TrackPointExtension>
        </extensions>
      </trkpt>
      <trkpt lat="31.27569864504039287567138671875" lon="121.3694308698177337646484375">
        <ele>2.400000095367431640625</ele>
        <time>2026-06-04T13:26:52.000Z</time>
        <extensions>
          <ns3:TrackPointExtension>
            <ns3:hr>138</ns3:hr>
            <ns3:cad>81</ns3:cad>
          </ns3:TrackPointExtension>
        </extensions>
      </trkpt>
      <trkpt lat="31.2756769359111785888671875" lon="121.36942349374294281005859375">
        <ele>2.400000095367431640625</ele>
        <time>2026-06-04T13:26:53.000Z</time>
        <extensions>
          <ns3:TrackPointExtension>
            <ns3:hr>138</ns3:hr>
            <ns3:cad>82</ns3:cad>
          </ns3:TrackPointExtension>
        </extensions>
      </trkpt>
      <trkpt lat="31.27565321512520313262939453125" lon="121.36941536329686641693115234375">
        <ele>2.400000095367431640625</ele>
        <time>2026-06-04T13:26:54.000Z</time>
        <extensions>
          <ns3:TrackPointExtension>
            <ns3:hr>139</ns3:hr>
            <ns3:cad>82</ns3:cad>
          </ns3:TrackPointExtension>
        </extensions>
      </trkpt>
      <trkpt lat="31.27563125453889369964599609375" lon="121.369402706623077392578125">
        <ele>2.400000095367431640625</ele>
        <time>2026-06-04T13:26:55.000Z</time>
        <extensions>
          <ns3:TrackPointExtension>
            <ns3:hr>139</ns3:hr>
            <ns3:cad>82</ns3:cad>
          </ns3:TrackPointExtension>
        </extensions>
      </trkpt>
      <trkpt lat="31.27560929395258426666259765625" lon="121.36939206160604953765869140625">
        <ele>2.400000095367431640625</ele>
        <time>2026-06-04T13:26:56.000Z</time>
        <extensions>
          <ns3:TrackPointExtension>
            <ns3:hr>139</ns3:hr>
            <ns3:cad>82</ns3:cad>
          </ns3:TrackPointExtension>
        </extensions>
      </trkpt>
      <trkpt lat="31.27558683045208454132080078125" lon="121.36938669718801975250244140625">
        <ele>2.400000095367431640625</ele>
        <time>2026-06-04T13:26:57.000Z</time>
        <extensions>
          <ns3:TrackPointExtension>
            <ns3:hr>140</ns3:hr>
            <ns3:cad>81</ns3:cad>
          </ns3:TrackPointExtension>
        </extensions>
      </trkpt>
      <trkpt lat="31.275563947856426239013671875" lon="121.36938451789319515228271484375">
        <ele>2.400000095367431640625</ele>
        <time>2026-06-04T13:26:58.000Z</time>
        <extensions>
          <ns3:TrackPointExtension>
            <ns3:hr>140</ns3:hr>
            <ns3:cad>81</ns3:cad>
          </ns3:TrackPointExtension>
        </extensions>
      </trkpt>
      <trkpt lat="31.2755406461656093597412109375" lon="121.369378566741943359375">
        <ele>2.400000095367431640625</ele>
        <time>2026-06-04T13:26:59.000Z</time>
        <extensions>
          <ns3:TrackPointExtension>
            <ns3:hr>140</ns3:hr>
            <ns3:cad>81</ns3:cad>
          </ns3:TrackPointExtension>
        </extensions>
      </trkpt>
      <trkpt lat="31.275517679750919342041015625" lon="121.36937529779970645904541015625">
        <ele>2.599999904632568359375</ele>
        <time>2026-06-04T13:27:00.000Z</time>
        <extensions>
          <ns3:TrackPointExtension>
            <ns3:hr>140</ns3:hr>
            <ns3:cad>81</ns3:cad>
          </ns3:TrackPointExtension>
        </extensions>
      </trkpt>
      <trkpt lat="31.2754947133362293243408203125" lon="121.3693683408200740814208984375">
        <ele>2.599999904632568359375</ele>
        <time>2026-06-04T13:27:01.000Z</time>
        <extensions>
          <ns3:TrackPointExtension>
            <ns3:hr>140</ns3:hr>
            <ns3:cad>81</ns3:cad>
          </ns3:TrackPointExtension>
        </extensions>
      </trkpt>
      <trkpt lat="31.27547241747379302978515625" lon="121.3693633116781711578369140625">
        <ele>2.599999904632568359375</ele>
        <time>2026-06-04T13:27:02.000Z</time>
        <extensions>
          <ns3:TrackPointExtension>
            <ns3:hr>140</ns3:hr>
            <ns3:cad>81</ns3:cad>
          </ns3:TrackPointExtension>
        </extensions>
      </trkpt>
      <trkpt lat="31.27544869668781757354736328125" lon="121.369358785450458526611328125">
        <ele>2.599999904632568359375</ele>
        <time>2026-06-04T13:27:03.000Z</time>
        <extensions>
          <ns3:TrackPointExtension>
            <ns3:hr>140</ns3:hr>
            <ns3:cad>81</ns3:cad>
          </ns3:TrackPointExtension>
        </extensions>
      </trkpt>
      <trkpt lat="31.27542405389249324798583984375" lon="121.36935585178434848785400390625">
        <ele>2.599999904632568359375</ele>
        <time>2026-06-04T13:27:04.000Z</time>
        <extensions>
          <ns3:TrackPointExtension>
            <ns3:hr>139</ns3:hr>
            <ns3:cad>82</ns3:cad>
          </ns3:TrackPointExtension>
        </extensions>
      </trkpt>
      <trkpt lat="31.275398992002010345458984375" lon="121.36935367248952388763427734375">
        <ele>2.599999904632568359375</ele>
        <time>2026-06-04T13:27:05.000Z</time>
        <extensions>
          <ns3:TrackPointExtension>
            <ns3:hr>139</ns3:hr>
            <ns3:cad>82</ns3:cad>
          </ns3:TrackPointExtension>
        </extensions>
      </trkpt>
      <trkpt lat="31.275376193225383758544921875" lon="121.36935233138501644134521484375">
        <ele>2.7999999523162841796875</ele>
        <time>2026-06-04T13:27:06.000Z</time>
        <extensions>
          <ns3:TrackPointExtension>
            <ns3:hr>139</ns3:hr>
            <ns3:cad>83</ns3:cad>
          </ns3:TrackPointExtension>
        </extensions>
      </trkpt>
      <trkpt lat="31.27535247243940830230712890625" lon="121.36934973299503326416015625">
        <ele>3</ele>
        <time>2026-06-04T13:27:07.000Z</time>
        <extensions>
          <ns3:TrackPointExtension>
            <ns3:hr>138</ns3:hr>
            <ns3:cad>83</ns3:cad>
          </ns3:TrackPointExtension>
        </extensions>
      </trkpt>
      <trkpt lat="31.27532833255827426910400390625" lon="121.36934839189052581787109375">
        <ele>3</ele>
        <time>2026-06-04T13:27:08.000Z</time>
        <extensions>
          <ns3:TrackPointExtension>
            <ns3:hr>138</ns3:hr>
            <ns3:cad>83</ns3:cad>
          </ns3:TrackPointExtension>
        </extensions>
      </trkpt>
      <trkpt lat="31.27530486322939395904541015625" lon="121.3693462125957012176513671875">
        <ele>3</ele>
        <time>2026-06-04T13:27:09.000Z</time>
        <extensions>
          <ns3:TrackPointExtension>
            <ns3:hr>138</ns3:hr>
            <ns3:cad>82</ns3:cad>
          </ns3:TrackPointExtension>
        </extensions>
      </trkpt>
      <trkpt lat="31.27528005279600620269775390625" lon="121.36934411711990833282470703125">
        <ele>2.7999999523162841796875</ele>
        <time>2026-06-04T13:27:10.000Z</time>
        <extensions>
          <ns3:TrackPointExtension>
            <ns3:hr>138</ns3:hr>
            <ns3:cad>82</ns3:cad>
          </ns3:TrackPointExtension>
        </extensions>
      </trkpt>
      <trkpt lat="31.27525641582906246185302734375" lon="121.369342692196369171142578125">
        <ele>2.599999904632568359375</ele>
        <time>2026-06-04T13:27:11.000Z</time>
        <extensions>
          <ns3:TrackPointExtension>
            <ns3:hr>139</ns3:hr>
            <ns3:cad>82</ns3:cad>
          </ns3:TrackPointExtension>
        </extensions>
      </trkpt>
      <trkpt lat="31.27523445524275302886962890625" lon="121.36934026144444942474365234375">
        <ele>2.599999904632568359375</ele>
        <time>2026-06-04T13:27:12.000Z</time>
        <extensions>
          <ns3:TrackPointExtension>
            <ns3:hr>139</ns3:hr>
            <ns3:cad>81</ns3:cad>
          </ns3:TrackPointExtension>
        </extensions>
      </trkpt>
      <trkpt lat="31.27520880661904811859130859375" lon="121.36933221481740474700927734375">
        <ele>2.400000095367431640625</ele>
        <time>2026-06-04T13:27:13.000Z</time>
        <extensions>
          <ns3:TrackPointExtension>
            <ns3:hr>139</ns3:hr>
            <ns3:cad>80</ns3:cad>
          </ns3:TrackPointExtension>
        </extensions>
      </trkpt>
      <trkpt lat="31.2751872651278972625732421875" lon="121.36932634748518466949462890625">
        <ele>2.599999904632568359375</ele>
        <time>2026-06-04T13:27:14.000Z</time>
        <extensions>
          <ns3:TrackPointExtension>
            <ns3:hr>139</ns3:hr>
            <ns3:cad>80</ns3:cad>
          </ns3:TrackPointExtension>
        </extensions>
      </trkpt>
      <trkpt lat="31.275164969265460968017578125" lon="121.36932416819036006927490234375">
        <ele>2.599999904632568359375</ele>
        <time>2026-06-04T13:27:15.000Z</time>
        <extensions>
          <ns3:TrackPointExtension>
            <ns3:hr>139</ns3:hr>
            <ns3:cad>80</ns3:cad>
          </ns3:TrackPointExtension>
        </extensions>
      </trkpt>
      <trkpt lat="31.27514074556529521942138671875" lon="121.369321234524250030517578125">
        <ele>2.599999904632568359375</ele>
        <time>2026-06-04T13:27:16.000Z</time>
        <extensions>
          <ns3:TrackPointExtension>
            <ns3:hr>140</ns3:hr>
            <ns3:cad>80</ns3:cad>
          </ns3:TrackPointExtension>
        </extensions>
      </trkpt>
      <trkpt lat="31.27511811442673206329345703125" lon="121.3693177141249179840087890625">
        <ele>2.599999904632568359375</ele>
        <time>2026-06-04T13:27:17.000Z</time>
        <extensions>
          <ns3:TrackPointExtension>
            <ns3:hr>140</ns3:hr>
            <ns3:cad>81</ns3:cad>
          </ns3:TrackPointExtension>
        </extensions>
      </trkpt>
      <trkpt lat="31.275094561278820037841796875" lon="121.36931126005947589874267578125">
        <ele>2.599999904632568359375</ele>
        <time>2026-06-04T13:27:18.000Z</time>
        <extensions>
          <ns3:TrackPointExtension>
            <ns3:hr>141</ns3:hr>
            <ns3:cad>81</ns3:cad>
          </ns3:TrackPointExtension>
        </extensions>
      </trkpt>
      <trkpt lat="31.2750707566738128662109375" lon="121.3693079911172389984130859375">
        <ele>2.400000095367431640625</ele>
        <time>2026-06-04T13:27:19.000Z</time>
        <extensions>
          <ns3:TrackPointExtension>
            <ns3:hr>141</ns3:hr>
            <ns3:cad>81</ns3:cad>
          </ns3:TrackPointExtension>
        </extensions>
      </trkpt>
      <trkpt lat="31.2750471197068691253662109375" lon="121.36930354870855808258056640625">
        <ele>2.400000095367431640625</ele>
        <time>2026-06-04T13:27:20.000Z</time>
        <extensions>
          <ns3:TrackPointExtension>
            <ns3:hr>141</ns3:hr>
            <ns3:cad>81</ns3:cad>
          </ns3:TrackPointExtension>
        </extensions>
      </trkpt>
      <trkpt lat="31.2750229798257350921630859375" lon="121.3692994415760040283203125">
        <ele>2.400000095367431640625</ele>
        <time>2026-06-04T13:27:21.000Z</time>
        <extensions>
          <ns3:TrackPointExtension>
            <ns3:hr>141</ns3:hr>
            <ns3:cad>82</ns3:cad>
          </ns3:TrackPointExtension>
        </extensions>
      </trkpt>
      <trkpt lat="31.2750005163252353668212890625" lon="121.36929499916732311248779296875">
        <ele>2.400000095367431640625</ele>
        <time>2026-06-04T13:27:22.000Z</time>
        <extensions>
          <ns3:TrackPointExtension>
            <ns3:hr>141</ns3:hr>
            <ns3:cad>82</ns3:cad>
          </ns3:TrackPointExtension>
        </extensions>
      </trkpt>
      <trkpt lat="31.27498366869986057281494140625" lon="121.369289048016071319580078125">
        <ele>2.400000095367431640625</ele>
        <time>2026-06-04T13:27:23.000Z</time>
        <extensions>
          <ns3:TrackPointExtension>
            <ns3:hr>141</ns3:hr>
            <ns3:cad>82</ns3:cad>
          </ns3:TrackPointExtension>
        </extensions>
      </trkpt>
      <trkpt lat="31.274963133037090301513671875" lon="121.36928712017834186553955078125">
        <ele>2.400000095367431640625</ele>
        <time>2026-06-04T13:27:24.000Z</time>
        <extensions>
          <ns3:TrackPointExtension>
            <ns3:hr>141</ns3:hr>
            <ns3:cad>82</ns3:cad>
          </ns3:TrackPointExtension>
        </extensions>
      </trkpt>
      <trkpt lat="31.27494645304977893829345703125" lon="121.369285695254802703857421875">
        <ele>2.400000095367431640625</ele>
        <time>2026-06-04T13:27:25.000Z</time>
        <extensions>
          <ns3:TrackPointExtension>
            <ns3:hr>140</ns3:hr>
            <ns3:cad>82</ns3:cad>
          </ns3:TrackPointExtension>
        </extensions>
      </trkpt>
      <trkpt lat="31.274946033954620361328125" lon="121.36927790008485317230224609375">
        <ele>2.2000000476837158203125</ele>
        <time>2026-06-04T13:27:26.000Z</time>
        <extensions>
          <ns3:TrackPointExtension>
            <ns3:hr>140</ns3:hr>
            <ns3:cad>81</ns3:cad>
          </ns3:TrackPointExtension>
        </extensions>
      </trkpt>
      <trkpt lat="31.27494293265044689178466796875" lon="121.3692694343626499176025390625">
        <ele>2.2000000476837158203125</ele>
        <time>2026-06-04T13:27:27.000Z</time>
        <extensions>
          <ns3:TrackPointExtension>
            <ns3:hr>140</ns3:hr>
            <ns3:cad>81</ns3:cad>
          </ns3:TrackPointExtension>
        </extensions>
      </trkpt>
      <trkpt lat="31.27494695596396923065185546875" lon="121.36925560422241687774658203125">
        <ele>2.2000000476837158203125</ele>
        <time>2026-06-04T13:27:28.000Z</time>
        <extensions>
          <ns3:TrackPointExtension>
            <ns3:hr>140</ns3:hr>
            <ns3:cad>81</ns3:cad>
          </ns3:TrackPointExtension>
        </extensions>
      </trkpt>
      <trkpt lat="31.27494595013558864593505859375" lon="121.369248814880847930908203125">
        <ele>2.2000000476837158203125</ele>
        <time>2026-06-04T13:27:29.000Z</time>
        <extensions>
          <ns3:TrackPointExtension>
            <ns3:hr>140</ns3:hr>
            <ns3:cad>80</ns3:cad>
          </ns3:TrackPointExtension>
        </extensions>
      </trkpt>
      <trkpt lat="31.27494092099368572235107421875" lon="121.369242779910564422607421875">
        <ele>2.2000000476837158203125</ele>
        <time>2026-06-04T13:27:30.000Z</time>
        <extensions>
          <ns3:TrackPointExtension>
            <ns3:hr>140</ns3:hr>
            <ns3:cad>80</ns3:cad>
          </ns3:TrackPointExtension>
        </extensions>
      </trkpt>
      <trkpt lat="31.27493865787982940673828125" lon="121.369234062731266021728515625">
        <ele>2.2000000476837158203125</ele>
        <time>2026-06-04T13:27:31.000Z</time>
        <extensions>
          <ns3:TrackPointExtension>
            <ns3:hr>139</ns3:hr>
            <ns3:cad>80</ns3:cad>
          </ns3:TrackPointExtension>
        </extensions>
      </trkpt>
      <trkpt lat="31.27493404783308506011962890625" lon="121.3692305423319339752197265625">
        <ele>2.2000000476837158203125</ele>
        <time>2026-06-04T13:27:32.000Z</time>
        <extensions>
          <ns3:TrackPointExtension>
            <ns3:hr>139</ns3:hr>
            <ns3:cad>80</ns3:cad>
          </ns3:TrackPointExtension>
        </extensions>
      </trkpt>
      <trkpt lat="31.2749250791966915130615234375" lon="121.36923766694962978363037109375">
        <ele>2.2000000476837158203125</ele>
        <time>2026-06-04T13:27:33.000Z</time>
        <extensions>
          <ns3:TrackPointExtension>
            <ns3:hr>138</ns3:hr>
            <ns3:cad>80</ns3:cad>
          </ns3:TrackPointExtension>
        </extensions>
      </trkpt>
      <trkpt lat="31.2749106623232364654541015625" lon="121.36925091035664081573486328125">
        <ele>2.2000000476837158203125</ele>
        <time>2026-06-04T13:27:34.000Z</time>
        <extensions>
          <ns3:TrackPointExtension>
            <ns3:hr>137</ns3:hr>
            <ns3:cad>80</ns3:cad>
          </ns3:TrackPointExtension>
        </extensions>
      </trkpt>
      <trkpt lat="31.2748932279646396636962890625" lon="121.36925962753593921661376953125">
        <ele>2.2000000476837158203125</ele>
        <time>2026-06-04T13:27:35.000Z</time>
        <extensions>
          <ns3:TrackPointExtension>
            <ns3:hr>137</ns3:hr>
            <ns3:cad>80</ns3:cad>
          </ns3:TrackPointExtension>
        </extensions>
      </trkpt>
      <trkpt lat="31.27487160265445709228515625" lon="121.36926113627851009368896484375">
        <ele>2.400000095367431640625</ele>
        <time>2026-06-04T13:27:36.000Z</time>
        <extensions>
          <ns3:TrackPointExtension>
            <ns3:hr>137</ns3:hr>
            <ns3:cad>80</ns3:cad>
          </ns3:TrackPointExtension>
        </extensions>
      </trkpt>
      <trkpt lat="31.27485089935362339019775390625" lon="121.369263567030429840087890625">
        <ele>2.400000095367431640625</ele>
        <time>2026-06-04T13:27:37.000Z</time>
        <extensions>
          <ns3:TrackPointExtension>
            <ns3:hr>136</ns3:hr>
            <ns3:cad>80</ns3:cad>
          </ns3:TrackPointExtension>
        </extensions>
      </trkpt>
      <trkpt lat="31.27482793293893337249755859375" lon="121.36926700361073017120361328125">
        <ele>2.400000095367431640625</ele>
        <time>2026-06-04T13:27:38.000Z</time>
        <extensions>
          <ns3:TrackPointExtension>
            <ns3:hr>135</ns3:hr>
            <ns3:cad>80</ns3:cad>
          </ns3:TrackPointExtension>
        </extensions>
      </trkpt>
      <trkpt lat="31.27480320632457733154296875" lon="121.3692674227058887481689453125">
        <ele>2.400000095367431640625</ele>
        <time>2026-06-04T13:27:39.000Z</time>
        <extensions>
          <ns3:TrackPointExtension>
            <ns3:hr>135</ns3:hr>
            <ns3:cad>77</ns3:cad>
          </ns3:TrackPointExtension>
        </extensions>
      </trkpt>
      <trkpt lat="31.27478082664310932159423828125" lon="121.369270943105220794677734375">
        <ele>2.400000095367431640625</ele>
        <time>2026-06-04T13:27:40.000Z</time>
        <extensions>
          <ns3:TrackPointExtension>
            <ns3:hr>134</ns3:hr>
            <ns3:cad>77</ns3:cad>
          </ns3:TrackPointExtension>
        </extensions>
      </trkpt>
      <trkpt lat="31.274752579629421234130859375" lon="121.3692741282284259796142578125">
        <ele>2.400000095367431640625</ele>
        <time>2026-06-04T13:27:41.000Z</time>
        <extensions>
          <ns3:TrackPointExtension>
            <ns3:hr>135</ns3:hr>
            <ns3:cad>78</ns3:cad>
          </ns3:TrackPointExtension>
        </extensions>
      </trkpt>
      <trkpt lat="31.2747272662818431854248046875" lon="121.3692741282284259796142578125">
        <ele>2.400000095367431640625</ele>
        <time>2026-06-04T13:27:42.000Z</time>
        <extensions>
          <ns3:TrackPointExtension>
            <ns3:hr>135</ns3:hr>
            <ns3:cad>79</ns3:cad>
          </ns3:TrackPointExtension>
        </extensions>
      </trkpt>
      <trkpt lat="31.274702288210391998291015625" lon="121.3692731224000453948974609375">
        <ele>2.400000095367431640625</ele>
        <time>2026-06-04T13:27:43.000Z</time>
        <extensions>
          <ns3:TrackPointExtension>
            <ns3:hr>135</ns3:hr>
            <ns3:cad>79</ns3:cad>
          </ns3:TrackPointExtension>
        </extensions>
      </trkpt>
      <trkpt lat="31.27467672340571880340576171875" lon="121.369269602000713348388671875">
        <ele>2.400000095367431640625</ele>
        <time>2026-06-04T13:27:44.000Z</time>
        <extensions>
          <ns3:TrackPointExtension>
            <ns3:hr>135</ns3:hr>
            <ns3:cad>80</ns3:cad>
          </ns3:TrackPointExtension>
        </extensions>
      </trkpt>
      <trkpt lat="31.274656020104885101318359375" lon="121.36926901526749134063720703125">
        <ele>2.400000095367431640625</ele>
        <time>2026-06-04T13:27:45.000Z</time>
        <extensions>
          <ns3:TrackPointExtension>
            <ns3:hr>134</ns3:hr>
            <ns3:cad>81</ns3:cad>
          </ns3:TrackPointExtension>
        </extensions>
      </trkpt>
      <trkpt lat="31.274631209671497344970703125" lon="121.3692644052207469940185546875">
        <ele>2.400000095367431640625</ele>
        <time>2026-06-04T13:27:46.000Z</time>
        <extensions>
          <ns3:TrackPointExtension>
            <ns3:hr>134</ns3:hr>
            <ns3:cad>81</ns3:cad>
          </ns3:TrackPointExtension>
        </extensions>
      </trkpt>
      <trkpt lat="31.27460866235196590423583984375" lon="121.3692647404968738555908203125">
        <ele>2.400000095367431640625</ele>
        <time>2026-06-04T13:27:47.000Z</time>
        <extensions>
          <ns3:TrackPointExtension>
            <ns3:hr>134</ns3:hr>
            <ns3:cad>81</ns3:cad>
          </ns3:TrackPointExtension>
        </extensions>
      </trkpt>
      <trkpt lat="31.274586282670497894287109375" lon="121.36926365084946155548095703125">
        <ele>2.400000095367431640625</ele>
        <time>2026-06-04T13:27:48.000Z</time>
        <extensions>
          <ns3:TrackPointExtension>
            <ns3:hr>133</ns3:hr>
            <ns3:cad>81</ns3:cad>
          </ns3:TrackPointExtension>
        </extensions>
      </trkpt>
      <trkpt lat="31.274561472237110137939453125" lon="121.3692587055265903472900390625">
        <ele>2.400000095367431640625</ele>
        <time>2026-06-04T13:27:49.000Z</time>
        <extensions>
          <ns3:TrackPointExtension>
            <ns3:hr>132</ns3:hr>
            <ns3:cad>80</ns3:cad>
          </ns3:TrackPointExtension>
        </extensions>
      </trkpt>
      <trkpt lat="31.27453691326081752777099609375" lon="121.36925459839403629302978515625">
        <ele>2.400000095367431640625</ele>
        <time>2026-06-04T13:27:50.000Z</time>
        <extensions>
          <ns3:TrackPointExtension>
            <ns3:hr>132</ns3:hr>
            <ns3:cad>81</ns3:cad>
          </ns3:TrackPointExtension>
        </extensions>
      </trkpt>
      <trkpt lat="31.27451528795063495635986328125" lon="121.36925459839403629302978515625">
        <ele>2.400000095367431640625</ele>
        <time>2026-06-04T13:27:51.000Z</time>
        <extensions>
          <ns3:TrackPointExtension>
            <ns3:hr>132</ns3:hr>
            <ns3:cad>81</ns3:cad>
          </ns3:TrackPointExtension>
        </extensions>
      </trkpt>
      <trkpt lat="31.274491064250469207763671875" lon="121.36925183236598968505859375">
        <ele>2.400000095367431640625</ele>
        <time>2026-06-04T13:27:52.000Z</time>
        <extensions>
          <ns3:TrackPointExtension>
            <ns3:hr>132</ns3:hr>
            <ns3:cad>81</ns3:cad>
          </ns3:TrackPointExtension>
        </extensions>
      </trkpt>
      <trkpt lat="31.27446818165481090545654296875" lon="121.369248814880847930908203125">
        <ele>2.599999904632568359375</ele>
        <time>2026-06-04T13:27:53.000Z</time>
        <extensions>
          <ns3:TrackPointExtension>
            <ns3:hr>132</ns3:hr>
            <ns3:cad>80</ns3:cad>
          </ns3:TrackPointExtension>
        </extensions>
      </trkpt>
      <trkpt lat="31.274442784488201141357421875" lon="121.36924856342375278472900390625">
        <ele>2.599999904632568359375</ele>
        <time>2026-06-04T13:27:54.000Z</time>
        <extensions>
          <ns3:TrackPointExtension>
            <ns3:hr>132</ns3:hr>
            <ns3:cad>80</ns3:cad>
          </ns3:TrackPointExtension>
        </extensions>
      </trkpt>
      <trkpt lat="31.2744204886257648468017578125" lon="121.36924621649086475372314453125">
        <ele>2.599999904632568359375</ele>
        <time>2026-06-04T13:27:55.000Z</time>
        <extensions>
          <ns3:TrackPointExtension>
            <ns3:hr>132</ns3:hr>
            <ns3:cad>81</ns3:cad>
          </ns3:TrackPointExtension>
        </extensions>
      </trkpt>
      <trkpt lat="31.27439685165882110595703125" lon="121.3692409358918666839599609375">
        <ele>2.599999904632568359375</ele>
        <time>2026-06-04T13:27:56.000Z</time>
        <extensions>
          <ns3:TrackPointExtension>
            <ns3:hr>132</ns3:hr>
            <ns3:cad>81</ns3:cad>
          </ns3:TrackPointExtension>
        </extensions>
      </trkpt>
      <trkpt lat="31.2743728794157505035400390625" lon="121.369236409664154052734375">
        <ele>2.599999904632568359375</ele>
        <time>2026-06-04T13:27:57.000Z</time>
        <extensions>
          <ns3:TrackPointExtension>
            <ns3:hr>132</ns3:hr>
            <ns3:cad>81</ns3:cad>
          </ns3:TrackPointExtension>
        </extensions>
      </trkpt>
      <trkpt lat="31.27434932626783847808837890625" lon="121.3692322187125682830810546875">
        <ele>2.599999904632568359375</ele>
        <time>2026-06-04T13:27:58.000Z</time>
        <extensions>
          <ns3:TrackPointExtension>
            <ns3:hr>132</ns3:hr>
            <ns3:cad>81</ns3:cad>
          </ns3:TrackPointExtension>
        </extensions>
      </trkpt>
      <trkpt lat="31.2743269465863704681396484375" lon="121.3692268542945384979248046875">
        <ele>2.599999904632568359375</ele>
        <time>2026-06-04T13:27:59.000Z</time>
        <extensions>
          <ns3:TrackPointExtension>
            <ns3:hr>132</ns3:hr>
            <ns3:cad>81</ns3:cad>
          </ns3:TrackPointExtension>
        </extensions>
      </trkpt>
      <trkpt lat="31.27430641092360019683837890625" lon="121.36922375299036502838134765625">
        <ele>2.400000095367431640625</ele>
        <time>2026-06-04T13:28:00.000Z</time>
        <extensions>
          <ns3:TrackPointExtension>
            <ns3:hr>132</ns3:hr>
            <ns3:cad>81</ns3:cad>
          </ns3:TrackPointExtension>
        </extensions>
      </trkpt>
      <trkpt lat="31.27428428269922733306884765625" lon="121.369219981133937835693359375">
        <ele>2.400000095367431640625</ele>
        <time>2026-06-04T13:28:01.000Z</time>
        <extensions>
          <ns3:TrackPointExtension>
            <ns3:hr>132</ns3:hr>
            <ns3:cad>81</ns3:cad>
          </ns3:TrackPointExtension>
        </extensions>
      </trkpt>
      <trkpt lat="31.274259388446807861328125" lon="121.36921285651624202728271484375">
        <ele>2.400000095367431640625</ele>
        <time>2026-06-04T13:28:02.000Z</time>
        <extensions>
          <ns3:TrackPointExtension>
            <ns3:hr>133</ns3:hr>
            <ns3:cad>81</ns3:cad>
          </ns3:TrackPointExtension>
        </extensions>
      </trkpt>
      <trkpt lat="31.27423457801342010498046875" lon="121.36920891702175140380859375">
        <ele>2.400000095367431640625</ele>
        <time>2026-06-04T13:28:03.000Z</time>
        <extensions>
          <ns3:TrackPointExtension>
            <ns3:hr>133</ns3:hr>
            <ns3:cad>81</ns3:cad>
          </ns3:TrackPointExtension>
        </extensions>
      </trkpt>
      <trkpt lat="31.274210102856159210205078125" lon="121.3692084141075611114501953125">
        <ele>2.400000095367431640625</ele>
        <time>2026-06-04T13:28:04.000Z</time>
        <extensions>
          <ns3:TrackPointExtension>
            <ns3:hr>134</ns3:hr>
            <ns3:cad>81</ns3:cad>
          </ns3:TrackPointExtension>
        </extensions>
      </trkpt>
      <trkpt lat="31.27418604679405689239501953125" lon="121.36920363642275333404541015625">
        <ele>2.400000095367431640625</ele>
        <time>2026-06-04T13:28:05.000Z</time>
        <extensions>
          <ns3:TrackPointExtension>
            <ns3:hr>134</ns3:hr>
            <ns3:cad>81</ns3:cad>
          </ns3:TrackPointExtension>
        </extensions>
      </trkpt>
      <trkpt lat="31.2741616554558277130126953125" lon="121.36920078657567501068115234375">
        <ele>2.2000000476837158203125</ele>
        <time>2026-06-04T13:28:06.000Z</time>
        <extensions>
          <ns3:TrackPointExtension>
            <ns3:hr>134</ns3:hr>
            <ns3:cad>81</ns3:cad>
          </ns3:TrackPointExtension>
        </extensions>
      </trkpt>
      <trkpt lat="31.27413961105048656463623046875" lon="121.36920061893761157989501953125">
        <ele>2.400000095367431640625</ele>
        <time>2026-06-04T13:28:07.000Z</time>
        <extensions>
          <ns3:TrackPointExtension>
            <ns3:hr>134</ns3:hr>
            <ns3:cad>81</ns3:cad>
          </ns3:TrackPointExtension>
        </extensions>
      </trkpt>
      <trkpt lat="31.27411832101643085479736328125" lon="121.36919894255697727203369140625">
        <ele>2.400000095367431640625</ele>
        <time>2026-06-04T13:28:08.000Z</time>
        <extensions>
          <ns3:TrackPointExtension>
            <ns3:hr>134</ns3:hr>
            <ns3:cad>80</ns3:cad>
          </ns3:TrackPointExtension>
        </extensions>
      </trkpt>
      <trkpt lat="31.2741009704768657684326171875" lon="121.36919139884412288665771484375">
        <ele>2.400000095367431640625</ele>
        <time>2026-06-04T13:28:09.000Z</time>
        <extensions>
          <ns3:TrackPointExtension>
            <ns3:hr>134</ns3:hr>
            <ns3:cad>80</ns3:cad>
          </ns3:TrackPointExtension>
        </extensions>
      </trkpt>
      <trkpt lat="31.27408479340374469757080078125" lon="121.36918351985514163970947265625">
        <ele>2.400000095367431640625</ele>
        <time>2026-06-04T13:28:10.000Z</time>
        <extensions>
          <ns3:TrackPointExtension>
            <ns3:hr>134</ns3:hr>
            <ns3:cad>81</ns3:cad>
          </ns3:TrackPointExtension>
        </extensions>
      </trkpt>
      <trkpt lat="31.274067275226116180419921875" lon="121.3691785745322704315185546875">
        <ele>2.400000095367431640625</ele>
        <time>2026-06-04T13:28:11.000Z</time>
        <extensions>
          <ns3:TrackPointExtension>
            <ns3:hr>134</ns3:hr>
            <ns3:cad>81</ns3:cad>
          </ns3:TrackPointExtension>
        </extensions>
      </trkpt>
      <trkpt lat="31.2740461528301239013671875" lon="121.369174383580684661865234375">
        <ele>2.400000095367431640625</ele>
        <time>2026-06-04T13:28:12.000Z</time>
        <extensions>
          <ns3:TrackPointExtension>
            <ns3:hr>134</ns3:hr>
            <ns3:cad>81</ns3:cad>
          </ns3:TrackPointExtension>
        </extensions>
      </trkpt>
      <trkpt lat="31.27402938902378082275390625" lon="121.36916910298168659210205078125">
        <ele>2.400000095367431640625</ele>
        <time>2026-06-04T13:28:13.000Z</time>
        <extensions>
          <ns3:TrackPointExtension>
            <ns3:hr>134</ns3:hr>
            <ns3:cad>81</ns3:cad>
          </ns3:TrackPointExtension>
        </extensions>
      </trkpt>
      <trkpt lat="31.2740205042064189910888671875" lon="121.3691654987633228302001953125">
        <ele>2.400000095367431640625</ele>
        <time>2026-06-04T13:28:14.000Z</time>
        <extensions>
          <ns3:TrackPointExtension>
            <ns3:hr>133</ns3:hr>
            <ns3:cad>80</ns3:cad>
          </ns3:TrackPointExtension>
        </extensions>
      </trkpt>
      <trkpt lat="31.27401866018772125244140625" lon="121.369157619774341583251953125">
        <ele>2.400000095367431640625</ele>
        <time>2026-06-04T13:28:15.000Z</time>
        <extensions>
          <ns3:TrackPointExtension>
            <ns3:hr>133</ns3:hr>
            <ns3:cad>79</ns3:cad>
          </ns3:TrackPointExtension>
        </extensions>
      </trkpt>
      <trkpt lat="31.2740389443933963775634765625" lon="121.369163654744625091552734375">
        <ele>2.400000095367431640625</ele>
        <time>2026-06-04T13:28:16.000Z</time>
        <extensions>
          <ns3:TrackPointExtension>
            <ns3:hr>132</ns3:hr>
            <ns3:cad>79</ns3:cad>
          </ns3:TrackPointExtension>
        </extensions>
      </trkpt>
      <trkpt lat="31.2740664370357990264892578125" lon="121.36916734278202056884765625">
        <ele>2.400000095367431640625</ele>
        <time>2026-06-04T13:28:17.000Z</time>
        <extensions>
          <ns3:TrackPointExtension>
            <ns3:hr>132</ns3:hr>
            <ns3:cad>79</ns3:cad>
          </ns3:TrackPointExtension>
        </extensions>
      </trkpt>
      <trkpt lat="31.27408412285149097442626953125" lon="121.36916407383978366851806640625">
        <ele>2.599999904632568359375</ele>
        <time>2026-06-04T13:28:18.000Z</time>
        <extensions>
          <ns3:TrackPointExtension>
            <ns3:hr>132</ns3:hr>
            <ns3:cad>79</ns3:cad>
          </ns3:TrackPointExtension>
        </extensions>
      </trkpt>
      <trkpt lat="31.2741086818277835845947265625" lon="121.36916692368686199188232421875">
        <ele>2.599999904632568359375</ele>
        <time>2026-06-04T13:28:19.000Z</time>
        <extensions>
          <ns3:TrackPointExtension>
            <ns3:hr>131</ns3:hr>
            <ns3:cad>79</ns3:cad>
          </ns3:TrackPointExtension>
        </extensions>
      </trkpt>
      <trkpt lat="31.27413265407085418701171875" lon="121.36916734278202056884765625">
        <ele>2.400000095367431640625</ele>
        <time>2026-06-04T13:28:20.000Z</time>
        <extensions>
          <ns3:TrackPointExtension>
            <ns3:hr>131</ns3:hr>
            <ns3:cad>76</ns3:cad>
          </ns3:TrackPointExtension>
        </extensions>
      </trkpt>
      <trkpt lat="31.2741552852094173431396484375" lon="121.36916910298168659210205078125">
        <ele>2.400000095367431640625</ele>
        <time>2026-06-04T13:28:21.000Z</time>
        <extensions>
          <ns3:TrackPointExtension>
            <ns3:hr>131</ns3:hr>
            <ns3:cad>76</ns3:cad>
          </ns3:TrackPointExtension>
        </extensions>
      </trkpt>
      <trkpt lat="31.2741770781576633453369140625" lon="121.3691725395619869232177734375">
        <ele>2.400000095367431640625</ele>
        <time>2026-06-04T13:28:22.000Z</time>
        <extensions>
          <ns3:TrackPointExtension>
            <ns3:hr>130</ns3:hr>
            <ns3:cad>76</ns3:cad>
          </ns3:TrackPointExtension>
        </extensions>
      </trkpt>
      <trkpt lat="31.27419778145849704742431640625" lon="121.36917698197066783905029296875">
        <ele>2.2000000476837158203125</ele>
        <time>2026-06-04T13:28:23.000Z</time>
        <extensions>
          <ns3:TrackPointExtension>
            <ns3:hr>130</ns3:hr>
            <ns3:cad>78</ns3:cad>
          </ns3:TrackPointExtension>
        </extensions>
      </trkpt>
      <trkpt lat="31.2742203287780284881591796875" lon="121.36918050236999988555908203125">
        <ele>2.2000000476837158203125</ele>
        <time>2026-06-04T13:28:24.000Z</time>
        <extensions>
          <ns3:TrackPointExtension>
            <ns3:hr>130</ns3:hr>
            <ns3:cad>80</ns3:cad>
          </ns3:TrackPointExtension>
        </extensions>
      </trkpt>
      <trkpt lat="31.2742451392114162445068359375" lon="121.369181759655475616455078125">
        <ele>2.2000000476837158203125</ele>
        <time>2026-06-04T13:28:25.000Z</time>
        <extensions>
          <ns3:TrackPointExtension>
            <ns3:hr>130</ns3:hr>
            <ns3:cad>80</ns3:cad>
          </ns3:TrackPointExtension>
        </extensions>
      </trkpt>
      <trkpt lat="31.27426768653094768524169921875" lon="121.36917932890355587005615234375">
        <ele>2.2000000476837158203125</ele>
        <time>2026-06-04T13:28:26.000Z</time>
        <extensions>
          <ns3:TrackPointExtension>
            <ns3:hr>131</ns3:hr>
            <ns3:cad>81</ns3:cad>
          </ns3:TrackPointExtension>
        </extensions>
      </trkpt>
      <trkpt lat="31.274286545813083648681640625" lon="121.36918385513126850128173828125">
        <ele>2.2000000476837158203125</ele>
        <time>2026-06-04T13:28:27.000Z</time>
        <extensions>
          <ns3:TrackPointExtension>
            <ns3:hr>131</ns3:hr>
            <ns3:cad>81</ns3:cad>
          </ns3:TrackPointExtension>
        </extensions>
      </trkpt>
      <trkpt lat="31.2743071652948856353759765625" lon="121.3691899739205837249755859375">
        <ele>2.2000000476837158203125</ele>
        <time>2026-06-04T13:28:28.000Z</time>
        <extensions>
          <ns3:TrackPointExtension>
            <ns3:hr>131</ns3:hr>
            <ns3:cad>82</ns3:cad>
          </ns3:TrackPointExtension>
        </extensions>
      </trkpt>
      <trkpt lat="31.2743304669857025146484375" lon="121.36919190175831317901611328125">
        <ele>2.2000000476837158203125</ele>
        <time>2026-06-04T13:28:29.000Z</time>
        <extensions>
          <ns3:TrackPointExtension>
            <ns3:hr>131</ns3:hr>
            <ns3:cad>82</ns3:cad>
          </ns3:TrackPointExtension>
        </extensions>
      </trkpt>
      <trkpt lat="31.27435502596199512481689453125" lon="121.36919508688151836395263671875">
        <ele>2.2000000476837158203125</ele>
        <time>2026-06-04T13:28:30.000Z</time>
        <extensions>
          <ns3:TrackPointExtension>
            <ns3:hr>132</ns3:hr>
            <ns3:cad>82</ns3:cad>
          </ns3:TrackPointExtension>
        </extensions>
      </trkpt>
      <trkpt lat="31.27437480725347995758056640625" lon="121.36920497752726078033447265625">
        <ele>2.2000000476837158203125</ele>
        <time>2026-06-04T13:28:31.000Z</time>
        <extensions>
          <ns3:TrackPointExtension>
            <ns3:hr>131</ns3:hr>
            <ns3:cad>82</ns3:cad>
          </ns3:TrackPointExtension>
        </extensions>
      </trkpt>
      <trkpt lat="31.2743960134685039520263671875" lon="121.36920950375497341156005859375">
        <ele>2.2000000476837158203125</ele>
        <time>2026-06-04T13:28:32.000Z</time>
        <extensions>
          <ns3:TrackPointExtension>
            <ns3:hr>132</ns3:hr>
            <ns3:cad>82</ns3:cad>
          </ns3:TrackPointExtension>
        </extensions>
      </trkpt>
      <trkpt lat="31.27442040480673313140869140625" lon="121.3692124374210834503173828125">
        <ele>2</ele>
        <time>2026-06-04T13:28:33.000Z</time>
        <extensions>
          <ns3:TrackPointExtension>
            <ns3:hr>132</ns3:hr>
            <ns3:cad>82</ns3:cad>
          </ns3:TrackPointExtension>
        </extensions>
      </trkpt>
      <trkpt lat="31.27444605343043804168701171875" lon="121.3692134432494640350341796875">
        <ele>2.2000000476837158203125</ele>
        <time>2026-06-04T13:28:34.000Z</time>
        <extensions>
          <ns3:TrackPointExtension>
            <ns3:hr>132</ns3:hr>
            <ns3:cad>82</ns3:cad>
          </ns3:TrackPointExtension>
        </extensions>
      </trkpt>
      <trkpt lat="31.2744677625596523284912109375" lon="121.36921587400138378143310546875">
        <ele>2.2000000476837158203125</ele>
        <time>2026-06-04T13:28:35.000Z</time>
        <extensions>
          <ns3:TrackPointExtension>
            <ns3:hr>132</ns3:hr>
            <ns3:cad>82</ns3:cad>
          </ns3:TrackPointExtension>
        </extensions>
      </trkpt>
      <trkpt lat="31.27448611892759799957275390625" lon="121.369219981133937835693359375">
        <ele>2.2000000476837158203125</ele>
        <time>2026-06-04T13:28:36.000Z</time>
        <extensions>
          <ns3:TrackPointExtension>
            <ns3:hr>132</ns3:hr>
            <ns3:cad>81</ns3:cad>
          </ns3:TrackPointExtension>
        </extensions>
      </trkpt>
      <trkpt lat="31.27450824715197086334228515625" lon="121.3692204840481281280517578125">
        <ele>2.2000000476837158203125</ele>
        <time>2026-06-04T13:28:37.000Z</time>
        <extensions>
          <ns3:TrackPointExtension>
            <ns3:hr>132</ns3:hr>
            <ns3:cad>80</ns3:cad>
          </ns3:TrackPointExtension>
        </extensions>
      </trkpt>
      <trkpt lat="31.2745338119566440582275390625" lon="121.36922366917133331298828125">
        <ele>2.2000000476837158203125</ele>
        <time>2026-06-04T13:28:38.000Z</time>
        <extensions>
          <ns3:TrackPointExtension>
            <ns3:hr>132</ns3:hr>
            <ns3:cad>80</ns3:cad>
          </ns3:TrackPointExtension>
        </extensions>
      </trkpt>
      <trkpt lat="31.2745576165616512298583984375" lon="121.36922643519937992095947265625">
        <ele>2.2000000476837158203125</ele>
        <time>2026-06-04T13:28:39.000Z</time>
        <extensions>
          <ns3:TrackPointExtension>
            <ns3:hr>132</ns3:hr>
            <ns3:cad>80</ns3:cad>
          </ns3:TrackPointExtension>
        </extensions>
      </trkpt>
      <trkpt lat="31.274580918252468109130859375" lon="121.36923112906515598297119140625">
        <ele>2.2000000476837158203125</ele>
        <time>2026-06-04T13:28:40.000Z</time>
        <extensions>
          <ns3:TrackPointExtension>
            <ns3:hr>132</ns3:hr>
            <ns3:cad>81</ns3:cad>
          </ns3:TrackPointExtension>
        </extensions>
      </trkpt>
      <trkpt lat="31.27460145391523838043212890625" lon="121.36923532001674175262451171875">
        <ele>2.2000000476837158203125</ele>
        <time>2026-06-04T13:28:41.000Z</time>
        <extensions>
          <ns3:TrackPointExtension>
            <ns3:hr>132</ns3:hr>
            <ns3:cad>81</ns3:cad>
          </ns3:TrackPointExtension>
        </extensions>
      </trkpt>
      <trkpt lat="31.27462358213961124420166015625" lon="121.36923582293093204498291015625">
        <ele>2.2000000476837158203125</ele>
        <time>2026-06-04T13:28:42.000Z</time>
        <extensions>
          <ns3:TrackPointExtension>
            <ns3:hr>132</ns3:hr>
            <ns3:cad>81</ns3:cad>
          </ns3:TrackPointExtension>
        </extensions>
      </trkpt>
      <trkpt lat="31.27464453689754009246826171875" lon="121.3692385889589786529541015625">
        <ele>2.2000000476837158203125</ele>
        <time>2026-06-04T13:28:43.000Z</time>
        <extensions>
          <ns3:TrackPointExtension>
            <ns3:hr>132</ns3:hr>
            <ns3:cad>81</ns3:cad>
          </ns3:TrackPointExtension>
        </extensions>
      </trkpt>
      <trkpt lat="31.2746682576835155487060546875" lon="121.3692385889589786529541015625">
        <ele>2</ele>
        <time>2026-06-04T13:28:44.000Z</time>
        <extensions>
          <ns3:TrackPointExtension>
            <ns3:hr>132</ns3:hr>
            <ns3:cad>82</ns3:cad>
          </ns3:TrackPointExtension>
        </extensions>
      </trkpt>
      <trkpt lat="31.27468946389853954315185546875" lon="121.36923448182642459869384765625">
        <ele>2</ele>
        <time>2026-06-04T13:28:45.000Z</time>
        <extensions>
          <ns3:TrackPointExtension>
            <ns3:hr>132</ns3:hr>
            <ns3:cad>82</ns3:cad>
          </ns3:TrackPointExtension>
        </extensions>
      </trkpt>
      <trkpt lat="31.274712346494197845458984375" lon="121.3692328892648220062255859375">
        <ele>2.2000000476837158203125</ele>
        <time>2026-06-04T13:28:46.000Z</time>
        <extensions>
          <ns3:TrackPointExtension>
            <ns3:hr>132</ns3:hr>
            <ns3:cad>82</ns3:cad>
          </ns3:TrackPointExtension>
        </extensions>
      </trkpt>
      <trkpt lat="31.27473321743309497833251953125" lon="121.3692377507686614990234375">
        <ele>2.2000000476837158203125</ele>
        <time>2026-06-04T13:28:47.000Z</time>
        <extensions>
          <ns3:TrackPointExtension>
            <ns3:hr>132</ns3:hr>
            <ns3:cad>82</ns3:cad>
          </ns3:TrackPointExtension>
        </extensions>
      </trkpt>
      <trkpt lat="31.2747524119913578033447265625" lon="121.36924370191991329193115234375">
        <ele>2.2000000476837158203125</ele>
        <time>2026-06-04T13:28:48.000Z</time>
        <extensions>
          <ns3:TrackPointExtension>
            <ns3:hr>132</ns3:hr>
            <ns3:cad>82</ns3:cad>
          </ns3:TrackPointExtension>
        </extensions>
      </trkpt>
      <trkpt lat="31.2747730314731597900390625" lon="121.36924638412892818450927734375">
        <ele>2.400000095367431640625</ele>
        <time>2026-06-04T13:28:49.000Z</time>
        <extensions>
          <ns3:TrackPointExtension>
            <ns3:hr>132</ns3:hr>
            <ns3:cad>82</ns3:cad>
          </ns3:TrackPointExtension>
        </extensions>
      </trkpt>
      <trkpt lat="31.27479440532624721527099609375" lon="121.36924772523343563079833984375">
        <ele>2.400000095367431640625</ele>
        <time>2026-06-04T13:28:50.000Z</time>
        <extensions>
          <ns3:TrackPointExtension>
            <ns3:hr>133</ns3:hr>
            <ns3:cad>81</ns3:cad>
          </ns3:TrackPointExtension>
        </extensions>
      </trkpt>
      <trkpt lat="31.27481217496097087860107421875" lon="121.369248814880847930908203125">
        <ele>2.2000000476837158203125</ele>
        <time>2026-06-04T13:28:51.000Z</time>
        <extensions>
          <ns3:TrackPointExtension>
            <ns3:hr>132</ns3:hr>
            <ns3:cad>81</ns3:cad>
          </ns3:TrackPointExtension>
        </extensions>
      </trkpt>
      <trkpt lat="31.274834387004375457763671875" lon="121.36925007216632366180419921875">
        <ele>2.2000000476837158203125</ele>
        <time>2026-06-04T13:28:52.000Z</time>
        <extensions>
          <ns3:TrackPointExtension>
            <ns3:hr>132</ns3:hr>
            <ns3:cad>81</ns3:cad>
          </ns3:TrackPointExtension>
        </extensions>
      </trkpt>
      <trkpt lat="31.274856515228748321533203125" lon="121.36925359256565570831298828125">
        <ele>2.2000000476837158203125</ele>
        <time>2026-06-04T13:28:53.000Z</time>
        <extensions>
          <ns3:TrackPointExtension>
            <ns3:hr>132</ns3:hr>
            <ns3:cad>81</ns3:cad>
          </ns3:TrackPointExtension>
        </extensions>
      </trkpt>
      <trkpt lat="31.27487621270120143890380859375" lon="121.36925493367016315460205078125">
        <ele>2.2000000476837158203125</ele>
        <time>2026-06-04T13:28:54.000Z</time>
        <extensions>
          <ns3:TrackPointExtension>
            <ns3:hr>132</ns3:hr>
            <ns3:cad>81</ns3:cad>
          </ns3:TrackPointExtension>
        </extensions>
      </trkpt>
      <trkpt lat="31.27489884383976459503173828125" lon="121.36925593949854373931884765625">
        <ele>2.400000095367431640625</ele>
        <time>2026-06-04T13:28:55.000Z</time>
        <extensions>
          <ns3:TrackPointExtension>
            <ns3:hr>132</ns3:hr>
            <ns3:cad>81</ns3:cad>
          </ns3:TrackPointExtension>
        </extensions>
      </trkpt>
      <trkpt lat="31.27492398954927921295166015625" lon="121.36925979517400264739990234375">
        <ele>2.2000000476837158203125</ele>
        <time>2026-06-04T13:28:56.000Z</time>
        <extensions>
          <ns3:TrackPointExtension>
            <ns3:hr>132</ns3:hr>
            <ns3:cad>81</ns3:cad>
          </ns3:TrackPointExtension>
        </extensions>
      </trkpt>
      <trkpt lat="31.27494326792657375335693359375" lon="121.3692610524594783782958984375">
        <ele>2.2000000476837158203125</ele>
        <time>2026-06-04T13:28:57.000Z</time>
        <extensions>
          <ns3:TrackPointExtension>
            <ns3:hr>132</ns3:hr>
            <ns3:cad>80</ns3:cad>
          </ns3:TrackPointExtension>
        </extensions>
      </trkpt>
      <trkpt lat="31.27496439032256603240966796875" lon="121.36926381848752498626708984375">
        <ele>2.2000000476837158203125</ele>
        <time>2026-06-04T13:28:58.000Z</time>
        <extensions>
          <ns3:TrackPointExtension>
            <ns3:hr>132</ns3:hr>
            <ns3:cad>80</ns3:cad>
          </ns3:TrackPointExtension>
        </extensions>
      </trkpt>
      <trkpt lat="31.274985261261463165283203125" lon="121.36926985345780849456787109375">
        <ele>2.2000000476837158203125</ele>
        <time>2026-06-04T13:28:59.000Z</time>
        <extensions>
          <ns3:TrackPointExtension>
            <ns3:hr>132</ns3:hr>
            <ns3:cad>80</ns3:cad>
          </ns3:TrackPointExtension>
        </extensions>
      </trkpt>
      <trkpt lat="31.275007389485836029052734375" lon="121.36927664279937744140625">
        <ele>2.2000000476837158203125</ele>
        <time>2026-06-04T13:29:00.000Z</time>
        <extensions>
          <ns3:TrackPointExtension>
            <ns3:hr>132</ns3:hr>
            <ns3:cad>79</ns3:cad>
          </ns3:TrackPointExtension>
        </extensions>
      </trkpt>
      <trkpt lat="31.2750253267586231231689453125" lon="121.369274966418743133544921875">
        <ele>2.2000000476837158203125</ele>
        <time>2026-06-04T13:29:01.000Z</time>
        <extensions>
          <ns3:TrackPointExtension>
            <ns3:hr>132</ns3:hr>
            <ns3:cad>80</ns3:cad>
          </ns3:TrackPointExtension>
        </extensions>
      </trkpt>
      <trkpt lat="31.275046281516551971435546875" lon="121.36926901526749134063720703125">
        <ele>2.2000000476837158203125</ele>
        <time>2026-06-04T13:29:02.000Z</time>
        <extensions>
          <ns3:TrackPointExtension>
            <ns3:hr>132</ns3:hr>
            <ns3:cad>80</ns3:cad>
          </ns3:TrackPointExtension>
        </extensions>
      </trkpt>
      <trkpt lat="31.27506832592189311981201171875" lon="121.36926935054361820220947265625">
        <ele>2.2000000476837158203125</ele>
        <time>2026-06-04T13:29:03.000Z</time>
        <extensions>
          <ns3:TrackPointExtension>
            <ns3:hr>132</ns3:hr>
            <ns3:cad>80</ns3:cad>
          </ns3:TrackPointExtension>
        </extensions>
      </trkpt>
      <trkpt lat="31.27509011887013912200927734375" lon="121.36927203275263309478759765625">
        <ele>2.2000000476837158203125</ele>
        <time>2026-06-04T13:29:04.000Z</time>
        <extensions>
          <ns3:TrackPointExtension>
            <ns3:hr>132</ns3:hr>
            <ns3:cad>80</ns3:cad>
          </ns3:TrackPointExtension>
        </extensions>
      </trkpt>
      <trkpt lat="31.275109313428401947021484375" lon="121.3692724518477916717529296875">
        <ele>2.2000000476837158203125</ele>
        <time>2026-06-04T13:29:05.000Z</time>
        <extensions>
          <ns3:TrackPointExtension>
            <ns3:hr>132</ns3:hr>
            <ns3:cad>80</ns3:cad>
          </ns3:TrackPointExtension>
        </extensions>
      </trkpt>
      <trkpt lat="31.27513135783374309539794921875" lon="121.3692781515419483184814453125">
        <ele>2</ele>
        <time>2026-06-04T13:29:06.000Z</time>
        <extensions>
          <ns3:TrackPointExtension>
            <ns3:hr>132</ns3:hr>
            <ns3:cad>80</ns3:cad>
          </ns3:TrackPointExtension>
        </extensions>
      </trkpt>
      <trkpt lat="31.2751503847539424896240234375" lon="121.36928133666515350341796875">
        <ele>2</ele>
        <time>2026-06-04T13:29:07.000Z</time>
        <extensions>
          <ns3:TrackPointExtension>
            <ns3:hr>132</ns3:hr>
            <ns3:cad>80</ns3:cad>
          </ns3:TrackPointExtension>
        </extensions>
      </trkpt>
      <trkpt lat="31.27517159096896648406982421875" lon="121.36928007937967777252197265625">
        <ele>2</ele>
        <time>2026-06-04T13:29:08.000Z</time>
        <extensions>
          <ns3:TrackPointExtension>
            <ns3:hr>133</ns3:hr>
            <ns3:cad>80</ns3:cad>
          </ns3:TrackPointExtension>
        </extensions>
      </trkpt>
      <trkpt lat="31.2751943059265613555908203125" lon="121.3692804984748363494873046875">
        <ele>2.2000000476837158203125</ele>
        <time>2026-06-04T13:29:09.000Z</time>
        <extensions>
          <ns3:TrackPointExtension>
            <ns3:hr>133</ns3:hr>
            <ns3:cad>80</ns3:cad>
          </ns3:TrackPointExtension>
        </extensions>
      </trkpt>
      <trkpt lat="31.2752154283225536346435546875" lon="121.36928577907383441925048828125">
        <ele>2.2000000476837158203125</ele>
        <time>2026-06-04T13:29:10.000Z</time>
        <extensions>
          <ns3:TrackPointExtension>
            <ns3:hr>134</ns3:hr>
            <ns3:cad>80</ns3:cad>
          </ns3:TrackPointExtension>
        </extensions>
      </trkpt>
      <trkpt lat="31.2752368859946727752685546875" lon="121.3692875392735004425048828125">
        <ele>2.2000000476837158203125</ele>
        <time>2026-06-04T13:29:11.000Z</time>
        <extensions>
          <ns3:TrackPointExtension>
            <ns3:hr>134</ns3:hr>
            <ns3:cad>80</ns3:cad>
          </ns3:TrackPointExtension>
        </extensions>
      </trkpt>
      <trkpt lat="31.27525691874325275421142578125" lon="121.3692925684154033660888671875">
        <ele>2</ele>
        <time>2026-06-04T13:29:12.000Z</time>
        <extensions>
          <ns3:TrackPointExtension>
            <ns3:hr>134</ns3:hr>
            <ns3:cad>80</ns3:cad>
          </ns3:TrackPointExtension>
        </extensions>
      </trkpt>
      <trkpt lat="31.2752781249582767486572265625" lon="121.3692959211766719818115234375">
        <ele>2</ele>
        <time>2026-06-04T13:29:13.000Z</time>
        <extensions>
          <ns3:TrackPointExtension>
            <ns3:hr>134</ns3:hr>
            <ns3:cad>81</ns3:cad>
          </ns3:TrackPointExtension>
        </extensions>
      </trkpt>
      <trkpt lat="31.27530075609683990478515625" lon="121.369297094643115997314453125">
        <ele>2.2000000476837158203125</ele>
        <time>2026-06-04T13:29:14.000Z</time>
        <extensions>
          <ns3:TrackPointExtension>
            <ns3:hr>134</ns3:hr>
            <ns3:cad>81</ns3:cad>
          </ns3:TrackPointExtension>
        </extensions>
      </trkpt>
      <trkpt lat="31.27532313577830791473388671875" lon="121.36930145323276519775390625">
        <ele>2.2000000476837158203125</ele>
        <time>2026-06-04T13:29:15.000Z</time>
        <extensions>
          <ns3:TrackPointExtension>
            <ns3:hr>134</ns3:hr>
            <ns3:cad>81</ns3:cad>
          </ns3:TrackPointExtension>
        </extensions>
      </trkpt>
      <trkpt lat="31.2753428332507610321044921875" lon="121.36930455453693866729736328125">
        <ele>2.2000000476837158203125</ele>
        <time>2026-06-04T13:29:16.000Z</time>
        <extensions>
          <ns3:TrackPointExtension>
            <ns3:hr>134</ns3:hr>
            <ns3:cad>81</ns3:cad>
          </ns3:TrackPointExtension>
        </extensions>
      </trkpt>
      <trkpt lat="31.275364123284816741943359375" lon="121.3693026266992092132568359375">
        <ele>2.2000000476837158203125</ele>
        <time>2026-06-04T13:29:17.000Z</time>
        <extensions>
          <ns3:TrackPointExtension>
            <ns3:hr>134</ns3:hr>
            <ns3:cad>81</ns3:cad>
          </ns3:TrackPointExtension>
        </extensions>
      </trkpt>
      <trkpt lat="31.2753864191472530364990234375" lon="121.36930690146982669830322265625">
        <ele>2.2000000476837158203125</ele>
        <time>2026-06-04T13:29:18.000Z</time>
        <extensions>
          <ns3:TrackPointExtension>
            <ns3:hr>133</ns3:hr>
            <ns3:cad>81</ns3:cad>
          </ns3:TrackPointExtension>
        </extensions>
      </trkpt>
      <trkpt lat="31.2754068709909915924072265625" lon="121.36931159533560276031494140625">
        <ele>2.2000000476837158203125</ele>
        <time>2026-06-04T13:29:19.000Z</time>
        <extensions>
          <ns3:TrackPointExtension>
            <ns3:hr>133</ns3:hr>
            <ns3:cad>81</ns3:cad>
          </ns3:TrackPointExtension>
        </extensions>
      </trkpt>
      <trkpt lat="31.2754276581108570098876953125" lon="121.36931461282074451446533203125">
        <ele>2</ele>
        <time>2026-06-04T13:29:20.000Z</time>
        <extensions>
          <ns3:TrackPointExtension>
            <ns3:hr>133</ns3:hr>
            <ns3:cad>81</ns3:cad>
          </ns3:TrackPointExtension>
        </extensions>
      </trkpt>
      <trkpt lat="31.27544769085943698883056640625" lon="121.3693207316100597381591796875">
        <ele>2</ele>
        <time>2026-06-04T13:29:21.000Z</time>
        <extensions>
          <ns3:TrackPointExtension>
            <ns3:hr>133</ns3:hr>
            <ns3:cad>81</ns3:cad>
          </ns3:TrackPointExtension>
        </extensions>
      </trkpt>
      <trkpt lat="31.2754652090370655059814453125" lon="121.3693237490952014923095703125">
        <ele>2</ele>
        <time>2026-06-04T13:29:22.000Z</time>
        <extensions>
          <ns3:TrackPointExtension>
            <ns3:hr>132</ns3:hr>
            <ns3:cad>81</ns3:cad>
          </ns3:TrackPointExtension>
        </extensions>
      </trkpt>
      <trkpt lat="31.27548490650951862335205078125" lon="121.36933037079870700836181640625">
        <ele>1.7999999523162841796875</ele>
        <time>2026-06-04T13:29:23.000Z</time>
        <extensions>
          <ns3:TrackPointExtension>
            <ns3:hr>132</ns3:hr>
            <ns3:cad>80</ns3:cad>
          </ns3:TrackPointExtension>
        </extensions>
      </trkpt>
      <trkpt lat="31.27550384961068630218505859375" lon="121.369331963360309600830078125">
        <ele>1.7999999523162841796875</ele>
        <time>2026-06-04T13:29:24.000Z</time>
        <extensions>
          <ns3:TrackPointExtension>
            <ns3:hr>132</ns3:hr>
            <ns3:cad>80</ns3:cad>
          </ns3:TrackPointExtension>
        </extensions>
      </trkpt>
      <trkpt lat="31.27552765421569347381591796875" lon="121.36933724395930767059326171875">
        <ele>2</ele>
        <time>2026-06-04T13:29:25.000Z</time>
        <extensions>
          <ns3:TrackPointExtension>
            <ns3:hr>132</ns3:hr>
            <ns3:cad>80</ns3:cad>
          </ns3:TrackPointExtension>
        </extensions>
      </trkpt>
      <trkpt lat="31.2755483575165271759033203125" lon="121.3693388365209102630615234375">
        <ele>2</ele>
        <time>2026-06-04T13:29:26.000Z</time>
        <extensions>
          <ns3:TrackPointExtension>
            <ns3:hr>132</ns3:hr>
            <ns3:cad>81</ns3:cad>
          </ns3:TrackPointExtension>
        </extensions>
      </trkpt>
      <trkpt lat="31.275567971169948577880859375" lon="121.369340680539608001708984375">
        <ele>2.2000000476837158203125</ele>
        <time>2026-06-04T13:29:27.000Z</time>
        <extensions>
          <ns3:TrackPointExtension>
            <ns3:hr>132</ns3:hr>
            <ns3:cad>81</ns3:cad>
          </ns3:TrackPointExtension>
        </extensions>
      </trkpt>
      <trkpt lat="31.2755882553756237030029296875" lon="121.36934478767216205596923828125">
        <ele>2.400000095367431640625</ele>
        <time>2026-06-04T13:29:28.000Z</time>
        <extensions>
          <ns3:TrackPointExtension>
            <ns3:hr>132</ns3:hr>
            <ns3:cad>81</ns3:cad>
          </ns3:TrackPointExtension>
        </extensions>
      </trkpt>
      <trkpt lat="31.2756110541522502899169921875" lon="121.3693485595285892486572265625">
        <ele>2.400000095367431640625</ele>
        <time>2026-06-04T13:29:29.000Z</time>
        <extensions>
          <ns3:TrackPointExtension>
            <ns3:hr>132</ns3:hr>
            <ns3:cad>81</ns3:cad>
          </ns3:TrackPointExtension>
        </extensions>
      </trkpt>
      <trkpt lat="31.27563393674790859222412109375" lon="121.3693505711853504180908203125">
        <ele>2.2000000476837158203125</ele>
        <time>2026-06-04T13:29:30.000Z</time>
        <extensions>
          <ns3:TrackPointExtension>
            <ns3:hr>132</ns3:hr>
            <ns3:cad>81</ns3:cad>
          </ns3:TrackPointExtension>
        </extensions>
      </trkpt>
      <trkpt lat="31.27565623261034488677978515625" lon="121.3693519122898578643798828125">
        <ele>2.2000000476837158203125</ele>
        <time>2026-06-04T13:29:31.000Z</time>
        <extensions>
          <ns3:TrackPointExtension>
            <ns3:hr>132</ns3:hr>
            <ns3:cad>81</ns3:cad>
          </ns3:TrackPointExtension>
        </extensions>
      </trkpt>
      <trkpt lat="31.27567986957728862762451171875" lon="121.36935316957533359527587890625">
        <ele>2</ele>
        <time>2026-06-04T13:29:32.000Z</time>
        <extensions>
          <ns3:TrackPointExtension>
            <ns3:hr>132</ns3:hr>
            <ns3:cad>79</ns3:cad>
          </ns3:TrackPointExtension>
        </extensions>
      </trkpt>
      <trkpt lat="31.27570417709648609161376953125" lon="121.36935115791857242584228515625">
        <ele>2</ele>
        <time>2026-06-04T13:29:33.000Z</time>
        <extensions>
          <ns3:TrackPointExtension>
            <ns3:hr>132</ns3:hr>
            <ns3:cad>79</ns3:cad>
          </ns3:TrackPointExtension>
        </extensions>
      </trkpt>
      <trkpt lat="31.27572814933955669403076171875" lon="121.3693530857563018798828125">
        <ele>2</ele>
        <time>2026-06-04T13:29:34.000Z</time>
        <extensions>
          <ns3:TrackPointExtension>
            <ns3:hr>132</ns3:hr>
            <ns3:cad>80</ns3:cad>
          </ns3:TrackPointExtension>
        </extensions>
      </trkpt>
      <trkpt lat="31.2757508642971515655517578125" lon="121.36935836635529994964599609375">
        <ele>2</ele>
        <time>2026-06-04T13:29:35.000Z</time>
        <extensions>
          <ns3:TrackPointExtension>
            <ns3:hr>132</ns3:hr>
            <ns3:cad>80</ns3:cad>
          </ns3:TrackPointExtension>
        </extensions>
      </trkpt>
      <trkpt lat="31.27577525563538074493408203125" lon="121.36935953982174396514892578125">
        <ele>2</ele>
        <time>2026-06-04T13:29:36.000Z</time>
        <extensions>
          <ns3:TrackPointExtension>
            <ns3:hr>132</ns3:hr>
            <ns3:cad>80</ns3:cad>
          </ns3:TrackPointExtension>
        </extensions>
      </trkpt>
      <trkpt lat="31.2758004851639270782470703125" lon="121.3693639822304248809814453125">
        <ele>2.2000000476837158203125</ele>
        <time>2026-06-04T13:29:37.000Z</time>
        <extensions>
          <ns3:TrackPointExtension>
            <ns3:hr>132</ns3:hr>
            <ns3:cad>80</ns3:cad>
          </ns3:TrackPointExtension>
        </extensions>
      </trkpt>
      <trkpt lat="31.27582102082669734954833984375" lon="121.3693686760962009429931640625">
        <ele>2.400000095367431640625</ele>
        <time>2026-06-04T13:29:38.000Z</time>
        <extensions>
          <ns3:TrackPointExtension>
            <ns3:hr>132</ns3:hr>
            <ns3:cad>81</ns3:cad>
          </ns3:TrackPointExtension>
        </extensions>
      </trkpt>
      <trkpt lat="31.2758447416126728057861328125" lon="121.36937445960938930511474609375">
        <ele>2.400000095367431640625</ele>
        <time>2026-06-04T13:29:39.000Z</time>
        <extensions>
          <ns3:TrackPointExtension>
            <ns3:hr>132</ns3:hr>
            <ns3:cad>81</ns3:cad>
          </ns3:TrackPointExtension>
        </extensions>
      </trkpt>
      <trkpt lat="31.27586645074188709259033203125" lon="121.36937244795262813568115234375">
        <ele>2.400000095367431640625</ele>
        <time>2026-06-04T13:29:40.000Z</time>
        <extensions>
          <ns3:TrackPointExtension>
            <ns3:hr>133</ns3:hr>
            <ns3:cad>81</ns3:cad>
          </ns3:TrackPointExtension>
        </extensions>
      </trkpt>
      <trkpt lat="31.27588908188045024871826171875" lon="121.3693767227232456207275390625">
        <ele>2.400000095367431640625</ele>
        <time>2026-06-04T13:29:41.000Z</time>
        <extensions>
          <ns3:TrackPointExtension>
            <ns3:hr>133</ns3:hr>
            <ns3:cad>81</ns3:cad>
          </ns3:TrackPointExtension>
        </extensions>
      </trkpt>
      <trkpt lat="31.2759097851812839508056640625" lon="121.36938334442675113677978515625">
        <ele>2.400000095367431640625</ele>
        <time>2026-06-04T13:29:42.000Z</time>
        <extensions>
          <ns3:TrackPointExtension>
            <ns3:hr>133</ns3:hr>
            <ns3:cad>80</ns3:cad>
          </ns3:TrackPointExtension>
        </extensions>
      </trkpt>
      <trkpt lat="31.275934092700481414794921875" lon="121.3693861104547977447509765625">
        <ele>2.400000095367431640625</ele>
        <time>2026-06-04T13:29:43.000Z</time>
        <extensions>
          <ns3:TrackPointExtension>
            <ns3:hr>134</ns3:hr>
            <ns3:cad>80</ns3:cad>
          </ns3:TrackPointExtension>
        </extensions>
      </trkpt>
      <trkpt lat="31.27595580182969570159912109375" lon="121.36938862502574920654296875">
        <ele>2.400000095367431640625</ele>
        <time>2026-06-04T13:29:44.000Z</time>
        <extensions>
          <ns3:TrackPointExtension>
            <ns3:hr>134</ns3:hr>
            <ns3:cad>80</ns3:cad>
          </ns3:TrackPointExtension>
        </extensions>
      </trkpt>
      <trkpt lat="31.275977678596973419189453125" lon="121.3693971745669841766357421875">
        <ele>2.400000095367431640625</ele>
        <time>2026-06-04T13:29:45.000Z</time>
        <extensions>
          <ns3:TrackPointExtension>
            <ns3:hr>134</ns3:hr>
            <ns3:cad>80</ns3:cad>
          </ns3:TrackPointExtension>
        </extensions>
      </trkpt>
      <trkpt lat="31.27599947154521942138671875" lon="121.36940983124077320098876953125">
        <ele>2.400000095367431640625</ele>
        <time>2026-06-04T13:29:46.000Z</time>
        <extensions>
          <ns3:TrackPointExtension>
            <ns3:hr>134</ns3:hr>
            <ns3:cad>80</ns3:cad>
          </ns3:TrackPointExtension>
        </extensions>
      </trkpt>
      <trkpt lat="31.276018917560577392578125" lon="121.36942089535295963287353515625">
        <ele>2.400000095367431640625</ele>
        <time>2026-06-04T13:29:47.000Z</time>
        <extensions>
          <ns3:TrackPointExtension>
            <ns3:hr>134</ns3:hr>
            <ns3:cad>81</ns3:cad>
          </ns3:TrackPointExtension>
        </extensions>
      </trkpt>
      <trkpt lat="31.276042051613330841064453125" lon="121.36942860670387744903564453125">
        <ele>2.400000095367431640625</ele>
        <time>2026-06-04T13:29:48.000Z</time>
        <extensions>
          <ns3:TrackPointExtension>
            <ns3:hr>134</ns3:hr>
            <ns3:cad>81</ns3:cad>
          </ns3:TrackPointExtension>
        </extensions>
      </trkpt>
      <trkpt lat="31.27606610767543315887451171875" lon="121.36943128891289234161376953125">
        <ele>2.400000095367431640625</ele>
        <time>2026-06-04T13:29:49.000Z</time>
        <extensions>
          <ns3:TrackPointExtension>
            <ns3:hr>134</ns3:hr>
            <ns3:cad>81</ns3:cad>
          </ns3:TrackPointExtension>
        </extensions>
      </trkpt>
      <trkpt lat="31.2760873138904571533203125" lon="121.3694330491125583648681640625">
        <ele>2.400000095367431640625</ele>
        <time>2026-06-04T13:29:50.000Z</time>
        <extensions>
          <ns3:TrackPointExtension>
            <ns3:hr>134</ns3:hr>
            <ns3:cad>81</ns3:cad>
          </ns3:TrackPointExtension>
        </extensions>
      </trkpt>
      <trkpt lat="31.2761087715625762939453125" lon="121.36943296529352664947509765625">
        <ele>2.2000000476837158203125</ele>
        <time>2026-06-04T13:29:51.000Z</time>
        <extensions>
          <ns3:TrackPointExtension>
            <ns3:hr>134</ns3:hr>
            <ns3:cad>81</ns3:cad>
          </ns3:TrackPointExtension>
        </extensions>
      </trkpt>
      <trkpt lat="31.2761324085295200347900390625" lon="121.36943581514060497283935546875">
        <ele>2.2000000476837158203125</ele>
        <time>2026-06-04T13:29:52.000Z</time>
        <extensions>
          <ns3:TrackPointExtension>
            <ns3:hr>134</ns3:hr>
            <ns3:cad>81</ns3:cad>
          </ns3:TrackPointExtension>
        </extensions>
      </trkpt>
      <trkpt lat="31.27615311183035373687744140625" lon="121.3694394193589687347412109375">
        <ele>2</ele>
        <time>2026-06-04T13:29:53.000Z</time>
        <extensions>
          <ns3:TrackPointExtension>
            <ns3:hr>134</ns3:hr>
            <ns3:cad>81</ns3:cad>
          </ns3:TrackPointExtension>
        </extensions>
      </trkpt>
      <trkpt lat="31.27617624588310718536376953125" lon="121.36944293975830078125">
        <ele>2</ele>
        <time>2026-06-04T13:29:54.000Z</time>
        <extensions>
          <ns3:TrackPointExtension>
            <ns3:hr>134</ns3:hr>
            <ns3:cad>81</ns3:cad>
          </ns3:TrackPointExtension>
        </extensions>
      </trkpt>
      <trkpt lat="31.27619854174554347991943359375" lon="121.36944687925279140472412109375">
        <ele>2</ele>
        <time>2026-06-04T13:29:55.000Z</time>
        <extensions>
          <ns3:TrackPointExtension>
            <ns3:hr>134</ns3:hr>
            <ns3:cad>81</ns3:cad>
          </ns3:TrackPointExtension>
        </extensions>
      </trkpt>
      <trkpt lat="31.276219747960567474365234375" lon="121.36944956146180629730224609375">
        <ele>2</ele>
        <time>2026-06-04T13:29:56.000Z</time>
        <extensions>
          <ns3:TrackPointExtension>
            <ns3:hr>134</ns3:hr>
            <ns3:cad>81</ns3:cad>
          </ns3:TrackPointExtension>
        </extensions>
      </trkpt>
      <trkpt lat="31.2762403674423694610595703125" lon="121.36945241130888462066650390625">
        <ele>2</ele>
        <time>2026-06-04T13:29:57.000Z</time>
        <extensions>
          <ns3:TrackPointExtension>
            <ns3:hr>134</ns3:hr>
            <ns3:cad>80</ns3:cad>
          </ns3:TrackPointExtension>
        </extensions>
      </trkpt>
      <trkpt lat="31.2762621603906154632568359375" lon="121.36945995502173900604248046875">
        <ele>2</ele>
        <time>2026-06-04T13:29:58.000Z</time>
        <extensions>
          <ns3:TrackPointExtension>
            <ns3:hr>134</ns3:hr>
            <ns3:cad>80</ns3:cad>
          </ns3:TrackPointExtension>
        </extensions>
      </trkpt>
      <trkpt lat="31.27628135494887828826904296875" lon="121.3694605417549610137939453125">
        <ele>2</ele>
        <time>2026-06-04T13:29:59.000Z</time>
        <extensions>
          <ns3:TrackPointExtension>
            <ns3:hr>134</ns3:hr>
            <ns3:cad>80</ns3:cad>
          </ns3:TrackPointExtension>
        </extensions>
      </trkpt>
      <trkpt lat="31.2763030640780925750732421875" lon="121.36946414597332477569580078125">
        <ele>2</ele>
        <time>2026-06-04T13:30:00.000Z</time>
        <extensions>
          <ns3:TrackPointExtension>
            <ns3:hr>134</ns3:hr>
            <ns3:cad>81</ns3:cad>
          </ns3:TrackPointExtension>
        </extensions>
      </trkpt>
      <trkpt lat="31.276325695216655731201171875" lon="121.36946909129619598388671875">
        <ele>2</ele>
        <time>2026-06-04T13:30:01.000Z</time>
        <extensions>
          <ns3:TrackPointExtension>
            <ns3:hr>134</ns3:hr>
            <ns3:cad>81</ns3:cad>
          </ns3:TrackPointExtension>
        </extensions>
      </trkpt>
      <trkpt lat="31.27634539268910884857177734375" lon="121.3694706000387668609619140625">
        <ele>2.2000000476837158203125</ele>
        <time>2026-06-04T13:30:02.000Z</time>
        <extensions>
          <ns3:TrackPointExtension>
            <ns3:hr>134</ns3:hr>
            <ns3:cad>82</ns3:cad>
          </ns3:TrackPointExtension>
        </extensions>
      </trkpt>
      <trkpt lat="31.2763687781989574432373046875" lon="121.3694737851619720458984375">
        <ele>2.2000000476837158203125</ele>
        <time>2026-06-04T13:30:03.000Z</time>
        <extensions>
          <ns3:TrackPointExtension>
            <ns3:hr>134</ns3:hr>
            <ns3:cad>82</ns3:cad>
          </ns3:TrackPointExtension>
        </extensions>
      </trkpt>
      <trkpt lat="31.27639015205204486846923828125" lon="121.369479484856128692626953125">
        <ele>2</ele>
        <time>2026-06-04T13:30:04.000Z</time>
        <extensions>
          <ns3:TrackPointExtension>
            <ns3:hr>134</ns3:hr>
            <ns3:cad>82</ns3:cad>
          </ns3:TrackPointExtension>
        </extensions>
      </trkpt>
      <trkpt lat="31.27640859223902225494384765625" lon="121.36948392726480960845947265625">
        <ele>2</ele>
        <time>2026-06-04T13:30:05.000Z</time>
        <extensions>
          <ns3:TrackPointExtension>
            <ns3:hr>134</ns3:hr>
            <ns3:cad>82</ns3:cad>
          </ns3:TrackPointExtension>
        </extensions>
      </trkpt>
      <trkpt lat="31.27643256448209285736083984375" lon="121.36948828585445880889892578125">
        <ele>1.7999999523162841796875</ele>
        <time>2026-06-04T13:30:06.000Z</time>
        <extensions>
          <ns3:TrackPointExtension>
            <ns3:hr>134</ns3:hr>
            <ns3:cad>82</ns3:cad>
          </ns3:TrackPointExtension>
        </extensions>
      </trkpt>
      <trkpt lat="31.27645636908710002899169921875" lon="121.36948996223509311676025390625">
        <ele>1.7999999523162841796875</ele>
        <time>2026-06-04T13:30:07.000Z</time>
        <extensions>
          <ns3:TrackPointExtension>
            <ns3:hr>134</ns3:hr>
            <ns3:cad>81</ns3:cad>
          </ns3:TrackPointExtension>
        </extensions>
      </trkpt>
      <trkpt lat="31.27647900022566318511962890625" lon="121.369492225348949432373046875">
        <ele>2</ele>
        <time>2026-06-04T13:30:08.000Z</time>
        <extensions>
          <ns3:TrackPointExtension>
            <ns3:hr>134</ns3:hr>
            <ns3:cad>81</ns3:cad>
          </ns3:TrackPointExtension>
        </extensions>
      </trkpt>
      <trkpt lat="31.276504062116146087646484375" lon="121.36949817650020122528076171875">
        <ele>2</ele>
        <time>2026-06-04T13:30:09.000Z</time>
        <extensions>
          <ns3:TrackPointExtension>
            <ns3:hr>134</ns3:hr>
            <ns3:cad>81</ns3:cad>
          </ns3:TrackPointExtension>
        </extensions>
      </trkpt>
      <trkpt lat="31.2765250168740749359130859375" lon="121.3695024512708187103271484375">
        <ele>2.2000000476837158203125</ele>
        <time>2026-06-04T13:30:10.000Z</time>
        <extensions>
          <ns3:TrackPointExtension>
            <ns3:hr>134</ns3:hr>
            <ns3:cad>81</ns3:cad>
          </ns3:TrackPointExtension>
        </extensions>
      </trkpt>
      <trkpt lat="31.27654706127941608428955078125" lon="121.369508318603038787841796875">
        <ele>2</ele>
        <time>2026-06-04T13:30:11.000Z</time>
        <extensions>
          <ns3:TrackPointExtension>
            <ns3:hr>134</ns3:hr>
            <ns3:cad>81</ns3:cad>
          </ns3:TrackPointExtension>
        </extensions>
      </trkpt>
      <trkpt lat="31.27657136879861354827880859375" lon="121.36951334774494171142578125">
        <ele>2</ele>
        <time>2026-06-04T13:30:12.000Z</time>
        <extensions>
          <ns3:TrackPointExtension>
            <ns3:hr>134</ns3:hr>
            <ns3:cad>81</ns3:cad>
          </ns3:TrackPointExtension>
        </extensions>
      </trkpt>
      <trkpt lat="31.27659265883266925811767578125" lon="121.369513012468814849853515625">
        <ele>1.7999999523162841796875</ele>
        <time>2026-06-04T13:30:13.000Z</time>
        <extensions>
          <ns3:TrackPointExtension>
            <ns3:hr>134</ns3:hr>
            <ns3:cad>81</ns3:cad>
          </ns3:TrackPointExtension>
        </extensions>
      </trkpt>
      <trkpt lat="31.27661344595253467559814453125" lon="121.369515024125576019287109375">
        <ele>1.7999999523162841796875</ele>
        <time>2026-06-04T13:30:14.000Z</time>
        <extensions>
          <ns3:TrackPointExtension>
            <ns3:hr>134</ns3:hr>
            <ns3:cad>81</ns3:cad>
          </ns3:TrackPointExtension>
        </extensions>
      </trkpt>
      <trkpt lat="31.276637502014636993408203125" lon="121.369515694677829742431640625">
        <ele>2</ele>
        <time>2026-06-04T13:30:15.000Z</time>
        <extensions>
          <ns3:TrackPointExtension>
            <ns3:hr>134</ns3:hr>
            <ns3:cad>80</ns3:cad>
          </ns3:TrackPointExtension>
        </extensions>
      </trkpt>
      <trkpt lat="31.27665736712515354156494140625" lon="121.36951561085879802703857421875">
        <ele>2</ele>
        <time>2026-06-04T13:30:16.000Z</time>
        <extensions>
          <ns3:TrackPointExtension>
            <ns3:hr>134</ns3:hr>
            <ns3:cad>80</ns3:cad>
          </ns3:TrackPointExtension>
        </extensions>
      </trkpt>
      <trkpt lat="31.27667807042598724365234375" lon="121.36951577849686145782470703125">
        <ele>2</ele>
        <time>2026-06-04T13:30:17.000Z</time>
        <extensions>
          <ns3:TrackPointExtension>
            <ns3:hr>134</ns3:hr>
            <ns3:cad>80</ns3:cad>
          </ns3:TrackPointExtension>
        </extensions>
      </trkpt>
      <trkpt lat="31.2767015397548675537109375" lon="121.36951468884944915771484375">
        <ele>2</ele>
        <time>2026-06-04T13:30:18.000Z</time>
        <extensions>
          <ns3:TrackPointExtension>
            <ns3:hr>134</ns3:hr>
            <ns3:cad>81</ns3:cad>
          </ns3:TrackPointExtension>
        </extensions>
      </trkpt>
      <trkpt lat="31.27672224305570125579833984375" lon="121.36951762251555919647216796875">
        <ele>2</ele>
        <time>2026-06-04T13:30:19.000Z</time>
        <extensions>
          <ns3:TrackPointExtension>
            <ns3:hr>134</ns3:hr>
            <ns3:cad>81</ns3:cad>
          </ns3:TrackPointExtension>
        </extensions>
      </trkpt>
      <trkpt lat="31.2767432816326618194580078125" lon="121.3695175386965274810791015625">
        <ele>1.7999999523162841796875</ele>
        <time>2026-06-04T13:30:20.000Z</time>
        <extensions>
          <ns3:TrackPointExtension>
            <ns3:hr>134</ns3:hr>
            <ns3:cad>81</ns3:cad>
          </ns3:TrackPointExtension>
        </extensions>
      </trkpt>
      <trkpt lat="31.27676214091479778289794921875" lon="121.36951879598200321197509765625">
        <ele>2</ele>
        <time>2026-06-04T13:30:21.000Z</time>
        <extensions>
          <ns3:TrackPointExtension>
            <ns3:hr>134</ns3:hr>
            <ns3:cad>81</ns3:cad>
          </ns3:TrackPointExtension>
        </extensions>
      </trkpt>
      <trkpt lat="31.2767841853201389312744140625" lon="121.36952005326747894287109375">
        <ele>2</ele>
        <time>2026-06-04T13:30:22.000Z</time>
        <extensions>
          <ns3:TrackPointExtension>
            <ns3:hr>134</ns3:hr>
            <ns3:cad>80</ns3:cad>
          </ns3:TrackPointExtension>
        </extensions>
      </trkpt>
      <trkpt lat="31.27680539153516292572021484375" lon="121.36952064000070095062255859375">
        <ele>1.7999999523162841796875</ele>
        <time>2026-06-04T13:30:23.000Z</time>
        <extensions>
          <ns3:TrackPointExtension>
            <ns3:hr>134</ns3:hr>
            <ns3:cad>81</ns3:cad>
          </ns3:TrackPointExtension>
        </extensions>
      </trkpt>
      <trkpt lat="31.2768264301121234893798828125" lon="121.369521729648113250732421875">
        <ele>2</ele>
        <time>2026-06-04T13:30:24.000Z</time>
        <extensions>
          <ns3:TrackPointExtension>
            <ns3:hr>134</ns3:hr>
            <ns3:cad>81</ns3:cad>
          </ns3:TrackPointExtension>
        </extensions>
      </trkpt>
      <trkpt lat="31.27684730105102062225341796875" lon="121.36952047236263751983642578125">
        <ele>2</ele>
        <time>2026-06-04T13:30:25.000Z</time>
        <extensions>
          <ns3:TrackPointExtension>
            <ns3:hr>134</ns3:hr>
            <ns3:cad>81</ns3:cad>
          </ns3:TrackPointExtension>
        </extensions>
      </trkpt>
      <trkpt lat="31.27686825580894947052001953125" lon="121.3695205561816692352294921875">
        <ele>2</ele>
        <time>2026-06-04T13:30:26.000Z</time>
        <extensions>
          <ns3:TrackPointExtension>
            <ns3:hr>135</ns3:hr>
            <ns3:cad>81</ns3:cad>
          </ns3:TrackPointExtension>
        </extensions>
      </trkpt>
      <trkpt lat="31.27688728272914886474609375" lon="121.36952080763876438140869140625">
        <ele>2</ele>
        <time>2026-06-04T13:30:27.000Z</time>
        <extensions>
          <ns3:TrackPointExtension>
            <ns3:hr>135</ns3:hr>
            <ns3:cad>81</ns3:cad>
          </ns3:TrackPointExtension>
        </extensions>
      </trkpt>
      <trkpt lat="31.2769062258303165435791015625" lon="121.36951477266848087310791015625">
        <ele>2</ele>
        <time>2026-06-04T13:30:28.000Z</time>
        <extensions>
          <ns3:TrackPointExtension>
            <ns3:hr>135</ns3:hr>
            <ns3:cad>80</ns3:cad>
          </ns3:TrackPointExtension>
        </extensions>
      </trkpt>
      <trkpt lat="31.27692751586437225341796875" lon="121.36951024644076824188232421875">
        <ele>2</ele>
        <time>2026-06-04T13:30:29.000Z</time>
        <extensions>
          <ns3:TrackPointExtension>
            <ns3:hr>136</ns3:hr>
            <ns3:cad>80</ns3:cad>
          </ns3:TrackPointExtension>
        </extensions>
      </trkpt>
      <trkpt lat="31.276947297155857086181640625" lon="121.36951359920203685760498046875">
        <ele>2</ele>
        <time>2026-06-04T13:30:30.000Z</time>
        <extensions>
          <ns3:TrackPointExtension>
            <ns3:hr>136</ns3:hr>
            <ns3:cad>80</ns3:cad>
          </ns3:TrackPointExtension>
        </extensions>
      </trkpt>
      <trkpt lat="31.27697017975151538848876953125" lon="121.3695118390023708343505859375">
        <ele>1.7999999523162841796875</ele>
        <time>2026-06-04T13:30:31.000Z</time>
        <extensions>
          <ns3:TrackPointExtension>
            <ns3:hr>136</ns3:hr>
            <ns3:cad>79</ns3:cad>
          </ns3:TrackPointExtension>
        </extensions>
      </trkpt>
      <trkpt lat="31.27699448727071285247802734375" lon="121.369509659707546234130859375">
        <ele>1.7999999523162841796875</ele>
        <time>2026-06-04T13:30:32.000Z</time>
        <extensions>
          <ns3:TrackPointExtension>
            <ns3:hr>136</ns3:hr>
            <ns3:cad>79</ns3:cad>
          </ns3:TrackPointExtension>
        </extensions>
      </trkpt>
      <trkpt lat="31.2770158611238002777099609375" lon="121.3695118390023708343505859375">
        <ele>1.60000002384185791015625</ele>
        <time>2026-06-04T13:30:33.000Z</time>
        <extensions>
          <ns3:TrackPointExtension>
            <ns3:hr>136</ns3:hr>
            <ns3:cad>79</ns3:cad>
          </ns3:TrackPointExtension>
        </extensions>
      </trkpt>
      <trkpt lat="31.27703874371945858001708984375" lon="121.369520388543605804443359375">
        <ele>1.60000002384185791015625</ele>
        <time>2026-06-04T13:30:34.000Z</time>
        <extensions>
          <ns3:TrackPointExtension>
            <ns3:hr>136</ns3:hr>
            <ns3:cad>77</ns3:cad>
          </ns3:TrackPointExtension>
        </extensions>
      </trkpt>
      <trkpt lat="31.27706162631511688232421875" lon="121.36952675879001617431640625">
        <ele>1.60000002384185791015625</ele>
        <time>2026-06-04T13:30:35.000Z</time>
        <extensions>
          <ns3:TrackPointExtension>
            <ns3:hr>136</ns3:hr>
            <ns3:cad>77</ns3:cad>
          </ns3:TrackPointExtension>
        </extensions>
      </trkpt>
      <trkpt lat="31.27707964740693569183349609375" lon="121.36953740380704402923583984375">
        <ele>1.60000002384185791015625</ele>
        <time>2026-06-04T13:30:36.000Z</time>
        <extensions>
          <ns3:TrackPointExtension>
            <ns3:hr>136</ns3:hr>
            <ns3:cad>77</ns3:cad>
          </ns3:TrackPointExtension>
        </extensions>
      </trkpt>
      <trkpt lat="31.2771020270884037017822265625" lon="121.36954687535762786865234375">
        <ele>1.7999999523162841796875</ele>
        <time>2026-06-04T13:30:37.000Z</time>
        <extensions>
          <ns3:TrackPointExtension>
            <ns3:hr>136</ns3:hr>
            <ns3:cad>78</ns3:cad>
          </ns3:TrackPointExtension>
        </extensions>
      </trkpt>
      <trkpt lat="31.27712474204599857330322265625" lon="121.36955332942306995391845703125">
        <ele>1.7999999523162841796875</ele>
        <time>2026-06-04T13:30:38.000Z</time>
        <extensions>
          <ns3:TrackPointExtension>
            <ns3:hr>136</ns3:hr>
            <ns3:cad>80</ns3:cad>
          </ns3:TrackPointExtension>
        </extensions>
      </trkpt>
      <trkpt lat="31.2771452777087688446044921875" lon="121.3695571012794971466064453125">
        <ele>2</ele>
        <time>2026-06-04T13:30:39.000Z</time>
        <extensions>
          <ns3:TrackPointExtension>
            <ns3:hr>136</ns3:hr>
            <ns3:cad>80</ns3:cad>
          </ns3:TrackPointExtension>
        </extensions>
      </trkpt>
      <trkpt lat="31.2771684117615222930908203125" lon="121.36956355534493923187255859375">
        <ele>2</ele>
        <time>2026-06-04T13:30:40.000Z</time>
        <extensions>
          <ns3:TrackPointExtension>
            <ns3:hr>136</ns3:hr>
            <ns3:cad>80</ns3:cad>
          </ns3:TrackPointExtension>
        </extensions>
      </trkpt>
      <trkpt lat="31.27719171345233917236328125" lon="121.36956875212490558624267578125">
        <ele>2.2000000476837158203125</ele>
        <time>2026-06-04T13:30:41.000Z</time>
        <extensions>
          <ns3:TrackPointExtension>
            <ns3:hr>136</ns3:hr>
            <ns3:cad>80</ns3:cad>
          </ns3:TrackPointExtension>
        </extensions>
      </trkpt>
      <trkpt lat="31.277210153639316558837890625" lon="121.36957897804677486419677734375">
        <ele>2.2000000476837158203125</ele>
        <time>2026-06-04T13:30:42.000Z</time>
        <extensions>
          <ns3:TrackPointExtension>
            <ns3:hr>135</ns3:hr>
            <ns3:cad>80</ns3:cad>
          </ns3:TrackPointExtension>
        </extensions>
      </trkpt>
      <trkpt lat="31.27723437733948230743408203125" lon="121.36958752758800983428955078125">
        <ele>2</ele>
        <time>2026-06-04T13:30:43.000Z</time>
        <extensions>
          <ns3:TrackPointExtension>
            <ns3:hr>136</ns3:hr>
            <ns3:cad>80</ns3:cad>
          </ns3:TrackPointExtension>
        </extensions>
      </trkpt>
      <trkpt lat="31.27725617028772830963134765625" lon="121.3695946522057056427001953125">
        <ele>2</ele>
        <time>2026-06-04T13:30:44.000Z</time>
        <extensions>
          <ns3:TrackPointExtension>
            <ns3:hr>136</ns3:hr>
            <ns3:cad>80</ns3:cad>
          </ns3:TrackPointExtension>
        </extensions>
      </trkpt>
      <trkpt lat="31.2772777117788791656494140625" lon="121.36959783732891082763671875">
        <ele>2</ele>
        <time>2026-06-04T13:30:45.000Z</time>
        <extensions>
          <ns3:TrackPointExtension>
            <ns3:hr>136</ns3:hr>
            <ns3:cad>80</ns3:cad>
          </ns3:TrackPointExtension>
        </extensions>
      </trkpt>
      <trkpt lat="31.27730042673647403717041015625" lon="121.3695976696908473968505859375">
        <ele>2</ele>
        <time>2026-06-04T13:30:46.000Z</time>
        <extensions>
          <ns3:TrackPointExtension>
            <ns3:hr>136</ns3:hr>
            <ns3:cad>81</ns3:cad>
          </ns3:TrackPointExtension>
        </extensions>
      </trkpt>
      <trkpt lat="31.2773226387798786163330078125" lon="121.36960211209952831268310546875">
        <ele>2</ele>
        <time>2026-06-04T13:30:47.000Z</time>
        <extensions>
          <ns3:TrackPointExtension>
            <ns3:hr>136</ns3:hr>
            <ns3:cad>81</ns3:cad>
          </ns3:TrackPointExtension>
        </extensions>
      </trkpt>
      <trkpt lat="31.27734485082328319549560546875" lon="121.369605548679828643798828125">
        <ele>2.2000000476837158203125</ele>
        <time>2026-06-04T13:30:48.000Z</time>
        <extensions>
          <ns3:TrackPointExtension>
            <ns3:hr>136</ns3:hr>
            <ns3:cad>81</ns3:cad>
          </ns3:TrackPointExtension>
        </extensions>
      </trkpt>
      <trkpt lat="31.27736873924732208251953125" lon="121.3696080632507801055908203125">
        <ele>2.2000000476837158203125</ele>
        <time>2026-06-04T13:30:49.000Z</time>
        <extensions>
          <ns3:TrackPointExtension>
            <ns3:hr>136</ns3:hr>
            <ns3:cad>81</ns3:cad>
          </ns3:TrackPointExtension>
        </extensions>
      </trkpt>
      <trkpt lat="31.2773906998336315155029296875" lon="121.3696104101836681365966796875">
        <ele>2.2000000476837158203125</ele>
        <time>2026-06-04T13:30:50.000Z</time>
        <extensions>
          <ns3:TrackPointExtension>
            <ns3:hr>135</ns3:hr>
            <ns3:cad>81</ns3:cad>
          </ns3:TrackPointExtension>
        </extensions>
      </trkpt>
      <trkpt lat="31.277413330972194671630859375" lon="121.3696107454597949981689453125">
        <ele>2.2000000476837158203125</ele>
        <time>2026-06-04T13:30:51.000Z</time>
        <extensions>
          <ns3:TrackPointExtension>
            <ns3:hr>136</ns3:hr>
            <ns3:cad>80</ns3:cad>
          </ns3:TrackPointExtension>
        </extensions>
      </trkpt>
      <trkpt lat="31.2774352915585041046142578125" lon="121.36961133219301700592041015625">
        <ele>2.2000000476837158203125</ele>
        <time>2026-06-04T13:30:52.000Z</time>
        <extensions>
          <ns3:TrackPointExtension>
            <ns3:hr>136</ns3:hr>
            <ns3:cad>80</ns3:cad>
          </ns3:TrackPointExtension>
        </extensions>
      </trkpt>
      <trkpt lat="31.27745917998254299163818359375" lon="121.369616948068141937255859375">
        <ele>2.2000000476837158203125</ele>
        <time>2026-06-04T13:30:53.000Z</time>
        <extensions>
          <ns3:TrackPointExtension>
            <ns3:hr>136</ns3:hr>
            <ns3:cad>81</ns3:cad>
          </ns3:TrackPointExtension>
        </extensions>
      </trkpt>
      <trkpt lat="31.27748063765466213226318359375" lon="121.36962222866714000701904296875">
        <ele>2.2000000476837158203125</ele>
        <time>2026-06-04T13:30:54.000Z</time>
        <extensions>
          <ns3:TrackPointExtension>
            <ns3:hr>136</ns3:hr>
            <ns3:cad>81</ns3:cad>
          </ns3:TrackPointExtension>
        </extensions>
      </trkpt>
      <trkpt lat="31.2775006704032421112060546875" lon="121.3696258328855037689208984375">
        <ele>2.2000000476837158203125</ele>
        <time>2026-06-04T13:30:55.000Z</time>
        <extensions>
          <ns3:TrackPointExtension>
            <ns3:hr>136</ns3:hr>
            <ns3:cad>82</ns3:cad>
          </ns3:TrackPointExtension>
        </extensions>
      </trkpt>
      <trkpt lat="31.27752070315182209014892578125" lon="121.3696288503706455230712890625">
        <ele>2.2000000476837158203125</ele>
        <time>2026-06-04T13:30:56.000Z</time>
        <extensions>
          <ns3:TrackPointExtension>
            <ns3:hr>136</ns3:hr>
            <ns3:cad>82</ns3:cad>
          </ns3:TrackPointExtension>
        </extensions>
      </trkpt>
      <trkpt lat="31.27754434011876583099365234375" lon="121.36963128112256526947021484375">
        <ele>2.2000000476837158203125</ele>
        <time>2026-06-04T13:30:57.000Z</time>
        <extensions>
          <ns3:TrackPointExtension>
            <ns3:hr>136</ns3:hr>
            <ns3:cad>82</ns3:cad>
          </ns3:TrackPointExtension>
        </extensions>
      </trkpt>
      <trkpt lat="31.277566216886043548583984375" lon="121.36963404715061187744140625">
        <ele>2.2000000476837158203125</ele>
        <time>2026-06-04T13:30:58.000Z</time>
        <extensions>
          <ns3:TrackPointExtension>
            <ns3:hr>137</ns3:hr>
            <ns3:cad>82</ns3:cad>
          </ns3:TrackPointExtension>
        </extensions>
      </trkpt>
      <trkpt lat="31.277589686214923858642578125" lon="121.36963899247348308563232421875">
        <ele>2.2000000476837158203125</ele>
        <time>2026-06-04T13:30:59.000Z</time>
        <extensions>
          <ns3:TrackPointExtension>
            <ns3:hr>138</ns3:hr>
            <ns3:cad>82</ns3:cad>
          </ns3:TrackPointExtension>
        </extensions>
      </trkpt>
      <trkpt lat="31.2776123173534870147705078125" lon="121.36964100413024425506591796875">
        <ele>2.400000095367431640625</ele>
        <time>2026-06-04T13:31:00.000Z</time>
        <extensions>
          <ns3:TrackPointExtension>
            <ns3:hr>138</ns3:hr>
            <ns3:cad>82</ns3:cad>
          </ns3:TrackPointExtension>
        </extensions>
      </trkpt>
      <trkpt lat="31.27763637341558933258056640625" lon="121.36964502744376659393310546875">
        <ele>2.400000095367431640625</ele>
        <time>2026-06-04T13:31:01.000Z</time>
        <extensions>
          <ns3:TrackPointExtension>
            <ns3:hr>138</ns3:hr>
            <ns3:cad>82</ns3:cad>
          </ns3:TrackPointExtension>
        </extensions>
      </trkpt>
      <trkpt lat="31.27766110002994537353515625" lon="121.3696503080427646636962890625">
        <ele>2.400000095367431640625</ele>
        <time>2026-06-04T13:31:02.000Z</time>
        <extensions>
          <ns3:TrackPointExtension>
            <ns3:hr>138</ns3:hr>
            <ns3:cad>81</ns3:cad>
          </ns3:TrackPointExtension>
        </extensions>
      </trkpt>
      <trkpt lat="31.2776844017207622528076171875" lon="121.36965089477598667144775390625">
        <ele>2.400000095367431640625</ele>
        <time>2026-06-04T13:31:03.000Z</time>
        <extensions>
          <ns3:TrackPointExtension>
            <ns3:hr>138</ns3:hr>
            <ns3:cad>81</ns3:cad>
          </ns3:TrackPointExtension>
        </extensions>
      </trkpt>
      <trkpt lat="31.27770342864096164703369140625" lon="121.369654498994350433349609375">
        <ele>2.400000095367431640625</ele>
        <time>2026-06-04T13:31:04.000Z</time>
        <extensions>
          <ns3:TrackPointExtension>
            <ns3:hr>138</ns3:hr>
            <ns3:cad>81</ns3:cad>
          </ns3:TrackPointExtension>
        </extensions>
      </trkpt>
      <trkpt lat="31.277723796665668487548828125" lon="121.3696563430130481719970703125">
        <ele>2.2000000476837158203125</ele>
        <time>2026-06-04T13:31:05.000Z</time>
        <extensions>
          <ns3:TrackPointExtension>
            <ns3:hr>138</ns3:hr>
            <ns3:cad>81</ns3:cad>
          </ns3:TrackPointExtension>
        </extensions>
      </trkpt>
      <trkpt lat="31.2777454219758510589599609375" lon="121.369659192860126495361328125">
        <ele>2.2000000476837158203125</ele>
        <time>2026-06-04T13:31:06.000Z</time>
        <extensions>
          <ns3:TrackPointExtension>
            <ns3:hr>138</ns3:hr>
            <ns3:cad>81</ns3:cad>
          </ns3:TrackPointExtension>
        </extensions>
      </trkpt>
      <trkpt lat="31.27776344306766986846923828125" lon="121.36966112069785594940185546875">
        <ele>2.2000000476837158203125</ele>
        <time>2026-06-04T13:31:07.000Z</time>
        <extensions>
          <ns3:TrackPointExtension>
            <ns3:hr>137</ns3:hr>
            <ns3:cad>82</ns3:cad>
          </ns3:TrackPointExtension>
        </extensions>
      </trkpt>
      <trkpt lat="31.27778674475848674774169921875" lon="121.3696643896400928497314453125">
        <ele>2</ele>
        <time>2026-06-04T13:31:08.000Z</time>
        <extensions>
          <ns3:TrackPointExtension>
            <ns3:hr>138</ns3:hr>
            <ns3:cad>82</ns3:cad>
          </ns3:TrackPointExtension>
        </extensions>
      </trkpt>
      <trkpt lat="31.27780904062092304229736328125" lon="121.369665898382663726806640625">
        <ele>2</ele>
        <time>2026-06-04T13:31:09.000Z</time>
        <extensions>
          <ns3:TrackPointExtension>
            <ns3:hr>138</ns3:hr>
            <ns3:cad>82</ns3:cad>
          </ns3:TrackPointExtension>
        </extensions>
      </trkpt>
      <trkpt lat="31.27782932482659816741943359375" lon="121.369667239487171173095703125">
        <ele>2</ele>
        <time>2026-06-04T13:31:10.000Z</time>
        <extensions>
          <ns3:TrackPointExtension>
            <ns3:hr>138</ns3:hr>
            <ns3:cad>81</ns3:cad>
          </ns3:TrackPointExtension>
        </extensions>
      </trkpt>
      <trkpt lat="31.2778506986796855926513671875" lon="121.36967201717197895050048828125">
        <ele>2.2000000476837158203125</ele>
        <time>2026-06-04T13:31:11.000Z</time>
        <extensions>
          <ns3:TrackPointExtension>
            <ns3:hr>138</ns3:hr>
            <ns3:cad>81</ns3:cad>
          </ns3:TrackPointExtension>
        </extensions>
      </trkpt>
      <trkpt lat="31.27787609584629535675048828125" lon="121.3696776330471038818359375">
        <ele>2.400000095367431640625</ele>
        <time>2026-06-04T13:31:12.000Z</time>
        <extensions>
          <ns3:TrackPointExtension>
            <ns3:hr>138</ns3:hr>
            <ns3:cad>81</ns3:cad>
          </ns3:TrackPointExtension>
        </extensions>
      </trkpt>
      <trkpt lat="31.277894787490367889404296875" lon="121.36968324892222881317138671875">
        <ele>2.400000095367431640625</ele>
        <time>2026-06-04T13:31:13.000Z</time>
        <extensions>
          <ns3:TrackPointExtension>
            <ns3:hr>138</ns3:hr>
            <ns3:cad>80</ns3:cad>
          </ns3:TrackPointExtension>
        </extensions>
      </trkpt>
      <trkpt lat="31.27791649661958217620849609375" lon="121.36968626640737056732177734375">
        <ele>2.599999904632568359375</ele>
        <time>2026-06-04T13:31:14.000Z</time>
        <extensions>
          <ns3:TrackPointExtension>
            <ns3:hr>138</ns3:hr>
            <ns3:cad>80</ns3:cad>
          </ns3:TrackPointExtension>
        </extensions>
      </trkpt>
      <trkpt lat="31.27793929539620876312255859375" lon="121.3696898706257343292236328125">
        <ele>2.7999999523162841796875</ele>
        <time>2026-06-04T13:31:15.000Z</time>
        <extensions>
          <ns3:TrackPointExtension>
            <ns3:hr>138</ns3:hr>
            <ns3:cad>80</ns3:cad>
          </ns3:TrackPointExtension>
        </extensions>
      </trkpt>
      <trkpt lat="31.2779593281447887420654296875" lon="121.369697414338588714599609375">
        <ele>2.7999999523162841796875</ele>
        <time>2026-06-04T13:31:16.000Z</time>
        <extensions>
          <ns3:TrackPointExtension>
            <ns3:hr>138</ns3:hr>
            <ns3:cad>80</ns3:cad>
          </ns3:TrackPointExtension>
        </extensions>
      </trkpt>
      <trkpt lat="31.27798137255012989044189453125" lon="121.36970101855695247650146484375">
        <ele>2.7999999523162841796875</ele>
        <time>2026-06-04T13:31:17.000Z</time>
        <extensions>
          <ns3:TrackPointExtension>
            <ns3:hr>137</ns3:hr>
            <ns3:cad>80</ns3:cad>
          </ns3:TrackPointExtension>
        </extensions>
      </trkpt>
      <trkpt lat="31.27800467424094676971435546875" lon="121.36970386840403079986572265625">
        <ele>2.599999904632568359375</ele>
        <time>2026-06-04T13:31:18.000Z</time>
        <extensions>
          <ns3:TrackPointExtension>
            <ns3:hr>138</ns3:hr>
            <ns3:cad>80</ns3:cad>
          </ns3:TrackPointExtension>
        </extensions>
      </trkpt>
      <trkpt lat="31.27802713774144649505615234375" lon="121.3697042874991893768310546875">
        <ele>2.400000095367431640625</ele>
        <time>2026-06-04T13:31:19.000Z</time>
        <extensions>
          <ns3:TrackPointExtension>
            <ns3:hr>138</ns3:hr>
            <ns3:cad>80</ns3:cad>
          </ns3:TrackPointExtension>
        </extensions>
      </trkpt>
      <trkpt lat="31.2780478410422801971435546875" lon="121.3697059638798236846923828125">
        <ele>2.400000095367431640625</ele>
        <time>2026-06-04T13:31:20.000Z</time>
        <extensions>
          <ns3:TrackPointExtension>
            <ns3:hr>138</ns3:hr>
            <ns3:cad>81</ns3:cad>
          </ns3:TrackPointExtension>
        </extensions>
      </trkpt>
      <trkpt lat="31.2780686281621456146240234375" lon="121.36971107684075832366943359375">
        <ele>2.400000095367431640625</ele>
        <time>2026-06-04T13:31:21.000Z</time>
        <extensions>
          <ns3:TrackPointExtension>
            <ns3:hr>137</ns3:hr>
            <ns3:cad>81</ns3:cad>
          </ns3:TrackPointExtension>
        </extensions>
      </trkpt>
      <trkpt lat="31.27809084020555019378662109375" lon="121.36971585452556610107421875">
        <ele>2.400000095367431640625</ele>
        <time>2026-06-04T13:31:22.000Z</time>
        <extensions>
          <ns3:TrackPointExtension>
            <ns3:hr>137</ns3:hr>
            <ns3:cad>81</ns3:cad>
          </ns3:TrackPointExtension>
        </extensions>
      </trkpt>
      <trkpt lat="31.2781122140586376190185546875" lon="121.36971677653491497039794921875">
        <ele>2.400000095367431640625</ele>
        <time>2026-06-04T13:31:23.000Z</time>
        <extensions>
          <ns3:TrackPointExtension>
            <ns3:hr>137</ns3:hr>
            <ns3:cad>81</ns3:cad>
          </ns3:TrackPointExtension>
        </extensions>
      </trkpt>
      <trkpt lat="31.27813610248267650604248046875" lon="121.36971962638199329376220703125">
        <ele>2.400000095367431640625</ele>
        <time>2026-06-04T13:31:24.000Z</time>
        <extensions>
          <ns3:TrackPointExtension>
            <ns3:hr>136</ns3:hr>
            <ns3:cad>81</ns3:cad>
          </ns3:TrackPointExtension>
        </extensions>
      </trkpt>
      <trkpt lat="31.27815823070704936981201171875" lon="121.36972398497164249420166015625">
        <ele>2.400000095367431640625</ele>
        <time>2026-06-04T13:31:25.000Z</time>
        <extensions>
          <ns3:TrackPointExtension>
            <ns3:hr>136</ns3:hr>
            <ns3:cad>81</ns3:cad>
          </ns3:TrackPointExtension>
        </extensions>
      </trkpt>
      <trkpt lat="31.2781819514930248260498046875" lon="121.36972784064710140228271484375">
        <ele>2.400000095367431640625</ele>
        <time>2026-06-04T13:31:26.000Z</time>
        <extensions>
          <ns3:TrackPointExtension>
            <ns3:hr>136</ns3:hr>
            <ns3:cad>80</ns3:cad>
          </ns3:TrackPointExtension>
        </extensions>
      </trkpt>
      <trkpt lat="31.2782034091651439666748046875" lon="121.3697312772274017333984375">
        <ele>2.400000095367431640625</ele>
        <time>2026-06-04T13:31:27.000Z</time>
        <extensions>
          <ns3:TrackPointExtension>
            <ns3:hr>136</ns3:hr>
            <ns3:cad>80</ns3:cad>
          </ns3:TrackPointExtension>
        </extensions>
      </trkpt>
      <trkpt lat="31.2782275490462779998779296875" lon="121.369734965264797210693359375">
        <ele>2.400000095367431640625</ele>
        <time>2026-06-04T13:31:28.000Z</time>
        <extensions>
          <ns3:TrackPointExtension>
            <ns3:hr>136</ns3:hr>
            <ns3:cad>81</ns3:cad>
          </ns3:TrackPointExtension>
        </extensions>
      </trkpt>
      <trkpt lat="31.27824976108968257904052734375" lon="121.36973974294960498809814453125">
        <ele>2.400000095367431640625</ele>
        <time>2026-06-04T13:31:29.000Z</time>
        <extensions>
          <ns3:TrackPointExtension>
            <ns3:hr>136</ns3:hr>
            <ns3:cad>81</ns3:cad>
          </ns3:TrackPointExtension>
        </extensions>
      </trkpt>
      <trkpt lat="31.27826920710504055023193359375" lon="121.369738988578319549560546875">
        <ele>2.400000095367431640625</ele>
        <time>2026-06-04T13:31:30.000Z</time>
        <extensions>
          <ns3:TrackPointExtension>
            <ns3:hr>136</ns3:hr>
            <ns3:cad>82</ns3:cad>
          </ns3:TrackPointExtension>
        </extensions>
      </trkpt>
      <trkpt lat="31.27828949131071567535400390625" lon="121.36973974294960498809814453125">
        <ele>2.400000095367431640625</ele>
        <time>2026-06-04T13:31:31.000Z</time>
        <extensions>
          <ns3:TrackPointExtension>
            <ns3:hr>136</ns3:hr>
            <ns3:cad>82</ns3:cad>
          </ns3:TrackPointExtension>
        </extensions>
      </trkpt>
      <trkpt lat="31.2783093564212322235107421875" lon="121.3697448559105396270751953125">
        <ele>2.400000095367431640625</ele>
        <time>2026-06-04T13:31:32.000Z</time>
        <extensions>
          <ns3:TrackPointExtension>
            <ns3:hr>136</ns3:hr>
            <ns3:cad>82</ns3:cad>
          </ns3:TrackPointExtension>
        </extensions>
      </trkpt>
      <trkpt lat="31.27833089791238307952880859375" lon="121.369750387966632843017578125">
        <ele>2.400000095367431640625</ele>
        <time>2026-06-04T13:31:33.000Z</time>
        <extensions>
          <ns3:TrackPointExtension>
            <ns3:hr>136</ns3:hr>
            <ns3:cad>82</ns3:cad>
          </ns3:TrackPointExtension>
        </extensions>
      </trkpt>
      <trkpt lat="31.278353445231914520263671875" lon="121.3697545789182186126708984375">
        <ele>2.2000000476837158203125</ele>
        <time>2026-06-04T13:31:34.000Z</time>
        <extensions>
          <ns3:TrackPointExtension>
            <ns3:hr>136</ns3:hr>
            <ns3:cad>82</ns3:cad>
          </ns3:TrackPointExtension>
        </extensions>
      </trkpt>
      <trkpt lat="31.27837548963725566864013671875" lon="121.369757093489170074462890625">
        <ele>2</ele>
        <time>2026-06-04T13:31:35.000Z</time>
        <extensions>
          <ns3:TrackPointExtension>
            <ns3:hr>136</ns3:hr>
            <ns3:cad>81</ns3:cad>
          </ns3:TrackPointExtension>
        </extensions>
      </trkpt>
      <trkpt lat="31.278397701680660247802734375" lon="121.36975935660302639007568359375">
        <ele>2</ele>
        <time>2026-06-04T13:31:36.000Z</time>
        <extensions>
          <ns3:TrackPointExtension>
            <ns3:hr>136</ns3:hr>
            <ns3:cad>81</ns3:cad>
          </ns3:TrackPointExtension>
        </extensions>
      </trkpt>
      <trkpt lat="31.278422176837921142578125" lon="121.3697612844407558441162109375">
        <ele>2.2000000476837158203125</ele>
        <time>2026-06-04T13:31:37.000Z</time>
        <extensions>
          <ns3:TrackPointExtension>
            <ns3:hr>136</ns3:hr>
            <ns3:cad>81</ns3:cad>
          </ns3:TrackPointExtension>
        </extensions>
      </trkpt>
      <trkpt lat="31.2784451432526111602783203125" lon="121.369765140116214752197265625">
        <ele>2.2000000476837158203125</ele>
        <time>2026-06-04T13:31:38.000Z</time>
        <extensions>
          <ns3:TrackPointExtension>
            <ns3:hr>136</ns3:hr>
            <ns3:cad>81</ns3:cad>
          </ns3:TrackPointExtension>
        </extensions>
      </trkpt>
      <trkpt lat="31.27846802584826946258544921875" lon="121.36976622976362705230712890625">
        <ele>2.2000000476837158203125</ele>
        <time>2026-06-04T13:31:39.000Z</time>
        <extensions>
          <ns3:TrackPointExtension>
            <ns3:hr>136</ns3:hr>
            <ns3:cad>81</ns3:cad>
          </ns3:TrackPointExtension>
        </extensions>
      </trkpt>
      <trkpt lat="31.27848881296813488006591796875" lon="121.36977025307714939117431640625">
        <ele>2.400000095367431640625</ele>
        <time>2026-06-04T13:31:40.000Z</time>
        <extensions>
          <ns3:TrackPointExtension>
            <ns3:hr>136</ns3:hr>
            <ns3:cad>81</ns3:cad>
          </ns3:TrackPointExtension>
        </extensions>
      </trkpt>
      <trkpt lat="31.2785108573734760284423828125" lon="121.3697743602097034454345703125">
        <ele>2.400000095367431640625</ele>
        <time>2026-06-04T13:31:41.000Z</time>
        <extensions>
          <ns3:TrackPointExtension>
            <ns3:hr>136</ns3:hr>
            <ns3:cad>81</ns3:cad>
          </ns3:TrackPointExtension>
        </extensions>
      </trkpt>
      <trkpt lat="31.27853206358850002288818359375" lon="121.36977486312389373779296875">
        <ele>2.400000095367431640625</ele>
        <time>2026-06-04T13:31:42.000Z</time>
        <extensions>
          <ns3:TrackPointExtension>
            <ns3:hr>136</ns3:hr>
            <ns3:cad>81</ns3:cad>
          </ns3:TrackPointExtension>
        </extensions>
      </trkpt>
      <trkpt lat="31.27855435945093631744384765625" lon="121.3697757013142108917236328125">
        <ele>2.400000095367431640625</ele>
        <time>2026-06-04T13:31:43.000Z</time>
        <extensions>
          <ns3:TrackPointExtension>
            <ns3:hr>136</ns3:hr>
            <ns3:cad>81</ns3:cad>
          </ns3:TrackPointExtension>
        </extensions>
      </trkpt>
      <trkpt lat="31.2785764038562774658203125" lon="121.36977779679000377655029296875">
        <ele>2.400000095367431640625</ele>
        <time>2026-06-04T13:31:44.000Z</time>
        <extensions>
          <ns3:TrackPointExtension>
            <ns3:hr>136</ns3:hr>
            <ns3:cad>81</ns3:cad>
          </ns3:TrackPointExtension>
        </extensions>
      </trkpt>
      <trkpt lat="31.27859777770936489105224609375" lon="121.36978114955127239227294921875">
        <ele>2.599999904632568359375</ele>
        <time>2026-06-04T13:31:45.000Z</time>
        <extensions>
          <ns3:TrackPointExtension>
            <ns3:hr>136</ns3:hr>
            <ns3:cad>81</ns3:cad>
          </ns3:TrackPointExtension>
        </extensions>
      </trkpt>
      <trkpt lat="31.27861605025827884674072265625" lon="121.36978466995060443878173828125">
        <ele>2.599999904632568359375</ele>
        <time>2026-06-04T13:31:46.000Z</time>
        <extensions>
          <ns3:TrackPointExtension>
            <ns3:hr>136</ns3:hr>
            <ns3:cad>81</ns3:cad>
          </ns3:TrackPointExtension>
        </extensions>
      </trkpt>
      <trkpt lat="31.27863876521587371826171875" lon="121.3697854243218898773193359375">
        <ele>2.599999904632568359375</ele>
        <time>2026-06-04T13:31:47.000Z</time>
        <extensions>
          <ns3:TrackPointExtension>
            <ns3:hr>136</ns3:hr>
            <ns3:cad>81</ns3:cad>
          </ns3:TrackPointExtension>
        </extensions>
      </trkpt>
      <trkpt lat="31.27866156399250030517578125" lon="121.3697877712547779083251953125">
        <ele>2.400000095367431640625</ele>
        <time>2026-06-04T13:31:48.000Z</time>
        <extensions>
          <ns3:TrackPointExtension>
            <ns3:hr>136</ns3:hr>
            <ns3:cad>81</ns3:cad>
          </ns3:TrackPointExtension>
        </extensions>
      </trkpt>
      <trkpt lat="31.27868427895009517669677734375" lon="121.369794309139251708984375">
        <ele>2.400000095367431640625</ele>
        <time>2026-06-04T13:31:49.000Z</time>
        <extensions>
          <ns3:TrackPointExtension>
            <ns3:hr>136</ns3:hr>
            <ns3:cad>82</ns3:cad>
          </ns3:TrackPointExtension>
        </extensions>
      </trkpt>
      <trkpt lat="31.2787086702883243560791015625" lon="121.369799338281154632568359375">
        <ele>2.2000000476837158203125</ele>
        <time>2026-06-04T13:31:50.000Z</time>
        <extensions>
          <ns3:TrackPointExtension>
            <ns3:hr>136</ns3:hr>
            <ns3:cad>82</ns3:cad>
          </ns3:TrackPointExtension>
        </extensions>
      </trkpt>
      <trkpt lat="31.27873155288398265838623046875" lon="121.36979942210018634796142578125">
        <ele>2.2000000476837158203125</ele>
        <time>2026-06-04T13:31:51.000Z</time>
        <extensions>
          <ns3:TrackPointExtension>
            <ns3:hr>136</ns3:hr>
            <ns3:cad>82</ns3:cad>
          </ns3:TrackPointExtension>
        </extensions>
      </trkpt>
      <trkpt lat="31.27875334583222866058349609375" lon="121.36980143375694751739501953125">
        <ele>2.2000000476837158203125</ele>
        <time>2026-06-04T13:31:52.000Z</time>
        <extensions>
          <ns3:TrackPointExtension>
            <ns3:hr>136</ns3:hr>
            <ns3:cad>81</ns3:cad>
          </ns3:TrackPointExtension>
        </extensions>
      </trkpt>
      <trkpt lat="31.27877731807529926300048828125" lon="121.36980361305177211761474609375">
        <ele>2.2000000476837158203125</ele>
        <time>2026-06-04T13:31:53.000Z</time>
        <extensions>
          <ns3:TrackPointExtension>
            <ns3:hr>136</ns3:hr>
            <ns3:cad>81</ns3:cad>
          </ns3:TrackPointExtension>
        </extensions>
      </trkpt>
      <trkpt lat="31.27880112268030643463134765625" lon="121.3698065467178821563720703125">
        <ele>2.400000095367431640625</ele>
        <time>2026-06-04T13:31:54.000Z</time>
        <extensions>
          <ns3:TrackPointExtension>
            <ns3:hr>136</ns3:hr>
            <ns3:cad>80</ns3:cad>
          </ns3:TrackPointExtension>
        </extensions>
      </trkpt>
      <trkpt lat="31.2788253463804721832275390625" lon="121.36980696581304073333740234375">
        <ele>2.400000095367431640625</ele>
        <time>2026-06-04T13:31:55.000Z</time>
        <extensions>
          <ns3:TrackPointExtension>
            <ns3:hr>136</ns3:hr>
            <ns3:cad>80</ns3:cad>
          </ns3:TrackPointExtension>
        </extensions>
      </trkpt>
      <trkpt lat="31.27885024063289165496826171875" lon="121.36980839073657989501953125">
        <ele>2.599999904632568359375</ele>
        <time>2026-06-04T13:31:56.000Z</time>
        <extensions>
          <ns3:TrackPointExtension>
            <ns3:hr>136</ns3:hr>
            <ns3:cad>80</ns3:cad>
          </ns3:TrackPointExtension>
        </extensions>
      </trkpt>
      <trkpt lat="31.27887505106627941131591796875" lon="121.3698125816881656646728515625">
        <ele>2.599999904632568359375</ele>
        <time>2026-06-04T13:31:57.000Z</time>
        <extensions>
          <ns3:TrackPointExtension>
            <ns3:hr>136</ns3:hr>
            <ns3:cad>80</ns3:cad>
          </ns3:TrackPointExtension>
        </extensions>
      </trkpt>
      <trkpt lat="31.27889852039515972137451171875" lon="121.3698155991733074188232421875">
        <ele>2.599999904632568359375</ele>
        <time>2026-06-04T13:31:58.000Z</time>
        <extensions>
          <ns3:TrackPointExtension>
            <ns3:hr>136</ns3:hr>
            <ns3:cad>81</ns3:cad>
          </ns3:TrackPointExtension>
        </extensions>
      </trkpt>
      <trkpt lat="31.27892081625759601593017578125" lon="121.36981769464910030364990234375">
        <ele>2.599999904632568359375</ele>
        <time>2026-06-04T13:31:59.000Z</time>
        <extensions>
          <ns3:TrackPointExtension>
            <ns3:hr>136</ns3:hr>
            <ns3:cad>81</ns3:cad>
          </ns3:TrackPointExtension>
        </extensions>
      </trkpt>
      <trkpt lat="31.27894428558647632598876953125" lon="121.36982557363808155059814453125">
        <ele>2.400000095367431640625</ele>
        <time>2026-06-04T13:32:00.000Z</time>
        <extensions>
          <ns3:TrackPointExtension>
            <ns3:hr>136</ns3:hr>
            <ns3:cad>81</ns3:cad>
          </ns3:TrackPointExtension>
        </extensions>
      </trkpt>
      <trkpt lat="31.2789664976298809051513671875" lon="121.36982926167547702789306640625">
        <ele>2.400000095367431640625</ele>
        <time>2026-06-04T13:32:01.000Z</time>
        <extensions>
          <ns3:TrackPointExtension>
            <ns3:hr>136</ns3:hr>
            <ns3:cad>81</ns3:cad>
          </ns3:TrackPointExtension>
        </extensions>
      </trkpt>
      <trkpt lat="31.27898904494941234588623046875" lon="121.36983043514192104339599609375">
        <ele>2.2000000476837158203125</ele>
        <time>2026-06-04T13:32:02.000Z</time>
        <extensions>
          <ns3:TrackPointExtension>
            <ns3:hr>136</ns3:hr>
            <ns3:cad>81</ns3:cad>
          </ns3:TrackPointExtension>
        </extensions>
      </trkpt>
      <trkpt lat="31.27901217900216579437255859375" lon="121.36983077041804790496826171875">
        <ele>2.2000000476837158203125</ele>
        <time>2026-06-04T13:32:03.000Z</time>
        <extensions>
          <ns3:TrackPointExtension>
            <ns3:hr>136</ns3:hr>
            <ns3:cad>81</ns3:cad>
          </ns3:TrackPointExtension>
        </extensions>
      </trkpt>
      <trkpt lat="31.2790332175791263580322265625" lon="121.3698340393602848052978515625">
        <ele>2.2000000476837158203125</ele>
        <time>2026-06-04T13:32:04.000Z</time>
        <extensions>
          <ns3:TrackPointExtension>
            <ns3:hr>136</ns3:hr>
            <ns3:cad>81</ns3:cad>
          </ns3:TrackPointExtension>
        </extensions>
      </trkpt>
      <trkpt lat="31.2790540046989917755126953125" lon="121.36983630247414112091064453125">
        <ele>2.2000000476837158203125</ele>
        <time>2026-06-04T13:32:05.000Z</time>
        <extensions>
          <ns3:TrackPointExtension>
            <ns3:hr>136</ns3:hr>
            <ns3:cad>81</ns3:cad>
          </ns3:TrackPointExtension>
        </extensions>
      </trkpt>
      <trkpt lat="31.27907638438045978546142578125" lon="121.36983848176896572113037109375">
        <ele>2.2000000476837158203125</ele>
        <time>2026-06-04T13:32:06.000Z</time>
        <extensions>
          <ns3:TrackPointExtension>
            <ns3:hr>136</ns3:hr>
            <ns3:cad>81</ns3:cad>
          </ns3:TrackPointExtension>
        </extensions>
      </trkpt>
      <trkpt lat="31.27909876406192779541015625" lon="121.36983999051153659820556640625">
        <ele>2.2000000476837158203125</ele>
        <time>2026-06-04T13:32:07.000Z</time>
        <extensions>
          <ns3:TrackPointExtension>
            <ns3:hr>136</ns3:hr>
            <ns3:cad>81</ns3:cad>
          </ns3:TrackPointExtension>
        </extensions>
      </trkpt>
      <trkpt lat="31.27912332303822040557861328125" lon="121.3698420859873294830322265625">
        <ele>2.2000000476837158203125</ele>
        <time>2026-06-04T13:32:08.000Z</time>
        <extensions>
          <ns3:TrackPointExtension>
            <ns3:hr>136</ns3:hr>
            <ns3:cad>81</ns3:cad>
          </ns3:TrackPointExtension>
        </extensions>
      </trkpt>
      <trkpt lat="31.27914478071033954620361328125" lon="121.36984518729150295257568359375">
        <ele>2.2000000476837158203125</ele>
        <time>2026-06-04T13:32:09.000Z</time>
        <extensions>
          <ns3:TrackPointExtension>
            <ns3:hr>135</ns3:hr>
            <ns3:cad>81</ns3:cad>
          </ns3:TrackPointExtension>
        </extensions>
      </trkpt>
      <trkpt lat="31.2791691720485687255859375" lon="121.36984703131020069122314453125">
        <ele>2.2000000476837158203125</ele>
        <time>2026-06-04T13:32:10.000Z</time>
        <extensions>
          <ns3:TrackPointExtension>
            <ns3:hr>135</ns3:hr>
            <ns3:cad>81</ns3:cad>
          </ns3:TrackPointExtension>
        </extensions>
      </trkpt>
      <trkpt lat="31.27919205464422702789306640625" lon="121.369847618043422698974609375">
        <ele>2.2000000476837158203125</ele>
        <time>2026-06-04T13:32:11.000Z</time>
        <extensions>
          <ns3:TrackPointExtension>
            <ns3:hr>134</ns3:hr>
            <ns3:cad>81</ns3:cad>
          </ns3:TrackPointExtension>
        </extensions>
      </trkpt>
      <trkpt lat="31.2792125903069972991943359375" lon="121.36984736658632755279541015625">
        <ele>2</ele>
        <time>2026-06-04T13:32:12.000Z</time>
        <extensions>
          <ns3:TrackPointExtension>
            <ns3:hr>134</ns3:hr>
            <ns3:cad>81</ns3:cad>
          </ns3:TrackPointExtension>
        </extensions>
      </trkpt>
      <trkpt lat="31.279237903654575347900390625" lon="121.36984518729150295257568359375">
        <ele>2</ele>
        <time>2026-06-04T13:32:13.000Z</time>
        <extensions>
          <ns3:TrackPointExtension>
            <ns3:hr>134</ns3:hr>
            <ns3:cad>81</ns3:cad>
          </ns3:TrackPointExtension>
        </extensions>
      </trkpt>
      <trkpt lat="31.2792598642408847808837890625" lon="121.3698467798531055450439453125">
        <ele>2</ele>
        <time>2026-06-04T13:32:14.000Z</time>
        <extensions>
          <ns3:TrackPointExtension>
            <ns3:hr>134</ns3:hr>
            <ns3:cad>81</ns3:cad>
          </ns3:TrackPointExtension>
        </extensions>
      </trkpt>
      <trkpt lat="31.27928241156041622161865234375" lon="121.36985055170953273773193359375">
        <ele>2</ele>
        <time>2026-06-04T13:32:15.000Z</time>
        <extensions>
          <ns3:TrackPointExtension>
            <ns3:hr>134</ns3:hr>
            <ns3:cad>81</ns3:cad>
          </ns3:TrackPointExtension>
        </extensions>
      </trkpt>
      <trkpt lat="31.2793059647083282470703125" lon="121.36985692195594310760498046875">
        <ele>2</ele>
        <time>2026-06-04T13:32:16.000Z</time>
        <extensions>
          <ns3:TrackPointExtension>
            <ns3:hr>135</ns3:hr>
            <ns3:cad>81</ns3:cad>
          </ns3:TrackPointExtension>
        </extensions>
      </trkpt>
      <trkpt lat="31.27932767383754253387451171875" lon="121.369860358536243438720703125">
        <ele>2.2000000476837158203125</ele>
        <time>2026-06-04T13:32:17.000Z</time>
        <extensions>
          <ns3:TrackPointExtension>
            <ns3:hr>135</ns3:hr>
            <ns3:cad>81</ns3:cad>
          </ns3:TrackPointExtension>
        </extensions>
      </trkpt>
      <trkpt lat="31.27934955060482025146484375" lon="121.36986362747848033905029296875">
        <ele>2.2000000476837158203125</ele>
        <time>2026-06-04T13:32:18.000Z</time>
        <extensions>
          <ns3:TrackPointExtension>
            <ns3:hr>135</ns3:hr>
            <ns3:cad>81</ns3:cad>
          </ns3:TrackPointExtension>
        </extensions>
      </trkpt>
      <trkpt lat="31.27937100827693939208984375" lon="121.36986429803073406219482421875">
        <ele>2.400000095367431640625</ele>
        <time>2026-06-04T13:32:19.000Z</time>
        <extensions>
          <ns3:TrackPointExtension>
            <ns3:hr>136</ns3:hr>
            <ns3:cad>81</ns3:cad>
          </ns3:TrackPointExtension>
        </extensions>
      </trkpt>
      <trkpt lat="31.279393471777439117431640625" lon="121.369861699640750885009765625">
        <ele>2.400000095367431640625</ele>
        <time>2026-06-04T13:32:20.000Z</time>
        <extensions>
          <ns3:TrackPointExtension>
            <ns3:hr>136</ns3:hr>
            <ns3:cad>82</ns3:cad>
          </ns3:TrackPointExtension>
        </extensions>
      </trkpt>
      <trkpt lat="31.27941451035439968109130859375" lon="121.3698611967265605926513671875">
        <ele>2.400000095367431640625</ele>
        <time>2026-06-04T13:32:21.000Z</time>
        <extensions>
          <ns3:TrackPointExtension>
            <ns3:hr>136</ns3:hr>
            <ns3:cad>82</ns3:cad>
          </ns3:TrackPointExtension>
        </extensions>
      </trkpt>
      <trkpt lat="31.27943328581750392913818359375" lon="121.36986379511654376983642578125">
        <ele>2.2000000476837158203125</ele>
        <time>2026-06-04T13:32:22.000Z</time>
        <extensions>
          <ns3:TrackPointExtension>
            <ns3:hr>136</ns3:hr>
            <ns3:cad>82</ns3:cad>
          </ns3:TrackPointExtension>
        </extensions>
      </trkpt>
      <trkpt lat="31.2794543243944644927978515625" lon="121.36986094526946544647216796875">
        <ele>2.2000000476837158203125</ele>
        <time>2026-06-04T13:32:23.000Z</time>
        <extensions>
          <ns3:TrackPointExtension>
            <ns3:hr>136</ns3:hr>
            <ns3:cad>82</ns3:cad>
          </ns3:TrackPointExtension>
        </extensions>
      </trkpt>
      <trkpt lat="31.27947871573269367218017578125" lon="121.36985608376562595367431640625">
        <ele>2.2000000476837158203125</ele>
        <time>2026-06-04T13:32:24.000Z</time>
        <extensions>
          <ns3:TrackPointExtension>
            <ns3:hr>136</ns3:hr>
            <ns3:cad>82</ns3:cad>
          </ns3:TrackPointExtension>
        </extensions>
      </trkpt>
      <trkpt lat="31.27950067631900310516357421875" lon="121.3698601908981800079345703125">
        <ele>2.2000000476837158203125</ele>
        <time>2026-06-04T13:32:25.000Z</time>
        <extensions>
          <ns3:TrackPointExtension>
            <ns3:hr>136</ns3:hr>
            <ns3:cad>81</ns3:cad>
          </ns3:TrackPointExtension>
        </extensions>
      </trkpt>
      <trkpt lat="31.2795267440378665924072265625" lon="121.36986211873590946197509765625">
        <ele>2.2000000476837158203125</ele>
        <time>2026-06-04T13:32:26.000Z</time>
        <extensions>
          <ns3:TrackPointExtension>
            <ns3:hr>136</ns3:hr>
            <ns3:cad>81</ns3:cad>
          </ns3:TrackPointExtension>
        </extensions>
      </trkpt>
      <trkpt lat="31.27955331467092037200927734375" lon="121.36987167410552501678466796875">
        <ele>2.400000095367431640625</ele>
        <time>2026-06-04T13:32:27.000Z</time>
        <extensions>
          <ns3:TrackPointExtension>
            <ns3:hr>136</ns3:hr>
            <ns3:cad>81</ns3:cad>
          </ns3:TrackPointExtension>
        </extensions>
      </trkpt>
      <trkpt lat="31.27957443706691265106201171875" lon="121.36987812817096710205078125">
        <ele>2.400000095367431640625</ele>
        <time>2026-06-04T13:32:28.000Z</time>
        <extensions>
          <ns3:TrackPointExtension>
            <ns3:hr>136</ns3:hr>
            <ns3:cad>81</ns3:cad>
          </ns3:TrackPointExtension>
        </extensions>
      </trkpt>
      <trkpt lat="31.27959639765322208404541015625" lon="121.36988340876996517181396484375">
        <ele>2.599999904632568359375</ele>
        <time>2026-06-04T13:32:29.000Z</time>
        <extensions>
          <ns3:TrackPointExtension>
            <ns3:hr>136</ns3:hr>
            <ns3:cad>81</ns3:cad>
          </ns3:TrackPointExtension>
        </extensions>
      </trkpt>
      <trkpt lat="31.279619447886943817138671875" lon="121.36988776735961437225341796875">
        <ele>2.599999904632568359375</ele>
        <time>2026-06-04T13:32:30.000Z</time>
        <extensions>
          <ns3:TrackPointExtension>
            <ns3:hr>136</ns3:hr>
            <ns3:cad>81</ns3:cad>
          </ns3:TrackPointExtension>
        </extensions>
      </trkpt>
      <trkpt lat="31.2796407379209995269775390625" lon="121.3698876835405826568603515625">
        <ele>2.7999999523162841796875</ele>
        <time>2026-06-04T13:32:31.000Z</time>
        <extensions>
          <ns3:TrackPointExtension>
            <ns3:hr>136</ns3:hr>
            <ns3:cad>81</ns3:cad>
          </ns3:TrackPointExtension>
        </extensions>
      </trkpt>
      <trkpt lat="31.27966278232634067535400390625" lon="121.36989547871053218841552734375">
        <ele>2.7999999523162841796875</ele>
        <time>2026-06-04T13:32:32.000Z</time>
        <extensions>
          <ns3:TrackPointExtension>
            <ns3:hr>136</ns3:hr>
            <ns3:cad>81</ns3:cad>
          </ns3:TrackPointExtension>
        </extensions>
      </trkpt>
      <trkpt lat="31.27968507818877696990966796875" lon="121.3699004240334033966064453125">
        <ele>2.7999999523162841796875</ele>
        <time>2026-06-04T13:32:33.000Z</time>
        <extensions>
          <ns3:TrackPointExtension>
            <ns3:hr>136</ns3:hr>
            <ns3:cad>81</ns3:cad>
          </ns3:TrackPointExtension>
        </extensions>
      </trkpt>
      <trkpt lat="31.27970670349895954132080078125" lon="121.36990369297564029693603515625">
        <ele>2.7999999523162841796875</ele>
        <time>2026-06-04T13:32:34.000Z</time>
        <extensions>
          <ns3:TrackPointExtension>
            <ns3:hr>136</ns3:hr>
            <ns3:cad>81</ns3:cad>
          </ns3:TrackPointExtension>
        </extensions>
      </trkpt>
      <trkpt lat="31.2797309271991252899169921875" lon="121.3699104823172092437744140625">
        <ele>2.599999904632568359375</ele>
        <time>2026-06-04T13:32:35.000Z</time>
        <extensions>
          <ns3:TrackPointExtension>
            <ns3:hr>136</ns3:hr>
            <ns3:cad>81</ns3:cad>
          </ns3:TrackPointExtension>
        </extensions>
      </trkpt>
      <trkpt lat="31.279752217233180999755859375" lon="121.369911991059780120849609375">
        <ele>2.599999904632568359375</ele>
        <time>2026-06-04T13:32:36.000Z</time>
        <extensions>
          <ns3:TrackPointExtension>
            <ns3:hr>136</ns3:hr>
            <ns3:cad>81</ns3:cad>
          </ns3:TrackPointExtension>
        </extensions>
      </trkpt>
      <trkpt lat="31.27977509982883930206298828125" lon="121.3699134998023509979248046875">
        <ele>2.599999904632568359375</ele>
        <time>2026-06-04T13:32:37.000Z</time>
        <extensions>
          <ns3:TrackPointExtension>
            <ns3:hr>136</ns3:hr>
            <ns3:cad>81</ns3:cad>
          </ns3:TrackPointExtension>
        </extensions>
      </trkpt>
      <trkpt lat="31.27979823388159275054931640625" lon="121.36992079205811023712158203125">
        <ele>2.599999904632568359375</ele>
        <time>2026-06-04T13:32:38.000Z</time>
        <extensions>
          <ns3:TrackPointExtension>
            <ns3:hr>136</ns3:hr>
            <ns3:cad>81</ns3:cad>
          </ns3:TrackPointExtension>
        </extensions>
      </trkpt>
      <trkpt lat="31.279821284115314483642578125" lon="121.36992900632321834564208984375">
        <ele>2.599999904632568359375</ele>
        <time>2026-06-04T13:32:39.000Z</time>
        <extensions>
          <ns3:TrackPointExtension>
            <ns3:hr>136</ns3:hr>
            <ns3:cad>81</ns3:cad>
          </ns3:TrackPointExtension>
        </extensions>
      </trkpt>
      <trkpt lat="31.27984416671097278594970703125" lon="121.369936466217041015625">
        <ele>2.7999999523162841796875</ele>
        <time>2026-06-04T13:32:40.000Z</time>
        <extensions>
          <ns3:TrackPointExtension>
            <ns3:hr>136</ns3:hr>
            <ns3:cad>81</ns3:cad>
          </ns3:TrackPointExtension>
        </extensions>
      </trkpt>
      <trkpt lat="31.27986696548759937286376953125" lon="121.36993738822638988494873046875">
        <ele>3</ele>
        <time>2026-06-04T13:32:41.000Z</time>
        <extensions>
          <ns3:TrackPointExtension>
            <ns3:hr>136</ns3:hr>
            <ns3:cad>80</ns3:cad>
          </ns3:TrackPointExtension>
        </extensions>
      </trkpt>
      <trkpt lat="31.279891692101955413818359375" lon="121.36994007043540477752685546875">
        <ele>3</ele>
        <time>2026-06-04T13:32:42.000Z</time>
        <extensions>
          <ns3:TrackPointExtension>
            <ns3:hr>136</ns3:hr>
            <ns3:cad>80</ns3:cad>
          </ns3:TrackPointExtension>
        </extensions>
      </trkpt>
      <trkpt lat="31.27991457469761371612548828125" lon="121.3699426688253879547119140625">
        <ele>3</ele>
        <time>2026-06-04T13:32:43.000Z</time>
        <extensions>
          <ns3:TrackPointExtension>
            <ns3:hr>136</ns3:hr>
            <ns3:cad>79</ns3:cad>
          </ns3:TrackPointExtension>
        </extensions>
      </trkpt>
      <trkpt lat="31.27993972040712833404541015625" lon="121.36994409374892711639404296875">
        <ele>3</ele>
        <time>2026-06-04T13:32:44.000Z</time>
        <extensions>
          <ns3:TrackPointExtension>
            <ns3:hr>136</ns3:hr>
            <ns3:cad>79</ns3:cad>
          </ns3:TrackPointExtension>
        </extensions>
      </trkpt>
      <trkpt lat="31.2799631059169769287109375" lon="121.36994811706244945526123046875">
        <ele>2.7999999523162841796875</ele>
        <time>2026-06-04T13:32:45.000Z</time>
        <extensions>
          <ns3:TrackPointExtension>
            <ns3:hr>136</ns3:hr>
            <ns3:cad>79</ns3:cad>
          </ns3:TrackPointExtension>
        </extensions>
      </trkpt>
      <trkpt lat="31.2799864076077938079833984375" lon="121.3699460215866565704345703125">
        <ele>2.7999999523162841796875</ele>
        <time>2026-06-04T13:32:46.000Z</time>
        <extensions>
          <ns3:TrackPointExtension>
            <ns3:hr>136</ns3:hr>
            <ns3:cad>80</ns3:cad>
          </ns3:TrackPointExtension>
        </extensions>
      </trkpt>
      <trkpt lat="31.28001281060278415679931640625" lon="121.3699483685195446014404296875">
        <ele>2.599999904632568359375</ele>
        <time>2026-06-04T13:32:47.000Z</time>
        <extensions>
          <ns3:TrackPointExtension>
            <ns3:hr>136</ns3:hr>
            <ns3:cad>80</ns3:cad>
          </ns3:TrackPointExtension>
        </extensions>
      </trkpt>
      <trkpt lat="31.28003527410328388214111328125" lon="121.3699490390717983245849609375">
        <ele>2.599999904632568359375</ele>
        <time>2026-06-04T13:32:48.000Z</time>
        <extensions>
          <ns3:TrackPointExtension>
            <ns3:hr>136</ns3:hr>
            <ns3:cad>80</ns3:cad>
          </ns3:TrackPointExtension>
        </extensions>
      </trkpt>
      <trkpt lat="31.28005924634635448455810546875" lon="121.36995046399533748626708984375">
        <ele>2.599999904632568359375</ele>
        <time>2026-06-04T13:32:49.000Z</time>
        <extensions>
          <ns3:TrackPointExtension>
            <ns3:hr>136</ns3:hr>
            <ns3:cad>80</ns3:cad>
          </ns3:TrackPointExtension>
        </extensions>
      </trkpt>
      <trkpt lat="31.28008254803717136383056640625" lon="121.369955576956272125244140625">
        <ele>2.599999904632568359375</ele>
        <time>2026-06-04T13:32:50.000Z</time>
        <extensions>
          <ns3:TrackPointExtension>
            <ns3:hr>137</ns3:hr>
            <ns3:cad>80</ns3:cad>
          </ns3:TrackPointExtension>
        </extensions>
      </trkpt>
      <trkpt lat="31.28010769374668598175048828125" lon="121.36995683424174785614013671875">
        <ele>2.599999904632568359375</ele>
        <time>2026-06-04T13:32:51.000Z</time>
        <extensions>
          <ns3:TrackPointExtension>
            <ns3:hr>136</ns3:hr>
            <ns3:cad>79</ns3:cad>
          </ns3:TrackPointExtension>
        </extensions>
      </trkpt>
      <trkpt lat="31.28013233654201030731201171875" lon="121.36995968408882617950439453125">
        <ele>2.400000095367431640625</ele>
        <time>2026-06-04T13:32:52.000Z</time>
        <extensions>
          <ns3:TrackPointExtension>
            <ns3:hr>136</ns3:hr>
            <ns3:cad>79</ns3:cad>
          </ns3:TrackPointExtension>
        </extensions>
      </trkpt>
      <trkpt lat="31.2801573984324932098388671875" lon="121.36996001936495304107666015625">
        <ele>2.400000095367431640625</ele>
        <time>2026-06-04T13:32:53.000Z</time>
        <extensions>
          <ns3:TrackPointExtension>
            <ns3:hr>136</ns3:hr>
            <ns3:cad>79</ns3:cad>
          </ns3:TrackPointExtension>
        </extensions>
      </trkpt>
      <trkpt lat="31.2801805324852466583251953125" lon="121.3699619472026824951171875">
        <ele>2.400000095367431640625</ele>
        <time>2026-06-04T13:32:54.000Z</time>
        <extensions>
          <ns3:TrackPointExtension>
            <ns3:hr>136</ns3:hr>
            <ns3:cad>80</ns3:cad>
          </ns3:TrackPointExtension>
        </extensions>
      </trkpt>
      <trkpt lat="31.2802009843289852142333984375" lon="121.369965635240077972412109375">
        <ele>2.2000000476837158203125</ele>
        <time>2026-06-04T13:32:55.000Z</time>
        <extensions>
          <ns3:TrackPointExtension>
            <ns3:hr>136</ns3:hr>
            <ns3:cad>80</ns3:cad>
          </ns3:TrackPointExtension>
        </extensions>
      </trkpt>
      <trkpt lat="31.28022286109626293182373046875" lon="121.3699701614677906036376953125">
        <ele>2.2000000476837158203125</ele>
        <time>2026-06-04T13:32:56.000Z</time>
        <extensions>
          <ns3:TrackPointExtension>
            <ns3:hr>136</ns3:hr>
            <ns3:cad>80</ns3:cad>
          </ns3:TrackPointExtension>
        </extensions>
      </trkpt>
      <trkpt lat="31.2802405469119548797607421875" lon="121.3699748553335666656494140625">
        <ele>2.400000095367431640625</ele>
        <time>2026-06-04T13:32:57.000Z</time>
        <extensions>
          <ns3:TrackPointExtension>
            <ns3:hr>136</ns3:hr>
            <ns3:cad>80</ns3:cad>
          </ns3:TrackPointExtension>
        </extensions>
      </trkpt>
      <trkpt lat="31.28026125021278858184814453125" lon="121.3699792139232158660888671875">
        <ele>2.400000095367431640625</ele>
        <time>2026-06-04T13:32:58.000Z</time>
        <extensions>
          <ns3:TrackPointExtension>
            <ns3:hr>136</ns3:hr>
            <ns3:cad>80</ns3:cad>
          </ns3:TrackPointExtension>
        </extensions>
      </trkpt>
      <trkpt lat="31.2802817858755588531494140625" lon="121.3699835725128650665283203125">
        <ele>2.400000095367431640625</ele>
        <time>2026-06-04T13:32:59.000Z</time>
        <extensions>
          <ns3:TrackPointExtension>
            <ns3:hr>136</ns3:hr>
            <ns3:cad>80</ns3:cad>
          </ns3:TrackPointExtension>
        </extensions>
      </trkpt>
      <trkpt lat="31.2803022377192974090576171875" lon="121.3699839077889919281005859375">
        <ele>2.400000095367431640625</ele>
        <time>2026-06-04T13:33:00.000Z</time>
        <extensions>
          <ns3:TrackPointExtension>
            <ns3:hr>136</ns3:hr>
            <ns3:cad>80</ns3:cad>
          </ns3:TrackPointExtension>
        </extensions>
      </trkpt>
      <trkpt lat="31.28032662905752658843994140625" lon="121.3699834048748016357421875">
        <ele>2.400000095367431640625</ele>
        <time>2026-06-04T13:33:01.000Z</time>
        <extensions>
          <ns3:TrackPointExtension>
            <ns3:hr>136</ns3:hr>
            <ns3:cad>81</ns3:cad>
          </ns3:TrackPointExtension>
        </extensions>
      </trkpt>
      <trkpt lat="31.2803515233099460601806640625" lon="121.36998298577964305877685546875">
        <ele>2.400000095367431640625</ele>
        <time>2026-06-04T13:33:02.000Z</time>
        <extensions>
          <ns3:TrackPointExtension>
            <ns3:hr>136</ns3:hr>
            <ns3:cad>81</ns3:cad>
          </ns3:TrackPointExtension>
        </extensions>
      </trkpt>
      <trkpt lat="31.28037340007722377777099609375" lon="121.3699782080948352813720703125">
        <ele>2.2000000476837158203125</ele>
        <time>2026-06-04T13:33:03.000Z</time>
        <extensions>
          <ns3:TrackPointExtension>
            <ns3:hr>136</ns3:hr>
            <ns3:cad>81</ns3:cad>
          </ns3:TrackPointExtension>
        </extensions>
      </trkpt>
      <trkpt lat="31.28039804287254810333251953125" lon="121.3699775375425815582275390625">
        <ele>2.2000000476837158203125</ele>
        <time>2026-06-04T13:33:04.000Z</time>
        <extensions>
          <ns3:TrackPointExtension>
            <ns3:hr>136</ns3:hr>
            <ns3:cad>81</ns3:cad>
          </ns3:TrackPointExtension>
        </extensions>
      </trkpt>
      <trkpt lat="31.28042251802980899810791015625" lon="121.369980387389659881591796875">
        <ele>2.2000000476837158203125</ele>
        <time>2026-06-04T13:33:05.000Z</time>
        <extensions>
          <ns3:TrackPointExtension>
            <ns3:hr>136</ns3:hr>
            <ns3:cad>80</ns3:cad>
          </ns3:TrackPointExtension>
        </extensions>
      </trkpt>
      <trkpt lat="31.2804485857486724853515625" lon="121.36998432688415050506591796875">
        <ele>2.2000000476837158203125</ele>
        <time>2026-06-04T13:33:06.000Z</time>
        <extensions>
          <ns3:TrackPointExtension>
            <ns3:hr>136</ns3:hr>
            <ns3:cad>80</ns3:cad>
          </ns3:TrackPointExtension>
        </extensions>
      </trkpt>
      <trkpt lat="31.280472390353679656982421875" lon="121.36998801492154598236083984375">
        <ele>2</ele>
        <time>2026-06-04T13:33:07.000Z</time>
        <extensions>
          <ns3:TrackPointExtension>
            <ns3:hr>136</ns3:hr>
            <ns3:cad>81</ns3:cad>
          </ns3:TrackPointExtension>
        </extensions>
      </trkpt>
      <trkpt lat="31.28049326129257678985595703125" lon="121.369989775121212005615234375">
        <ele>2</ele>
        <time>2026-06-04T13:33:08.000Z</time>
        <extensions>
          <ns3:TrackPointExtension>
            <ns3:hr>136</ns3:hr>
            <ns3:cad>81</ns3:cad>
          </ns3:TrackPointExtension>
        </extensions>
      </trkpt>
      <trkpt lat="31.2805161438882350921630859375" lon="121.36998835019767284393310546875">
        <ele>2</ele>
        <time>2026-06-04T13:33:09.000Z</time>
        <extensions>
          <ns3:TrackPointExtension>
            <ns3:hr>136</ns3:hr>
            <ns3:cad>80</ns3:cad>
          </ns3:TrackPointExtension>
        </extensions>
      </trkpt>
      <trkpt lat="31.28053701482713222503662109375" lon="121.36999103240668773651123046875">
        <ele>2</ele>
        <time>2026-06-04T13:33:10.000Z</time>
        <extensions>
          <ns3:TrackPointExtension>
            <ns3:hr>136</ns3:hr>
            <ns3:cad>80</ns3:cad>
          </ns3:TrackPointExtension>
        </extensions>
      </trkpt>
      <trkpt lat="31.28055897541344165802001953125" lon="121.369997151196002960205078125">
        <ele>2</ele>
        <time>2026-06-04T13:33:11.000Z</time>
        <extensions>
          <ns3:TrackPointExtension>
            <ns3:hr>136</ns3:hr>
            <ns3:cad>81</ns3:cad>
          </ns3:TrackPointExtension>
        </extensions>
      </trkpt>
      <trkpt lat="31.28058127127587795257568359375" lon="121.37000092305243015289306640625">
        <ele>2.2000000476837158203125</ele>
        <time>2026-06-04T13:33:12.000Z</time>
        <extensions>
          <ns3:TrackPointExtension>
            <ns3:hr>136</ns3:hr>
            <ns3:cad>81</ns3:cad>
          </ns3:TrackPointExtension>
        </extensions>
      </trkpt>
      <trkpt lat="31.2806023098528385162353515625" lon="121.37000150978565216064453125">
        <ele>2.2000000476837158203125</ele>
        <time>2026-06-04T13:33:13.000Z</time>
        <extensions>
          <ns3:TrackPointExtension>
            <ns3:hr>136</ns3:hr>
            <ns3:cad>81</ns3:cad>
          </ns3:TrackPointExtension>
        </extensions>
      </trkpt>
      <trkpt lat="31.28062318079173564910888671875" lon="121.37000192888081073760986328125">
        <ele>2.2000000476837158203125</ele>
        <time>2026-06-04T13:33:14.000Z</time>
        <extensions>
          <ns3:TrackPointExtension>
            <ns3:hr>136</ns3:hr>
            <ns3:cad>81</ns3:cad>
          </ns3:TrackPointExtension>
        </extensions>
      </trkpt>
      <trkpt lat="31.2806442193686962127685546875" lon="121.37000025250017642974853515625">
        <ele>2.2000000476837158203125</ele>
        <time>2026-06-04T13:33:15.000Z</time>
        <extensions>
          <ns3:TrackPointExtension>
            <ns3:hr>136</ns3:hr>
            <ns3:cad>81</ns3:cad>
          </ns3:TrackPointExtension>
        </extensions>
      </trkpt>
      <trkpt lat="31.280667521059513092041015625" lon="121.37000159360468387603759765625">
        <ele>2.2000000476837158203125</ele>
        <time>2026-06-04T13:33:16.000Z</time>
        <extensions>
          <ns3:TrackPointExtension>
            <ns3:hr>136</ns3:hr>
            <ns3:cad>81</ns3:cad>
          </ns3:TrackPointExtension>
        </extensions>
      </trkpt>
      <trkpt lat="31.28068587742745876312255859375" lon="121.37000142596662044525146484375">
        <ele>2</ele>
        <time>2026-06-04T13:33:17.000Z</time>
        <extensions>
          <ns3:TrackPointExtension>
            <ns3:hr>136</ns3:hr>
            <ns3:cad>81</ns3:cad>
          </ns3:TrackPointExtension>
        </extensions>
      </trkpt>
      <trkpt lat="31.28071018494665622711181640625" lon="121.370001174509525299072265625">
        <ele>2</ele>
        <time>2026-06-04T13:33:18.000Z</time>
        <extensions>
          <ns3:TrackPointExtension>
            <ns3:hr>136</ns3:hr>
            <ns3:cad>81</ns3:cad>
          </ns3:TrackPointExtension>
        </extensions>
      </trkpt>
      <trkpt lat="31.2807328999042510986328125" lon="121.37000276707112789154052734375">
        <ele>2</ele>
        <time>2026-06-04T13:33:19.000Z</time>
        <extensions>
          <ns3:TrackPointExtension>
            <ns3:hr>136</ns3:hr>
            <ns3:cad>82</ns3:cad>
          </ns3:TrackPointExtension>
        </extensions>
      </trkpt>
      <trkpt lat="31.28075729124248027801513671875" lon="121.3700040243566036224365234375">
        <ele>1.7999999523162841796875</ele>
        <time>2026-06-04T13:33:20.000Z</time>
        <extensions>
          <ns3:TrackPointExtension>
            <ns3:hr>136</ns3:hr>
            <ns3:cad>82</ns3:cad>
          </ns3:TrackPointExtension>
        </extensions>
      </trkpt>
      <trkpt lat="31.28078009001910686492919921875" lon="121.37000427581369876861572265625">
        <ele>1.7999999523162841796875</ele>
        <time>2026-06-04T13:33:21.000Z</time>
        <extensions>
          <ns3:TrackPointExtension>
            <ns3:hr>136</ns3:hr>
            <ns3:cad>82</ns3:cad>
          </ns3:TrackPointExtension>
        </extensions>
      </trkpt>
      <trkpt lat="31.28080640919506549835205078125" lon="121.37000930495560169219970703125">
        <ele>1.7999999523162841796875</ele>
        <time>2026-06-04T13:33:22.000Z</time>
        <extensions>
          <ns3:TrackPointExtension>
            <ns3:hr>136</ns3:hr>
            <ns3:cad>82</ns3:cad>
          </ns3:TrackPointExtension>
        </extensions>
      </trkpt>
      <trkpt lat="31.28083155490458011627197265625" lon="121.3700114004313945770263671875">
        <ele>2</ele>
        <time>2026-06-04T13:33:23.000Z</time>
        <extensions>
          <ns3:TrackPointExtension>
            <ns3:hr>136</ns3:hr>
            <ns3:cad>82</ns3:cad>
          </ns3:TrackPointExtension>
        </extensions>
      </trkpt>
      <trkpt lat="31.2808577902615070343017578125" lon="121.37001383118331432342529296875">
        <ele>2</ele>
        <time>2026-06-04T13:33:24.000Z</time>
        <extensions>
          <ns3:TrackPointExtension>
            <ns3:hr>136</ns3:hr>
            <ns3:cad>82</ns3:cad>
          </ns3:TrackPointExtension>
        </extensions>
      </trkpt>
      <trkpt lat="31.28088167868554592132568359375" lon="121.370017267763614654541015625">
        <ele>2</ele>
        <time>2026-06-04T13:33:25.000Z</time>
        <extensions>
          <ns3:TrackPointExtension>
            <ns3:hr>136</ns3:hr>
            <ns3:cad>82</ns3:cad>
          </ns3:TrackPointExtension>
        </extensions>
      </trkpt>
      <trkpt lat="31.2809043936431407928466796875" lon="121.3700182735919952392578125">
        <ele>2</ele>
        <time>2026-06-04T13:33:26.000Z</time>
        <extensions>
          <ns3:TrackPointExtension>
            <ns3:hr>136</ns3:hr>
            <ns3:cad>82</ns3:cad>
          </ns3:TrackPointExtension>
        </extensions>
      </trkpt>
      <trkpt lat="31.28092308528721332550048828125" lon="121.37001760303974151611328125">
        <ele>2</ele>
        <time>2026-06-04T13:33:27.000Z</time>
        <extensions>
          <ns3:TrackPointExtension>
            <ns3:hr>136</ns3:hr>
            <ns3:cad>82</ns3:cad>
          </ns3:TrackPointExtension>
        </extensions>
      </trkpt>
      <trkpt lat="31.280947141349315643310546875" lon="121.3700174354016780853271484375">
        <ele>2</ele>
        <time>2026-06-04T13:33:28.000Z</time>
        <extensions>
          <ns3:TrackPointExtension>
            <ns3:hr>136</ns3:hr>
            <ns3:cad>82</ns3:cad>
          </ns3:TrackPointExtension>
        </extensions>
      </trkpt>
      <trkpt lat="31.28096968866884708404541015625" lon="121.37001986615359783172607421875">
        <ele>2</ele>
        <time>2026-06-04T13:33:29.000Z</time>
        <extensions>
          <ns3:TrackPointExtension>
            <ns3:hr>136</ns3:hr>
            <ns3:cad>82</ns3:cad>
          </ns3:TrackPointExtension>
        </extensions>
      </trkpt>
      <trkpt lat="31.280994080007076263427734375" lon="121.37002338655292987823486328125">
        <ele>2</ele>
        <time>2026-06-04T13:33:30.000Z</time>
        <extensions>
          <ns3:TrackPointExtension>
            <ns3:hr>136</ns3:hr>
            <ns3:cad>81</ns3:cad>
          </ns3:TrackPointExtension>
        </extensions>
      </trkpt>
      <trkpt lat="31.2810163758695125579833984375" lon="121.370020620524883270263671875">
        <ele>2</ele>
        <time>2026-06-04T13:33:31.000Z</time>
        <extensions>
          <ns3:TrackPointExtension>
            <ns3:hr>136</ns3:hr>
            <ns3:cad>81</ns3:cad>
          </ns3:TrackPointExtension>
        </extensions>
      </trkpt>
      <trkpt lat="31.2810386717319488525390625" lon="121.37002372182905673980712890625">
        <ele>2</ele>
        <time>2026-06-04T13:33:32.000Z</time>
        <extensions>
          <ns3:TrackPointExtension>
            <ns3:hr>136</ns3:hr>
            <ns3:cad>81</ns3:cad>
          </ns3:TrackPointExtension>
        </extensions>
      </trkpt>
      <trkpt lat="31.28106256015598773956298828125" lon="121.37002774514257907867431640625">
        <ele>2</ele>
        <time>2026-06-04T13:33:33.000Z</time>
        <extensions>
          <ns3:TrackPointExtension>
            <ns3:hr>136</ns3:hr>
            <ns3:cad>81</ns3:cad>
          </ns3:TrackPointExtension>
        </extensions>
      </trkpt>
      <trkpt lat="31.28108762204647064208984375" lon="121.37002875097095966339111328125">
        <ele>2</ele>
        <time>2026-06-04T13:33:34.000Z</time>
        <extensions>
          <ns3:TrackPointExtension>
            <ns3:hr>136</ns3:hr>
            <ns3:cad>81</ns3:cad>
          </ns3:TrackPointExtension>
        </extensions>
      </trkpt>
      <trkpt lat="31.28111218102276325225830078125" lon="121.3700352050364017486572265625">
        <ele>2.2000000476837158203125</ele>
        <time>2026-06-04T13:33:35.000Z</time>
        <extensions>
          <ns3:TrackPointExtension>
            <ns3:hr>136</ns3:hr>
            <ns3:cad>81</ns3:cad>
          </ns3:TrackPointExtension>
        </extensions>
      </trkpt>
      <trkpt lat="31.28113481216132640838623046875" lon="121.37004031799733638763427734375">
        <ele>2.2000000476837158203125</ele>
        <time>2026-06-04T13:33:36.000Z</time>
        <extensions>
          <ns3:TrackPointExtension>
            <ns3:hr>136</ns3:hr>
            <ns3:cad>81</ns3:cad>
          </ns3:TrackPointExtension>
        </extensions>
      </trkpt>
      <trkpt lat="31.28115601837635040283203125" lon="121.37004199437797069549560546875">
        <ele>2.2000000476837158203125</ele>
        <time>2026-06-04T13:33:37.000Z</time>
        <extensions>
          <ns3:TrackPointExtension>
            <ns3:hr>136</ns3:hr>
            <ns3:cad>81</ns3:cad>
          </ns3:TrackPointExtension>
        </extensions>
      </trkpt>
      <trkpt lat="31.28117806278169155120849609375" lon="121.37004769407212734222412109375">
        <ele>2.2000000476837158203125</ele>
        <time>2026-06-04T13:33:38.000Z</time>
        <extensions>
          <ns3:TrackPointExtension>
            <ns3:hr>136</ns3:hr>
            <ns3:cad>82</ns3:cad>
          </ns3:TrackPointExtension>
        </extensions>
      </trkpt>
      <trkpt lat="31.281196586787700653076171875" lon="121.3700506277382373809814453125">
        <ele>2.2000000476837158203125</ele>
        <time>2026-06-04T13:33:39.000Z</time>
        <extensions>
          <ns3:TrackPointExtension>
            <ns3:hr>136</ns3:hr>
            <ns3:cad>82</ns3:cad>
          </ns3:TrackPointExtension>
        </extensions>
      </trkpt>
      <trkpt lat="31.28122231923043727874755859375" lon="121.37004978954792022705078125">
        <ele>2</ele>
        <time>2026-06-04T13:33:40.000Z</time>
        <extensions>
          <ns3:TrackPointExtension>
            <ns3:hr>135</ns3:hr>
            <ns3:cad>82</ns3:cad>
          </ns3:TrackPointExtension>
        </extensions>
      </trkpt>
      <trkpt lat="31.281245537102222442626953125" lon="121.37004920281469821929931640625">
        <ele>2</ele>
        <time>2026-06-04T13:33:41.000Z</time>
        <extensions>
          <ns3:TrackPointExtension>
            <ns3:hr>135</ns3:hr>
            <ns3:cad>82</ns3:cad>
          </ns3:TrackPointExtension>
        </extensions>
      </trkpt>
      <trkpt lat="31.281270347535610198974609375" lon="121.37004819698631763458251953125">
        <ele>2</ele>
        <time>2026-06-04T13:33:42.000Z</time>
        <extensions>
          <ns3:TrackPointExtension>
            <ns3:hr>135</ns3:hr>
            <ns3:cad>82</ns3:cad>
          </ns3:TrackPointExtension>
        </extensions>
      </trkpt>
      <trkpt lat="31.28129390068352222442626953125" lon="121.3700476102530956268310546875">
        <ele>2.2000000476837158203125</ele>
        <time>2026-06-04T13:33:43.000Z</time>
        <extensions>
          <ns3:TrackPointExtension>
            <ns3:hr>136</ns3:hr>
            <ns3:cad>82</ns3:cad>
          </ns3:TrackPointExtension>
        </extensions>
      </trkpt>
      <trkpt lat="31.28131535835564136505126953125" lon="121.37005188502371311187744140625">
        <ele>2.2000000476837158203125</ele>
        <time>2026-06-04T13:33:44.000Z</time>
        <extensions>
          <ns3:TrackPointExtension>
            <ns3:hr>136</ns3:hr>
            <ns3:cad>82</ns3:cad>
          </ns3:TrackPointExtension>
        </extensions>
      </trkpt>
      <trkpt lat="31.28134083934128284454345703125" lon="121.3700504601001739501953125">
        <ele>2.400000095367431640625</ele>
        <time>2026-06-04T13:33:45.000Z</time>
        <extensions>
          <ns3:TrackPointExtension>
            <ns3:hr>136</ns3:hr>
            <ns3:cad>82</ns3:cad>
          </ns3:TrackPointExtension>
        </extensions>
      </trkpt>
      <trkpt lat="31.2813650630414485931396484375" lon="121.3700580038130283355712890625">
        <ele>2.400000095367431640625</ele>
        <time>2026-06-04T13:33:46.000Z</time>
        <extensions>
          <ns3:TrackPointExtension>
            <ns3:hr>136</ns3:hr>
            <ns3:cad>82</ns3:cad>
          </ns3:TrackPointExtension>
        </extensions>
      </trkpt>
      <trkpt lat="31.28138861618936061859130859375" lon="121.3700606860220432281494140625">
        <ele>2.400000095367431640625</ele>
        <time>2026-06-04T13:33:47.000Z</time>
        <extensions>
          <ns3:TrackPointExtension>
            <ns3:hr>136</ns3:hr>
            <ns3:cad>82</ns3:cad>
          </ns3:TrackPointExtension>
        </extensions>
      </trkpt>
      <trkpt lat="31.281411163508892059326171875" lon="121.3700643740594387054443359375">
        <ele>2.400000095367431640625</ele>
        <time>2026-06-04T13:33:48.000Z</time>
        <extensions>
          <ns3:TrackPointExtension>
            <ns3:hr>136</ns3:hr>
            <ns3:cad>82</ns3:cad>
          </ns3:TrackPointExtension>
        </extensions>
      </trkpt>
      <trkpt lat="31.28143354319036006927490234375" lon="121.3700677268207073211669921875">
        <ele>2.400000095367431640625</ele>
        <time>2026-06-04T13:33:49.000Z</time>
        <extensions>
          <ns3:TrackPointExtension>
            <ns3:hr>136</ns3:hr>
            <ns3:cad>82</ns3:cad>
          </ns3:TrackPointExtension>
        </extensions>
      </trkpt>
      <trkpt lat="31.2814570963382720947265625" lon="121.37007216922938823699951171875">
        <ele>2.400000095367431640625</ele>
        <time>2026-06-04T13:33:50.000Z</time>
        <extensions>
          <ns3:TrackPointExtension>
            <ns3:hr>136</ns3:hr>
            <ns3:cad>82</ns3:cad>
          </ns3:TrackPointExtension>
        </extensions>
      </trkpt>
      <trkpt lat="31.2814780510962009429931640625" lon="121.3700730912387371063232421875">
        <ele>2.2000000476837158203125</ele>
        <time>2026-06-04T13:33:51.000Z</time>
        <extensions>
          <ns3:TrackPointExtension>
            <ns3:hr>136</ns3:hr>
            <ns3:cad>80</ns3:cad>
          </ns3:TrackPointExtension>
        </extensions>
      </trkpt>
      <trkpt lat="31.28150277771055698394775390625" lon="121.3700784556567668914794921875">
        <ele>2.2000000476837158203125</ele>
        <time>2026-06-04T13:33:52.000Z</time>
        <extensions>
          <ns3:TrackPointExtension>
            <ns3:hr>136</ns3:hr>
            <ns3:cad>80</ns3:cad>
          </ns3:TrackPointExtension>
        </extensions>
      </trkpt>
      <trkpt lat="31.28152549266815185546875" lon="121.37008063495159149169921875">
        <ele>2.2000000476837158203125</ele>
        <time>2026-06-04T13:33:53.000Z</time>
        <extensions>
          <ns3:TrackPointExtension>
            <ns3:hr>136</ns3:hr>
            <ns3:cad>79</ns3:cad>
          </ns3:TrackPointExtension>
        </extensions>
      </trkpt>
      <trkpt lat="31.2815504707396030426025390625" lon="121.37008273042738437652587890625">
        <ele>2.2000000476837158203125</ele>
        <time>2026-06-04T13:33:54.000Z</time>
        <extensions>
          <ns3:TrackPointExtension>
            <ns3:hr>136</ns3:hr>
            <ns3:cad>79</ns3:cad>
          </ns3:TrackPointExtension>
        </extensions>
      </trkpt>
      <trkpt lat="31.2815739400684833526611328125" lon="121.37008608318865299224853515625">
        <ele>2</ele>
        <time>2026-06-04T13:33:55.000Z</time>
        <extensions>
          <ns3:TrackPointExtension>
            <ns3:hr>136</ns3:hr>
            <ns3:cad>79</ns3:cad>
          </ns3:TrackPointExtension>
        </extensions>
      </trkpt>
      <trkpt lat="31.281598247587680816650390625" lon="121.37008775956928730010986328125">
        <ele>2</ele>
        <time>2026-06-04T13:33:56.000Z</time>
        <extensions>
          <ns3:TrackPointExtension>
            <ns3:hr>136</ns3:hr>
            <ns3:cad>80</ns3:cad>
          </ns3:TrackPointExtension>
        </extensions>
      </trkpt>
      <trkpt lat="31.281620375812053680419921875" lon="121.3700932078063488006591796875">
        <ele>2</ele>
        <time>2026-06-04T13:33:57.000Z</time>
        <extensions>
          <ns3:TrackPointExtension>
            <ns3:hr>136</ns3:hr>
            <ns3:cad>80</ns3:cad>
          </ns3:TrackPointExtension>
        </extensions>
      </trkpt>
      <trkpt lat="31.2816448509693145751953125" lon="121.370094381272792816162109375">
        <ele>2</ele>
        <time>2026-06-04T13:33:58.000Z</time>
        <extensions>
          <ns3:TrackPointExtension>
            <ns3:hr>136</ns3:hr>
            <ns3:cad>80</ns3:cad>
          </ns3:TrackPointExtension>
        </extensions>
      </trkpt>
      <trkpt lat="31.28166605718433856964111328125" lon="121.3700960576534271240234375">
        <ele>1.7999999523162841796875</ele>
        <time>2026-06-04T13:33:59.000Z</time>
        <extensions>
          <ns3:TrackPointExtension>
            <ns3:hr>136</ns3:hr>
            <ns3:cad>81</ns3:cad>
          </ns3:TrackPointExtension>
        </extensions>
      </trkpt>
      <trkpt lat="31.28168969415128231048583984375" lon="121.37009614147245883941650390625">
        <ele>2</ele>
        <time>2026-06-04T13:34:00.000Z</time>
        <extensions>
          <ns3:TrackPointExtension>
            <ns3:hr>136</ns3:hr>
            <ns3:cad>81</ns3:cad>
          </ns3:TrackPointExtension>
        </extensions>
      </trkpt>
      <trkpt lat="31.2817097268998622894287109375" lon="121.37009899131953716278076171875">
        <ele>2</ele>
        <time>2026-06-04T13:34:01.000Z</time>
        <extensions>
          <ns3:TrackPointExtension>
            <ns3:hr>136</ns3:hr>
            <ns3:cad>81</ns3:cad>
          </ns3:TrackPointExtension>
        </extensions>
      </trkpt>
      <trkpt lat="31.2817306816577911376953125" lon="121.37010619975626468658447265625">
        <ele>2.2000000476837158203125</ele>
        <time>2026-06-04T13:34:02.000Z</time>
        <extensions>
          <ns3:TrackPointExtension>
            <ns3:hr>136</ns3:hr>
            <ns3:cad>81</ns3:cad>
          </ns3:TrackPointExtension>
        </extensions>
      </trkpt>
      <trkpt lat="31.281754486262798309326171875" lon="121.37011407874524593353271484375">
        <ele>2.2000000476837158203125</ele>
        <time>2026-06-04T13:34:03.000Z</time>
        <extensions>
          <ns3:TrackPointExtension>
            <ns3:hr>136</ns3:hr>
            <ns3:cad>81</ns3:cad>
          </ns3:TrackPointExtension>
        </extensions>
      </trkpt>
      <trkpt lat="31.281778626143932342529296875" lon="121.37011441402137279510498046875">
        <ele>2.2000000476837158203125</ele>
        <time>2026-06-04T13:34:04.000Z</time>
        <extensions>
          <ns3:TrackPointExtension>
            <ns3:hr>136</ns3:hr>
            <ns3:cad>81</ns3:cad>
          </ns3:TrackPointExtension>
        </extensions>
      </trkpt>
      <trkpt lat="31.281801424920558929443359375" lon="121.3701133243739604949951171875">
        <ele>2.2000000476837158203125</ele>
        <time>2026-06-04T13:34:05.000Z</time>
        <extensions>
          <ns3:TrackPointExtension>
            <ns3:hr>137</ns3:hr>
            <ns3:cad>81</ns3:cad>
          </ns3:TrackPointExtension>
        </extensions>
      </trkpt>
      <trkpt lat="31.28182481043040752410888671875" lon="121.37011793442070484161376953125">
        <ele>2</ele>
        <time>2026-06-04T13:34:06.000Z</time>
        <extensions>
          <ns3:TrackPointExtension>
            <ns3:hr>137</ns3:hr>
            <ns3:cad>82</ns3:cad>
          </ns3:TrackPointExtension>
        </extensions>
      </trkpt>
      <trkpt lat="31.28185096196830272674560546875" lon="121.3701207004487514495849609375">
        <ele>2</ele>
        <time>2026-06-04T13:34:07.000Z</time>
        <extensions>
          <ns3:TrackPointExtension>
            <ns3:hr>137</ns3:hr>
            <ns3:cad>82</ns3:cad>
          </ns3:TrackPointExtension>
        </extensions>
      </trkpt>
      <trkpt lat="31.28187485039234161376953125" lon="121.370117180049419403076171875">
        <ele>2</ele>
        <time>2026-06-04T13:34:08.000Z</time>
        <extensions>
          <ns3:TrackPointExtension>
            <ns3:hr>138</ns3:hr>
            <ns3:cad>82</ns3:cad>
          </ns3:TrackPointExtension>
        </extensions>
      </trkpt>
      <trkpt lat="31.28189907409250736236572265625" lon="121.3701193593442440032958984375">
        <ele>2</ele>
        <time>2026-06-04T13:34:09.000Z</time>
        <extensions>
          <ns3:TrackPointExtension>
            <ns3:hr>138</ns3:hr>
            <ns3:cad>82</ns3:cad>
          </ns3:TrackPointExtension>
        </extensions>
      </trkpt>
      <trkpt lat="31.28192220814526081085205078125" lon="121.3701207004487514495849609375">
        <ele>2</ele>
        <time>2026-06-04T13:34:10.000Z</time>
        <extensions>
          <ns3:TrackPointExtension>
            <ns3:hr>138</ns3:hr>
            <ns3:cad>81</ns3:cad>
          </ns3:TrackPointExtension>
        </extensions>
      </trkpt>
      <trkpt lat="31.28194735385477542877197265625" lon="121.370123885571956634521484375">
        <ele>2</ele>
        <time>2026-06-04T13:34:11.000Z</time>
        <extensions>
          <ns3:TrackPointExtension>
            <ns3:hr>139</ns3:hr>
            <ns3:cad>81</ns3:cad>
          </ns3:TrackPointExtension>
        </extensions>
      </trkpt>
      <trkpt lat="31.28197140991687774658203125" lon="121.37012623250484466552734375">
        <ele>2</ele>
        <time>2026-06-04T13:34:12.000Z</time>
        <extensions>
          <ns3:TrackPointExtension>
            <ns3:hr>139</ns3:hr>
            <ns3:cad>81</ns3:cad>
          </ns3:TrackPointExtension>
        </extensions>
      </trkpt>
      <trkpt lat="31.28199596889317035675048828125" lon="121.37012489140033721923828125">
        <ele>2</ele>
        <time>2026-06-04T13:34:13.000Z</time>
        <extensions>
          <ns3:TrackPointExtension>
            <ns3:hr>139</ns3:hr>
            <ns3:cad>81</ns3:cad>
          </ns3:TrackPointExtension>
        </extensions>
      </trkpt>
      <trkpt lat="31.28202195279300212860107421875" lon="121.37012866325676441192626953125">
        <ele>2</ele>
        <time>2026-06-04T13:34:14.000Z</time>
        <extensions>
          <ns3:TrackPointExtension>
            <ns3:hr>139</ns3:hr>
            <ns3:cad>81</ns3:cad>
          </ns3:TrackPointExtension>
        </extensions>
      </trkpt>
      <trkpt lat="31.28204248845577239990234375" lon="121.3701351173222064971923828125">
        <ele>2</ele>
        <time>2026-06-04T13:34:15.000Z</time>
        <extensions>
          <ns3:TrackPointExtension>
            <ns3:hr>139</ns3:hr>
            <ns3:cad>81</ns3:cad>
          </ns3:TrackPointExtension>
        </extensions>
      </trkpt>
      <trkpt lat="31.282064281404018402099609375" lon="121.3701320998370647430419921875">
        <ele>2</ele>
        <time>2026-06-04T13:34:16.000Z</time>
        <extensions>
          <ns3:TrackPointExtension>
            <ns3:hr>138</ns3:hr>
            <ns3:cad>81</ns3:cad>
          </ns3:TrackPointExtension>
        </extensions>
      </trkpt>
      <trkpt lat="31.282087750732898712158203125" lon="121.37013536877930164337158203125">
        <ele>2</ele>
        <time>2026-06-04T13:34:17.000Z</time>
        <extensions>
          <ns3:TrackPointExtension>
            <ns3:hr>139</ns3:hr>
            <ns3:cad>81</ns3:cad>
          </ns3:TrackPointExtension>
        </extensions>
      </trkpt>
      <trkpt lat="31.28211130388081073760986328125" lon="121.37013922445476055145263671875">
        <ele>2</ele>
        <time>2026-06-04T13:34:18.000Z</time>
        <extensions>
          <ns3:TrackPointExtension>
            <ns3:hr>139</ns3:hr>
            <ns3:cad>81</ns3:cad>
          </ns3:TrackPointExtension>
        </extensions>
      </trkpt>
      <trkpt lat="31.28213343210518360137939453125" lon="121.370141319930553436279296875">
        <ele>2</ele>
        <time>2026-06-04T13:34:19.000Z</time>
        <extensions>
          <ns3:TrackPointExtension>
            <ns3:hr>138</ns3:hr>
            <ns3:cad>81</ns3:cad>
          </ns3:TrackPointExtension>
        </extensions>
      </trkpt>
      <trkpt lat="31.2821593321859836578369140625" lon="121.37014592997729778289794921875">
        <ele>1.7999999523162841796875</ele>
        <time>2026-06-04T13:34:20.000Z</time>
        <extensions>
          <ns3:TrackPointExtension>
            <ns3:hr>138</ns3:hr>
            <ns3:cad>81</ns3:cad>
          </ns3:TrackPointExtension>
        </extensions>
      </trkpt>
      <trkpt lat="31.28218154422938823699951171875" lon="121.3701497018337249755859375">
        <ele>1.7999999523162841796875</ele>
        <time>2026-06-04T13:34:21.000Z</time>
        <extensions>
          <ns3:TrackPointExtension>
            <ns3:hr>138</ns3:hr>
            <ns3:cad>82</ns3:cad>
          </ns3:TrackPointExtension>
        </extensions>
      </trkpt>
      <trkpt lat="31.28220467828214168548583984375" lon="121.37014861218631267547607421875">
        <ele>1.7999999523162841796875</ele>
        <time>2026-06-04T13:34:22.000Z</time>
        <extensions>
          <ns3:TrackPointExtension>
            <ns3:hr>138</ns3:hr>
            <ns3:cad>82</ns3:cad>
          </ns3:TrackPointExtension>
        </extensions>
      </trkpt>
      <trkpt lat="31.282223872840404510498046875" lon="121.37014559470117092132568359375">
        <ele>1.7999999523162841796875</ele>
        <time>2026-06-04T13:34:23.000Z</time>
        <extensions>
          <ns3:TrackPointExtension>
            <ns3:hr>138</ns3:hr>
            <ns3:cad>81</ns3:cad>
          </ns3:TrackPointExtension>
        </extensions>
      </trkpt>
      <trkpt lat="31.28224633634090423583984375" lon="121.37014978565275669097900390625">
        <ele>1.7999999523162841796875</ele>
        <time>2026-06-04T13:34:24.000Z</time>
        <extensions>
          <ns3:TrackPointExtension>
            <ns3:hr>138</ns3:hr>
            <ns3:cad>81</ns3:cad>
          </ns3:TrackPointExtension>
        </extensions>
      </trkpt>
      <trkpt lat="31.2822698056697845458984375" lon="121.370151042938232421875">
        <ele>1.7999999523162841796875</ele>
        <time>2026-06-04T13:34:25.000Z</time>
        <extensions>
          <ns3:TrackPointExtension>
            <ns3:hr>138</ns3:hr>
            <ns3:cad>80</ns3:cad>
          </ns3:TrackPointExtension>
        </extensions>
      </trkpt>
      <trkpt lat="31.282290928065776824951171875" lon="121.37015079148113727569580078125">
        <ele>1.7999999523162841796875</ele>
        <time>2026-06-04T13:34:26.000Z</time>
        <extensions>
          <ns3:TrackPointExtension>
            <ns3:hr>138</ns3:hr>
            <ns3:cad>80</ns3:cad>
          </ns3:TrackPointExtension>
        </extensions>
      </trkpt>
      <trkpt lat="31.2823145650327205657958984375" lon="121.37015640735626220703125">
        <ele>1.7999999523162841796875</ele>
        <time>2026-06-04T13:34:27.000Z</time>
        <extensions>
          <ns3:TrackPointExtension>
            <ns3:hr>138</ns3:hr>
            <ns3:cad>80</ns3:cad>
          </ns3:TrackPointExtension>
        </extensions>
      </trkpt>
      <trkpt lat="31.282339207828044891357421875" lon="121.37015917338430881500244140625">
        <ele>1.7999999523162841796875</ele>
        <time>2026-06-04T13:34:28.000Z</time>
        <extensions>
          <ns3:TrackPointExtension>
            <ns3:hr>138</ns3:hr>
            <ns3:cad>80</ns3:cad>
          </ns3:TrackPointExtension>
        </extensions>
      </trkpt>
      <trkpt lat="31.282359994947910308837890625" lon="121.3701605983078479766845703125">
        <ele>1.7999999523162841796875</ele>
        <time>2026-06-04T13:34:29.000Z</time>
        <extensions>
          <ns3:TrackPointExtension>
            <ns3:hr>138</ns3:hr>
            <ns3:cad>80</ns3:cad>
          </ns3:TrackPointExtension>
        </extensions>
      </trkpt>
      <trkpt lat="31.28238354809582233428955078125" lon="121.37016336433589458465576171875">
        <ele>1.7999999523162841796875</ele>
        <time>2026-06-04T13:34:30.000Z</time>
        <extensions>
          <ns3:TrackPointExtension>
            <ns3:hr>138</ns3:hr>
            <ns3:cad>81</ns3:cad>
          </ns3:TrackPointExtension>
        </extensions>
      </trkpt>
      <trkpt lat="31.28240584395825862884521484375" lon="121.3701693154871463775634765625">
        <ele>2</ele>
        <time>2026-06-04T13:34:31.000Z</time>
        <extensions>
          <ns3:TrackPointExtension>
            <ns3:hr>138</ns3:hr>
            <ns3:cad>81</ns3:cad>
          </ns3:TrackPointExtension>
        </extensions>
      </trkpt>
      <trkpt lat="31.28242679871618747711181640625" lon="121.37017719447612762451171875">
        <ele>2</ele>
        <time>2026-06-04T13:34:32.000Z</time>
        <extensions>
          <ns3:TrackPointExtension>
            <ns3:hr>138</ns3:hr>
            <ns3:cad>81</ns3:cad>
          </ns3:TrackPointExtension>
        </extensions>
      </trkpt>
      <trkpt lat="31.2824486754834651947021484375" lon="121.37017560191452503204345703125">
        <ele>2</ele>
        <time>2026-06-04T13:34:33.000Z</time>
        <extensions>
          <ns3:TrackPointExtension>
            <ns3:hr>138</ns3:hr>
            <ns3:cad>81</ns3:cad>
          </ns3:TrackPointExtension>
        </extensions>
      </trkpt>
      <trkpt lat="31.282472312450408935546875" lon="121.37017719447612762451171875">
        <ele>2</ele>
        <time>2026-06-04T13:34:34.000Z</time>
        <extensions>
          <ns3:TrackPointExtension>
            <ns3:hr>138</ns3:hr>
            <ns3:cad>81</ns3:cad>
          </ns3:TrackPointExtension>
        </extensions>
      </trkpt>
      <trkpt lat="31.2824949435889720916748046875" lon="121.37018146924674510955810546875">
        <ele>1.7999999523162841796875</ele>
        <time>2026-06-04T13:34:35.000Z</time>
        <extensions>
          <ns3:TrackPointExtension>
            <ns3:hr>138</ns3:hr>
            <ns3:cad>81</ns3:cad>
          </ns3:TrackPointExtension>
        </extensions>
      </trkpt>
      <trkpt lat="31.28251698799431324005126953125" lon="121.37018297798931598663330078125">
        <ele>2</ele>
        <time>2026-06-04T13:34:36.000Z</time>
        <extensions>
          <ns3:TrackPointExtension>
            <ns3:hr>138</ns3:hr>
            <ns3:cad>81</ns3:cad>
          </ns3:TrackPointExtension>
        </extensions>
      </trkpt>
      <trkpt lat="31.28253928385674953460693359375" lon="121.37018255889415740966796875">
        <ele>2</ele>
        <time>2026-06-04T13:34:37.000Z</time>
        <extensions>
          <ns3:TrackPointExtension>
            <ns3:hr>138</ns3:hr>
            <ns3:cad>80</ns3:cad>
          </ns3:TrackPointExtension>
        </extensions>
      </trkpt>
      <trkpt lat="31.2825623340904712677001953125" lon="121.37018297798931598663330078125">
        <ele>2</ele>
        <time>2026-06-04T13:34:38.000Z</time>
        <extensions>
          <ns3:TrackPointExtension>
            <ns3:hr>138</ns3:hr>
            <ns3:cad>80</ns3:cad>
          </ns3:TrackPointExtension>
        </extensions>
      </trkpt>
      <trkpt lat="31.28258421085774898529052734375" lon="121.370188258588314056396484375">
        <ele>2.2000000476837158203125</ele>
        <time>2026-06-04T13:34:39.000Z</time>
        <extensions>
          <ns3:TrackPointExtension>
            <ns3:hr>138</ns3:hr>
            <ns3:cad>80</ns3:cad>
          </ns3:TrackPointExtension>
        </extensions>
      </trkpt>
      <trkpt lat="31.2826055847108364105224609375" lon="121.37019035406410694122314453125">
        <ele>2.2000000476837158203125</ele>
        <time>2026-06-04T13:34:40.000Z</time>
        <extensions>
          <ns3:TrackPointExtension>
            <ns3:hr>138</ns3:hr>
            <ns3:cad>80</ns3:cad>
          </ns3:TrackPointExtension>
        </extensions>
      </trkpt>
      <trkpt lat="31.28262980841100215911865234375" lon="121.370191276073455810546875">
        <ele>2.2000000476837158203125</ele>
        <time>2026-06-04T13:34:41.000Z</time>
        <extensions>
          <ns3:TrackPointExtension>
            <ns3:hr>138</ns3:hr>
            <ns3:cad>81</ns3:cad>
          </ns3:TrackPointExtension>
        </extensions>
      </trkpt>
      <trkpt lat="31.2826506793498992919921875" lon="121.37019462883472442626953125">
        <ele>2.2000000476837158203125</ele>
        <time>2026-06-04T13:34:42.000Z</time>
        <extensions>
          <ns3:TrackPointExtension>
            <ns3:hr>138</ns3:hr>
            <ns3:cad>81</ns3:cad>
          </ns3:TrackPointExtension>
        </extensions>
      </trkpt>
      <trkpt lat="31.28267356194555759429931640625" lon="121.3701964728534221649169921875">
        <ele>2.2000000476837158203125</ele>
        <time>2026-06-04T13:34:43.000Z</time>
        <extensions>
          <ns3:TrackPointExtension>
            <ns3:hr>138</ns3:hr>
            <ns3:cad>81</ns3:cad>
          </ns3:TrackPointExtension>
        </extensions>
      </trkpt>
      <trkpt lat="31.28269619308412075042724609375" lon="121.3701981492340564727783203125">
        <ele>2.2000000476837158203125</ele>
        <time>2026-06-04T13:34:44.000Z</time>
        <extensions>
          <ns3:TrackPointExtension>
            <ns3:hr>138</ns3:hr>
            <ns3:cad>81</ns3:cad>
          </ns3:TrackPointExtension>
        </extensions>
      </trkpt>
      <trkpt lat="31.2827185727655887603759765625" lon="121.3702018372714519500732421875">
        <ele>2.2000000476837158203125</ele>
        <time>2026-06-04T13:34:45.000Z</time>
        <extensions>
          <ns3:TrackPointExtension>
            <ns3:hr>138</ns3:hr>
            <ns3:cad>81</ns3:cad>
          </ns3:TrackPointExtension>
        </extensions>
      </trkpt>
      <trkpt lat="31.28274296410381793975830078125" lon="121.3702018372714519500732421875">
        <ele>2</ele>
        <time>2026-06-04T13:34:46.000Z</time>
        <extensions>
          <ns3:TrackPointExtension>
            <ns3:hr>138</ns3:hr>
            <ns3:cad>80</ns3:cad>
          </ns3:TrackPointExtension>
        </extensions>
      </trkpt>
      <trkpt lat="31.2827633321285247802734375" lon="121.37019873596727848052978515625">
        <ele>2</ele>
        <time>2026-06-04T13:34:47.000Z</time>
        <extensions>
          <ns3:TrackPointExtension>
            <ns3:hr>138</ns3:hr>
            <ns3:cad>80</ns3:cad>
          </ns3:TrackPointExtension>
        </extensions>
      </trkpt>
      <trkpt lat="31.2827856279909610748291015625" lon="121.37020125053822994232177734375">
        <ele>1.7999999523162841796875</ele>
        <time>2026-06-04T13:34:48.000Z</time>
        <extensions>
          <ns3:TrackPointExtension>
            <ns3:hr>138</ns3:hr>
            <ns3:cad>80</ns3:cad>
          </ns3:TrackPointExtension>
        </extensions>
      </trkpt>
      <trkpt lat="31.28280985169112682342529296875" lon="121.3702015019953250885009765625">
        <ele>1.7999999523162841796875</ele>
        <time>2026-06-04T13:34:49.000Z</time>
        <extensions>
          <ns3:TrackPointExtension>
            <ns3:hr>138</ns3:hr>
            <ns3:cad>80</ns3:cad>
          </ns3:TrackPointExtension>
        </extensions>
      </trkpt>
      <trkpt lat="31.28283382393419742584228515625" lon="121.3701994903385639190673828125">
        <ele>2</ele>
        <time>2026-06-04T13:34:50.000Z</time>
        <extensions>
          <ns3:TrackPointExtension>
            <ns3:hr>138</ns3:hr>
            <ns3:cad>80</ns3:cad>
          </ns3:TrackPointExtension>
        </extensions>
      </trkpt>
      <trkpt lat="31.2828570418059825897216796875" lon="121.37019865214824676513671875">
        <ele>2.2000000476837158203125</ele>
        <time>2026-06-04T13:34:51.000Z</time>
        <extensions>
          <ns3:TrackPointExtension>
            <ns3:hr>138</ns3:hr>
            <ns3:cad>81</ns3:cad>
          </ns3:TrackPointExtension>
        </extensions>
      </trkpt>
      <trkpt lat="31.2828815169632434844970703125" lon="121.37019789777696132659912109375">
        <ele>2.2000000476837158203125</ele>
        <time>2026-06-04T13:34:52.000Z</time>
        <extensions>
          <ns3:TrackPointExtension>
            <ns3:hr>138</ns3:hr>
            <ns3:cad>81</ns3:cad>
          </ns3:TrackPointExtension>
        </extensions>
      </trkpt>
      <trkpt lat="31.28290372900664806365966796875" lon="121.37019420973956584930419921875">
        <ele>2.400000095367431640625</ele>
        <time>2026-06-04T13:34:53.000Z</time>
        <extensions>
          <ns3:TrackPointExtension>
            <ns3:hr>138</ns3:hr>
            <ns3:cad>82</ns3:cad>
          </ns3:TrackPointExtension>
        </extensions>
      </trkpt>
      <trkpt lat="31.28292585723102092742919921875" lon="121.3701917789876461029052734375">
        <ele>2.400000095367431640625</ele>
        <time>2026-06-04T13:34:54.000Z</time>
        <extensions>
          <ns3:TrackPointExtension>
            <ns3:hr>138</ns3:hr>
            <ns3:cad>82</ns3:cad>
          </ns3:TrackPointExtension>
        </extensions>
      </trkpt>
      <trkpt lat="31.28294999711215496063232421875" lon="121.37019203044474124908447265625">
        <ele>2.599999904632568359375</ele>
        <time>2026-06-04T13:34:55.000Z</time>
        <extensions>
          <ns3:TrackPointExtension>
            <ns3:hr>138</ns3:hr>
            <ns3:cad>81</ns3:cad>
          </ns3:TrackPointExtension>
        </extensions>
      </trkpt>
      <trkpt lat="31.28297455608844757080078125" lon="121.3701890967786312103271484375">
        <ele>2.599999904632568359375</ele>
        <time>2026-06-04T13:34:56.000Z</time>
        <extensions>
          <ns3:TrackPointExtension>
            <ns3:hr>138</ns3:hr>
            <ns3:cad>80</ns3:cad>
          </ns3:TrackPointExtension>
        </extensions>
      </trkpt>
      <trkpt lat="31.28300162963569164276123046875" lon="121.370192281901836395263671875">
        <ele>2.599999904632568359375</ele>
        <time>2026-06-04T13:34:57.000Z</time>
        <extensions>
          <ns3:TrackPointExtension>
            <ns3:hr>138</ns3:hr>
            <ns3:cad>79</ns3:cad>
          </ns3:TrackPointExtension>
        </extensions>
      </trkpt>
      <trkpt lat="31.28302308730781078338623046875" lon="121.37020074762403964996337890625">
        <ele>2.7999999523162841796875</ele>
        <time>2026-06-04T13:34:58.000Z</time>
        <extensions>
          <ns3:TrackPointExtension>
            <ns3:hr>139</ns3:hr>
            <ns3:cad>79</ns3:cad>
          </ns3:TrackPointExtension>
        </extensions>
      </trkpt>
      <trkpt lat="31.28304454497992992401123046875" lon="121.3702060282230377197265625">
        <ele>2.7999999523162841796875</ele>
        <time>2026-06-04T13:34:59.000Z</time>
        <extensions>
          <ns3:TrackPointExtension>
            <ns3:hr>139</ns3:hr>
            <ns3:cad>80</ns3:cad>
          </ns3:TrackPointExtension>
        </extensions>
      </trkpt>
      <trkpt lat="31.28306851722300052642822265625" lon="121.37020778842270374298095703125">
        <ele>3</ele>
        <time>2026-06-04T13:35:00.000Z</time>
        <extensions>
          <ns3:TrackPointExtension>
            <ns3:hr>139</ns3:hr>
            <ns3:cad>80</ns3:cad>
          </ns3:TrackPointExtension>
        </extensions>
      </trkpt>
      <trkpt lat="31.28309332765638828277587890625" lon="121.370216421782970428466796875">
        <ele>3</ele>
        <time>2026-06-04T13:35:01.000Z</time>
        <extensions>
          <ns3:TrackPointExtension>
            <ns3:hr>139</ns3:hr>
            <ns3:cad>80</ns3:cad>
          </ns3:TrackPointExtension>
        </extensions>
      </trkpt>
      <trkpt lat="31.2831152044236660003662109375" lon="121.37022455222904682159423828125">
        <ele>3</ele>
        <time>2026-06-04T13:35:02.000Z</time>
        <extensions>
          <ns3:TrackPointExtension>
            <ns3:hr>139</ns3:hr>
            <ns3:cad>80</ns3:cad>
          </ns3:TrackPointExtension>
        </extensions>
      </trkpt>
      <trkpt lat="31.28313624300062656402587890625" lon="121.3702343590557575225830078125">
        <ele>3</ele>
        <time>2026-06-04T13:35:03.000Z</time>
        <extensions>
          <ns3:TrackPointExtension>
            <ns3:hr>139</ns3:hr>
            <ns3:cad>79</ns3:cad>
          </ns3:TrackPointExtension>
        </extensions>
      </trkpt>
      <trkpt lat="31.28315585665404796600341796875" lon="121.37024852447211742401123046875">
        <ele>2.7999999523162841796875</ele>
        <time>2026-06-04T13:35:04.000Z</time>
        <extensions>
          <ns3:TrackPointExtension>
            <ns3:hr>139</ns3:hr>
            <ns3:cad>79</ns3:cad>
          </ns3:TrackPointExtension>
        </extensions>
      </trkpt>
      <trkpt lat="31.2831723690032958984375" lon="121.37026361189782619476318359375">
        <ele>2.7999999523162841796875</ele>
        <time>2026-06-04T13:35:05.000Z</time>
        <extensions>
          <ns3:TrackPointExtension>
            <ns3:hr>139</ns3:hr>
            <ns3:cad>79</ns3:cad>
          </ns3:TrackPointExtension>
        </extensions>
      </trkpt>
      <trkpt lat="31.2831832654774188995361328125" lon="121.3702891767024993896484375">
        <ele>2.599999904632568359375</ele>
        <time>2026-06-04T13:35:06.000Z</time>
        <extensions>
          <ns3:TrackPointExtension>
            <ns3:hr>139</ns3:hr>
            <ns3:cad>80</ns3:cad>
          </ns3:TrackPointExtension>
        </extensions>
      </trkpt>
      <trkpt lat="31.28319122828543186187744140625" lon="121.37031490914523601531982421875">
        <ele>2.400000095367431640625</ele>
        <time>2026-06-04T13:35:07.000Z</time>
        <extensions>
          <ns3:TrackPointExtension>
            <ns3:hr>138</ns3:hr>
            <ns3:cad>80</ns3:cad>
          </ns3:TrackPointExtension>
        </extensions>
      </trkpt>
      <trkpt lat="31.2832003645598888397216796875" lon="121.37033938430249691009521484375">
        <ele>2.400000095367431640625</ele>
        <time>2026-06-04T13:35:08.000Z</time>
        <extensions>
          <ns3:TrackPointExtension>
            <ns3:hr>139</ns3:hr>
            <ns3:cad>79</ns3:cad>
          </ns3:TrackPointExtension>
        </extensions>
      </trkpt>
      <trkpt lat="31.28321721218526363372802734375" lon="121.370357237756252288818359375">
        <ele>2.400000095367431640625</ele>
        <time>2026-06-04T13:35:09.000Z</time>
        <extensions>
          <ns3:TrackPointExtension>
            <ns3:hr>139</ns3:hr>
            <ns3:cad>79</ns3:cad>
          </ns3:TrackPointExtension>
        </extensions>
      </trkpt>
      <trkpt lat="31.28323967568576335906982421875" lon="121.37037031352519989013671875">
        <ele>2.400000095367431640625</ele>
        <time>2026-06-04T13:35:10.000Z</time>
        <extensions>
          <ns3:TrackPointExtension>
            <ns3:hr>139</ns3:hr>
            <ns3:cad>79</ns3:cad>
          </ns3:TrackPointExtension>
        </extensions>
      </trkpt>
      <trkpt lat="31.28326247446238994598388671875" lon="121.37038104236125946044921875">
        <ele>2.400000095367431640625</ele>
        <time>2026-06-04T13:35:11.000Z</time>
        <extensions>
          <ns3:TrackPointExtension>
            <ns3:hr>138</ns3:hr>
            <ns3:cad>78</ns3:cad>
          </ns3:TrackPointExtension>
        </extensions>
      </trkpt>
      <trkpt lat="31.2832848541438579559326171875" lon="121.3703862391412258148193359375">
        <ele>2.400000095367431640625</ele>
        <time>2026-06-04T13:35:12.000Z</time>
        <extensions>
          <ns3:TrackPointExtension>
            <ns3:hr>139</ns3:hr>
            <ns3:cad>78</ns3:cad>
          </ns3:TrackPointExtension>
        </extensions>
      </trkpt>
      <trkpt lat="31.28330555744469165802001953125" lon="121.37039068154990673065185546875">
        <ele>2.400000095367431640625</ele>
        <time>2026-06-04T13:35:13.000Z</time>
        <extensions>
          <ns3:TrackPointExtension>
            <ns3:hr>139</ns3:hr>
            <ns3:cad>78</ns3:cad>
          </ns3:TrackPointExtension>
        </extensions>
      </trkpt>
      <trkpt lat="31.28332533873617649078369140625" lon="121.3703939504921436309814453125">
        <ele>2.400000095367431640625</ele>
        <time>2026-06-04T13:35:14.000Z</time>
        <extensions>
          <ns3:TrackPointExtension>
            <ns3:hr>139</ns3:hr>
            <ns3:cad>79</ns3:cad>
          </ns3:TrackPointExtension>
        </extensions>
      </trkpt>
      <trkpt lat="31.28334813751280307769775390625" lon="121.37039537541568279266357421875">
        <ele>2.2000000476837158203125</ele>
        <time>2026-06-04T13:35:15.000Z</time>
        <extensions>
          <ns3:TrackPointExtension>
            <ns3:hr>138</ns3:hr>
            <ns3:cad>79</ns3:cad>
          </ns3:TrackPointExtension>
        </extensions>
      </trkpt>
      <trkpt lat="31.28336909227073192596435546875" lon="121.37039621360599994659423828125">
        <ele>2.2000000476837158203125</ele>
        <time>2026-06-04T13:35:16.000Z</time>
        <extensions>
          <ns3:TrackPointExtension>
            <ns3:hr>138</ns3:hr>
            <ns3:cad>79</ns3:cad>
          </ns3:TrackPointExtension>
        </extensions>
      </trkpt>
      <trkpt lat="31.28339029848575592041015625" lon="121.37039923109114170074462890625">
        <ele>2.2000000476837158203125</ele>
        <time>2026-06-04T13:35:17.000Z</time>
        <extensions>
          <ns3:TrackPointExtension>
            <ns3:hr>138</ns3:hr>
            <ns3:cad>79</ns3:cad>
          </ns3:TrackPointExtension>
        </extensions>
      </trkpt>
      <trkpt lat="31.28341200761497020721435546875" lon="121.37040107510983943939208984375">
        <ele>2.2000000476837158203125</ele>
        <time>2026-06-04T13:35:18.000Z</time>
        <extensions>
          <ns3:TrackPointExtension>
            <ns3:hr>138</ns3:hr>
            <ns3:cad>79</ns3:cad>
          </ns3:TrackPointExtension>
        </extensions>
      </trkpt>
      <trkpt lat="31.28343597985804080963134765625" lon="121.37040392495691776275634765625">
        <ele>2.2000000476837158203125</ele>
        <time>2026-06-04T13:35:19.000Z</time>
        <extensions>
          <ns3:TrackPointExtension>
            <ns3:hr>139</ns3:hr>
            <ns3:cad>79</ns3:cad>
          </ns3:TrackPointExtension>
        </extensions>
      </trkpt>
      <trkpt lat="31.28345794044435024261474609375" lon="121.37040643952786922454833984375">
        <ele>2.2000000476837158203125</ele>
        <time>2026-06-04T13:35:20.000Z</time>
        <extensions>
          <ns3:TrackPointExtension>
            <ns3:hr>139</ns3:hr>
            <ns3:cad>79</ns3:cad>
          </ns3:TrackPointExtension>
        </extensions>
      </trkpt>
      <trkpt lat="31.28348224796354770660400390625" lon="121.3704071938991546630859375">
        <ele>2</ele>
        <time>2026-06-04T13:35:21.000Z</time>
        <extensions>
          <ns3:TrackPointExtension>
            <ns3:hr>140</ns3:hr>
            <ns3:cad>80</ns3:cad>
          </ns3:TrackPointExtension>
        </extensions>
      </trkpt>
      <trkpt lat="31.28350471146404743194580078125" lon="121.3704103790223598480224609375">
        <ele>2</ele>
        <time>2026-06-04T13:35:22.000Z</time>
        <extensions>
          <ns3:TrackPointExtension>
            <ns3:hr>140</ns3:hr>
            <ns3:cad>80</ns3:cad>
          </ns3:TrackPointExtension>
        </extensions>
      </trkpt>
      <trkpt lat="31.28352709114551544189453125" lon="121.3704157434403896331787109375">
        <ele>2</ele>
        <time>2026-06-04T13:35:23.000Z</time>
        <extensions>
          <ns3:TrackPointExtension>
            <ns3:hr>140</ns3:hr>
            <ns3:cad>80</ns3:cad>
          </ns3:TrackPointExtension>
        </extensions>
      </trkpt>
      <trkpt lat="31.2835493870079517364501953125" lon="121.37041850946843624114990234375">
        <ele>2</ele>
        <time>2026-06-04T13:35:24.000Z</time>
        <extensions>
          <ns3:TrackPointExtension>
            <ns3:hr>140</ns3:hr>
            <ns3:cad>80</ns3:cad>
          </ns3:TrackPointExtension>
        </extensions>
      </trkpt>
      <trkpt lat="31.283572353422641754150390625" lon="121.3704211078584194183349609375">
        <ele>2</ele>
        <time>2026-06-04T13:35:25.000Z</time>
        <extensions>
          <ns3:TrackPointExtension>
            <ns3:hr>140</ns3:hr>
            <ns3:cad>81</ns3:cad>
          </ns3:TrackPointExtension>
        </extensions>
      </trkpt>
      <trkpt lat="31.2835953198373317718505859375" lon="121.37042052112519741058349609375">
        <ele>2</ele>
        <time>2026-06-04T13:35:26.000Z</time>
        <extensions>
          <ns3:TrackPointExtension>
            <ns3:hr>140</ns3:hr>
            <ns3:cad>81</ns3:cad>
          </ns3:TrackPointExtension>
        </extensions>
      </trkpt>
      <trkpt lat="31.2836181186139583587646484375" lon="121.370420269668102264404296875">
        <ele>2</ele>
        <time>2026-06-04T13:35:27.000Z</time>
        <extensions>
          <ns3:TrackPointExtension>
            <ns3:hr>140</ns3:hr>
            <ns3:cad>82</ns3:cad>
          </ns3:TrackPointExtension>
        </extensions>
      </trkpt>
      <trkpt lat="31.28364066593348979949951171875" lon="121.37041750364005565643310546875">
        <ele>2</ele>
        <time>2026-06-04T13:35:28.000Z</time>
        <extensions>
          <ns3:TrackPointExtension>
            <ns3:hr>140</ns3:hr>
            <ns3:cad>82</ns3:cad>
          </ns3:TrackPointExtension>
        </extensions>
      </trkpt>
      <trkpt lat="31.28366388380527496337890625" lon="121.37042068876326084136962890625">
        <ele>2</ele>
        <time>2026-06-04T13:35:29.000Z</time>
        <extensions>
          <ns3:TrackPointExtension>
            <ns3:hr>140</ns3:hr>
            <ns3:cad>82</ns3:cad>
          </ns3:TrackPointExtension>
        </extensions>
      </trkpt>
      <trkpt lat="31.2836858443915843963623046875" lon="121.370426304638385772705078125">
        <ele>1.7999999523162841796875</ele>
        <time>2026-06-04T13:35:30.000Z</time>
        <extensions>
          <ns3:TrackPointExtension>
            <ns3:hr>139</ns3:hr>
            <ns3:cad>82</ns3:cad>
          </ns3:TrackPointExtension>
        </extensions>
      </trkpt>
      <trkpt lat="31.2837079726159572601318359375" lon="121.37042638845741748809814453125">
        <ele>1.7999999523162841796875</ele>
        <time>2026-06-04T13:35:31.000Z</time>
        <extensions>
          <ns3:TrackPointExtension>
            <ns3:hr>139</ns3:hr>
            <ns3:cad>82</ns3:cad>
          </ns3:TrackPointExtension>
        </extensions>
      </trkpt>
      <trkpt lat="31.28373169340193271636962890625" lon="121.3704244606196880340576171875">
        <ele>2</ele>
        <time>2026-06-04T13:35:32.000Z</time>
        <extensions>
          <ns3:TrackPointExtension>
            <ns3:hr>138</ns3:hr>
            <ns3:cad>82</ns3:cad>
          </ns3:TrackPointExtension>
        </extensions>
      </trkpt>
      <trkpt lat="31.2837542407214641571044921875" lon="121.3704241253435611724853515625">
        <ele>2</ele>
        <time>2026-06-04T13:35:33.000Z</time>
        <extensions>
          <ns3:TrackPointExtension>
            <ns3:hr>138</ns3:hr>
            <ns3:cad>82</ns3:cad>
          </ns3:TrackPointExtension>
        </extensions>
      </trkpt>
      <trkpt lat="31.283777542412281036376953125" lon="121.37042739428579807281494140625">
        <ele>2</ele>
        <time>2026-06-04T13:35:34.000Z</time>
        <extensions>
          <ns3:TrackPointExtension>
            <ns3:hr>138</ns3:hr>
            <ns3:cad>82</ns3:cad>
          </ns3:TrackPointExtension>
        </extensions>
      </trkpt>
      <trkpt lat="31.28380008973181247711181640625" lon="121.37043594382703304290771484375">
        <ele>2</ele>
        <time>2026-06-04T13:35:35.000Z</time>
        <extensions>
          <ns3:TrackPointExtension>
            <ns3:hr>138</ns3:hr>
            <ns3:cad>82</ns3:cad>
          </ns3:TrackPointExtension>
        </extensions>
      </trkpt>
      <trkpt lat="31.28382154740393161773681640625" lon="121.37043829075992107391357421875">
        <ele>2</ele>
        <time>2026-06-04T13:35:36.000Z</time>
        <extensions>
          <ns3:TrackPointExtension>
            <ns3:hr>138</ns3:hr>
            <ns3:cad>81</ns3:cad>
          </ns3:TrackPointExtension>
        </extensions>
      </trkpt>
      <trkpt lat="31.28384434618055820465087890625" lon="121.37043996714055538177490234375">
        <ele>2</ele>
        <time>2026-06-04T13:35:37.000Z</time>
        <extensions>
          <ns3:TrackPointExtension>
            <ns3:hr>138</ns3:hr>
            <ns3:cad>81</ns3:cad>
          </ns3:TrackPointExtension>
        </extensions>
      </trkpt>
      <trkpt lat="31.28386949189007282257080078125" lon="121.37044415809214115142822265625">
        <ele>2</ele>
        <time>2026-06-04T13:35:38.000Z</time>
        <extensions>
          <ns3:TrackPointExtension>
            <ns3:hr>138</ns3:hr>
            <ns3:cad>80</ns3:cad>
          </ns3:TrackPointExtension>
        </extensions>
      </trkpt>
      <trkpt lat="31.28389363177120685577392578125" lon="121.37044549919664859771728515625">
        <ele>2</ele>
        <time>2026-06-04T13:35:39.000Z</time>
        <extensions>
          <ns3:TrackPointExtension>
            <ns3:hr>138</ns3:hr>
            <ns3:cad>80</ns3:cad>
          </ns3:TrackPointExtension>
        </extensions>
      </trkpt>
      <trkpt lat="31.283917687833309173583984375" lon="121.3704447448253631591796875">
        <ele>2</ele>
        <time>2026-06-04T13:35:40.000Z</time>
        <extensions>
          <ns3:TrackPointExtension>
            <ns3:hr>138</ns3:hr>
            <ns3:cad>79</ns3:cad>
          </ns3:TrackPointExtension>
        </extensions>
      </trkpt>
      <trkpt lat="31.28394073806703090667724609375" lon="121.37045019306242465972900390625">
        <ele>1.7999999523162841796875</ele>
        <time>2026-06-04T13:35:41.000Z</time>
        <extensions>
          <ns3:TrackPointExtension>
            <ns3:hr>138</ns3:hr>
            <ns3:cad>80</ns3:cad>
          </ns3:TrackPointExtension>
        </extensions>
      </trkpt>
      <trkpt lat="31.28396286629140377044677734375" lon="121.3704546354711055755615234375">
        <ele>1.7999999523162841796875</ele>
        <time>2026-06-04T13:35:42.000Z</time>
        <extensions>
          <ns3:TrackPointExtension>
            <ns3:hr>138</ns3:hr>
            <ns3:cad>79</ns3:cad>
          </ns3:TrackPointExtension>
        </extensions>
      </trkpt>
      <trkpt lat="31.2839865870773792266845703125" lon="121.370458491146564483642578125">
        <ele>2</ele>
        <time>2026-06-04T13:35:43.000Z</time>
        <extensions>
          <ns3:TrackPointExtension>
            <ns3:hr>138</ns3:hr>
            <ns3:cad>80</ns3:cad>
          </ns3:TrackPointExtension>
        </extensions>
      </trkpt>
      <trkpt lat="31.2840100564062595367431640625" lon="121.37046008370816707611083984375">
        <ele>2</ele>
        <time>2026-06-04T13:35:44.000Z</time>
        <extensions>
          <ns3:TrackPointExtension>
            <ns3:hr>138</ns3:hr>
            <ns3:cad>80</ns3:cad>
          </ns3:TrackPointExtension>
        </extensions>
      </trkpt>
      <trkpt lat="31.28403260372579097747802734375" lon="121.3704596646130084991455078125">
        <ele>2</ele>
        <time>2026-06-04T13:35:45.000Z</time>
        <extensions>
          <ns3:TrackPointExtension>
            <ns3:hr>138</ns3:hr>
            <ns3:cad>80</ns3:cad>
          </ns3:TrackPointExtension>
        </extensions>
      </trkpt>
      <trkpt lat="31.28405774943530559539794921875" lon="121.37046343646943569183349609375">
        <ele>2</ele>
        <time>2026-06-04T13:35:46.000Z</time>
        <extensions>
          <ns3:TrackPointExtension>
            <ns3:hr>138</ns3:hr>
            <ns3:cad>80</ns3:cad>
          </ns3:TrackPointExtension>
        </extensions>
      </trkpt>
      <trkpt lat="31.2840834818780422210693359375" lon="121.37046553194522857666015625">
        <ele>1.7999999523162841796875</ele>
        <time>2026-06-04T13:35:47.000Z</time>
        <extensions>
          <ns3:TrackPointExtension>
            <ns3:hr>139</ns3:hr>
            <ns3:cad>81</ns3:cad>
          </ns3:TrackPointExtension>
        </extensions>
      </trkpt>
      <trkpt lat="31.2841049395501613616943359375" lon="121.37046695686876773834228515625">
        <ele>1.7999999523162841796875</ele>
        <time>2026-06-04T13:35:48.000Z</time>
        <extensions>
          <ns3:TrackPointExtension>
            <ns3:hr>139</ns3:hr>
            <ns3:cad>81</ns3:cad>
          </ns3:TrackPointExtension>
        </extensions>
      </trkpt>
      <trkpt lat="31.28412765450775623321533203125" lon="121.37046645395457744598388671875">
        <ele>1.7999999523162841796875</ele>
        <time>2026-06-04T13:35:49.000Z</time>
        <extensions>
          <ns3:TrackPointExtension>
            <ns3:hr>139</ns3:hr>
            <ns3:cad>81</ns3:cad>
          </ns3:TrackPointExtension>
        </extensions>
      </trkpt>
      <trkpt lat="31.2841495312750339508056640625" lon="121.370469219982624053955078125">
        <ele>1.7999999523162841796875</ele>
        <time>2026-06-04T13:35:50.000Z</time>
        <extensions>
          <ns3:TrackPointExtension>
            <ns3:hr>140</ns3:hr>
            <ns3:cad>81</ns3:cad>
          </ns3:TrackPointExtension>
        </extensions>
      </trkpt>
      <trkpt lat="31.2841726653277873992919921875" lon="121.370470225811004638671875">
        <ele>1.7999999523162841796875</ele>
        <time>2026-06-04T13:35:51.000Z</time>
        <extensions>
          <ns3:TrackPointExtension>
            <ns3:hr>140</ns3:hr>
            <ns3:cad>82</ns3:cad>
          </ns3:TrackPointExtension>
        </extensions>
      </trkpt>
      <trkpt lat="31.28419403918087482452392578125" lon="121.37047223746776580810546875">
        <ele>1.7999999523162841796875</ele>
        <time>2026-06-04T13:35:52.000Z</time>
        <extensions>
          <ns3:TrackPointExtension>
            <ns3:hr>140</ns3:hr>
            <ns3:cad>82</ns3:cad>
          </ns3:TrackPointExtension>
        </extensions>
      </trkpt>
      <trkpt lat="31.28421516157686710357666015625" lon="121.37047282420098781585693359375">
        <ele>1.7999999523162841796875</ele>
        <time>2026-06-04T13:35:53.000Z</time>
        <extensions>
          <ns3:TrackPointExtension>
            <ns3:hr>140</ns3:hr>
            <ns3:cad>81</ns3:cad>
          </ns3:TrackPointExtension>
        </extensions>
      </trkpt>
      <trkpt lat="31.28423653542995452880859375" lon="121.37047181837260723114013671875">
        <ele>1.7999999523162841796875</ele>
        <time>2026-06-04T13:35:54.000Z</time>
        <extensions>
          <ns3:TrackPointExtension>
            <ns3:hr>140</ns3:hr>
            <ns3:cad>81</ns3:cad>
          </ns3:TrackPointExtension>
        </extensions>
      </trkpt>
      <trkpt lat="31.28425933420658111572265625" lon="121.3704700581729412078857421875">
        <ele>1.7999999523162841796875</ele>
        <time>2026-06-04T13:35:55.000Z</time>
        <extensions>
          <ns3:TrackPointExtension>
            <ns3:hr>139</ns3:hr>
            <ns3:cad>81</ns3:cad>
          </ns3:TrackPointExtension>
        </extensions>
      </trkpt>
      <trkpt lat="31.2842812947928905487060546875" lon="121.37047198601067066192626953125">
        <ele>1.7999999523162841796875</ele>
        <time>2026-06-04T13:35:56.000Z</time>
        <extensions>
          <ns3:TrackPointExtension>
            <ns3:hr>140</ns3:hr>
            <ns3:cad>81</ns3:cad>
          </ns3:TrackPointExtension>
        </extensions>
      </trkpt>
      <trkpt lat="31.28430535085499286651611328125" lon="121.37047667987644672393798828125">
        <ele>1.7999999523162841796875</ele>
        <time>2026-06-04T13:35:57.000Z</time>
        <extensions>
          <ns3:TrackPointExtension>
            <ns3:hr>140</ns3:hr>
            <ns3:cad>81</ns3:cad>
          </ns3:TrackPointExtension>
        </extensions>
      </trkpt>
      <trkpt lat="31.2843305803835391998291015625" lon="121.37047718279063701629638671875">
        <ele>1.60000002384185791015625</ele>
        <time>2026-06-04T13:35:58.000Z</time>
        <extensions>
          <ns3:TrackPointExtension>
            <ns3:hr>140</ns3:hr>
            <ns3:cad>81</ns3:cad>
          </ns3:TrackPointExtension>
        </extensions>
      </trkpt>
      <trkpt lat="31.2843530438840389251708984375" lon="121.37047852389514446258544921875">
        <ele>1.60000002384185791015625</ele>
        <time>2026-06-04T13:35:59.000Z</time>
        <extensions>
          <ns3:TrackPointExtension>
            <ns3:hr>140</ns3:hr>
            <ns3:cad>81</ns3:cad>
          </ns3:TrackPointExtension>
        </extensions>
      </trkpt>
      <trkpt lat="31.28437626175582408905029296875" lon="121.37047869153320789337158203125">
        <ele>1.60000002384185791015625</ele>
        <time>2026-06-04T13:36:00.000Z</time>
        <extensions>
          <ns3:TrackPointExtension>
            <ns3:hr>140</ns3:hr>
            <ns3:cad>81</ns3:cad>
          </ns3:TrackPointExtension>
        </extensions>
      </trkpt>
      <trkpt lat="31.284400485455989837646484375" lon="121.37048137374222278594970703125">
        <ele>1.60000002384185791015625</ele>
        <time>2026-06-04T13:36:01.000Z</time>
        <extensions>
          <ns3:TrackPointExtension>
            <ns3:hr>140</ns3:hr>
            <ns3:cad>81</ns3:cad>
          </ns3:TrackPointExtension>
        </extensions>
      </trkpt>
      <trkpt lat="31.28442789427936077117919921875" lon="121.37048271484673023223876953125">
        <ele>1.60000002384185791015625</ele>
        <time>2026-06-04T13:36:02.000Z</time>
        <extensions>
          <ns3:TrackPointExtension>
            <ns3:hr>139</ns3:hr>
            <ns3:cad>82</ns3:cad>
          </ns3:TrackPointExtension>
        </extensions>
      </trkpt>
      <trkpt lat="31.28444951958954334259033203125" lon="121.37048564851284027099609375">
        <ele>1.60000002384185791015625</ele>
        <time>2026-06-04T13:36:03.000Z</time>
        <extensions>
          <ns3:TrackPointExtension>
            <ns3:hr>140</ns3:hr>
            <ns3:cad>82</ns3:cad>
          </ns3:TrackPointExtension>
        </extensions>
      </trkpt>
      <trkpt lat="31.2844734080135822296142578125" lon="121.37049495242536067962646484375">
        <ele>1.7999999523162841796875</ele>
        <time>2026-06-04T13:36:04.000Z</time>
        <extensions>
          <ns3:TrackPointExtension>
            <ns3:hr>140</ns3:hr>
            <ns3:cad>82</ns3:cad>
          </ns3:TrackPointExtension>
        </extensions>
      </trkpt>
      <trkpt lat="31.28449629060924053192138671875" lon="121.37050333432853221893310546875">
        <ele>2</ele>
        <time>2026-06-04T13:36:05.000Z</time>
        <extensions>
          <ns3:TrackPointExtension>
            <ns3:hr>140</ns3:hr>
            <ns3:cad>82</ns3:cad>
          </ns3:TrackPointExtension>
        </extensions>
      </trkpt>
      <trkpt lat="31.284517161548137664794921875" lon="121.3705082796514034271240234375">
        <ele>2</ele>
        <time>2026-06-04T13:36:06.000Z</time>
        <extensions>
          <ns3:TrackPointExtension>
            <ns3:hr>140</ns3:hr>
            <ns3:cad>82</ns3:cad>
          </ns3:TrackPointExtension>
        </extensions>
      </trkpt>
      <trkpt lat="31.284541971981525421142578125" lon="121.37051020748913288116455078125">
        <ele>2</ele>
        <time>2026-06-04T13:36:07.000Z</time>
        <extensions>
          <ns3:TrackPointExtension>
            <ns3:hr>140</ns3:hr>
            <ns3:cad>82</ns3:cad>
          </ns3:TrackPointExtension>
        </extensions>
      </trkpt>
      <trkpt lat="31.2845622561872005462646484375" lon="121.370514146983623504638671875">
        <ele>2.2000000476837158203125</ele>
        <time>2026-06-04T13:36:08.000Z</time>
        <extensions>
          <ns3:TrackPointExtension>
            <ns3:hr>140</ns3:hr>
            <ns3:cad>81</ns3:cad>
          </ns3:TrackPointExtension>
        </extensions>
      </trkpt>
      <trkpt lat="31.28458363004028797149658203125" lon="121.37051909230649471282958984375">
        <ele>2.2000000476837158203125</ele>
        <time>2026-06-04T13:36:09.000Z</time>
        <extensions>
          <ns3:TrackPointExtension>
            <ns3:hr>140</ns3:hr>
            <ns3:cad>81</ns3:cad>
          </ns3:TrackPointExtension>
        </extensions>
      </trkpt>
      <trkpt lat="31.2846031598746776580810546875" lon="121.37051892466843128204345703125">
        <ele>2.2000000476837158203125</ele>
        <time>2026-06-04T13:36:10.000Z</time>
        <extensions>
          <ns3:TrackPointExtension>
            <ns3:hr>140</ns3:hr>
            <ns3:cad>81</ns3:cad>
          </ns3:TrackPointExtension>
        </extensions>
      </trkpt>
      <trkpt lat="31.28462503664195537567138671875" lon="121.37052043341100215911865234375">
        <ele>2</ele>
        <time>2026-06-04T13:36:11.000Z</time>
        <extensions>
          <ns3:TrackPointExtension>
            <ns3:hr>139</ns3:hr>
            <ns3:cad>81</ns3:cad>
          </ns3:TrackPointExtension>
        </extensions>
      </trkpt>
      <trkpt lat="31.284644566476345062255859375" lon="121.3705226965248584747314453125">
        <ele>2</ele>
        <time>2026-06-04T13:36:12.000Z</time>
        <extensions>
          <ns3:TrackPointExtension>
            <ns3:hr>139</ns3:hr>
            <ns3:cad>81</ns3:cad>
          </ns3:TrackPointExtension>
        </extensions>
      </trkpt>
      <trkpt lat="31.2846688739955425262451171875" lon="121.37052345089614391326904296875">
        <ele>1.7999999523162841796875</ele>
        <time>2026-06-04T13:36:13.000Z</time>
        <extensions>
          <ns3:TrackPointExtension>
            <ns3:hr>139</ns3:hr>
            <ns3:cad>80</ns3:cad>
          </ns3:TrackPointExtension>
        </extensions>
      </trkpt>
      <trkpt lat="31.28469276241958141326904296875" lon="121.37052051723003387451171875">
        <ele>1.7999999523162841796875</ele>
        <time>2026-06-04T13:36:14.000Z</time>
        <extensions>
          <ns3:TrackPointExtension>
            <ns3:hr>139</ns3:hr>
            <ns3:cad>80</ns3:cad>
          </ns3:TrackPointExtension>
        </extensions>
      </trkpt>
      <trkpt lat="31.284717656672000885009765625" lon="121.37052462436258792877197265625">
        <ele>1.7999999523162841796875</ele>
        <time>2026-06-04T13:36:15.000Z</time>
        <extensions>
          <ns3:TrackPointExtension>
            <ns3:hr>139</ns3:hr>
            <ns3:cad>80</ns3:cad>
          </ns3:TrackPointExtension>
        </extensions>
      </trkpt>
      <trkpt lat="31.28474372439086437225341796875" lon="121.370527558028697967529296875">
        <ele>1.7999999523162841796875</ele>
        <time>2026-06-04T13:36:16.000Z</time>
        <extensions>
          <ns3:TrackPointExtension>
            <ns3:hr>138</ns3:hr>
            <ns3:cad>81</ns3:cad>
          </ns3:TrackPointExtension>
        </extensions>
      </trkpt>
      <trkpt lat="31.28477004356682300567626953125" lon="121.3705260492861270904541015625">
        <ele>1.7999999523162841796875</ele>
        <time>2026-06-04T13:36:17.000Z</time>
        <extensions>
          <ns3:TrackPointExtension>
            <ns3:hr>138</ns3:hr>
            <ns3:cad>81</ns3:cad>
          </ns3:TrackPointExtension>
        </extensions>
      </trkpt>
      <trkpt lat="31.2847942672669887542724609375" lon="121.37052722275257110595703125">
        <ele>1.7999999523162841796875</ele>
        <time>2026-06-04T13:36:18.000Z</time>
        <extensions>
          <ns3:TrackPointExtension>
            <ns3:hr>138</ns3:hr>
            <ns3:cad>81</ns3:cad>
          </ns3:TrackPointExtension>
        </extensions>
      </trkpt>
      <trkpt lat="31.28482150845229625701904296875" lon="121.370526216924190521240234375">
        <ele>1.7999999523162841796875</ele>
        <time>2026-06-04T13:36:19.000Z</time>
        <extensions>
          <ns3:TrackPointExtension>
            <ns3:hr>138</ns3:hr>
            <ns3:cad>81</ns3:cad>
          </ns3:TrackPointExtension>
        </extensions>
      </trkpt>
      <trkpt lat="31.28485000692307949066162109375" lon="121.37052646838128566741943359375">
        <ele>1.7999999523162841796875</ele>
        <time>2026-06-04T13:36:20.000Z</time>
        <extensions>
          <ns3:TrackPointExtension>
            <ns3:hr>138</ns3:hr>
            <ns3:cad>80</ns3:cad>
          </ns3:TrackPointExtension>
        </extensions>
      </trkpt>
      <trkpt lat="31.2848754040896892547607421875" lon="121.37053082697093486785888671875">
        <ele>1.7999999523162841796875</ele>
        <time>2026-06-04T13:36:21.000Z</time>
        <extensions>
          <ns3:TrackPointExtension>
            <ns3:hr>138</ns3:hr>
            <ns3:cad>80</ns3:cad>
          </ns3:TrackPointExtension>
        </extensions>
      </trkpt>
      <trkpt lat="31.28489929251372814178466796875" lon="121.3705327548086643218994140625">
        <ele>1.7999999523162841796875</ele>
        <time>2026-06-04T13:36:22.000Z</time>
        <extensions>
          <ns3:TrackPointExtension>
            <ns3:hr>138</ns3:hr>
            <ns3:cad>80</ns3:cad>
          </ns3:TrackPointExtension>
        </extensions>
      </trkpt>
      <trkpt lat="31.2849263660609722137451171875" lon="121.37053250335156917572021484375">
        <ele>2</ele>
        <time>2026-06-04T13:36:23.000Z</time>
        <extensions>
          <ns3:TrackPointExtension>
            <ns3:hr>138</ns3:hr>
            <ns3:cad>80</ns3:cad>
          </ns3:TrackPointExtension>
        </extensions>
      </trkpt>
      <trkpt lat="31.284952349960803985595703125" lon="121.370536275207996368408203125">
        <ele>2</ele>
        <time>2026-06-04T13:36:24.000Z</time>
        <extensions>
          <ns3:TrackPointExtension>
            <ns3:hr>138</ns3:hr>
            <ns3:cad>80</ns3:cad>
          </ns3:TrackPointExtension>
        </extensions>
      </trkpt>
      <trkpt lat="31.2849779985845088958740234375" lon="121.37053719721734523773193359375">
        <ele>2</ele>
        <time>2026-06-04T13:36:25.000Z</time>
        <extensions>
          <ns3:TrackPointExtension>
            <ns3:hr>138</ns3:hr>
            <ns3:cad>80</ns3:cad>
          </ns3:TrackPointExtension>
        </extensions>
      </trkpt>
      <trkpt lat="31.28500498831272125244140625" lon="121.37053954415023326873779296875">
        <ele>2</ele>
        <time>2026-06-04T13:36:26.000Z</time>
        <extensions>
          <ns3:TrackPointExtension>
            <ns3:hr>138</ns3:hr>
            <ns3:cad>80</ns3:cad>
          </ns3:TrackPointExtension>
        </extensions>
      </trkpt>
      <trkpt lat="31.28503072075545787811279296875" lon="121.37053736485540866851806640625">
        <ele>2</ele>
        <time>2026-06-04T13:36:27.000Z</time>
        <extensions>
          <ns3:TrackPointExtension>
            <ns3:hr>138</ns3:hr>
            <ns3:cad>80</ns3:cad>
          </ns3:TrackPointExtension>
        </extensions>
      </trkpt>
      <trkpt lat="31.28505318425595760345458984375" lon="121.37053669430315494537353515625">
        <ele>2</ele>
        <time>2026-06-04T13:36:28.000Z</time>
        <extensions>
          <ns3:TrackPointExtension>
            <ns3:hr>138</ns3:hr>
            <ns3:cad>80</ns3:cad>
          </ns3:TrackPointExtension>
        </extensions>
      </trkpt>
      <trkpt lat="31.28507673740386962890625" lon="121.37053795158863067626953125">
        <ele>1.7999999523162841796875</ele>
        <time>2026-06-04T13:36:29.000Z</time>
        <extensions>
          <ns3:TrackPointExtension>
            <ns3:hr>139</ns3:hr>
            <ns3:cad>81</ns3:cad>
          </ns3:TrackPointExtension>
        </extensions>
      </trkpt>
      <trkpt lat="31.2851017154753208160400390625" lon="121.37054038234055042266845703125">
        <ele>1.7999999523162841796875</ele>
        <time>2026-06-04T13:36:30.000Z</time>
        <extensions>
          <ns3:TrackPointExtension>
            <ns3:hr>138</ns3:hr>
            <ns3:cad>82</ns3:cad>
          </ns3:TrackPointExtension>
        </extensions>
      </trkpt>
      <trkpt lat="31.28512426279485225677490234375" lon="121.37054440565407276153564453125">
        <ele>1.60000002384185791015625</ele>
        <time>2026-06-04T13:36:31.000Z</time>
        <extensions>
          <ns3:TrackPointExtension>
            <ns3:hr>139</ns3:hr>
            <ns3:cad>82</ns3:cad>
          </ns3:TrackPointExtension>
        </extensions>
      </trkpt>
      <trkpt lat="31.28514622338116168975830078125" lon="121.37054759077727794647216796875">
        <ele>1.60000002384185791015625</ele>
        <time>2026-06-04T13:36:32.000Z</time>
        <extensions>
          <ns3:TrackPointExtension>
            <ns3:hr>139</ns3:hr>
            <ns3:cad>82</ns3:cad>
          </ns3:TrackPointExtension>
        </extensions>
      </trkpt>
      <trkpt lat="31.28517120145261287689208984375" lon="121.3705491833388805389404296875">
        <ele>1.39999997615814208984375</ele>
        <time>2026-06-04T13:36:33.000Z</time>
        <extensions>
          <ns3:TrackPointExtension>
            <ns3:hr>140</ns3:hr>
            <ns3:cad>82</ns3:cad>
          </ns3:TrackPointExtension>
        </extensions>
      </trkpt>
      <trkpt lat="31.28519852645695209503173828125" lon="121.37055010534822940826416015625">
        <ele>1.60000002384185791015625</ele>
        <time>2026-06-04T13:36:34.000Z</time>
        <extensions>
          <ns3:TrackPointExtension>
            <ns3:hr>140</ns3:hr>
            <ns3:cad>82</ns3:cad>
          </ns3:TrackPointExtension>
        </extensions>
      </trkpt>
      <trkpt lat="31.285222582519054412841796875" lon="121.37055580504238605499267578125">
        <ele>1.60000002384185791015625</ele>
        <time>2026-06-04T13:36:35.000Z</time>
        <extensions>
          <ns3:TrackPointExtension>
            <ns3:hr>141</ns3:hr>
            <ns3:cad>81</ns3:cad>
          </ns3:TrackPointExtension>
        </extensions>
      </trkpt>
      <trkpt lat="31.2852470576763153076171875" lon="121.37055899016559123992919921875">
        <ele>1.60000002384185791015625</ele>
        <time>2026-06-04T13:36:36.000Z</time>
        <extensions>
          <ns3:TrackPointExtension>
            <ns3:hr>141</ns3:hr>
            <ns3:cad>81</ns3:cad>
          </ns3:TrackPointExtension>
        </extensions>
      </trkpt>
      <trkpt lat="31.28527186810970306396484375" lon="121.37055932544171810150146484375">
        <ele>1.60000002384185791015625</ele>
        <time>2026-06-04T13:36:37.000Z</time>
        <extensions>
          <ns3:TrackPointExtension>
            <ns3:hr>141</ns3:hr>
            <ns3:cad>81</ns3:cad>
          </ns3:TrackPointExtension>
        </extensions>
      </trkpt>
      <trkpt lat="31.28529458306729793548583984375" lon="121.37055982835590839385986328125">
        <ele>1.7999999523162841796875</ele>
        <time>2026-06-04T13:36:38.000Z</time>
        <extensions>
          <ns3:TrackPointExtension>
            <ns3:hr>142</ns3:hr>
            <ns3:cad>81</ns3:cad>
          </ns3:TrackPointExtension>
        </extensions>
      </trkpt>
      <trkpt lat="31.2853196449577808380126953125" lon="121.3705605827271938323974609375">
        <ele>1.7999999523162841796875</ele>
        <time>2026-06-04T13:36:39.000Z</time>
        <extensions>
          <ns3:TrackPointExtension>
            <ns3:hr>142</ns3:hr>
            <ns3:cad>82</ns3:cad>
          </ns3:TrackPointExtension>
        </extensions>
      </trkpt>
      <trkpt lat="31.285341940820217132568359375" lon="121.370560415089130401611328125">
        <ele>1.7999999523162841796875</ele>
        <time>2026-06-04T13:36:40.000Z</time>
        <extensions>
          <ns3:TrackPointExtension>
            <ns3:hr>142</ns3:hr>
            <ns3:cad>82</ns3:cad>
          </ns3:TrackPointExtension>
        </extensions>
      </trkpt>
      <trkpt lat="31.2853692658245563507080078125" lon="121.3705649413168430328369140625">
        <ele>1.7999999523162841796875</ele>
        <time>2026-06-04T13:36:41.000Z</time>
        <extensions>
          <ns3:TrackPointExtension>
            <ns3:hr>142</ns3:hr>
            <ns3:cad>82</ns3:cad>
          </ns3:TrackPointExtension>
        </extensions>
      </trkpt>
      <trkpt lat="31.28539181314408779144287109375" lon="121.37056955136358737945556640625">
        <ele>1.7999999523162841796875</ele>
        <time>2026-06-04T13:36:42.000Z</time>
        <extensions>
          <ns3:TrackPointExtension>
            <ns3:hr>142</ns3:hr>
            <ns3:cad>82</ns3:cad>
          </ns3:TrackPointExtension>
        </extensions>
      </trkpt>
      <trkpt lat="31.28541310317814350128173828125" lon="121.37057483196258544921875">
        <ele>1.60000002384185791015625</ele>
        <time>2026-06-04T13:36:43.000Z</time>
        <extensions>
          <ns3:TrackPointExtension>
            <ns3:hr>142</ns3:hr>
            <ns3:cad>82</ns3:cad>
          </ns3:TrackPointExtension>
        </extensions>
      </trkpt>
      <trkpt lat="31.28543573431670665740966796875" lon="121.37058463878929615020751953125">
        <ele>1.60000002384185791015625</ele>
        <time>2026-06-04T13:36:44.000Z</time>
        <extensions>
          <ns3:TrackPointExtension>
            <ns3:hr>142</ns3:hr>
            <ns3:cad>82</ns3:cad>
          </ns3:TrackPointExtension>
        </extensions>
      </trkpt>
      <trkpt lat="31.2854567728936672210693359375" lon="121.370595283806324005126953125">
        <ele>1.60000002384185791015625</ele>
        <time>2026-06-04T13:36:45.000Z</time>
        <extensions>
          <ns3:TrackPointExtension>
            <ns3:hr>142</ns3:hr>
            <ns3:cad>82</ns3:cad>
          </ns3:TrackPointExtension>
        </extensions>
      </trkpt>
      <trkpt lat="31.285470016300678253173828125" lon="121.37060157023370265960693359375">
        <ele>1.60000002384185791015625</ele>
        <time>2026-06-04T13:36:46.000Z</time>
        <extensions>
          <ns3:TrackPointExtension>
            <ns3:hr>142</ns3:hr>
            <ns3:cad>82</ns3:cad>
          </ns3:TrackPointExtension>
        </extensions>
      </trkpt>
      <trkpt lat="31.28548250533640384674072265625" lon="121.37060743756592273712158203125">
        <ele>1.39999997615814208984375</ele>
        <time>2026-06-04T13:36:47.000Z</time>
        <extensions>
          <ns3:TrackPointExtension>
            <ns3:hr>143</ns3:hr>
            <ns3:cad>79</ns3:cad>
          </ns3:TrackPointExtension>
        </extensions>
      </trkpt>
      <trkpt lat="31.285497844219207763671875" lon="121.37061774730682373046875">
        <ele>1.39999997615814208984375</ele>
        <time>2026-06-04T13:36:48.000Z</time>
        <extensions>
          <ns3:TrackPointExtension>
            <ns3:hr>142</ns3:hr>
            <ns3:cad>78</ns3:cad>
          </ns3:TrackPointExtension>
        </extensions>
      </trkpt>
      <trkpt lat="31.285508237779140472412109375" lon="121.37062990106642246246337890625">
        <ele>1.39999997615814208984375</ele>
        <time>2026-06-04T13:36:49.000Z</time>
        <extensions>
          <ns3:TrackPointExtension>
            <ns3:hr>142</ns3:hr>
            <ns3:cad>78</ns3:cad>
          </ns3:TrackPointExtension>
        </extensions>
      </trkpt>
      <trkpt lat="31.28551569767296314239501953125" lon="121.3706432282924652099609375">
        <ele>1.60000002384185791015625</ele>
        <time>2026-06-04T13:36:50.000Z</time>
        <extensions>
          <ns3:TrackPointExtension>
            <ns3:hr>142</ns3:hr>
            <ns3:cad>0</ns3:cad>
          </ns3:TrackPointExtension>
        </extensions>
      </trkpt>
      <trkpt lat="31.2855152785778045654296875" lon="121.37065554969012737274169921875">
        <ele>1.60000002384185791015625</ele>
        <time>2026-06-04T13:36:51.000Z</time>
        <extensions>
          <ns3:TrackPointExtension>
            <ns3:hr>142</ns3:hr>
            <ns3:cad>0</ns3:cad>
          </ns3:TrackPointExtension>
        </extensions>
      </trkpt>
      <trkpt lat="31.28551368601620197296142578125" lon="121.3706621713936328887939453125">
        <ele>1.60000002384185791015625</ele>
        <time>2026-06-04T13:36:52.000Z</time>
        <extensions>
          <ns3:TrackPointExtension>
            <ns3:hr>142</ns3:hr>
            <ns3:cad>0</ns3:cad>
          </ns3:TrackPointExtension>
        </extensions>
      </trkpt>
      <trkpt lat="31.28551150672137737274169921875" lon="121.37066292576491832733154296875">
        <ele>1.60000002384185791015625</ele>
        <time>2026-06-04T13:36:53.000Z</time>
        <extensions>
          <ns3:TrackPointExtension>
            <ns3:hr>141</ns3:hr>
            <ns3:cad>0</ns3:cad>
          </ns3:TrackPointExtension>
        </extensions>
      </trkpt>
      <trkpt lat="31.28551033325493335723876953125" lon="121.37066535651683807373046875">
        <ele>1.60000002384185791015625</ele>
        <time>2026-06-04T13:36:54.000Z</time>
        <extensions>
          <ns3:TrackPointExtension>
            <ns3:hr>140</ns3:hr>
            <ns3:cad>0</ns3:cad>
          </ns3:TrackPointExtension>
        </extensions>
      </trkpt>
      <trkpt lat="31.2855120934545993804931640625" lon="121.370677761733531951904296875">
        <ele>1.60000002384185791015625</ele>
        <time>2026-06-04T13:36:55.000Z</time>
        <extensions>
          <ns3:TrackPointExtension>
            <ns3:hr>139</ns3:hr>
            <ns3:cad>0</ns3:cad>
          </ns3:TrackPointExtension>
        </extensions>
      </trkpt>
      <trkpt lat="31.28551234491169452667236328125" lon="121.370679102838039398193359375">
        <ele>1.60000002384185791015625</ele>
        <time>2026-06-04T13:36:56.000Z</time>
        <extensions>
          <ns3:TrackPointExtension>
            <ns3:hr>139</ns3:hr>
            <ns3:cad>0</ns3:cad>
          </ns3:TrackPointExtension>
        </extensions>
      </trkpt>
      <trkpt lat="31.28551167435944080352783203125" lon="121.3706977106630802154541015625">
        <ele>1.60000002384185791015625</ele>
        <time>2026-06-04T13:36:57.000Z</time>
        <extensions>
          <ns3:TrackPointExtension>
            <ns3:hr>139</ns3:hr>
            <ns3:cad>0</ns3:cad>
          </ns3:TrackPointExtension>
        </extensions>
      </trkpt>
      <trkpt lat="31.2855157814919948577880859375" lon="121.37071070261299610137939453125">
        <ele>1.60000002384185791015625</ele>
        <time>2026-06-04T13:36:58.000Z</time>
        <extensions>
          <ns3:TrackPointExtension>
            <ns3:hr>138</ns3:hr>
            <ns3:cad>0</ns3:cad>
          </ns3:TrackPointExtension>
        </extensions>
      </trkpt>
      <trkpt lat="31.2855117581784725189208984375" lon="121.3707241974771022796630859375">
        <ele>1.60000002384185791015625</ele>
        <time>2026-06-04T13:36:59.000Z</time>
        <extensions>
          <ns3:TrackPointExtension>
            <ns3:hr>138</ns3:hr>
            <ns3:cad>0</ns3:cad>
          </ns3:TrackPointExtension>
        </extensions>
      </trkpt>
      <trkpt lat="31.28550915978848934173583984375" lon="121.370727382600307464599609375">
        <ele>1.60000002384185791015625</ele>
        <time>2026-06-04T13:37:00.000Z</time>
        <extensions>
          <ns3:TrackPointExtension>
            <ns3:hr>138</ns3:hr>
            <ns3:cad>53</ns3:cad>
          </ns3:TrackPointExtension>
        </extensions>
      </trkpt>
      <trkpt lat="31.2855047173798084259033203125" lon="121.37074456550180912017822265625">
        <ele>1.39999997615814208984375</ele>
        <time>2026-06-04T13:37:01.000Z</time>
        <extensions>
          <ns3:TrackPointExtension>
            <ns3:hr>138</ns3:hr>
            <ns3:cad>55</ns3:cad>
          </ns3:TrackPointExtension>
        </extensions>
      </trkpt>
      <trkpt lat="31.2855037115514278411865234375" lon="121.37074045836925506591796875">
        <ele>1.39999997615814208984375</ele>
        <time>2026-06-04T13:37:02.000Z</time>
        <extensions>
          <ns3:TrackPointExtension>
            <ns3:hr>137</ns3:hr>
            <ns3:cad>55</ns3:cad>
          </ns3:TrackPointExtension>
        </extensions>
      </trkpt>
      <trkpt lat="31.285496167838573455810546875" lon="121.37075814418494701385498046875">
        <ele>1.60000002384185791015625</ele>
        <time>2026-06-04T13:37:03.000Z</time>
        <extensions>
          <ns3:TrackPointExtension>
            <ns3:hr>136</ns3:hr>
            <ns3:cad>55</ns3:cad>
          </ns3:TrackPointExtension>
        </extensions>
      </trkpt>
    </trkseg>
  </trk>
</gpx>
