<?xml version="1.0" encoding="UTF-8"?>
<gpx creator="Garmin Connect" version="1.1"
  xsi:schemaLocation="http://www.topografix.com/GPX/1/1 http://www.topografix.com/GPX/11.xsd"
  xmlns:ns3="http://www.garmin.com/xmlschemas/TrackPointExtension/v1"
  xmlns="http://www.topografix.com/GPX/1/1"
  xmlns:xsi="http://www.w3.org/2001/XMLSchema-instance" xmlns:ns2="http://www.garmin.com/xmlschemas/GpxExtensions/v3">
  <metadata>
    <link href="connect.garmin.com">
      <text>Garmin Connect</text>
    </link>
    <time>2026-06-06T06:10:25.000Z</time>
  </metadata>
  <trk>
    <name>普陀区 跑步</name>
    <type>running</type>
    <trkseg>
      <trkpt lat="31.278439275920391082763671875" lon="121.36951737105846405029296875">
        <ele>1.2000000476837158203125</ele>
        <time>2026-06-06T06:10:25.000Z</time>
        <extensions>
          <ns3:TrackPointExtension>
            <ns3:hr>99</ns3:hr>
            <ns3:cad>0</ns3:cad>
          </ns3:TrackPointExtension>
        </extensions>
      </trkpt>
      <trkpt lat="31.27844405360519886016845703125" lon="121.36952164582908153533935546875">
        <ele>1.2000000476837158203125</ele>
        <time>2026-06-06T06:10:26.000Z</time>
        <extensions>
          <ns3:TrackPointExtension>
            <ns3:hr>100</ns3:hr>
            <ns3:cad>0</ns3:cad>
          </ns3:TrackPointExtension>
        </extensions>
      </trkpt>
      <trkpt lat="31.27842544578015804290771484375" lon="121.3695571012794971466064453125">
        <ele>1</ele>
        <time>2026-06-06T06:10:27.000Z</time>
        <extensions>
          <ns3:TrackPointExtension>
            <ns3:hr>100</ns3:hr>
            <ns3:cad>0</ns3:cad>
          </ns3:TrackPointExtension>
        </extensions>
      </trkpt>
      <trkpt lat="31.27842544578015804290771484375" lon="121.3695571012794971466064453125">
        <ele>1</ele>
        <time>2026-06-06T06:10:28.000Z</time>
        <extensions>
          <ns3:TrackPointExtension>
            <ns3:hr>100</ns3:hr>
            <ns3:cad>0</ns3:cad>
          </ns3:TrackPointExtension>
        </extensions>
      </trkpt>
      <trkpt lat="31.27840968780219554901123046875" lon="121.36957713402807712554931640625">
        <ele>0.800000011920928955078125</ele>
        <time>2026-06-06T06:10:29.000Z</time>
        <extensions>
          <ns3:TrackPointExtension>
            <ns3:hr>100</ns3:hr>
            <ns3:cad>0</ns3:cad>
          </ns3:TrackPointExtension>
        </extensions>
      </trkpt>
      <trkpt lat="31.2783935107290744781494140625" lon="121.369593143463134765625">
        <ele>0.800000011920928955078125</ele>
        <time>2026-06-06T06:10:30.000Z</time>
        <extensions>
          <ns3:TrackPointExtension>
            <ns3:hr>99</ns3:hr>
            <ns3:cad>0</ns3:cad>
          </ns3:TrackPointExtension>
        </extensions>
      </trkpt>
      <trkpt lat="31.278376244008541107177734375" lon="121.36961116455495357513427734375">
        <ele>0.60000002384185791015625</ele>
        <time>2026-06-06T06:10:31.000Z</time>
        <extensions>
          <ns3:TrackPointExtension>
            <ns3:hr>100</ns3:hr>
            <ns3:cad>0</ns3:cad>
          </ns3:TrackPointExtension>
        </extensions>
      </trkpt>
      <trkpt lat="31.27835554070770740509033203125" lon="121.369628347456455230712890625">
        <ele>0.4000000059604644775390625</ele>
        <time>2026-06-06T06:10:32.000Z</time>
        <extensions>
          <ns3:TrackPointExtension>
            <ns3:hr>101</ns3:hr>
            <ns3:cad>75</ns3:cad>
          </ns3:TrackPointExtension>
        </extensions>
      </trkpt>
      <trkpt lat="31.27833525650203227996826171875" lon="121.3696427643299102783203125">
        <ele>0.20000000298023223876953125</ele>
        <time>2026-06-06T06:10:33.000Z</time>
        <extensions>
          <ns3:TrackPointExtension>
            <ns3:hr>102</ns3:hr>
            <ns3:cad>77</ns3:cad>
          </ns3:TrackPointExtension>
        </extensions>
      </trkpt>
      <trkpt lat="31.278314888477325439453125" lon="121.36965743266046047210693359375">
        <ele>0.20000000298023223876953125</ele>
        <time>2026-06-06T06:10:34.000Z</time>
        <extensions>
          <ns3:TrackPointExtension>
            <ns3:hr>104</ns3:hr>
            <ns3:cad>79</ns3:cad>
          </ns3:TrackPointExtension>
        </extensions>
      </trkpt>
      <trkpt lat="31.27829150296747684478759765625" lon="121.36966397054493427276611328125">
        <ele>0</ele>
        <time>2026-06-06T06:10:35.000Z</time>
        <extensions>
          <ns3:TrackPointExtension>
            <ns3:hr>105</ns3:hr>
            <ns3:cad>79</ns3:cad>
          </ns3:TrackPointExtension>
        </extensions>
      </trkpt>
      <trkpt lat="31.27826593816280364990234375" lon="121.36967360973358154296875">
        <ele>-0.20000000298023223876953125</ele>
        <time>2026-06-06T06:10:36.000Z</time>
        <extensions>
          <ns3:TrackPointExtension>
            <ns3:hr>106</ns3:hr>
            <ns3:cad>80</ns3:cad>
          </ns3:TrackPointExtension>
        </extensions>
      </trkpt>
      <trkpt lat="31.278244145214557647705078125" lon="121.3696814887225627899169921875">
        <ele>-0.20000000298023223876953125</ele>
        <time>2026-06-06T06:10:37.000Z</time>
        <extensions>
          <ns3:TrackPointExtension>
            <ns3:hr>107</ns3:hr>
            <ns3:cad>80</ns3:cad>
          </ns3:TrackPointExtension>
        </extensions>
      </trkpt>
      <trkpt lat="31.27819879911839962005615234375" lon="121.3696897029876708984375">
        <ele>-0.20000000298023223876953125</ele>
        <time>2026-06-06T06:10:38.000Z</time>
        <extensions>
          <ns3:TrackPointExtension>
            <ns3:hr>108</ns3:hr>
            <ns3:cad>80</ns3:cad>
          </ns3:TrackPointExtension>
        </extensions>
      </trkpt>
      <trkpt lat="31.27819879911839962005615234375" lon="121.3696897029876708984375">
        <ele>-0.20000000298023223876953125</ele>
        <time>2026-06-06T06:10:39.000Z</time>
        <extensions>
          <ns3:TrackPointExtension>
            <ns3:hr>108</ns3:hr>
            <ns3:cad>80</ns3:cad>
          </ns3:TrackPointExtension>
        </extensions>
      </trkpt>
      <trkpt lat="31.278177760541439056396484375" lon="121.3696938939392566680908203125">
        <ele>-0.4000000059604644775390625</ele>
        <time>2026-06-06T06:10:40.000Z</time>
        <extensions>
          <ns3:TrackPointExtension>
            <ns3:hr>108</ns3:hr>
            <ns3:cad>80</ns3:cad>
          </ns3:TrackPointExtension>
        </extensions>
      </trkpt>
      <trkpt lat="31.2781552970409393310546875" lon="121.36969615705311298370361328125">
        <ele>-0.4000000059604644775390625</ele>
        <time>2026-06-06T06:10:41.000Z</time>
        <extensions>
          <ns3:TrackPointExtension>
            <ns3:hr>108</ns3:hr>
            <ns3:cad>80</ns3:cad>
          </ns3:TrackPointExtension>
        </extensions>
      </trkpt>
      <trkpt lat="31.2781340070068836212158203125" lon="121.369694732129573822021484375">
        <ele>-0.4000000059604644775390625</ele>
        <time>2026-06-06T06:10:42.000Z</time>
        <extensions>
          <ns3:TrackPointExtension>
            <ns3:hr>107</ns3:hr>
            <ns3:cad>81</ns3:cad>
          </ns3:TrackPointExtension>
        </extensions>
      </trkpt>
      <trkpt lat="31.27811246551573276519775390625" lon="121.369692385196685791015625">
        <ele>-0.4000000059604644775390625</ele>
        <time>2026-06-06T06:10:43.000Z</time>
        <extensions>
          <ns3:TrackPointExtension>
            <ns3:hr>107</ns3:hr>
            <ns3:cad>81</ns3:cad>
          </ns3:TrackPointExtension>
        </extensions>
      </trkpt>
      <trkpt lat="31.2780904211103916168212890625" lon="121.369687020778656005859375">
        <ele>-0.4000000059604644775390625</ele>
        <time>2026-06-06T06:10:44.000Z</time>
        <extensions>
          <ns3:TrackPointExtension>
            <ns3:hr>107</ns3:hr>
            <ns3:cad>81</ns3:cad>
          </ns3:TrackPointExtension>
        </extensions>
      </trkpt>
      <trkpt lat="31.27806887961924076080322265625" lon="121.36968576349318027496337890625">
        <ele>-0.4000000059604644775390625</ele>
        <time>2026-06-06T06:10:45.000Z</time>
        <extensions>
          <ns3:TrackPointExtension>
            <ns3:hr>106</ns3:hr>
            <ns3:cad>80</ns3:cad>
          </ns3:TrackPointExtension>
        </extensions>
      </trkpt>
      <trkpt lat="31.27804675139486789703369140625" lon="121.369687020778656005859375">
        <ele>-0.4000000059604644775390625</ele>
        <time>2026-06-06T06:10:46.000Z</time>
        <extensions>
          <ns3:TrackPointExtension>
            <ns3:hr>106</ns3:hr>
            <ns3:cad>80</ns3:cad>
          </ns3:TrackPointExtension>
        </extensions>
      </trkpt>
      <trkpt lat="31.27802529372274875640869140625" lon="121.369680650532245635986328125">
        <ele>-0.4000000059604644775390625</ele>
        <time>2026-06-06T06:10:47.000Z</time>
        <extensions>
          <ns3:TrackPointExtension>
            <ns3:hr>107</ns3:hr>
            <ns3:cad>79</ns3:cad>
          </ns3:TrackPointExtension>
        </extensions>
      </trkpt>
      <trkpt lat="31.27800568006932735443115234375" lon="121.36967771686613559722900390625">
        <ele>-0.4000000059604644775390625</ele>
        <time>2026-06-06T06:10:48.000Z</time>
        <extensions>
          <ns3:TrackPointExtension>
            <ns3:hr>107</ns3:hr>
            <ns3:cad>79</ns3:cad>
          </ns3:TrackPointExtension>
        </extensions>
      </trkpt>
      <trkpt lat="31.277984641492366790771484375" lon="121.369676291942596435546875">
        <ele>-0.4000000059604644775390625</ele>
        <time>2026-06-06T06:10:49.000Z</time>
        <extensions>
          <ns3:TrackPointExtension>
            <ns3:hr>107</ns3:hr>
            <ns3:cad>79</ns3:cad>
          </ns3:TrackPointExtension>
        </extensions>
      </trkpt>
      <trkpt lat="31.277963183820247650146484375" lon="121.36967151425778865814208984375">
        <ele>-0.4000000059604644775390625</ele>
        <time>2026-06-06T06:10:50.000Z</time>
        <extensions>
          <ns3:TrackPointExtension>
            <ns3:hr>107</ns3:hr>
            <ns3:cad>80</ns3:cad>
          </ns3:TrackPointExtension>
        </extensions>
      </trkpt>
      <trkpt lat="31.2779418937861919403076171875" lon="121.369667910039424896240234375">
        <ele>-0.60000002384185791015625</ele>
        <time>2026-06-06T06:10:51.000Z</time>
        <extensions>
          <ns3:TrackPointExtension>
            <ns3:hr>107</ns3:hr>
            <ns3:cad>80</ns3:cad>
          </ns3:TrackPointExtension>
        </extensions>
      </trkpt>
      <trkpt lat="31.27791968174278736114501953125" lon="121.36966665275394916534423828125">
        <ele>-0.60000002384185791015625</ele>
        <time>2026-06-06T06:10:52.000Z</time>
        <extensions>
          <ns3:TrackPointExtension>
            <ns3:hr>107</ns3:hr>
            <ns3:cad>80</ns3:cad>
          </ns3:TrackPointExtension>
        </extensions>
      </trkpt>
      <trkpt lat="31.27789922989904880523681640625" lon="121.36966413818299770355224609375">
        <ele>-0.800000011920928955078125</ele>
        <time>2026-06-06T06:10:53.000Z</time>
        <extensions>
          <ns3:TrackPointExtension>
            <ns3:hr>108</ns3:hr>
            <ns3:cad>80</ns3:cad>
          </ns3:TrackPointExtension>
        </extensions>
      </trkpt>
      <trkpt lat="31.27787425182759761810302734375" lon="121.369660533964633941650390625">
        <ele>-0.800000011920928955078125</ele>
        <time>2026-06-06T06:10:54.000Z</time>
        <extensions>
          <ns3:TrackPointExtension>
            <ns3:hr>108</ns3:hr>
            <ns3:cad>81</ns3:cad>
          </ns3:TrackPointExtension>
        </extensions>
      </trkpt>
      <trkpt lat="31.27785229124128818511962890625" lon="121.36965525336563587188720703125">
        <ele>-0.800000011920928955078125</ele>
        <time>2026-06-06T06:10:55.000Z</time>
        <extensions>
          <ns3:TrackPointExtension>
            <ns3:hr>108</ns3:hr>
            <ns3:cad>81</ns3:cad>
          </ns3:TrackPointExtension>
        </extensions>
      </trkpt>
      <trkpt lat="31.27783284522593021392822265625" lon="121.369649134576320648193359375">
        <ele>-0.800000011920928955078125</ele>
        <time>2026-06-06T06:10:56.000Z</time>
        <extensions>
          <ns3:TrackPointExtension>
            <ns3:hr>108</ns3:hr>
            <ns3:cad>81</ns3:cad>
          </ns3:TrackPointExtension>
        </extensions>
      </trkpt>
      <trkpt lat="31.277810633182525634765625" lon="121.36964519508183002471923828125">
        <ele>-0.800000011920928955078125</ele>
        <time>2026-06-06T06:10:57.000Z</time>
        <extensions>
          <ns3:TrackPointExtension>
            <ns3:hr>109</ns3:hr>
            <ns3:cad>81</ns3:cad>
          </ns3:TrackPointExtension>
        </extensions>
      </trkpt>
      <trkpt lat="31.2777866609394550323486328125" lon="121.36963916011154651641845703125">
        <ele>-0.800000011920928955078125</ele>
        <time>2026-06-06T06:10:58.000Z</time>
        <extensions>
          <ns3:TrackPointExtension>
            <ns3:hr>109</ns3:hr>
            <ns3:cad>81</ns3:cad>
          </ns3:TrackPointExtension>
        </extensions>
      </trkpt>
      <trkpt lat="31.2777672149240970611572265625" lon="121.36963563971221446990966796875">
        <ele>-0.800000011920928955078125</ele>
        <time>2026-06-06T06:10:59.000Z</time>
        <extensions>
          <ns3:TrackPointExtension>
            <ns3:hr>110</ns3:hr>
            <ns3:cad>81</ns3:cad>
          </ns3:TrackPointExtension>
        </extensions>
      </trkpt>
      <trkpt lat="31.2777501158416271209716796875" lon="121.369633376598358154296875">
        <ele>-0.800000011920928955078125</ele>
        <time>2026-06-06T06:11:00.000Z</time>
        <extensions>
          <ns3:TrackPointExtension>
            <ns3:hr>110</ns3:hr>
            <ns3:cad>81</ns3:cad>
          </ns3:TrackPointExtension>
        </extensions>
      </trkpt>
      <trkpt lat="31.2777256406843662261962890625" lon="121.36962859891355037689208984375">
        <ele>-0.800000011920928955078125</ele>
        <time>2026-06-06T06:11:01.000Z</time>
        <extensions>
          <ns3:TrackPointExtension>
            <ns3:hr>110</ns3:hr>
            <ns3:cad>81</ns3:cad>
          </ns3:TrackPointExtension>
        </extensions>
      </trkpt>
      <trkpt lat="31.27770493738353252410888671875" lon="121.3696254976093769073486328125">
        <ele>-0.800000011920928955078125</ele>
        <time>2026-06-06T06:11:02.000Z</time>
        <extensions>
          <ns3:TrackPointExtension>
            <ns3:hr>110</ns3:hr>
            <ns3:cad>81</ns3:cad>
          </ns3:TrackPointExtension>
        </extensions>
      </trkpt>
      <trkpt lat="31.27768347971141338348388671875" lon="121.36962390504777431488037109375">
        <ele>-0.800000011920928955078125</ele>
        <time>2026-06-06T06:11:03.000Z</time>
        <extensions>
          <ns3:TrackPointExtension>
            <ns3:hr>111</ns3:hr>
            <ns3:cad>81</ns3:cad>
          </ns3:TrackPointExtension>
        </extensions>
      </trkpt>
      <trkpt lat="31.27765707671642303466796875" lon="121.36962306685745716094970703125">
        <ele>-0.800000011920928955078125</ele>
        <time>2026-06-06T06:11:04.000Z</time>
        <extensions>
          <ns3:TrackPointExtension>
            <ns3:hr>111</ns3:hr>
            <ns3:cad>81</ns3:cad>
          </ns3:TrackPointExtension>
        </extensions>
      </trkpt>
      <trkpt lat="31.27763285301625728607177734375" lon="121.369623653590679168701171875">
        <ele>-0.60000002384185791015625</ele>
        <time>2026-06-06T06:11:05.000Z</time>
        <extensions>
          <ns3:TrackPointExtension>
            <ns3:hr>111</ns3:hr>
            <ns3:cad>81</ns3:cad>
          </ns3:TrackPointExtension>
        </extensions>
      </trkpt>
      <trkpt lat="31.27760871313512325286865234375" lon="121.36962063610553741455078125">
        <ele>-0.60000002384185791015625</ele>
        <time>2026-06-06T06:11:06.000Z</time>
        <extensions>
          <ns3:TrackPointExtension>
            <ns3:hr>112</ns3:hr>
            <ns3:cad>81</ns3:cad>
          </ns3:TrackPointExtension>
        </extensions>
      </trkpt>
      <trkpt lat="31.27758323214948177337646484375" lon="121.3696197979152202606201171875">
        <ele>-0.60000002384185791015625</ele>
        <time>2026-06-06T06:11:07.000Z</time>
        <extensions>
          <ns3:TrackPointExtension>
            <ns3:hr>112</ns3:hr>
            <ns3:cad>81</ns3:cad>
          </ns3:TrackPointExtension>
        </extensions>
      </trkpt>
      <trkpt lat="31.277560852468013763427734375" lon="121.36962273158133029937744140625">
        <ele>-0.60000002384185791015625</ele>
        <time>2026-06-06T06:11:08.000Z</time>
        <extensions>
          <ns3:TrackPointExtension>
            <ns3:hr>112</ns3:hr>
            <ns3:cad>81</ns3:cad>
          </ns3:TrackPointExtension>
        </extensions>
      </trkpt>
      <trkpt lat="31.27753595821559429168701171875" lon="121.36962440796196460723876953125">
        <ele>-0.60000002384185791015625</ele>
        <time>2026-06-06T06:11:09.000Z</time>
        <extensions>
          <ns3:TrackPointExtension>
            <ns3:hr>113</ns3:hr>
            <ns3:cad>81</ns3:cad>
          </ns3:TrackPointExtension>
        </extensions>
      </trkpt>
      <trkpt lat="31.27751315943896770477294921875" lon="121.3696213066577911376953125">
        <ele>-0.60000002384185791015625</ele>
        <time>2026-06-06T06:11:10.000Z</time>
        <extensions>
          <ns3:TrackPointExtension>
            <ns3:hr>113</ns3:hr>
            <ns3:cad>81</ns3:cad>
          </ns3:TrackPointExtension>
        </extensions>
      </trkpt>
      <trkpt lat="31.27749069593846797943115234375" lon="121.3696224801242351531982421875">
        <ele>-0.60000002384185791015625</ele>
        <time>2026-06-06T06:11:11.000Z</time>
        <extensions>
          <ns3:TrackPointExtension>
            <ns3:hr>114</ns3:hr>
            <ns3:cad>81</ns3:cad>
          </ns3:TrackPointExtension>
        </extensions>
      </trkpt>
      <trkpt lat="31.27746705897152423858642578125" lon="121.369618289172649383544921875">
        <ele>-0.4000000059604644775390625</ele>
        <time>2026-06-06T06:11:12.000Z</time>
        <extensions>
          <ns3:TrackPointExtension>
            <ns3:hr>114</ns3:hr>
            <ns3:cad>81</ns3:cad>
          </ns3:TrackPointExtension>
        </extensions>
      </trkpt>
      <trkpt lat="31.2774445116519927978515625" lon="121.369618289172649383544921875">
        <ele>-0.4000000059604644775390625</ele>
        <time>2026-06-06T06:11:13.000Z</time>
        <extensions>
          <ns3:TrackPointExtension>
            <ns3:hr>114</ns3:hr>
            <ns3:cad>81</ns3:cad>
          </ns3:TrackPointExtension>
        </extensions>
      </trkpt>
      <trkpt lat="31.27742179669439792633056640625" lon="121.36961451731622219085693359375">
        <ele>-0.4000000059604644775390625</ele>
        <time>2026-06-06T06:11:14.000Z</time>
        <extensions>
          <ns3:TrackPointExtension>
            <ns3:hr>114</ns3:hr>
            <ns3:cad>81</ns3:cad>
          </ns3:TrackPointExtension>
        </extensions>
      </trkpt>
      <trkpt lat="31.27739933319389820098876953125" lon="121.36960898526012897491455078125">
        <ele>-0.4000000059604644775390625</ele>
        <time>2026-06-06T06:11:15.000Z</time>
        <extensions>
          <ns3:TrackPointExtension>
            <ns3:hr>114</ns3:hr>
            <ns3:cad>81</ns3:cad>
          </ns3:TrackPointExtension>
        </extensions>
      </trkpt>
      <trkpt lat="31.2773782946169376373291015625" lon="121.36960328556597232818603515625">
        <ele>-0.60000002384185791015625</ele>
        <time>2026-06-06T06:11:16.000Z</time>
        <extensions>
          <ns3:TrackPointExtension>
            <ns3:hr>114</ns3:hr>
            <ns3:cad>81</ns3:cad>
          </ns3:TrackPointExtension>
        </extensions>
      </trkpt>
      <trkpt lat="31.27735541202127933502197265625" lon="121.3695980049669742584228515625">
        <ele>-0.800000011920928955078125</ele>
        <time>2026-06-06T06:11:17.000Z</time>
        <extensions>
          <ns3:TrackPointExtension>
            <ns3:hr>115</ns3:hr>
            <ns3:cad>81</ns3:cad>
          </ns3:TrackPointExtension>
        </extensions>
      </trkpt>
      <trkpt lat="31.277332864701747894287109375" lon="121.36959305964410305023193359375">
        <ele>-0.800000011920928955078125</ele>
        <time>2026-06-06T06:11:18.000Z</time>
        <extensions>
          <ns3:TrackPointExtension>
            <ns3:hr>115</ns3:hr>
            <ns3:cad>82</ns3:cad>
          </ns3:TrackPointExtension>
        </extensions>
      </trkpt>
      <trkpt lat="31.277312748134136199951171875" lon="121.3695879466831684112548828125">
        <ele>-1</ele>
        <time>2026-06-06T06:11:19.000Z</time>
        <extensions>
          <ns3:TrackPointExtension>
            <ns3:hr>115</ns3:hr>
            <ns3:cad>82</ns3:cad>
          </ns3:TrackPointExtension>
        </extensions>
      </trkpt>
      <trkpt lat="31.27728634513914585113525390625" lon="121.36957897804677486419677734375">
        <ele>-1</ele>
        <time>2026-06-06T06:11:20.000Z</time>
        <extensions>
          <ns3:TrackPointExtension>
            <ns3:hr>115</ns3:hr>
            <ns3:cad>82</ns3:cad>
          </ns3:TrackPointExtension>
        </extensions>
      </trkpt>
      <trkpt lat="31.27726614475250244140625" lon="121.36957411654293537139892578125">
        <ele>-0.800000011920928955078125</ele>
        <time>2026-06-06T06:11:21.000Z</time>
        <extensions>
          <ns3:TrackPointExtension>
            <ns3:hr>114</ns3:hr>
            <ns3:cad>82</ns3:cad>
          </ns3:TrackPointExtension>
        </extensions>
      </trkpt>
      <trkpt lat="31.2772445194423198699951171875" lon="121.36957160197198390960693359375">
        <ele>-0.60000002384185791015625</ele>
        <time>2026-06-06T06:11:22.000Z</time>
        <extensions>
          <ns3:TrackPointExtension>
            <ns3:hr>115</ns3:hr>
            <ns3:cad>81</ns3:cad>
          </ns3:TrackPointExtension>
        </extensions>
      </trkpt>
      <trkpt lat="31.2772203795611858367919921875" lon="121.36956322006881237030029296875">
        <ele>-0.4000000059604644775390625</ele>
        <time>2026-06-06T06:11:23.000Z</time>
        <extensions>
          <ns3:TrackPointExtension>
            <ns3:hr>115</ns3:hr>
            <ns3:cad>81</ns3:cad>
          </ns3:TrackPointExtension>
        </extensions>
      </trkpt>
      <trkpt lat="31.27717620693147182464599609375" lon="121.369552575051784515380859375">
        <ele>-0.20000000298023223876953125</ele>
        <time>2026-06-06T06:11:24.000Z</time>
        <extensions>
          <ns3:TrackPointExtension>
            <ns3:hr>116</ns3:hr>
            <ns3:cad>81</ns3:cad>
          </ns3:TrackPointExtension>
        </extensions>
      </trkpt>
      <trkpt lat="31.27717620693147182464599609375" lon="121.369552575051784515380859375">
        <ele>-0.20000000298023223876953125</ele>
        <time>2026-06-06T06:11:25.000Z</time>
        <extensions>
          <ns3:TrackPointExtension>
            <ns3:hr>116</ns3:hr>
            <ns3:cad>81</ns3:cad>
          </ns3:TrackPointExtension>
        </extensions>
      </trkpt>
      <trkpt lat="31.27715474925935268402099609375" lon="121.369542516767978668212890625">
        <ele>0</ele>
        <time>2026-06-06T06:11:26.000Z</time>
        <extensions>
          <ns3:TrackPointExtension>
            <ns3:hr>117</ns3:hr>
            <ns3:cad>80</ns3:cad>
          </ns3:TrackPointExtension>
        </extensions>
      </trkpt>
      <trkpt lat="31.277135051786899566650390625" lon="121.36953723616898059844970703125">
        <ele>0</ele>
        <time>2026-06-06T06:11:27.000Z</time>
        <extensions>
          <ns3:TrackPointExtension>
            <ns3:hr>117</ns3:hr>
            <ns3:cad>80</ns3:cad>
          </ns3:TrackPointExtension>
        </extensions>
      </trkpt>
      <trkpt lat="31.2771147675812244415283203125" lon="121.369531117379665374755859375">
        <ele>0</ele>
        <time>2026-06-06T06:11:28.000Z</time>
        <extensions>
          <ns3:TrackPointExtension>
            <ns3:hr>118</ns3:hr>
            <ns3:cad>80</ns3:cad>
          </ns3:TrackPointExtension>
        </extensions>
      </trkpt>
      <trkpt lat="31.27710261382162570953369140625" lon="121.369519717991352081298828125">
        <ele>0</ele>
        <time>2026-06-06T06:11:29.000Z</time>
        <extensions>
          <ns3:TrackPointExtension>
            <ns3:hr>118</ns3:hr>
            <ns3:cad>80</ns3:cad>
          </ns3:TrackPointExtension>
        </extensions>
      </trkpt>
      <trkpt lat="31.27709238789975643157958984375" lon="121.36952114291489124298095703125">
        <ele>0</ele>
        <time>2026-06-06T06:11:30.000Z</time>
        <extensions>
          <ns3:TrackPointExtension>
            <ns3:hr>118</ns3:hr>
            <ns3:cad>80</ns3:cad>
          </ns3:TrackPointExtension>
        </extensions>
      </trkpt>
      <trkpt lat="31.27708635292947292327880859375" lon="121.36952265165746212005615234375">
        <ele>0</ele>
        <time>2026-06-06T06:11:31.000Z</time>
        <extensions>
          <ns3:TrackPointExtension>
            <ns3:hr>118</ns3:hr>
            <ns3:cad>80</ns3:cad>
          </ns3:TrackPointExtension>
        </extensions>
      </trkpt>
      <trkpt lat="31.2770768813788890838623046875" lon="121.36952633969485759735107421875">
        <ele>0</ele>
        <time>2026-06-06T06:11:32.000Z</time>
        <extensions>
          <ns3:TrackPointExtension>
            <ns3:hr>119</ns3:hr>
            <ns3:cad>80</ns3:cad>
          </ns3:TrackPointExtension>
        </extensions>
      </trkpt>
      <trkpt lat="31.2770681641995906829833984375" lon="121.3695185445249080657958984375">
        <ele>0</ele>
        <time>2026-06-06T06:11:33.000Z</time>
        <extensions>
          <ns3:TrackPointExtension>
            <ns3:hr>119</ns3:hr>
            <ns3:cad>80</ns3:cad>
          </ns3:TrackPointExtension>
        </extensions>
      </trkpt>
      <trkpt lat="31.27705265767872333526611328125" lon="121.36951544322073459625244140625">
        <ele>-0.20000000298023223876953125</ele>
        <time>2026-06-06T06:11:34.000Z</time>
        <extensions>
          <ns3:TrackPointExtension>
            <ns3:hr>119</ns3:hr>
            <ns3:cad>80</ns3:cad>
          </ns3:TrackPointExtension>
        </extensions>
      </trkpt>
      <trkpt lat="31.2770041264593601226806640625" lon="121.36951108463108539581298828125">
        <ele>-0.20000000298023223876953125</ele>
        <time>2026-06-06T06:11:35.000Z</time>
        <extensions>
          <ns3:TrackPointExtension>
            <ns3:hr>119</ns3:hr>
            <ns3:cad>0</ns3:cad>
          </ns3:TrackPointExtension>
        </extensions>
      </trkpt>
      <trkpt lat="31.2770041264593601226806640625" lon="121.36951108463108539581298828125">
        <ele>-0.20000000298023223876953125</ele>
        <time>2026-06-06T06:11:36.000Z</time>
        <extensions>
          <ns3:TrackPointExtension>
            <ns3:hr>119</ns3:hr>
            <ns3:cad>0</ns3:cad>
          </ns3:TrackPointExtension>
        </extensions>
      </trkpt>
      <trkpt lat="31.27698090858757495880126953125" lon="121.369511671364307403564453125">
        <ele>-0.4000000059604644775390625</ele>
        <time>2026-06-06T06:11:37.000Z</time>
        <extensions>
          <ns3:TrackPointExtension>
            <ns3:hr>119</ns3:hr>
            <ns3:cad>0</ns3:cad>
          </ns3:TrackPointExtension>
        </extensions>
      </trkpt>
      <trkpt lat="31.2769571878015995025634765625" lon="121.3695145212113857269287109375">
        <ele>-0.4000000059604644775390625</ele>
        <time>2026-06-06T06:11:38.000Z</time>
        <extensions>
          <ns3:TrackPointExtension>
            <ns3:hr>119</ns3:hr>
            <ns3:cad>0</ns3:cad>
          </ns3:TrackPointExtension>
        </extensions>
      </trkpt>
      <trkpt lat="31.27693396992981433868408203125" lon="121.3695167005062103271484375">
        <ele>-0.4000000059604644775390625</ele>
        <time>2026-06-06T06:11:39.000Z</time>
        <extensions>
          <ns3:TrackPointExtension>
            <ns3:hr>119</ns3:hr>
            <ns3:cad>79</ns3:cad>
          </ns3:TrackPointExtension>
        </extensions>
      </trkpt>
      <trkpt lat="31.27691234461963176727294921875" lon="121.3695202209055423736572265625">
        <ele>-0.4000000059604644775390625</ele>
        <time>2026-06-06T06:11:40.000Z</time>
        <extensions>
          <ns3:TrackPointExtension>
            <ns3:hr>120</ns3:hr>
            <ns3:cad>79</ns3:cad>
          </ns3:TrackPointExtension>
        </extensions>
      </trkpt>
      <trkpt lat="31.27688904292881488800048828125" lon="121.3695212267339229583740234375">
        <ele>-0.20000000298023223876953125</ele>
        <time>2026-06-06T06:11:41.000Z</time>
        <extensions>
          <ns3:TrackPointExtension>
            <ns3:hr>120</ns3:hr>
            <ns3:cad>79</ns3:cad>
          </ns3:TrackPointExtension>
        </extensions>
      </trkpt>
      <trkpt lat="31.2768624722957611083984375" lon="121.36952340602874755859375">
        <ele>0.20000000298023223876953125</ele>
        <time>2026-06-06T06:11:42.000Z</time>
        <extensions>
          <ns3:TrackPointExtension>
            <ns3:hr>121</ns3:hr>
            <ns3:cad>79</ns3:cad>
          </ns3:TrackPointExtension>
        </extensions>
      </trkpt>
      <trkpt lat="31.2768378295004367828369140625" lon="121.36952030472457408905029296875">
        <ele>0.20000000298023223876953125</ele>
        <time>2026-06-06T06:11:43.000Z</time>
        <extensions>
          <ns3:TrackPointExtension>
            <ns3:hr>121</ns3:hr>
            <ns3:cad>79</ns3:cad>
          </ns3:TrackPointExtension>
        </extensions>
      </trkpt>
      <trkpt lat="31.27678946591913700103759765625" lon="121.369515694677829742431640625">
        <ele>0.4000000059604644775390625</ele>
        <time>2026-06-06T06:11:44.000Z</time>
        <extensions>
          <ns3:TrackPointExtension>
            <ns3:hr>121</ns3:hr>
            <ns3:cad>79</ns3:cad>
          </ns3:TrackPointExtension>
        </extensions>
      </trkpt>
      <trkpt lat="31.27678946591913700103759765625" lon="121.369515694677829742431640625">
        <ele>0.20000000298023223876953125</ele>
        <time>2026-06-06T06:11:45.000Z</time>
        <extensions>
          <ns3:TrackPointExtension>
            <ns3:hr>120</ns3:hr>
            <ns3:cad>79</ns3:cad>
          </ns3:TrackPointExtension>
        </extensions>
      </trkpt>
      <trkpt lat="31.27674152143299579620361328125" lon="121.3695113360881805419921875">
        <ele>0.20000000298023223876953125</ele>
        <time>2026-06-06T06:11:46.000Z</time>
        <extensions>
          <ns3:TrackPointExtension>
            <ns3:hr>120</ns3:hr>
            <ns3:cad>79</ns3:cad>
          </ns3:TrackPointExtension>
        </extensions>
      </trkpt>
      <trkpt lat="31.27674152143299579620361328125" lon="121.3695113360881805419921875">
        <ele>0</ele>
        <time>2026-06-06T06:11:47.000Z</time>
        <extensions>
          <ns3:TrackPointExtension>
            <ns3:hr>121</ns3:hr>
            <ns3:cad>79</ns3:cad>
          </ns3:TrackPointExtension>
        </extensions>
      </trkpt>
      <trkpt lat="31.276715286076068878173828125" lon="121.3695084862411022186279296875">
        <ele>-0.20000000298023223876953125</ele>
        <time>2026-06-06T06:11:48.000Z</time>
        <extensions>
          <ns3:TrackPointExtension>
            <ns3:hr>120</ns3:hr>
            <ns3:cad>79</ns3:cad>
          </ns3:TrackPointExtension>
        </extensions>
      </trkpt>
      <trkpt lat="31.2766956724226474761962890625" lon="121.36950530111789703369140625">
        <ele>-0.20000000298023223876953125</ele>
        <time>2026-06-06T06:11:49.000Z</time>
        <extensions>
          <ns3:TrackPointExtension>
            <ns3:hr>120</ns3:hr>
            <ns3:cad>79</ns3:cad>
          </ns3:TrackPointExtension>
        </extensions>
      </trkpt>
      <trkpt lat="31.27667245455086231231689453125" lon="121.36950706131756305694580078125">
        <ele>-0.20000000298023223876953125</ele>
        <time>2026-06-06T06:11:50.000Z</time>
        <extensions>
          <ns3:TrackPointExtension>
            <ns3:hr>119</ns3:hr>
            <ns3:cad>80</ns3:cad>
          </ns3:TrackPointExtension>
        </extensions>
      </trkpt>
      <trkpt lat="31.276647560298442840576171875" lon="121.3695032894611358642578125">
        <ele>-0.20000000298023223876953125</ele>
        <time>2026-06-06T06:11:51.000Z</time>
        <extensions>
          <ns3:TrackPointExtension>
            <ns3:hr>119</ns3:hr>
            <ns3:cad>80</ns3:cad>
          </ns3:TrackPointExtension>
        </extensions>
      </trkpt>
      <trkpt lat="31.27662576735019683837890625" lon="121.36949733830988407135009765625">
        <ele>0</ele>
        <time>2026-06-06T06:11:52.000Z</time>
        <extensions>
          <ns3:TrackPointExtension>
            <ns3:hr>119</ns3:hr>
            <ns3:cad>80</ns3:cad>
          </ns3:TrackPointExtension>
        </extensions>
      </trkpt>
      <trkpt lat="31.27657908014953136444091796875" lon="121.36949029751121997833251953125">
        <ele>-0.20000000298023223876953125</ele>
        <time>2026-06-06T06:11:53.000Z</time>
        <extensions>
          <ns3:TrackPointExtension>
            <ns3:hr>119</ns3:hr>
            <ns3:cad>80</ns3:cad>
          </ns3:TrackPointExtension>
        </extensions>
      </trkpt>
      <trkpt lat="31.27657908014953136444091796875" lon="121.36949029751121997833251953125">
        <ele>-0.20000000298023223876953125</ele>
        <time>2026-06-06T06:11:54.000Z</time>
        <extensions>
          <ns3:TrackPointExtension>
            <ns3:hr>119</ns3:hr>
            <ns3:cad>80</ns3:cad>
          </ns3:TrackPointExtension>
        </extensions>
      </trkpt>
      <trkpt lat="31.27655468881130218505859375" lon="121.369496248662471771240234375">
        <ele>-0.20000000298023223876953125</ele>
        <time>2026-06-06T06:11:55.000Z</time>
        <extensions>
          <ns3:TrackPointExtension>
            <ns3:hr>120</ns3:hr>
            <ns3:cad>80</ns3:cad>
          </ns3:TrackPointExtension>
        </extensions>
      </trkpt>
      <trkpt lat="31.27652895636856555938720703125" lon="121.36949230916798114776611328125">
        <ele>-0.4000000059604644775390625</ele>
        <time>2026-06-06T06:11:56.000Z</time>
        <extensions>
          <ns3:TrackPointExtension>
            <ns3:hr>120</ns3:hr>
            <ns3:cad>81</ns3:cad>
          </ns3:TrackPointExtension>
        </extensions>
      </trkpt>
      <trkpt lat="31.27650464884936809539794921875" lon="121.36948895640671253204345703125">
        <ele>-0.4000000059604644775390625</ele>
        <time>2026-06-06T06:11:57.000Z</time>
        <extensions>
          <ns3:TrackPointExtension>
            <ns3:hr>120</ns3:hr>
            <ns3:cad>81</ns3:cad>
          </ns3:TrackPointExtension>
        </extensions>
      </trkpt>
      <trkpt lat="31.27648168243467807769775390625" lon="121.36948744766414165496826171875">
        <ele>-0.4000000059604644775390625</ele>
        <time>2026-06-06T06:11:58.000Z</time>
        <extensions>
          <ns3:TrackPointExtension>
            <ns3:hr>120</ns3:hr>
            <ns3:cad>81</ns3:cad>
          </ns3:TrackPointExtension>
        </extensions>
      </trkpt>
      <trkpt lat="31.2764559499919414520263671875" lon="121.3694871962070465087890625">
        <ele>-0.60000002384185791015625</ele>
        <time>2026-06-06T06:11:59.000Z</time>
        <extensions>
          <ns3:TrackPointExtension>
            <ns3:hr>120</ns3:hr>
            <ns3:cad>81</ns3:cad>
          </ns3:TrackPointExtension>
        </extensions>
      </trkpt>
      <trkpt lat="31.27643289975821971893310546875" lon="121.36948250234127044677734375">
        <ele>-0.60000002384185791015625</ele>
        <time>2026-06-06T06:12:00.000Z</time>
        <extensions>
          <ns3:TrackPointExtension>
            <ns3:hr>121</ns3:hr>
            <ns3:cad>81</ns3:cad>
          </ns3:TrackPointExtension>
        </extensions>
      </trkpt>
      <trkpt lat="31.27641010098159313201904296875" lon="121.36947789229452610015869140625">
        <ele>-0.4000000059604644775390625</ele>
        <time>2026-06-06T06:12:01.000Z</time>
        <extensions>
          <ns3:TrackPointExtension>
            <ns3:hr>122</ns3:hr>
            <ns3:cad>81</ns3:cad>
          </ns3:TrackPointExtension>
        </extensions>
      </trkpt>
      <trkpt lat="31.2763614021241664886474609375" lon="121.3694722764194011688232421875">
        <ele>-0.4000000059604644775390625</ele>
        <time>2026-06-06T06:12:02.000Z</time>
        <extensions>
          <ns3:TrackPointExtension>
            <ns3:hr>122</ns3:hr>
            <ns3:cad>81</ns3:cad>
          </ns3:TrackPointExtension>
        </extensions>
      </trkpt>
      <trkpt lat="31.2763614021241664886474609375" lon="121.3694722764194011688232421875">
        <ele>-0.4000000059604644775390625</ele>
        <time>2026-06-06T06:12:03.000Z</time>
        <extensions>
          <ns3:TrackPointExtension>
            <ns3:hr>123</ns3:hr>
            <ns3:cad>81</ns3:cad>
          </ns3:TrackPointExtension>
        </extensions>
      </trkpt>
      <trkpt lat="31.2763158045709133148193359375" lon="121.36946448124945163726806640625">
        <ele>-0.20000000298023223876953125</ele>
        <time>2026-06-06T06:12:04.000Z</time>
        <extensions>
          <ns3:TrackPointExtension>
            <ns3:hr>124</ns3:hr>
            <ns3:cad>81</ns3:cad>
          </ns3:TrackPointExtension>
        </extensions>
      </trkpt>
      <trkpt lat="31.2763158045709133148193359375" lon="121.36946448124945163726806640625">
        <ele>-0.20000000298023223876953125</ele>
        <time>2026-06-06T06:12:05.000Z</time>
        <extensions>
          <ns3:TrackPointExtension>
            <ns3:hr>124</ns3:hr>
            <ns3:cad>81</ns3:cad>
          </ns3:TrackPointExtension>
        </extensions>
      </trkpt>
      <trkpt lat="31.2762909941375255584716796875" lon="121.369459368288516998291015625">
        <ele>-0.20000000298023223876953125</ele>
        <time>2026-06-06T06:12:06.000Z</time>
        <extensions>
          <ns3:TrackPointExtension>
            <ns3:hr>125</ns3:hr>
            <ns3:cad>81</ns3:cad>
          </ns3:TrackPointExtension>
        </extensions>
      </trkpt>
      <trkpt lat="31.276268698275089263916015625" lon="121.369456015527248382568359375">
        <ele>-0.20000000298023223876953125</ele>
        <time>2026-06-06T06:12:07.000Z</time>
        <extensions>
          <ns3:TrackPointExtension>
            <ns3:hr>126</ns3:hr>
            <ns3:cad>81</ns3:cad>
          </ns3:TrackPointExtension>
        </extensions>
      </trkpt>
      <trkpt lat="31.27624355256557464599609375" lon="121.3694478012621402740478515625">
        <ele>-0.4000000059604644775390625</ele>
        <time>2026-06-06T06:12:08.000Z</time>
        <extensions>
          <ns3:TrackPointExtension>
            <ns3:hr>126</ns3:hr>
            <ns3:cad>81</ns3:cad>
          </ns3:TrackPointExtension>
        </extensions>
      </trkpt>
      <trkpt lat="31.27621949650347232818603515625" lon="121.36944218538701534271240234375">
        <ele>-0.4000000059604644775390625</ele>
        <time>2026-06-06T06:12:09.000Z</time>
        <extensions>
          <ns3:TrackPointExtension>
            <ns3:hr>126</ns3:hr>
            <ns3:cad>81</ns3:cad>
          </ns3:TrackPointExtension>
        </extensions>
      </trkpt>
      <trkpt lat="31.27619770355522632598876953125" lon="121.36944361031055450439453125">
        <ele>-0.4000000059604644775390625</ele>
        <time>2026-06-06T06:12:10.000Z</time>
        <extensions>
          <ns3:TrackPointExtension>
            <ns3:hr>127</ns3:hr>
            <ns3:cad>81</ns3:cad>
          </ns3:TrackPointExtension>
        </extensions>
      </trkpt>
      <trkpt lat="31.2761746533215045928955078125" lon="121.36944361031055450439453125">
        <ele>-0.4000000059604644775390625</ele>
        <time>2026-06-06T06:12:11.000Z</time>
        <extensions>
          <ns3:TrackPointExtension>
            <ns3:hr>127</ns3:hr>
            <ns3:cad>82</ns3:cad>
          </ns3:TrackPointExtension>
        </extensions>
      </trkpt>
      <trkpt lat="31.27615663222968578338623046875" lon="121.3694400899112224578857421875">
        <ele>-0.4000000059604644775390625</ele>
        <time>2026-06-06T06:12:12.000Z</time>
        <extensions>
          <ns3:TrackPointExtension>
            <ns3:hr>128</ns3:hr>
            <ns3:cad>82</ns3:cad>
          </ns3:TrackPointExtension>
        </extensions>
      </trkpt>
      <trkpt lat="31.27613634802401065826416015625" lon="121.3694374077022075653076171875">
        <ele>-0.4000000059604644775390625</ele>
        <time>2026-06-06T06:12:13.000Z</time>
        <extensions>
          <ns3:TrackPointExtension>
            <ns3:hr>128</ns3:hr>
            <ns3:cad>83</ns3:cad>
          </ns3:TrackPointExtension>
        </extensions>
      </trkpt>
      <trkpt lat="31.2761153094470500946044921875" lon="121.36943690478801727294921875">
        <ele>-0.4000000059604644775390625</ele>
        <time>2026-06-06T06:12:14.000Z</time>
        <extensions>
          <ns3:TrackPointExtension>
            <ns3:hr>128</ns3:hr>
            <ns3:cad>83</ns3:cad>
          </ns3:TrackPointExtension>
        </extensions>
      </trkpt>
      <trkpt lat="31.27609259448945522308349609375" lon="121.36943288147449493408203125">
        <ele>-0.20000000298023223876953125</ele>
        <time>2026-06-06T06:12:15.000Z</time>
        <extensions>
          <ns3:TrackPointExtension>
            <ns3:hr>128</ns3:hr>
            <ns3:cad>82</ns3:cad>
          </ns3:TrackPointExtension>
        </extensions>
      </trkpt>
      <trkpt lat="31.276070885360240936279296875" lon="121.369427181780338287353515625">
        <ele>-0.4000000059604644775390625</ele>
        <time>2026-06-06T06:12:16.000Z</time>
        <extensions>
          <ns3:TrackPointExtension>
            <ns3:hr>128</ns3:hr>
            <ns3:cad>82</ns3:cad>
          </ns3:TrackPointExtension>
        </extensions>
      </trkpt>
      <trkpt lat="31.2760284729301929473876953125" lon="121.369421146810054779052734375">
        <ele>-0.4000000059604644775390625</ele>
        <time>2026-06-06T06:12:17.000Z</time>
        <extensions>
          <ns3:TrackPointExtension>
            <ns3:hr>128</ns3:hr>
            <ns3:cad>83</ns3:cad>
          </ns3:TrackPointExtension>
        </extensions>
      </trkpt>
      <trkpt lat="31.27600676380097866058349609375" lon="121.369420476257801055908203125">
        <ele>-0.20000000298023223876953125</ele>
        <time>2026-06-06T06:12:18.000Z</time>
        <extensions>
          <ns3:TrackPointExtension>
            <ns3:hr>128</ns3:hr>
            <ns3:cad>83</ns3:cad>
          </ns3:TrackPointExtension>
        </extensions>
      </trkpt>
      <trkpt lat="31.275981366634368896484375" lon="121.36941812932491302490234375">
        <ele>-0.20000000298023223876953125</ele>
        <time>2026-06-06T06:12:19.000Z</time>
        <extensions>
          <ns3:TrackPointExtension>
            <ns3:hr>128</ns3:hr>
            <ns3:cad>82</ns3:cad>
          </ns3:TrackPointExtension>
        </extensions>
      </trkpt>
      <trkpt lat="31.2759570591151714324951171875" lon="121.3694142736494541168212890625">
        <ele>-0.20000000298023223876953125</ele>
        <time>2026-06-06T06:12:20.000Z</time>
        <extensions>
          <ns3:TrackPointExtension>
            <ns3:hr>127</ns3:hr>
            <ns3:cad>82</ns3:cad>
          </ns3:TrackPointExtension>
        </extensions>
      </trkpt>
      <trkpt lat="31.2759570591151714324951171875" lon="121.3694142736494541168212890625">
        <ele>-0.20000000298023223876953125</ele>
        <time>2026-06-06T06:12:21.000Z</time>
        <extensions>
          <ns3:TrackPointExtension>
            <ns3:hr>127</ns3:hr>
            <ns3:cad>82</ns3:cad>
          </ns3:TrackPointExtension>
        </extensions>
      </trkpt>
      <trkpt lat="31.2759356014430522918701171875" lon="121.36941167525947093963623046875">
        <ele>-0.20000000298023223876953125</ele>
        <time>2026-06-06T06:12:22.000Z</time>
        <extensions>
          <ns3:TrackPointExtension>
            <ns3:hr>127</ns3:hr>
            <ns3:cad>82</ns3:cad>
          </ns3:TrackPointExtension>
        </extensions>
      </trkpt>
      <trkpt lat="31.2759102880954742431640625" lon="121.36940580792725086212158203125">
        <ele>-0.20000000298023223876953125</ele>
        <time>2026-06-06T06:12:23.000Z</time>
        <extensions>
          <ns3:TrackPointExtension>
            <ns3:hr>127</ns3:hr>
            <ns3:cad>82</ns3:cad>
          </ns3:TrackPointExtension>
        </extensions>
      </trkpt>
      <trkpt lat="31.27588589675724506378173828125" lon="121.3694038800895214080810546875">
        <ele>-0.20000000298023223876953125</ele>
        <time>2026-06-06T06:12:24.000Z</time>
        <extensions>
          <ns3:TrackPointExtension>
            <ns3:hr>126</ns3:hr>
            <ns3:cad>82</ns3:cad>
          </ns3:TrackPointExtension>
        </extensions>
      </trkpt>
      <trkpt lat="31.27586142159998416900634765625" lon="121.3693998567759990692138671875">
        <ele>-0.20000000298023223876953125</ele>
        <time>2026-06-06T06:12:25.000Z</time>
        <extensions>
          <ns3:TrackPointExtension>
            <ns3:hr>126</ns3:hr>
            <ns3:cad>82</ns3:cad>
          </ns3:TrackPointExtension>
        </extensions>
      </trkpt>
      <trkpt lat="31.27583577297627925872802734375" lon="121.3693951629102230072021484375">
        <ele>-0.20000000298023223876953125</ele>
        <time>2026-06-06T06:12:26.000Z</time>
        <extensions>
          <ns3:TrackPointExtension>
            <ns3:hr>126</ns3:hr>
            <ns3:cad>82</ns3:cad>
          </ns3:TrackPointExtension>
        </extensions>
      </trkpt>
      <trkpt lat="31.2758115492761135101318359375" lon="121.369397006928920745849609375">
        <ele>-0.20000000298023223876953125</ele>
        <time>2026-06-06T06:12:27.000Z</time>
        <extensions>
          <ns3:TrackPointExtension>
            <ns3:hr>126</ns3:hr>
            <ns3:cad>82</ns3:cad>
          </ns3:TrackPointExtension>
        </extensions>
      </trkpt>
      <trkpt lat="31.2757914327085018157958984375" lon="121.36939264833927154541015625">
        <ele>-0.20000000298023223876953125</ele>
        <time>2026-06-06T06:12:28.000Z</time>
        <extensions>
          <ns3:TrackPointExtension>
            <ns3:hr>126</ns3:hr>
            <ns3:cad>82</ns3:cad>
          </ns3:TrackPointExtension>
        </extensions>
      </trkpt>
      <trkpt lat="31.27577014267444610595703125" lon="121.369387619197368621826171875">
        <ele>-0.20000000298023223876953125</ele>
        <time>2026-06-06T06:12:29.000Z</time>
        <extensions>
          <ns3:TrackPointExtension>
            <ns3:hr>126</ns3:hr>
            <ns3:cad>83</ns3:cad>
          </ns3:TrackPointExtension>
        </extensions>
      </trkpt>
      <trkpt lat="31.27574868500232696533203125" lon="121.36938887648284435272216796875">
        <ele>-0.20000000298023223876953125</ele>
        <time>2026-06-06T06:12:30.000Z</time>
        <extensions>
          <ns3:TrackPointExtension>
            <ns3:hr>127</ns3:hr>
            <ns3:cad>83</ns3:cad>
          </ns3:TrackPointExtension>
        </extensions>
      </trkpt>
      <trkpt lat="31.27572362311184406280517578125" lon="121.36938904412090778350830078125">
        <ele>-0.4000000059604644775390625</ele>
        <time>2026-06-06T06:12:31.000Z</time>
        <extensions>
          <ns3:TrackPointExtension>
            <ns3:hr>126</ns3:hr>
            <ns3:cad>83</ns3:cad>
          </ns3:TrackPointExtension>
        </extensions>
      </trkpt>
      <trkpt lat="31.27570183016359806060791015625" lon="121.36938862502574920654296875">
        <ele>-0.4000000059604644775390625</ele>
        <time>2026-06-06T06:12:32.000Z</time>
        <extensions>
          <ns3:TrackPointExtension>
            <ns3:hr>126</ns3:hr>
            <ns3:cad>83</ns3:cad>
          </ns3:TrackPointExtension>
        </extensions>
      </trkpt>
      <trkpt lat="31.27568054012954235076904296875" lon="121.36938367970287799835205078125">
        <ele>-0.20000000298023223876953125</ele>
        <time>2026-06-06T06:12:33.000Z</time>
        <extensions>
          <ns3:TrackPointExtension>
            <ns3:hr>126</ns3:hr>
            <ns3:cad>83</ns3:cad>
          </ns3:TrackPointExtension>
        </extensions>
      </trkpt>
      <trkpt lat="31.2756579928100109100341796875" lon="121.36938057839870452880859375">
        <ele>-0.20000000298023223876953125</ele>
        <time>2026-06-06T06:12:34.000Z</time>
        <extensions>
          <ns3:TrackPointExtension>
            <ns3:hr>126</ns3:hr>
            <ns3:cad>82</ns3:cad>
          </ns3:TrackPointExtension>
        </extensions>
      </trkpt>
      <trkpt lat="31.275636367499828338623046875" lon="121.36937798000872135162353515625">
        <ele>-0.20000000298023223876953125</ele>
        <time>2026-06-06T06:12:35.000Z</time>
        <extensions>
          <ns3:TrackPointExtension>
            <ns3:hr>127</ns3:hr>
            <ns3:cad>82</ns3:cad>
          </ns3:TrackPointExtension>
        </extensions>
      </trkpt>
      <trkpt lat="31.27558951266109943389892578125" lon="121.369374208152294158935546875">
        <ele>-0.4000000059604644775390625</ele>
        <time>2026-06-06T06:12:36.000Z</time>
        <extensions>
          <ns3:TrackPointExtension>
            <ns3:hr>127</ns3:hr>
            <ns3:cad>82</ns3:cad>
          </ns3:TrackPointExtension>
        </extensions>
      </trkpt>
      <trkpt lat="31.27558951266109943389892578125" lon="121.369374208152294158935546875">
        <ele>-0.4000000059604644775390625</ele>
        <time>2026-06-06T06:12:37.000Z</time>
        <extensions>
          <ns3:TrackPointExtension>
            <ns3:hr>127</ns3:hr>
            <ns3:cad>82</ns3:cad>
          </ns3:TrackPointExtension>
        </extensions>
      </trkpt>
      <trkpt lat="31.27553947269916534423828125" lon="121.3693690113723278045654296875">
        <ele>-0.4000000059604644775390625</ele>
        <time>2026-06-06T06:12:38.000Z</time>
        <extensions>
          <ns3:TrackPointExtension>
            <ns3:hr>127</ns3:hr>
            <ns3:cad>82</ns3:cad>
          </ns3:TrackPointExtension>
        </extensions>
      </trkpt>
      <trkpt lat="31.2755158357322216033935546875" lon="121.369366161525249481201171875">
        <ele>-0.4000000059604644775390625</ele>
        <time>2026-06-06T06:12:39.000Z</time>
        <extensions>
          <ns3:TrackPointExtension>
            <ns3:hr>128</ns3:hr>
            <ns3:cad>82</ns3:cad>
          </ns3:TrackPointExtension>
        </extensions>
      </trkpt>
      <trkpt lat="31.2755158357322216033935546875" lon="121.369366161525249481201171875">
        <ele>-0.4000000059604644775390625</ele>
        <time>2026-06-06T06:12:40.000Z</time>
        <extensions>
          <ns3:TrackPointExtension>
            <ns3:hr>128</ns3:hr>
            <ns3:cad>82</ns3:cad>
          </ns3:TrackPointExtension>
        </extensions>
      </trkpt>
      <trkpt lat="31.27549546770751476287841796875" lon="121.3693572767078876495361328125">
        <ele>-0.4000000059604644775390625</ele>
        <time>2026-06-06T06:12:41.000Z</time>
        <extensions>
          <ns3:TrackPointExtension>
            <ns3:hr>128</ns3:hr>
            <ns3:cad>82</ns3:cad>
          </ns3:TrackPointExtension>
        </extensions>
      </trkpt>
      <trkpt lat="31.27547166310250759124755859375" lon="121.36935266666114330291748046875">
        <ele>-0.4000000059604644775390625</ele>
        <time>2026-06-06T06:12:42.000Z</time>
        <extensions>
          <ns3:TrackPointExtension>
            <ns3:hr>129</ns3:hr>
            <ns3:cad>82</ns3:cad>
          </ns3:TrackPointExtension>
        </extensions>
      </trkpt>
      <trkpt lat="31.27545121125876903533935546875" lon="121.3693495653569698333740234375">
        <ele>-0.20000000298023223876953125</ele>
        <time>2026-06-06T06:12:43.000Z</time>
        <extensions>
          <ns3:TrackPointExtension>
            <ns3:hr>129</ns3:hr>
            <ns3:cad>83</ns3:cad>
          </ns3:TrackPointExtension>
        </extensions>
      </trkpt>
      <trkpt lat="31.275427155196666717529296875" lon="121.36934646405279636383056640625">
        <ele>-0.20000000298023223876953125</ele>
        <time>2026-06-06T06:12:44.000Z</time>
        <extensions>
          <ns3:TrackPointExtension>
            <ns3:hr>130</ns3:hr>
            <ns3:cad>82</ns3:cad>
          </ns3:TrackPointExtension>
        </extensions>
      </trkpt>
      <trkpt lat="31.2754041887819766998291015625" lon="121.36934814043343067169189453125">
        <ele>-0.20000000298023223876953125</ele>
        <time>2026-06-06T06:12:45.000Z</time>
        <extensions>
          <ns3:TrackPointExtension>
            <ns3:hr>130</ns3:hr>
            <ns3:cad>82</ns3:cad>
          </ns3:TrackPointExtension>
        </extensions>
      </trkpt>
      <trkpt lat="31.2753832340240478515625" lon="121.36934495531022548675537109375">
        <ele>-0.20000000298023223876953125</ele>
        <time>2026-06-06T06:12:46.000Z</time>
        <extensions>
          <ns3:TrackPointExtension>
            <ns3:hr>131</ns3:hr>
            <ns3:cad>82</ns3:cad>
          </ns3:TrackPointExtension>
        </extensions>
      </trkpt>
      <trkpt lat="31.27535833977162837982177734375" lon="121.3693442009389400482177734375">
        <ele>-0.20000000298023223876953125</ele>
        <time>2026-06-06T06:12:47.000Z</time>
        <extensions>
          <ns3:TrackPointExtension>
            <ns3:hr>131</ns3:hr>
            <ns3:cad>82</ns3:cad>
          </ns3:TrackPointExtension>
        </extensions>
      </trkpt>
      <trkpt lat="31.27533621154725551605224609375" lon="121.369344033300876617431640625">
        <ele>-0.20000000298023223876953125</ele>
        <time>2026-06-06T06:12:48.000Z</time>
        <extensions>
          <ns3:TrackPointExtension>
            <ns3:hr>131</ns3:hr>
            <ns3:cad>82</ns3:cad>
          </ns3:TrackPointExtension>
        </extensions>
      </trkpt>
      <trkpt lat="31.27529279328882694244384765625" lon="121.36934026144444942474365234375">
        <ele>-0.20000000298023223876953125</ele>
        <time>2026-06-06T06:12:49.000Z</time>
        <extensions>
          <ns3:TrackPointExtension>
            <ns3:hr>131</ns3:hr>
            <ns3:cad>82</ns3:cad>
          </ns3:TrackPointExtension>
        </extensions>
      </trkpt>
      <trkpt lat="31.27529279328882694244384765625" lon="121.36934026144444942474365234375">
        <ele>-0.20000000298023223876953125</ele>
        <time>2026-06-06T06:12:50.000Z</time>
        <extensions>
          <ns3:TrackPointExtension>
            <ns3:hr>130</ns3:hr>
            <ns3:cad>82</ns3:cad>
          </ns3:TrackPointExtension>
        </extensions>
      </trkpt>
      <trkpt lat="31.275271587073802947998046875" lon="121.3693371601402759552001953125">
        <ele>-0.20000000298023223876953125</ele>
        <time>2026-06-06T06:12:51.000Z</time>
        <extensions>
          <ns3:TrackPointExtension>
            <ns3:hr>130</ns3:hr>
            <ns3:cad>82</ns3:cad>
          </ns3:TrackPointExtension>
        </extensions>
      </trkpt>
      <trkpt lat="31.27524937503039836883544921875" lon="121.369327940046787261962890625">
        <ele>0</ele>
        <time>2026-06-06T06:12:52.000Z</time>
        <extensions>
          <ns3:TrackPointExtension>
            <ns3:hr>130</ns3:hr>
            <ns3:cad>82</ns3:cad>
          </ns3:TrackPointExtension>
        </extensions>
      </trkpt>
      <trkpt lat="31.27522657625377178192138671875" lon="121.3693217374384403228759765625">
        <ele>0</ele>
        <time>2026-06-06T06:12:53.000Z</time>
        <extensions>
          <ns3:TrackPointExtension>
            <ns3:hr>130</ns3:hr>
            <ns3:cad>82</ns3:cad>
          </ns3:TrackPointExtension>
        </extensions>
      </trkpt>
      <trkpt lat="31.27520428039133548736572265625" lon="121.36931888759136199951171875">
        <ele>0</ele>
        <time>2026-06-06T06:12:54.000Z</time>
        <extensions>
          <ns3:TrackPointExtension>
            <ns3:hr>130</ns3:hr>
            <ns3:cad>81</ns3:cad>
          </ns3:TrackPointExtension>
        </extensions>
      </trkpt>
      <trkpt lat="31.27516052685678005218505859375" lon="121.369317211210727691650390625">
        <ele>0</ele>
        <time>2026-06-06T06:12:55.000Z</time>
        <extensions>
          <ns3:TrackPointExtension>
            <ns3:hr>130</ns3:hr>
            <ns3:cad>81</ns3:cad>
          </ns3:TrackPointExtension>
        </extensions>
      </trkpt>
      <trkpt lat="31.27516052685678005218505859375" lon="121.369317211210727691650390625">
        <ele>0</ele>
        <time>2026-06-06T06:12:56.000Z</time>
        <extensions>
          <ns3:TrackPointExtension>
            <ns3:hr>129</ns3:hr>
            <ns3:cad>80</ns3:cad>
          </ns3:TrackPointExtension>
        </extensions>
      </trkpt>
      <trkpt lat="31.2751138396561145782470703125" lon="121.36930991895496845245361328125">
        <ele>0</ele>
        <time>2026-06-06T06:12:57.000Z</time>
        <extensions>
          <ns3:TrackPointExtension>
            <ns3:hr>129</ns3:hr>
            <ns3:cad>80</ns3:cad>
          </ns3:TrackPointExtension>
        </extensions>
      </trkpt>
      <trkpt lat="31.2751138396561145782470703125" lon="121.36930991895496845245361328125">
        <ele>0</ele>
        <time>2026-06-06T06:12:58.000Z</time>
        <extensions>
          <ns3:TrackPointExtension>
            <ns3:hr>129</ns3:hr>
            <ns3:cad>80</ns3:cad>
          </ns3:TrackPointExtension>
        </extensions>
      </trkpt>
      <trkpt lat="31.275087855756282806396484375" lon="121.369305811822414398193359375">
        <ele>-0.20000000298023223876953125</ele>
        <time>2026-06-06T06:12:59.000Z</time>
        <extensions>
          <ns3:TrackPointExtension>
            <ns3:hr>128</ns3:hr>
            <ns3:cad>81</ns3:cad>
          </ns3:TrackPointExtension>
        </extensions>
      </trkpt>
      <trkpt lat="31.2750648893415927886962890625" lon="121.36930170468986034393310546875">
        <ele>-0.20000000298023223876953125</ele>
        <time>2026-06-06T06:13:00.000Z</time>
        <extensions>
          <ns3:TrackPointExtension>
            <ns3:hr>128</ns3:hr>
            <ns3:cad>81</ns3:cad>
          </ns3:TrackPointExtension>
        </extensions>
      </trkpt>
      <trkpt lat="31.27503748051822185516357421875" lon="121.3693026266992092132568359375">
        <ele>-0.20000000298023223876953125</ele>
        <time>2026-06-06T06:13:01.000Z</time>
        <extensions>
          <ns3:TrackPointExtension>
            <ns3:hr>128</ns3:hr>
            <ns3:cad>82</ns3:cad>
          </ns3:TrackPointExtension>
        </extensions>
      </trkpt>
      <trkpt lat="31.2750117480754852294921875" lon="121.36930086649954319000244140625">
        <ele>-0.20000000298023223876953125</ele>
        <time>2026-06-06T06:13:02.000Z</time>
        <extensions>
          <ns3:TrackPointExtension>
            <ns3:hr>128</ns3:hr>
            <ns3:cad>82</ns3:cad>
          </ns3:TrackPointExtension>
        </extensions>
      </trkpt>
      <trkpt lat="31.27498752437531948089599609375" lon="121.36929885484278202056884765625">
        <ele>-0.20000000298023223876953125</ele>
        <time>2026-06-06T06:13:03.000Z</time>
        <extensions>
          <ns3:TrackPointExtension>
            <ns3:hr>128</ns3:hr>
            <ns3:cad>82</ns3:cad>
          </ns3:TrackPointExtension>
        </extensions>
      </trkpt>
      <trkpt lat="31.27496321685612201690673828125" lon="121.36930002830922603607177734375">
        <ele>-0.20000000298023223876953125</ele>
        <time>2026-06-06T06:13:04.000Z</time>
        <extensions>
          <ns3:TrackPointExtension>
            <ns3:hr>128</ns3:hr>
            <ns3:cad>81</ns3:cad>
          </ns3:TrackPointExtension>
        </extensions>
      </trkpt>
      <trkpt lat="31.27494134008884429931640625" lon="121.3692967593669891357421875">
        <ele>-0.20000000298023223876953125</ele>
        <time>2026-06-06T06:13:05.000Z</time>
        <extensions>
          <ns3:TrackPointExtension>
            <ns3:hr>128</ns3:hr>
            <ns3:cad>81</ns3:cad>
          </ns3:TrackPointExtension>
        </extensions>
      </trkpt>
      <trkpt lat="31.27491409890353679656982421875" lon="121.36929365806281566619873046875">
        <ele>-0.20000000298023223876953125</ele>
        <time>2026-06-06T06:13:06.000Z</time>
        <extensions>
          <ns3:TrackPointExtension>
            <ns3:hr>128</ns3:hr>
            <ns3:cad>81</ns3:cad>
          </ns3:TrackPointExtension>
        </extensions>
      </trkpt>
      <trkpt lat="31.27489171922206878662109375" lon="121.3692888803780078887939453125">
        <ele>-0.20000000298023223876953125</ele>
        <time>2026-06-06T06:13:07.000Z</time>
        <extensions>
          <ns3:TrackPointExtension>
            <ns3:hr>128</ns3:hr>
            <ns3:cad>81</ns3:cad>
          </ns3:TrackPointExtension>
        </extensions>
      </trkpt>
      <trkpt lat="31.27484620548784732818603515625" lon="121.3692855276167392730712890625">
        <ele>-0.20000000298023223876953125</ele>
        <time>2026-06-06T06:13:08.000Z</time>
        <extensions>
          <ns3:TrackPointExtension>
            <ns3:hr>128</ns3:hr>
            <ns3:cad>81</ns3:cad>
          </ns3:TrackPointExtension>
        </extensions>
      </trkpt>
      <trkpt lat="31.27482508309185504913330078125" lon="121.369281671941280364990234375">
        <ele>-0.20000000298023223876953125</ele>
        <time>2026-06-06T06:13:09.000Z</time>
        <extensions>
          <ns3:TrackPointExtension>
            <ns3:hr>129</ns3:hr>
            <ns3:cad>81</ns3:cad>
          </ns3:TrackPointExtension>
        </extensions>
      </trkpt>
      <trkpt lat="31.27482508309185504913330078125" lon="121.369281671941280364990234375">
        <ele>-0.20000000298023223876953125</ele>
        <time>2026-06-06T06:13:10.000Z</time>
        <extensions>
          <ns3:TrackPointExtension>
            <ns3:hr>128</ns3:hr>
            <ns3:cad>81</ns3:cad>
          </ns3:TrackPointExtension>
        </extensions>
      </trkpt>
      <trkpt lat="31.2748033739626407623291015625" lon="121.36927991174161434173583984375">
        <ele>-0.20000000298023223876953125</ele>
        <time>2026-06-06T06:13:11.000Z</time>
        <extensions>
          <ns3:TrackPointExtension>
            <ns3:hr>129</ns3:hr>
            <ns3:cad>82</ns3:cad>
          </ns3:TrackPointExtension>
        </extensions>
      </trkpt>
      <trkpt lat="31.27478443086147308349609375" lon="121.36927329003810882568359375">
        <ele>-0.20000000298023223876953125</ele>
        <time>2026-06-06T06:13:12.000Z</time>
        <extensions>
          <ns3:TrackPointExtension>
            <ns3:hr>129</ns3:hr>
            <ns3:cad>82</ns3:cad>
          </ns3:TrackPointExtension>
        </extensions>
      </trkpt>
      <trkpt lat="31.2747426889836788177490234375" lon="121.36925007216632366180419921875">
        <ele>-0.20000000298023223876953125</ele>
        <time>2026-06-06T06:13:13.000Z</time>
        <extensions>
          <ns3:TrackPointExtension>
            <ns3:hr>129</ns3:hr>
            <ns3:cad>81</ns3:cad>
          </ns3:TrackPointExtension>
        </extensions>
      </trkpt>
      <trkpt lat="31.27472835592925548553466796875" lon="121.36922358535230159759521484375">
        <ele>-0.20000000298023223876953125</ele>
        <time>2026-06-06T06:13:14.000Z</time>
        <extensions>
          <ns3:TrackPointExtension>
            <ns3:hr>129</ns3:hr>
            <ns3:cad>81</ns3:cad>
          </ns3:TrackPointExtension>
        </extensions>
      </trkpt>
      <trkpt lat="31.27472835592925548553466796875" lon="121.36922358535230159759521484375">
        <ele>0</ele>
        <time>2026-06-06T06:13:15.000Z</time>
        <extensions>
          <ns3:TrackPointExtension>
            <ns3:hr>130</ns3:hr>
            <ns3:cad>81</ns3:cad>
          </ns3:TrackPointExtension>
        </extensions>
      </trkpt>
      <trkpt lat="31.2747195549309253692626953125" lon="121.36919550597667694091796875">
        <ele>0</ele>
        <time>2026-06-06T06:13:16.000Z</time>
        <extensions>
          <ns3:TrackPointExtension>
            <ns3:hr>130</ns3:hr>
            <ns3:cad>81</ns3:cad>
          </ns3:TrackPointExtension>
        </extensions>
      </trkpt>
      <trkpt lat="31.27470798790454864501953125" lon="121.36917144991457462310791015625">
        <ele>0.20000000298023223876953125</ele>
        <time>2026-06-06T06:13:17.000Z</time>
        <extensions>
          <ns3:TrackPointExtension>
            <ns3:hr>130</ns3:hr>
            <ns3:cad>81</ns3:cad>
          </ns3:TrackPointExtension>
        </extensions>
      </trkpt>
      <trkpt lat="31.2746967561542987823486328125" lon="121.36914697475731372833251953125">
        <ele>0.20000000298023223876953125</ele>
        <time>2026-06-06T06:13:18.000Z</time>
        <extensions>
          <ns3:TrackPointExtension>
            <ns3:hr>130</ns3:hr>
            <ns3:cad>81</ns3:cad>
          </ns3:TrackPointExtension>
        </extensions>
      </trkpt>
      <trkpt lat="31.27468795515596866607666015625" lon="121.36911914683878421783447265625">
        <ele>0.60000002384185791015625</ele>
        <time>2026-06-06T06:13:19.000Z</time>
        <extensions>
          <ns3:TrackPointExtension>
            <ns3:hr>130</ns3:hr>
            <ns3:cad>81</ns3:cad>
          </ns3:TrackPointExtension>
        </extensions>
      </trkpt>
      <trkpt lat="31.27467823214828968048095703125" lon="121.3690930791199207305908203125">
        <ele>0.60000002384185791015625</ele>
        <time>2026-06-06T06:13:20.000Z</time>
        <extensions>
          <ns3:TrackPointExtension>
            <ns3:hr>130</ns3:hr>
            <ns3:cad>81</ns3:cad>
          </ns3:TrackPointExtension>
        </extensions>
      </trkpt>
      <trkpt lat="31.2746592052280902862548828125" lon="121.36904605664312839508056640625">
        <ele>1</ele>
        <time>2026-06-06T06:13:21.000Z</time>
        <extensions>
          <ns3:TrackPointExtension>
            <ns3:hr>129</ns3:hr>
            <ns3:cad>80</ns3:cad>
          </ns3:TrackPointExtension>
        </extensions>
      </trkpt>
      <trkpt lat="31.2746592052280902862548828125" lon="121.36904605664312839508056640625">
        <ele>1</ele>
        <time>2026-06-06T06:13:22.000Z</time>
        <extensions>
          <ns3:TrackPointExtension>
            <ns3:hr>130</ns3:hr>
            <ns3:cad>80</ns3:cad>
          </ns3:TrackPointExtension>
        </extensions>
      </trkpt>
      <trkpt lat="31.274654008448123931884765625" lon="121.36901982128620147705078125">
        <ele>1.2000000476837158203125</ele>
        <time>2026-06-06T06:13:23.000Z</time>
        <extensions>
          <ns3:TrackPointExtension>
            <ns3:hr>130</ns3:hr>
            <ns3:cad>82</ns3:cad>
          </ns3:TrackPointExtension>
        </extensions>
      </trkpt>
      <trkpt lat="31.27464839257299900054931640625" lon="121.36899475939571857452392578125">
        <ele>1.39999997615814208984375</ele>
        <time>2026-06-06T06:13:24.000Z</time>
        <extensions>
          <ns3:TrackPointExtension>
            <ns3:hr>130</ns3:hr>
            <ns3:cad>82</ns3:cad>
          </ns3:TrackPointExtension>
        </extensions>
      </trkpt>
      <trkpt lat="31.2746434472501277923583984375" lon="121.36896760202944278717041015625">
        <ele>1.60000002384185791015625</ele>
        <time>2026-06-06T06:13:25.000Z</time>
        <extensions>
          <ns3:TrackPointExtension>
            <ns3:hr>130</ns3:hr>
            <ns3:cad>82</ns3:cad>
          </ns3:TrackPointExtension>
        </extensions>
      </trkpt>
      <trkpt lat="31.2746370770037174224853515625" lon="121.36893843300640583038330078125">
        <ele>1.60000002384185791015625</ele>
        <time>2026-06-06T06:13:26.000Z</time>
        <extensions>
          <ns3:TrackPointExtension>
            <ns3:hr>131</ns3:hr>
            <ns3:cad>82</ns3:cad>
          </ns3:TrackPointExtension>
        </extensions>
      </trkpt>
      <trkpt lat="31.27463162876665592193603515625" lon="121.36891127564013004302978515625">
        <ele>1.7999999523162841796875</ele>
        <time>2026-06-06T06:13:27.000Z</time>
        <extensions>
          <ns3:TrackPointExtension>
            <ns3:hr>131</ns3:hr>
            <ns3:cad>81</ns3:cad>
          </ns3:TrackPointExtension>
        </extensions>
      </trkpt>
      <trkpt lat="31.27462123520672321319580078125" lon="121.3688580505549907684326171875">
        <ele>1.7999999523162841796875</ele>
        <time>2026-06-06T06:13:28.000Z</time>
        <extensions>
          <ns3:TrackPointExtension>
            <ns3:hr>131</ns3:hr>
            <ns3:cad>81</ns3:cad>
          </ns3:TrackPointExtension>
        </extensions>
      </trkpt>
      <trkpt lat="31.27461670897901058197021484375" lon="121.36882661841809749603271484375">
        <ele>1.7999999523162841796875</ele>
        <time>2026-06-06T06:13:29.000Z</time>
        <extensions>
          <ns3:TrackPointExtension>
            <ns3:hr>132</ns3:hr>
            <ns3:cad>81</ns3:cad>
          </ns3:TrackPointExtension>
        </extensions>
      </trkpt>
      <trkpt lat="31.27461670897901058197021484375" lon="121.36882661841809749603271484375">
        <ele>2</ele>
        <time>2026-06-06T06:13:30.000Z</time>
        <extensions>
          <ns3:TrackPointExtension>
            <ns3:hr>132</ns3:hr>
            <ns3:cad>81</ns3:cad>
          </ns3:TrackPointExtension>
        </extensions>
      </trkpt>
      <trkpt lat="31.27461276948451995849609375" lon="121.36879392899572849273681640625">
        <ele>2</ele>
        <time>2026-06-06T06:13:31.000Z</time>
        <extensions>
          <ns3:TrackPointExtension>
            <ns3:hr>133</ns3:hr>
            <ns3:cad>81</ns3:cad>
          </ns3:TrackPointExtension>
        </extensions>
      </trkpt>
      <trkpt lat="31.27460866235196590423583984375" lon="121.36873827315866947174072265625">
        <ele>2.2000000476837158203125</ele>
        <time>2026-06-06T06:13:32.000Z</time>
        <extensions>
          <ns3:TrackPointExtension>
            <ns3:hr>133</ns3:hr>
            <ns3:cad>80</ns3:cad>
          </ns3:TrackPointExtension>
        </extensions>
      </trkpt>
      <trkpt lat="31.27460866235196590423583984375" lon="121.36873827315866947174072265625">
        <ele>2.2000000476837158203125</ele>
        <time>2026-06-06T06:13:33.000Z</time>
        <extensions>
          <ns3:TrackPointExtension>
            <ns3:hr>134</ns3:hr>
            <ns3:cad>80</ns3:cad>
          </ns3:TrackPointExtension>
        </extensions>
      </trkpt>
      <trkpt lat="31.27460564486682415008544921875" lon="121.3687093555927276611328125">
        <ele>2.400000095367431640625</ele>
        <time>2026-06-06T06:13:34.000Z</time>
        <extensions>
          <ns3:TrackPointExtension>
            <ns3:hr>134</ns3:hr>
            <ns3:cad>81</ns3:cad>
          </ns3:TrackPointExtension>
        </extensions>
      </trkpt>
      <trkpt lat="31.2746012024581432342529296875" lon="121.36868060566484928131103515625">
        <ele>2.400000095367431640625</ele>
        <time>2026-06-06T06:13:35.000Z</time>
        <extensions>
          <ns3:TrackPointExtension>
            <ns3:hr>135</ns3:hr>
            <ns3:cad>80</ns3:cad>
          </ns3:TrackPointExtension>
        </extensions>
      </trkpt>
      <trkpt lat="31.27459927462041378021240234375" lon="121.36865478940308094024658203125">
        <ele>2.400000095367431640625</ele>
        <time>2026-06-06T06:13:36.000Z</time>
        <extensions>
          <ns3:TrackPointExtension>
            <ns3:hr>135</ns3:hr>
            <ns3:cad>81</ns3:cad>
          </ns3:TrackPointExtension>
        </extensions>
      </trkpt>
      <trkpt lat="31.27459709532558917999267578125" lon="121.36862612329423427581787109375">
        <ele>2.400000095367431640625</ele>
        <time>2026-06-06T06:13:37.000Z</time>
        <extensions>
          <ns3:TrackPointExtension>
            <ns3:hr>136</ns3:hr>
            <ns3:cad>81</ns3:cad>
          </ns3:TrackPointExtension>
        </extensions>
      </trkpt>
      <trkpt lat="31.27459525130689144134521484375" lon="121.36860332451760768890380859375">
        <ele>2.2000000476837158203125</ele>
        <time>2026-06-06T06:13:38.000Z</time>
        <extensions>
          <ns3:TrackPointExtension>
            <ns3:hr>136</ns3:hr>
            <ns3:cad>82</ns3:cad>
          </ns3:TrackPointExtension>
        </extensions>
      </trkpt>
      <trkpt lat="31.2745941616594791412353515625" lon="121.3685770891606807708740234375">
        <ele>2.2000000476837158203125</ele>
        <time>2026-06-06T06:13:39.000Z</time>
        <extensions>
          <ns3:TrackPointExtension>
            <ns3:hr>136</ns3:hr>
            <ns3:cad>82</ns3:cad>
          </ns3:TrackPointExtension>
        </extensions>
      </trkpt>
      <trkpt lat="31.27459642477333545684814453125" lon="121.36855043470859527587890625">
        <ele>2.400000095367431640625</ele>
        <time>2026-06-06T06:13:40.000Z</time>
        <extensions>
          <ns3:TrackPointExtension>
            <ns3:hr>137</ns3:hr>
            <ns3:cad>82</ns3:cad>
          </ns3:TrackPointExtension>
        </extensions>
      </trkpt>
      <trkpt lat="31.27459525130689144134521484375" lon="121.36852436698973178863525390625">
        <ele>2.400000095367431640625</ele>
        <time>2026-06-06T06:13:41.000Z</time>
        <extensions>
          <ns3:TrackPointExtension>
            <ns3:hr>137</ns3:hr>
            <ns3:cad>82</ns3:cad>
          </ns3:TrackPointExtension>
        </extensions>
      </trkpt>
      <trkpt lat="31.27459173090755939483642578125" lon="121.36849704198539257049560546875">
        <ele>2.400000095367431640625</ele>
        <time>2026-06-06T06:13:42.000Z</time>
        <extensions>
          <ns3:TrackPointExtension>
            <ns3:hr>136</ns3:hr>
            <ns3:cad>82</ns3:cad>
          </ns3:TrackPointExtension>
        </extensions>
      </trkpt>
      <trkpt lat="31.274591647088527679443359375" lon="121.36847055517137050628662109375">
        <ele>2.400000095367431640625</ele>
        <time>2026-06-06T06:13:43.000Z</time>
        <extensions>
          <ns3:TrackPointExtension>
            <ns3:hr>136</ns3:hr>
            <ns3:cad>81</ns3:cad>
          </ns3:TrackPointExtension>
        </extensions>
      </trkpt>
      <trkpt lat="31.2745891325175762176513671875" lon="121.36844406835734844207763671875">
        <ele>2.2000000476837158203125</ele>
        <time>2026-06-06T06:13:44.000Z</time>
        <extensions>
          <ns3:TrackPointExtension>
            <ns3:hr>136</ns3:hr>
            <ns3:cad>81</ns3:cad>
          </ns3:TrackPointExtension>
        </extensions>
      </trkpt>
      <trkpt lat="31.2745830975472927093505859375" lon="121.3684174977242946624755859375">
        <ele>2.2000000476837158203125</ele>
        <time>2026-06-06T06:13:45.000Z</time>
        <extensions>
          <ns3:TrackPointExtension>
            <ns3:hr>136</ns3:hr>
            <ns3:cad>82</ns3:cad>
          </ns3:TrackPointExtension>
        </extensions>
      </trkpt>
      <trkpt lat="31.27457924187183380126953125" lon="121.3683874905109405517578125">
        <ele>2.2000000476837158203125</ele>
        <time>2026-06-06T06:13:46.000Z</time>
        <extensions>
          <ns3:TrackPointExtension>
            <ns3:hr>136</ns3:hr>
            <ns3:cad>82</ns3:cad>
          </ns3:TrackPointExtension>
        </extensions>
      </trkpt>
      <trkpt lat="31.274570524692535400390625" lon="121.36836536228656768798828125">
        <ele>2.2000000476837158203125</ele>
        <time>2026-06-06T06:13:47.000Z</time>
        <extensions>
          <ns3:TrackPointExtension>
            <ns3:hr>136</ns3:hr>
            <ns3:cad>82</ns3:cad>
          </ns3:TrackPointExtension>
        </extensions>
      </trkpt>
      <trkpt lat="31.27456021495163440704345703125" lon="121.368338875472545623779296875">
        <ele>2</ele>
        <time>2026-06-06T06:13:48.000Z</time>
        <extensions>
          <ns3:TrackPointExtension>
            <ns3:hr>137</ns3:hr>
            <ns3:cad>82</ns3:cad>
          </ns3:TrackPointExtension>
        </extensions>
      </trkpt>
      <trkpt lat="31.2745505757629871368408203125" lon="121.368316747248172760009765625">
        <ele>2</ele>
        <time>2026-06-06T06:13:49.000Z</time>
        <extensions>
          <ns3:TrackPointExtension>
            <ns3:hr>136</ns3:hr>
            <ns3:cad>82</ns3:cad>
          </ns3:TrackPointExtension>
        </extensions>
      </trkpt>
      <trkpt lat="31.27453858964145183563232421875" lon="121.3682937808334827423095703125">
        <ele>2</ele>
        <time>2026-06-06T06:13:50.000Z</time>
        <extensions>
          <ns3:TrackPointExtension>
            <ns3:hr>136</ns3:hr>
            <ns3:cad>82</ns3:cad>
          </ns3:TrackPointExtension>
        </extensions>
      </trkpt>
      <trkpt lat="31.2745284475386142730712890625" lon="121.3682689704000949859619140625">
        <ele>2</ele>
        <time>2026-06-06T06:13:51.000Z</time>
        <extensions>
          <ns3:TrackPointExtension>
            <ns3:hr>136</ns3:hr>
            <ns3:cad>81</ns3:cad>
          </ns3:TrackPointExtension>
        </extensions>
      </trkpt>
      <trkpt lat="31.27451864071190357208251953125" lon="121.368249356746673583984375">
        <ele>2</ele>
        <time>2026-06-06T06:13:52.000Z</time>
        <extensions>
          <ns3:TrackPointExtension>
            <ns3:hr>136</ns3:hr>
            <ns3:cad>81</ns3:cad>
          </ns3:TrackPointExtension>
        </extensions>
      </trkpt>
      <trkpt lat="31.27450489439070224761962890625" lon="121.36823016218841075897216796875">
        <ele>1.7999999523162841796875</ele>
        <time>2026-06-06T06:13:53.000Z</time>
        <extensions>
          <ns3:TrackPointExtension>
            <ns3:hr>136</ns3:hr>
            <ns3:cad>81</ns3:cad>
          </ns3:TrackPointExtension>
        </extensions>
      </trkpt>
      <trkpt lat="31.2744895555078983306884765625" lon="121.3682109676301479339599609375">
        <ele>1.7999999523162841796875</ele>
        <time>2026-06-06T06:13:54.000Z</time>
        <extensions>
          <ns3:TrackPointExtension>
            <ns3:hr>136</ns3:hr>
            <ns3:cad>81</ns3:cad>
          </ns3:TrackPointExtension>
        </extensions>
      </trkpt>
      <trkpt lat="31.27445443533360958099365234375" lon="121.36816285550594329833984375">
        <ele>1.60000002384185791015625</ele>
        <time>2026-06-06T06:13:55.000Z</time>
        <extensions>
          <ns3:TrackPointExtension>
            <ns3:hr>136</ns3:hr>
            <ns3:cad>81</ns3:cad>
          </ns3:TrackPointExtension>
        </extensions>
      </trkpt>
      <trkpt lat="31.27445443533360958099365234375" lon="121.36816285550594329833984375">
        <ele>1.60000002384185791015625</ele>
        <time>2026-06-06T06:13:56.000Z</time>
        <extensions>
          <ns3:TrackPointExtension>
            <ns3:hr>136</ns3:hr>
            <ns3:cad>81</ns3:cad>
          </ns3:TrackPointExtension>
        </extensions>
      </trkpt>
      <trkpt lat="31.27443976700305938720703125" lon="121.3681429065763950347900390625">
        <ele>1.39999997615814208984375</ele>
        <time>2026-06-06T06:13:57.000Z</time>
        <extensions>
          <ns3:TrackPointExtension>
            <ns3:hr>136</ns3:hr>
            <ns3:cad>81</ns3:cad>
          </ns3:TrackPointExtension>
        </extensions>
      </trkpt>
      <trkpt lat="31.274405904114246368408203125" lon="121.36809940449893474578857421875">
        <ele>1.2000000476837158203125</ele>
        <time>2026-06-06T06:13:58.000Z</time>
        <extensions>
          <ns3:TrackPointExtension>
            <ns3:hr>136</ns3:hr>
            <ns3:cad>81</ns3:cad>
          </ns3:TrackPointExtension>
        </extensions>
      </trkpt>
      <trkpt lat="31.274405904114246368408203125" lon="121.36809940449893474578857421875">
        <ele>1.2000000476837158203125</ele>
        <time>2026-06-06T06:13:59.000Z</time>
        <extensions>
          <ns3:TrackPointExtension>
            <ns3:hr>136</ns3:hr>
            <ns3:cad>81</ns3:cad>
          </ns3:TrackPointExtension>
        </extensions>
      </trkpt>
      <trkpt lat="31.27439106814563274383544921875" lon="121.36807995848357677459716796875">
        <ele>1</ele>
        <time>2026-06-06T06:14:00.000Z</time>
        <extensions>
          <ns3:TrackPointExtension>
            <ns3:hr>136</ns3:hr>
            <ns3:cad>81</ns3:cad>
          </ns3:TrackPointExtension>
        </extensions>
      </trkpt>
      <trkpt lat="31.2743745557963848114013671875" lon="121.36806068010628223419189453125">
        <ele>1</ele>
        <time>2026-06-06T06:14:01.000Z</time>
        <extensions>
          <ns3:TrackPointExtension>
            <ns3:hr>135</ns3:hr>
            <ns3:cad>81</ns3:cad>
          </ns3:TrackPointExtension>
        </extensions>
      </trkpt>
      <trkpt lat="31.27435653470456600189208984375" lon="121.3680413179099559783935546875">
        <ele>0.800000011920928955078125</ele>
        <time>2026-06-06T06:14:02.000Z</time>
        <extensions>
          <ns3:TrackPointExtension>
            <ns3:hr>135</ns3:hr>
            <ns3:cad>81</ns3:cad>
          </ns3:TrackPointExtension>
        </extensions>
      </trkpt>
      <trkpt lat="31.27433708868920803070068359375" lon="121.3680248893797397613525390625">
        <ele>0.800000011920928955078125</ele>
        <time>2026-06-06T06:14:03.000Z</time>
        <extensions>
          <ns3:TrackPointExtension>
            <ns3:hr>135</ns3:hr>
            <ns3:cad>81</ns3:cad>
          </ns3:TrackPointExtension>
        </extensions>
      </trkpt>
      <trkpt lat="31.27431579865515232086181640625" lon="121.3680087961256504058837890625">
        <ele>0.60000002384185791015625</ele>
        <time>2026-06-06T06:14:04.000Z</time>
        <extensions>
          <ns3:TrackPointExtension>
            <ns3:hr>134</ns3:hr>
            <ns3:cad>82</ns3:cad>
          </ns3:TrackPointExtension>
        </extensions>
      </trkpt>
      <trkpt lat="31.2742796726524829864501953125" lon="121.3679752685129642486572265625">
        <ele>0.4000000059604644775390625</ele>
        <time>2026-06-06T06:14:05.000Z</time>
        <extensions>
          <ns3:TrackPointExtension>
            <ns3:hr>134</ns3:hr>
            <ns3:cad>82</ns3:cad>
          </ns3:TrackPointExtension>
        </extensions>
      </trkpt>
      <trkpt lat="31.27425871789455413818359375" lon="121.3679608516395092010498046875">
        <ele>0.20000000298023223876953125</ele>
        <time>2026-06-06T06:14:06.000Z</time>
        <extensions>
          <ns3:TrackPointExtension>
            <ns3:hr>134</ns3:hr>
            <ns3:cad>81</ns3:cad>
          </ns3:TrackPointExtension>
        </extensions>
      </trkpt>
      <trkpt lat="31.27425871789455413818359375" lon="121.3679608516395092010498046875">
        <ele>0</ele>
        <time>2026-06-06T06:14:07.000Z</time>
        <extensions>
          <ns3:TrackPointExtension>
            <ns3:hr>134</ns3:hr>
            <ns3:cad>81</ns3:cad>
          </ns3:TrackPointExtension>
        </extensions>
      </trkpt>
      <trkpt lat="31.27424153499305248260498046875" lon="121.36794266290962696075439453125">
        <ele>-0.20000000298023223876953125</ele>
        <time>2026-06-06T06:14:08.000Z</time>
        <extensions>
          <ns3:TrackPointExtension>
            <ns3:hr>134</ns3:hr>
            <ns3:cad>81</ns3:cad>
          </ns3:TrackPointExtension>
        </extensions>
      </trkpt>
      <trkpt lat="31.274222843348979949951171875" lon="121.36792221106588840484619140625">
        <ele>-0.20000000298023223876953125</ele>
        <time>2026-06-06T06:14:09.000Z</time>
        <extensions>
          <ns3:TrackPointExtension>
            <ns3:hr>134</ns3:hr>
            <ns3:cad>81</ns3:cad>
          </ns3:TrackPointExtension>
        </extensions>
      </trkpt>
      <trkpt lat="31.27420197241008281707763671875" lon="121.36790393851697444915771484375">
        <ele>-0.20000000298023223876953125</ele>
        <time>2026-06-06T06:14:10.000Z</time>
        <extensions>
          <ns3:TrackPointExtension>
            <ns3:hr>134</ns3:hr>
            <ns3:cad>81</ns3:cad>
          </ns3:TrackPointExtension>
        </extensions>
      </trkpt>
      <trkpt lat="31.27417665906250476837158203125" lon="121.36788935400545597076416015625">
        <ele>-0.4000000059604644775390625</ele>
        <time>2026-06-06T06:14:11.000Z</time>
        <extensions>
          <ns3:TrackPointExtension>
            <ns3:hr>134</ns3:hr>
            <ns3:cad>81</ns3:cad>
          </ns3:TrackPointExtension>
        </extensions>
      </trkpt>
      <trkpt lat="31.27415536902844905853271484375" lon="121.36787393130362033843994140625">
        <ele>-0.4000000059604644775390625</ele>
        <time>2026-06-06T06:14:12.000Z</time>
        <extensions>
          <ns3:TrackPointExtension>
            <ns3:hr>134</ns3:hr>
            <ns3:cad>80</ns3:cad>
          </ns3:TrackPointExtension>
        </extensions>
      </trkpt>
      <trkpt lat="31.2741368450224399566650390625" lon="121.367856077849864959716796875">
        <ele>-0.60000002384185791015625</ele>
        <time>2026-06-06T06:14:13.000Z</time>
        <extensions>
          <ns3:TrackPointExtension>
            <ns3:hr>133</ns3:hr>
            <ns3:cad>81</ns3:cad>
          </ns3:TrackPointExtension>
        </extensions>
      </trkpt>
      <trkpt lat="31.27411496825516223907470703125" lon="121.3678388111293315887451171875">
        <ele>-0.60000002384185791015625</ele>
        <time>2026-06-06T06:14:14.000Z</time>
        <extensions>
          <ns3:TrackPointExtension>
            <ns3:hr>134</ns3:hr>
            <ns3:cad>80</ns3:cad>
          </ns3:TrackPointExtension>
        </extensions>
      </trkpt>
      <trkpt lat="31.27409183420240879058837890625" lon="121.36782347224652767181396484375">
        <ele>-0.60000002384185791015625</ele>
        <time>2026-06-06T06:14:15.000Z</time>
        <extensions>
          <ns3:TrackPointExtension>
            <ns3:hr>134</ns3:hr>
            <ns3:cad>80</ns3:cad>
          </ns3:TrackPointExtension>
        </extensions>
      </trkpt>
      <trkpt lat="31.27407138235867023468017578125" lon="121.3678005896508693695068359375">
        <ele>-0.60000002384185791015625</ele>
        <time>2026-06-06T06:14:16.000Z</time>
        <extensions>
          <ns3:TrackPointExtension>
            <ns3:hr>134</ns3:hr>
            <ns3:cad>80</ns3:cad>
          </ns3:TrackPointExtension>
        </extensions>
      </trkpt>
      <trkpt lat="31.27405210398137569427490234375" lon="121.36777888052165508270263671875">
        <ele>-0.60000002384185791015625</ele>
        <time>2026-06-06T06:14:17.000Z</time>
        <extensions>
          <ns3:TrackPointExtension>
            <ns3:hr>134</ns3:hr>
            <ns3:cad>81</ns3:cad>
          </ns3:TrackPointExtension>
        </extensions>
      </trkpt>
      <trkpt lat="31.274042464792728424072265625" lon="121.367752142250537872314453125">
        <ele>-0.60000002384185791015625</ele>
        <time>2026-06-06T06:14:18.000Z</time>
        <extensions>
          <ns3:TrackPointExtension>
            <ns3:hr>133</ns3:hr>
            <ns3:cad>81</ns3:cad>
          </ns3:TrackPointExtension>
        </extensions>
      </trkpt>
      <trkpt lat="31.27403886057436466217041015625" lon="121.3677181117236614227294921875">
        <ele>-0.800000011920928955078125</ele>
        <time>2026-06-06T06:14:19.000Z</time>
        <extensions>
          <ns3:TrackPointExtension>
            <ns3:hr>134</ns3:hr>
            <ns3:cad>81</ns3:cad>
          </ns3:TrackPointExtension>
        </extensions>
      </trkpt>
      <trkpt lat="31.2740381062030792236328125" lon="121.367686428129673004150390625">
        <ele>-0.800000011920928955078125</ele>
        <time>2026-06-06T06:14:20.000Z</time>
        <extensions>
          <ns3:TrackPointExtension>
            <ns3:hr>134</ns3:hr>
            <ns3:cad>82</ns3:cad>
          </ns3:TrackPointExtension>
        </extensions>
      </trkpt>
      <trkpt lat="31.27404657192528247833251953125" lon="121.36765767820179462432861328125">
        <ele>-0.800000011920928955078125</ele>
        <time>2026-06-06T06:14:21.000Z</time>
        <extensions>
          <ns3:TrackPointExtension>
            <ns3:hr>133</ns3:hr>
            <ns3:cad>82</ns3:cad>
          </ns3:TrackPointExtension>
        </extensions>
      </trkpt>
      <trkpt lat="31.27406618557870388031005859375" lon="121.36763521470129489898681640625">
        <ele>-1</ele>
        <time>2026-06-06T06:14:22.000Z</time>
        <extensions>
          <ns3:TrackPointExtension>
            <ns3:hr>133</ns3:hr>
            <ns3:cad>81</ns3:cad>
          </ns3:TrackPointExtension>
        </extensions>
      </trkpt>
      <trkpt lat="31.2740811891853809356689453125" lon="121.3676192052662372589111328125">
        <ele>-0.800000011920928955078125</ele>
        <time>2026-06-06T06:14:23.000Z</time>
        <extensions>
          <ns3:TrackPointExtension>
            <ns3:hr>132</ns3:hr>
            <ns3:cad>81</ns3:cad>
          </ns3:TrackPointExtension>
        </extensions>
      </trkpt>
      <trkpt lat="31.2741026468575000762939453125" lon="121.3676069676876068115234375">
        <ele>-0.800000011920928955078125</ele>
        <time>2026-06-06T06:14:24.000Z</time>
        <extensions>
          <ns3:TrackPointExtension>
            <ns3:hr>132</ns3:hr>
            <ns3:cad>81</ns3:cad>
          </ns3:TrackPointExtension>
        </extensions>
      </trkpt>
      <trkpt lat="31.27412502653896808624267578125" lon="121.36759330518543720245361328125">
        <ele>-0.800000011920928955078125</ele>
        <time>2026-06-06T06:14:25.000Z</time>
        <extensions>
          <ns3:TrackPointExtension>
            <ns3:hr>132</ns3:hr>
            <ns3:cad>80</ns3:cad>
          </ns3:TrackPointExtension>
        </extensions>
      </trkpt>
      <trkpt lat="31.2741469033062458038330078125" lon="121.367581151425838470458984375">
        <ele>-0.800000011920928955078125</ele>
        <time>2026-06-06T06:14:26.000Z</time>
        <extensions>
          <ns3:TrackPointExtension>
            <ns3:hr>131</ns3:hr>
            <ns3:cad>80</ns3:cad>
          </ns3:TrackPointExtension>
        </extensions>
      </trkpt>
      <trkpt lat="31.274169869720935821533203125" lon="121.36757469736039638519287109375">
        <ele>-0.800000011920928955078125</ele>
        <time>2026-06-06T06:14:27.000Z</time>
        <extensions>
          <ns3:TrackPointExtension>
            <ns3:hr>131</ns3:hr>
            <ns3:cad>80</ns3:cad>
          </ns3:TrackPointExtension>
        </extensions>
      </trkpt>
      <trkpt lat="31.2741948477923870086669921875" lon="121.36757184751331806182861328125">
        <ele>-0.60000002384185791015625</ele>
        <time>2026-06-06T06:14:28.000Z</time>
        <extensions>
          <ns3:TrackPointExtension>
            <ns3:hr>131</ns3:hr>
            <ns3:cad>80</ns3:cad>
          </ns3:TrackPointExtension>
        </extensions>
      </trkpt>
      <trkpt lat="31.274218820035457611083984375" lon="121.36757142841815948486328125">
        <ele>-0.60000002384185791015625</ele>
        <time>2026-06-06T06:14:29.000Z</time>
        <extensions>
          <ns3:TrackPointExtension>
            <ns3:hr>131</ns3:hr>
            <ns3:cad>81</ns3:cad>
          </ns3:TrackPointExtension>
        </extensions>
      </trkpt>
      <trkpt lat="31.274240948259830474853515625" lon="121.367573104798793792724609375">
        <ele>-0.60000002384185791015625</ele>
        <time>2026-06-06T06:14:30.000Z</time>
        <extensions>
          <ns3:TrackPointExtension>
            <ns3:hr>131</ns3:hr>
            <ns3:cad>81</ns3:cad>
          </ns3:TrackPointExtension>
        </extensions>
      </trkpt>
      <trkpt lat="31.274263076484203338623046875" lon="121.36757167987525463104248046875">
        <ele>-0.4000000059604644775390625</ele>
        <time>2026-06-06T06:14:31.000Z</time>
        <extensions>
          <ns3:TrackPointExtension>
            <ns3:hr>132</ns3:hr>
            <ns3:cad>81</ns3:cad>
          </ns3:TrackPointExtension>
        </extensions>
      </trkpt>
      <trkpt lat="31.2742870487272739410400390625" lon="121.36756899766623973846435546875">
        <ele>-0.20000000298023223876953125</ele>
        <time>2026-06-06T06:14:32.000Z</time>
        <extensions>
          <ns3:TrackPointExtension>
            <ns3:hr>132</ns3:hr>
            <ns3:cad>81</ns3:cad>
          </ns3:TrackPointExtension>
        </extensions>
      </trkpt>
      <trkpt lat="31.274313032627105712890625" lon="121.3675689138472080230712890625">
        <ele>-0.20000000298023223876953125</ele>
        <time>2026-06-06T06:14:33.000Z</time>
        <extensions>
          <ns3:TrackPointExtension>
            <ns3:hr>132</ns3:hr>
            <ns3:cad>81</ns3:cad>
          </ns3:TrackPointExtension>
        </extensions>
      </trkpt>
      <trkpt lat="31.274336166679859161376953125" lon="121.367567069828510284423828125">
        <ele>0</ele>
        <time>2026-06-06T06:14:34.000Z</time>
        <extensions>
          <ns3:TrackPointExtension>
            <ns3:hr>132</ns3:hr>
            <ns3:cad>81</ns3:cad>
          </ns3:TrackPointExtension>
        </extensions>
      </trkpt>
      <trkpt lat="31.27436055801808834075927734375" lon="121.367568410933017730712890625">
        <ele>0</ele>
        <time>2026-06-06T06:14:35.000Z</time>
        <extensions>
          <ns3:TrackPointExtension>
            <ns3:hr>132</ns3:hr>
            <ns3:cad>81</ns3:cad>
          </ns3:TrackPointExtension>
        </extensions>
      </trkpt>
      <trkpt lat="31.2743846140801906585693359375" lon="121.367572434246540069580078125">
        <ele>0.20000000298023223876953125</ele>
        <time>2026-06-06T06:14:36.000Z</time>
        <extensions>
          <ns3:TrackPointExtension>
            <ns3:hr>132</ns3:hr>
            <ns3:cad>81</ns3:cad>
          </ns3:TrackPointExtension>
        </extensions>
      </trkpt>
      <trkpt lat="31.274408586323261260986328125" lon="121.36757486499845981597900390625">
        <ele>0.20000000298023223876953125</ele>
        <time>2026-06-06T06:14:37.000Z</time>
        <extensions>
          <ns3:TrackPointExtension>
            <ns3:hr>132</ns3:hr>
            <ns3:cad>82</ns3:cad>
          </ns3:TrackPointExtension>
        </extensions>
      </trkpt>
      <trkpt lat="31.2744315527379512786865234375" lon="121.36757276952266693115234375">
        <ele>0.20000000298023223876953125</ele>
        <time>2026-06-06T06:14:38.000Z</time>
        <extensions>
          <ns3:TrackPointExtension>
            <ns3:hr>132</ns3:hr>
            <ns3:cad>82</ns3:cad>
          </ns3:TrackPointExtension>
        </extensions>
      </trkpt>
      <trkpt lat="31.2744538486003875732421875" lon="121.3675719313323497772216796875">
        <ele>0.20000000298023223876953125</ele>
        <time>2026-06-06T06:14:39.000Z</time>
        <extensions>
          <ns3:TrackPointExtension>
            <ns3:hr>132</ns3:hr>
            <ns3:cad>82</ns3:cad>
          </ns3:TrackPointExtension>
        </extensions>
      </trkpt>
      <trkpt lat="31.2744758091866970062255859375" lon="121.36757084168493747711181640625">
        <ele>0.20000000298023223876953125</ele>
        <time>2026-06-06T06:14:40.000Z</time>
        <extensions>
          <ns3:TrackPointExtension>
            <ns3:hr>132</ns3:hr>
            <ns3:cad>82</ns3:cad>
          </ns3:TrackPointExtension>
        </extensions>
      </trkpt>
      <trkpt lat="31.27449768595397472381591796875" lon="121.36756883002817630767822265625">
        <ele>0.20000000298023223876953125</ele>
        <time>2026-06-06T06:14:41.000Z</time>
        <extensions>
          <ns3:TrackPointExtension>
            <ns3:hr>132</ns3:hr>
            <ns3:cad>82</ns3:cad>
          </ns3:TrackPointExtension>
        </extensions>
      </trkpt>
      <trkpt lat="31.2745405174791812896728515625" lon="121.3675694167613983154296875">
        <ele>0.20000000298023223876953125</ele>
        <time>2026-06-06T06:14:42.000Z</time>
        <extensions>
          <ns3:TrackPointExtension>
            <ns3:hr>132</ns3:hr>
            <ns3:cad>81</ns3:cad>
          </ns3:TrackPointExtension>
        </extensions>
      </trkpt>
      <trkpt lat="31.2745405174791812896728515625" lon="121.3675694167613983154296875">
        <ele>0.20000000298023223876953125</ele>
        <time>2026-06-06T06:14:43.000Z</time>
        <extensions>
          <ns3:TrackPointExtension>
            <ns3:hr>132</ns3:hr>
            <ns3:cad>81</ns3:cad>
          </ns3:TrackPointExtension>
        </extensions>
      </trkpt>
      <trkpt lat="31.274564154446125030517578125" lon="121.3675719313323497772216796875">
        <ele>0</ele>
        <time>2026-06-06T06:14:44.000Z</time>
        <extensions>
          <ns3:TrackPointExtension>
            <ns3:hr>132</ns3:hr>
            <ns3:cad>81</ns3:cad>
          </ns3:TrackPointExtension>
        </extensions>
      </trkpt>
      <trkpt lat="31.27458401955664157867431640625" lon="121.36757352389395236968994140625">
        <ele>0</ele>
        <time>2026-06-06T06:14:45.000Z</time>
        <extensions>
          <ns3:TrackPointExtension>
            <ns3:hr>132</ns3:hr>
            <ns3:cad>81</ns3:cad>
          </ns3:TrackPointExtension>
        </extensions>
      </trkpt>
      <trkpt lat="31.2746072374284267425537109375" lon="121.36756933294236660003662109375">
        <ele>-0.20000000298023223876953125</ele>
        <time>2026-06-06T06:14:46.000Z</time>
        <extensions>
          <ns3:TrackPointExtension>
            <ns3:hr>132</ns3:hr>
            <ns3:cad>81</ns3:cad>
          </ns3:TrackPointExtension>
        </extensions>
      </trkpt>
      <trkpt lat="31.274633891880512237548828125" lon="121.3675715960562229156494140625">
        <ele>-0.20000000298023223876953125</ele>
        <time>2026-06-06T06:14:47.000Z</time>
        <extensions>
          <ns3:TrackPointExtension>
            <ns3:hr>132</ns3:hr>
            <ns3:cad>81</ns3:cad>
          </ns3:TrackPointExtension>
        </extensions>
      </trkpt>
      <trkpt lat="31.27465744502842426300048828125" lon="121.367572434246540069580078125">
        <ele>-0.4000000059604644775390625</ele>
        <time>2026-06-06T06:14:48.000Z</time>
        <extensions>
          <ns3:TrackPointExtension>
            <ns3:hr>132</ns3:hr>
            <ns3:cad>81</ns3:cad>
          </ns3:TrackPointExtension>
        </extensions>
      </trkpt>
      <trkpt lat="31.2746823392808437347412109375" lon="121.36757335625588893890380859375">
        <ele>-0.20000000298023223876953125</ele>
        <time>2026-06-06T06:14:49.000Z</time>
        <extensions>
          <ns3:TrackPointExtension>
            <ns3:hr>132</ns3:hr>
            <ns3:cad>81</ns3:cad>
          </ns3:TrackPointExtension>
        </extensions>
      </trkpt>
      <trkpt lat="31.27472542226314544677734375" lon="121.36756681837141513824462890625">
        <ele>-0.20000000298023223876953125</ele>
        <time>2026-06-06T06:14:50.000Z</time>
        <extensions>
          <ns3:TrackPointExtension>
            <ns3:hr>132</ns3:hr>
            <ns3:cad>81</ns3:cad>
          </ns3:TrackPointExtension>
        </extensions>
      </trkpt>
      <trkpt lat="31.27472542226314544677734375" lon="121.36756681837141513824462890625">
        <ele>-0.20000000298023223876953125</ele>
        <time>2026-06-06T06:14:51.000Z</time>
        <extensions>
          <ns3:TrackPointExtension>
            <ns3:hr>132</ns3:hr>
            <ns3:cad>81</ns3:cad>
          </ns3:TrackPointExtension>
        </extensions>
      </trkpt>
      <trkpt lat="31.2747507356107234954833984375" lon="121.36756581254303455352783203125">
        <ele>-0.20000000298023223876953125</ele>
        <time>2026-06-06T06:14:52.000Z</time>
        <extensions>
          <ns3:TrackPointExtension>
            <ns3:hr>132</ns3:hr>
            <ns3:cad>81</ns3:cad>
          </ns3:TrackPointExtension>
        </extensions>
      </trkpt>
      <trkpt lat="31.27477504312992095947265625" lon="121.36756363324820995330810546875">
        <ele>-0.20000000298023223876953125</ele>
        <time>2026-06-06T06:14:53.000Z</time>
        <extensions>
          <ns3:TrackPointExtension>
            <ns3:hr>133</ns3:hr>
            <ns3:cad>81</ns3:cad>
          </ns3:TrackPointExtension>
        </extensions>
      </trkpt>
      <trkpt lat="31.274799518287181854248046875" lon="121.36756078340113162994384765625">
        <ele>-0.20000000298023223876953125</ele>
        <time>2026-06-06T06:14:54.000Z</time>
        <extensions>
          <ns3:TrackPointExtension>
            <ns3:hr>132</ns3:hr>
            <ns3:cad>81</ns3:cad>
          </ns3:TrackPointExtension>
        </extensions>
      </trkpt>
      <trkpt lat="31.27484754659235477447509765625" lon="121.367555670440196990966796875">
        <ele>-0.4000000059604644775390625</ele>
        <time>2026-06-06T06:14:55.000Z</time>
        <extensions>
          <ns3:TrackPointExtension>
            <ns3:hr>133</ns3:hr>
            <ns3:cad>82</ns3:cad>
          </ns3:TrackPointExtension>
        </extensions>
      </trkpt>
      <trkpt lat="31.27484754659235477447509765625" lon="121.367555670440196990966796875">
        <ele>-0.4000000059604644775390625</ele>
        <time>2026-06-06T06:14:56.000Z</time>
        <extensions>
          <ns3:TrackPointExtension>
            <ns3:hr>133</ns3:hr>
            <ns3:cad>82</ns3:cad>
          </ns3:TrackPointExtension>
        </extensions>
      </trkpt>
      <trkpt lat="31.2748697586357593536376953125" lon="121.3675575144588947296142578125">
        <ele>-0.60000002384185791015625</ele>
        <time>2026-06-06T06:14:57.000Z</time>
        <extensions>
          <ns3:TrackPointExtension>
            <ns3:hr>133</ns3:hr>
            <ns3:cad>82</ns3:cad>
          </ns3:TrackPointExtension>
        </extensions>
      </trkpt>
      <trkpt lat="31.2748915515840053558349609375" lon="121.3675548322498798370361328125">
        <ele>-0.60000002384185791015625</ele>
        <time>2026-06-06T06:14:58.000Z</time>
        <extensions>
          <ns3:TrackPointExtension>
            <ns3:hr>132</ns3:hr>
            <ns3:cad>82</ns3:cad>
          </ns3:TrackPointExtension>
        </extensions>
      </trkpt>
      <trkpt lat="31.274913512170314788818359375" lon="121.36754804290831089019775390625">
        <ele>-0.60000002384185791015625</ele>
        <time>2026-06-06T06:14:59.000Z</time>
        <extensions>
          <ns3:TrackPointExtension>
            <ns3:hr>132</ns3:hr>
            <ns3:cad>82</ns3:cad>
          </ns3:TrackPointExtension>
        </extensions>
      </trkpt>
      <trkpt lat="31.2749374844133853912353515625" lon="121.3675444386899471282958984375">
        <ele>-0.60000002384185791015625</ele>
        <time>2026-06-06T06:15:00.000Z</time>
        <extensions>
          <ns3:TrackPointExtension>
            <ns3:hr>132</ns3:hr>
            <ns3:cad>82</ns3:cad>
          </ns3:TrackPointExtension>
        </extensions>
      </trkpt>
      <trkpt lat="31.27495802007615566253662109375" lon="121.367542929947376251220703125">
        <ele>-0.60000002384185791015625</ele>
        <time>2026-06-06T06:15:01.000Z</time>
        <extensions>
          <ns3:TrackPointExtension>
            <ns3:hr>132</ns3:hr>
            <ns3:cad>82</ns3:cad>
          </ns3:TrackPointExtension>
        </extensions>
      </trkpt>
      <trkpt lat="31.27498165704309940338134765625" lon="121.36754586361348628997802734375">
        <ele>-0.800000011920928955078125</ele>
        <time>2026-06-06T06:15:02.000Z</time>
        <extensions>
          <ns3:TrackPointExtension>
            <ns3:hr>133</ns3:hr>
            <ns3:cad>82</ns3:cad>
          </ns3:TrackPointExtension>
        </extensions>
      </trkpt>
      <trkpt lat="31.275003366172313690185546875" lon="121.367540918290615081787109375">
        <ele>-0.800000011920928955078125</ele>
        <time>2026-06-06T06:15:03.000Z</time>
        <extensions>
          <ns3:TrackPointExtension>
            <ns3:hr>133</ns3:hr>
            <ns3:cad>82</ns3:cad>
          </ns3:TrackPointExtension>
        </extensions>
      </trkpt>
      <trkpt lat="31.2750253267586231231689453125" lon="121.367536894977092742919921875">
        <ele>-0.800000011920928955078125</ele>
        <time>2026-06-06T06:15:04.000Z</time>
        <extensions>
          <ns3:TrackPointExtension>
            <ns3:hr>133</ns3:hr>
            <ns3:cad>82</ns3:cad>
          </ns3:TrackPointExtension>
        </extensions>
      </trkpt>
      <trkpt lat="31.27504904754459857940673828125" lon="121.36753362603485584259033203125">
        <ele>-0.800000011920928955078125</ele>
        <time>2026-06-06T06:15:05.000Z</time>
        <extensions>
          <ns3:TrackPointExtension>
            <ns3:hr>134</ns3:hr>
            <ns3:cad>83</ns3:cad>
          </ns3:TrackPointExtension>
        </extensions>
      </trkpt>
      <trkpt lat="31.275071091949939727783203125" lon="121.36753077618777751922607421875">
        <ele>-0.800000011920928955078125</ele>
        <time>2026-06-06T06:15:06.000Z</time>
        <extensions>
          <ns3:TrackPointExtension>
            <ns3:hr>134</ns3:hr>
            <ns3:cad>83</ns3:cad>
          </ns3:TrackPointExtension>
        </extensions>
      </trkpt>
      <trkpt lat="31.275092549622058868408203125" lon="121.36752675287425518035888671875">
        <ele>-0.60000002384185791015625</ele>
        <time>2026-06-06T06:15:07.000Z</time>
        <extensions>
          <ns3:TrackPointExtension>
            <ns3:hr>134</ns3:hr>
            <ns3:cad>83</ns3:cad>
          </ns3:TrackPointExtension>
        </extensions>
      </trkpt>
      <trkpt lat="31.275113336741924285888671875" lon="121.3675238192081451416015625">
        <ele>-0.800000011920928955078125</ele>
        <time>2026-06-06T06:15:08.000Z</time>
        <extensions>
          <ns3:TrackPointExtension>
            <ns3:hr>134</ns3:hr>
            <ns3:cad>83</ns3:cad>
          </ns3:TrackPointExtension>
        </extensions>
      </trkpt>
      <trkpt lat="31.27513605169951915740966796875" lon="121.3675196282565593719482421875">
        <ele>-0.800000011920928955078125</ele>
        <time>2026-06-06T06:15:09.000Z</time>
        <extensions>
          <ns3:TrackPointExtension>
            <ns3:hr>134</ns3:hr>
            <ns3:cad>83</ns3:cad>
          </ns3:TrackPointExtension>
        </extensions>
      </trkpt>
      <trkpt lat="31.2751592695713043212890625" lon="121.36751602403819561004638671875">
        <ele>-0.800000011920928955078125</ele>
        <time>2026-06-06T06:15:10.000Z</time>
        <extensions>
          <ns3:TrackPointExtension>
            <ns3:hr>134</ns3:hr>
            <ns3:cad>83</ns3:cad>
          </ns3:TrackPointExtension>
        </extensions>
      </trkpt>
      <trkpt lat="31.2751819007098674774169921875" lon="121.3675122521817684173583984375">
        <ele>-0.800000011920928955078125</ele>
        <time>2026-06-06T06:15:11.000Z</time>
        <extensions>
          <ns3:TrackPointExtension>
            <ns3:hr>134</ns3:hr>
            <ns3:cad>83</ns3:cad>
          </ns3:TrackPointExtension>
        </extensions>
      </trkpt>
      <trkpt lat="31.27520645968616008758544921875" lon="121.36750546284019947052001953125">
        <ele>-0.800000011920928955078125</ele>
        <time>2026-06-06T06:15:12.000Z</time>
        <extensions>
          <ns3:TrackPointExtension>
            <ns3:hr>134</ns3:hr>
            <ns3:cad>82</ns3:cad>
          </ns3:TrackPointExtension>
        </extensions>
      </trkpt>
      <trkpt lat="31.27523076720535755157470703125" lon="121.3674995116889476776123046875">
        <ele>-0.800000011920928955078125</ele>
        <time>2026-06-06T06:15:13.000Z</time>
        <extensions>
          <ns3:TrackPointExtension>
            <ns3:hr>134</ns3:hr>
            <ns3:cad>82</ns3:cad>
          </ns3:TrackPointExtension>
        </extensions>
      </trkpt>
      <trkpt lat="31.27525071613490581512451171875" lon="121.36748987250030040740966796875">
        <ele>-0.800000011920928955078125</ele>
        <time>2026-06-06T06:15:14.000Z</time>
        <extensions>
          <ns3:TrackPointExtension>
            <ns3:hr>133</ns3:hr>
            <ns3:cad>82</ns3:cad>
          </ns3:TrackPointExtension>
        </extensions>
      </trkpt>
      <trkpt lat="31.2752965651452541351318359375" lon="121.3674733601510524749755859375">
        <ele>-0.60000002384185791015625</ele>
        <time>2026-06-06T06:15:15.000Z</time>
        <extensions>
          <ns3:TrackPointExtension>
            <ns3:hr>134</ns3:hr>
            <ns3:cad>82</ns3:cad>
          </ns3:TrackPointExtension>
        </extensions>
      </trkpt>
      <trkpt lat="31.2752965651452541351318359375" lon="121.3674733601510524749755859375">
        <ele>-0.60000002384185791015625</ele>
        <time>2026-06-06T06:15:16.000Z</time>
        <extensions>
          <ns3:TrackPointExtension>
            <ns3:hr>134</ns3:hr>
            <ns3:cad>82</ns3:cad>
          </ns3:TrackPointExtension>
        </extensions>
      </trkpt>
      <trkpt lat="31.27531726844608783721923828125" lon="121.3674659840762615203857421875">
        <ele>-0.60000002384185791015625</ele>
        <time>2026-06-06T06:15:17.000Z</time>
        <extensions>
          <ns3:TrackPointExtension>
            <ns3:hr>134</ns3:hr>
            <ns3:cad>83</ns3:cad>
          </ns3:TrackPointExtension>
        </extensions>
      </trkpt>
      <trkpt lat="31.2753418274223804473876953125" lon="121.36745718307793140411376953125">
        <ele>-0.60000002384185791015625</ele>
        <time>2026-06-06T06:15:18.000Z</time>
        <extensions>
          <ns3:TrackPointExtension>
            <ns3:hr>133</ns3:hr>
            <ns3:cad>83</ns3:cad>
          </ns3:TrackPointExtension>
        </extensions>
      </trkpt>
      <trkpt lat="31.2753642909228801727294921875" lon="121.36744779534637928009033203125">
        <ele>-0.60000002384185791015625</ele>
        <time>2026-06-06T06:15:19.000Z</time>
        <extensions>
          <ns3:TrackPointExtension>
            <ns3:hr>133</ns3:hr>
            <ns3:cad>82</ns3:cad>
          </ns3:TrackPointExtension>
        </extensions>
      </trkpt>
      <trkpt lat="31.27538868226110935211181640625" lon="121.3674366474151611328125">
        <ele>-0.60000002384185791015625</ele>
        <time>2026-06-06T06:15:20.000Z</time>
        <extensions>
          <ns3:TrackPointExtension>
            <ns3:hr>132</ns3:hr>
            <ns3:cad>82</ns3:cad>
          </ns3:TrackPointExtension>
        </extensions>
      </trkpt>
      <trkpt lat="31.27541433088481426239013671875" lon="121.36742801405489444732666015625">
        <ele>-0.60000002384185791015625</ele>
        <time>2026-06-06T06:15:21.000Z</time>
        <extensions>
          <ns3:TrackPointExtension>
            <ns3:hr>132</ns3:hr>
            <ns3:cad>82</ns3:cad>
          </ns3:TrackPointExtension>
        </extensions>
      </trkpt>
      <trkpt lat="31.2754360400140285491943359375" lon="121.36741812340915203094482421875">
        <ele>-0.60000002384185791015625</ele>
        <time>2026-06-06T06:15:22.000Z</time>
        <extensions>
          <ns3:TrackPointExtension>
            <ns3:hr>132</ns3:hr>
            <ns3:cad>82</ns3:cad>
          </ns3:TrackPointExtension>
        </extensions>
      </trkpt>
      <trkpt lat="31.275457330048084259033203125" lon="121.3674099929630756378173828125">
        <ele>-0.60000002384185791015625</ele>
        <time>2026-06-06T06:15:23.000Z</time>
        <extensions>
          <ns3:TrackPointExtension>
            <ns3:hr>132</ns3:hr>
            <ns3:cad>83</ns3:cad>
          </ns3:TrackPointExtension>
        </extensions>
      </trkpt>
      <trkpt lat="31.2754796259105205535888671875" lon="121.36740052141249179840087890625">
        <ele>-0.800000011920928955078125</ele>
        <time>2026-06-06T06:15:24.000Z</time>
        <extensions>
          <ns3:TrackPointExtension>
            <ns3:hr>132</ns3:hr>
            <ns3:cad>84</ns3:cad>
          </ns3:TrackPointExtension>
        </extensions>
      </trkpt>
      <trkpt lat="31.27550183795392513275146484375" lon="121.36738928966224193572998046875">
        <ele>-0.800000011920928955078125</ele>
        <time>2026-06-06T06:15:25.000Z</time>
        <extensions>
          <ns3:TrackPointExtension>
            <ns3:hr>132</ns3:hr>
            <ns3:cad>84</ns3:cad>
          </ns3:TrackPointExtension>
        </extensions>
      </trkpt>
      <trkpt lat="31.2755267322063446044921875" lon="121.36738291941583156585693359375">
        <ele>-0.800000011920928955078125</ele>
        <time>2026-06-06T06:15:26.000Z</time>
        <extensions>
          <ns3:TrackPointExtension>
            <ns3:hr>131</ns3:hr>
            <ns3:cad>84</ns3:cad>
          </ns3:TrackPointExtension>
        </extensions>
      </trkpt>
      <trkpt lat="31.27555028535425662994384765625" lon="121.36737537570297718048095703125">
        <ele>-0.800000011920928955078125</ele>
        <time>2026-06-06T06:15:27.000Z</time>
        <extensions>
          <ns3:TrackPointExtension>
            <ns3:hr>131</ns3:hr>
            <ns3:cad>84</ns3:cad>
          </ns3:TrackPointExtension>
        </extensions>
      </trkpt>
      <trkpt lat="31.27557375468313694000244140625" lon="121.36736447922885417938232421875">
        <ele>-0.800000011920928955078125</ele>
        <time>2026-06-06T06:15:28.000Z</time>
        <extensions>
          <ns3:TrackPointExtension>
            <ns3:hr>131</ns3:hr>
            <ns3:cad>84</ns3:cad>
          </ns3:TrackPointExtension>
        </extensions>
      </trkpt>
      <trkpt lat="31.2755936197936534881591796875" lon="121.36735542677342891693115234375">
        <ele>-0.800000011920928955078125</ele>
        <time>2026-06-06T06:15:29.000Z</time>
        <extensions>
          <ns3:TrackPointExtension>
            <ns3:hr>131</ns3:hr>
            <ns3:cad>84</ns3:cad>
          </ns3:TrackPointExtension>
        </extensions>
      </trkpt>
      <trkpt lat="31.275618262588977813720703125" lon="121.367343105375766754150390625">
        <ele>-0.800000011920928955078125</ele>
        <time>2026-06-06T06:15:30.000Z</time>
        <extensions>
          <ns3:TrackPointExtension>
            <ns3:hr>131</ns3:hr>
            <ns3:cad>84</ns3:cad>
          </ns3:TrackPointExtension>
        </extensions>
      </trkpt>
      <trkpt lat="31.27564005553722381591796875" lon="121.3673325441777706146240234375">
        <ele>-0.60000002384185791015625</ele>
        <time>2026-06-06T06:15:31.000Z</time>
        <extensions>
          <ns3:TrackPointExtension>
            <ns3:hr>131</ns3:hr>
            <ns3:cad>83</ns3:cad>
          </ns3:TrackPointExtension>
        </extensions>
      </trkpt>
      <trkpt lat="31.275659836828708648681640625" lon="121.3673221506178379058837890625">
        <ele>-0.60000002384185791015625</ele>
        <time>2026-06-06T06:15:32.000Z</time>
        <extensions>
          <ns3:TrackPointExtension>
            <ns3:hr>132</ns3:hr>
            <ns3:cad>83</ns3:cad>
          </ns3:TrackPointExtension>
        </extensions>
      </trkpt>
      <trkpt lat="31.27568288706243038177490234375" lon="121.3673100806772708892822265625">
        <ele>-0.800000011920928955078125</ele>
        <time>2026-06-06T06:15:33.000Z</time>
        <extensions>
          <ns3:TrackPointExtension>
            <ns3:hr>131</ns3:hr>
            <ns3:cad>84</ns3:cad>
          </ns3:TrackPointExtension>
        </extensions>
      </trkpt>
      <trkpt lat="31.27570317126810550689697265625" lon="121.36729708872735500335693359375">
        <ele>-0.800000011920928955078125</ele>
        <time>2026-06-06T06:15:34.000Z</time>
        <extensions>
          <ns3:TrackPointExtension>
            <ns3:hr>131</ns3:hr>
            <ns3:cad>84</ns3:cad>
          </ns3:TrackPointExtension>
        </extensions>
      </trkpt>
      <trkpt lat="31.27572362311184406280517578125" lon="121.3672812469303607940673828125">
        <ele>-0.800000011920928955078125</ele>
        <time>2026-06-06T06:15:35.000Z</time>
        <extensions>
          <ns3:TrackPointExtension>
            <ns3:hr>132</ns3:hr>
            <ns3:cad>84</ns3:cad>
          </ns3:TrackPointExtension>
        </extensions>
      </trkpt>
      <trkpt lat="31.275744326412677764892578125" lon="121.3672648184001445770263671875">
        <ele>-0.800000011920928955078125</ele>
        <time>2026-06-06T06:15:36.000Z</time>
        <extensions>
          <ns3:TrackPointExtension>
            <ns3:hr>131</ns3:hr>
            <ns3:cad>83</ns3:cad>
          </ns3:TrackPointExtension>
        </extensions>
      </trkpt>
      <trkpt lat="31.2757646106183528900146484375" lon="121.36725098825991153717041015625">
        <ele>-0.800000011920928955078125</ele>
        <time>2026-06-06T06:15:37.000Z</time>
        <extensions>
          <ns3:TrackPointExtension>
            <ns3:hr>131</ns3:hr>
            <ns3:cad>83</ns3:cad>
          </ns3:TrackPointExtension>
        </extensions>
      </trkpt>
      <trkpt lat="31.2757840566337108612060546875" lon="121.36723103933036327362060546875">
        <ele>-0.800000011920928955078125</ele>
        <time>2026-06-06T06:15:38.000Z</time>
        <extensions>
          <ns3:TrackPointExtension>
            <ns3:hr>131</ns3:hr>
            <ns3:cad>83</ns3:cad>
          </ns3:TrackPointExtension>
        </extensions>
      </trkpt>
      <trkpt lat="31.27580123953521251678466796875" lon="121.3672100007534027099609375">
        <ele>-0.800000011920928955078125</ele>
        <time>2026-06-06T06:15:39.000Z</time>
        <extensions>
          <ns3:TrackPointExtension>
            <ns3:hr>130</ns3:hr>
            <ns3:cad>83</ns3:cad>
          </ns3:TrackPointExtension>
        </extensions>
      </trkpt>
      <trkpt lat="31.27582051791250705718994140625" lon="121.36718845926225185394287109375">
        <ele>-1</ele>
        <time>2026-06-06T06:15:40.000Z</time>
        <extensions>
          <ns3:TrackPointExtension>
            <ns3:hr>130</ns3:hr>
            <ns3:cad>83</ns3:cad>
          </ns3:TrackPointExtension>
        </extensions>
      </trkpt>
      <trkpt lat="31.27583920955657958984375" lon="121.36716683395206928253173828125">
        <ele>-1</ele>
        <time>2026-06-06T06:15:41.000Z</time>
        <extensions>
          <ns3:TrackPointExtension>
            <ns3:hr>130</ns3:hr>
            <ns3:cad>83</ns3:cad>
          </ns3:TrackPointExtension>
        </extensions>
      </trkpt>
      <trkpt lat="31.27585773356258869171142578125" lon="121.36715074069797992706298828125">
        <ele>-0.800000011920928955078125</ele>
        <time>2026-06-06T06:15:42.000Z</time>
        <extensions>
          <ns3:TrackPointExtension>
            <ns3:hr>130</ns3:hr>
            <ns3:cad>82</ns3:cad>
          </ns3:TrackPointExtension>
        </extensions>
      </trkpt>
      <trkpt lat="31.2758772633969783782958984375" lon="121.36713095940649509429931640625">
        <ele>-1</ele>
        <time>2026-06-06T06:15:43.000Z</time>
        <extensions>
          <ns3:TrackPointExtension>
            <ns3:hr>130</ns3:hr>
            <ns3:cad>82</ns3:cad>
          </ns3:TrackPointExtension>
        </extensions>
      </trkpt>
      <trkpt lat="31.27589159645140171051025390625" lon="121.36710941791534423828125">
        <ele>-1</ele>
        <time>2026-06-06T06:15:44.000Z</time>
        <extensions>
          <ns3:TrackPointExtension>
            <ns3:hr>130</ns3:hr>
            <ns3:cad>82</ns3:cad>
          </ns3:TrackPointExtension>
        </extensions>
      </trkpt>
      <trkpt lat="31.27590634860098361968994140625" lon="121.36708594858646392822265625">
        <ele>-1</ele>
        <time>2026-06-06T06:15:45.000Z</time>
        <extensions>
          <ns3:TrackPointExtension>
            <ns3:hr>130</ns3:hr>
            <ns3:cad>82</ns3:cad>
          </ns3:TrackPointExtension>
        </extensions>
      </trkpt>
      <trkpt lat="31.275922022759914398193359375" lon="121.36706122197210788726806640625">
        <ele>-1</ele>
        <time>2026-06-06T06:15:46.000Z</time>
        <extensions>
          <ns3:TrackPointExtension>
            <ns3:hr>130</ns3:hr>
            <ns3:cad>82</ns3:cad>
          </ns3:TrackPointExtension>
        </extensions>
      </trkpt>
      <trkpt lat="31.275939457118511199951171875" lon="121.36704160831868648529052734375">
        <ele>-1</ele>
        <time>2026-06-06T06:15:47.000Z</time>
        <extensions>
          <ns3:TrackPointExtension>
            <ns3:hr>130</ns3:hr>
            <ns3:cad>82</ns3:cad>
          </ns3:TrackPointExtension>
        </extensions>
      </trkpt>
      <trkpt lat="31.27595647238194942474365234375" lon="121.36702132411301136016845703125">
        <ele>-1</ele>
        <time>2026-06-06T06:15:48.000Z</time>
        <extensions>
          <ns3:TrackPointExtension>
            <ns3:hr>130</ns3:hr>
            <ns3:cad>82</ns3:cad>
          </ns3:TrackPointExtension>
        </extensions>
      </trkpt>
      <trkpt lat="31.27597088925540447235107421875" lon="121.36699668131768703460693359375">
        <ele>-1</ele>
        <time>2026-06-06T06:15:49.000Z</time>
        <extensions>
          <ns3:TrackPointExtension>
            <ns3:hr>130</ns3:hr>
            <ns3:cad>82</ns3:cad>
          </ns3:TrackPointExtension>
        </extensions>
      </trkpt>
      <trkpt lat="31.27598430030047893524169921875" lon="121.36697270907461643218994140625">
        <ele>-1</ele>
        <time>2026-06-06T06:15:50.000Z</time>
        <extensions>
          <ns3:TrackPointExtension>
            <ns3:hr>130</ns3:hr>
            <ns3:cad>82</ns3:cad>
          </ns3:TrackPointExtension>
        </extensions>
      </trkpt>
      <trkpt lat="31.27599067054688930511474609375" lon="121.36694404296576976776123046875">
        <ele>-1</ele>
        <time>2026-06-06T06:15:51.000Z</time>
        <extensions>
          <ns3:TrackPointExtension>
            <ns3:hr>130</ns3:hr>
            <ns3:cad>82</ns3:cad>
          </ns3:TrackPointExtension>
        </extensions>
      </trkpt>
      <trkpt lat="31.2759798578917980194091796875" lon="121.36692023836076259613037109375">
        <ele>-1</ele>
        <time>2026-06-06T06:15:52.000Z</time>
        <extensions>
          <ns3:TrackPointExtension>
            <ns3:hr>130</ns3:hr>
            <ns3:cad>82</ns3:cad>
          </ns3:TrackPointExtension>
        </extensions>
      </trkpt>
      <trkpt lat="31.275960244238376617431640625" lon="121.36692493222653865814208984375">
        <ele>-1</ele>
        <time>2026-06-06T06:15:53.000Z</time>
        <extensions>
          <ns3:TrackPointExtension>
            <ns3:hr>130</ns3:hr>
            <ns3:cad>82</ns3:cad>
          </ns3:TrackPointExtension>
        </extensions>
      </trkpt>
      <trkpt lat="31.275942809879779815673828125" lon="121.36694102548062801361083984375">
        <ele>-1</ele>
        <time>2026-06-06T06:15:54.000Z</time>
        <extensions>
          <ns3:TrackPointExtension>
            <ns3:hr>130</ns3:hr>
            <ns3:cad>82</ns3:cad>
          </ns3:TrackPointExtension>
        </extensions>
      </trkpt>
      <trkpt lat="31.27592864446341991424560546875" lon="121.366960220038890838623046875">
        <ele>-0.800000011920928955078125</ele>
        <time>2026-06-06T06:15:55.000Z</time>
        <extensions>
          <ns3:TrackPointExtension>
            <ns3:hr>130</ns3:hr>
            <ns3:cad>82</ns3:cad>
          </ns3:TrackPointExtension>
        </extensions>
      </trkpt>
      <trkpt lat="31.2759124673902988433837890625" lon="121.36697974987328052520751953125">
        <ele>-0.800000011920928955078125</ele>
        <time>2026-06-06T06:15:56.000Z</time>
        <extensions>
          <ns3:TrackPointExtension>
            <ns3:hr>130</ns3:hr>
            <ns3:cad>79</ns3:cad>
          </ns3:TrackPointExtension>
        </extensions>
      </trkpt>
      <trkpt lat="31.275893859565258026123046875" lon="121.3670007884502410888671875">
        <ele>-0.60000002384185791015625</ele>
        <time>2026-06-06T06:15:57.000Z</time>
        <extensions>
          <ns3:TrackPointExtension>
            <ns3:hr>130</ns3:hr>
            <ns3:cad>78</ns3:cad>
          </ns3:TrackPointExtension>
        </extensions>
      </trkpt>
      <trkpt lat="31.2758779339492321014404296875" lon="121.367021910846233367919921875">
        <ele>-0.4000000059604644775390625</ele>
        <time>2026-06-06T06:15:58.000Z</time>
        <extensions>
          <ns3:TrackPointExtension>
            <ns3:hr>131</ns3:hr>
            <ns3:cad>78</ns3:cad>
          </ns3:TrackPointExtension>
        </extensions>
      </trkpt>
      <trkpt lat="31.2758608348667621612548828125" lon="121.36704395525157451629638671875">
        <ele>-0.4000000059604644775390625</ele>
        <time>2026-06-06T06:15:59.000Z</time>
        <extensions>
          <ns3:TrackPointExtension>
            <ns3:hr>131</ns3:hr>
            <ns3:cad>80</ns3:cad>
          </ns3:TrackPointExtension>
        </extensions>
      </trkpt>
      <trkpt lat="31.275842227041721343994140625" lon="121.36706071905791759490966796875">
        <ele>-0.4000000059604644775390625</ele>
        <time>2026-06-06T06:16:00.000Z</time>
        <extensions>
          <ns3:TrackPointExtension>
            <ns3:hr>132</ns3:hr>
            <ns3:cad>80</ns3:cad>
          </ns3:TrackPointExtension>
        </extensions>
      </trkpt>
      <trkpt lat="31.275822781026363372802734375" lon="121.3670740462839603424072265625">
        <ele>-0.4000000059604644775390625</ele>
        <time>2026-06-06T06:16:01.000Z</time>
        <extensions>
          <ns3:TrackPointExtension>
            <ns3:hr>132</ns3:hr>
            <ns3:cad>81</ns3:cad>
          </ns3:TrackPointExtension>
        </extensions>
      </trkpt>
      <trkpt lat="31.275797970592975616455078125" lon="121.36708720587193965911865234375">
        <ele>-0.60000002384185791015625</ele>
        <time>2026-06-06T06:16:02.000Z</time>
        <extensions>
          <ns3:TrackPointExtension>
            <ns3:hr>132</ns3:hr>
            <ns3:cad>81</ns3:cad>
          </ns3:TrackPointExtension>
        </extensions>
      </trkpt>
      <trkpt lat="31.275777183473110198974609375" lon="121.36710070073604583740234375">
        <ele>-0.4000000059604644775390625</ele>
        <time>2026-06-06T06:16:03.000Z</time>
        <extensions>
          <ns3:TrackPointExtension>
            <ns3:hr>132</ns3:hr>
            <ns3:cad>82</ns3:cad>
          </ns3:TrackPointExtension>
        </extensions>
      </trkpt>
      <trkpt lat="31.27575279213488101959228515625" lon="121.36711335740983486175537109375">
        <ele>-0.4000000059604644775390625</ele>
        <time>2026-06-06T06:16:04.000Z</time>
        <extensions>
          <ns3:TrackPointExtension>
            <ns3:hr>132</ns3:hr>
            <ns3:cad>83</ns3:cad>
          </ns3:TrackPointExtension>
        </extensions>
      </trkpt>
      <trkpt lat="31.2757265567779541015625" lon="121.3671263493597507476806640625">
        <ele>-0.20000000298023223876953125</ele>
        <time>2026-06-06T06:16:05.000Z</time>
        <extensions>
          <ns3:TrackPointExtension>
            <ns3:hr>132</ns3:hr>
            <ns3:cad>83</ns3:cad>
          </ns3:TrackPointExtension>
        </extensions>
      </trkpt>
      <trkpt lat="31.275702752172946929931640625" lon="121.3671337254345417022705078125">
        <ele>-0.20000000298023223876953125</ele>
        <time>2026-06-06T06:16:06.000Z</time>
        <extensions>
          <ns3:TrackPointExtension>
            <ns3:hr>132</ns3:hr>
            <ns3:cad>82</ns3:cad>
          </ns3:TrackPointExtension>
        </extensions>
      </trkpt>
      <trkpt lat="31.27568028867244720458984375" lon="121.36713917367160320281982421875">
        <ele>-0.20000000298023223876953125</ele>
        <time>2026-06-06T06:16:07.000Z</time>
        <extensions>
          <ns3:TrackPointExtension>
            <ns3:hr>132</ns3:hr>
            <ns3:cad>82</ns3:cad>
          </ns3:TrackPointExtension>
        </extensions>
      </trkpt>
      <trkpt lat="31.27565472386777400970458984375" lon="121.3671444542706012725830078125">
        <ele>-0.20000000298023223876953125</ele>
        <time>2026-06-06T06:16:08.000Z</time>
        <extensions>
          <ns3:TrackPointExtension>
            <ns3:hr>132</ns3:hr>
            <ns3:cad>82</ns3:cad>
          </ns3:TrackPointExtension>
        </extensions>
      </trkpt>
      <trkpt lat="31.27562941052019596099853515625" lon="121.3671427778899669647216796875">
        <ele>-0.20000000298023223876953125</ele>
        <time>2026-06-06T06:16:09.000Z</time>
        <extensions>
          <ns3:TrackPointExtension>
            <ns3:hr>132</ns3:hr>
            <ns3:cad>82</ns3:cad>
          </ns3:TrackPointExtension>
        </extensions>
      </trkpt>
      <trkpt lat="31.27560627646744251251220703125" lon="121.36714302934706211090087890625">
        <ele>-0.4000000059604644775390625</ele>
        <time>2026-06-06T06:16:10.000Z</time>
        <extensions>
          <ns3:TrackPointExtension>
            <ns3:hr>132</ns3:hr>
            <ns3:cad>81</ns3:cad>
          </ns3:TrackPointExtension>
        </extensions>
      </trkpt>
      <trkpt lat="31.2755781970918178558349609375" lon="121.36713850311934947967529296875">
        <ele>-0.4000000059604644775390625</ele>
        <time>2026-06-06T06:16:11.000Z</time>
        <extensions>
          <ns3:TrackPointExtension>
            <ns3:hr>132</ns3:hr>
            <ns3:cad>81</ns3:cad>
          </ns3:TrackPointExtension>
        </extensions>
      </trkpt>
      <trkpt lat="31.275551877915859222412109375" lon="121.3671367429196834564208984375">
        <ele>-0.4000000059604644775390625</ele>
        <time>2026-06-06T06:16:12.000Z</time>
        <extensions>
          <ns3:TrackPointExtension>
            <ns3:hr>132</ns3:hr>
            <ns3:cad>81</ns3:cad>
          </ns3:TrackPointExtension>
        </extensions>
      </trkpt>
      <trkpt lat="31.27552497200667858123779296875" lon="121.36712978594005107879638671875">
        <ele>-0.20000000298023223876953125</ele>
        <time>2026-06-06T06:16:13.000Z</time>
        <extensions>
          <ns3:TrackPointExtension>
            <ns3:hr>132</ns3:hr>
            <ns3:cad>81</ns3:cad>
          </ns3:TrackPointExtension>
        </extensions>
      </trkpt>
      <trkpt lat="31.2754987366497516632080078125" lon="121.3671233318746089935302734375">
        <ele>-0.20000000298023223876953125</ele>
        <time>2026-06-06T06:16:14.000Z</time>
        <extensions>
          <ns3:TrackPointExtension>
            <ns3:hr>132</ns3:hr>
            <ns3:cad>81</ns3:cad>
          </ns3:TrackPointExtension>
        </extensions>
      </trkpt>
      <trkpt lat="31.27547434531152248382568359375" lon="121.367115117609500885009765625">
        <ele>0</ele>
        <time>2026-06-06T06:16:15.000Z</time>
        <extensions>
          <ns3:TrackPointExtension>
            <ns3:hr>132</ns3:hr>
            <ns3:cad>82</ns3:cad>
          </ns3:TrackPointExtension>
        </extensions>
      </trkpt>
      <trkpt lat="31.2754489481449127197265625" lon="121.36710229329764842987060546875">
        <ele>0</ele>
        <time>2026-06-06T06:16:16.000Z</time>
        <extensions>
          <ns3:TrackPointExtension>
            <ns3:hr>133</ns3:hr>
            <ns3:cad>82</ns3:cad>
          </ns3:TrackPointExtension>
        </extensions>
      </trkpt>
      <trkpt lat="31.27542774192988872528076171875" lon="121.36708703823387622833251953125">
        <ele>0</ele>
        <time>2026-06-06T06:16:17.000Z</time>
        <extensions>
          <ns3:TrackPointExtension>
            <ns3:hr>133</ns3:hr>
            <ns3:cad>83</ns3:cad>
          </ns3:TrackPointExtension>
        </extensions>
      </trkpt>
      <trkpt lat="31.2754058651626110076904296875" lon="121.3670750521123409271240234375">
        <ele>0.20000000298023223876953125</ele>
        <time>2026-06-06T06:16:18.000Z</time>
        <extensions>
          <ns3:TrackPointExtension>
            <ns3:hr>134</ns3:hr>
            <ns3:cad>83</ns3:cad>
          </ns3:TrackPointExtension>
        </extensions>
      </trkpt>
      <trkpt lat="31.27538524568080902099609375" lon="121.367054097354412078857421875">
        <ele>0.20000000298023223876953125</ele>
        <time>2026-06-06T06:16:19.000Z</time>
        <extensions>
          <ns3:TrackPointExtension>
            <ns3:hr>134</ns3:hr>
            <ns3:cad>83</ns3:cad>
          </ns3:TrackPointExtension>
        </extensions>
      </trkpt>
      <trkpt lat="31.27536621876060962677001953125" lon="121.36703498661518096923828125">
        <ele>0.4000000059604644775390625</ele>
        <time>2026-06-06T06:16:20.000Z</time>
        <extensions>
          <ns3:TrackPointExtension>
            <ns3:hr>134</ns3:hr>
            <ns3:cad>83</ns3:cad>
          </ns3:TrackPointExtension>
        </extensions>
      </trkpt>
      <trkpt lat="31.275344006717205047607421875" lon="121.3670150376856327056884765625">
        <ele>0.60000002384185791015625</ele>
        <time>2026-06-06T06:16:21.000Z</time>
        <extensions>
          <ns3:TrackPointExtension>
            <ns3:hr>134</ns3:hr>
            <ns3:cad>83</ns3:cad>
          </ns3:TrackPointExtension>
        </extensions>
      </trkpt>
      <trkpt lat="31.27532682381570339202880859375" lon="121.36699165217578411102294921875">
        <ele>0.60000002384185791015625</ele>
        <time>2026-06-06T06:16:22.000Z</time>
        <extensions>
          <ns3:TrackPointExtension>
            <ns3:hr>134</ns3:hr>
            <ns3:cad>83</ns3:cad>
          </ns3:TrackPointExtension>
        </extensions>
      </trkpt>
      <trkpt lat="31.27531223930418491363525390625" lon="121.36696902103722095489501953125">
        <ele>0.60000002384185791015625</ele>
        <time>2026-06-06T06:16:23.000Z</time>
        <extensions>
          <ns3:TrackPointExtension>
            <ns3:hr>134</ns3:hr>
            <ns3:cad>83</ns3:cad>
          </ns3:TrackPointExtension>
        </extensions>
      </trkpt>
      <trkpt lat="31.275299079716205596923828125" lon="121.3669473119080066680908203125">
        <ele>0.60000002384185791015625</ele>
        <time>2026-06-06T06:16:24.000Z</time>
        <extensions>
          <ns3:TrackPointExtension>
            <ns3:hr>135</ns3:hr>
            <ns3:cad>82</ns3:cad>
          </ns3:TrackPointExtension>
        </extensions>
      </trkpt>
      <trkpt lat="31.27528524957597255706787109375" lon="121.36692577041685581207275390625">
        <ele>0.60000002384185791015625</ele>
        <time>2026-06-06T06:16:25.000Z</time>
        <extensions>
          <ns3:TrackPointExtension>
            <ns3:hr>135</ns3:hr>
            <ns3:cad>82</ns3:cad>
          </ns3:TrackPointExtension>
        </extensions>
      </trkpt>
      <trkpt lat="31.27526982687413692474365234375" lon="121.3669000379741191864013671875">
        <ele>0.60000002384185791015625</ele>
        <time>2026-06-06T06:16:26.000Z</time>
        <extensions>
          <ns3:TrackPointExtension>
            <ns3:hr>135</ns3:hr>
            <ns3:cad>81</ns3:cad>
          </ns3:TrackPointExtension>
        </extensions>
      </trkpt>
      <trkpt lat="31.2752553261816501617431640625" lon="121.3668775744736194610595703125">
        <ele>0.60000002384185791015625</ele>
        <time>2026-06-06T06:16:27.000Z</time>
        <extensions>
          <ns3:TrackPointExtension>
            <ns3:hr>135</ns3:hr>
            <ns3:cad>81</ns3:cad>
          </ns3:TrackPointExtension>
        </extensions>
      </trkpt>
      <trkpt lat="31.27523646689951419830322265625" lon="121.36685502715408802032470703125">
        <ele>0.60000002384185791015625</ele>
        <time>2026-06-06T06:16:28.000Z</time>
        <extensions>
          <ns3:TrackPointExtension>
            <ns3:hr>135</ns3:hr>
            <ns3:cad>81</ns3:cad>
          </ns3:TrackPointExtension>
        </extensions>
      </trkpt>
      <trkpt lat="31.27521685324609279632568359375" lon="121.36683440767228603363037109375">
        <ele>0.60000002384185791015625</ele>
        <time>2026-06-06T06:16:29.000Z</time>
        <extensions>
          <ns3:TrackPointExtension>
            <ns3:hr>136</ns3:hr>
            <ns3:cad>81</ns3:cad>
          </ns3:TrackPointExtension>
        </extensions>
      </trkpt>
      <trkpt lat="31.2751941382884979248046875" lon="121.36681965552270412445068359375">
        <ele>0.4000000059604644775390625</ele>
        <time>2026-06-06T06:16:30.000Z</time>
        <extensions>
          <ns3:TrackPointExtension>
            <ns3:hr>136</ns3:hr>
            <ns3:cad>81</ns3:cad>
          </ns3:TrackPointExtension>
        </extensions>
      </trkpt>
      <trkpt lat="31.27517242915928363800048828125" lon="121.36681915260851383209228515625">
        <ele>0.20000000298023223876953125</ele>
        <time>2026-06-06T06:16:31.000Z</time>
        <extensions>
          <ns3:TrackPointExtension>
            <ns3:hr>136</ns3:hr>
            <ns3:cad>81</ns3:cad>
          </ns3:TrackPointExtension>
        </extensions>
      </trkpt>
      <trkpt lat="31.2751565873622894287109375" lon="121.36683038435876369476318359375">
        <ele>0</ele>
        <time>2026-06-06T06:16:32.000Z</time>
        <extensions>
          <ns3:TrackPointExtension>
            <ns3:hr>136</ns3:hr>
            <ns3:cad>81</ns3:cad>
          </ns3:TrackPointExtension>
        </extensions>
      </trkpt>
      <trkpt lat="31.27514921128749847412109375" lon="121.36686122976243495941162109375">
        <ele>0</ele>
        <time>2026-06-06T06:16:33.000Z</time>
        <extensions>
          <ns3:TrackPointExtension>
            <ns3:hr>136</ns3:hr>
            <ns3:cad>81</ns3:cad>
          </ns3:TrackPointExtension>
        </extensions>
      </trkpt>
      <trkpt lat="31.27514787018299102783203125" lon="121.36689006350934505462646484375">
        <ele>0</ele>
        <time>2026-06-06T06:16:34.000Z</time>
        <extensions>
          <ns3:TrackPointExtension>
            <ns3:hr>137</ns3:hr>
            <ns3:cad>81</ns3:cad>
          </ns3:TrackPointExtension>
        </extensions>
      </trkpt>
      <trkpt lat="31.2751470319926738739013671875" lon="121.3669181428849697113037109375">
        <ele>0</ele>
        <time>2026-06-06T06:16:35.000Z</time>
        <extensions>
          <ns3:TrackPointExtension>
            <ns3:hr>136</ns3:hr>
            <ns3:cad>80</ns3:cad>
          </ns3:TrackPointExtension>
        </extensions>
      </trkpt>
      <trkpt lat="31.27514895983040332794189453125" lon="121.366950832307338714599609375">
        <ele>0.20000000298023223876953125</ele>
        <time>2026-06-06T06:16:36.000Z</time>
        <extensions>
          <ns3:TrackPointExtension>
            <ns3:hr>136</ns3:hr>
            <ns3:cad>79</ns3:cad>
          </ns3:TrackPointExtension>
        </extensions>
      </trkpt>
      <trkpt lat="31.2751517258584499359130859375" lon="121.3669820129871368408203125">
        <ele>0.4000000059604644775390625</ele>
        <time>2026-06-06T06:16:37.000Z</time>
        <extensions>
          <ns3:TrackPointExtension>
            <ns3:hr>136</ns3:hr>
            <ns3:cad>79</ns3:cad>
          </ns3:TrackPointExtension>
        </extensions>
      </trkpt>
      <trkpt lat="31.27515214495360851287841796875" lon="121.3670115172863006591796875">
        <ele>0.4000000059604644775390625</ele>
        <time>2026-06-06T06:16:38.000Z</time>
        <extensions>
          <ns3:TrackPointExtension>
            <ns3:hr>136</ns3:hr>
            <ns3:cad>79</ns3:cad>
          </ns3:TrackPointExtension>
        </extensions>
      </trkpt>
      <trkpt lat="31.275149881839752197265625" lon="121.3670415244996547698974609375">
        <ele>0.60000002384185791015625</ele>
        <time>2026-06-06T06:16:39.000Z</time>
        <extensions>
          <ns3:TrackPointExtension>
            <ns3:hr>136</ns3:hr>
            <ns3:cad>80</ns3:cad>
          </ns3:TrackPointExtension>
        </extensions>
      </trkpt>
      <trkpt lat="31.27514921128749847412109375" lon="121.3670737110078334808349609375">
        <ele>0.60000002384185791015625</ele>
        <time>2026-06-06T06:16:40.000Z</time>
        <extensions>
          <ns3:TrackPointExtension>
            <ns3:hr>136</ns3:hr>
            <ns3:cad>80</ns3:cad>
          </ns3:TrackPointExtension>
        </extensions>
      </trkpt>
      <trkpt lat="31.2751433439552783966064453125" lon="121.36710346676409244537353515625">
        <ele>0.4000000059604644775390625</ele>
        <time>2026-06-06T06:16:41.000Z</time>
        <extensions>
          <ns3:TrackPointExtension>
            <ns3:hr>137</ns3:hr>
            <ns3:cad>81</ns3:cad>
          </ns3:TrackPointExtension>
        </extensions>
      </trkpt>
      <trkpt lat="31.2751383148133754730224609375" lon="121.3671293668448925018310546875">
        <ele>0.4000000059604644775390625</ele>
        <time>2026-06-06T06:16:42.000Z</time>
        <extensions>
          <ns3:TrackPointExtension>
            <ns3:hr>137</ns3:hr>
            <ns3:cad>82</ns3:cad>
          </ns3:TrackPointExtension>
        </extensions>
      </trkpt>
      <trkpt lat="31.275133788585662841796875" lon="121.3671571947634220123291015625">
        <ele>0.4000000059604644775390625</ele>
        <time>2026-06-06T06:16:43.000Z</time>
        <extensions>
          <ns3:TrackPointExtension>
            <ns3:hr>138</ns3:hr>
            <ns3:cad>82</ns3:cad>
          </ns3:TrackPointExtension>
        </extensions>
      </trkpt>
      <trkpt lat="31.27512264065444469451904296875" lon="121.36718560941517353057861328125">
        <ele>0.60000002384185791015625</ele>
        <time>2026-06-06T06:16:44.000Z</time>
        <extensions>
          <ns3:TrackPointExtension>
            <ns3:hr>138</ns3:hr>
            <ns3:cad>83</ns3:cad>
          </ns3:TrackPointExtension>
        </extensions>
      </trkpt>
      <trkpt lat="31.2751131691038608551025390625" lon="121.36721134185791015625">
        <ele>0.60000002384185791015625</ele>
        <time>2026-06-06T06:16:45.000Z</time>
        <extensions>
          <ns3:TrackPointExtension>
            <ns3:hr>138</ns3:hr>
            <ns3:cad>83</ns3:cad>
          </ns3:TrackPointExtension>
        </extensions>
      </trkpt>
      <trkpt lat="31.27509959042072296142578125" lon="121.367234475910663604736328125">
        <ele>0.60000002384185791015625</ele>
        <time>2026-06-06T06:16:46.000Z</time>
        <extensions>
          <ns3:TrackPointExtension>
            <ns3:hr>138</ns3:hr>
            <ns3:cad>83</ns3:cad>
          </ns3:TrackPointExtension>
        </extensions>
      </trkpt>
      <trkpt lat="31.2750863470137119293212890625" lon="121.36725895106792449951171875">
        <ele>0.800000011920928955078125</ele>
        <time>2026-06-06T06:16:47.000Z</time>
        <extensions>
          <ns3:TrackPointExtension>
            <ns3:hr>138</ns3:hr>
            <ns3:cad>83</ns3:cad>
          </ns3:TrackPointExtension>
        </extensions>
      </trkpt>
      <trkpt lat="31.27507419325411319732666015625" lon="121.36728317476809024810791015625">
        <ele>0.60000002384185791015625</ele>
        <time>2026-06-06T06:16:48.000Z</time>
        <extensions>
          <ns3:TrackPointExtension>
            <ns3:hr>138</ns3:hr>
            <ns3:cad>83</ns3:cad>
          </ns3:TrackPointExtension>
        </extensions>
      </trkpt>
      <trkpt lat="31.27505290322005748748779296875" lon="121.3673070631921291351318359375">
        <ele>0.60000002384185791015625</ele>
        <time>2026-06-06T06:16:49.000Z</time>
        <extensions>
          <ns3:TrackPointExtension>
            <ns3:hr>139</ns3:hr>
            <ns3:cad>84</ns3:cad>
          </ns3:TrackPointExtension>
        </extensions>
      </trkpt>
      <trkpt lat="31.27503882162272930145263671875" lon="121.36732877232134342193603515625">
        <ele>0.60000002384185791015625</ele>
        <time>2026-06-06T06:16:50.000Z</time>
        <extensions>
          <ns3:TrackPointExtension>
            <ns3:hr>139</ns3:hr>
            <ns3:cad>83</ns3:cad>
          </ns3:TrackPointExtension>
        </extensions>
      </trkpt>
      <trkpt lat="31.2750224769115447998046875" lon="121.36735056526958942413330078125">
        <ele>0.60000002384185791015625</ele>
        <time>2026-06-06T06:16:51.000Z</time>
        <extensions>
          <ns3:TrackPointExtension>
            <ns3:hr>140</ns3:hr>
            <ns3:cad>83</ns3:cad>
          </ns3:TrackPointExtension>
        </extensions>
      </trkpt>
      <trkpt lat="31.27500344999134540557861328125" lon="121.367369927465915679931640625">
        <ele>0.60000002384185791015625</ele>
        <time>2026-06-06T06:16:52.000Z</time>
        <extensions>
          <ns3:TrackPointExtension>
            <ns3:hr>140</ns3:hr>
            <ns3:cad>83</ns3:cad>
          </ns3:TrackPointExtension>
        </extensions>
      </trkpt>
      <trkpt lat="31.27498433925211429595947265625" lon="121.3673878647387027740478515625">
        <ele>0.60000002384185791015625</ele>
        <time>2026-06-06T06:16:53.000Z</time>
        <extensions>
          <ns3:TrackPointExtension>
            <ns3:hr>140</ns3:hr>
            <ns3:cad>82</ns3:cad>
          </ns3:TrackPointExtension>
        </extensions>
      </trkpt>
      <trkpt lat="31.2749619595706462860107421875" lon="121.3674029521644115447998046875">
        <ele>0.4000000059604644775390625</ele>
        <time>2026-06-06T06:16:54.000Z</time>
        <extensions>
          <ns3:TrackPointExtension>
            <ns3:hr>140</ns3:hr>
            <ns3:cad>82</ns3:cad>
          </ns3:TrackPointExtension>
        </extensions>
      </trkpt>
      <trkpt lat="31.27493890933692455291748046875" lon="121.36741728521883487701416015625">
        <ele>0.4000000059604644775390625</ele>
        <time>2026-06-06T06:16:55.000Z</time>
        <extensions>
          <ns3:TrackPointExtension>
            <ns3:hr>140</ns3:hr>
            <ns3:cad>82</ns3:cad>
          </ns3:TrackPointExtension>
        </extensions>
      </trkpt>
      <trkpt lat="31.27491728402674198150634765625" lon="121.36743505485355854034423828125">
        <ele>0.4000000059604644775390625</ele>
        <time>2026-06-06T06:16:56.000Z</time>
        <extensions>
          <ns3:TrackPointExtension>
            <ns3:hr>140</ns3:hr>
            <ns3:cad>82</ns3:cad>
          </ns3:TrackPointExtension>
        </extensions>
      </trkpt>
      <trkpt lat="31.27489532344043254852294921875" lon="121.36744913645088672637939453125">
        <ele>0.4000000059604644775390625</ele>
        <time>2026-06-06T06:16:57.000Z</time>
        <extensions>
          <ns3:TrackPointExtension>
            <ns3:hr>140</ns3:hr>
            <ns3:cad>82</ns3:cad>
          </ns3:TrackPointExtension>
        </extensions>
      </trkpt>
      <trkpt lat="31.27487319521605968475341796875" lon="121.3674599491059780120849609375">
        <ele>0.4000000059604644775390625</ele>
        <time>2026-06-06T06:16:58.000Z</time>
        <extensions>
          <ns3:TrackPointExtension>
            <ns3:hr>140</ns3:hr>
            <ns3:cad>82</ns3:cad>
          </ns3:TrackPointExtension>
        </extensions>
      </trkpt>
      <trkpt lat="31.2748509831726551055908203125" lon="121.3674760423600673675537109375">
        <ele>0.60000002384185791015625</ele>
        <time>2026-06-06T06:16:59.000Z</time>
        <extensions>
          <ns3:TrackPointExtension>
            <ns3:hr>140</ns3:hr>
            <ns3:cad>82</ns3:cad>
          </ns3:TrackPointExtension>
        </extensions>
      </trkpt>
      <trkpt lat="31.2748293578624725341796875" lon="121.3674891181290149688720703125">
        <ele>0.60000002384185791015625</ele>
        <time>2026-06-06T06:17:00.000Z</time>
        <extensions>
          <ns3:TrackPointExtension>
            <ns3:hr>141</ns3:hr>
            <ns3:cad>82</ns3:cad>
          </ns3:TrackPointExtension>
        </extensions>
      </trkpt>
      <trkpt lat="31.27480681054294109344482421875" lon="121.3674985058605670928955078125">
        <ele>0.4000000059604644775390625</ele>
        <time>2026-06-06T06:17:01.000Z</time>
        <extensions>
          <ns3:TrackPointExtension>
            <ns3:hr>141</ns3:hr>
            <ns3:cad>82</ns3:cad>
          </ns3:TrackPointExtension>
        </extensions>
      </trkpt>
      <trkpt lat="31.27478183247148990631103515625" lon="121.36750915087759494781494140625">
        <ele>0.4000000059604644775390625</ele>
        <time>2026-06-06T06:17:02.000Z</time>
        <extensions>
          <ns3:TrackPointExtension>
            <ns3:hr>141</ns3:hr>
            <ns3:cad>82</ns3:cad>
          </ns3:TrackPointExtension>
        </extensions>
      </trkpt>
      <trkpt lat="31.27475853078067302703857421875" lon="121.36751954443752765655517578125">
        <ele>0.20000000298023223876953125</ele>
        <time>2026-06-06T06:17:03.000Z</time>
        <extensions>
          <ns3:TrackPointExtension>
            <ns3:hr>141</ns3:hr>
            <ns3:cad>82</ns3:cad>
          </ns3:TrackPointExtension>
        </extensions>
      </trkpt>
      <trkpt lat="31.27473472617566585540771484375" lon="121.36752876453101634979248046875">
        <ele>0.20000000298023223876953125</ele>
        <time>2026-06-06T06:17:04.000Z</time>
        <extensions>
          <ns3:TrackPointExtension>
            <ns3:hr>141</ns3:hr>
            <ns3:cad>82</ns3:cad>
          </ns3:TrackPointExtension>
        </extensions>
      </trkpt>
      <trkpt lat="31.2747098319232463836669921875" lon="121.36753857135772705078125">
        <ele>0.20000000298023223876953125</ele>
        <time>2026-06-06T06:17:05.000Z</time>
        <extensions>
          <ns3:TrackPointExtension>
            <ns3:hr>140</ns3:hr>
            <ns3:cad>82</ns3:cad>
          </ns3:TrackPointExtension>
        </extensions>
      </trkpt>
      <trkpt lat="31.2746897153556346893310546875" lon="121.3675528205931186676025390625">
        <ele>0.20000000298023223876953125</ele>
        <time>2026-06-06T06:17:06.000Z</time>
        <extensions>
          <ns3:TrackPointExtension>
            <ns3:hr>140</ns3:hr>
            <ns3:cad>82</ns3:cad>
          </ns3:TrackPointExtension>
        </extensions>
      </trkpt>
      <trkpt lat="31.274672783911228179931640625" lon="121.3675736077129840850830078125">
        <ele>0.20000000298023223876953125</ele>
        <time>2026-06-06T06:17:07.000Z</time>
        <extensions>
          <ns3:TrackPointExtension>
            <ns3:hr>140</ns3:hr>
            <ns3:cad>82</ns3:cad>
          </ns3:TrackPointExtension>
        </extensions>
      </trkpt>
      <trkpt lat="31.27466498874127864837646484375" lon="121.36759917251765727996826171875">
        <ele>0.4000000059604644775390625</ele>
        <time>2026-06-06T06:17:08.000Z</time>
        <extensions>
          <ns3:TrackPointExtension>
            <ns3:hr>140</ns3:hr>
            <ns3:cad>81</ns3:cad>
          </ns3:TrackPointExtension>
        </extensions>
      </trkpt>
      <trkpt lat="31.274662725627422332763671875" lon="121.36762549169361591339111328125">
        <ele>0.4000000059604644775390625</ele>
        <time>2026-06-06T06:17:09.000Z</time>
        <extensions>
          <ns3:TrackPointExtension>
            <ns3:hr>140</ns3:hr>
            <ns3:cad>81</ns3:cad>
          </ns3:TrackPointExtension>
        </extensions>
      </trkpt>
      <trkpt lat="31.27465979196131229400634765625" lon="121.367652229964733123779296875">
        <ele>0.20000000298023223876953125</ele>
        <time>2026-06-06T06:17:10.000Z</time>
        <extensions>
          <ns3:TrackPointExtension>
            <ns3:hr>140</ns3:hr>
            <ns3:cad>81</ns3:cad>
          </ns3:TrackPointExtension>
        </extensions>
      </trkpt>
      <trkpt lat="31.27465727739036083221435546875" lon="121.36768014170229434967041015625">
        <ele>0.20000000298023223876953125</ele>
        <time>2026-06-06T06:17:11.000Z</time>
        <extensions>
          <ns3:TrackPointExtension>
            <ns3:hr>140</ns3:hr>
            <ns3:cad>81</ns3:cad>
          </ns3:TrackPointExtension>
        </extensions>
      </trkpt>
      <trkpt lat="31.27465627156198024749755859375" lon="121.36770864017307758331298828125">
        <ele>0.20000000298023223876953125</ele>
        <time>2026-06-06T06:17:12.000Z</time>
        <extensions>
          <ns3:TrackPointExtension>
            <ns3:hr>140</ns3:hr>
            <ns3:cad>81</ns3:cad>
          </ns3:TrackPointExtension>
        </extensions>
      </trkpt>
      <trkpt lat="31.27465157769620418548583984375" lon="121.367732025682926177978515625">
        <ele>0</ele>
        <time>2026-06-06T06:17:13.000Z</time>
        <extensions>
          <ns3:TrackPointExtension>
            <ns3:hr>140</ns3:hr>
            <ns3:cad>81</ns3:cad>
          </ns3:TrackPointExtension>
        </extensions>
      </trkpt>
      <trkpt lat="31.274649314582347869873046875" lon="121.3677625358104705810546875">
        <ele>0</ele>
        <time>2026-06-06T06:17:14.000Z</time>
        <extensions>
          <ns3:TrackPointExtension>
            <ns3:hr>140</ns3:hr>
            <ns3:cad>80</ns3:cad>
          </ns3:TrackPointExtension>
        </extensions>
      </trkpt>
      <trkpt lat="31.2746471352875232696533203125" lon="121.36778927408158779144287109375">
        <ele>0</ele>
        <time>2026-06-06T06:17:15.000Z</time>
        <extensions>
          <ns3:TrackPointExtension>
            <ns3:hr>139</ns3:hr>
            <ns3:cad>80</ns3:cad>
          </ns3:TrackPointExtension>
        </extensions>
      </trkpt>
      <trkpt lat="31.2746427766978740692138671875" lon="121.36782087385654449462890625">
        <ele>0</ele>
        <time>2026-06-06T06:17:16.000Z</time>
        <extensions>
          <ns3:TrackPointExtension>
            <ns3:hr>139</ns3:hr>
            <ns3:cad>81</ns3:cad>
          </ns3:TrackPointExtension>
        </extensions>
      </trkpt>
      <trkpt lat="31.27464227378368377685546875" lon="121.3678502105176448822021484375">
        <ele>0</ele>
        <time>2026-06-06T06:17:17.000Z</time>
        <extensions>
          <ns3:TrackPointExtension>
            <ns3:hr>138</ns3:hr>
            <ns3:cad>81</ns3:cad>
          </ns3:TrackPointExtension>
        </extensions>
      </trkpt>
      <trkpt lat="31.27464738674461841583251953125" lon="121.36788122355937957763671875">
        <ele>0</ele>
        <time>2026-06-06T06:17:18.000Z</time>
        <extensions>
          <ns3:TrackPointExtension>
            <ns3:hr>138</ns3:hr>
            <ns3:cad>81</ns3:cad>
          </ns3:TrackPointExtension>
        </extensions>
      </trkpt>
      <trkpt lat="31.27465836703777313232421875" lon="121.367903016507625579833984375">
        <ele>0</ele>
        <time>2026-06-06T06:17:19.000Z</time>
        <extensions>
          <ns3:TrackPointExtension>
            <ns3:hr>138</ns3:hr>
            <ns3:cad>81</ns3:cad>
          </ns3:TrackPointExtension>
        </extensions>
      </trkpt>
      <trkpt lat="31.27468091435730457305908203125" lon="121.36790712364017963409423828125">
        <ele>0</ele>
        <time>2026-06-06T06:17:20.000Z</time>
        <extensions>
          <ns3:TrackPointExtension>
            <ns3:hr>138</ns3:hr>
            <ns3:cad>81</ns3:cad>
          </ns3:TrackPointExtension>
        </extensions>
      </trkpt>
      <trkpt lat="31.2747054733335971832275390625" lon="121.3679088838398456573486328125">
        <ele>-0.20000000298023223876953125</ele>
        <time>2026-06-06T06:17:21.000Z</time>
        <extensions>
          <ns3:TrackPointExtension>
            <ns3:hr>137</ns3:hr>
            <ns3:cad>81</ns3:cad>
          </ns3:TrackPointExtension>
        </extensions>
      </trkpt>
      <trkpt lat="31.27473003230988979339599609375" lon="121.36791248805820941925048828125">
        <ele>-0.20000000298023223876953125</ele>
        <time>2026-06-06T06:17:22.000Z</time>
        <extensions>
          <ns3:TrackPointExtension>
            <ns3:hr>137</ns3:hr>
            <ns3:cad>81</ns3:cad>
          </ns3:TrackPointExtension>
        </extensions>
      </trkpt>
      <trkpt lat="31.2747544236481189727783203125" lon="121.367914415895938873291015625">
        <ele>-0.20000000298023223876953125</ele>
        <time>2026-06-06T06:17:23.000Z</time>
        <extensions>
          <ns3:TrackPointExtension>
            <ns3:hr>136</ns3:hr>
            <ns3:cad>80</ns3:cad>
          </ns3:TrackPointExtension>
        </extensions>
      </trkpt>
      <trkpt lat="31.27477931790053844451904296875" lon="121.367913745343685150146484375">
        <ele>-0.20000000298023223876953125</ele>
        <time>2026-06-06T06:17:24.000Z</time>
        <extensions>
          <ns3:TrackPointExtension>
            <ns3:hr>136</ns3:hr>
            <ns3:cad>80</ns3:cad>
          </ns3:TrackPointExtension>
        </extensions>
      </trkpt>
      <trkpt lat="31.2748057208955287933349609375" lon="121.3679165951907634735107421875">
        <ele>-0.20000000298023223876953125</ele>
        <time>2026-06-06T06:17:25.000Z</time>
        <extensions>
          <ns3:TrackPointExtension>
            <ns3:hr>136</ns3:hr>
            <ns3:cad>80</ns3:cad>
          </ns3:TrackPointExtension>
        </extensions>
      </trkpt>
      <trkpt lat="31.2748325429856777191162109375" lon="121.367919445037841796875">
        <ele>-0.4000000059604644775390625</ele>
        <time>2026-06-06T06:17:26.000Z</time>
        <extensions>
          <ns3:TrackPointExtension>
            <ns3:hr>136</ns3:hr>
            <ns3:cad>80</ns3:cad>
          </ns3:TrackPointExtension>
        </extensions>
      </trkpt>
      <trkpt lat="31.27485961653292179107666015625" lon="121.36792086996138095855712890625">
        <ele>-0.4000000059604644775390625</ele>
        <time>2026-06-06T06:17:27.000Z</time>
        <extensions>
          <ns3:TrackPointExtension>
            <ns3:hr>136</ns3:hr>
            <ns3:cad>81</ns3:cad>
          </ns3:TrackPointExtension>
        </extensions>
      </trkpt>
      <trkpt lat="31.27488409169018268585205078125" lon="121.36792137287557125091552734375">
        <ele>-0.4000000059604644775390625</ele>
        <time>2026-06-06T06:17:28.000Z</time>
        <extensions>
          <ns3:TrackPointExtension>
            <ns3:hr>136</ns3:hr>
            <ns3:cad>82</ns3:cad>
          </ns3:TrackPointExtension>
        </extensions>
      </trkpt>
      <trkpt lat="31.27490906976163387298583984375" lon="121.36792522855103015899658203125">
        <ele>-0.4000000059604644775390625</ele>
        <time>2026-06-06T06:17:29.000Z</time>
        <extensions>
          <ns3:TrackPointExtension>
            <ns3:hr>136</ns3:hr>
            <ns3:cad>82</ns3:cad>
          </ns3:TrackPointExtension>
        </extensions>
      </trkpt>
      <trkpt lat="31.27493488602340221405029296875" lon="121.36792891658842563629150390625">
        <ele>-0.20000000298023223876953125</ele>
        <time>2026-06-06T06:17:30.000Z</time>
        <extensions>
          <ns3:TrackPointExtension>
            <ns3:hr>136</ns3:hr>
            <ns3:cad>82</ns3:cad>
          </ns3:TrackPointExtension>
        </extensions>
      </trkpt>
      <trkpt lat="31.2749582715332508087158203125" lon="121.36793210171163082122802734375">
        <ele>-0.4000000059604644775390625</ele>
        <time>2026-06-06T06:17:31.000Z</time>
        <extensions>
          <ns3:TrackPointExtension>
            <ns3:hr>136</ns3:hr>
            <ns3:cad>82</ns3:cad>
          </ns3:TrackPointExtension>
        </extensions>
      </trkpt>
      <trkpt lat="31.27498450689017772674560546875" lon="121.367938220500946044921875">
        <ele>-0.4000000059604644775390625</ele>
        <time>2026-06-06T06:17:32.000Z</time>
        <extensions>
          <ns3:TrackPointExtension>
            <ns3:hr>136</ns3:hr>
            <ns3:cad>82</ns3:cad>
          </ns3:TrackPointExtension>
        </extensions>
      </trkpt>
      <trkpt lat="31.275010406970977783203125" lon="121.367945931851863861083984375">
        <ele>-0.4000000059604644775390625</ele>
        <time>2026-06-06T06:17:33.000Z</time>
        <extensions>
          <ns3:TrackPointExtension>
            <ns3:hr>136</ns3:hr>
            <ns3:cad>82</ns3:cad>
          </ns3:TrackPointExtension>
        </extensions>
      </trkpt>
      <trkpt lat="31.27503513358533382415771484375" lon="121.36795230209827423095703125">
        <ele>-0.4000000059604644775390625</ele>
        <time>2026-06-06T06:17:34.000Z</time>
        <extensions>
          <ns3:TrackPointExtension>
            <ns3:hr>137</ns3:hr>
            <ns3:cad>83</ns3:cad>
          </ns3:TrackPointExtension>
        </extensions>
      </trkpt>
      <trkpt lat="31.27506145276129245758056640625" lon="121.3679615221917629241943359375">
        <ele>-0.4000000059604644775390625</ele>
        <time>2026-06-06T06:17:35.000Z</time>
        <extensions>
          <ns3:TrackPointExtension>
            <ns3:hr>137</ns3:hr>
            <ns3:cad>83</ns3:cad>
          </ns3:TrackPointExtension>
        </extensions>
      </trkpt>
      <trkpt lat="31.2750841677188873291015625" lon="121.367970407009124755859375">
        <ele>-0.4000000059604644775390625</ele>
        <time>2026-06-06T06:17:36.000Z</time>
        <extensions>
          <ns3:TrackPointExtension>
            <ns3:hr>137</ns3:hr>
            <ns3:cad>83</ns3:cad>
          </ns3:TrackPointExtension>
        </extensions>
      </trkpt>
      <trkpt lat="31.27511031925678253173828125" lon="121.3679796271026134490966796875">
        <ele>-0.4000000059604644775390625</ele>
        <time>2026-06-06T06:17:37.000Z</time>
        <extensions>
          <ns3:TrackPointExtension>
            <ns3:hr>138</ns3:hr>
            <ns3:cad>83</ns3:cad>
          </ns3:TrackPointExtension>
        </extensions>
      </trkpt>
      <trkpt lat="31.275136470794677734375" lon="121.36799094267189502716064453125">
        <ele>-0.4000000059604644775390625</ele>
        <time>2026-06-06T06:17:38.000Z</time>
        <extensions>
          <ns3:TrackPointExtension>
            <ns3:hr>138</ns3:hr>
            <ns3:cad>83</ns3:cad>
          </ns3:TrackPointExtension>
        </extensions>
      </trkpt>
      <trkpt lat="31.27515968866646289825439453125" lon="121.36800167150795459747314453125">
        <ele>-0.60000002384185791015625</ele>
        <time>2026-06-06T06:17:39.000Z</time>
        <extensions>
          <ns3:TrackPointExtension>
            <ns3:hr>138</ns3:hr>
            <ns3:cad>83</ns3:cad>
          </ns3:TrackPointExtension>
        </extensions>
      </trkpt>
      <trkpt lat="31.27518248744308948516845703125" lon="121.36801642365753650665283203125">
        <ele>-0.60000002384185791015625</ele>
        <time>2026-06-06T06:17:40.000Z</time>
        <extensions>
          <ns3:TrackPointExtension>
            <ns3:hr>138</ns3:hr>
            <ns3:cad>83</ns3:cad>
          </ns3:TrackPointExtension>
        </extensions>
      </trkpt>
      <trkpt lat="31.27520419657230377197265625" lon="121.36803067289292812347412109375">
        <ele>-0.60000002384185791015625</ele>
        <time>2026-06-06T06:17:41.000Z</time>
        <extensions>
          <ns3:TrackPointExtension>
            <ns3:hr>138</ns3:hr>
            <ns3:cad>83</ns3:cad>
          </ns3:TrackPointExtension>
        </extensions>
      </trkpt>
      <trkpt lat="31.2752264924347400665283203125" lon="121.3680429942905902862548828125">
        <ele>-0.60000002384185791015625</ele>
        <time>2026-06-06T06:17:42.000Z</time>
        <extensions>
          <ns3:TrackPointExtension>
            <ns3:hr>138</ns3:hr>
            <ns3:cad>83</ns3:cad>
          </ns3:TrackPointExtension>
        </extensions>
      </trkpt>
      <trkpt lat="31.27524979412555694580078125" lon="121.368060596287250518798828125">
        <ele>-0.60000002384185791015625</ele>
        <time>2026-06-06T06:17:43.000Z</time>
        <extensions>
          <ns3:TrackPointExtension>
            <ns3:hr>138</ns3:hr>
            <ns3:cad>83</ns3:cad>
          </ns3:TrackPointExtension>
        </extensions>
      </trkpt>
      <trkpt lat="31.27526865340769290924072265625" lon="121.368074007332324981689453125">
        <ele>-0.60000002384185791015625</ele>
        <time>2026-06-06T06:17:44.000Z</time>
        <extensions>
          <ns3:TrackPointExtension>
            <ns3:hr>138</ns3:hr>
            <ns3:cad>83</ns3:cad>
          </ns3:TrackPointExtension>
        </extensions>
      </trkpt>
      <trkpt lat="31.27528944052755832672119140625" lon="121.3680897653102874755859375">
        <ele>-0.60000002384185791015625</ele>
        <time>2026-06-06T06:17:45.000Z</time>
        <extensions>
          <ns3:TrackPointExtension>
            <ns3:hr>138</ns3:hr>
            <ns3:cad>83</ns3:cad>
          </ns3:TrackPointExtension>
        </extensions>
      </trkpt>
      <trkpt lat="31.27530972473323345184326171875" lon="121.36810996569693088531494140625">
        <ele>-0.60000002384185791015625</ele>
        <time>2026-06-06T06:17:46.000Z</time>
        <extensions>
          <ns3:TrackPointExtension>
            <ns3:hr>138</ns3:hr>
            <ns3:cad>83</ns3:cad>
          </ns3:TrackPointExtension>
        </extensions>
      </trkpt>
      <trkpt lat="31.275329925119876861572265625" lon="121.368131339550018310546875">
        <ele>-0.60000002384185791015625</ele>
        <time>2026-06-06T06:17:47.000Z</time>
        <extensions>
          <ns3:TrackPointExtension>
            <ns3:hr>138</ns3:hr>
            <ns3:cad>83</ns3:cad>
          </ns3:TrackPointExtension>
        </extensions>
      </trkpt>
      <trkpt lat="31.27534911967813968658447265625" lon="121.3681559823453426361083984375">
        <ele>-0.60000002384185791015625</ele>
        <time>2026-06-06T06:17:48.000Z</time>
        <extensions>
          <ns3:TrackPointExtension>
            <ns3:hr>139</ns3:hr>
            <ns3:cad>82</ns3:cad>
          </ns3:TrackPointExtension>
        </extensions>
      </trkpt>
      <trkpt lat="31.27536621876060962677001953125" lon="121.36817852966487407684326171875">
        <ele>-0.60000002384185791015625</ele>
        <time>2026-06-06T06:17:49.000Z</time>
        <extensions>
          <ns3:TrackPointExtension>
            <ns3:hr>139</ns3:hr>
            <ns3:cad>82</ns3:cad>
          </ns3:TrackPointExtension>
        </extensions>
      </trkpt>
      <trkpt lat="31.2753830663859844207763671875" lon="121.3682012446224689483642578125">
        <ele>-0.60000002384185791015625</ele>
        <time>2026-06-06T06:17:50.000Z</time>
        <extensions>
          <ns3:TrackPointExtension>
            <ns3:hr>140</ns3:hr>
            <ns3:cad>82</ns3:cad>
          </ns3:TrackPointExtension>
        </extensions>
      </trkpt>
      <trkpt lat="31.27539756707847118377685546875" lon="121.368228904902935028076171875">
        <ele>-0.60000002384185791015625</ele>
        <time>2026-06-06T06:17:51.000Z</time>
        <extensions>
          <ns3:TrackPointExtension>
            <ns3:hr>140</ns3:hr>
            <ns3:cad>83</ns3:cad>
          </ns3:TrackPointExtension>
        </extensions>
      </trkpt>
      <trkpt lat="31.2754078768193721771240234375" lon="121.36825094930827617645263671875">
        <ele>-0.60000002384185791015625</ele>
        <time>2026-06-06T06:17:52.000Z</time>
        <extensions>
          <ns3:TrackPointExtension>
            <ns3:hr>140</ns3:hr>
            <ns3:cad>83</ns3:cad>
          </ns3:TrackPointExtension>
        </extensions>
      </trkpt>
      <trkpt lat="31.275419779121875762939453125" lon="121.3682753406465053558349609375">
        <ele>-0.60000002384185791015625</ele>
        <time>2026-06-06T06:17:53.000Z</time>
        <extensions>
          <ns3:TrackPointExtension>
            <ns3:hr>140</ns3:hr>
            <ns3:cad>84</ns3:cad>
          </ns3:TrackPointExtension>
        </extensions>
      </trkpt>
      <trkpt lat="31.27543243579566478729248046875" lon="121.36830392293632030487060546875">
        <ele>-0.4000000059604644775390625</ele>
        <time>2026-06-06T06:17:54.000Z</time>
        <extensions>
          <ns3:TrackPointExtension>
            <ns3:hr>140</ns3:hr>
            <ns3:cad>84</ns3:cad>
          </ns3:TrackPointExtension>
        </extensions>
      </trkpt>
      <trkpt lat="31.27544232644140720367431640625" lon="121.36833040975034236907958984375">
        <ele>-0.4000000059604644775390625</ele>
        <time>2026-06-06T06:17:55.000Z</time>
        <extensions>
          <ns3:TrackPointExtension>
            <ns3:hr>140</ns3:hr>
            <ns3:cad>83</ns3:cad>
          </ns3:TrackPointExtension>
        </extensions>
      </trkpt>
      <trkpt lat="31.27544869668781757354736328125" lon="121.3683581538498401641845703125">
        <ele>-0.4000000059604644775390625</ele>
        <time>2026-06-06T06:17:56.000Z</time>
        <extensions>
          <ns3:TrackPointExtension>
            <ns3:hr>140</ns3:hr>
            <ns3:cad>83</ns3:cad>
          </ns3:TrackPointExtension>
        </extensions>
      </trkpt>
      <trkpt lat="31.2754551507532596588134765625" lon="121.36838740669190883636474609375">
        <ele>-0.4000000059604644775390625</ele>
        <time>2026-06-06T06:17:57.000Z</time>
        <extensions>
          <ns3:TrackPointExtension>
            <ns3:hr>140</ns3:hr>
            <ns3:cad>83</ns3:cad>
          </ns3:TrackPointExtension>
        </extensions>
      </trkpt>
      <trkpt lat="31.27546043135225772857666015625" lon="121.36841439642012119293212890625">
        <ele>-0.4000000059604644775390625</ele>
        <time>2026-06-06T06:17:58.000Z</time>
        <extensions>
          <ns3:TrackPointExtension>
            <ns3:hr>140</ns3:hr>
            <ns3:cad>83</ns3:cad>
          </ns3:TrackPointExtension>
        </extensions>
      </trkpt>
      <trkpt lat="31.27546395175158977508544921875" lon="121.36844314634799957275390625">
        <ele>-0.4000000059604644775390625</ele>
        <time>2026-06-06T06:17:59.000Z</time>
        <extensions>
          <ns3:TrackPointExtension>
            <ns3:hr>140</ns3:hr>
            <ns3:cad>82</ns3:cad>
          </ns3:TrackPointExtension>
        </extensions>
      </trkpt>
      <trkpt lat="31.27546864561736583709716796875" lon="121.36846804060041904449462890625">
        <ele>-0.60000002384185791015625</ele>
        <time>2026-06-06T06:18:00.000Z</time>
        <extensions>
          <ns3:TrackPointExtension>
            <ns3:hr>140</ns3:hr>
            <ns3:cad>82</ns3:cad>
          </ns3:TrackPointExtension>
        </extensions>
      </trkpt>
      <trkpt lat="31.2754699029028415679931640625" lon="121.36849285103380680084228515625">
        <ele>-0.60000002384185791015625</ele>
        <time>2026-06-06T06:18:01.000Z</time>
        <extensions>
          <ns3:TrackPointExtension>
            <ns3:hr>140</ns3:hr>
            <ns3:cad>82</ns3:cad>
          </ns3:TrackPointExtension>
        </extensions>
      </trkpt>
      <trkpt lat="31.27547015435993671417236328125" lon="121.3685227744281291961669921875">
        <ele>-0.4000000059604644775390625</ele>
        <time>2026-06-06T06:18:02.000Z</time>
        <extensions>
          <ns3:TrackPointExtension>
            <ns3:hr>140</ns3:hr>
            <ns3:cad>81</ns3:cad>
          </ns3:TrackPointExtension>
        </extensions>
      </trkpt>
      <trkpt lat="31.2754685617983341217041015625" lon="121.36855118907988071441650390625">
        <ele>-0.4000000059604644775390625</ele>
        <time>2026-06-06T06:18:03.000Z</time>
        <extensions>
          <ns3:TrackPointExtension>
            <ns3:hr>140</ns3:hr>
            <ns3:cad>81</ns3:cad>
          </ns3:TrackPointExtension>
        </extensions>
      </trkpt>
      <trkpt lat="31.27546596340835094451904296875" lon="121.36858153156936168670654296875">
        <ele>-0.4000000059604644775390625</ele>
        <time>2026-06-06T06:18:04.000Z</time>
        <extensions>
          <ns3:TrackPointExtension>
            <ns3:hr>140</ns3:hr>
            <ns3:cad>81</ns3:cad>
          </ns3:TrackPointExtension>
        </extensions>
      </trkpt>
      <trkpt lat="31.2754635326564311981201171875" lon="121.36861078441143035888671875">
        <ele>-0.4000000059604644775390625</ele>
        <time>2026-06-06T06:18:05.000Z</time>
        <extensions>
          <ns3:TrackPointExtension>
            <ns3:hr>140</ns3:hr>
            <ns3:cad>81</ns3:cad>
          </ns3:TrackPointExtension>
        </extensions>
      </trkpt>
      <trkpt lat="31.2754631973803043365478515625" lon="121.36864154599606990814208984375">
        <ele>-0.4000000059604644775390625</ele>
        <time>2026-06-06T06:18:06.000Z</time>
        <extensions>
          <ns3:TrackPointExtension>
            <ns3:hr>139</ns3:hr>
            <ns3:cad>82</ns3:cad>
          </ns3:TrackPointExtension>
        </extensions>
      </trkpt>
      <trkpt lat="31.27546160481870174407958984375" lon="121.368668787181377410888671875">
        <ele>-0.4000000059604644775390625</ele>
        <time>2026-06-06T06:18:07.000Z</time>
        <extensions>
          <ns3:TrackPointExtension>
            <ns3:hr>139</ns3:hr>
            <ns3:cad>82</ns3:cad>
          </ns3:TrackPointExtension>
        </extensions>
      </trkpt>
      <trkpt lat="31.275455988943576812744140625" lon="121.36869368143379688262939453125">
        <ele>-0.4000000059604644775390625</ele>
        <time>2026-06-06T06:18:08.000Z</time>
        <extensions>
          <ns3:TrackPointExtension>
            <ns3:hr>139</ns3:hr>
            <ns3:cad>82</ns3:cad>
          </ns3:TrackPointExtension>
        </extensions>
      </trkpt>
      <trkpt lat="31.2754489481449127197265625" lon="121.36872419156134128570556640625">
        <ele>-0.4000000059604644775390625</ele>
        <time>2026-06-06T06:18:09.000Z</time>
        <extensions>
          <ns3:TrackPointExtension>
            <ns3:hr>138</ns3:hr>
            <ns3:cad>82</ns3:cad>
          </ns3:TrackPointExtension>
        </extensions>
      </trkpt>
      <trkpt lat="31.27544199116528034210205078125" lon="121.36875092983245849609375">
        <ele>-0.4000000059604644775390625</ele>
        <time>2026-06-06T06:18:10.000Z</time>
        <extensions>
          <ns3:TrackPointExtension>
            <ns3:hr>138</ns3:hr>
            <ns3:cad>81</ns3:cad>
          </ns3:TrackPointExtension>
        </extensions>
      </trkpt>
      <trkpt lat="31.27543578855693340301513671875" lon="121.3687764108180999755859375">
        <ele>-0.4000000059604644775390625</ele>
        <time>2026-06-06T06:18:11.000Z</time>
        <extensions>
          <ns3:TrackPointExtension>
            <ns3:hr>138</ns3:hr>
            <ns3:cad>81</ns3:cad>
          </ns3:TrackPointExtension>
        </extensions>
      </trkpt>
      <trkpt lat="31.2754283286631107330322265625" lon="121.36880499310791492462158203125">
        <ele>-0.4000000059604644775390625</ele>
        <time>2026-06-06T06:18:12.000Z</time>
        <extensions>
          <ns3:TrackPointExtension>
            <ns3:hr>138</ns3:hr>
            <ns3:cad>81</ns3:cad>
          </ns3:TrackPointExtension>
        </extensions>
      </trkpt>
      <trkpt lat="31.27541986294090747833251953125" lon="121.36883181519806385040283203125">
        <ele>-0.4000000059604644775390625</ele>
        <time>2026-06-06T06:18:13.000Z</time>
        <extensions>
          <ns3:TrackPointExtension>
            <ns3:hr>138</ns3:hr>
            <ns3:cad>82</ns3:cad>
          </ns3:TrackPointExtension>
        </extensions>
      </trkpt>
      <trkpt lat="31.2754112295806407928466796875" lon="121.36885545216500759124755859375">
        <ele>-0.4000000059604644775390625</ele>
        <time>2026-06-06T06:18:14.000Z</time>
        <extensions>
          <ns3:TrackPointExtension>
            <ns3:hr>138</ns3:hr>
            <ns3:cad>82</ns3:cad>
          </ns3:TrackPointExtension>
        </extensions>
      </trkpt>
      <trkpt lat="31.2754008360207080841064453125" lon="121.368882358074188232421875">
        <ele>-0.20000000298023223876953125</ele>
        <time>2026-06-06T06:18:15.000Z</time>
        <extensions>
          <ns3:TrackPointExtension>
            <ns3:hr>138</ns3:hr>
            <ns3:cad>82</ns3:cad>
          </ns3:TrackPointExtension>
        </extensions>
      </trkpt>
      <trkpt lat="31.27538935281336307525634765625" lon="121.3689080066978931427001953125">
        <ele>-0.20000000298023223876953125</ele>
        <time>2026-06-06T06:18:16.000Z</time>
        <extensions>
          <ns3:TrackPointExtension>
            <ns3:hr>138</ns3:hr>
            <ns3:cad>82</ns3:cad>
          </ns3:TrackPointExtension>
        </extensions>
      </trkpt>
      <trkpt lat="31.27537610940635204315185546875" lon="121.36893239803612232208251953125">
        <ele>-0.20000000298023223876953125</ele>
        <time>2026-06-06T06:18:17.000Z</time>
        <extensions>
          <ns3:TrackPointExtension>
            <ns3:hr>138</ns3:hr>
            <ns3:cad>82</ns3:cad>
          </ns3:TrackPointExtension>
        </extensions>
      </trkpt>
      <trkpt lat="31.2753649614751338958740234375" lon="121.36895955540239810943603515625">
        <ele>-0.20000000298023223876953125</ele>
        <time>2026-06-06T06:18:18.000Z</time>
        <extensions>
          <ns3:TrackPointExtension>
            <ns3:hr>138</ns3:hr>
            <ns3:cad>82</ns3:cad>
          </ns3:TrackPointExtension>
        </extensions>
      </trkpt>
      <trkpt lat="31.2753569148480892181396484375" lon="121.36898453347384929656982421875">
        <ele>-0.4000000059604644775390625</ele>
        <time>2026-06-06T06:18:19.000Z</time>
        <extensions>
          <ns3:TrackPointExtension>
            <ns3:hr>138</ns3:hr>
            <ns3:cad>82</ns3:cad>
          </ns3:TrackPointExtension>
        </extensions>
      </trkpt>
      <trkpt lat="31.27534492872655391693115234375" lon="121.36901185847818851470947265625">
        <ele>-0.4000000059604644775390625</ele>
        <time>2026-06-06T06:18:20.000Z</time>
        <extensions>
          <ns3:TrackPointExtension>
            <ns3:hr>138</ns3:hr>
            <ns3:cad>82</ns3:cad>
          </ns3:TrackPointExtension>
        </extensions>
      </trkpt>
      <trkpt lat="31.27533302642405033111572265625" lon="121.3690394349396228790283203125">
        <ele>-0.4000000059604644775390625</ele>
        <time>2026-06-06T06:18:21.000Z</time>
        <extensions>
          <ns3:TrackPointExtension>
            <ns3:hr>138</ns3:hr>
            <ns3:cad>82</ns3:cad>
          </ns3:TrackPointExtension>
        </extensions>
      </trkpt>
      <trkpt lat="31.275321543216705322265625" lon="121.36906315572559833526611328125">
        <ele>-0.4000000059604644775390625</ele>
        <time>2026-06-06T06:18:22.000Z</time>
        <extensions>
          <ns3:TrackPointExtension>
            <ns3:hr>138</ns3:hr>
            <ns3:cad>82</ns3:cad>
          </ns3:TrackPointExtension>
        </extensions>
      </trkpt>
      <trkpt lat="31.27531106583774089813232421875" lon="121.36908930726349353790283203125">
        <ele>-0.4000000059604644775390625</ele>
        <time>2026-06-06T06:18:23.000Z</time>
        <extensions>
          <ns3:TrackPointExtension>
            <ns3:hr>138</ns3:hr>
            <ns3:cad>81</ns3:cad>
          </ns3:TrackPointExtension>
        </extensions>
      </trkpt>
      <trkpt lat="31.27530067227780818939208984375" lon="121.3691145367920398712158203125">
        <ele>-0.4000000059604644775390625</ele>
        <time>2026-06-06T06:18:24.000Z</time>
        <extensions>
          <ns3:TrackPointExtension>
            <ns3:hr>138</ns3:hr>
            <ns3:cad>81</ns3:cad>
          </ns3:TrackPointExtension>
        </extensions>
      </trkpt>
      <trkpt lat="31.27529296092689037322998046875" lon="121.3691406883299350738525390625">
        <ele>-0.20000000298023223876953125</ele>
        <time>2026-06-06T06:18:25.000Z</time>
        <extensions>
          <ns3:TrackPointExtension>
            <ns3:hr>138</ns3:hr>
            <ns3:cad>82</ns3:cad>
          </ns3:TrackPointExtension>
        </extensions>
      </trkpt>
      <trkpt lat="31.27528524957597255706787109375" lon="121.3691678456962108612060546875">
        <ele>-0.20000000298023223876953125</ele>
        <time>2026-06-06T06:18:26.000Z</time>
        <extensions>
          <ns3:TrackPointExtension>
            <ns3:hr>138</ns3:hr>
            <ns3:cad>82</ns3:cad>
          </ns3:TrackPointExtension>
        </extensions>
      </trkpt>
      <trkpt lat="31.27528055571019649505615234375" lon="121.3691946677863597869873046875">
        <ele>-0.4000000059604644775390625</ele>
        <time>2026-06-06T06:18:27.000Z</time>
        <extensions>
          <ns3:TrackPointExtension>
            <ns3:hr>138</ns3:hr>
            <ns3:cad>83</ns3:cad>
          </ns3:TrackPointExtension>
        </extensions>
      </trkpt>
      <trkpt lat="31.2752826511859893798828125" lon="121.36922677047550678253173828125">
        <ele>-0.4000000059604644775390625</ele>
        <time>2026-06-06T06:18:28.000Z</time>
        <extensions>
          <ns3:TrackPointExtension>
            <ns3:hr>138</ns3:hr>
            <ns3:cad>83</ns3:cad>
          </ns3:TrackPointExtension>
        </extensions>
      </trkpt>
      <trkpt lat="31.2752915360033512115478515625" lon="121.36925744824111461639404296875">
        <ele>-0.4000000059604644775390625</ele>
        <time>2026-06-06T06:18:29.000Z</time>
        <extensions>
          <ns3:TrackPointExtension>
            <ns3:hr>138</ns3:hr>
            <ns3:cad>81</ns3:cad>
          </ns3:TrackPointExtension>
        </extensions>
      </trkpt>
      <trkpt lat="31.27530251629650592803955078125" lon="121.3692761398851871490478515625">
        <ele>-0.60000002384185791015625</ele>
        <time>2026-06-06T06:18:30.000Z</time>
        <extensions>
          <ns3:TrackPointExtension>
            <ns3:hr>138</ns3:hr>
            <ns3:cad>80</ns3:cad>
          </ns3:TrackPointExtension>
        </extensions>
      </trkpt>
      <trkpt lat="31.27532263286411762237548828125" lon="121.36929097585380077362060546875">
        <ele>-0.60000002384185791015625</ele>
        <time>2026-06-06T06:18:31.000Z</time>
        <extensions>
          <ns3:TrackPointExtension>
            <ns3:hr>138</ns3:hr>
            <ns3:cad>79</ns3:cad>
          </ns3:TrackPointExtension>
        </extensions>
      </trkpt>
      <trkpt lat="31.275346018373966217041015625" lon="121.3692999444901943206787109375">
        <ele>-0.60000002384185791015625</ele>
        <time>2026-06-06T06:18:32.000Z</time>
        <extensions>
          <ns3:TrackPointExtension>
            <ns3:hr>138</ns3:hr>
            <ns3:cad>79</ns3:cad>
          </ns3:TrackPointExtension>
        </extensions>
      </trkpt>
      <trkpt lat="31.27536856569349765777587890625" lon="121.36930405162274837493896484375">
        <ele>-0.800000011920928955078125</ele>
        <time>2026-06-06T06:18:33.000Z</time>
        <extensions>
          <ns3:TrackPointExtension>
            <ns3:hr>138</ns3:hr>
            <ns3:cad>80</ns3:cad>
          </ns3:TrackPointExtension>
        </extensions>
      </trkpt>
      <trkpt lat="31.27538926899433135986328125" lon="121.36930723674595355987548828125">
        <ele>-0.800000011920928955078125</ele>
        <time>2026-06-06T06:18:34.000Z</time>
        <extensions>
          <ns3:TrackPointExtension>
            <ns3:hr>138</ns3:hr>
            <ns3:cad>80</ns3:cad>
          </ns3:TrackPointExtension>
        </extensions>
      </trkpt>
      <trkpt lat="31.27540930174291133880615234375" lon="121.3693126849830150604248046875">
        <ele>-0.800000011920928955078125</ele>
        <time>2026-06-06T06:18:35.000Z</time>
        <extensions>
          <ns3:TrackPointExtension>
            <ns3:hr>138</ns3:hr>
            <ns3:cad>80</ns3:cad>
          </ns3:TrackPointExtension>
        </extensions>
      </trkpt>
      <trkpt lat="31.27543344162404537200927734375" lon="121.3693163730204105377197265625">
        <ele>-0.800000011920928955078125</ele>
        <time>2026-06-06T06:18:36.000Z</time>
        <extensions>
          <ns3:TrackPointExtension>
            <ns3:hr>137</ns3:hr>
            <ns3:cad>80</ns3:cad>
          </ns3:TrackPointExtension>
        </extensions>
      </trkpt>
      <trkpt lat="31.27545640803873538970947265625" lon="121.36931964196264743804931640625">
        <ele>-1</ele>
        <time>2026-06-06T06:18:37.000Z</time>
        <extensions>
          <ns3:TrackPointExtension>
            <ns3:hr>137</ns3:hr>
            <ns3:cad>81</ns3:cad>
          </ns3:TrackPointExtension>
        </extensions>
      </trkpt>
      <trkpt lat="31.27547954209148883819580078125" lon="121.36931997723877429962158203125">
        <ele>-1</ele>
        <time>2026-06-06T06:18:38.000Z</time>
        <extensions>
          <ns3:TrackPointExtension>
            <ns3:hr>137</ns3:hr>
            <ns3:cad>81</ns3:cad>
          </ns3:TrackPointExtension>
        </extensions>
      </trkpt>
      <trkpt lat="31.27550435252487659454345703125" lon="121.36932048015296459197998046875">
        <ele>-1</ele>
        <time>2026-06-06T06:18:39.000Z</time>
        <extensions>
          <ns3:TrackPointExtension>
            <ns3:hr>137</ns3:hr>
            <ns3:cad>82</ns3:cad>
          </ns3:TrackPointExtension>
        </extensions>
      </trkpt>
      <trkpt lat="31.2755275703966617584228515625" lon="121.3693240843713283538818359375">
        <ele>-1</ele>
        <time>2026-06-06T06:18:40.000Z</time>
        <extensions>
          <ns3:TrackPointExtension>
            <ns3:hr>137</ns3:hr>
            <ns3:cad>82</ns3:cad>
          </ns3:TrackPointExtension>
        </extensions>
      </trkpt>
      <trkpt lat="31.27554743550717830657958984375" lon="121.3693227432668209075927734375">
        <ele>-0.800000011920928955078125</ele>
        <time>2026-06-06T06:18:41.000Z</time>
        <extensions>
          <ns3:TrackPointExtension>
            <ns3:hr>137</ns3:hr>
            <ns3:cad>82</ns3:cad>
          </ns3:TrackPointExtension>
        </extensions>
      </trkpt>
      <trkpt lat="31.275569982826709747314453125" lon="121.3693203963339328765869140625">
        <ele>-0.800000011920928955078125</ele>
        <time>2026-06-06T06:18:42.000Z</time>
        <extensions>
          <ns3:TrackPointExtension>
            <ns3:hr>137</ns3:hr>
            <ns3:cad>82</ns3:cad>
          </ns3:TrackPointExtension>
        </extensions>
      </trkpt>
      <trkpt lat="31.2755937874317169189453125" lon="121.36932265944778919219970703125">
        <ele>-0.800000011920928955078125</ele>
        <time>2026-06-06T06:18:43.000Z</time>
        <extensions>
          <ns3:TrackPointExtension>
            <ns3:hr>137</ns3:hr>
            <ns3:cad>82</ns3:cad>
          </ns3:TrackPointExtension>
        </extensions>
      </trkpt>
      <trkpt lat="31.27561667002737522125244140625" lon="121.3693260960280895233154296875">
        <ele>-0.800000011920928955078125</ele>
        <time>2026-06-06T06:18:44.000Z</time>
        <extensions>
          <ns3:TrackPointExtension>
            <ns3:hr>137</ns3:hr>
            <ns3:cad>82</ns3:cad>
          </ns3:TrackPointExtension>
        </extensions>
      </trkpt>
      <trkpt lat="31.2756402231752872467041015625" lon="121.369330622255802154541015625">
        <ele>-1</ele>
        <time>2026-06-06T06:18:45.000Z</time>
        <extensions>
          <ns3:TrackPointExtension>
            <ns3:hr>137</ns3:hr>
            <ns3:cad>82</ns3:cad>
          </ns3:TrackPointExtension>
        </extensions>
      </trkpt>
      <trkpt lat="31.27566293813288211822509765625" lon="121.36933556757867336273193359375">
        <ele>-1</ele>
        <time>2026-06-06T06:18:46.000Z</time>
        <extensions>
          <ns3:TrackPointExtension>
            <ns3:hr>137</ns3:hr>
            <ns3:cad>82</ns3:cad>
          </ns3:TrackPointExtension>
        </extensions>
      </trkpt>
      <trkpt lat="31.27568556927144527435302734375" lon="121.36933908797800540924072265625">
        <ele>-1</ele>
        <time>2026-06-06T06:18:47.000Z</time>
        <extensions>
          <ns3:TrackPointExtension>
            <ns3:hr>138</ns3:hr>
            <ns3:cad>82</ns3:cad>
          </ns3:TrackPointExtension>
        </extensions>
      </trkpt>
      <trkpt lat="31.2757072784006595611572265625" lon="121.36934210546314716339111328125">
        <ele>-0.800000011920928955078125</ele>
        <time>2026-06-06T06:18:48.000Z</time>
        <extensions>
          <ns3:TrackPointExtension>
            <ns3:hr>137</ns3:hr>
            <ns3:cad>82</ns3:cad>
          </ns3:TrackPointExtension>
        </extensions>
      </trkpt>
      <trkpt lat="31.2757300771772861480712890625" lon="121.36934730224311351776123046875">
        <ele>-0.800000011920928955078125</ele>
        <time>2026-06-06T06:18:49.000Z</time>
        <extensions>
          <ns3:TrackPointExtension>
            <ns3:hr>138</ns3:hr>
            <ns3:cad>82</ns3:cad>
          </ns3:TrackPointExtension>
        </extensions>
      </trkpt>
      <trkpt lat="31.27575002610683441162109375" lon="121.3693504035472869873046875">
        <ele>-0.60000002384185791015625</ele>
        <time>2026-06-06T06:18:50.000Z</time>
        <extensions>
          <ns3:TrackPointExtension>
            <ns3:hr>138</ns3:hr>
            <ns3:cad>82</ns3:cad>
          </ns3:TrackPointExtension>
        </extensions>
      </trkpt>
      <trkpt lat="31.275775842368602752685546875" lon="121.36935384012758731842041015625">
        <ele>-0.60000002384185791015625</ele>
        <time>2026-06-06T06:18:51.000Z</time>
        <extensions>
          <ns3:TrackPointExtension>
            <ns3:hr>138</ns3:hr>
            <ns3:cad>82</ns3:cad>
          </ns3:TrackPointExtension>
        </extensions>
      </trkpt>
      <trkpt lat="31.27579872496426105499267578125" lon="121.3693545944988727569580078125">
        <ele>-0.4000000059604644775390625</ele>
        <time>2026-06-06T06:18:52.000Z</time>
        <extensions>
          <ns3:TrackPointExtension>
            <ns3:hr>137</ns3:hr>
            <ns3:cad>82</ns3:cad>
          </ns3:TrackPointExtension>
        </extensions>
      </trkpt>
      <trkpt lat="31.2758212722837924957275390625" lon="121.36935685761272907257080078125">
        <ele>-0.4000000059604644775390625</ele>
        <time>2026-06-06T06:18:53.000Z</time>
        <extensions>
          <ns3:TrackPointExtension>
            <ns3:hr>138</ns3:hr>
            <ns3:cad>82</ns3:cad>
          </ns3:TrackPointExtension>
        </extensions>
      </trkpt>
      <trkpt lat="31.275844909250736236572265625" lon="121.3693613000214099884033203125">
        <ele>-0.60000002384185791015625</ele>
        <time>2026-06-06T06:18:54.000Z</time>
        <extensions>
          <ns3:TrackPointExtension>
            <ns3:hr>138</ns3:hr>
            <ns3:cad>82</ns3:cad>
          </ns3:TrackPointExtension>
        </extensions>
      </trkpt>
      <trkpt lat="31.275868713855743408203125" lon="121.369365155696868896484375">
        <ele>-0.60000002384185791015625</ele>
        <time>2026-06-06T06:18:55.000Z</time>
        <extensions>
          <ns3:TrackPointExtension>
            <ns3:hr>138</ns3:hr>
            <ns3:cad>82</ns3:cad>
          </ns3:TrackPointExtension>
        </extensions>
      </trkpt>
      <trkpt lat="31.275895535945892333984375" lon="121.3693723641335964202880859375">
        <ele>-0.60000002384185791015625</ele>
        <time>2026-06-06T06:18:56.000Z</time>
        <extensions>
          <ns3:TrackPointExtension>
            <ns3:hr>138</ns3:hr>
            <ns3:cad>82</ns3:cad>
          </ns3:TrackPointExtension>
        </extensions>
      </trkpt>
      <trkpt lat="31.275917328894138336181640625" lon="121.36937814764678478240966796875">
        <ele>-0.800000011920928955078125</ele>
        <time>2026-06-06T06:18:57.000Z</time>
        <extensions>
          <ns3:TrackPointExtension>
            <ns3:hr>138</ns3:hr>
            <ns3:cad>82</ns3:cad>
          </ns3:TrackPointExtension>
        </extensions>
      </trkpt>
      <trkpt lat="31.27594021148979663848876953125" lon="121.36938200332224369049072265625">
        <ele>-0.60000002384185791015625</ele>
        <time>2026-06-06T06:18:58.000Z</time>
        <extensions>
          <ns3:TrackPointExtension>
            <ns3:hr>137</ns3:hr>
            <ns3:cad>82</ns3:cad>
          </ns3:TrackPointExtension>
        </extensions>
      </trkpt>
      <trkpt lat="31.27596284262835979461669921875" lon="121.36938602663576602935791015625">
        <ele>-0.60000002384185791015625</ele>
        <time>2026-06-06T06:18:59.000Z</time>
        <extensions>
          <ns3:TrackPointExtension>
            <ns3:hr>138</ns3:hr>
            <ns3:cad>82</ns3:cad>
          </ns3:TrackPointExtension>
        </extensions>
      </trkpt>
      <trkpt lat="31.27598664723336696624755859375" lon="121.369386278092861175537109375">
        <ele>-0.60000002384185791015625</ele>
        <time>2026-06-06T06:19:00.000Z</time>
        <extensions>
          <ns3:TrackPointExtension>
            <ns3:hr>138</ns3:hr>
            <ns3:cad>82</ns3:cad>
          </ns3:TrackPointExtension>
        </extensions>
      </trkpt>
      <trkpt lat="31.27601346932351589202880859375" lon="121.369387619197368621826171875">
        <ele>-0.60000002384185791015625</ele>
        <time>2026-06-06T06:19:01.000Z</time>
        <extensions>
          <ns3:TrackPointExtension>
            <ns3:hr>138</ns3:hr>
            <ns3:cad>82</ns3:cad>
          </ns3:TrackPointExtension>
        </extensions>
      </trkpt>
      <trkpt lat="31.27604029141366481781005859375" lon="121.3693904690444469451904296875">
        <ele>-0.60000002384185791015625</ele>
        <time>2026-06-06T06:19:02.000Z</time>
        <extensions>
          <ns3:TrackPointExtension>
            <ns3:hr>138</ns3:hr>
            <ns3:cad>83</ns3:cad>
          </ns3:TrackPointExtension>
        </extensions>
      </trkpt>
      <trkpt lat="31.27606443129479885101318359375" lon="121.3693938218057155609130859375">
        <ele>-0.60000002384185791015625</ele>
        <time>2026-06-06T06:19:03.000Z</time>
        <extensions>
          <ns3:TrackPointExtension>
            <ns3:hr>138</ns3:hr>
            <ns3:cad>83</ns3:cad>
          </ns3:TrackPointExtension>
        </extensions>
      </trkpt>
      <trkpt lat="31.276088990271091461181640625" lon="121.3693944923579692840576171875">
        <ele>-0.60000002384185791015625</ele>
        <time>2026-06-06T06:19:04.000Z</time>
        <extensions>
          <ns3:TrackPointExtension>
            <ns3:hr>138</ns3:hr>
            <ns3:cad>83</ns3:cad>
          </ns3:TrackPointExtension>
        </extensions>
      </trkpt>
      <trkpt lat="31.27611338160932064056396484375" lon="121.36940077878534793853759765625">
        <ele>-0.60000002384185791015625</ele>
        <time>2026-06-06T06:19:05.000Z</time>
        <extensions>
          <ns3:TrackPointExtension>
            <ns3:hr>138</ns3:hr>
            <ns3:cad>83</ns3:cad>
          </ns3:TrackPointExtension>
        </extensions>
      </trkpt>
      <trkpt lat="31.276138611137866973876953125" lon="121.36940614320337772369384765625">
        <ele>-0.4000000059604644775390625</ele>
        <time>2026-06-06T06:19:06.000Z</time>
        <extensions>
          <ns3:TrackPointExtension>
            <ns3:hr>138</ns3:hr>
            <ns3:cad>83</ns3:cad>
          </ns3:TrackPointExtension>
        </extensions>
      </trkpt>
      <trkpt lat="31.27616400830447673797607421875" lon="121.36940832249820232391357421875">
        <ele>-0.4000000059604644775390625</ele>
        <time>2026-06-06T06:19:07.000Z</time>
        <extensions>
          <ns3:TrackPointExtension>
            <ns3:hr>138</ns3:hr>
            <ns3:cad>83</ns3:cad>
          </ns3:TrackPointExtension>
        </extensions>
      </trkpt>
      <trkpt lat="31.2761863879859447479248046875" lon="121.3694146089255809783935546875">
        <ele>-0.4000000059604644775390625</ele>
        <time>2026-06-06T06:19:08.000Z</time>
        <extensions>
          <ns3:TrackPointExtension>
            <ns3:hr>137</ns3:hr>
            <ns3:cad>83</ns3:cad>
          </ns3:TrackPointExtension>
        </extensions>
      </trkpt>
      <trkpt lat="31.27620927058160305023193359375" lon="121.36942056007683277130126953125">
        <ele>-0.4000000059604644775390625</ele>
        <time>2026-06-06T06:19:09.000Z</time>
        <extensions>
          <ns3:TrackPointExtension>
            <ns3:hr>137</ns3:hr>
            <ns3:cad>83</ns3:cad>
          </ns3:TrackPointExtension>
        </extensions>
      </trkpt>
      <trkpt lat="31.27623190172016620635986328125" lon="121.36942776851356029510498046875">
        <ele>-0.4000000059604644775390625</ele>
        <time>2026-06-06T06:19:10.000Z</time>
        <extensions>
          <ns3:TrackPointExtension>
            <ns3:hr>137</ns3:hr>
            <ns3:cad>83</ns3:cad>
          </ns3:TrackPointExtension>
        </extensions>
      </trkpt>
      <trkpt lat="31.2762534432113170623779296875" lon="121.3694330491125583648681640625">
        <ele>-0.4000000059604644775390625</ele>
        <time>2026-06-06T06:19:11.000Z</time>
        <extensions>
          <ns3:TrackPointExtension>
            <ns3:hr>136</ns3:hr>
            <ns3:cad>83</ns3:cad>
          </ns3:TrackPointExtension>
        </extensions>
      </trkpt>
      <trkpt lat="31.2762755714356899261474609375" lon="121.36943698860704898834228515625">
        <ele>-0.60000002384185791015625</ele>
        <time>2026-06-06T06:19:12.000Z</time>
        <extensions>
          <ns3:TrackPointExtension>
            <ns3:hr>136</ns3:hr>
            <ns3:cad>83</ns3:cad>
          </ns3:TrackPointExtension>
        </extensions>
      </trkpt>
      <trkpt lat="31.27629728056490421295166015625" lon="121.36943983845412731170654296875">
        <ele>-0.60000002384185791015625</ele>
        <time>2026-06-06T06:19:13.000Z</time>
        <extensions>
          <ns3:TrackPointExtension>
            <ns3:hr>136</ns3:hr>
            <ns3:cad>83</ns3:cad>
          </ns3:TrackPointExtension>
        </extensions>
      </trkpt>
      <trkpt lat="31.27632133662700653076171875" lon="121.36944293975830078125">
        <ele>-0.60000002384185791015625</ele>
        <time>2026-06-06T06:19:14.000Z</time>
        <extensions>
          <ns3:TrackPointExtension>
            <ns3:hr>136</ns3:hr>
            <ns3:cad>82</ns3:cad>
          </ns3:TrackPointExtension>
        </extensions>
      </trkpt>
      <trkpt lat="31.2763432972133159637451171875" lon="121.36944687925279140472412109375">
        <ele>-0.60000002384185791015625</ele>
        <time>2026-06-06T06:19:15.000Z</time>
        <extensions>
          <ns3:TrackPointExtension>
            <ns3:hr>136</ns3:hr>
            <ns3:cad>82</ns3:cad>
          </ns3:TrackPointExtension>
        </extensions>
      </trkpt>
      <trkpt lat="31.27636735327541828155517578125" lon="121.36945056729018688201904296875">
        <ele>-0.60000002384185791015625</ele>
        <time>2026-06-06T06:19:16.000Z</time>
        <extensions>
          <ns3:TrackPointExtension>
            <ns3:hr>136</ns3:hr>
            <ns3:cad>83</ns3:cad>
          </ns3:TrackPointExtension>
        </extensions>
      </trkpt>
      <trkpt lat="31.27639316953718662261962890625" lon="121.36945475824177265167236328125">
        <ele>-0.800000011920928955078125</ele>
        <time>2026-06-06T06:19:17.000Z</time>
        <extensions>
          <ns3:TrackPointExtension>
            <ns3:hr>136</ns3:hr>
            <ns3:cad>83</ns3:cad>
          </ns3:TrackPointExtension>
        </extensions>
      </trkpt>
      <trkpt lat="31.276415549218654632568359375" lon="121.369457356631755828857421875">
        <ele>-0.800000011920928955078125</ele>
        <time>2026-06-06T06:19:18.000Z</time>
        <extensions>
          <ns3:TrackPointExtension>
            <ns3:hr>136</ns3:hr>
            <ns3:cad>83</ns3:cad>
          </ns3:TrackPointExtension>
        </extensions>
      </trkpt>
      <trkpt lat="31.2764368392527103424072265625" lon="121.36945811100304126739501953125">
        <ele>-0.800000011920928955078125</ele>
        <time>2026-06-06T06:19:19.000Z</time>
        <extensions>
          <ns3:TrackPointExtension>
            <ns3:hr>136</ns3:hr>
            <ns3:cad>83</ns3:cad>
          </ns3:TrackPointExtension>
        </extensions>
      </trkpt>
      <trkpt lat="31.27645888365805149078369140625" lon="121.36946062557399272918701171875">
        <ele>-0.800000011920928955078125</ele>
        <time>2026-06-06T06:19:20.000Z</time>
        <extensions>
          <ns3:TrackPointExtension>
            <ns3:hr>136</ns3:hr>
            <ns3:cad>83</ns3:cad>
          </ns3:TrackPointExtension>
        </extensions>
      </trkpt>
      <trkpt lat="31.27648117952048778533935546875" lon="121.3694672472774982452392578125">
        <ele>-0.800000011920928955078125</ele>
        <time>2026-06-06T06:19:21.000Z</time>
        <extensions>
          <ns3:TrackPointExtension>
            <ns3:hr>136</ns3:hr>
            <ns3:cad>83</ns3:cad>
          </ns3:TrackPointExtension>
        </extensions>
      </trkpt>
      <trkpt lat="31.27650372684001922607421875" lon="121.3694716058671474456787109375">
        <ele>-0.800000011920928955078125</ele>
        <time>2026-06-06T06:19:22.000Z</time>
        <extensions>
          <ns3:TrackPointExtension>
            <ns3:hr>136</ns3:hr>
            <ns3:cad>83</ns3:cad>
          </ns3:TrackPointExtension>
        </extensions>
      </trkpt>
      <trkpt lat="31.27652912400662899017333984375" lon="121.3694739528000354766845703125">
        <ele>-0.800000011920928955078125</ele>
        <time>2026-06-06T06:19:23.000Z</time>
        <extensions>
          <ns3:TrackPointExtension>
            <ns3:hr>136</ns3:hr>
            <ns3:cad>83</ns3:cad>
          </ns3:TrackPointExtension>
        </extensions>
      </trkpt>
      <trkpt lat="31.27655443735420703887939453125" lon="121.36947554536163806915283203125">
        <ele>-0.800000011920928955078125</ele>
        <time>2026-06-06T06:19:24.000Z</time>
        <extensions>
          <ns3:TrackPointExtension>
            <ns3:hr>136</ns3:hr>
            <ns3:cad>82</ns3:cad>
          </ns3:TrackPointExtension>
        </extensions>
      </trkpt>
      <trkpt lat="31.276579834520816802978515625" lon="121.36948090977966785430908203125">
        <ele>-0.800000011920928955078125</ele>
        <time>2026-06-06T06:19:25.000Z</time>
        <extensions>
          <ns3:TrackPointExtension>
            <ns3:hr>136</ns3:hr>
            <ns3:cad>82</ns3:cad>
          </ns3:TrackPointExtension>
        </extensions>
      </trkpt>
      <trkpt lat="31.2766038067638874053955078125" lon="121.36948074214160442352294921875">
        <ele>-0.800000011920928955078125</ele>
        <time>2026-06-06T06:19:26.000Z</time>
        <extensions>
          <ns3:TrackPointExtension>
            <ns3:hr>136</ns3:hr>
            <ns3:cad>81</ns3:cad>
          </ns3:TrackPointExtension>
        </extensions>
      </trkpt>
      <trkpt lat="31.2766282819211483001708984375" lon="121.369484178721904754638671875">
        <ele>-0.800000011920928955078125</ele>
        <time>2026-06-06T06:19:27.000Z</time>
        <extensions>
          <ns3:TrackPointExtension>
            <ns3:hr>136</ns3:hr>
            <ns3:cad>81</ns3:cad>
          </ns3:TrackPointExtension>
        </extensions>
      </trkpt>
      <trkpt lat="31.27665233798325061798095703125" lon="121.3694843463599681854248046875">
        <ele>-0.800000011920928955078125</ele>
        <time>2026-06-06T06:19:28.000Z</time>
        <extensions>
          <ns3:TrackPointExtension>
            <ns3:hr>136</ns3:hr>
            <ns3:cad>81</ns3:cad>
          </ns3:TrackPointExtension>
        </extensions>
      </trkpt>
      <trkpt lat="31.27667614258825778961181640625" lon="121.36948761530220508575439453125">
        <ele>-0.800000011920928955078125</ele>
        <time>2026-06-06T06:19:29.000Z</time>
        <extensions>
          <ns3:TrackPointExtension>
            <ns3:hr>136</ns3:hr>
            <ns3:cad>82</ns3:cad>
          </ns3:TrackPointExtension>
        </extensions>
      </trkpt>
      <trkpt lat="31.276699863374233245849609375" lon="121.36949281208217144012451171875">
        <ele>-0.800000011920928955078125</ele>
        <time>2026-06-06T06:19:30.000Z</time>
        <extensions>
          <ns3:TrackPointExtension>
            <ns3:hr>136</ns3:hr>
            <ns3:cad>82</ns3:cad>
          </ns3:TrackPointExtension>
        </extensions>
      </trkpt>
      <trkpt lat="31.2767224945127964019775390625" lon="121.3694994337856769561767578125">
        <ele>-0.800000011920928955078125</ele>
        <time>2026-06-06T06:19:31.000Z</time>
        <extensions>
          <ns3:TrackPointExtension>
            <ns3:hr>136</ns3:hr>
            <ns3:cad>82</ns3:cad>
          </ns3:TrackPointExtension>
        </extensions>
      </trkpt>
      <trkpt lat="31.27674571238458156585693359375" lon="121.36950454674661159515380859375">
        <ele>-0.800000011920928955078125</ele>
        <time>2026-06-06T06:19:32.000Z</time>
        <extensions>
          <ns3:TrackPointExtension>
            <ns3:hr>136</ns3:hr>
            <ns3:cad>82</ns3:cad>
          </ns3:TrackPointExtension>
        </extensions>
      </trkpt>
      <trkpt lat="31.27676968462765216827392578125" lon="121.36951058171689510345458984375">
        <ele>-0.800000011920928955078125</ele>
        <time>2026-06-06T06:19:33.000Z</time>
        <extensions>
          <ns3:TrackPointExtension>
            <ns3:hr>136</ns3:hr>
            <ns3:cad>81</ns3:cad>
          </ns3:TrackPointExtension>
        </extensions>
      </trkpt>
      <trkpt lat="31.2767929024994373321533203125" lon="121.3695084862411022186279296875">
        <ele>-0.800000011920928955078125</ele>
        <time>2026-06-06T06:19:34.000Z</time>
        <extensions>
          <ns3:TrackPointExtension>
            <ns3:hr>136</ns3:hr>
            <ns3:cad>81</ns3:cad>
          </ns3:TrackPointExtension>
        </extensions>
      </trkpt>
      <trkpt lat="31.27681813202798366546630859375" lon="121.36950823478400707244873046875">
        <ele>-0.800000011920928955078125</ele>
        <time>2026-06-06T06:19:35.000Z</time>
        <extensions>
          <ns3:TrackPointExtension>
            <ns3:hr>136</ns3:hr>
            <ns3:cad>81</ns3:cad>
          </ns3:TrackPointExtension>
        </extensions>
      </trkpt>
      <trkpt lat="31.27684243954718112945556640625" lon="121.36951141990721225738525390625">
        <ele>-0.800000011920928955078125</ele>
        <time>2026-06-06T06:19:36.000Z</time>
        <extensions>
          <ns3:TrackPointExtension>
            <ns3:hr>136</ns3:hr>
            <ns3:cad>81</ns3:cad>
          </ns3:TrackPointExtension>
        </extensions>
      </trkpt>
      <trkpt lat="31.2768636457622051239013671875" lon="121.36951200664043426513671875">
        <ele>-0.60000002384185791015625</ele>
        <time>2026-06-06T06:19:37.000Z</time>
        <extensions>
          <ns3:TrackPointExtension>
            <ns3:hr>136</ns3:hr>
            <ns3:cad>81</ns3:cad>
          </ns3:TrackPointExtension>
        </extensions>
      </trkpt>
      <trkpt lat="31.276886947453022003173828125" lon="121.36951225809752941131591796875">
        <ele>-0.60000002384185791015625</ele>
        <time>2026-06-06T06:19:38.000Z</time>
        <extensions>
          <ns3:TrackPointExtension>
            <ns3:hr>136</ns3:hr>
            <ns3:cad>81</ns3:cad>
          </ns3:TrackPointExtension>
        </extensions>
      </trkpt>
      <trkpt lat="31.27691217698156833648681640625" lon="121.3695131801068782806396484375">
        <ele>-0.60000002384185791015625</ele>
        <time>2026-06-06T06:19:39.000Z</time>
        <extensions>
          <ns3:TrackPointExtension>
            <ns3:hr>136</ns3:hr>
            <ns3:cad>81</ns3:cad>
          </ns3:TrackPointExtension>
        </extensions>
      </trkpt>
      <trkpt lat="31.27693531103432178497314453125" lon="121.3695111684501171112060546875">
        <ele>-0.60000002384185791015625</ele>
        <time>2026-06-06T06:19:40.000Z</time>
        <extensions>
          <ns3:TrackPointExtension>
            <ns3:hr>136</ns3:hr>
            <ns3:cad>82</ns3:cad>
          </ns3:TrackPointExtension>
        </extensions>
      </trkpt>
      <trkpt lat="31.276958025991916656494140625" lon="121.36951259337365627288818359375">
        <ele>-0.800000011920928955078125</ele>
        <time>2026-06-06T06:19:41.000Z</time>
        <extensions>
          <ns3:TrackPointExtension>
            <ns3:hr>136</ns3:hr>
            <ns3:cad>82</ns3:cad>
          </ns3:TrackPointExtension>
        </extensions>
      </trkpt>
      <trkpt lat="31.2769850157201290130615234375" lon="121.36951410211622714996337890625">
        <ele>-0.800000011920928955078125</ele>
        <time>2026-06-06T06:19:42.000Z</time>
        <extensions>
          <ns3:TrackPointExtension>
            <ns3:hr>136</ns3:hr>
            <ns3:cad>82</ns3:cad>
          </ns3:TrackPointExtension>
        </extensions>
      </trkpt>
      <trkpt lat="31.2770071439445018768310546875" lon="121.36951443739235401153564453125">
        <ele>-1</ele>
        <time>2026-06-06T06:19:43.000Z</time>
        <extensions>
          <ns3:TrackPointExtension>
            <ns3:hr>136</ns3:hr>
            <ns3:cad>82</ns3:cad>
          </ns3:TrackPointExtension>
        </extensions>
      </trkpt>
      <trkpt lat="31.2770299427211284637451171875" lon="121.36951628141105175018310546875">
        <ele>-1</ele>
        <time>2026-06-06T06:19:44.000Z</time>
        <extensions>
          <ns3:TrackPointExtension>
            <ns3:hr>137</ns3:hr>
            <ns3:cad>81</ns3:cad>
          </ns3:TrackPointExtension>
        </extensions>
      </trkpt>
      <trkpt lat="31.277053914964199066162109375" lon="121.36952030472457408905029296875">
        <ele>-1</ele>
        <time>2026-06-06T06:19:45.000Z</time>
        <extensions>
          <ns3:TrackPointExtension>
            <ns3:hr>137</ns3:hr>
            <ns3:cad>79</ns3:cad>
          </ns3:TrackPointExtension>
        </extensions>
      </trkpt>
      <trkpt lat="31.27707931213080883026123046875" lon="121.36952675879001617431640625">
        <ele>-1</ele>
        <time>2026-06-06T06:19:46.000Z</time>
        <extensions>
          <ns3:TrackPointExtension>
            <ns3:hr>138</ns3:hr>
            <ns3:cad>79</ns3:cad>
          </ns3:TrackPointExtension>
        </extensions>
      </trkpt>
      <trkpt lat="31.277099512517452239990234375" lon="121.36953346431255340576171875">
        <ele>-1</ele>
        <time>2026-06-06T06:19:47.000Z</time>
        <extensions>
          <ns3:TrackPointExtension>
            <ns3:hr>138</ns3:hr>
            <ns3:cad>79</ns3:cad>
          </ns3:TrackPointExtension>
        </extensions>
      </trkpt>
      <trkpt lat="31.27712273038923740386962890625" lon="121.369543857872486114501953125">
        <ele>-1.2000000476837158203125</ele>
        <time>2026-06-06T06:19:48.000Z</time>
        <extensions>
          <ns3:TrackPointExtension>
            <ns3:hr>138</ns3:hr>
            <ns3:cad>81</ns3:cad>
          </ns3:TrackPointExtension>
        </extensions>
      </trkpt>
      <trkpt lat="31.27714703790843486785888671875" lon="121.36954821646213531494140625">
        <ele>-1.2000000476837158203125</ele>
        <time>2026-06-06T06:19:49.000Z</time>
        <extensions>
          <ns3:TrackPointExtension>
            <ns3:hr>138</ns3:hr>
            <ns3:cad>81</ns3:cad>
          </ns3:TrackPointExtension>
        </extensions>
      </trkpt>
      <trkpt lat="31.27717251889407634735107421875" lon="121.36955081485211849212646484375">
        <ele>-1.39999997615814208984375</ele>
        <time>2026-06-06T06:19:50.000Z</time>
        <extensions>
          <ns3:TrackPointExtension>
            <ns3:hr>138</ns3:hr>
            <ns3:cad>80</ns3:cad>
          </ns3:TrackPointExtension>
        </extensions>
      </trkpt>
      <trkpt lat="31.2771962396800518035888671875" lon="121.369555257260799407958984375">
        <ele>-1.39999997615814208984375</ele>
        <time>2026-06-06T06:19:51.000Z</time>
        <extensions>
          <ns3:TrackPointExtension>
            <ns3:hr>138</ns3:hr>
            <ns3:cad>80</ns3:cad>
          </ns3:TrackPointExtension>
        </extensions>
      </trkpt>
      <trkpt lat="31.27721845172345638275146484375" lon="121.369557939469814300537109375">
        <ele>-1.39999997615814208984375</ele>
        <time>2026-06-06T06:19:52.000Z</time>
        <extensions>
          <ns3:TrackPointExtension>
            <ns3:hr>138</ns3:hr>
            <ns3:cad>80</ns3:cad>
          </ns3:TrackPointExtension>
        </extensions>
      </trkpt>
      <trkpt lat="31.27724175341427326202392578125" lon="121.36956271715462207794189453125">
        <ele>-1.39999997615814208984375</ele>
        <time>2026-06-06T06:19:53.000Z</time>
        <extensions>
          <ns3:TrackPointExtension>
            <ns3:hr>138</ns3:hr>
            <ns3:cad>80</ns3:cad>
          </ns3:TrackPointExtension>
        </extensions>
      </trkpt>
      <trkpt lat="31.27726740203797817230224609375" lon="121.36956322006881237030029296875">
        <ele>-1.39999997615814208984375</ele>
        <time>2026-06-06T06:19:54.000Z</time>
        <extensions>
          <ns3:TrackPointExtension>
            <ns3:hr>138</ns3:hr>
            <ns3:cad>80</ns3:cad>
          </ns3:TrackPointExtension>
        </extensions>
      </trkpt>
      <trkpt lat="31.27729204483330249786376953125" lon="121.3695661537349224090576171875">
        <ele>-1.39999997615814208984375</ele>
        <time>2026-06-06T06:19:55.000Z</time>
        <extensions>
          <ns3:TrackPointExtension>
            <ns3:hr>137</ns3:hr>
            <ns3:cad>81</ns3:cad>
          </ns3:TrackPointExtension>
        </extensions>
      </trkpt>
      <trkpt lat="31.27731601707637310028076171875" lon="121.3695705123245716094970703125">
        <ele>-1.39999997615814208984375</ele>
        <time>2026-06-06T06:19:56.000Z</time>
        <extensions>
          <ns3:TrackPointExtension>
            <ns3:hr>138</ns3:hr>
            <ns3:cad>81</ns3:cad>
          </ns3:TrackPointExtension>
        </extensions>
      </trkpt>
      <trkpt lat="31.27733998931944370269775390625" lon="121.369573362171649932861328125">
        <ele>-1.2000000476837158203125</ele>
        <time>2026-06-06T06:19:57.000Z</time>
        <extensions>
          <ns3:TrackPointExtension>
            <ns3:hr>138</ns3:hr>
            <ns3:cad>81</ns3:cad>
          </ns3:TrackPointExtension>
        </extensions>
      </trkpt>
      <trkpt lat="31.2773672305047512054443359375" lon="121.3695765472948551177978515625">
        <ele>-1.2000000476837158203125</ele>
        <time>2026-06-06T06:19:58.000Z</time>
        <extensions>
          <ns3:TrackPointExtension>
            <ns3:hr>138</ns3:hr>
            <ns3:cad>81</ns3:cad>
          </ns3:TrackPointExtension>
        </extensions>
      </trkpt>
      <trkpt lat="31.2773893587291240692138671875" lon="121.36957637965679168701171875">
        <ele>-1</ele>
        <time>2026-06-06T06:19:59.000Z</time>
        <extensions>
          <ns3:TrackPointExtension>
            <ns3:hr>138</ns3:hr>
            <ns3:cad>81</ns3:cad>
          </ns3:TrackPointExtension>
        </extensions>
      </trkpt>
      <trkpt lat="31.277411319315433502197265625" lon="121.3695876114070415496826171875">
        <ele>-0.800000011920928955078125</ele>
        <time>2026-06-06T06:20:00.000Z</time>
        <extensions>
          <ns3:TrackPointExtension>
            <ns3:hr>138</ns3:hr>
            <ns3:cad>82</ns3:cad>
          </ns3:TrackPointExtension>
        </extensions>
      </trkpt>
      <trkpt lat="31.27743319608271121978759765625" lon="121.36959247291088104248046875">
        <ele>-0.60000002384185791015625</ele>
        <time>2026-06-06T06:20:01.000Z</time>
        <extensions>
          <ns3:TrackPointExtension>
            <ns3:hr>138</ns3:hr>
            <ns3:cad>83</ns3:cad>
          </ns3:TrackPointExtension>
        </extensions>
      </trkpt>
      <trkpt lat="31.277456246316432952880859375" lon="121.36958870105445384979248046875">
        <ele>-0.60000002384185791015625</ele>
        <time>2026-06-06T06:20:02.000Z</time>
        <extensions>
          <ns3:TrackPointExtension>
            <ns3:hr>138</ns3:hr>
            <ns3:cad>83</ns3:cad>
          </ns3:TrackPointExtension>
        </extensions>
      </trkpt>
      <trkpt lat="31.277479045093059539794921875" lon="121.3695892877876758575439453125">
        <ele>-0.4000000059604644775390625</ele>
        <time>2026-06-06T06:20:03.000Z</time>
        <extensions>
          <ns3:TrackPointExtension>
            <ns3:hr>138</ns3:hr>
            <ns3:cad>82</ns3:cad>
          </ns3:TrackPointExtension>
        </extensions>
      </trkpt>
      <trkpt lat="31.27750326879322528839111328125" lon="121.36960211209952831268310546875">
        <ele>-0.4000000059604644775390625</ele>
        <time>2026-06-06T06:20:04.000Z</time>
        <extensions>
          <ns3:TrackPointExtension>
            <ns3:hr>138</ns3:hr>
            <ns3:cad>82</ns3:cad>
          </ns3:TrackPointExtension>
        </extensions>
      </trkpt>
      <trkpt lat="31.27752606756985187530517578125" lon="121.36960563249886035919189453125">
        <ele>-0.4000000059604644775390625</ele>
        <time>2026-06-06T06:20:05.000Z</time>
        <extensions>
          <ns3:TrackPointExtension>
            <ns3:hr>138</ns3:hr>
            <ns3:cad>82</ns3:cad>
          </ns3:TrackPointExtension>
        </extensions>
      </trkpt>
      <trkpt lat="31.27755071036517620086669921875" lon="121.36960580013692378997802734375">
        <ele>-0.4000000059604644775390625</ele>
        <time>2026-06-06T06:20:06.000Z</time>
        <extensions>
          <ns3:TrackPointExtension>
            <ns3:hr>138</ns3:hr>
            <ns3:cad>81</ns3:cad>
          </ns3:TrackPointExtension>
        </extensions>
      </trkpt>
      <trkpt lat="31.27757652662694454193115234375" lon="121.3696110807359218597412109375">
        <ele>-0.4000000059604644775390625</ele>
        <time>2026-06-06T06:20:07.000Z</time>
        <extensions>
          <ns3:TrackPointExtension>
            <ns3:hr>138</ns3:hr>
            <ns3:cad>81</ns3:cad>
          </ns3:TrackPointExtension>
        </extensions>
      </trkpt>
      <trkpt lat="31.27759982831776142120361328125" lon="121.36961527168750762939453125">
        <ele>-0.20000000298023223876953125</ele>
        <time>2026-06-06T06:20:08.000Z</time>
        <extensions>
          <ns3:TrackPointExtension>
            <ns3:hr>138</ns3:hr>
            <ns3:cad>81</ns3:cad>
          </ns3:TrackPointExtension>
        </extensions>
      </trkpt>
      <trkpt lat="31.2776220403611660003662109375" lon="121.3696184568107128143310546875">
        <ele>-0.20000000298023223876953125</ele>
        <time>2026-06-06T06:20:09.000Z</time>
        <extensions>
          <ns3:TrackPointExtension>
            <ns3:hr>138</ns3:hr>
            <ns3:cad>81</ns3:cad>
          </ns3:TrackPointExtension>
        </extensions>
      </trkpt>
      <trkpt lat="31.27764500677585601806640625" lon="121.3696231506764888763427734375">
        <ele>-0.20000000298023223876953125</ele>
        <time>2026-06-06T06:20:10.000Z</time>
        <extensions>
          <ns3:TrackPointExtension>
            <ns3:hr>138</ns3:hr>
            <ns3:cad>82</ns3:cad>
          </ns3:TrackPointExtension>
        </extensions>
      </trkpt>
      <trkpt lat="31.27766554243862628936767578125" lon="121.3696281798183917999267578125">
        <ele>-0.20000000298023223876953125</ele>
        <time>2026-06-06T06:20:11.000Z</time>
        <extensions>
          <ns3:TrackPointExtension>
            <ns3:hr>138</ns3:hr>
            <ns3:cad>82</ns3:cad>
          </ns3:TrackPointExtension>
        </extensions>
      </trkpt>
      <trkpt lat="31.27769001759588718414306640625" lon="121.369633041322231292724609375">
        <ele>-0.20000000298023223876953125</ele>
        <time>2026-06-06T06:20:12.000Z</time>
        <extensions>
          <ns3:TrackPointExtension>
            <ns3:hr>138</ns3:hr>
            <ns3:cad>82</ns3:cad>
          </ns3:TrackPointExtension>
        </extensions>
      </trkpt>
      <trkpt lat="31.2777095474302768707275390625" lon="121.3696355558931827545166015625">
        <ele>-0.20000000298023223876953125</ele>
        <time>2026-06-06T06:20:13.000Z</time>
        <extensions>
          <ns3:TrackPointExtension>
            <ns3:hr>138</ns3:hr>
            <ns3:cad>82</ns3:cad>
          </ns3:TrackPointExtension>
        </extensions>
      </trkpt>
      <trkpt lat="31.27773259766399860382080078125" lon="121.36963748373091220855712890625">
        <ele>-0.20000000298023223876953125</ele>
        <time>2026-06-06T06:20:14.000Z</time>
        <extensions>
          <ns3:TrackPointExtension>
            <ns3:hr>138</ns3:hr>
            <ns3:cad>82</ns3:cad>
          </ns3:TrackPointExtension>
        </extensions>
      </trkpt>
      <trkpt lat="31.27775589935481548309326171875" lon="121.36964050121605396270751953125">
        <ele>-0.20000000298023223876953125</ele>
        <time>2026-06-06T06:20:15.000Z</time>
        <extensions>
          <ns3:TrackPointExtension>
            <ns3:hr>138</ns3:hr>
            <ns3:cad>82</ns3:cad>
          </ns3:TrackPointExtension>
        </extensions>
      </trkpt>
      <trkpt lat="31.2777772732079029083251953125" lon="121.36964477598667144775390625">
        <ele>-0.20000000298023223876953125</ele>
        <time>2026-06-06T06:20:16.000Z</time>
        <extensions>
          <ns3:TrackPointExtension>
            <ns3:hr>138</ns3:hr>
            <ns3:cad>82</ns3:cad>
          </ns3:TrackPointExtension>
        </extensions>
      </trkpt>
      <trkpt lat="31.2778004072606563568115234375" lon="121.36964879930019378662109375">
        <ele>-0.20000000298023223876953125</ele>
        <time>2026-06-06T06:20:17.000Z</time>
        <extensions>
          <ns3:TrackPointExtension>
            <ns3:hr>138</ns3:hr>
            <ns3:cad>82</ns3:cad>
          </ns3:TrackPointExtension>
        </extensions>
      </trkpt>
      <trkpt lat="31.27782429568469524383544921875" lon="121.3696503080427646636962890625">
        <ele>-0.4000000059604644775390625</ele>
        <time>2026-06-06T06:20:18.000Z</time>
        <extensions>
          <ns3:TrackPointExtension>
            <ns3:hr>138</ns3:hr>
            <ns3:cad>82</ns3:cad>
          </ns3:TrackPointExtension>
        </extensions>
      </trkpt>
      <trkpt lat="31.277845166623592376708984375" lon="121.3696499727666378021240234375">
        <ele>-0.4000000059604644775390625</ele>
        <time>2026-06-06T06:20:19.000Z</time>
        <extensions>
          <ns3:TrackPointExtension>
            <ns3:hr>138</ns3:hr>
            <ns3:cad>82</ns3:cad>
          </ns3:TrackPointExtension>
        </extensions>
      </trkpt>
      <trkpt lat="31.27786754630506038665771484375" lon="121.36965156532824039459228515625">
        <ele>-0.4000000059604644775390625</ele>
        <time>2026-06-06T06:20:20.000Z</time>
        <extensions>
          <ns3:TrackPointExtension>
            <ns3:hr>139</ns3:hr>
            <ns3:cad>82</ns3:cad>
          </ns3:TrackPointExtension>
        </extensions>
      </trkpt>
      <trkpt lat="31.27788933925330638885498046875" lon="121.36965475045144557952880859375">
        <ele>-0.20000000298023223876953125</ele>
        <time>2026-06-06T06:20:21.000Z</time>
        <extensions>
          <ns3:TrackPointExtension>
            <ns3:hr>138</ns3:hr>
            <ns3:cad>82</ns3:cad>
          </ns3:TrackPointExtension>
        </extensions>
      </trkpt>
      <trkpt lat="31.27791322767734527587890625" lon="121.36965760029852390289306640625">
        <ele>-0.4000000059604644775390625</ele>
        <time>2026-06-06T06:20:22.000Z</time>
        <extensions>
          <ns3:TrackPointExtension>
            <ns3:hr>138</ns3:hr>
            <ns3:cad>82</ns3:cad>
          </ns3:TrackPointExtension>
        </extensions>
      </trkpt>
      <trkpt lat="31.27793694846332073211669921875" lon="121.36965961195528507232666015625">
        <ele>-0.4000000059604644775390625</ele>
        <time>2026-06-06T06:20:23.000Z</time>
        <extensions>
          <ns3:TrackPointExtension>
            <ns3:hr>138</ns3:hr>
            <ns3:cad>83</ns3:cad>
          </ns3:TrackPointExtension>
        </extensions>
      </trkpt>
      <trkpt lat="31.277959160506725311279296875" lon="121.36966430582106113433837890625">
        <ele>-0.4000000059604644775390625</ele>
        <time>2026-06-06T06:20:24.000Z</time>
        <extensions>
          <ns3:TrackPointExtension>
            <ns3:hr>138</ns3:hr>
            <ns3:cad>83</ns3:cad>
          </ns3:TrackPointExtension>
        </extensions>
      </trkpt>
      <trkpt lat="31.27798204310238361358642578125" lon="121.3696684129536151885986328125">
        <ele>-0.60000002384185791015625</ele>
        <time>2026-06-06T06:20:25.000Z</time>
        <extensions>
          <ns3:TrackPointExtension>
            <ns3:hr>138</ns3:hr>
            <ns3:cad>83</ns3:cad>
          </ns3:TrackPointExtension>
        </extensions>
      </trkpt>
      <trkpt lat="31.27800467424094676971435546875" lon="121.36967134661972522735595703125">
        <ele>-0.60000002384185791015625</ele>
        <time>2026-06-06T06:20:26.000Z</time>
        <extensions>
          <ns3:TrackPointExtension>
            <ns3:hr>138</ns3:hr>
            <ns3:cad>83</ns3:cad>
          </ns3:TrackPointExtension>
        </extensions>
      </trkpt>
      <trkpt lat="31.2780238687992095947265625" lon="121.3696737773716449737548828125">
        <ele>-0.60000002384185791015625</ele>
        <time>2026-06-06T06:20:27.000Z</time>
        <extensions>
          <ns3:TrackPointExtension>
            <ns3:hr>138</ns3:hr>
            <ns3:cad>82</ns3:cad>
          </ns3:TrackPointExtension>
        </extensions>
      </trkpt>
      <trkpt lat="31.27804943360388278961181640625" lon="121.3696804828941822052001953125">
        <ele>-0.4000000059604644775390625</ele>
        <time>2026-06-06T06:20:28.000Z</time>
        <extensions>
          <ns3:TrackPointExtension>
            <ns3:hr>138</ns3:hr>
            <ns3:cad>82</ns3:cad>
          </ns3:TrackPointExtension>
        </extensions>
      </trkpt>
      <trkpt lat="31.27807223238050937652587890625" lon="121.36968157254159450531005859375">
        <ele>-0.4000000059604644775390625</ele>
        <time>2026-06-06T06:20:29.000Z</time>
        <extensions>
          <ns3:TrackPointExtension>
            <ns3:hr>138</ns3:hr>
            <ns3:cad>82</ns3:cad>
          </ns3:TrackPointExtension>
        </extensions>
      </trkpt>
      <trkpt lat="31.27809653989970684051513671875" lon="121.3696838356554508209228515625">
        <ele>-0.4000000059604644775390625</ele>
        <time>2026-06-06T06:20:30.000Z</time>
        <extensions>
          <ns3:TrackPointExtension>
            <ns3:hr>138</ns3:hr>
            <ns3:cad>81</ns3:cad>
          </ns3:TrackPointExtension>
        </extensions>
      </trkpt>
      <trkpt lat="31.27812252379953861236572265625" lon="121.3696883618831634521484375">
        <ele>-0.4000000059604644775390625</ele>
        <time>2026-06-06T06:20:31.000Z</time>
        <extensions>
          <ns3:TrackPointExtension>
            <ns3:hr>138</ns3:hr>
            <ns3:cad>81</ns3:cad>
          </ns3:TrackPointExtension>
        </extensions>
      </trkpt>
      <trkpt lat="31.278145574033260345458984375" lon="121.36968509294092655181884765625">
        <ele>-0.4000000059604644775390625</ele>
        <time>2026-06-06T06:20:32.000Z</time>
        <extensions>
          <ns3:TrackPointExtension>
            <ns3:hr>138</ns3:hr>
            <ns3:cad>82</ns3:cad>
          </ns3:TrackPointExtension>
        </extensions>
      </trkpt>
      <trkpt lat="31.2781678698956966400146484375" lon="121.3696821592748165130615234375">
        <ele>-0.60000002384185791015625</ele>
        <time>2026-06-06T06:20:33.000Z</time>
        <extensions>
          <ns3:TrackPointExtension>
            <ns3:hr>138</ns3:hr>
            <ns3:cad>82</ns3:cad>
          </ns3:TrackPointExtension>
        </extensions>
      </trkpt>
      <trkpt lat="31.27818991430103778839111328125" lon="121.36968375183641910552978515625">
        <ele>-0.60000002384185791015625</ele>
        <time>2026-06-06T06:20:34.000Z</time>
        <extensions>
          <ns3:TrackPointExtension>
            <ns3:hr>138</ns3:hr>
            <ns3:cad>82</ns3:cad>
          </ns3:TrackPointExtension>
        </extensions>
      </trkpt>
      <trkpt lat="31.2782116234302520751953125" lon="121.36968727223575115203857421875">
        <ele>-0.60000002384185791015625</ele>
        <time>2026-06-06T06:20:35.000Z</time>
        <extensions>
          <ns3:TrackPointExtension>
            <ns3:hr>138</ns3:hr>
            <ns3:cad>82</ns3:cad>
          </ns3:TrackPointExtension>
        </extensions>
      </trkpt>
      <trkpt lat="31.278237439692020416259765625" lon="121.36968961916863918304443359375">
        <ele>-0.60000002384185791015625</ele>
        <time>2026-06-06T06:20:36.000Z</time>
        <extensions>
          <ns3:TrackPointExtension>
            <ns3:hr>138</ns3:hr>
            <ns3:cad>81</ns3:cad>
          </ns3:TrackPointExtension>
        </extensions>
      </trkpt>
      <trkpt lat="31.27825948409736156463623046875" lon="121.369693391025066375732421875">
        <ele>-0.60000002384185791015625</ele>
        <time>2026-06-06T06:20:37.000Z</time>
        <extensions>
          <ns3:TrackPointExtension>
            <ns3:hr>138</ns3:hr>
            <ns3:cad>81</ns3:cad>
          </ns3:TrackPointExtension>
        </extensions>
      </trkpt>
      <trkpt lat="31.27828362397849559783935546875" lon="121.36969506740570068359375">
        <ele>-0.60000002384185791015625</ele>
        <time>2026-06-06T06:20:38.000Z</time>
        <extensions>
          <ns3:TrackPointExtension>
            <ns3:hr>138</ns3:hr>
            <ns3:cad>81</ns3:cad>
          </ns3:TrackPointExtension>
        </extensions>
      </trkpt>
      <trkpt lat="31.27830876968801021575927734375" lon="121.3697005994617938995361328125">
        <ele>-0.60000002384185791015625</ele>
        <time>2026-06-06T06:20:39.000Z</time>
        <extensions>
          <ns3:TrackPointExtension>
            <ns3:hr>138</ns3:hr>
            <ns3:cad>81</ns3:cad>
          </ns3:TrackPointExtension>
        </extensions>
      </trkpt>
      <trkpt lat="31.27833207137882709503173828125" lon="121.369706131517887115478515625">
        <ele>-0.60000002384185791015625</ele>
        <time>2026-06-06T06:20:40.000Z</time>
        <extensions>
          <ns3:TrackPointExtension>
            <ns3:hr>138</ns3:hr>
            <ns3:cad>81</ns3:cad>
          </ns3:TrackPointExtension>
        </extensions>
      </trkpt>
      <trkpt lat="31.27835336141288280487060546875" lon="121.369711495935916900634765625">
        <ele>-0.60000002384185791015625</ele>
        <time>2026-06-06T06:20:41.000Z</time>
        <extensions>
          <ns3:TrackPointExtension>
            <ns3:hr>138</ns3:hr>
            <ns3:cad>81</ns3:cad>
          </ns3:TrackPointExtension>
        </extensions>
      </trkpt>
      <trkpt lat="31.27837616018950939178466796875" lon="121.36971778236329555511474609375">
        <ele>-0.60000002384185791015625</ele>
        <time>2026-06-06T06:20:42.000Z</time>
        <extensions>
          <ns3:TrackPointExtension>
            <ns3:hr>138</ns3:hr>
            <ns3:cad>81</ns3:cad>
          </ns3:TrackPointExtension>
        </extensions>
      </trkpt>
      <trkpt lat="31.2783961929380893707275390625" lon="121.36971862055361270904541015625">
        <ele>-0.60000002384185791015625</ele>
        <time>2026-06-06T06:20:43.000Z</time>
        <extensions>
          <ns3:TrackPointExtension>
            <ns3:hr>138</ns3:hr>
            <ns3:cad>81</ns3:cad>
          </ns3:TrackPointExtension>
        </extensions>
      </trkpt>
      <trkpt lat="31.2784176506102085113525390625" lon="121.3697213865816593170166015625">
        <ele>-0.60000002384185791015625</ele>
        <time>2026-06-06T06:20:44.000Z</time>
        <extensions>
          <ns3:TrackPointExtension>
            <ns3:hr>138</ns3:hr>
            <ns3:cad>81</ns3:cad>
          </ns3:TrackPointExtension>
        </extensions>
      </trkpt>
      <trkpt lat="31.27844304777681827545166015625" lon="121.36972297914326190948486328125">
        <ele>-0.4000000059604644775390625</ele>
        <time>2026-06-06T06:20:45.000Z</time>
        <extensions>
          <ns3:TrackPointExtension>
            <ns3:hr>137</ns3:hr>
            <ns3:cad>81</ns3:cad>
          </ns3:TrackPointExtension>
        </extensions>
      </trkpt>
      <trkpt lat="31.27846534363925457000732421875" lon="121.36972767300903797149658203125">
        <ele>-0.4000000059604644775390625</ele>
        <time>2026-06-06T06:20:46.000Z</time>
        <extensions>
          <ns3:TrackPointExtension>
            <ns3:hr>137</ns3:hr>
            <ns3:cad>81</ns3:cad>
          </ns3:TrackPointExtension>
        </extensions>
      </trkpt>
      <trkpt lat="31.2784880585968494415283203125" lon="121.36973203159868717193603515625">
        <ele>-0.4000000059604644775390625</ele>
        <time>2026-06-06T06:20:47.000Z</time>
        <extensions>
          <ns3:TrackPointExtension>
            <ns3:hr>137</ns3:hr>
            <ns3:cad>81</ns3:cad>
          </ns3:TrackPointExtension>
        </extensions>
      </trkpt>
      <trkpt lat="31.27851228229701519012451171875" lon="121.369736306369304656982421875">
        <ele>-0.60000002384185791015625</ele>
        <time>2026-06-06T06:20:48.000Z</time>
        <extensions>
          <ns3:TrackPointExtension>
            <ns3:hr>136</ns3:hr>
            <ns3:cad>81</ns3:cad>
          </ns3:TrackPointExtension>
        </extensions>
      </trkpt>
      <trkpt lat="31.27853457815945148468017578125" lon="121.36973689310252666473388671875">
        <ele>-0.60000002384185791015625</ele>
        <time>2026-06-06T06:20:49.000Z</time>
        <extensions>
          <ns3:TrackPointExtension>
            <ns3:hr>136</ns3:hr>
            <ns3:cad>81</ns3:cad>
          </ns3:TrackPointExtension>
        </extensions>
      </trkpt>
      <trkpt lat="31.27856089733541011810302734375" lon="121.369739659130573272705078125">
        <ele>-0.60000002384185791015625</ele>
        <time>2026-06-06T06:20:50.000Z</time>
        <extensions>
          <ns3:TrackPointExtension>
            <ns3:hr>136</ns3:hr>
            <ns3:cad>82</ns3:cad>
          </ns3:TrackPointExtension>
        </extensions>
      </trkpt>
      <trkpt lat="31.278584115207195281982421875" lon="121.36974628083407878875732421875">
        <ele>-0.800000011920928955078125</ele>
        <time>2026-06-06T06:20:51.000Z</time>
        <extensions>
          <ns3:TrackPointExtension>
            <ns3:hr>136</ns3:hr>
            <ns3:cad>82</ns3:cad>
          </ns3:TrackPointExtension>
        </extensions>
      </trkpt>
      <trkpt lat="31.27860791981220245361328125" lon="121.36975030414760112762451171875">
        <ele>-0.800000011920928955078125</ele>
        <time>2026-06-06T06:20:52.000Z</time>
        <extensions>
          <ns3:TrackPointExtension>
            <ns3:hr>136</ns3:hr>
            <ns3:cad>82</ns3:cad>
          </ns3:TrackPointExtension>
        </extensions>
      </trkpt>
      <trkpt lat="31.2786335684359073638916015625" lon="121.36975550092756748199462890625">
        <ele>-0.60000002384185791015625</ele>
        <time>2026-06-06T06:20:53.000Z</time>
        <extensions>
          <ns3:TrackPointExtension>
            <ns3:hr>136</ns3:hr>
            <ns3:cad>82</ns3:cad>
          </ns3:TrackPointExtension>
        </extensions>
      </trkpt>
      <trkpt lat="31.27865477465093135833740234375" lon="121.36975684203207492828369140625">
        <ele>-0.60000002384185791015625</ele>
        <time>2026-06-06T06:20:54.000Z</time>
        <extensions>
          <ns3:TrackPointExtension>
            <ns3:hr>136</ns3:hr>
            <ns3:cad>82</ns3:cad>
          </ns3:TrackPointExtension>
        </extensions>
      </trkpt>
      <trkpt lat="31.27868042327463626861572265625" lon="121.36975742876529693603515625">
        <ele>-0.60000002384185791015625</ele>
        <time>2026-06-06T06:20:55.000Z</time>
        <extensions>
          <ns3:TrackPointExtension>
            <ns3:hr>136</ns3:hr>
            <ns3:cad>82</ns3:cad>
          </ns3:TrackPointExtension>
        </extensions>
      </trkpt>
      <trkpt lat="31.278703473508358001708984375" lon="121.36976639740169048309326171875">
        <ele>-0.60000002384185791015625</ele>
        <time>2026-06-06T06:20:56.000Z</time>
        <extensions>
          <ns3:TrackPointExtension>
            <ns3:hr>136</ns3:hr>
            <ns3:cad>82</ns3:cad>
          </ns3:TrackPointExtension>
        </extensions>
      </trkpt>
      <trkpt lat="31.27872526645660400390625" lon="121.3697716780006885528564453125">
        <ele>-0.60000002384185791015625</ele>
        <time>2026-06-06T06:20:57.000Z</time>
        <extensions>
          <ns3:TrackPointExtension>
            <ns3:hr>136</ns3:hr>
            <ns3:cad>82</ns3:cad>
          </ns3:TrackPointExtension>
        </extensions>
      </trkpt>
      <trkpt lat="31.278749406337738037109375" lon="121.36977913789451122283935546875">
        <ele>-0.4000000059604644775390625</ele>
        <time>2026-06-06T06:20:58.000Z</time>
        <extensions>
          <ns3:TrackPointExtension>
            <ns3:hr>136</ns3:hr>
            <ns3:cad>83</ns3:cad>
          </ns3:TrackPointExtension>
        </extensions>
      </trkpt>
      <trkpt lat="31.2787710316479206085205078125" lon="121.369788609445095062255859375">
        <ele>-0.4000000059604644775390625</ele>
        <time>2026-06-06T06:20:59.000Z</time>
        <extensions>
          <ns3:TrackPointExtension>
            <ns3:hr>136</ns3:hr>
            <ns3:cad>83</ns3:cad>
          </ns3:TrackPointExtension>
        </extensions>
      </trkpt>
      <trkpt lat="31.27879341132938861846923828125" lon="121.36979204602539539337158203125">
        <ele>-0.4000000059604644775390625</ele>
        <time>2026-06-06T06:21:00.000Z</time>
        <extensions>
          <ns3:TrackPointExtension>
            <ns3:hr>136</ns3:hr>
            <ns3:cad>83</ns3:cad>
          </ns3:TrackPointExtension>
        </extensions>
      </trkpt>
      <trkpt lat="31.27881738357245922088623046875" lon="121.36979120783507823944091796875">
        <ele>-0.20000000298023223876953125</ele>
        <time>2026-06-06T06:21:01.000Z</time>
        <extensions>
          <ns3:TrackPointExtension>
            <ns3:hr>136</ns3:hr>
            <ns3:cad>83</ns3:cad>
          </ns3:TrackPointExtension>
        </extensions>
      </trkpt>
      <trkpt lat="31.2788414396345615386962890625" lon="121.36979321949183940887451171875">
        <ele>-0.20000000298023223876953125</ele>
        <time>2026-06-06T06:21:02.000Z</time>
        <extensions>
          <ns3:TrackPointExtension>
            <ns3:hr>137</ns3:hr>
            <ns3:cad>83</ns3:cad>
          </ns3:TrackPointExtension>
        </extensions>
      </trkpt>
      <trkpt lat="31.2788662500679492950439453125" lon="121.369793973863124847412109375">
        <ele>-0.4000000059604644775390625</ele>
        <time>2026-06-06T06:21:03.000Z</time>
        <extensions>
          <ns3:TrackPointExtension>
            <ns3:hr>137</ns3:hr>
            <ns3:cad>83</ns3:cad>
          </ns3:TrackPointExtension>
        </extensions>
      </trkpt>
      <trkpt lat="31.27888795919716358184814453125" lon="121.36979623697698116302490234375">
        <ele>-0.4000000059604644775390625</ele>
        <time>2026-06-06T06:21:04.000Z</time>
        <extensions>
          <ns3:TrackPointExtension>
            <ns3:hr>138</ns3:hr>
            <ns3:cad>82</ns3:cad>
          </ns3:TrackPointExtension>
        </extensions>
      </trkpt>
      <trkpt lat="31.27891092561185359954833984375" lon="121.3697981648147106170654296875">
        <ele>-0.4000000059604644775390625</ele>
        <time>2026-06-06T06:21:05.000Z</time>
        <extensions>
          <ns3:TrackPointExtension>
            <ns3:hr>138</ns3:hr>
            <ns3:cad>82</ns3:cad>
          </ns3:TrackPointExtension>
        </extensions>
      </trkpt>
      <trkpt lat="31.278935484588146209716796875" lon="121.36979958973824977874755859375">
        <ele>-0.20000000298023223876953125</ele>
        <time>2026-06-06T06:21:06.000Z</time>
        <extensions>
          <ns3:TrackPointExtension>
            <ns3:hr>138</ns3:hr>
            <ns3:cad>82</ns3:cad>
          </ns3:TrackPointExtension>
        </extensions>
      </trkpt>
      <trkpt lat="31.27895887009799480438232421875" lon="121.3698021881282329559326171875">
        <ele>-0.20000000298023223876953125</ele>
        <time>2026-06-06T06:21:07.000Z</time>
        <extensions>
          <ns3:TrackPointExtension>
            <ns3:hr>138</ns3:hr>
            <ns3:cad>83</ns3:cad>
          </ns3:TrackPointExtension>
        </extensions>
      </trkpt>
      <trkpt lat="31.2789832614362239837646484375" lon="121.3698025234043598175048828125">
        <ele>-0.20000000298023223876953125</ele>
        <time>2026-06-06T06:21:08.000Z</time>
        <extensions>
          <ns3:TrackPointExtension>
            <ns3:hr>138</ns3:hr>
            <ns3:cad>83</ns3:cad>
          </ns3:TrackPointExtension>
        </extensions>
      </trkpt>
      <trkpt lat="31.27900698222219944000244140625" lon="121.3698038645088672637939453125">
        <ele>-0.20000000298023223876953125</ele>
        <time>2026-06-06T06:21:09.000Z</time>
        <extensions>
          <ns3:TrackPointExtension>
            <ns3:hr>138</ns3:hr>
            <ns3:cad>83</ns3:cad>
          </ns3:TrackPointExtension>
        </extensions>
      </trkpt>
      <trkpt lat="31.27902994863688945770263671875" lon="121.36980730108916759490966796875">
        <ele>-0.20000000298023223876953125</ele>
        <time>2026-06-06T06:21:10.000Z</time>
        <extensions>
          <ns3:TrackPointExtension>
            <ns3:hr>138</ns3:hr>
            <ns3:cad>83</ns3:cad>
          </ns3:TrackPointExtension>
        </extensions>
      </trkpt>
      <trkpt lat="31.27905308268964290618896484375" lon="121.3698112405836582183837890625">
        <ele>-0.4000000059604644775390625</ele>
        <time>2026-06-06T06:21:11.000Z</time>
        <extensions>
          <ns3:TrackPointExtension>
            <ns3:hr>138</ns3:hr>
            <ns3:cad>83</ns3:cad>
          </ns3:TrackPointExtension>
        </extensions>
      </trkpt>
      <trkpt lat="31.2790752947330474853515625" lon="121.36981199495494365692138671875">
        <ele>-0.4000000059604644775390625</ele>
        <time>2026-06-06T06:21:12.000Z</time>
        <extensions>
          <ns3:TrackPointExtension>
            <ns3:hr>138</ns3:hr>
            <ns3:cad>83</ns3:cad>
          </ns3:TrackPointExtension>
        </extensions>
      </trkpt>
      <trkpt lat="31.2790999375283718109130859375" lon="121.36980914510786533355712890625">
        <ele>-0.20000000298023223876953125</ele>
        <time>2026-06-06T06:21:13.000Z</time>
        <extensions>
          <ns3:TrackPointExtension>
            <ns3:hr>138</ns3:hr>
            <ns3:cad>83</ns3:cad>
          </ns3:TrackPointExtension>
        </extensions>
      </trkpt>
      <trkpt lat="31.27912265248596668243408203125" lon="121.369808726012706756591796875">
        <ele>-0.20000000298023223876953125</ele>
        <time>2026-06-06T06:21:14.000Z</time>
        <extensions>
          <ns3:TrackPointExtension>
            <ns3:hr>139</ns3:hr>
            <ns3:cad>83</ns3:cad>
          </ns3:TrackPointExtension>
        </extensions>
      </trkpt>
      <trkpt lat="31.27914662472903728485107421875" lon="121.36980813927948474884033203125">
        <ele>-0.20000000298023223876953125</ele>
        <time>2026-06-06T06:21:15.000Z</time>
        <extensions>
          <ns3:TrackPointExtension>
            <ns3:hr>139</ns3:hr>
            <ns3:cad>82</ns3:cad>
          </ns3:TrackPointExtension>
        </extensions>
      </trkpt>
      <trkpt lat="31.27916825003921985626220703125" lon="121.36980914510786533355712890625">
        <ele>-0.20000000298023223876953125</ele>
        <time>2026-06-06T06:21:16.000Z</time>
        <extensions>
          <ns3:TrackPointExtension>
            <ns3:hr>140</ns3:hr>
            <ns3:cad>82</ns3:cad>
          </ns3:TrackPointExtension>
        </extensions>
      </trkpt>
      <trkpt lat="31.2791933119297027587890625" lon="121.36981350369751453399658203125">
        <ele>-0.20000000298023223876953125</ele>
        <time>2026-06-06T06:21:17.000Z</time>
        <extensions>
          <ns3:TrackPointExtension>
            <ns3:hr>140</ns3:hr>
            <ns3:cad>82</ns3:cad>
          </ns3:TrackPointExtension>
        </extensions>
      </trkpt>
      <trkpt lat="31.27921518869698047637939453125" lon="121.36981937102973461151123046875">
        <ele>-0.20000000298023223876953125</ele>
        <time>2026-06-06T06:21:18.000Z</time>
        <extensions>
          <ns3:TrackPointExtension>
            <ns3:hr>140</ns3:hr>
            <ns3:cad>82</ns3:cad>
          </ns3:TrackPointExtension>
        </extensions>
      </trkpt>
      <trkpt lat="31.27923597581684589385986328125" lon="121.36982624419033527374267578125">
        <ele>-0.20000000298023223876953125</ele>
        <time>2026-06-06T06:21:19.000Z</time>
        <extensions>
          <ns3:TrackPointExtension>
            <ns3:hr>140</ns3:hr>
            <ns3:cad>82</ns3:cad>
          </ns3:TrackPointExtension>
        </extensions>
      </trkpt>
      <trkpt lat="31.27925793640315532684326171875" lon="121.3698280043900012969970703125">
        <ele>-0.20000000298023223876953125</ele>
        <time>2026-06-06T06:21:20.000Z</time>
        <extensions>
          <ns3:TrackPointExtension>
            <ns3:hr>140</ns3:hr>
            <ns3:cad>83</ns3:cad>
          </ns3:TrackPointExtension>
        </extensions>
      </trkpt>
      <trkpt lat="31.27928475849330425262451171875" lon="121.369830183684825897216796875">
        <ele>-0.20000000298023223876953125</ele>
        <time>2026-06-06T06:21:21.000Z</time>
        <extensions>
          <ns3:TrackPointExtension>
            <ns3:hr>140</ns3:hr>
            <ns3:cad>83</ns3:cad>
          </ns3:TrackPointExtension>
        </extensions>
      </trkpt>
      <trkpt lat="31.2793111614882946014404296875" lon="121.36982942931354045867919921875">
        <ele>-0.20000000298023223876953125</ele>
        <time>2026-06-06T06:21:22.000Z</time>
        <extensions>
          <ns3:TrackPointExtension>
            <ns3:hr>140</ns3:hr>
            <ns3:cad>83</ns3:cad>
          </ns3:TrackPointExtension>
        </extensions>
      </trkpt>
      <trkpt lat="31.27933588810265064239501953125" lon="121.369831524789333343505859375">
        <ele>-0.20000000298023223876953125</ele>
        <time>2026-06-06T06:21:23.000Z</time>
        <extensions>
          <ns3:TrackPointExtension>
            <ns3:hr>140</ns3:hr>
            <ns3:cad>83</ns3:cad>
          </ns3:TrackPointExtension>
        </extensions>
      </trkpt>
      <trkpt lat="31.27936002798378467559814453125" lon="121.36983596719801425933837890625">
        <ele>-0.20000000298023223876953125</ele>
        <time>2026-06-06T06:21:24.000Z</time>
        <extensions>
          <ns3:TrackPointExtension>
            <ns3:hr>140</ns3:hr>
            <ns3:cad>83</ns3:cad>
          </ns3:TrackPointExtension>
        </extensions>
      </trkpt>
      <trkpt lat="31.27938115037977695465087890625" lon="121.3698390685021877288818359375">
        <ele>0</ele>
        <time>2026-06-06T06:21:25.000Z</time>
        <extensions>
          <ns3:TrackPointExtension>
            <ns3:hr>140</ns3:hr>
            <ns3:cad>83</ns3:cad>
          </ns3:TrackPointExtension>
        </extensions>
      </trkpt>
      <trkpt lat="31.27940428443253040313720703125" lon="121.36984183453023433685302734375">
        <ele>0</ele>
        <time>2026-06-06T06:21:26.000Z</time>
        <extensions>
          <ns3:TrackPointExtension>
            <ns3:hr>140</ns3:hr>
            <ns3:cad>83</ns3:cad>
          </ns3:TrackPointExtension>
        </extensions>
      </trkpt>
      <trkpt lat="31.279430352151393890380859375" lon="121.36984351091086864471435546875">
        <ele>0</ele>
        <time>2026-06-06T06:21:27.000Z</time>
        <extensions>
          <ns3:TrackPointExtension>
            <ns3:hr>140</ns3:hr>
            <ns3:cad>83</ns3:cad>
          </ns3:TrackPointExtension>
        </extensions>
      </trkpt>
      <trkpt lat="31.2794523127377033233642578125" lon="121.36984736658632755279541015625">
        <ele>0.20000000298023223876953125</ele>
        <time>2026-06-06T06:21:28.000Z</time>
        <extensions>
          <ns3:TrackPointExtension>
            <ns3:hr>140</ns3:hr>
            <ns3:cad>83</ns3:cad>
          </ns3:TrackPointExtension>
        </extensions>
      </trkpt>
      <trkpt lat="31.2794771231710910797119140625" lon="121.36985264718532562255859375">
        <ele>0.20000000298023223876953125</ele>
        <time>2026-06-06T06:21:29.000Z</time>
        <extensions>
          <ns3:TrackPointExtension>
            <ns3:hr>140</ns3:hr>
            <ns3:cad>82</ns3:cad>
          </ns3:TrackPointExtension>
        </extensions>
      </trkpt>
      <trkpt lat="31.27949816174805164337158203125" lon="121.36985532939434051513671875">
        <ele>0.20000000298023223876953125</ele>
        <time>2026-06-06T06:21:30.000Z</time>
        <extensions>
          <ns3:TrackPointExtension>
            <ns3:hr>140</ns3:hr>
            <ns3:cad>82</ns3:cad>
          </ns3:TrackPointExtension>
        </extensions>
      </trkpt>
      <trkpt lat="31.279516182839870452880859375" lon="121.3698565028607845306396484375">
        <ele>0.20000000298023223876953125</ele>
        <time>2026-06-06T06:21:31.000Z</time>
        <extensions>
          <ns3:TrackPointExtension>
            <ns3:hr>140</ns3:hr>
            <ns3:cad>82</ns3:cad>
          </ns3:TrackPointExtension>
        </extensions>
      </trkpt>
      <trkpt lat="31.279524229466915130615234375" lon="121.3698487915098667144775390625">
        <ele>0</ele>
        <time>2026-06-06T06:21:32.000Z</time>
        <extensions>
          <ns3:TrackPointExtension>
            <ns3:hr>140</ns3:hr>
            <ns3:cad>82</ns3:cad>
          </ns3:TrackPointExtension>
        </extensions>
      </trkpt>
      <trkpt lat="31.27952657639980316162109375" lon="121.3698278367519378662109375">
        <ele>0</ele>
        <time>2026-06-06T06:21:33.000Z</time>
        <extensions>
          <ns3:TrackPointExtension>
            <ns3:hr>140</ns3:hr>
            <ns3:cad>82</ns3:cad>
          </ns3:TrackPointExtension>
        </extensions>
      </trkpt>
      <trkpt lat="31.27952749840915203094482421875" lon="121.36981015093624591827392578125">
        <ele>0</ele>
        <time>2026-06-06T06:21:34.000Z</time>
        <extensions>
          <ns3:TrackPointExtension>
            <ns3:hr>140</ns3:hr>
            <ns3:cad>82</ns3:cad>
          </ns3:TrackPointExtension>
        </extensions>
      </trkpt>
      <trkpt lat="31.27951878122985363006591796875" lon="121.36978617869317531585693359375">
        <ele>0</ele>
        <time>2026-06-06T06:21:35.000Z</time>
        <extensions>
          <ns3:TrackPointExtension>
            <ns3:hr>140</ns3:hr>
            <ns3:cad>81</ns3:cad>
          </ns3:TrackPointExtension>
        </extensions>
      </trkpt>
      <trkpt lat="31.279513835906982421875" lon="121.36976279318332672119140625">
        <ele>-0.20000000298023223876953125</ele>
        <time>2026-06-06T06:21:36.000Z</time>
        <extensions>
          <ns3:TrackPointExtension>
            <ns3:hr>140</ns3:hr>
            <ns3:cad>80</ns3:cad>
          </ns3:TrackPointExtension>
        </extensions>
      </trkpt>
      <trkpt lat="31.27951509319245815277099609375" lon="121.36973337270319461822509765625">
        <ele>-0.20000000298023223876953125</ele>
        <time>2026-06-06T06:21:37.000Z</time>
        <extensions>
          <ns3:TrackPointExtension>
            <ns3:hr>140</ns3:hr>
            <ns3:cad>79</ns3:cad>
          </ns3:TrackPointExtension>
        </extensions>
      </trkpt>
      <trkpt lat="31.27951676957309246063232421875" lon="121.36970579624176025390625">
        <ele>-0.4000000059604644775390625</ele>
        <time>2026-06-06T06:21:38.000Z</time>
        <extensions>
          <ns3:TrackPointExtension>
            <ns3:hr>140</ns3:hr>
            <ns3:cad>79</ns3:cad>
          </ns3:TrackPointExtension>
        </extensions>
      </trkpt>
      <trkpt lat="31.27951794303953647613525390625" lon="121.369675286114215850830078125">
        <ele>-0.4000000059604644775390625</ele>
        <time>2026-06-06T06:21:39.000Z</time>
        <extensions>
          <ns3:TrackPointExtension>
            <ns3:hr>140</ns3:hr>
            <ns3:cad>80</ns3:cad>
          </ns3:TrackPointExtension>
        </extensions>
      </trkpt>
      <trkpt lat="31.2795186974108219146728515625" lon="121.36964385397732257843017578125">
        <ele>-0.60000002384185791015625</ele>
        <time>2026-06-06T06:21:40.000Z</time>
        <extensions>
          <ns3:TrackPointExtension>
            <ns3:hr>139</ns3:hr>
            <ns3:cad>80</ns3:cad>
          </ns3:TrackPointExtension>
        </extensions>
      </trkpt>
      <trkpt lat="31.27952179871499538421630859375" lon="121.36961267329752445220947265625">
        <ele>-0.60000002384185791015625</ele>
        <time>2026-06-06T06:21:41.000Z</time>
        <extensions>
          <ns3:TrackPointExtension>
            <ns3:hr>139</ns3:hr>
            <ns3:cad>81</ns3:cad>
          </ns3:TrackPointExtension>
        </extensions>
      </trkpt>
      <trkpt lat="31.27952657639980316162109375" lon="121.36958182789385318756103515625">
        <ele>-0.60000002384185791015625</ele>
        <time>2026-06-06T06:21:42.000Z</time>
        <extensions>
          <ns3:TrackPointExtension>
            <ns3:hr>139</ns3:hr>
            <ns3:cad>81</ns3:cad>
          </ns3:TrackPointExtension>
        </extensions>
      </trkpt>
      <trkpt lat="31.27953085117042064666748046875" lon="121.369552575051784515380859375">
        <ele>-0.60000002384185791015625</ele>
        <time>2026-06-06T06:21:43.000Z</time>
        <extensions>
          <ns3:TrackPointExtension>
            <ns3:hr>138</ns3:hr>
            <ns3:cad>81</ns3:cad>
          </ns3:TrackPointExtension>
        </extensions>
      </trkpt>
      <trkpt lat="31.279529593884944915771484375" lon="121.36952097527682781219482421875">
        <ele>-0.800000011920928955078125</ele>
        <time>2026-06-06T06:21:44.000Z</time>
        <extensions>
          <ns3:TrackPointExtension>
            <ns3:hr>138</ns3:hr>
            <ns3:cad>81</ns3:cad>
          </ns3:TrackPointExtension>
        </extensions>
      </trkpt>
      <trkpt lat="31.2795267440378665924072265625" lon="121.369493566453456878662109375">
        <ele>-1</ele>
        <time>2026-06-06T06:21:45.000Z</time>
        <extensions>
          <ns3:TrackPointExtension>
            <ns3:hr>138</ns3:hr>
            <ns3:cad>81</ns3:cad>
          </ns3:TrackPointExtension>
        </extensions>
      </trkpt>
      <trkpt lat="31.27952464856207370758056640625" lon="121.36946749873459339141845703125">
        <ele>-1</ele>
        <time>2026-06-06T06:21:46.000Z</time>
        <extensions>
          <ns3:TrackPointExtension>
            <ns3:hr>138</ns3:hr>
            <ns3:cad>82</ns3:cad>
          </ns3:TrackPointExtension>
        </extensions>
      </trkpt>
      <trkpt lat="31.27952733077108860015869140625" lon="121.369439251720905303955078125">
        <ele>-1.2000000476837158203125</ele>
        <time>2026-06-06T06:21:47.000Z</time>
        <extensions>
          <ns3:TrackPointExtension>
            <ns3:hr>139</ns3:hr>
            <ns3:cad>82</ns3:cad>
          </ns3:TrackPointExtension>
        </extensions>
      </trkpt>
      <trkpt lat="31.2795314379036426544189453125" lon="121.3694109208881855010986328125">
        <ele>-1.2000000476837158203125</ele>
        <time>2026-06-06T06:21:48.000Z</time>
        <extensions>
          <ns3:TrackPointExtension>
            <ns3:hr>138</ns3:hr>
            <ns3:cad>82</ns3:cad>
          </ns3:TrackPointExtension>
        </extensions>
      </trkpt>
      <trkpt lat="31.27953135408461093902587890625" lon="121.36938468553125858306884765625">
        <ele>-1.39999997615814208984375</ele>
        <time>2026-06-06T06:21:49.000Z</time>
        <extensions>
          <ns3:TrackPointExtension>
            <ns3:hr>138</ns3:hr>
            <ns3:cad>82</ns3:cad>
          </ns3:TrackPointExtension>
        </extensions>
      </trkpt>
      <trkpt lat="31.27953755669295787811279296875" lon="121.36935719288885593414306640625">
        <ele>-1.39999997615814208984375</ele>
        <time>2026-06-06T06:21:50.000Z</time>
        <extensions>
          <ns3:TrackPointExtension>
            <ns3:hr>138</ns3:hr>
            <ns3:cad>82</ns3:cad>
          </ns3:TrackPointExtension>
        </extensions>
      </trkpt>
      <trkpt lat="31.279543675482273101806640625" lon="121.36932785622775554656982421875">
        <ele>-1.39999997615814208984375</ele>
        <time>2026-06-06T06:21:51.000Z</time>
        <extensions>
          <ns3:TrackPointExtension>
            <ns3:hr>138</ns3:hr>
            <ns3:cad>82</ns3:cad>
          </ns3:TrackPointExtension>
        </extensions>
      </trkpt>
      <trkpt lat="31.27955398522317409515380859375" lon="121.3692986033856868743896484375">
        <ele>-1.39999997615814208984375</ele>
        <time>2026-06-06T06:21:52.000Z</time>
        <extensions>
          <ns3:TrackPointExtension>
            <ns3:hr>138</ns3:hr>
            <ns3:cad>82</ns3:cad>
          </ns3:TrackPointExtension>
        </extensions>
      </trkpt>
      <trkpt lat="31.27956119365990161895751953125" lon="121.36927136220037937164306640625">
        <ele>-1.39999997615814208984375</ele>
        <time>2026-06-06T06:21:53.000Z</time>
        <extensions>
          <ns3:TrackPointExtension>
            <ns3:hr>138</ns3:hr>
            <ns3:cad>82</ns3:cad>
          </ns3:TrackPointExtension>
        </extensions>
      </trkpt>
      <trkpt lat="31.27957225777208805084228515625" lon="121.3692412711679935455322265625">
        <ele>-1.39999997615814208984375</ele>
        <time>2026-06-06T06:21:54.000Z</time>
        <extensions>
          <ns3:TrackPointExtension>
            <ns3:hr>138</ns3:hr>
            <ns3:cad>82</ns3:cad>
          </ns3:TrackPointExtension>
        </extensions>
      </trkpt>
      <trkpt lat="31.27958332188427448272705078125" lon="121.36920967139303684234619140625">
        <ele>-1.39999997615814208984375</ele>
        <time>2026-06-06T06:21:55.000Z</time>
        <extensions>
          <ns3:TrackPointExtension>
            <ns3:hr>138</ns3:hr>
            <ns3:cad>82</ns3:cad>
          </ns3:TrackPointExtension>
        </extensions>
      </trkpt>
      <trkpt lat="31.279594637453556060791015625" lon="121.36917941272258758544921875">
        <ele>-1.2000000476837158203125</ele>
        <time>2026-06-06T06:21:56.000Z</time>
        <extensions>
          <ns3:TrackPointExtension>
            <ns3:hr>138</ns3:hr>
            <ns3:cad>83</ns3:cad>
          </ns3:TrackPointExtension>
        </extensions>
      </trkpt>
      <trkpt lat="31.27960746176540851593017578125" lon="121.3691524229943752288818359375">
        <ele>-1.2000000476837158203125</ele>
        <time>2026-06-06T06:21:57.000Z</time>
        <extensions>
          <ns3:TrackPointExtension>
            <ns3:hr>138</ns3:hr>
            <ns3:cad>83</ns3:cad>
          </ns3:TrackPointExtension>
        </extensions>
      </trkpt>
      <trkpt lat="31.27961617894470691680908203125" lon="121.3691286183893680572509765625">
        <ele>-1.2000000476837158203125</ele>
        <time>2026-06-06T06:21:58.000Z</time>
        <extensions>
          <ns3:TrackPointExtension>
            <ns3:hr>138</ns3:hr>
            <ns3:cad>83</ns3:cad>
          </ns3:TrackPointExtension>
        </extensions>
      </trkpt>
      <trkpt lat="31.2796278297901153564453125" lon="121.369097940623760223388671875">
        <ele>-1</ele>
        <time>2026-06-06T06:21:59.000Z</time>
        <extensions>
          <ns3:TrackPointExtension>
            <ns3:hr>138</ns3:hr>
            <ns3:cad>83</ns3:cad>
          </ns3:TrackPointExtension>
        </extensions>
      </trkpt>
      <trkpt lat="31.27963813953101634979248046875" lon="121.369069777429103851318359375">
        <ele>-1.2000000476837158203125</ele>
        <time>2026-06-06T06:22:00.000Z</time>
        <extensions>
          <ns3:TrackPointExtension>
            <ns3:hr>138</ns3:hr>
            <ns3:cad>83</ns3:cad>
          </ns3:TrackPointExtension>
        </extensions>
      </trkpt>
      <trkpt lat="31.27964719198644161224365234375" lon="121.36904655955731868743896484375">
        <ele>-1.2000000476837158203125</ele>
        <time>2026-06-06T06:22:01.000Z</time>
        <extensions>
          <ns3:TrackPointExtension>
            <ns3:hr>138</ns3:hr>
            <ns3:cad>84</ns3:cad>
          </ns3:TrackPointExtension>
        </extensions>
      </trkpt>
      <trkpt lat="31.27965674735605716705322265625" lon="121.36901713907718658447265625">
        <ele>-1.2000000476837158203125</ele>
        <time>2026-06-06T06:22:02.000Z</time>
        <extensions>
          <ns3:TrackPointExtension>
            <ns3:hr>138</ns3:hr>
            <ns3:cad>84</ns3:cad>
          </ns3:TrackPointExtension>
        </extensions>
      </trkpt>
      <trkpt lat="31.279667727649211883544921875" lon="121.36898822151124477386474609375">
        <ele>-1.2000000476837158203125</ele>
        <time>2026-06-06T06:22:03.000Z</time>
        <extensions>
          <ns3:TrackPointExtension>
            <ns3:hr>138</ns3:hr>
            <ns3:cad>84</ns3:cad>
          </ns3:TrackPointExtension>
        </extensions>
      </trkpt>
      <trkpt lat="31.27968013286590576171875" lon="121.36896559037268161773681640625">
        <ele>-1.2000000476837158203125</ele>
        <time>2026-06-06T06:22:04.000Z</time>
        <extensions>
          <ns3:TrackPointExtension>
            <ns3:hr>138</ns3:hr>
            <ns3:cad>83</ns3:cad>
          </ns3:TrackPointExtension>
        </extensions>
      </trkpt>
      <trkpt lat="31.279693879187107086181640625" lon="121.368939019739627838134765625">
        <ele>-1.2000000476837158203125</ele>
        <time>2026-06-06T06:22:05.000Z</time>
        <extensions>
          <ns3:TrackPointExtension>
            <ns3:hr>138</ns3:hr>
            <ns3:cad>83</ns3:cad>
          </ns3:TrackPointExtension>
        </extensions>
      </trkpt>
      <trkpt lat="31.27970787696540355682373046875" lon="121.36891387403011322021484375">
        <ele>-1.2000000476837158203125</ele>
        <time>2026-06-06T06:22:06.000Z</time>
        <extensions>
          <ns3:TrackPointExtension>
            <ns3:hr>138</ns3:hr>
            <ns3:cad>83</ns3:cad>
          </ns3:TrackPointExtension>
        </extensions>
      </trkpt>
      <trkpt lat="31.2797243893146514892578125" lon="121.36888998560607433319091796875">
        <ele>-1.39999997615814208984375</ele>
        <time>2026-06-06T06:22:07.000Z</time>
        <extensions>
          <ns3:TrackPointExtension>
            <ns3:hr>138</ns3:hr>
            <ns3:cad>83</ns3:cad>
          </ns3:TrackPointExtension>
        </extensions>
      </trkpt>
      <trkpt lat="31.27974375151097774505615234375" lon="121.3688697852194309234619140625">
        <ele>-1.39999997615814208984375</ele>
        <time>2026-06-06T06:22:08.000Z</time>
        <extensions>
          <ns3:TrackPointExtension>
            <ns3:hr>138</ns3:hr>
            <ns3:cad>83</ns3:cad>
          </ns3:TrackPointExtension>
        </extensions>
      </trkpt>
      <trkpt lat="31.27976336516439914703369140625" lon="121.36884975247085094451904296875">
        <ele>-1.39999997615814208984375</ele>
        <time>2026-06-06T06:22:09.000Z</time>
        <extensions>
          <ns3:TrackPointExtension>
            <ns3:hr>138</ns3:hr>
            <ns3:cad>83</ns3:cad>
          </ns3:TrackPointExtension>
        </extensions>
      </trkpt>
      <trkpt lat="31.27978633157908916473388671875" lon="121.36883500032126903533935546875">
        <ele>-1.39999997615814208984375</ele>
        <time>2026-06-06T06:22:10.000Z</time>
        <extensions>
          <ns3:TrackPointExtension>
            <ns3:hr>138</ns3:hr>
            <ns3:cad>83</ns3:cad>
          </ns3:TrackPointExtension>
        </extensions>
      </trkpt>
      <trkpt lat="31.27980778925120830535888671875" lon="121.36882443912327289581298828125">
        <ele>-1.2000000476837158203125</ele>
        <time>2026-06-06T06:22:11.000Z</time>
        <extensions>
          <ns3:TrackPointExtension>
            <ns3:hr>139</ns3:hr>
            <ns3:cad>83</ns3:cad>
          </ns3:TrackPointExtension>
        </extensions>
      </trkpt>
      <trkpt lat="31.279836036264896392822265625" lon="121.36881320737302303314208984375">
        <ele>-1.2000000476837158203125</ele>
        <time>2026-06-06T06:22:12.000Z</time>
        <extensions>
          <ns3:TrackPointExtension>
            <ns3:hr>138</ns3:hr>
            <ns3:cad>83</ns3:cad>
          </ns3:TrackPointExtension>
        </extensions>
      </trkpt>
      <trkpt lat="31.279860176146030426025390625" lon="121.36880457401275634765625">
        <ele>-1.2000000476837158203125</ele>
        <time>2026-06-06T06:22:13.000Z</time>
        <extensions>
          <ns3:TrackPointExtension>
            <ns3:hr>138</ns3:hr>
            <ns3:cad>83</ns3:cad>
          </ns3:TrackPointExtension>
        </extensions>
      </trkpt>
      <trkpt lat="31.27988456748425960540771484375" lon="121.36879811994731426239013671875">
        <ele>-1</ele>
        <time>2026-06-06T06:22:14.000Z</time>
        <extensions>
          <ns3:TrackPointExtension>
            <ns3:hr>138</ns3:hr>
            <ns3:cad>83</ns3:cad>
          </ns3:TrackPointExtension>
        </extensions>
      </trkpt>
      <trkpt lat="31.27991088666021823883056640625" lon="121.3687903247773647308349609375">
        <ele>-1.2000000476837158203125</ele>
        <time>2026-06-06T06:22:15.000Z</time>
        <extensions>
          <ns3:TrackPointExtension>
            <ns3:hr>138</ns3:hr>
            <ns3:cad>83</ns3:cad>
          </ns3:TrackPointExtension>
        </extensions>
      </trkpt>
      <trkpt lat="31.27993586473166942596435546875" lon="121.36878605000674724578857421875">
        <ele>-1.2000000476837158203125</ele>
        <time>2026-06-06T06:22:16.000Z</time>
        <extensions>
          <ns3:TrackPointExtension>
            <ns3:hr>138</ns3:hr>
            <ns3:cad>83</ns3:cad>
          </ns3:TrackPointExtension>
        </extensions>
      </trkpt>
      <trkpt lat="31.27995849587023258209228515625" lon="121.36878320015966892242431640625">
        <ele>-1.2000000476837158203125</ele>
        <time>2026-06-06T06:22:17.000Z</time>
        <extensions>
          <ns3:TrackPointExtension>
            <ns3:hr>138</ns3:hr>
            <ns3:cad>83</ns3:cad>
          </ns3:TrackPointExtension>
        </extensions>
      </trkpt>
      <trkpt lat="31.27998179756104946136474609375" lon="121.3687879778444766998291015625">
        <ele>-1.2000000476837158203125</ele>
        <time>2026-06-06T06:22:18.000Z</time>
        <extensions>
          <ns3:TrackPointExtension>
            <ns3:hr>138</ns3:hr>
            <ns3:cad>83</ns3:cad>
          </ns3:TrackPointExtension>
        </extensions>
      </trkpt>
      <trkpt lat="31.2800058536231517791748046875" lon="121.3687933422625064849853515625">
        <ele>-1.2000000476837158203125</ele>
        <time>2026-06-06T06:22:19.000Z</time>
        <extensions>
          <ns3:TrackPointExtension>
            <ns3:hr>138</ns3:hr>
            <ns3:cad>84</ns3:cad>
          </ns3:TrackPointExtension>
        </extensions>
      </trkpt>
      <trkpt lat="31.280028484761714935302734375" lon="121.368794180452823638916015625">
        <ele>-1.2000000476837158203125</ele>
        <time>2026-06-06T06:22:20.000Z</time>
        <extensions>
          <ns3:TrackPointExtension>
            <ns3:hr>138</ns3:hr>
            <ns3:cad>83</ns3:cad>
          </ns3:TrackPointExtension>
        </extensions>
      </trkpt>
      <trkpt lat="31.28005497157573699951171875" lon="121.36880029924213886260986328125">
        <ele>-1.2000000476837158203125</ele>
        <time>2026-06-06T06:22:21.000Z</time>
        <extensions>
          <ns3:TrackPointExtension>
            <ns3:hr>138</ns3:hr>
            <ns3:cad>83</ns3:cad>
          </ns3:TrackPointExtension>
        </extensions>
      </trkpt>
      <trkpt lat="31.280080117285251617431640625" lon="121.36880633421242237091064453125">
        <ele>-1.39999997615814208984375</ele>
        <time>2026-06-06T06:22:22.000Z</time>
        <extensions>
          <ns3:TrackPointExtension>
            <ns3:hr>138</ns3:hr>
            <ns3:cad>83</ns3:cad>
          </ns3:TrackPointExtension>
        </extensions>
      </trkpt>
      <trkpt lat="31.2801040895283222198486328125" lon="121.36881639249622821807861328125">
        <ele>-1.2000000476837158203125</ele>
        <time>2026-06-06T06:22:23.000Z</time>
        <extensions>
          <ns3:TrackPointExtension>
            <ns3:hr>138</ns3:hr>
            <ns3:cad>82</ns3:cad>
          </ns3:TrackPointExtension>
        </extensions>
      </trkpt>
      <trkpt lat="31.28012730740010738372802734375" lon="121.36882594786584377288818359375">
        <ele>-1.2000000476837158203125</ele>
        <time>2026-06-06T06:22:24.000Z</time>
        <extensions>
          <ns3:TrackPointExtension>
            <ns3:hr>138</ns3:hr>
            <ns3:cad>82</ns3:cad>
          </ns3:TrackPointExtension>
        </extensions>
      </trkpt>
      <trkpt lat="31.28015044145286083221435546875" lon="121.36883818544447422027587890625">
        <ele>-1.2000000476837158203125</ele>
        <time>2026-06-06T06:22:25.000Z</time>
        <extensions>
          <ns3:TrackPointExtension>
            <ns3:hr>138</ns3:hr>
            <ns3:cad>82</ns3:cad>
          </ns3:TrackPointExtension>
        </extensions>
      </trkpt>
      <trkpt lat="31.28017307259142398834228515625" lon="121.3688541948795318603515625">
        <ele>-1.2000000476837158203125</ele>
        <time>2026-06-06T06:22:26.000Z</time>
        <extensions>
          <ns3:TrackPointExtension>
            <ns3:hr>138</ns3:hr>
            <ns3:cad>82</ns3:cad>
          </ns3:TrackPointExtension>
        </extensions>
      </trkpt>
      <trkpt lat="31.2801939435303211212158203125" lon="121.3688650913536548614501953125">
        <ele>-1.2000000476837158203125</ele>
        <time>2026-06-06T06:22:27.000Z</time>
        <extensions>
          <ns3:TrackPointExtension>
            <ns3:hr>138</ns3:hr>
            <ns3:cad>82</ns3:cad>
          </ns3:TrackPointExtension>
        </extensions>
      </trkpt>
      <trkpt lat="31.28021615557372570037841796875" lon="121.36888076551258563995361328125">
        <ele>-1.39999997615814208984375</ele>
        <time>2026-06-06T06:22:28.000Z</time>
        <extensions>
          <ns3:TrackPointExtension>
            <ns3:hr>138</ns3:hr>
            <ns3:cad>82</ns3:cad>
          </ns3:TrackPointExtension>
        </extensions>
      </trkpt>
      <trkpt lat="31.28023426048457622528076171875" lon="121.36889752931892871856689453125">
        <ele>-1.39999997615814208984375</ele>
        <time>2026-06-06T06:22:29.000Z</time>
        <extensions>
          <ns3:TrackPointExtension>
            <ns3:hr>139</ns3:hr>
            <ns3:cad>82</ns3:cad>
          </ns3:TrackPointExtension>
        </extensions>
      </trkpt>
      <trkpt lat="31.280252449214458465576171875" lon="121.36891010217368602752685546875">
        <ele>-1.2000000476837158203125</ele>
        <time>2026-06-06T06:22:30.000Z</time>
        <extensions>
          <ns3:TrackPointExtension>
            <ns3:hr>138</ns3:hr>
            <ns3:cad>82</ns3:cad>
          </ns3:TrackPointExtension>
        </extensions>
      </trkpt>
      <trkpt lat="31.280272901058197021484375" lon="121.36892351321876049041748046875">
        <ele>-1.2000000476837158203125</ele>
        <time>2026-06-06T06:22:31.000Z</time>
        <extensions>
          <ns3:TrackPointExtension>
            <ns3:hr>138</ns3:hr>
            <ns3:cad>82</ns3:cad>
          </ns3:TrackPointExtension>
        </extensions>
      </trkpt>
      <trkpt lat="31.2802908383309841156005859375" lon="121.36893776245415210723876953125">
        <ele>-1.2000000476837158203125</ele>
        <time>2026-06-06T06:22:32.000Z</time>
        <extensions>
          <ns3:TrackPointExtension>
            <ns3:hr>138</ns3:hr>
            <ns3:cad>82</ns3:cad>
          </ns3:TrackPointExtension>
        </extensions>
      </trkpt>
      <trkpt lat="31.2803117930889129638671875" lon="121.3689536042511463165283203125">
        <ele>-1.2000000476837158203125</ele>
        <time>2026-06-06T06:22:33.000Z</time>
        <extensions>
          <ns3:TrackPointExtension>
            <ns3:hr>138</ns3:hr>
            <ns3:cad>82</ns3:cad>
          </ns3:TrackPointExtension>
        </extensions>
      </trkpt>
      <trkpt lat="31.28033123910427093505859375" lon="121.36897078715264797210693359375">
        <ele>-1.2000000476837158203125</ele>
        <time>2026-06-06T06:22:34.000Z</time>
        <extensions>
          <ns3:TrackPointExtension>
            <ns3:hr>138</ns3:hr>
            <ns3:cad>82</ns3:cad>
          </ns3:TrackPointExtension>
        </extensions>
      </trkpt>
      <trkpt lat="31.28034758381545543670654296875" lon="121.36898738332092761993408203125">
        <ele>-1.2000000476837158203125</ele>
        <time>2026-06-06T06:22:35.000Z</time>
        <extensions>
          <ns3:TrackPointExtension>
            <ns3:hr>138</ns3:hr>
            <ns3:cad>82</ns3:cad>
          </ns3:TrackPointExtension>
        </extensions>
      </trkpt>
      <trkpt lat="31.28036753274500370025634765625" lon="121.36900615878403186798095703125">
        <ele>-1.2000000476837158203125</ele>
        <time>2026-06-06T06:22:36.000Z</time>
        <extensions>
          <ns3:TrackPointExtension>
            <ns3:hr>138</ns3:hr>
            <ns3:cad>83</ns3:cad>
          </ns3:TrackPointExtension>
        </extensions>
      </trkpt>
      <trkpt lat="31.2803873978555202484130859375" lon="121.36902191676199436187744140625">
        <ele>-1.2000000476837158203125</ele>
        <time>2026-06-06T06:22:37.000Z</time>
        <extensions>
          <ns3:TrackPointExtension>
            <ns3:hr>138</ns3:hr>
            <ns3:cad>83</ns3:cad>
          </ns3:TrackPointExtension>
        </extensions>
      </trkpt>
      <trkpt lat="31.280405335128307342529296875" lon="121.3690390996634960174560546875">
        <ele>-1</ele>
        <time>2026-06-06T06:22:38.000Z</time>
        <extensions>
          <ns3:TrackPointExtension>
            <ns3:hr>138</ns3:hr>
            <ns3:cad>83</ns3:cad>
          </ns3:TrackPointExtension>
        </extensions>
      </trkpt>
      <trkpt lat="31.2804226018488407135009765625" lon="121.3690585456788539886474609375">
        <ele>-1</ele>
        <time>2026-06-06T06:22:39.000Z</time>
        <extensions>
          <ns3:TrackPointExtension>
            <ns3:hr>138</ns3:hr>
            <ns3:cad>83</ns3:cad>
          </ns3:TrackPointExtension>
        </extensions>
      </trkpt>
      <trkpt lat="31.28043810836970806121826171875" lon="121.369076482951641082763671875">
        <ele>-1.2000000476837158203125</ele>
        <time>2026-06-06T06:22:40.000Z</time>
        <extensions>
          <ns3:TrackPointExtension>
            <ns3:hr>138</ns3:hr>
            <ns3:cad>83</ns3:cad>
          </ns3:TrackPointExtension>
        </extensions>
      </trkpt>
      <trkpt lat="31.28045520745217800140380859375" lon="121.36909584514796733856201171875">
        <ele>-1.2000000476837158203125</ele>
        <time>2026-06-06T06:22:41.000Z</time>
        <extensions>
          <ns3:TrackPointExtension>
            <ns3:hr>138</ns3:hr>
            <ns3:cad>83</ns3:cad>
          </ns3:TrackPointExtension>
        </extensions>
      </trkpt>
      <trkpt lat="31.28047113306820392608642578125" lon="121.36911562643945217132568359375">
        <ele>-1.2000000476837158203125</ele>
        <time>2026-06-06T06:22:42.000Z</time>
        <extensions>
          <ns3:TrackPointExtension>
            <ns3:hr>138</ns3:hr>
            <ns3:cad>83</ns3:cad>
          </ns3:TrackPointExtension>
        </extensions>
      </trkpt>
      <trkpt lat="31.280485801398754119873046875" lon="121.36913440190255641937255859375">
        <ele>-1.2000000476837158203125</ele>
        <time>2026-06-06T06:22:43.000Z</time>
        <extensions>
          <ns3:TrackPointExtension>
            <ns3:hr>138</ns3:hr>
            <ns3:cad>83</ns3:cad>
          </ns3:TrackPointExtension>
        </extensions>
      </trkpt>
      <trkpt lat="31.280501224100589752197265625" lon="121.36915854178369045257568359375">
        <ele>-1.2000000476837158203125</ele>
        <time>2026-06-06T06:22:44.000Z</time>
        <extensions>
          <ns3:TrackPointExtension>
            <ns3:hr>138</ns3:hr>
            <ns3:cad>82</ns3:cad>
          </ns3:TrackPointExtension>
        </extensions>
      </trkpt>
      <trkpt lat="31.2805134616792201995849609375" lon="121.36917949654161930084228515625">
        <ele>-1.2000000476837158203125</ele>
        <time>2026-06-06T06:22:45.000Z</time>
        <extensions>
          <ns3:TrackPointExtension>
            <ns3:hr>138</ns3:hr>
            <ns3:cad>82</ns3:cad>
          </ns3:TrackPointExtension>
        </extensions>
      </trkpt>
      <trkpt lat="31.280528716742992401123046875" lon="121.36920313350856304168701171875">
        <ele>-1.2000000476837158203125</ele>
        <time>2026-06-06T06:22:46.000Z</time>
        <extensions>
          <ns3:TrackPointExtension>
            <ns3:hr>138</ns3:hr>
            <ns3:cad>82</ns3:cad>
          </ns3:TrackPointExtension>
        </extensions>
      </trkpt>
      <trkpt lat="31.28054522909224033355712890625" lon="121.3692258484661579132080078125">
        <ele>-1.2000000476837158203125</ele>
        <time>2026-06-06T06:22:47.000Z</time>
        <extensions>
          <ns3:TrackPointExtension>
            <ns3:hr>138</ns3:hr>
            <ns3:cad>82</ns3:cad>
          </ns3:TrackPointExtension>
        </extensions>
      </trkpt>
      <trkpt lat="31.2805570475757122039794921875" lon="121.3692459650337696075439453125">
        <ele>-1.2000000476837158203125</ele>
        <time>2026-06-06T06:22:48.000Z</time>
        <extensions>
          <ns3:TrackPointExtension>
            <ns3:hr>138</ns3:hr>
            <ns3:cad>83</ns3:cad>
          </ns3:TrackPointExtension>
        </extensions>
      </trkpt>
      <trkpt lat="31.2805711291730403900146484375" lon="121.3692680932581424713134765625">
        <ele>-1.2000000476837158203125</ele>
        <time>2026-06-06T06:22:49.000Z</time>
        <extensions>
          <ns3:TrackPointExtension>
            <ns3:hr>138</ns3:hr>
            <ns3:cad>83</ns3:cad>
          </ns3:TrackPointExtension>
        </extensions>
      </trkpt>
      <trkpt lat="31.28058244474232196807861328125" lon="121.36929583735764026641845703125">
        <ele>-1.2000000476837158203125</ele>
        <time>2026-06-06T06:22:50.000Z</time>
        <extensions>
          <ns3:TrackPointExtension>
            <ns3:hr>138</ns3:hr>
            <ns3:cad>82</ns3:cad>
          </ns3:TrackPointExtension>
        </extensions>
      </trkpt>
      <trkpt lat="31.28059250302612781524658203125" lon="121.36931830085813999176025390625">
        <ele>-1.2000000476837158203125</ele>
        <time>2026-06-06T06:22:51.000Z</time>
        <extensions>
          <ns3:TrackPointExtension>
            <ns3:hr>138</ns3:hr>
            <ns3:cad>81</ns3:cad>
          </ns3:TrackPointExtension>
        </extensions>
      </trkpt>
      <trkpt lat="31.280605830252170562744140625" lon="121.3693421892821788787841796875">
        <ele>-1.2000000476837158203125</ele>
        <time>2026-06-06T06:22:52.000Z</time>
        <extensions>
          <ns3:TrackPointExtension>
            <ns3:hr>138</ns3:hr>
            <ns3:cad>81</ns3:cad>
          </ns3:TrackPointExtension>
        </extensions>
      </trkpt>
      <trkpt lat="31.280616223812103271484375" lon="121.36936624534428119659423828125">
        <ele>-1.2000000476837158203125</ele>
        <time>2026-06-06T06:22:53.000Z</time>
        <extensions>
          <ns3:TrackPointExtension>
            <ns3:hr>138</ns3:hr>
            <ns3:cad>80</ns3:cad>
          </ns3:TrackPointExtension>
        </extensions>
      </trkpt>
      <trkpt lat="31.28062955103814601898193359375" lon="121.3693891279399394989013671875">
        <ele>-1.2000000476837158203125</ele>
        <time>2026-06-06T06:22:54.000Z</time>
        <extensions>
          <ns3:TrackPointExtension>
            <ns3:hr>138</ns3:hr>
            <ns3:cad>80</ns3:cad>
          </ns3:TrackPointExtension>
        </extensions>
      </trkpt>
      <trkpt lat="31.28064530901610851287841796875" lon="121.36940899305045604705810546875">
        <ele>-1.2000000476837158203125</ele>
        <time>2026-06-06T06:22:55.000Z</time>
        <extensions>
          <ns3:TrackPointExtension>
            <ns3:hr>138</ns3:hr>
            <ns3:cad>80</ns3:cad>
          </ns3:TrackPointExtension>
        </extensions>
      </trkpt>
      <trkpt lat="31.2806653417646884918212890625" lon="121.36942508630454540252685546875">
        <ele>-1.2000000476837158203125</ele>
        <time>2026-06-06T06:22:56.000Z</time>
        <extensions>
          <ns3:TrackPointExtension>
            <ns3:hr>138</ns3:hr>
            <ns3:cad>81</ns3:cad>
          </ns3:TrackPointExtension>
        </extensions>
      </trkpt>
      <trkpt lat="31.28068788908421993255615234375" lon="121.369427852332592010498046875">
        <ele>-1.2000000476837158203125</ele>
        <time>2026-06-06T06:22:57.000Z</time>
        <extensions>
          <ns3:TrackPointExtension>
            <ns3:hr>138</ns3:hr>
            <ns3:cad>81</ns3:cad>
          </ns3:TrackPointExtension>
        </extensions>
      </trkpt>
      <trkpt lat="31.2807156331837177276611328125" lon="121.369416452944278717041015625">
        <ele>-1.2000000476837158203125</ele>
        <time>2026-06-06T06:22:58.000Z</time>
        <extensions>
          <ns3:TrackPointExtension>
            <ns3:hr>138</ns3:hr>
            <ns3:cad>81</ns3:cad>
          </ns3:TrackPointExtension>
        </extensions>
      </trkpt>
      <trkpt lat="31.28073315136134624481201171875" lon="121.369400359690189361572265625">
        <ele>-1.2000000476837158203125</ele>
        <time>2026-06-06T06:22:59.000Z</time>
        <extensions>
          <ns3:TrackPointExtension>
            <ns3:hr>139</ns3:hr>
            <ns3:cad>81</ns3:cad>
          </ns3:TrackPointExtension>
        </extensions>
      </trkpt>
      <trkpt lat="31.28075008280575275421142578125" lon="121.36938057839870452880859375">
        <ele>-1.2000000476837158203125</ele>
        <time>2026-06-06T06:23:00.000Z</time>
        <extensions>
          <ns3:TrackPointExtension>
            <ns3:hr>139</ns3:hr>
            <ns3:cad>80</ns3:cad>
          </ns3:TrackPointExtension>
        </extensions>
      </trkpt>
      <trkpt lat="31.280772127211093902587890625" lon="121.36936004273593425750732421875">
        <ele>-1.2000000476837158203125</ele>
        <time>2026-06-06T06:23:01.000Z</time>
        <extensions>
          <ns3:TrackPointExtension>
            <ns3:hr>140</ns3:hr>
            <ns3:cad>80</ns3:cad>
          </ns3:TrackPointExtension>
        </extensions>
      </trkpt>
      <trkpt lat="31.28079048357903957366943359375" lon="121.3693341426551342010498046875">
        <ele>-1.2000000476837158203125</ele>
        <time>2026-06-06T06:23:02.000Z</time>
        <extensions>
          <ns3:TrackPointExtension>
            <ns3:hr>140</ns3:hr>
            <ns3:cad>80</ns3:cad>
          </ns3:TrackPointExtension>
        </extensions>
      </trkpt>
      <trkpt lat="31.28080775029957294464111328125" lon="121.36931343935430049896240234375">
        <ele>-1.2000000476837158203125</ele>
        <time>2026-06-06T06:23:03.000Z</time>
        <extensions>
          <ns3:TrackPointExtension>
            <ns3:hr>140</ns3:hr>
            <ns3:cad>80</ns3:cad>
          </ns3:TrackPointExtension>
        </extensions>
      </trkpt>
      <trkpt lat="31.28082904033362865447998046875" lon="121.3692959211766719818115234375">
        <ele>-1.2000000476837158203125</ele>
        <time>2026-06-06T06:23:04.000Z</time>
        <extensions>
          <ns3:TrackPointExtension>
            <ns3:hr>140</ns3:hr>
            <ns3:cad>80</ns3:cad>
          </ns3:TrackPointExtension>
        </extensions>
      </trkpt>
      <trkpt lat="31.28084622323513031005859375" lon="121.36927873827517032623291015625">
        <ele>-1.2000000476837158203125</ele>
        <time>2026-06-06T06:23:05.000Z</time>
        <extensions>
          <ns3:TrackPointExtension>
            <ns3:hr>140</ns3:hr>
            <ns3:cad>81</ns3:cad>
          </ns3:TrackPointExtension>
        </extensions>
      </trkpt>
      <trkpt lat="31.280866675078868865966796875" lon="121.36926298029720783233642578125">
        <ele>-1.2000000476837158203125</ele>
        <time>2026-06-06T06:23:06.000Z</time>
        <extensions>
          <ns3:TrackPointExtension>
            <ns3:hr>140</ns3:hr>
            <ns3:cad>81</ns3:cad>
          </ns3:TrackPointExtension>
        </extensions>
      </trkpt>
      <trkpt lat="31.280888803303241729736328125" lon="121.36924655176699161529541015625">
        <ele>-1.2000000476837158203125</ele>
        <time>2026-06-06T06:23:07.000Z</time>
        <extensions>
          <ns3:TrackPointExtension>
            <ns3:hr>140</ns3:hr>
            <ns3:cad>81</ns3:cad>
          </ns3:TrackPointExtension>
        </extensions>
      </trkpt>
      <trkpt lat="31.28090933896601200103759765625" lon="121.369231045246124267578125">
        <ele>-1.2000000476837158203125</ele>
        <time>2026-06-06T06:23:08.000Z</time>
        <extensions>
          <ns3:TrackPointExtension>
            <ns3:hr>140</ns3:hr>
            <ns3:cad>81</ns3:cad>
          </ns3:TrackPointExtension>
        </extensions>
      </trkpt>
      <trkpt lat="31.280931048095226287841796875" lon="121.36921738274395465850830078125">
        <ele>-1.2000000476837158203125</ele>
        <time>2026-06-06T06:23:09.000Z</time>
        <extensions>
          <ns3:TrackPointExtension>
            <ns3:hr>140</ns3:hr>
            <ns3:cad>82</ns3:cad>
          </ns3:TrackPointExtension>
        </extensions>
      </trkpt>
      <trkpt lat="31.280951835215091705322265625" lon="121.36919994838535785675048828125">
        <ele>-1.2000000476837158203125</ele>
        <time>2026-06-06T06:23:10.000Z</time>
        <extensions>
          <ns3:TrackPointExtension>
            <ns3:hr>140</ns3:hr>
            <ns3:cad>82</ns3:cad>
          </ns3:TrackPointExtension>
        </extensions>
      </trkpt>
      <trkpt lat="31.2809731252491474151611328125" lon="121.369185112416744232177734375">
        <ele>-1.2000000476837158203125</ele>
        <time>2026-06-06T06:23:11.000Z</time>
        <extensions>
          <ns3:TrackPointExtension>
            <ns3:hr>140</ns3:hr>
            <ns3:cad>82</ns3:cad>
          </ns3:TrackPointExtension>
        </extensions>
      </trkpt>
      <trkpt lat="31.2809955887496471405029296875" lon="121.36917329393327236175537109375">
        <ele>-1.2000000476837158203125</ele>
        <time>2026-06-06T06:23:12.000Z</time>
        <extensions>
          <ns3:TrackPointExtension>
            <ns3:hr>140</ns3:hr>
            <ns3:cad>83</ns3:cad>
          </ns3:TrackPointExtension>
        </extensions>
      </trkpt>
      <trkpt lat="31.281018555164337158203125" lon="121.3691621460020542144775390625">
        <ele>-1.2000000476837158203125</ele>
        <time>2026-06-06T06:23:13.000Z</time>
        <extensions>
          <ns3:TrackPointExtension>
            <ns3:hr>140</ns3:hr>
            <ns3:cad>83</ns3:cad>
          </ns3:TrackPointExtension>
        </extensions>
      </trkpt>
      <trkpt lat="31.28104336559772491455078125" lon="121.36915351264178752899169921875">
        <ele>-1.2000000476837158203125</ele>
        <time>2026-06-06T06:23:14.000Z</time>
        <extensions>
          <ns3:TrackPointExtension>
            <ns3:hr>140</ns3:hr>
            <ns3:cad>83</ns3:cad>
          </ns3:TrackPointExtension>
        </extensions>
      </trkpt>
      <trkpt lat="31.28106507472693920135498046875" lon="121.3691430352628231048583984375">
        <ele>-1.2000000476837158203125</ele>
        <time>2026-06-06T06:23:15.000Z</time>
        <extensions>
          <ns3:TrackPointExtension>
            <ns3:hr>140</ns3:hr>
            <ns3:cad>83</ns3:cad>
          </ns3:TrackPointExtension>
        </extensions>
      </trkpt>
      <trkpt lat="31.2810891307890415191650390625" lon="121.3691349886357784271240234375">
        <ele>-1.2000000476837158203125</ele>
        <time>2026-06-06T06:23:16.000Z</time>
        <extensions>
          <ns3:TrackPointExtension>
            <ns3:hr>140</ns3:hr>
            <ns3:cad>83</ns3:cad>
          </ns3:TrackPointExtension>
        </extensions>
      </trkpt>
      <trkpt lat="31.28111234866082668304443359375" lon="121.36913037858903408050537109375">
        <ele>-1.2000000476837158203125</ele>
        <time>2026-06-06T06:23:17.000Z</time>
        <extensions>
          <ns3:TrackPointExtension>
            <ns3:hr>140</ns3:hr>
            <ns3:cad>83</ns3:cad>
          </ns3:TrackPointExtension>
        </extensions>
      </trkpt>
      <trkpt lat="31.2811367399990558624267578125" lon="121.369126103818416595458984375">
        <ele>-1</ele>
        <time>2026-06-06T06:23:18.000Z</time>
        <extensions>
          <ns3:TrackPointExtension>
            <ns3:hr>140</ns3:hr>
            <ns3:cad>83</ns3:cad>
          </ns3:TrackPointExtension>
        </extensions>
      </trkpt>
      <trkpt lat="31.28116230480372905731201171875" lon="121.36912350542843341827392578125">
        <ele>-1</ele>
        <time>2026-06-06T06:23:19.000Z</time>
        <extensions>
          <ns3:TrackPointExtension>
            <ns3:hr>140</ns3:hr>
            <ns3:cad>84</ns3:cad>
          </ns3:TrackPointExtension>
        </extensions>
      </trkpt>
      <trkpt lat="31.28118745051324367523193359375" lon="121.36912115849554538726806640625">
        <ele>-1</ele>
        <time>2026-06-06T06:23:20.000Z</time>
        <extensions>
          <ns3:TrackPointExtension>
            <ns3:hr>140</ns3:hr>
            <ns3:cad>84</ns3:cad>
          </ns3:TrackPointExtension>
        </extensions>
      </trkpt>
      <trkpt lat="31.2812135182321071624755859375" lon="121.36911797337234020233154296875">
        <ele>-1</ele>
        <time>2026-06-06T06:23:21.000Z</time>
        <extensions>
          <ns3:TrackPointExtension>
            <ns3:hr>140</ns3:hr>
            <ns3:cad>84</ns3:cad>
          </ns3:TrackPointExtension>
        </extensions>
      </trkpt>
      <trkpt lat="31.28123690374195575714111328125" lon="121.36911327950656414031982421875">
        <ele>-1</ele>
        <time>2026-06-06T06:23:22.000Z</time>
        <extensions>
          <ns3:TrackPointExtension>
            <ns3:hr>140</ns3:hr>
            <ns3:cad>83</ns3:cad>
          </ns3:TrackPointExtension>
        </extensions>
      </trkpt>
      <trkpt lat="31.2812597863376140594482421875" lon="121.36910925619304180145263671875">
        <ele>-1</ele>
        <time>2026-06-06T06:23:23.000Z</time>
        <extensions>
          <ns3:TrackPointExtension>
            <ns3:hr>140</ns3:hr>
            <ns3:cad>83</ns3:cad>
          </ns3:TrackPointExtension>
        </extensions>
      </trkpt>
      <trkpt lat="31.28128132782876491546630859375" lon="121.36910942383110523223876953125">
        <ele>-1</ele>
        <time>2026-06-06T06:23:24.000Z</time>
        <extensions>
          <ns3:TrackPointExtension>
            <ns3:hr>140</ns3:hr>
            <ns3:cad>83</ns3:cad>
          </ns3:TrackPointExtension>
        </extensions>
      </trkpt>
      <trkpt lat="31.28130622208118438720703125" lon="121.36911076493561267852783203125">
        <ele>-1</ele>
        <time>2026-06-06T06:23:25.000Z</time>
        <extensions>
          <ns3:TrackPointExtension>
            <ns3:hr>140</ns3:hr>
            <ns3:cad>83</ns3:cad>
          </ns3:TrackPointExtension>
        </extensions>
      </trkpt>
      <trkpt lat="31.28132876940071582794189453125" lon="121.3691063225269317626953125">
        <ele>-1</ele>
        <time>2026-06-06T06:23:26.000Z</time>
        <extensions>
          <ns3:TrackPointExtension>
            <ns3:hr>140</ns3:hr>
            <ns3:cad>82</ns3:cad>
          </ns3:TrackPointExtension>
        </extensions>
      </trkpt>
      <trkpt lat="31.28135450184345245361328125" lon="121.36910674162209033966064453125">
        <ele>-1</ele>
        <time>2026-06-06T06:23:27.000Z</time>
        <extensions>
          <ns3:TrackPointExtension>
            <ns3:hr>140</ns3:hr>
            <ns3:cad>82</ns3:cad>
          </ns3:TrackPointExtension>
        </extensions>
      </trkpt>
      <trkpt lat="31.2813794799149036407470703125" lon="121.36911177076399326324462890625">
        <ele>-1</ele>
        <time>2026-06-06T06:23:28.000Z</time>
        <extensions>
          <ns3:TrackPointExtension>
            <ns3:hr>140</ns3:hr>
            <ns3:cad>79</ns3:cad>
          </ns3:TrackPointExtension>
        </extensions>
      </trkpt>
      <trkpt lat="31.281404793262481689453125" lon="121.3691116869449615478515625">
        <ele>-1</ele>
        <time>2026-06-06T06:23:29.000Z</time>
        <extensions>
          <ns3:TrackPointExtension>
            <ns3:hr>140</ns3:hr>
            <ns3:cad>79</ns3:cad>
          </ns3:TrackPointExtension>
        </extensions>
      </trkpt>
      <trkpt lat="31.281430609524250030517578125" lon="121.36911478824913501739501953125">
        <ele>-1</ele>
        <time>2026-06-06T06:23:30.000Z</time>
        <extensions>
          <ns3:TrackPointExtension>
            <ns3:hr>140</ns3:hr>
            <ns3:cad>79</ns3:cad>
          </ns3:TrackPointExtension>
        </extensions>
      </trkpt>
      <trkpt lat="31.2814562581479549407958984375" lon="121.36912048794329166412353515625">
        <ele>-1</ele>
        <time>2026-06-06T06:23:31.000Z</time>
        <extensions>
          <ns3:TrackPointExtension>
            <ns3:hr>140</ns3:hr>
            <ns3:cad>80</ns3:cad>
          </ns3:TrackPointExtension>
        </extensions>
      </trkpt>
      <trkpt lat="31.2814812362194061279296875" lon="121.36912082321941852569580078125">
        <ele>-1</ele>
        <time>2026-06-06T06:23:32.000Z</time>
        <extensions>
          <ns3:TrackPointExtension>
            <ns3:hr>140</ns3:hr>
            <ns3:cad>82</ns3:cad>
          </ns3:TrackPointExtension>
        </extensions>
      </trkpt>
      <trkpt lat="31.2815080583095550537109375" lon="121.369120068848133087158203125">
        <ele>-1</ele>
        <time>2026-06-06T06:23:33.000Z</time>
        <extensions>
          <ns3:TrackPointExtension>
            <ns3:hr>140</ns3:hr>
            <ns3:cad>82</ns3:cad>
          </ns3:TrackPointExtension>
        </extensions>
      </trkpt>
      <trkpt lat="31.2815337069332599639892578125" lon="121.3691202364861965179443359375">
        <ele>-1</ele>
        <time>2026-06-06T06:23:34.000Z</time>
        <extensions>
          <ns3:TrackPointExtension>
            <ns3:hr>140</ns3:hr>
            <ns3:cad>83</ns3:cad>
          </ns3:TrackPointExtension>
        </extensions>
      </trkpt>
      <trkpt lat="31.281557343900203704833984375" lon="121.36912710964679718017578125">
        <ele>-1.2000000476837158203125</ele>
        <time>2026-06-06T06:23:35.000Z</time>
        <extensions>
          <ns3:TrackPointExtension>
            <ns3:hr>140</ns3:hr>
            <ns3:cad>83</ns3:cad>
          </ns3:TrackPointExtension>
        </extensions>
      </trkpt>
      <trkpt lat="31.281584836542606353759765625" lon="121.369134485721588134765625">
        <ele>-1.2000000476837158203125</ele>
        <time>2026-06-06T06:23:36.000Z</time>
        <extensions>
          <ns3:TrackPointExtension>
            <ns3:hr>140</ns3:hr>
            <ns3:cad>83</ns3:cad>
          </ns3:TrackPointExtension>
        </extensions>
      </trkpt>
      <trkpt lat="31.28161090426146984100341796875" lon="121.3691386766731739044189453125">
        <ele>-1.2000000476837158203125</ele>
        <time>2026-06-06T06:23:37.000Z</time>
        <extensions>
          <ns3:TrackPointExtension>
            <ns3:hr>140</ns3:hr>
            <ns3:cad>83</ns3:cad>
          </ns3:TrackPointExtension>
        </extensions>
      </trkpt>
      <trkpt lat="31.281635127961635589599609375" lon="121.3691494055092334747314453125">
        <ele>-1.2000000476837158203125</ele>
        <time>2026-06-06T06:23:38.000Z</time>
        <extensions>
          <ns3:TrackPointExtension>
            <ns3:hr>140</ns3:hr>
            <ns3:cad>83</ns3:cad>
          </ns3:TrackPointExtension>
        </extensions>
      </trkpt>
      <trkpt lat="31.28165767528116703033447265625" lon="121.3691597990691661834716796875">
        <ele>-1.2000000476837158203125</ele>
        <time>2026-06-06T06:23:39.000Z</time>
        <extensions>
          <ns3:TrackPointExtension>
            <ns3:hr>140</ns3:hr>
            <ns3:cad>83</ns3:cad>
          </ns3:TrackPointExtension>
        </extensions>
      </trkpt>
      <trkpt lat="31.28168013878166675567626953125" lon="121.3691661693155765533447265625">
        <ele>-1</ele>
        <time>2026-06-06T06:23:40.000Z</time>
        <extensions>
          <ns3:TrackPointExtension>
            <ns3:hr>140</ns3:hr>
            <ns3:cad>83</ns3:cad>
          </ns3:TrackPointExtension>
        </extensions>
      </trkpt>
      <trkpt lat="31.281702518463134765625" lon="121.36917899362742900848388671875">
        <ele>-1</ele>
        <time>2026-06-06T06:23:41.000Z</time>
        <extensions>
          <ns3:TrackPointExtension>
            <ns3:hr>140</ns3:hr>
            <ns3:cad>82</ns3:cad>
          </ns3:TrackPointExtension>
        </extensions>
      </trkpt>
      <trkpt lat="31.281724311411380767822265625" lon="121.36918670497834682464599609375">
        <ele>-1</ele>
        <time>2026-06-06T06:23:42.000Z</time>
        <extensions>
          <ns3:TrackPointExtension>
            <ns3:hr>140</ns3:hr>
            <ns3:cad>82</ns3:cad>
          </ns3:TrackPointExtension>
        </extensions>
      </trkpt>
      <trkpt lat="31.28174518235027790069580078125" lon="121.3691953383386135101318359375">
        <ele>-1.2000000476837158203125</ele>
        <time>2026-06-06T06:23:43.000Z</time>
        <extensions>
          <ns3:TrackPointExtension>
            <ns3:hr>140</ns3:hr>
            <ns3:cad>82</ns3:cad>
          </ns3:TrackPointExtension>
        </extensions>
      </trkpt>
      <trkpt lat="31.28176647238433361053466796875" lon="121.3692053966224193572998046875">
        <ele>-1.2000000476837158203125</ele>
        <time>2026-06-06T06:23:44.000Z</time>
        <extensions>
          <ns3:TrackPointExtension>
            <ns3:hr>140</ns3:hr>
            <ns3:cad>82</ns3:cad>
          </ns3:TrackPointExtension>
        </extensions>
      </trkpt>
      <trkpt lat="31.28178709186613559722900390625" lon="121.36921453289687633514404296875">
        <ele>-1.2000000476837158203125</ele>
        <time>2026-06-06T06:23:45.000Z</time>
        <extensions>
          <ns3:TrackPointExtension>
            <ns3:hr>140</ns3:hr>
            <ns3:cad>83</ns3:cad>
          </ns3:TrackPointExtension>
        </extensions>
      </trkpt>
      <trkpt lat="31.28180771134793758392333984375" lon="121.36922660283744335174560546875">
        <ele>-1</ele>
        <time>2026-06-06T06:23:46.000Z</time>
        <extensions>
          <ns3:TrackPointExtension>
            <ns3:hr>140</ns3:hr>
            <ns3:cad>83</ns3:cad>
          </ns3:TrackPointExtension>
        </extensions>
      </trkpt>
      <trkpt lat="31.28182648681104183197021484375" lon="121.3692399300634860992431640625">
        <ele>-1</ele>
        <time>2026-06-06T06:23:47.000Z</time>
        <extensions>
          <ns3:TrackPointExtension>
            <ns3:hr>140</ns3:hr>
            <ns3:cad>83</ns3:cad>
          </ns3:TrackPointExtension>
        </extensions>
      </trkpt>
      <trkpt lat="31.28185071051120758056640625" lon="121.36924923397600650787353515625">
        <ele>-1</ele>
        <time>2026-06-06T06:23:48.000Z</time>
        <extensions>
          <ns3:TrackPointExtension>
            <ns3:hr>140</ns3:hr>
            <ns3:cad>83</ns3:cad>
          </ns3:TrackPointExtension>
        </extensions>
      </trkpt>
      <trkpt lat="31.28187208436429500579833984375" lon="121.36925979517400264739990234375">
        <ele>-1</ele>
        <time>2026-06-06T06:23:49.000Z</time>
        <extensions>
          <ns3:TrackPointExtension>
            <ns3:hr>140</ns3:hr>
            <ns3:cad>83</ns3:cad>
          </ns3:TrackPointExtension>
        </extensions>
      </trkpt>
      <trkpt lat="31.28189102746546268463134765625" lon="121.36927354149520397186279296875">
        <ele>-1</ele>
        <time>2026-06-06T06:23:50.000Z</time>
        <extensions>
          <ns3:TrackPointExtension>
            <ns3:hr>140</ns3:hr>
            <ns3:cad>83</ns3:cad>
          </ns3:TrackPointExtension>
        </extensions>
      </trkpt>
      <trkpt lat="31.28191583789885044097900390625" lon="121.369291730225086212158203125">
        <ele>-1</ele>
        <time>2026-06-06T06:23:51.000Z</time>
        <extensions>
          <ns3:TrackPointExtension>
            <ns3:hr>141</ns3:hr>
            <ns3:cad>83</ns3:cad>
          </ns3:TrackPointExtension>
        </extensions>
      </trkpt>
      <trkpt lat="31.2819350324571132659912109375" lon="121.36930413544178009033203125">
        <ele>-1</ele>
        <time>2026-06-06T06:23:52.000Z</time>
        <extensions>
          <ns3:TrackPointExtension>
            <ns3:hr>141</ns3:hr>
            <ns3:cad>84</ns3:cad>
          </ns3:TrackPointExtension>
        </extensions>
      </trkpt>
      <trkpt lat="31.2819544784724712371826171875" lon="121.36931980960071086883544921875">
        <ele>-1</ele>
        <time>2026-06-06T06:23:53.000Z</time>
        <extensions>
          <ns3:TrackPointExtension>
            <ns3:hr>141</ns3:hr>
            <ns3:cad>84</ns3:cad>
          </ns3:TrackPointExtension>
        </extensions>
      </trkpt>
      <trkpt lat="31.2819739244878292083740234375" lon="121.36933363974094390869140625">
        <ele>-1</ele>
        <time>2026-06-06T06:23:54.000Z</time>
        <extensions>
          <ns3:TrackPointExtension>
            <ns3:hr>141</ns3:hr>
            <ns3:cad>84</ns3:cad>
          </ns3:TrackPointExtension>
        </extensions>
      </trkpt>
      <trkpt lat="31.28199697472155094146728515625" lon="121.3693482242524623870849609375">
        <ele>-1</ele>
        <time>2026-06-06T06:23:55.000Z</time>
        <extensions>
          <ns3:TrackPointExtension>
            <ns3:hr>141</ns3:hr>
            <ns3:cad>84</ns3:cad>
          </ns3:TrackPointExtension>
        </extensions>
      </trkpt>
      <trkpt lat="31.28201658837497234344482421875" lon="121.36936741881072521209716796875">
        <ele>-0.800000011920928955078125</ele>
        <time>2026-06-06T06:23:56.000Z</time>
        <extensions>
          <ns3:TrackPointExtension>
            <ns3:hr>142</ns3:hr>
            <ns3:cad>84</ns3:cad>
          </ns3:TrackPointExtension>
        </extensions>
      </trkpt>
      <trkpt lat="31.28203444182872772216796875" lon="121.36938300915062427520751953125">
        <ele>-0.800000011920928955078125</ele>
        <time>2026-06-06T06:23:57.000Z</time>
        <extensions>
          <ns3:TrackPointExtension>
            <ns3:hr>142</ns3:hr>
            <ns3:cad>83</ns3:cad>
          </ns3:TrackPointExtension>
        </extensions>
      </trkpt>
      <trkpt lat="31.282058916985988616943359375" lon="121.3693981803953647613525390625">
        <ele>-0.800000011920928955078125</ele>
        <time>2026-06-06T06:23:58.000Z</time>
        <extensions>
          <ns3:TrackPointExtension>
            <ns3:hr>142</ns3:hr>
            <ns3:cad>83</ns3:cad>
          </ns3:TrackPointExtension>
        </extensions>
      </trkpt>
      <trkpt lat="31.2820815481245517730712890625" lon="121.36941351927816867828369140625">
        <ele>-1</ele>
        <time>2026-06-06T06:23:59.000Z</time>
        <extensions>
          <ns3:TrackPointExtension>
            <ns3:hr>142</ns3:hr>
            <ns3:cad>83</ns3:cad>
          </ns3:TrackPointExtension>
        </extensions>
      </trkpt>
      <trkpt lat="31.282099820673465728759765625" lon="121.3694260083138942718505859375">
        <ele>-1</ele>
        <time>2026-06-06T06:24:00.000Z</time>
        <extensions>
          <ns3:TrackPointExtension>
            <ns3:hr>142</ns3:hr>
            <ns3:cad>83</ns3:cad>
          </ns3:TrackPointExtension>
        </extensions>
      </trkpt>
      <trkpt lat="31.28211884759366512298583984375" lon="121.36944201774895191192626953125">
        <ele>-1.2000000476837158203125</ele>
        <time>2026-06-06T06:24:01.000Z</time>
        <extensions>
          <ns3:TrackPointExtension>
            <ns3:hr>141</ns3:hr>
            <ns3:cad>83</ns3:cad>
          </ns3:TrackPointExtension>
        </extensions>
      </trkpt>
      <trkpt lat="31.2821375392377376556396484375" lon="121.36946314014494419097900390625">
        <ele>-1.2000000476837158203125</ele>
        <time>2026-06-06T06:24:02.000Z</time>
        <extensions>
          <ns3:TrackPointExtension>
            <ns3:hr>141</ns3:hr>
            <ns3:cad>83</ns3:cad>
          </ns3:TrackPointExtension>
        </extensions>
      </trkpt>
      <trkpt lat="31.2821546383202075958251953125" lon="121.36948023922741413116455078125">
        <ele>-1.2000000476837158203125</ele>
        <time>2026-06-06T06:24:03.000Z</time>
        <extensions>
          <ns3:TrackPointExtension>
            <ns3:hr>141</ns3:hr>
            <ns3:cad>82</ns3:cad>
          </ns3:TrackPointExtension>
        </extensions>
      </trkpt>
      <trkpt lat="31.28217366524040699005126953125" lon="121.36949566192924976348876953125">
        <ele>-1</ele>
        <time>2026-06-06T06:24:04.000Z</time>
        <extensions>
          <ns3:TrackPointExtension>
            <ns3:hr>141</ns3:hr>
            <ns3:cad>82</ns3:cad>
          </ns3:TrackPointExtension>
        </extensions>
      </trkpt>
      <trkpt lat="31.28219177015125751495361328125" lon="121.36951410211622714996337890625">
        <ele>-1</ele>
        <time>2026-06-06T06:24:05.000Z</time>
        <extensions>
          <ns3:TrackPointExtension>
            <ns3:hr>141</ns3:hr>
            <ns3:cad>82</ns3:cad>
          </ns3:TrackPointExtension>
        </extensions>
      </trkpt>
      <trkpt lat="31.282212473452091217041015625" lon="121.3695343025028705596923828125">
        <ele>-1</ele>
        <time>2026-06-06T06:24:06.000Z</time>
        <extensions>
          <ns3:TrackPointExtension>
            <ns3:hr>141</ns3:hr>
            <ns3:cad>83</ns3:cad>
          </ns3:TrackPointExtension>
        </extensions>
      </trkpt>
      <trkpt lat="31.28222965635359287261962890625" lon="121.36954964138567447662353515625">
        <ele>-1.2000000476837158203125</ele>
        <time>2026-06-06T06:24:07.000Z</time>
        <extensions>
          <ns3:TrackPointExtension>
            <ns3:hr>140</ns3:hr>
            <ns3:cad>83</ns3:cad>
          </ns3:TrackPointExtension>
        </extensions>
      </trkpt>
      <trkpt lat="31.28224491141736507415771484375" lon="121.369565315544605255126953125">
        <ele>-1.2000000476837158203125</ele>
        <time>2026-06-06T06:24:08.000Z</time>
        <extensions>
          <ns3:TrackPointExtension>
            <ns3:hr>140</ns3:hr>
            <ns3:cad>83</ns3:cad>
          </ns3:TrackPointExtension>
        </extensions>
      </trkpt>
      <trkpt lat="31.2822646088898181915283203125" lon="121.36958442628383636474609375">
        <ele>-1.2000000476837158203125</ele>
        <time>2026-06-06T06:24:09.000Z</time>
        <extensions>
          <ns3:TrackPointExtension>
            <ns3:hr>140</ns3:hr>
            <ns3:cad>83</ns3:cad>
          </ns3:TrackPointExtension>
        </extensions>
      </trkpt>
      <trkpt lat="31.2822843901813030242919921875" lon="121.36959624476730823516845703125">
        <ele>-1.2000000476837158203125</ele>
        <time>2026-06-06T06:24:10.000Z</time>
        <extensions>
          <ns3:TrackPointExtension>
            <ns3:hr>140</ns3:hr>
            <ns3:cad>83</ns3:cad>
          </ns3:TrackPointExtension>
        </extensions>
      </trkpt>
      <trkpt lat="31.28230559639632701873779296875" lon="121.36961250565946102142333984375">
        <ele>-1.2000000476837158203125</ele>
        <time>2026-06-06T06:24:11.000Z</time>
        <extensions>
          <ns3:TrackPointExtension>
            <ns3:hr>140</ns3:hr>
            <ns3:cad>83</ns3:cad>
          </ns3:TrackPointExtension>
        </extensions>
      </trkpt>
      <trkpt lat="31.2823249585926532745361328125" lon="121.3696291856467723846435546875">
        <ele>-1.2000000476837158203125</ele>
        <time>2026-06-06T06:24:12.000Z</time>
        <extensions>
          <ns3:TrackPointExtension>
            <ns3:hr>140</ns3:hr>
            <ns3:cad>83</ns3:cad>
          </ns3:TrackPointExtension>
        </extensions>
      </trkpt>
      <trkpt lat="31.28234717063605785369873046875" lon="121.3696402497589588165283203125">
        <ele>-1</ele>
        <time>2026-06-06T06:24:13.000Z</time>
        <extensions>
          <ns3:TrackPointExtension>
            <ns3:hr>140</ns3:hr>
            <ns3:cad>83</ns3:cad>
          </ns3:TrackPointExtension>
        </extensions>
      </trkpt>
      <trkpt lat="31.28236946649849414825439453125" lon="121.36965575627982616424560546875">
        <ele>-1</ele>
        <time>2026-06-06T06:24:14.000Z</time>
        <extensions>
          <ns3:TrackPointExtension>
            <ns3:hr>140</ns3:hr>
            <ns3:cad>83</ns3:cad>
          </ns3:TrackPointExtension>
        </extensions>
      </trkpt>
      <trkpt lat="31.2823879905045032501220703125" lon="121.36967034079134464263916015625">
        <ele>-1</ele>
        <time>2026-06-06T06:24:15.000Z</time>
        <extensions>
          <ns3:TrackPointExtension>
            <ns3:hr>140</ns3:hr>
            <ns3:cad>83</ns3:cad>
          </ns3:TrackPointExtension>
        </extensions>
      </trkpt>
      <trkpt lat="31.2824071012437343597412109375" lon="121.36968207545578479766845703125">
        <ele>-1</ele>
        <time>2026-06-06T06:24:16.000Z</time>
        <extensions>
          <ns3:TrackPointExtension>
            <ns3:hr>140</ns3:hr>
            <ns3:cad>83</ns3:cad>
          </ns3:TrackPointExtension>
        </extensions>
      </trkpt>
      <trkpt lat="31.2824288941919803619384765625" lon="121.36969816870987415313720703125">
        <ele>-1</ele>
        <time>2026-06-06T06:24:17.000Z</time>
        <extensions>
          <ns3:TrackPointExtension>
            <ns3:hr>141</ns3:hr>
            <ns3:cad>83</ns3:cad>
          </ns3:TrackPointExtension>
        </extensions>
      </trkpt>
      <trkpt lat="31.28244775347411632537841796875" lon="121.36971409432590007781982421875">
        <ele>-1</ele>
        <time>2026-06-06T06:24:18.000Z</time>
        <extensions>
          <ns3:TrackPointExtension>
            <ns3:hr>141</ns3:hr>
            <ns3:cad>83</ns3:cad>
          </ns3:TrackPointExtension>
        </extensions>
      </trkpt>
      <trkpt lat="31.2824687920510768890380859375" lon="121.36973169632256031036376953125">
        <ele>-1</ele>
        <time>2026-06-06T06:24:19.000Z</time>
        <extensions>
          <ns3:TrackPointExtension>
            <ns3:hr>141</ns3:hr>
            <ns3:cad>83</ns3:cad>
          </ns3:TrackPointExtension>
        </extensions>
      </trkpt>
      <trkpt lat="31.2824879027903079986572265625" lon="121.3697500526905059814453125">
        <ele>-1</ele>
        <time>2026-06-06T06:24:20.000Z</time>
        <extensions>
          <ns3:TrackPointExtension>
            <ns3:hr>141</ns3:hr>
            <ns3:cad>82</ns3:cad>
          </ns3:TrackPointExtension>
        </extensions>
      </trkpt>
      <trkpt lat="31.2825080193579196929931640625" lon="121.3697653077542781829833984375">
        <ele>-1</ele>
        <time>2026-06-06T06:24:21.000Z</time>
        <extensions>
          <ns3:TrackPointExtension>
            <ns3:hr>141</ns3:hr>
            <ns3:cad>82</ns3:cad>
          </ns3:TrackPointExtension>
        </extensions>
      </trkpt>
      <trkpt lat="31.282527633011341094970703125" lon="121.3697847537696361541748046875">
        <ele>-1</ele>
        <time>2026-06-06T06:24:22.000Z</time>
        <extensions>
          <ns3:TrackPointExtension>
            <ns3:hr>142</ns3:hr>
            <ns3:cad>82</ns3:cad>
          </ns3:TrackPointExtension>
        </extensions>
      </trkpt>
      <trkpt lat="31.28254665993154048919677734375" lon="121.3698035292327404022216796875">
        <ele>-1</ele>
        <time>2026-06-06T06:24:23.000Z</time>
        <extensions>
          <ns3:TrackPointExtension>
            <ns3:hr>141</ns3:hr>
            <ns3:cad>83</ns3:cad>
          </ns3:TrackPointExtension>
        </extensions>
      </trkpt>
      <trkpt lat="31.2825663574039936065673828125" lon="121.3698196224868297576904296875">
        <ele>-0.800000011920928955078125</ele>
        <time>2026-06-06T06:24:24.000Z</time>
        <extensions>
          <ns3:TrackPointExtension>
            <ns3:hr>141</ns3:hr>
            <ns3:cad>83</ns3:cad>
          </ns3:TrackPointExtension>
        </extensions>
      </trkpt>
      <trkpt lat="31.2825861386954784393310546875" lon="121.3698367215692996978759765625">
        <ele>-0.800000011920928955078125</ele>
        <time>2026-06-06T06:24:25.000Z</time>
        <extensions>
          <ns3:TrackPointExtension>
            <ns3:hr>141</ns3:hr>
            <ns3:cad>84</ns3:cad>
          </ns3:TrackPointExtension>
        </extensions>
      </trkpt>
      <trkpt lat="31.282603405416011810302734375" lon="121.36985625140368938446044921875">
        <ele>-0.800000011920928955078125</ele>
        <time>2026-06-06T06:24:26.000Z</time>
        <extensions>
          <ns3:TrackPointExtension>
            <ns3:hr>140</ns3:hr>
            <ns3:cad>84</ns3:cad>
          </ns3:TrackPointExtension>
        </extensions>
      </trkpt>
      <trkpt lat="31.28262528218328952789306640625" lon="121.3698762841522693634033203125">
        <ele>-0.60000002384185791015625</ele>
        <time>2026-06-06T06:24:27.000Z</time>
        <extensions>
          <ns3:TrackPointExtension>
            <ns3:hr>140</ns3:hr>
            <ns3:cad>83</ns3:cad>
          </ns3:TrackPointExtension>
        </extensions>
      </trkpt>
      <trkpt lat="31.2826454825699329376220703125" lon="121.36989162303507328033447265625">
        <ele>-0.60000002384185791015625</ele>
        <time>2026-06-06T06:24:28.000Z</time>
        <extensions>
          <ns3:TrackPointExtension>
            <ns3:hr>140</ns3:hr>
            <ns3:cad>83</ns3:cad>
          </ns3:TrackPointExtension>
        </extensions>
      </trkpt>
      <trkpt lat="31.28266341984272003173828125" lon="121.36991039849817752838134765625">
        <ele>-0.60000002384185791015625</ele>
        <time>2026-06-06T06:24:29.000Z</time>
        <extensions>
          <ns3:TrackPointExtension>
            <ns3:hr>140</ns3:hr>
            <ns3:cad>84</ns3:cad>
          </ns3:TrackPointExtension>
        </extensions>
      </trkpt>
      <trkpt lat="31.282681860029697418212890625" lon="121.36992732994258403778076171875">
        <ele>-0.60000002384185791015625</ele>
        <time>2026-06-06T06:24:30.000Z</time>
        <extensions>
          <ns3:TrackPointExtension>
            <ns3:hr>141</ns3:hr>
            <ns3:cad>84</ns3:cad>
          </ns3:TrackPointExtension>
        </extensions>
      </trkpt>
      <trkpt lat="31.28270097076892852783203125" lon="121.369942165911197662353515625">
        <ele>-0.60000002384185791015625</ele>
        <time>2026-06-06T06:24:31.000Z</time>
        <extensions>
          <ns3:TrackPointExtension>
            <ns3:hr>141</ns3:hr>
            <ns3:cad>84</ns3:cad>
          </ns3:TrackPointExtension>
        </extensions>
      </trkpt>
      <trkpt lat="31.2827192433178424835205078125" lon="121.36996203102171421051025390625">
        <ele>-0.60000002384185791015625</ele>
        <time>2026-06-06T06:24:32.000Z</time>
        <extensions>
          <ns3:TrackPointExtension>
            <ns3:hr>141</ns3:hr>
            <ns3:cad>84</ns3:cad>
          </ns3:TrackPointExtension>
        </extensions>
      </trkpt>
      <trkpt lat="31.2827353365719318389892578125" lon="121.36998139321804046630859375">
        <ele>-0.4000000059604644775390625</ele>
        <time>2026-06-06T06:24:33.000Z</time>
        <extensions>
          <ns3:TrackPointExtension>
            <ns3:hr>142</ns3:hr>
            <ns3:cad>83</ns3:cad>
          </ns3:TrackPointExtension>
        </extensions>
      </trkpt>
      <trkpt lat="31.28275419585406780242919921875" lon="121.369997821748256683349609375">
        <ele>-0.4000000059604644775390625</ele>
        <time>2026-06-06T06:24:34.000Z</time>
        <extensions>
          <ns3:TrackPointExtension>
            <ns3:hr>142</ns3:hr>
            <ns3:cad>83</ns3:cad>
          </ns3:TrackPointExtension>
        </extensions>
      </trkpt>
      <trkpt lat="31.28277397714555263519287109375" lon="121.3700155913829803466796875">
        <ele>-0.20000000298023223876953125</ele>
        <time>2026-06-06T06:24:35.000Z</time>
        <extensions>
          <ns3:TrackPointExtension>
            <ns3:hr>142</ns3:hr>
            <ns3:cad>83</ns3:cad>
          </ns3:TrackPointExtension>
        </extensions>
      </trkpt>
      <trkpt lat="31.2827953509986400604248046875" lon="121.37003143317997455596923828125">
        <ele>-0.20000000298023223876953125</ele>
        <time>2026-06-06T06:24:36.000Z</time>
        <extensions>
          <ns3:TrackPointExtension>
            <ns3:hr>142</ns3:hr>
            <ns3:cad>83</ns3:cad>
          </ns3:TrackPointExtension>
        </extensions>
      </trkpt>
      <trkpt lat="31.2828169763088226318359375" lon="121.3700469397008419036865234375">
        <ele>-0.20000000298023223876953125</ele>
        <time>2026-06-06T06:24:37.000Z</time>
        <extensions>
          <ns3:TrackPointExtension>
            <ns3:hr>142</ns3:hr>
            <ns3:cad>83</ns3:cad>
          </ns3:TrackPointExtension>
        </extensions>
      </trkpt>
      <trkpt lat="31.2828389368951320648193359375" lon="121.3700637035071849822998046875">
        <ele>-0.20000000298023223876953125</ele>
        <time>2026-06-06T06:24:38.000Z</time>
        <extensions>
          <ns3:TrackPointExtension>
            <ns3:hr>142</ns3:hr>
            <ns3:cad>83</ns3:cad>
          </ns3:TrackPointExtension>
        </extensions>
      </trkpt>
      <trkpt lat="31.28286047838628292083740234375" lon="121.37007501907646656036376953125">
        <ele>0</ele>
        <time>2026-06-06T06:24:39.000Z</time>
        <extensions>
          <ns3:TrackPointExtension>
            <ns3:hr>142</ns3:hr>
            <ns3:cad>83</ns3:cad>
          </ns3:TrackPointExtension>
        </extensions>
      </trkpt>
      <trkpt lat="31.28288277424871921539306640625" lon="121.37008440680801868438720703125">
        <ele>0.20000000298023223876953125</ele>
        <time>2026-06-06T06:24:40.000Z</time>
        <extensions>
          <ns3:TrackPointExtension>
            <ns3:hr>142</ns3:hr>
            <ns3:cad>83</ns3:cad>
          </ns3:TrackPointExtension>
        </extensions>
      </trkpt>
      <trkpt lat="31.28290456719696521759033203125" lon="121.37009329162538051605224609375">
        <ele>0.20000000298023223876953125</ele>
        <time>2026-06-06T06:24:41.000Z</time>
        <extensions>
          <ns3:TrackPointExtension>
            <ns3:hr>142</ns3:hr>
            <ns3:cad>83</ns3:cad>
          </ns3:TrackPointExtension>
        </extensions>
      </trkpt>
      <trkpt lat="31.28292736597359180450439453125" lon="121.37010435573756694793701171875">
        <ele>0.4000000059604644775390625</ele>
        <time>2026-06-06T06:24:42.000Z</time>
        <extensions>
          <ns3:TrackPointExtension>
            <ns3:hr>142</ns3:hr>
            <ns3:cad>83</ns3:cad>
          </ns3:TrackPointExtension>
        </extensions>
      </trkpt>
      <trkpt lat="31.28294882364571094512939453125" lon="121.37011877261102199554443359375">
        <ele>0.4000000059604644775390625</ele>
        <time>2026-06-06T06:24:43.000Z</time>
        <extensions>
          <ns3:TrackPointExtension>
            <ns3:hr>143</ns3:hr>
            <ns3:cad>83</ns3:cad>
          </ns3:TrackPointExtension>
        </extensions>
      </trkpt>
      <trkpt lat="31.28296826966106891632080078125" lon="121.37012916617095470428466796875">
        <ele>0.60000002384185791015625</ele>
        <time>2026-06-06T06:24:44.000Z</time>
        <extensions>
          <ns3:TrackPointExtension>
            <ns3:hr>143</ns3:hr>
            <ns3:cad>83</ns3:cad>
          </ns3:TrackPointExtension>
        </extensions>
      </trkpt>
      <trkpt lat="31.282991655170917510986328125" lon="121.37013939209282398223876953125">
        <ele>0.60000002384185791015625</ele>
        <time>2026-06-06T06:24:45.000Z</time>
        <extensions>
          <ns3:TrackPointExtension>
            <ns3:hr>143</ns3:hr>
            <ns3:cad>82</ns3:cad>
          </ns3:TrackPointExtension>
        </extensions>
      </trkpt>
      <trkpt lat="31.28301772288978099822998046875" lon="121.37014660052955150604248046875">
        <ele>0.800000011920928955078125</ele>
        <time>2026-06-06T06:24:46.000Z</time>
        <extensions>
          <ns3:TrackPointExtension>
            <ns3:hr>143</ns3:hr>
            <ns3:cad>82</ns3:cad>
          </ns3:TrackPointExtension>
        </extensions>
      </trkpt>
      <trkpt lat="31.28304295241832733154296875" lon="121.37014760635793209075927734375">
        <ele>0.800000011920928955078125</ele>
        <time>2026-06-06T06:24:47.000Z</time>
        <extensions>
          <ns3:TrackPointExtension>
            <ns3:hr>143</ns3:hr>
            <ns3:cad>82</ns3:cad>
          </ns3:TrackPointExtension>
        </extensions>
      </trkpt>
      <trkpt lat="31.28306818194687366485595703125" lon="121.370153389871120452880859375">
        <ele>0.800000011920928955078125</ele>
        <time>2026-06-06T06:24:48.000Z</time>
        <extensions>
          <ns3:TrackPointExtension>
            <ns3:hr>144</ns3:hr>
            <ns3:cad>82</ns3:cad>
          </ns3:TrackPointExtension>
        </extensions>
      </trkpt>
      <trkpt lat="31.2830920703709125518798828125" lon="121.37015582062304019927978515625">
        <ele>0.800000011920928955078125</ele>
        <time>2026-06-06T06:24:49.000Z</time>
        <extensions>
          <ns3:TrackPointExtension>
            <ns3:hr>144</ns3:hr>
            <ns3:cad>83</ns3:cad>
          </ns3:TrackPointExtension>
        </extensions>
      </trkpt>
      <trkpt lat="31.2831158749759197235107421875" lon="121.37016001157462596893310546875">
        <ele>0.60000002384185791015625</ele>
        <time>2026-06-06T06:24:50.000Z</time>
        <extensions>
          <ns3:TrackPointExtension>
            <ns3:hr>144</ns3:hr>
            <ns3:cad>84</ns3:cad>
          </ns3:TrackPointExtension>
        </extensions>
      </trkpt>
      <trkpt lat="31.28313875757157802581787109375" lon="121.37017291970551013946533203125">
        <ele>0.60000002384185791015625</ele>
        <time>2026-06-06T06:24:51.000Z</time>
        <extensions>
          <ns3:TrackPointExtension>
            <ns3:hr>144</ns3:hr>
            <ns3:cad>84</ns3:cad>
          </ns3:TrackPointExtension>
        </extensions>
      </trkpt>
      <trkpt lat="31.2831584550440311431884765625" lon="121.3701897673308849334716796875">
        <ele>0.4000000059604644775390625</ele>
        <time>2026-06-06T06:24:52.000Z</time>
        <extensions>
          <ns3:TrackPointExtension>
            <ns3:hr>144</ns3:hr>
            <ns3:cad>84</ns3:cad>
          </ns3:TrackPointExtension>
        </extensions>
      </trkpt>
      <trkpt lat="31.2831772305071353912353515625" lon="121.37021030299365520477294921875">
        <ele>0.4000000059604644775390625</ele>
        <time>2026-06-06T06:24:53.000Z</time>
        <extensions>
          <ns3:TrackPointExtension>
            <ns3:hr>145</ns3:hr>
            <ns3:cad>82</ns3:cad>
          </ns3:TrackPointExtension>
        </extensions>
      </trkpt>
      <trkpt lat="31.2831939943134784698486328125" lon="121.370230503380298614501953125">
        <ele>0.4000000059604644775390625</ele>
        <time>2026-06-06T06:24:54.000Z</time>
        <extensions>
          <ns3:TrackPointExtension>
            <ns3:hr>144</ns3:hr>
            <ns3:cad>81</ns3:cad>
          </ns3:TrackPointExtension>
        </extensions>
      </trkpt>
      <trkpt lat="31.28321352414786815643310546875" lon="121.37024198658764362335205078125">
        <ele>0.60000002384185791015625</ele>
        <time>2026-06-06T06:24:55.000Z</time>
        <extensions>
          <ns3:TrackPointExtension>
            <ns3:hr>144</ns3:hr>
            <ns3:cad>80</ns3:cad>
          </ns3:TrackPointExtension>
        </extensions>
      </trkpt>
      <trkpt lat="31.28323582001030445098876953125" lon="121.37024416588246822357177734375">
        <ele>0.60000002384185791015625</ele>
        <time>2026-06-06T06:24:56.000Z</time>
        <extensions>
          <ns3:TrackPointExtension>
            <ns3:hr>145</ns3:hr>
            <ns3:cad>79</ns3:cad>
          </ns3:TrackPointExtension>
        </extensions>
      </trkpt>
      <trkpt lat="31.2832595407962799072265625" lon="121.3702504523098468780517578125">
        <ele>0.60000002384185791015625</ele>
        <time>2026-06-06T06:24:57.000Z</time>
        <extensions>
          <ns3:TrackPointExtension>
            <ns3:hr>144</ns3:hr>
            <ns3:cad>79</ns3:cad>
          </ns3:TrackPointExtension>
        </extensions>
      </trkpt>
      <trkpt lat="31.28328359685838222503662109375" lon="121.37025355361402034759521484375">
        <ele>0.60000002384185791015625</ele>
        <time>2026-06-06T06:24:58.000Z</time>
        <extensions>
          <ns3:TrackPointExtension>
            <ns3:hr>144</ns3:hr>
            <ns3:cad>79</ns3:cad>
          </ns3:TrackPointExtension>
        </extensions>
      </trkpt>
      <trkpt lat="31.2833059765398502349853515625" lon="121.37025170959532260894775390625">
        <ele>0.60000002384185791015625</ele>
        <time>2026-06-06T06:24:59.000Z</time>
        <extensions>
          <ns3:TrackPointExtension>
            <ns3:hr>145</ns3:hr>
            <ns3:cad>79</ns3:cad>
          </ns3:TrackPointExtension>
        </extensions>
      </trkpt>
      <trkpt lat="31.28332936204969882965087890625" lon="121.37025321833789348602294921875">
        <ele>0.4000000059604644775390625</ele>
        <time>2026-06-06T06:25:00.000Z</time>
        <extensions>
          <ns3:TrackPointExtension>
            <ns3:hr>144</ns3:hr>
            <ns3:cad>79</ns3:cad>
          </ns3:TrackPointExtension>
        </extensions>
      </trkpt>
      <trkpt lat="31.2833515740931034088134765625" lon="121.3702561520040035247802734375">
        <ele>0.4000000059604644775390625</ele>
        <time>2026-06-06T06:25:01.000Z</time>
        <extensions>
          <ns3:TrackPointExtension>
            <ns3:hr>145</ns3:hr>
            <ns3:cad>80</ns3:cad>
          </ns3:TrackPointExtension>
        </extensions>
      </trkpt>
      <trkpt lat="31.2833743728697299957275390625" lon="121.37024986557662487030029296875">
        <ele>0.20000000298023223876953125</ele>
        <time>2026-06-06T06:25:02.000Z</time>
        <extensions>
          <ns3:TrackPointExtension>
            <ns3:hr>145</ns3:hr>
            <ns3:cad>80</ns3:cad>
          </ns3:TrackPointExtension>
        </extensions>
      </trkpt>
      <trkpt lat="31.283394992351531982421875" lon="121.37023754417896270751953125">
        <ele>0.20000000298023223876953125</ele>
        <time>2026-06-06T06:25:03.000Z</time>
        <extensions>
          <ns3:TrackPointExtension>
            <ns3:hr>146</ns3:hr>
            <ns3:cad>80</ns3:cad>
          </ns3:TrackPointExtension>
        </extensions>
      </trkpt>
      <trkpt lat="31.2834142707288265228271484375" lon="121.3702274858951568603515625">
        <ele>0</ele>
        <time>2026-06-06T06:25:04.000Z</time>
        <extensions>
          <ns3:TrackPointExtension>
            <ns3:hr>146</ns3:hr>
            <ns3:cad>80</ns3:cad>
          </ns3:TrackPointExtension>
        </extensions>
      </trkpt>
      <trkpt lat="31.28343732096254825592041015625" lon="121.37021751143038272857666015625">
        <ele>0</ele>
        <time>2026-06-06T06:25:05.000Z</time>
        <extensions>
          <ns3:TrackPointExtension>
            <ns3:hr>146</ns3:hr>
            <ns3:cad>81</ns3:cad>
          </ns3:TrackPointExtension>
        </extensions>
      </trkpt>
      <trkpt lat="31.2834585271775722503662109375" lon="121.37020477093756198883056640625">
        <ele>-0.20000000298023223876953125</ele>
        <time>2026-06-06T06:25:06.000Z</time>
        <extensions>
          <ns3:TrackPointExtension>
            <ns3:hr>146</ns3:hr>
            <ns3:cad>81</ns3:cad>
          </ns3:TrackPointExtension>
        </extensions>
      </trkpt>
      <trkpt lat="31.28348057158291339874267578125" lon="121.37019135989248752593994140625">
        <ele>-0.20000000298023223876953125</ele>
        <time>2026-06-06T06:25:07.000Z</time>
        <extensions>
          <ns3:TrackPointExtension>
            <ns3:hr>146</ns3:hr>
            <ns3:cad>81</ns3:cad>
          </ns3:TrackPointExtension>
        </extensions>
      </trkpt>
      <trkpt lat="31.28350269980728626251220703125" lon="121.37018096633255481719970703125">
        <ele>-0.4000000059604644775390625</ele>
        <time>2026-06-06T06:25:08.000Z</time>
        <extensions>
          <ns3:TrackPointExtension>
            <ns3:hr>146</ns3:hr>
            <ns3:cad>82</ns3:cad>
          </ns3:TrackPointExtension>
        </extensions>
      </trkpt>
      <trkpt lat="31.28352331928908824920654296875" lon="121.370168142020702362060546875">
        <ele>-0.4000000059604644775390625</ele>
        <time>2026-06-06T06:25:09.000Z</time>
        <extensions>
          <ns3:TrackPointExtension>
            <ns3:hr>145</ns3:hr>
            <ns3:cad>82</ns3:cad>
          </ns3:TrackPointExtension>
        </extensions>
      </trkpt>
      <trkpt lat="31.28354586660861968994140625" lon="121.370158083736896514892578125">
        <ele>-0.4000000059604644775390625</ele>
        <time>2026-06-06T06:25:10.000Z</time>
        <extensions>
          <ns3:TrackPointExtension>
            <ns3:hr>146</ns3:hr>
            <ns3:cad>83</ns3:cad>
          </ns3:TrackPointExtension>
        </extensions>
      </trkpt>
      <trkpt lat="31.28356824629008769989013671875" lon="121.3701491989195346832275390625">
        <ele>-0.4000000059604644775390625</ele>
        <time>2026-06-06T06:25:11.000Z</time>
        <extensions>
          <ns3:TrackPointExtension>
            <ns3:hr>145</ns3:hr>
            <ns3:cad>83</ns3:cad>
          </ns3:TrackPointExtension>
        </extensions>
      </trkpt>
      <trkpt lat="31.28359146416187286376953125" lon="121.37013670988380908966064453125">
        <ele>-0.4000000059604644775390625</ele>
        <time>2026-06-06T06:25:12.000Z</time>
        <extensions>
          <ns3:TrackPointExtension>
            <ns3:hr>145</ns3:hr>
            <ns3:cad>83</ns3:cad>
          </ns3:TrackPointExtension>
        </extensions>
      </trkpt>
      <trkpt lat="31.283615939319133758544921875" lon="121.37012933380901813507080078125">
        <ele>-0.4000000059604644775390625</ele>
        <time>2026-06-06T06:25:13.000Z</time>
        <extensions>
          <ns3:TrackPointExtension>
            <ns3:hr>145</ns3:hr>
            <ns3:cad>83</ns3:cad>
          </ns3:TrackPointExtension>
        </extensions>
      </trkpt>
      <trkpt lat="31.28363865427672863006591796875" lon="121.370121203362941741943359375">
        <ele>-0.4000000059604644775390625</ele>
        <time>2026-06-06T06:25:14.000Z</time>
        <extensions>
          <ns3:TrackPointExtension>
            <ns3:hr>145</ns3:hr>
            <ns3:cad>83</ns3:cad>
          </ns3:TrackPointExtension>
        </extensions>
      </trkpt>
      <trkpt lat="31.2836630456149578094482421875" lon="121.3701094686985015869140625">
        <ele>-0.60000002384185791015625</ele>
        <time>2026-06-06T06:25:15.000Z</time>
        <extensions>
          <ns3:TrackPointExtension>
            <ns3:hr>145</ns3:hr>
            <ns3:cad>83</ns3:cad>
          </ns3:TrackPointExtension>
        </extensions>
      </trkpt>
      <trkpt lat="31.28368542529642581939697265625" lon="121.370098404586315155029296875">
        <ele>-0.60000002384185791015625</ele>
        <time>2026-06-06T06:25:16.000Z</time>
        <extensions>
          <ns3:TrackPointExtension>
            <ns3:hr>145</ns3:hr>
            <ns3:cad>83</ns3:cad>
          </ns3:TrackPointExtension>
        </extensions>
      </trkpt>
      <trkpt lat="31.28370922990143299102783203125" lon="121.370089016854763031005859375">
        <ele>-0.60000002384185791015625</ele>
        <time>2026-06-06T06:25:17.000Z</time>
        <extensions>
          <ns3:TrackPointExtension>
            <ns3:hr>145</ns3:hr>
            <ns3:cad>82</ns3:cad>
          </ns3:TrackPointExtension>
        </extensions>
      </trkpt>
      <trkpt lat="31.283731274306774139404296875" lon="121.3700804673135280609130859375">
        <ele>-0.60000002384185791015625</ele>
        <time>2026-06-06T06:25:18.000Z</time>
        <extensions>
          <ns3:TrackPointExtension>
            <ns3:hr>145</ns3:hr>
            <ns3:cad>82</ns3:cad>
          </ns3:TrackPointExtension>
        </extensions>
      </trkpt>
      <trkpt lat="31.28375231288373470306396484375" lon="121.37007200159132480621337890625">
        <ele>-0.60000002384185791015625</ele>
        <time>2026-06-06T06:25:19.000Z</time>
        <extensions>
          <ns3:TrackPointExtension>
            <ns3:hr>145</ns3:hr>
            <ns3:cad>82</ns3:cad>
          </ns3:TrackPointExtension>
        </extensions>
      </trkpt>
      <trkpt lat="31.2837756983935832977294921875" lon="121.370064206421375274658203125">
        <ele>-0.60000002384185791015625</ele>
        <time>2026-06-06T06:25:20.000Z</time>
        <extensions>
          <ns3:TrackPointExtension>
            <ns3:hr>145</ns3:hr>
            <ns3:cad>83</ns3:cad>
          </ns3:TrackPointExtension>
        </extensions>
      </trkpt>
      <trkpt lat="31.283799000084400177001953125" lon="121.37005657888948917388916015625">
        <ele>-0.60000002384185791015625</ele>
        <time>2026-06-06T06:25:21.000Z</time>
        <extensions>
          <ns3:TrackPointExtension>
            <ns3:hr>145</ns3:hr>
            <ns3:cad>84</ns3:cad>
          </ns3:TrackPointExtension>
        </extensions>
      </trkpt>
      <trkpt lat="31.2838196195662021636962890625" lon="121.3700499571859836578369140625">
        <ele>-0.60000002384185791015625</ele>
        <time>2026-06-06T06:25:22.000Z</time>
        <extensions>
          <ns3:TrackPointExtension>
            <ns3:hr>144</ns3:hr>
            <ns3:cad>84</ns3:cad>
          </ns3:TrackPointExtension>
        </extensions>
      </trkpt>
      <trkpt lat="31.28384417854249477386474609375" lon="121.37004911899566650390625">
        <ele>-0.60000002384185791015625</ele>
        <time>2026-06-06T06:25:23.000Z</time>
        <extensions>
          <ns3:TrackPointExtension>
            <ns3:hr>144</ns3:hr>
            <ns3:cad>83</ns3:cad>
          </ns3:TrackPointExtension>
        </extensions>
      </trkpt>
      <trkpt lat="31.28386982716619968414306640625" lon="121.3700477778911590576171875">
        <ele>-0.60000002384185791015625</ele>
        <time>2026-06-06T06:25:24.000Z</time>
        <extensions>
          <ns3:TrackPointExtension>
            <ns3:hr>144</ns3:hr>
            <ns3:cad>83</ns3:cad>
          </ns3:TrackPointExtension>
        </extensions>
      </trkpt>
      <trkpt lat="31.2838937155902385711669921875" lon="121.3700402341783046722412109375">
        <ele>-0.4000000059604644775390625</ele>
        <time>2026-06-06T06:25:25.000Z</time>
        <extensions>
          <ns3:TrackPointExtension>
            <ns3:hr>144</ns3:hr>
            <ns3:cad>83</ns3:cad>
          </ns3:TrackPointExtension>
        </extensions>
      </trkpt>
      <trkpt lat="31.28391609527170658111572265625" lon="121.3700358755886554718017578125">
        <ele>-0.4000000059604644775390625</ele>
        <time>2026-06-06T06:25:26.000Z</time>
        <extensions>
          <ns3:TrackPointExtension>
            <ns3:hr>144</ns3:hr>
            <ns3:cad>83</ns3:cad>
          </ns3:TrackPointExtension>
        </extensions>
      </trkpt>
      <trkpt lat="31.283939145505428314208984375" lon="121.370030343532562255859375">
        <ele>-0.4000000059604644775390625</ele>
        <time>2026-06-06T06:25:27.000Z</time>
        <extensions>
          <ns3:TrackPointExtension>
            <ns3:hr>144</ns3:hr>
            <ns3:cad>83</ns3:cad>
          </ns3:TrackPointExtension>
        </extensions>
      </trkpt>
      <trkpt lat="31.2839644588530063629150390625" lon="121.37002623640000820159912109375">
        <ele>-0.60000002384185791015625</ele>
        <time>2026-06-06T06:25:28.000Z</time>
        <extensions>
          <ns3:TrackPointExtension>
            <ns3:hr>144</ns3:hr>
            <ns3:cad>83</ns3:cad>
          </ns3:TrackPointExtension>
        </extensions>
      </trkpt>
      <trkpt lat="31.28398817963898181915283203125" lon="121.37002288363873958587646484375">
        <ele>-0.800000011920928955078125</ele>
        <time>2026-06-06T06:25:29.000Z</time>
        <extensions>
          <ns3:TrackPointExtension>
            <ns3:hr>144</ns3:hr>
            <ns3:cad>83</ns3:cad>
          </ns3:TrackPointExtension>
        </extensions>
      </trkpt>
      <trkpt lat="31.284011565148830413818359375" lon="121.37001919560134410858154296875">
        <ele>-0.800000011920928955078125</ele>
        <time>2026-06-06T06:25:30.000Z</time>
        <extensions>
          <ns3:TrackPointExtension>
            <ns3:hr>144</ns3:hr>
            <ns3:cad>83</ns3:cad>
          </ns3:TrackPointExtension>
        </extensions>
      </trkpt>
      <trkpt lat="31.28403629176318645477294921875" lon="121.37001718394458293914794921875">
        <ele>-0.800000011920928955078125</ele>
        <time>2026-06-06T06:25:31.000Z</time>
        <extensions>
          <ns3:TrackPointExtension>
            <ns3:hr>144</ns3:hr>
            <ns3:cad>83</ns3:cad>
          </ns3:TrackPointExtension>
        </extensions>
      </trkpt>
      <trkpt lat="31.28405858762562274932861328125" lon="121.370014585554599761962890625">
        <ele>-0.800000011920928955078125</ele>
        <time>2026-06-06T06:25:32.000Z</time>
        <extensions>
          <ns3:TrackPointExtension>
            <ns3:hr>144</ns3:hr>
            <ns3:cad>83</ns3:cad>
          </ns3:TrackPointExtension>
        </extensions>
      </trkpt>
      <trkpt lat="31.2840828113257884979248046875" lon="121.37000896967947483062744140625">
        <ele>-0.800000011920928955078125</ele>
        <time>2026-06-06T06:25:33.000Z</time>
        <extensions>
          <ns3:TrackPointExtension>
            <ns3:hr>144</ns3:hr>
            <ns3:cad>83</ns3:cad>
          </ns3:TrackPointExtension>
        </extensions>
      </trkpt>
      <trkpt lat="31.2841066159307956695556640625" lon="121.37000058777630329132080078125">
        <ele>-0.800000011920928955078125</ele>
        <time>2026-06-06T06:25:34.000Z</time>
        <extensions>
          <ns3:TrackPointExtension>
            <ns3:hr>144</ns3:hr>
            <ns3:cad>83</ns3:cad>
          </ns3:TrackPointExtension>
        </extensions>
      </trkpt>
      <trkpt lat="31.28412866033613681793212890625" lon="121.36999287642538547515869140625">
        <ele>-0.800000011920928955078125</ele>
        <time>2026-06-06T06:25:35.000Z</time>
        <extensions>
          <ns3:TrackPointExtension>
            <ns3:hr>144</ns3:hr>
            <ns3:cad>83</ns3:cad>
          </ns3:TrackPointExtension>
        </extensions>
      </trkpt>
      <trkpt lat="31.2841508723795413970947265625" lon="121.36998533271253108978271484375">
        <ele>-0.800000011920928955078125</ele>
        <time>2026-06-06T06:25:36.000Z</time>
        <extensions>
          <ns3:TrackPointExtension>
            <ns3:hr>144</ns3:hr>
            <ns3:cad>83</ns3:cad>
          </ns3:TrackPointExtension>
        </extensions>
      </trkpt>
      <trkpt lat="31.28417325206100940704345703125" lon="121.369980387389659881591796875">
        <ele>-0.800000011920928955078125</ele>
        <time>2026-06-06T06:25:37.000Z</time>
        <extensions>
          <ns3:TrackPointExtension>
            <ns3:hr>144</ns3:hr>
            <ns3:cad>83</ns3:cad>
          </ns3:TrackPointExtension>
        </extensions>
      </trkpt>
      <trkpt lat="31.2841981463134288787841796875" lon="121.36997192166745662689208984375">
        <ele>-0.800000011920928955078125</ele>
        <time>2026-06-06T06:25:38.000Z</time>
        <extensions>
          <ns3:TrackPointExtension>
            <ns3:hr>144</ns3:hr>
            <ns3:cad>83</ns3:cad>
          </ns3:TrackPointExtension>
        </extensions>
      </trkpt>
      <trkpt lat="31.28422086127102375030517578125" lon="121.36996605433523654937744140625">
        <ele>-1</ele>
        <time>2026-06-06T06:25:39.000Z</time>
        <extensions>
          <ns3:TrackPointExtension>
            <ns3:hr>144</ns3:hr>
            <ns3:cad>83</ns3:cad>
          </ns3:TrackPointExtension>
        </extensions>
      </trkpt>
      <trkpt lat="31.284245587885379791259765625" lon="121.3699611090123653411865234375">
        <ele>-0.800000011920928955078125</ele>
        <time>2026-06-06T06:25:40.000Z</time>
        <extensions>
          <ns3:TrackPointExtension>
            <ns3:hr>144</ns3:hr>
            <ns3:cad>84</ns3:cad>
          </ns3:TrackPointExtension>
        </extensions>
      </trkpt>
      <trkpt lat="31.28426914103329181671142578125" lon="121.3699567504227161407470703125">
        <ele>-0.800000011920928955078125</ele>
        <time>2026-06-06T06:25:41.000Z</time>
        <extensions>
          <ns3:TrackPointExtension>
            <ns3:hr>144</ns3:hr>
            <ns3:cad>84</ns3:cad>
          </ns3:TrackPointExtension>
        </extensions>
      </trkpt>
      <trkpt lat="31.2842920236289501190185546875" lon="121.36995255947113037109375">
        <ele>-0.800000011920928955078125</ele>
        <time>2026-06-06T06:25:42.000Z</time>
        <extensions>
          <ns3:TrackPointExtension>
            <ns3:hr>144</ns3:hr>
            <ns3:cad>84</ns3:cad>
          </ns3:TrackPointExtension>
        </extensions>
      </trkpt>
      <trkpt lat="31.28431842662394046783447265625" lon="121.369949877262115478515625">
        <ele>-0.800000011920928955078125</ele>
        <time>2026-06-06T06:25:43.000Z</time>
        <extensions>
          <ns3:TrackPointExtension>
            <ns3:hr>144</ns3:hr>
            <ns3:cad>84</ns3:cad>
          </ns3:TrackPointExtension>
        </extensions>
      </trkpt>
      <trkpt lat="31.2843389622867107391357421875" lon="121.36994778178632259368896484375">
        <ele>-0.800000011920928955078125</ele>
        <time>2026-06-06T06:25:44.000Z</time>
        <extensions>
          <ns3:TrackPointExtension>
            <ns3:hr>144</ns3:hr>
            <ns3:cad>84</ns3:cad>
          </ns3:TrackPointExtension>
        </extensions>
      </trkpt>
      <trkpt lat="31.28435916267335414886474609375" lon="121.36994174681603908538818359375">
        <ele>-0.800000011920928955078125</ele>
        <time>2026-06-06T06:25:45.000Z</time>
        <extensions>
          <ns3:TrackPointExtension>
            <ns3:hr>144</ns3:hr>
            <ns3:cad>83</ns3:cad>
          </ns3:TrackPointExtension>
        </extensions>
      </trkpt>
      <trkpt lat="31.2843825481832027435302734375" lon="121.3699399866163730621337890625">
        <ele>-0.800000011920928955078125</ele>
        <time>2026-06-06T06:25:46.000Z</time>
        <extensions>
          <ns3:TrackPointExtension>
            <ns3:hr>144</ns3:hr>
            <ns3:cad>84</ns3:cad>
          </ns3:TrackPointExtension>
        </extensions>
      </trkpt>
      <trkpt lat="31.284409202635288238525390625" lon="121.36993822641670703887939453125">
        <ele>-0.800000011920928955078125</ele>
        <time>2026-06-06T06:25:47.000Z</time>
        <extensions>
          <ns3:TrackPointExtension>
            <ns3:hr>144</ns3:hr>
            <ns3:cad>84</ns3:cad>
          </ns3:TrackPointExtension>
        </extensions>
      </trkpt>
      <trkpt lat="31.284433342516422271728515625" lon="121.36993252672255039215087890625">
        <ele>-0.60000002384185791015625</ele>
        <time>2026-06-06T06:25:48.000Z</time>
        <extensions>
          <ns3:TrackPointExtension>
            <ns3:hr>144</ns3:hr>
            <ns3:cad>84</ns3:cad>
          </ns3:TrackPointExtension>
        </extensions>
      </trkpt>
      <trkpt lat="31.28445773385465145111083984375" lon="121.36993101797997951507568359375">
        <ele>-0.800000011920928955078125</ele>
        <time>2026-06-06T06:25:49.000Z</time>
        <extensions>
          <ns3:TrackPointExtension>
            <ns3:hr>144</ns3:hr>
            <ns3:cad>84</ns3:cad>
          </ns3:TrackPointExtension>
        </extensions>
      </trkpt>
      <trkpt lat="31.28448338247835636138916015625" lon="121.369930766522884368896484375">
        <ele>-0.800000011920928955078125</ele>
        <time>2026-06-06T06:25:50.000Z</time>
        <extensions>
          <ns3:TrackPointExtension>
            <ns3:hr>144</ns3:hr>
            <ns3:cad>83</ns3:cad>
          </ns3:TrackPointExtension>
        </extensions>
      </trkpt>
      <trkpt lat="31.28450701944530010223388671875" lon="121.36992867104709148406982421875">
        <ele>-0.800000011920928955078125</ele>
        <time>2026-06-06T06:25:51.000Z</time>
        <extensions>
          <ns3:TrackPointExtension>
            <ns3:hr>144</ns3:hr>
            <ns3:cad>83</ns3:cad>
          </ns3:TrackPointExtension>
        </extensions>
      </trkpt>
      <trkpt lat="31.28453115932643413543701171875" lon="121.36992615647614002227783203125">
        <ele>-0.800000011920928955078125</ele>
        <time>2026-06-06T06:25:52.000Z</time>
        <extensions>
          <ns3:TrackPointExtension>
            <ns3:hr>144</ns3:hr>
            <ns3:cad>83</ns3:cad>
          </ns3:TrackPointExtension>
        </extensions>
      </trkpt>
      <trkpt lat="31.2845548801124095916748046875" lon="121.36991928331553936004638671875">
        <ele>-0.800000011920928955078125</ele>
        <time>2026-06-06T06:25:53.000Z</time>
        <extensions>
          <ns3:TrackPointExtension>
            <ns3:hr>144</ns3:hr>
            <ns3:cad>83</ns3:cad>
          </ns3:TrackPointExtension>
        </extensions>
      </trkpt>
      <trkpt lat="31.28457658924162387847900390625" lon="121.36991794221103191375732421875">
        <ele>-0.800000011920928955078125</ele>
        <time>2026-06-06T06:25:54.000Z</time>
        <extensions>
          <ns3:TrackPointExtension>
            <ns3:hr>144</ns3:hr>
            <ns3:cad>83</ns3:cad>
          </ns3:TrackPointExtension>
        </extensions>
      </trkpt>
      <trkpt lat="31.28459905274212360382080078125" lon="121.36991324834525585174560546875">
        <ele>-0.800000011920928955078125</ele>
        <time>2026-06-06T06:25:55.000Z</time>
        <extensions>
          <ns3:TrackPointExtension>
            <ns3:hr>143</ns3:hr>
            <ns3:cad>82</ns3:cad>
          </ns3:TrackPointExtension>
        </extensions>
      </trkpt>
      <trkpt lat="31.2846212647855281829833984375" lon="121.3699031062424182891845703125">
        <ele>-0.800000011920928955078125</ele>
        <time>2026-06-06T06:25:56.000Z</time>
        <extensions>
          <ns3:TrackPointExtension>
            <ns3:hr>144</ns3:hr>
            <ns3:cad>82</ns3:cad>
          </ns3:TrackPointExtension>
        </extensions>
      </trkpt>
      <trkpt lat="31.28464465029537677764892578125" lon="121.36989497579634189605712890625">
        <ele>-1</ele>
        <time>2026-06-06T06:25:57.000Z</time>
        <extensions>
          <ns3:TrackPointExtension>
            <ns3:hr>144</ns3:hr>
            <ns3:cad>82</ns3:cad>
          </ns3:TrackPointExtension>
        </extensions>
      </trkpt>
      <trkpt lat="31.2846677005290985107421875" lon="121.36989715509116649627685546875">
        <ele>-1</ele>
        <time>2026-06-06T06:25:58.000Z</time>
        <extensions>
          <ns3:TrackPointExtension>
            <ns3:hr>144</ns3:hr>
            <ns3:cad>82</ns3:cad>
          </ns3:TrackPointExtension>
        </extensions>
      </trkpt>
      <trkpt lat="31.284693516790866851806640625" lon="121.36990352533757686614990234375">
        <ele>-1</ele>
        <time>2026-06-06T06:25:59.000Z</time>
        <extensions>
          <ns3:TrackPointExtension>
            <ns3:hr>143</ns3:hr>
            <ns3:cad>82</ns3:cad>
          </ns3:TrackPointExtension>
        </extensions>
      </trkpt>
      <trkpt lat="31.2847171537578105926513671875" lon="121.36990654282271862030029296875">
        <ele>-0.800000011920928955078125</ele>
        <time>2026-06-06T06:26:00.000Z</time>
        <extensions>
          <ns3:TrackPointExtension>
            <ns3:hr>143</ns3:hr>
            <ns3:cad>82</ns3:cad>
          </ns3:TrackPointExtension>
        </extensions>
      </trkpt>
      <trkpt lat="31.28474439494311809539794921875" lon="121.36990587227046489715576171875">
        <ele>-0.800000011920928955078125</ele>
        <time>2026-06-06T06:26:01.000Z</time>
        <extensions>
          <ns3:TrackPointExtension>
            <ns3:hr>143</ns3:hr>
            <ns3:cad>82</ns3:cad>
          </ns3:TrackPointExtension>
        </extensions>
      </trkpt>
      <trkpt lat="31.284769289195537567138671875" lon="121.369906626641750335693359375">
        <ele>-0.800000011920928955078125</ele>
        <time>2026-06-06T06:26:02.000Z</time>
        <extensions>
          <ns3:TrackPointExtension>
            <ns3:hr>142</ns3:hr>
            <ns3:cad>82</ns3:cad>
          </ns3:TrackPointExtension>
        </extensions>
      </trkpt>
      <trkpt lat="31.28479217179119586944580078125" lon="121.36990101076662540435791015625">
        <ele>-0.800000011920928955078125</ele>
        <time>2026-06-06T06:26:03.000Z</time>
        <extensions>
          <ns3:TrackPointExtension>
            <ns3:hr>142</ns3:hr>
            <ns3:cad>82</ns3:cad>
          </ns3:TrackPointExtension>
        </extensions>
      </trkpt>
      <trkpt lat="31.28481748513877391815185546875" lon="121.36989732272922992706298828125">
        <ele>-0.800000011920928955078125</ele>
        <time>2026-06-06T06:26:04.000Z</time>
        <extensions>
          <ns3:TrackPointExtension>
            <ns3:hr>142</ns3:hr>
            <ns3:cad>82</ns3:cad>
          </ns3:TrackPointExtension>
        </extensions>
      </trkpt>
      <trkpt lat="31.28484061919152736663818359375" lon="121.36989531107246875762939453125">
        <ele>-0.60000002384185791015625</ele>
        <time>2026-06-06T06:26:05.000Z</time>
        <extensions>
          <ns3:TrackPointExtension>
            <ns3:hr>142</ns3:hr>
            <ns3:cad>82</ns3:cad>
          </ns3:TrackPointExtension>
        </extensions>
      </trkpt>
      <trkpt lat="31.2848633341491222381591796875" lon="121.36989380232989788055419921875">
        <ele>-0.800000011920928955078125</ele>
        <time>2026-06-06T06:26:06.000Z</time>
        <extensions>
          <ns3:TrackPointExtension>
            <ns3:hr>142</ns3:hr>
            <ns3:cad>82</ns3:cad>
          </ns3:TrackPointExtension>
        </extensions>
      </trkpt>
      <trkpt lat="31.2848898209631443023681640625" lon="121.3698940537869930267333984375">
        <ele>-0.60000002384185791015625</ele>
        <time>2026-06-06T06:26:07.000Z</time>
        <extensions>
          <ns3:TrackPointExtension>
            <ns3:hr>142</ns3:hr>
            <ns3:cad>82</ns3:cad>
          </ns3:TrackPointExtension>
        </extensions>
      </trkpt>
      <trkpt lat="31.28491639159619808197021484375" lon="121.369899250566959381103515625">
        <ele>-0.60000002384185791015625</ele>
        <time>2026-06-06T06:26:08.000Z</time>
        <extensions>
          <ns3:TrackPointExtension>
            <ns3:hr>143</ns3:hr>
            <ns3:cad>82</ns3:cad>
          </ns3:TrackPointExtension>
        </extensions>
      </trkpt>
      <trkpt lat="31.2849412858486175537109375" lon="121.36990386061370372772216796875">
        <ele>-0.800000011920928955078125</ele>
        <time>2026-06-06T06:26:09.000Z</time>
        <extensions>
          <ns3:TrackPointExtension>
            <ns3:hr>143</ns3:hr>
            <ns3:cad>83</ns3:cad>
          </ns3:TrackPointExtension>
        </extensions>
      </trkpt>
      <trkpt lat="31.284964419901371002197265625" lon="121.36991358362138271331787109375">
        <ele>-1</ele>
        <time>2026-06-06T06:26:10.000Z</time>
        <extensions>
          <ns3:TrackPointExtension>
            <ns3:hr>143</ns3:hr>
            <ns3:cad>83</ns3:cad>
          </ns3:TrackPointExtension>
        </extensions>
      </trkpt>
      <trkpt lat="31.2849870510399341583251953125" lon="121.36992397718131542205810546875">
        <ele>-1</ele>
        <time>2026-06-06T06:26:11.000Z</time>
        <extensions>
          <ns3:TrackPointExtension>
            <ns3:hr>143</ns3:hr>
            <ns3:cad>83</ns3:cad>
          </ns3:TrackPointExtension>
        </extensions>
      </trkpt>
      <trkpt lat="31.285011358559131622314453125" lon="121.3699366338551044464111328125">
        <ele>-1</ele>
        <time>2026-06-06T06:26:12.000Z</time>
        <extensions>
          <ns3:TrackPointExtension>
            <ns3:hr>143</ns3:hr>
            <ns3:cad>83</ns3:cad>
          </ns3:TrackPointExtension>
        </extensions>
      </trkpt>
      <trkpt lat="31.28503273241221904754638671875" lon="121.3699512183666229248046875">
        <ele>-1.2000000476837158203125</ele>
        <time>2026-06-06T06:26:13.000Z</time>
        <extensions>
          <ns3:TrackPointExtension>
            <ns3:hr>143</ns3:hr>
            <ns3:cad>82</ns3:cad>
          </ns3:TrackPointExtension>
        </extensions>
      </trkpt>
      <trkpt lat="31.28505469299852848052978515625" lon="121.3699619472026824951171875">
        <ele>-1</ele>
        <time>2026-06-06T06:26:14.000Z</time>
        <extensions>
          <ns3:TrackPointExtension>
            <ns3:hr>143</ns3:hr>
            <ns3:cad>82</ns3:cad>
          </ns3:TrackPointExtension>
        </extensions>
      </trkpt>
      <trkpt lat="31.28507967106997966766357421875" lon="121.36997594498097896575927734375">
        <ele>-0.800000011920928955078125</ele>
        <time>2026-06-06T06:26:15.000Z</time>
        <extensions>
          <ns3:TrackPointExtension>
            <ns3:hr>143</ns3:hr>
            <ns3:cad>82</ns3:cad>
          </ns3:TrackPointExtension>
        </extensions>
      </trkpt>
      <trkpt lat="31.2851010449230670928955078125" lon="121.36998935602605342864990234375">
        <ele>-0.800000011920928955078125</ele>
        <time>2026-06-06T06:26:16.000Z</time>
        <extensions>
          <ns3:TrackPointExtension>
            <ns3:hr>143</ns3:hr>
            <ns3:cad>82</ns3:cad>
          </ns3:TrackPointExtension>
        </extensions>
      </trkpt>
      <trkpt lat="31.285119317471981048583984375" lon="121.37000326998531818389892578125">
        <ele>-0.800000011920928955078125</ele>
        <time>2026-06-06T06:26:17.000Z</time>
        <extensions>
          <ns3:TrackPointExtension>
            <ns3:hr>143</ns3:hr>
            <ns3:cad>82</ns3:cad>
          </ns3:TrackPointExtension>
        </extensions>
      </trkpt>
      <trkpt lat="31.28514069132506847381591796875" lon="121.3700217939913272857666015625">
        <ele>-0.800000011920928955078125</ele>
        <time>2026-06-06T06:26:18.000Z</time>
        <extensions>
          <ns3:TrackPointExtension>
            <ns3:hr>143</ns3:hr>
            <ns3:cad>82</ns3:cad>
          </ns3:TrackPointExtension>
        </extensions>
      </trkpt>
      <trkpt lat="31.285164244472980499267578125" lon="121.3700372166931629180908203125">
        <ele>-1</ele>
        <time>2026-06-06T06:26:19.000Z</time>
        <extensions>
          <ns3:TrackPointExtension>
            <ns3:hr>144</ns3:hr>
            <ns3:cad>82</ns3:cad>
          </ns3:TrackPointExtension>
        </extensions>
      </trkpt>
      <trkpt lat="31.28518712706863880157470703125" lon="121.37004953809082508087158203125">
        <ele>-1</ele>
        <time>2026-06-06T06:26:20.000Z</time>
        <extensions>
          <ns3:TrackPointExtension>
            <ns3:hr>144</ns3:hr>
            <ns3:cad>80</ns3:cad>
          </ns3:TrackPointExtension>
        </extensions>
      </trkpt>
      <trkpt lat="31.2852096743881702423095703125" lon="121.3700626976788043975830078125">
        <ele>-1.2000000476837158203125</ele>
        <time>2026-06-06T06:26:21.000Z</time>
        <extensions>
          <ns3:TrackPointExtension>
            <ns3:hr>144</ns3:hr>
            <ns3:cad>80</ns3:cad>
          </ns3:TrackPointExtension>
        </extensions>
      </trkpt>
      <trkpt lat="31.28523456864058971405029296875" lon="121.37006160803139209747314453125">
        <ele>-1.2000000476837158203125</ele>
        <time>2026-06-06T06:26:22.000Z</time>
        <extensions>
          <ns3:TrackPointExtension>
            <ns3:hr>144</ns3:hr>
            <ns3:cad>80</ns3:cad>
          </ns3:TrackPointExtension>
        </extensions>
      </trkpt>
      <trkpt lat="31.28525954671204090118408203125" lon="121.37005222029983997344970703125">
        <ele>-1</ele>
        <time>2026-06-06T06:26:23.000Z</time>
        <extensions>
          <ns3:TrackPointExtension>
            <ns3:hr>144</ns3:hr>
            <ns3:cad>81</ns3:cad>
          </ns3:TrackPointExtension>
        </extensions>
      </trkpt>
      <trkpt lat="31.2852757237851619720458984375" lon="121.3700301758944988250732421875">
        <ele>-1</ele>
        <time>2026-06-06T06:26:24.000Z</time>
        <extensions>
          <ns3:TrackPointExtension>
            <ns3:hr>144</ns3:hr>
            <ns3:cad>81</ns3:cad>
          </ns3:TrackPointExtension>
        </extensions>
      </trkpt>
      <trkpt lat="31.285282261669635772705078125" lon="121.37000578455626964569091796875">
        <ele>-1</ele>
        <time>2026-06-06T06:26:25.000Z</time>
        <extensions>
          <ns3:TrackPointExtension>
            <ns3:hr>144</ns3:hr>
            <ns3:cad>81</ns3:cad>
          </ns3:TrackPointExtension>
        </extensions>
      </trkpt>
      <trkpt lat="31.285280920565128326416015625" lon="121.369970999658107757568359375">
        <ele>-1</ele>
        <time>2026-06-06T06:26:26.000Z</time>
        <extensions>
          <ns3:TrackPointExtension>
            <ns3:hr>144</ns3:hr>
            <ns3:cad>81</ns3:cad>
          </ns3:TrackPointExtension>
        </extensions>
      </trkpt>
      <trkpt lat="31.285278908908367156982421875" lon="121.36994124390184879302978515625">
        <ele>-1.2000000476837158203125</ele>
        <time>2026-06-06T06:26:27.000Z</time>
        <extensions>
          <ns3:TrackPointExtension>
            <ns3:hr>144</ns3:hr>
            <ns3:cad>81</ns3:cad>
          </ns3:TrackPointExtension>
        </extensions>
      </trkpt>
      <trkpt lat="31.28527144901454448699951171875" lon="121.36990897357463836669921875">
        <ele>-1.2000000476837158203125</ele>
        <time>2026-06-06T06:26:28.000Z</time>
        <extensions>
          <ns3:TrackPointExtension>
            <ns3:hr>144</ns3:hr>
            <ns3:cad>80</ns3:cad>
          </ns3:TrackPointExtension>
        </extensions>
      </trkpt>
      <trkpt lat="31.28527010791003704071044921875" lon="121.3698712550103664398193359375">
        <ele>-1.2000000476837158203125</ele>
        <time>2026-06-06T06:26:29.000Z</time>
        <extensions>
          <ns3:TrackPointExtension>
            <ns3:hr>144</ns3:hr>
            <ns3:cad>80</ns3:cad>
          </ns3:TrackPointExtension>
        </extensions>
      </trkpt>
      <trkpt lat="31.285268850624561309814453125" lon="121.3698394037783145904541015625">
        <ele>-1.2000000476837158203125</ele>
        <time>2026-06-06T06:26:30.000Z</time>
        <extensions>
          <ns3:TrackPointExtension>
            <ns3:hr>143</ns3:hr>
            <ns3:cad>81</ns3:cad>
          </ns3:TrackPointExtension>
        </extensions>
      </trkpt>
      <trkpt lat="31.28526893444359302520751953125" lon="121.36980562470853328704833984375">
        <ele>-1.2000000476837158203125</ele>
        <time>2026-06-06T06:26:31.000Z</time>
        <extensions>
          <ns3:TrackPointExtension>
            <ns3:hr>144</ns3:hr>
            <ns3:cad>81</ns3:cad>
          </ns3:TrackPointExtension>
        </extensions>
      </trkpt>
      <trkpt lat="31.28527647815644741058349609375" lon="121.3697726838290691375732421875">
        <ele>-1</ele>
        <time>2026-06-06T06:26:32.000Z</time>
        <extensions>
          <ns3:TrackPointExtension>
            <ns3:hr>144</ns3:hr>
            <ns3:cad>82</ns3:cad>
          </ns3:TrackPointExtension>
        </extensions>
      </trkpt>
      <trkpt lat="31.2852887995541095733642578125" lon="121.36974678374826908111572265625">
        <ele>-1.2000000476837158203125</ele>
        <time>2026-06-06T06:26:33.000Z</time>
        <extensions>
          <ns3:TrackPointExtension>
            <ns3:hr>144</ns3:hr>
            <ns3:cad>83</ns3:cad>
          </ns3:TrackPointExtension>
        </extensions>
      </trkpt>
      <trkpt lat="31.28530807793140411376953125" lon="121.3697254098951816558837890625">
        <ele>-1.2000000476837158203125</ele>
        <time>2026-06-06T06:26:34.000Z</time>
        <extensions>
          <ns3:TrackPointExtension>
            <ns3:hr>144</ns3:hr>
            <ns3:cad>83</ns3:cad>
          </ns3:TrackPointExtension>
        </extensions>
      </trkpt>
      <trkpt lat="31.28533196635544300079345703125" lon="121.3697146810591220855712890625">
        <ele>-1.2000000476837158203125</ele>
        <time>2026-06-06T06:26:35.000Z</time>
        <extensions>
          <ns3:TrackPointExtension>
            <ns3:hr>144</ns3:hr>
            <ns3:cad>82</ns3:cad>
          </ns3:TrackPointExtension>
        </extensions>
      </trkpt>
      <trkpt lat="31.2853561900556087493896484375" lon="121.36971090920269489288330078125">
        <ele>-1.2000000476837158203125</ele>
        <time>2026-06-06T06:26:36.000Z</time>
        <extensions>
          <ns3:TrackPointExtension>
            <ns3:hr>144</ns3:hr>
            <ns3:cad>82</ns3:cad>
          </ns3:TrackPointExtension>
        </extensions>
      </trkpt>
      <trkpt lat="31.2853803299367427825927734375" lon="121.36970923282206058502197265625">
        <ele>-1.2000000476837158203125</ele>
        <time>2026-06-06T06:26:37.000Z</time>
        <extensions>
          <ns3:TrackPointExtension>
            <ns3:hr>144</ns3:hr>
            <ns3:cad>82</ns3:cad>
          </ns3:TrackPointExtension>
        </extensions>
      </trkpt>
      <trkpt lat="31.28540354780852794647216796875" lon="121.369712166488170623779296875">
        <ele>-1.2000000476837158203125</ele>
        <time>2026-06-06T06:26:38.000Z</time>
        <extensions>
          <ns3:TrackPointExtension>
            <ns3:hr>144</ns3:hr>
            <ns3:cad>81</ns3:cad>
          </ns3:TrackPointExtension>
        </extensions>
      </trkpt>
      <trkpt lat="31.2854272685945034027099609375" lon="121.36971225030720233917236328125">
        <ele>-1.2000000476837158203125</ele>
        <time>2026-06-06T06:26:39.000Z</time>
        <extensions>
          <ns3:TrackPointExtension>
            <ns3:hr>144</ns3:hr>
            <ns3:cad>81</ns3:cad>
          </ns3:TrackPointExtension>
        </extensions>
      </trkpt>
      <trkpt lat="31.28545098938047885894775390625" lon="121.36971526779234409332275390625">
        <ele>-1.2000000476837158203125</ele>
        <time>2026-06-06T06:26:40.000Z</time>
        <extensions>
          <ns3:TrackPointExtension>
            <ns3:hr>144</ns3:hr>
            <ns3:cad>81</ns3:cad>
          </ns3:TrackPointExtension>
        </extensions>
      </trkpt>
      <trkpt lat="31.2854755483567714691162109375" lon="121.369718872010707855224609375">
        <ele>-1.2000000476837158203125</ele>
        <time>2026-06-06T06:26:41.000Z</time>
        <extensions>
          <ns3:TrackPointExtension>
            <ns3:hr>144</ns3:hr>
            <ns3:cad>81</ns3:cad>
          </ns3:TrackPointExtension>
        </extensions>
      </trkpt>
      <trkpt lat="31.2854990176856517791748046875" lon="121.36971862055361270904541015625">
        <ele>-1.2000000476837158203125</ele>
        <time>2026-06-06T06:26:42.000Z</time>
        <extensions>
          <ns3:TrackPointExtension>
            <ns3:hr>144</ns3:hr>
            <ns3:cad>81</ns3:cad>
          </ns3:TrackPointExtension>
        </extensions>
      </trkpt>
      <trkpt lat="31.2855206429958343505859375" lon="121.36972432024776935577392578125">
        <ele>-1.2000000476837158203125</ele>
        <time>2026-06-06T06:26:43.000Z</time>
        <extensions>
          <ns3:TrackPointExtension>
            <ns3:hr>144</ns3:hr>
            <ns3:cad>81</ns3:cad>
          </ns3:TrackPointExtension>
        </extensions>
      </trkpt>
      <trkpt lat="31.28554008901119232177734375" lon="121.3697324506938457489013671875">
        <ele>-1.2000000476837158203125</ele>
        <time>2026-06-06T06:26:44.000Z</time>
        <extensions>
          <ns3:TrackPointExtension>
            <ns3:hr>144</ns3:hr>
            <ns3:cad>81</ns3:cad>
          </ns3:TrackPointExtension>
        </extensions>
      </trkpt>
      <trkpt lat="31.2855635583400726318359375" lon="121.36973999440670013427734375">
        <ele>-1.2000000476837158203125</ele>
        <time>2026-06-06T06:26:45.000Z</time>
        <extensions>
          <ns3:TrackPointExtension>
            <ns3:hr>144</ns3:hr>
            <ns3:cad>82</ns3:cad>
          </ns3:TrackPointExtension>
        </extensions>
      </trkpt>
      <trkpt lat="31.28558224998414516448974609375" lon="121.369754411280155181884765625">
        <ele>-1.2000000476837158203125</ele>
        <time>2026-06-06T06:26:46.000Z</time>
        <extensions>
          <ns3:TrackPointExtension>
            <ns3:hr>144</ns3:hr>
            <ns3:cad>83</ns3:cad>
          </ns3:TrackPointExtension>
        </extensions>
      </trkpt>
      <trkpt lat="31.28560203127562999725341796875" lon="121.369767487049102783203125">
        <ele>-1.39999997615814208984375</ele>
        <time>2026-06-06T06:26:47.000Z</time>
        <extensions>
          <ns3:TrackPointExtension>
            <ns3:hr>144</ns3:hr>
            <ns3:cad>83</ns3:cad>
          </ns3:TrackPointExtension>
        </extensions>
      </trkpt>
      <trkpt lat="31.28562248311936855316162109375" lon="121.36978165246546268463134765625">
        <ele>-1.2000000476837158203125</ele>
        <time>2026-06-06T06:26:48.000Z</time>
        <extensions>
          <ns3:TrackPointExtension>
            <ns3:hr>144</ns3:hr>
            <ns3:cad>81</ns3:cad>
          </ns3:TrackPointExtension>
        </extensions>
      </trkpt>
      <trkpt lat="31.285642683506011962890625" lon="121.369793303310871124267578125">
        <ele>-1.2000000476837158203125</ele>
        <time>2026-06-06T06:26:49.000Z</time>
        <extensions>
          <ns3:TrackPointExtension>
            <ns3:hr>143</ns3:hr>
            <ns3:cad>81</ns3:cad>
          </ns3:TrackPointExtension>
        </extensions>
      </trkpt>
      <trkpt lat="31.2856649793684482574462890625" lon="121.36980445124208927154541015625">
        <ele>-1</ele>
        <time>2026-06-06T06:26:50.000Z</time>
        <extensions>
          <ns3:TrackPointExtension>
            <ns3:hr>144</ns3:hr>
            <ns3:cad>81</ns3:cad>
          </ns3:TrackPointExtension>
        </extensions>
      </trkpt>
      <trkpt lat="31.28568819724023342132568359375" lon="121.36981702409684658050537109375">
        <ele>-1</ele>
        <time>2026-06-06T06:26:51.000Z</time>
        <extensions>
          <ns3:TrackPointExtension>
            <ns3:hr>144</ns3:hr>
            <ns3:cad>81</ns3:cad>
          </ns3:TrackPointExtension>
        </extensions>
      </trkpt>
      <trkpt lat="31.28571015782654285430908203125" lon="121.3698243163526058197021484375">
        <ele>-1</ele>
        <time>2026-06-06T06:26:52.000Z</time>
        <extensions>
          <ns3:TrackPointExtension>
            <ns3:hr>144</ns3:hr>
            <ns3:cad>81</ns3:cad>
          </ns3:TrackPointExtension>
        </extensions>
      </trkpt>
      <trkpt lat="31.28573362715542316436767578125" lon="121.3698350451886653900146484375">
        <ele>-1</ele>
        <time>2026-06-06T06:26:53.000Z</time>
        <extensions>
          <ns3:TrackPointExtension>
            <ns3:hr>144</ns3:hr>
            <ns3:cad>82</ns3:cad>
          </ns3:TrackPointExtension>
        </extensions>
      </trkpt>
      <trkpt lat="31.2857544980943202972412109375" lon="121.36984569020569324493408203125">
        <ele>-1</ele>
        <time>2026-06-06T06:26:54.000Z</time>
        <extensions>
          <ns3:TrackPointExtension>
            <ns3:hr>144</ns3:hr>
            <ns3:cad>82</ns3:cad>
          </ns3:TrackPointExtension>
        </extensions>
      </trkpt>
      <trkpt lat="31.28577788360416889190673828125" lon="121.3698571734130382537841796875">
        <ele>-1.2000000476837158203125</ele>
        <time>2026-06-06T06:26:55.000Z</time>
        <extensions>
          <ns3:TrackPointExtension>
            <ns3:hr>144</ns3:hr>
            <ns3:cad>83</ns3:cad>
          </ns3:TrackPointExtension>
        </extensions>
      </trkpt>
      <trkpt lat="31.28580160439014434814453125" lon="121.369872428476810455322265625">
        <ele>-1</ele>
        <time>2026-06-06T06:26:56.000Z</time>
        <extensions>
          <ns3:TrackPointExtension>
            <ns3:hr>144</ns3:hr>
            <ns3:cad>83</ns3:cad>
          </ns3:TrackPointExtension>
        </extensions>
      </trkpt>
      <trkpt lat="31.28582297824323177337646484375" lon="121.36987955309450626373291015625">
        <ele>-1</ele>
        <time>2026-06-06T06:26:57.000Z</time>
        <extensions>
          <ns3:TrackPointExtension>
            <ns3:hr>144</ns3:hr>
            <ns3:cad>82</ns3:cad>
          </ns3:TrackPointExtension>
        </extensions>
      </trkpt>
      <trkpt lat="31.28584695048630237579345703125" lon="121.369890868663787841796875">
        <ele>-1</ele>
        <time>2026-06-06T06:26:58.000Z</time>
        <extensions>
          <ns3:TrackPointExtension>
            <ns3:hr>144</ns3:hr>
            <ns3:cad>82</ns3:cad>
          </ns3:TrackPointExtension>
        </extensions>
      </trkpt>
      <trkpt lat="31.2858691625297069549560546875" lon="121.36990201659500598907470703125">
        <ele>-1.2000000476837158203125</ele>
        <time>2026-06-06T06:26:59.000Z</time>
        <extensions>
          <ns3:TrackPointExtension>
            <ns3:hr>144</ns3:hr>
            <ns3:cad>82</ns3:cad>
          </ns3:TrackPointExtension>
        </extensions>
      </trkpt>
      <trkpt lat="31.285888440907001495361328125" lon="121.36990587227046489715576171875">
        <ele>-1.2000000476837158203125</ele>
        <time>2026-06-06T06:27:00.000Z</time>
        <extensions>
          <ns3:TrackPointExtension>
            <ns3:hr>144</ns3:hr>
            <ns3:cad>83</ns3:cad>
          </ns3:TrackPointExtension>
        </extensions>
      </trkpt>
      <trkpt lat="31.2859134189784526824951171875" lon="121.3699141703546047210693359375">
        <ele>-1.2000000476837158203125</ele>
        <time>2026-06-06T06:27:01.000Z</time>
        <extensions>
          <ns3:TrackPointExtension>
            <ns3:hr>144</ns3:hr>
            <ns3:cad>83</ns3:cad>
          </ns3:TrackPointExtension>
        </extensions>
      </trkpt>
      <trkpt lat="31.285936720669269561767578125" lon="121.36991894803941249847412109375">
        <ele>-1.2000000476837158203125</ele>
        <time>2026-06-06T06:27:02.000Z</time>
        <extensions>
          <ns3:TrackPointExtension>
            <ns3:hr>144</ns3:hr>
            <ns3:cad>82</ns3:cad>
          </ns3:TrackPointExtension>
        </extensions>
      </trkpt>
      <trkpt lat="31.28596060909330844879150390625" lon="121.369921378791332244873046875">
        <ele>-1.2000000476837158203125</ele>
        <time>2026-06-06T06:27:03.000Z</time>
        <extensions>
          <ns3:TrackPointExtension>
            <ns3:hr>144</ns3:hr>
            <ns3:cad>82</ns3:cad>
          </ns3:TrackPointExtension>
        </extensions>
      </trkpt>
      <trkpt lat="31.2859865091741085052490234375" lon="121.369928754866123199462890625">
        <ele>-1.2000000476837158203125</ele>
        <time>2026-06-06T06:27:04.000Z</time>
        <extensions>
          <ns3:TrackPointExtension>
            <ns3:hr>145</ns3:hr>
            <ns3:cad>82</ns3:cad>
          </ns3:TrackPointExtension>
        </extensions>
      </trkpt>
      <trkpt lat="31.2860109843313694000244140625" lon="121.369933448731899261474609375">
        <ele>-1.2000000476837158203125</ele>
        <time>2026-06-06T06:27:05.000Z</time>
        <extensions>
          <ns3:TrackPointExtension>
            <ns3:hr>145</ns3:hr>
            <ns3:cad>82</ns3:cad>
          </ns3:TrackPointExtension>
        </extensions>
      </trkpt>
      <trkpt lat="31.286037974059581756591796875" lon="121.3699309341609477996826171875">
        <ele>-1</ele>
        <time>2026-06-06T06:27:06.000Z</time>
        <extensions>
          <ns3:TrackPointExtension>
            <ns3:hr>145</ns3:hr>
            <ns3:cad>83</ns3:cad>
          </ns3:TrackPointExtension>
        </extensions>
      </trkpt>
      <trkpt lat="31.28606487996876239776611328125" lon="121.3699228875339031219482421875">
        <ele>-1</ele>
        <time>2026-06-06T06:27:07.000Z</time>
        <extensions>
          <ns3:TrackPointExtension>
            <ns3:hr>145</ns3:hr>
            <ns3:cad>83</ns3:cad>
          </ns3:TrackPointExtension>
        </extensions>
      </trkpt>
      <trkpt lat="31.28608315251767635345458984375" lon="121.3699031062424182891845703125">
        <ele>-1</ele>
        <time>2026-06-06T06:27:08.000Z</time>
        <extensions>
          <ns3:TrackPointExtension>
            <ns3:hr>144</ns3:hr>
            <ns3:cad>83</ns3:cad>
          </ns3:TrackPointExtension>
        </extensions>
      </trkpt>
      <trkpt lat="31.28609220497310161590576171875" lon="121.369878463447093963623046875">
        <ele>-1</ele>
        <time>2026-06-06T06:27:09.000Z</time>
        <extensions>
          <ns3:TrackPointExtension>
            <ns3:hr>145</ns3:hr>
            <ns3:cad>82</ns3:cad>
          </ns3:TrackPointExtension>
        </extensions>
      </trkpt>
      <trkpt lat="31.28609656356275081634521484375" lon="121.3698497973382472991943359375">
        <ele>-1</ele>
        <time>2026-06-06T06:27:10.000Z</time>
        <extensions>
          <ns3:TrackPointExtension>
            <ns3:hr>145</ns3:hr>
            <ns3:cad>81</ns3:cad>
          </ns3:TrackPointExtension>
        </extensions>
      </trkpt>
      <trkpt lat="31.28609991632401943206787109375" lon="121.3698197901248931884765625">
        <ele>-1.2000000476837158203125</ele>
        <time>2026-06-06T06:27:11.000Z</time>
        <extensions>
          <ns3:TrackPointExtension>
            <ns3:hr>145</ns3:hr>
            <ns3:cad>80</ns3:cad>
          </ns3:TrackPointExtension>
        </extensions>
      </trkpt>
      <trkpt lat="31.28609773702919483184814453125" lon="121.3697901181876659393310546875">
        <ele>-1</ele>
        <time>2026-06-06T06:27:12.000Z</time>
        <extensions>
          <ns3:TrackPointExtension>
            <ns3:hr>145</ns3:hr>
            <ns3:cad>79</ns3:cad>
          </ns3:TrackPointExtension>
        </extensions>
      </trkpt>
      <trkpt lat="31.2860865890979766845703125" lon="121.36976740323007106781005859375">
        <ele>-1</ele>
        <time>2026-06-06T06:27:13.000Z</time>
        <extensions>
          <ns3:TrackPointExtension>
            <ns3:hr>145</ns3:hr>
            <ns3:cad>78</ns3:cad>
          </ns3:TrackPointExtension>
        </extensions>
      </trkpt>
      <trkpt lat="31.28606722690165042877197265625" lon="121.36975198052823543548583984375">
        <ele>-1</ele>
        <time>2026-06-06T06:27:14.000Z</time>
        <extensions>
          <ns3:TrackPointExtension>
            <ns3:hr>145</ns3:hr>
            <ns3:cad>78</ns3:cad>
          </ns3:TrackPointExtension>
        </extensions>
      </trkpt>
      <trkpt lat="31.28604191355407238006591796875" lon="121.369743011891841888427734375">
        <ele>-1</ele>
        <time>2026-06-06T06:27:15.000Z</time>
        <extensions>
          <ns3:TrackPointExtension>
            <ns3:hr>144</ns3:hr>
            <ns3:cad>79</ns3:cad>
          </ns3:TrackPointExtension>
        </extensions>
      </trkpt>
      <trkpt lat="31.2860129959881305694580078125" lon="121.3697354681789875030517578125">
        <ele>-1</ele>
        <time>2026-06-06T06:27:16.000Z</time>
        <extensions>
          <ns3:TrackPointExtension>
            <ns3:hr>144</ns3:hr>
            <ns3:cad>80</ns3:cad>
          </ns3:TrackPointExtension>
        </extensions>
      </trkpt>
      <trkpt lat="31.285989694297313690185546875" lon="121.36972700245678424835205078125">
        <ele>-1</ele>
        <time>2026-06-06T06:27:17.000Z</time>
        <extensions>
          <ns3:TrackPointExtension>
            <ns3:hr>144</ns3:hr>
            <ns3:cad>81</ns3:cad>
          </ns3:TrackPointExtension>
        </extensions>
      </trkpt>
      <trkpt lat="31.285968236625194549560546875" lon="121.36971426196396350860595703125">
        <ele>-1</ele>
        <time>2026-06-06T06:27:18.000Z</time>
        <extensions>
          <ns3:TrackPointExtension>
            <ns3:hr>144</ns3:hr>
            <ns3:cad>80</ns3:cad>
          </ns3:TrackPointExtension>
        </extensions>
      </trkpt>
      <trkpt lat="31.28594300709664821624755859375" lon="121.369704790413379669189453125">
        <ele>-1.2000000476837158203125</ele>
        <time>2026-06-06T06:27:19.000Z</time>
        <extensions>
          <ns3:TrackPointExtension>
            <ns3:hr>144</ns3:hr>
            <ns3:cad>80</ns3:cad>
          </ns3:TrackPointExtension>
        </extensions>
      </trkpt>
      <trkpt lat="31.2859184481203556060791015625" lon="121.3696965761482715606689453125">
        <ele>-1.2000000476837158203125</ele>
        <time>2026-06-06T06:27:20.000Z</time>
        <extensions>
          <ns3:TrackPointExtension>
            <ns3:hr>144</ns3:hr>
            <ns3:cad>80</ns3:cad>
          </ns3:TrackPointExtension>
        </extensions>
      </trkpt>
      <trkpt lat="31.28589439205825328826904296875" lon="121.3696868531405925750732421875">
        <ele>-1</ele>
        <time>2026-06-06T06:27:21.000Z</time>
        <extensions>
          <ns3:TrackPointExtension>
            <ns3:hr>144</ns3:hr>
            <ns3:cad>82</ns3:cad>
          </ns3:TrackPointExtension>
        </extensions>
      </trkpt>
      <trkpt lat="31.2858694978058338165283203125" lon="121.36967964470386505126953125">
        <ele>-1</ele>
        <time>2026-06-06T06:27:22.000Z</time>
        <extensions>
          <ns3:TrackPointExtension>
            <ns3:hr>144</ns3:hr>
            <ns3:cad>82</ns3:cad>
          </ns3:TrackPointExtension>
        </extensions>
      </trkpt>
      <trkpt lat="31.28584527410566806793212890625" lon="121.36967335827648639678955078125">
        <ele>-1</ele>
        <time>2026-06-06T06:27:23.000Z</time>
        <extensions>
          <ns3:TrackPointExtension>
            <ns3:hr>144</ns3:hr>
            <ns3:cad>82</ns3:cad>
          </ns3:TrackPointExtension>
        </extensions>
      </trkpt>
      <trkpt lat="31.285822391510009765625" lon="121.36966464109718799591064453125">
        <ele>-1</ele>
        <time>2026-06-06T06:27:24.000Z</time>
        <extensions>
          <ns3:TrackPointExtension>
            <ns3:hr>144</ns3:hr>
            <ns3:cad>82</ns3:cad>
          </ns3:TrackPointExtension>
        </extensions>
      </trkpt>
      <trkpt lat="31.28580101765692234039306640625" lon="121.36965558864176273345947265625">
        <ele>-1</ele>
        <time>2026-06-06T06:27:25.000Z</time>
        <extensions>
          <ns3:TrackPointExtension>
            <ns3:hr>144</ns3:hr>
            <ns3:cad>83</ns3:cad>
          </ns3:TrackPointExtension>
        </extensions>
      </trkpt>
      <trkpt lat="31.285777129232883453369140625" lon="121.36964519508183002471923828125">
        <ele>-1</ele>
        <time>2026-06-06T06:27:26.000Z</time>
        <extensions>
          <ns3:TrackPointExtension>
            <ns3:hr>144</ns3:hr>
            <ns3:cad>83</ns3:cad>
          </ns3:TrackPointExtension>
        </extensions>
      </trkpt>
      <trkpt lat="31.28575542010366916656494140625" lon="121.36963379569351673126220703125">
        <ele>-1.2000000476837158203125</ele>
        <time>2026-06-06T06:27:27.000Z</time>
        <extensions>
          <ns3:TrackPointExtension>
            <ns3:hr>144</ns3:hr>
            <ns3:cad>83</ns3:cad>
          </ns3:TrackPointExtension>
        </extensions>
      </trkpt>
      <trkpt lat="31.2857320345938205718994140625" lon="121.3696251623332500457763671875">
        <ele>-1.2000000476837158203125</ele>
        <time>2026-06-06T06:27:28.000Z</time>
        <extensions>
          <ns3:TrackPointExtension>
            <ns3:hr>144</ns3:hr>
            <ns3:cad>83</ns3:cad>
          </ns3:TrackPointExtension>
        </extensions>
      </trkpt>
      <trkpt lat="31.285706721246242523193359375" lon="121.36961317621171474456787109375">
        <ele>-1</ele>
        <time>2026-06-06T06:27:29.000Z</time>
        <extensions>
          <ns3:TrackPointExtension>
            <ns3:hr>144</ns3:hr>
            <ns3:cad>82</ns3:cad>
          </ns3:TrackPointExtension>
        </extensions>
      </trkpt>
      <trkpt lat="31.28568601794540882110595703125" lon="121.3695996813476085662841796875">
        <ele>-1</ele>
        <time>2026-06-06T06:27:30.000Z</time>
        <extensions>
          <ns3:TrackPointExtension>
            <ns3:hr>144</ns3:hr>
            <ns3:cad>82</ns3:cad>
          </ns3:TrackPointExtension>
        </extensions>
      </trkpt>
      <trkpt lat="31.28566321916878223419189453125" lon="121.36958635412156581878662109375">
        <ele>-1</ele>
        <time>2026-06-06T06:27:31.000Z</time>
        <extensions>
          <ns3:TrackPointExtension>
            <ns3:hr>144</ns3:hr>
            <ns3:cad>82</ns3:cad>
          </ns3:TrackPointExtension>
        </extensions>
      </trkpt>
      <trkpt lat="31.285640336573123931884765625" lon="121.36957093141973018646240234375">
        <ele>-1.2000000476837158203125</ele>
        <time>2026-06-06T06:27:32.000Z</time>
        <extensions>
          <ns3:TrackPointExtension>
            <ns3:hr>144</ns3:hr>
            <ns3:cad>82</ns3:cad>
          </ns3:TrackPointExtension>
        </extensions>
      </trkpt>
      <trkpt lat="31.28562063910067081451416015625" lon="121.36955416761338710784912109375">
        <ele>-1.2000000476837158203125</ele>
        <time>2026-06-06T06:27:33.000Z</time>
        <extensions>
          <ns3:TrackPointExtension>
            <ns3:hr>144</ns3:hr>
            <ns3:cad>83</ns3:cad>
          </ns3:TrackPointExtension>
        </extensions>
      </trkpt>
      <trkpt lat="31.28560052253305912017822265625" lon="121.3695381581783294677734375">
        <ele>-1.2000000476837158203125</ele>
        <time>2026-06-06T06:27:34.000Z</time>
        <extensions>
          <ns3:TrackPointExtension>
            <ns3:hr>144</ns3:hr>
            <ns3:cad>83</ns3:cad>
          </ns3:TrackPointExtension>
        </extensions>
      </trkpt>
      <trkpt lat="31.28558166325092315673828125" lon="121.3695225678384304046630859375">
        <ele>-1.2000000476837158203125</ele>
        <time>2026-06-06T06:27:35.000Z</time>
        <extensions>
          <ns3:TrackPointExtension>
            <ns3:hr>144</ns3:hr>
            <ns3:cad>83</ns3:cad>
          </ns3:TrackPointExtension>
        </extensions>
      </trkpt>
      <trkpt lat="31.28556213341653347015380859375" lon="121.36950689367949962615966796875">
        <ele>-1.2000000476837158203125</ele>
        <time>2026-06-06T06:27:36.000Z</time>
        <extensions>
          <ns3:TrackPointExtension>
            <ns3:hr>144</ns3:hr>
            <ns3:cad>83</ns3:cad>
          </ns3:TrackPointExtension>
        </extensions>
      </trkpt>
      <trkpt lat="31.28554101102054119110107421875" lon="121.3694876991212368011474609375">
        <ele>-1.2000000476837158203125</ele>
        <time>2026-06-06T06:27:37.000Z</time>
        <extensions>
          <ns3:TrackPointExtension>
            <ns3:hr>144</ns3:hr>
            <ns3:cad>83</ns3:cad>
          </ns3:TrackPointExtension>
        </extensions>
      </trkpt>
      <trkpt lat="31.28552190028131008148193359375" lon="121.36947269551455974578857421875">
        <ele>-1.2000000476837158203125</ele>
        <time>2026-06-06T06:27:38.000Z</time>
        <extensions>
          <ns3:TrackPointExtension>
            <ns3:hr>143</ns3:hr>
            <ns3:cad>83</ns3:cad>
          </ns3:TrackPointExtension>
        </extensions>
      </trkpt>
      <trkpt lat="31.2855070643126964569091796875" lon="121.36944738216698169708251953125">
        <ele>-1.2000000476837158203125</ele>
        <time>2026-06-06T06:27:39.000Z</time>
        <extensions>
          <ns3:TrackPointExtension>
            <ns3:hr>143</ns3:hr>
            <ns3:cad>82</ns3:cad>
          </ns3:TrackPointExtension>
        </extensions>
      </trkpt>
      <trkpt lat="31.28549180924892425537109375" lon="121.369424164295196533203125">
        <ele>-1.39999997615814208984375</ele>
        <time>2026-06-06T06:27:40.000Z</time>
        <extensions>
          <ns3:TrackPointExtension>
            <ns3:hr>142</ns3:hr>
            <ns3:cad>82</ns3:cad>
          </ns3:TrackPointExtension>
        </extensions>
      </trkpt>
      <trkpt lat="31.2854765541851520538330078125" lon="121.36940312571823596954345703125">
        <ele>-1.39999997615814208984375</ele>
        <time>2026-06-06T06:27:41.000Z</time>
        <extensions>
          <ns3:TrackPointExtension>
            <ns3:hr>142</ns3:hr>
            <ns3:cad>82</ns3:cad>
          </ns3:TrackPointExtension>
        </extensions>
      </trkpt>
      <trkpt lat="31.2854611314833164215087890625" lon="121.36937655508518218994140625">
        <ele>-1.2000000476837158203125</ele>
        <time>2026-06-06T06:27:42.000Z</time>
        <extensions>
          <ns3:TrackPointExtension>
            <ns3:hr>142</ns3:hr>
            <ns3:cad>82</ns3:cad>
          </ns3:TrackPointExtension>
        </extensions>
      </trkpt>
      <trkpt lat="31.285449899733066558837890625" lon="121.36934797279536724090576171875">
        <ele>-1.2000000476837158203125</ele>
        <time>2026-06-06T06:27:43.000Z</time>
        <extensions>
          <ns3:TrackPointExtension>
            <ns3:hr>142</ns3:hr>
            <ns3:cad>82</ns3:cad>
          </ns3:TrackPointExtension>
        </extensions>
      </trkpt>
      <trkpt lat="31.2854383327066898345947265625" lon="121.36932148598134517669677734375">
        <ele>-1.2000000476837158203125</ele>
        <time>2026-06-06T06:27:44.000Z</time>
        <extensions>
          <ns3:TrackPointExtension>
            <ns3:hr>142</ns3:hr>
            <ns3:cad>82</ns3:cad>
          </ns3:TrackPointExtension>
        </extensions>
      </trkpt>
      <trkpt lat="31.285425089299678802490234375" lon="121.3692915625870227813720703125">
        <ele>-1.2000000476837158203125</ele>
        <time>2026-06-06T06:27:45.000Z</time>
        <extensions>
          <ns3:TrackPointExtension>
            <ns3:hr>142</ns3:hr>
            <ns3:cad>82</ns3:cad>
          </ns3:TrackPointExtension>
        </extensions>
      </trkpt>
      <trkpt lat="31.28541343845427036285400390625" lon="121.36926884762942790985107421875">
        <ele>-1.2000000476837158203125</ele>
        <time>2026-06-06T06:27:46.000Z</time>
        <extensions>
          <ns3:TrackPointExtension>
            <ns3:hr>143</ns3:hr>
            <ns3:cad>82</ns3:cad>
          </ns3:TrackPointExtension>
        </extensions>
      </trkpt>
      <trkpt lat="31.285401284694671630859375" lon="121.36924185790121555328369140625">
        <ele>-1.2000000476837158203125</ele>
        <time>2026-06-06T06:27:47.000Z</time>
        <extensions>
          <ns3:TrackPointExtension>
            <ns3:hr>143</ns3:hr>
            <ns3:cad>83</ns3:cad>
          </ns3:TrackPointExtension>
        </extensions>
      </trkpt>
      <trkpt lat="31.2853900529444217681884765625" lon="121.369215287268161773681640625">
        <ele>-1.39999997615814208984375</ele>
        <time>2026-06-06T06:27:48.000Z</time>
        <extensions>
          <ns3:TrackPointExtension>
            <ns3:hr>144</ns3:hr>
            <ns3:cad>83</ns3:cad>
          </ns3:TrackPointExtension>
        </extensions>
      </trkpt>
      <trkpt lat="31.28538007847964763641357421875" lon="121.36918905191123485565185546875">
        <ele>-1.39999997615814208984375</ele>
        <time>2026-06-06T06:27:49.000Z</time>
        <extensions>
          <ns3:TrackPointExtension>
            <ns3:hr>144</ns3:hr>
            <ns3:cad>83</ns3:cad>
          </ns3:TrackPointExtension>
        </extensions>
      </trkpt>
      <trkpt lat="31.2853685952723026275634765625" lon="121.3691614754498004913330078125">
        <ele>-1.39999997615814208984375</ele>
        <time>2026-06-06T06:27:50.000Z</time>
        <extensions>
          <ns3:TrackPointExtension>
            <ns3:hr>144</ns3:hr>
            <ns3:cad>83</ns3:cad>
          </ns3:TrackPointExtension>
        </extensions>
      </trkpt>
      <trkpt lat="31.2853598780930042266845703125" lon="121.3691363297402858734130859375">
        <ele>-1.39999997615814208984375</ele>
        <time>2026-06-06T06:27:51.000Z</time>
        <extensions>
          <ns3:TrackPointExtension>
            <ns3:hr>144</ns3:hr>
            <ns3:cad>83</ns3:cad>
          </ns3:TrackPointExtension>
        </extensions>
      </trkpt>
      <trkpt lat="31.285351999104022979736328125" lon="121.36910741217434406280517578125">
        <ele>-1.39999997615814208984375</ele>
        <time>2026-06-06T06:27:52.000Z</time>
        <extensions>
          <ns3:TrackPointExtension>
            <ns3:hr>144</ns3:hr>
            <ns3:cad>83</ns3:cad>
          </ns3:TrackPointExtension>
        </extensions>
      </trkpt>
      <trkpt lat="31.2853474728763103485107421875" lon="121.3690806739032268524169921875">
        <ele>-1.39999997615814208984375</ele>
        <time>2026-06-06T06:27:53.000Z</time>
        <extensions>
          <ns3:TrackPointExtension>
            <ns3:hr>144</ns3:hr>
            <ns3:cad>83</ns3:cad>
          </ns3:TrackPointExtension>
        </extensions>
      </trkpt>
      <trkpt lat="31.2853461317718029022216796875" lon="121.3690538518130779266357421875">
        <ele>-1.39999997615814208984375</ele>
        <time>2026-06-06T06:27:54.000Z</time>
        <extensions>
          <ns3:TrackPointExtension>
            <ns3:hr>144</ns3:hr>
            <ns3:cad>83</ns3:cad>
          </ns3:TrackPointExtension>
        </extensions>
      </trkpt>
      <trkpt lat="31.28534386865794658660888671875" lon="121.369025520980358123779296875">
        <ele>-1.39999997615814208984375</ele>
        <time>2026-06-06T06:27:55.000Z</time>
        <extensions>
          <ns3:TrackPointExtension>
            <ns3:hr>144</ns3:hr>
            <ns3:cad>83</ns3:cad>
          </ns3:TrackPointExtension>
        </extensions>
      </trkpt>
      <trkpt lat="31.28534235991537570953369140625" lon="121.3689968548715114593505859375">
        <ele>-1.39999997615814208984375</ele>
        <time>2026-06-06T06:27:56.000Z</time>
        <extensions>
          <ns3:TrackPointExtension>
            <ns3:hr>144</ns3:hr>
            <ns3:cad>83</ns3:cad>
          </ns3:TrackPointExtension>
        </extensions>
      </trkpt>
      <trkpt lat="31.28534160554409027099609375" lon="121.3689668476581573486328125">
        <ele>-1.39999997615814208984375</ele>
        <time>2026-06-06T06:27:57.000Z</time>
        <extensions>
          <ns3:TrackPointExtension>
            <ns3:hr>145</ns3:hr>
            <ns3:cad>82</ns3:cad>
          </ns3:TrackPointExtension>
        </extensions>
      </trkpt>
      <trkpt lat="31.28534428775310516357421875" lon="121.36893893592059612274169921875">
        <ele>-1.39999997615814208984375</ele>
        <time>2026-06-06T06:27:58.000Z</time>
        <extensions>
          <ns3:TrackPointExtension>
            <ns3:hr>144</ns3:hr>
            <ns3:cad>82</ns3:cad>
          </ns3:TrackPointExtension>
        </extensions>
      </trkpt>
      <trkpt lat="31.285345293581485748291015625" lon="121.36890792287886142730712890625">
        <ele>-1.39999997615814208984375</ele>
        <time>2026-06-06T06:27:59.000Z</time>
        <extensions>
          <ns3:TrackPointExtension>
            <ns3:hr>145</ns3:hr>
            <ns3:cad>82</ns3:cad>
          </ns3:TrackPointExtension>
        </extensions>
      </trkpt>
      <trkpt lat="31.2853478081524372100830078125" lon="121.36887900531291961669921875">
        <ele>-1.39999997615814208984375</ele>
        <time>2026-06-06T06:28:00.000Z</time>
        <extensions>
          <ns3:TrackPointExtension>
            <ns3:hr>145</ns3:hr>
            <ns3:cad>82</ns3:cad>
          </ns3:TrackPointExtension>
        </extensions>
      </trkpt>
      <trkpt lat="31.285354681313037872314453125" lon="121.36885193176567554473876953125">
        <ele>-1.39999997615814208984375</ele>
        <time>2026-06-06T06:28:01.000Z</time>
        <extensions>
          <ns3:TrackPointExtension>
            <ns3:hr>145</ns3:hr>
            <ns3:cad>82</ns3:cad>
          </ns3:TrackPointExtension>
        </extensions>
      </trkpt>
      <trkpt lat="31.28535828553140163421630859375" lon="121.368823349475860595703125">
        <ele>-1.39999997615814208984375</ele>
        <time>2026-06-06T06:28:02.000Z</time>
        <extensions>
          <ns3:TrackPointExtension>
            <ns3:hr>144</ns3:hr>
            <ns3:cad>82</ns3:cad>
          </ns3:TrackPointExtension>
        </extensions>
      </trkpt>
      <trkpt lat="31.2853645719587802886962890625" lon="121.36879644356667995452880859375">
        <ele>-1.39999997615814208984375</ele>
        <time>2026-06-06T06:28:03.000Z</time>
        <extensions>
          <ns3:TrackPointExtension>
            <ns3:hr>144</ns3:hr>
            <ns3:cad>82</ns3:cad>
          </ns3:TrackPointExtension>
        </extensions>
      </trkpt>
      <trkpt lat="31.2853732891380786895751953125" lon="121.36877230368554592132568359375">
        <ele>-1.2000000476837158203125</ele>
        <time>2026-06-06T06:28:04.000Z</time>
        <extensions>
          <ns3:TrackPointExtension>
            <ns3:hr>144</ns3:hr>
            <ns3:cad>83</ns3:cad>
          </ns3:TrackPointExtension>
        </extensions>
      </trkpt>
      <trkpt lat="31.2853825092315673828125" lon="121.3687497563660144805908203125">
        <ele>-1.2000000476837158203125</ele>
        <time>2026-06-06T06:28:05.000Z</time>
        <extensions>
          <ns3:TrackPointExtension>
            <ns3:hr>144</ns3:hr>
            <ns3:cad>83</ns3:cad>
          </ns3:TrackPointExtension>
        </extensions>
      </trkpt>
      <trkpt lat="31.2853910587728023529052734375" lon="121.3687246106564998626708984375">
        <ele>-1.2000000476837158203125</ele>
        <time>2026-06-06T06:28:06.000Z</time>
        <extensions>
          <ns3:TrackPointExtension>
            <ns3:hr>144</ns3:hr>
            <ns3:cad>83</ns3:cad>
          </ns3:TrackPointExtension>
        </extensions>
      </trkpt>
      <trkpt lat="31.28539751283824443817138671875" lon="121.3687001354992389678955078125">
        <ele>-1</ele>
        <time>2026-06-06T06:28:07.000Z</time>
        <extensions>
          <ns3:TrackPointExtension>
            <ns3:hr>144</ns3:hr>
            <ns3:cad>82</ns3:cad>
          </ns3:TrackPointExtension>
        </extensions>
      </trkpt>
      <trkpt lat="31.2854094989597797393798828125" lon="121.36867591179907321929931640625">
        <ele>-1</ele>
        <time>2026-06-06T06:28:08.000Z</time>
        <extensions>
          <ns3:TrackPointExtension>
            <ns3:hr>144</ns3:hr>
            <ns3:cad>82</ns3:cad>
          </ns3:TrackPointExtension>
        </extensions>
      </trkpt>
      <trkpt lat="31.28542165271937847137451171875" lon="121.368654705584049224853515625">
        <ele>-1.2000000476837158203125</ele>
        <time>2026-06-06T06:28:09.000Z</time>
        <extensions>
          <ns3:TrackPointExtension>
            <ns3:hr>144</ns3:hr>
            <ns3:cad>81</ns3:cad>
          </ns3:TrackPointExtension>
        </extensions>
      </trkpt>
      <trkpt lat="31.2854353152215480804443359375" lon="121.36863232590258121490478515625">
        <ele>-1.2000000476837158203125</ele>
        <time>2026-06-06T06:28:10.000Z</time>
        <extensions>
          <ns3:TrackPointExtension>
            <ns3:hr>144</ns3:hr>
            <ns3:cad>81</ns3:cad>
          </ns3:TrackPointExtension>
        </extensions>
      </trkpt>
      <trkpt lat="31.285444535315036773681640625" lon="121.3686079345643520355224609375">
        <ele>-1.2000000476837158203125</ele>
        <time>2026-06-06T06:28:11.000Z</time>
        <extensions>
          <ns3:TrackPointExtension>
            <ns3:hr>144</ns3:hr>
            <ns3:cad>80</ns3:cad>
          </ns3:TrackPointExtension>
        </extensions>
      </trkpt>
      <trkpt lat="31.285456605255603790283203125" lon="121.3685821183025836944580078125">
        <ele>-1.39999997615814208984375</ele>
        <time>2026-06-06T06:28:12.000Z</time>
        <extensions>
          <ns3:TrackPointExtension>
            <ns3:hr>144</ns3:hr>
            <ns3:cad>80</ns3:cad>
          </ns3:TrackPointExtension>
        </extensions>
      </trkpt>
      <trkpt lat="31.2854683399200439453125" lon="121.36855973862111568450927734375">
        <ele>-1.39999997615814208984375</ele>
        <time>2026-06-06T06:28:13.000Z</time>
        <extensions>
          <ns3:TrackPointExtension>
            <ns3:hr>144</ns3:hr>
            <ns3:cad>80</ns3:cad>
          </ns3:TrackPointExtension>
        </extensions>
      </trkpt>
      <trkpt lat="31.28548242151737213134765625" lon="121.36853727512061595916748046875">
        <ele>-1.39999997615814208984375</ele>
        <time>2026-06-06T06:28:14.000Z</time>
        <extensions>
          <ns3:TrackPointExtension>
            <ns3:hr>144</ns3:hr>
            <ns3:cad>80</ns3:cad>
          </ns3:TrackPointExtension>
        </extensions>
      </trkpt>
      <trkpt lat="31.285496167838573455810546875" lon="121.3685194216668605804443359375">
        <ele>-1.39999997615814208984375</ele>
        <time>2026-06-06T06:28:15.000Z</time>
        <extensions>
          <ns3:TrackPointExtension>
            <ns3:hr>144</ns3:hr>
            <ns3:cad>81</ns3:cad>
          </ns3:TrackPointExtension>
        </extensions>
      </trkpt>
      <trkpt lat="31.28551385365426540374755859375" lon="121.36851514689624309539794921875">
        <ele>-1.2000000476837158203125</ele>
        <time>2026-06-06T06:28:16.000Z</time>
        <extensions>
          <ns3:TrackPointExtension>
            <ns3:hr>144</ns3:hr>
            <ns3:cad>81</ns3:cad>
          </ns3:TrackPointExtension>
        </extensions>
      </trkpt>
      <trkpt lat="31.28551863133907318115234375" lon="121.36852570809423923492431640625">
        <ele>-1.2000000476837158203125</ele>
        <time>2026-06-06T06:28:17.000Z</time>
        <extensions>
          <ns3:TrackPointExtension>
            <ns3:hr>144</ns3:hr>
            <ns3:cad>81</ns3:cad>
          </ns3:TrackPointExtension>
        </extensions>
      </trkpt>
      <trkpt lat="31.28551251254975795745849609375" lon="121.36854615993797779083251953125">
        <ele>-1.39999997615814208984375</ele>
        <time>2026-06-06T06:28:18.000Z</time>
        <extensions>
          <ns3:TrackPointExtension>
            <ns3:hr>144</ns3:hr>
            <ns3:cad>80</ns3:cad>
          </ns3:TrackPointExtension>
        </extensions>
      </trkpt>
      <trkpt lat="31.285502202808856964111328125" lon="121.368570886552333831787109375">
        <ele>-1.60000002384185791015625</ele>
        <time>2026-06-06T06:28:19.000Z</time>
        <extensions>
          <ns3:TrackPointExtension>
            <ns3:hr>144</ns3:hr>
            <ns3:cad>80</ns3:cad>
          </ns3:TrackPointExtension>
        </extensions>
      </trkpt>
      <trkpt lat="31.28549139015376567840576171875" lon="121.3685941882431507110595703125">
        <ele>-1.60000002384185791015625</ele>
        <time>2026-06-06T06:28:20.000Z</time>
        <extensions>
          <ns3:TrackPointExtension>
            <ns3:hr>144</ns3:hr>
            <ns3:cad>79</ns3:cad>
          </ns3:TrackPointExtension>
        </extensions>
      </trkpt>
      <trkpt lat="31.28547831438481807708740234375" lon="121.3686200045049190521240234375">
        <ele>-1.60000002384185791015625</ele>
        <time>2026-06-06T06:28:21.000Z</time>
        <extensions>
          <ns3:TrackPointExtension>
            <ns3:hr>144</ns3:hr>
            <ns3:cad>79</ns3:cad>
          </ns3:TrackPointExtension>
        </extensions>
      </trkpt>
      <trkpt lat="31.28545987419784069061279296875" lon="121.3686428032815456390380859375">
        <ele>-1.60000002384185791015625</ele>
        <time>2026-06-06T06:28:22.000Z</time>
        <extensions>
          <ns3:TrackPointExtension>
            <ns3:hr>144</ns3:hr>
            <ns3:cad>79</ns3:cad>
          </ns3:TrackPointExtension>
        </extensions>
      </trkpt>
      <trkpt lat="31.285445876419544219970703125" lon="121.368666104972362518310546875">
        <ele>-1.60000002384185791015625</ele>
        <time>2026-06-06T06:28:23.000Z</time>
        <extensions>
          <ns3:TrackPointExtension>
            <ns3:hr>144</ns3:hr>
            <ns3:cad>79</ns3:cad>
          </ns3:TrackPointExtension>
        </extensions>
      </trkpt>
      <trkpt lat="31.28543489612638950347900390625" lon="121.36869032867252826690673828125">
        <ele>-1.60000002384185791015625</ele>
        <time>2026-06-06T06:28:24.000Z</time>
        <extensions>
          <ns3:TrackPointExtension>
            <ns3:hr>144</ns3:hr>
            <ns3:cad>79</ns3:cad>
          </ns3:TrackPointExtension>
        </extensions>
      </trkpt>
      <trkpt lat="31.285425759851932525634765625" lon="121.36871513910591602325439453125">
        <ele>-1.60000002384185791015625</ele>
        <time>2026-06-06T06:28:25.000Z</time>
        <extensions>
          <ns3:TrackPointExtension>
            <ns3:hr>144</ns3:hr>
            <ns3:cad>80</ns3:cad>
          </ns3:TrackPointExtension>
        </extensions>
      </trkpt>
      <trkpt lat="31.2854185514152050018310546875" lon="121.36874196119606494903564453125">
        <ele>-1.60000002384185791015625</ele>
        <time>2026-06-06T06:28:26.000Z</time>
        <extensions>
          <ns3:TrackPointExtension>
            <ns3:hr>144</ns3:hr>
            <ns3:cad>80</ns3:cad>
          </ns3:TrackPointExtension>
        </extensions>
      </trkpt>
      <trkpt lat="31.2854121811687946319580078125" lon="121.368769705295562744140625">
        <ele>-1.60000002384185791015625</ele>
        <time>2026-06-06T06:28:27.000Z</time>
        <extensions>
          <ns3:TrackPointExtension>
            <ns3:hr>144</ns3:hr>
            <ns3:cad>80</ns3:cad>
          </ns3:TrackPointExtension>
        </extensions>
      </trkpt>
      <trkpt lat="31.28540405072271823883056640625" lon="121.3687933422625064849853515625">
        <ele>-1.60000002384185791015625</ele>
        <time>2026-06-06T06:28:28.000Z</time>
        <extensions>
          <ns3:TrackPointExtension>
            <ns3:hr>144</ns3:hr>
            <ns3:cad>81</ns3:cad>
          </ns3:TrackPointExtension>
        </extensions>
      </trkpt>
      <trkpt lat="31.285398267209529876708984375" lon="121.368817985057830810546875">
        <ele>-1.60000002384185791015625</ele>
        <time>2026-06-06T06:28:29.000Z</time>
        <extensions>
          <ns3:TrackPointExtension>
            <ns3:hr>144</ns3:hr>
            <ns3:cad>81</ns3:cad>
          </ns3:TrackPointExtension>
        </extensions>
      </trkpt>
      <trkpt lat="31.28539248369634151458740234375" lon="121.36884338222444057464599609375">
        <ele>-1.7999999523162841796875</ele>
        <time>2026-06-06T06:28:30.000Z</time>
        <extensions>
          <ns3:TrackPointExtension>
            <ns3:hr>144</ns3:hr>
            <ns3:cad>81</ns3:cad>
          </ns3:TrackPointExtension>
        </extensions>
      </trkpt>
      <trkpt lat="31.285385526716709136962890625" lon="121.368867270648479461669921875">
        <ele>-1.7999999523162841796875</ele>
        <time>2026-06-06T06:28:31.000Z</time>
        <extensions>
          <ns3:TrackPointExtension>
            <ns3:hr>144</ns3:hr>
            <ns3:cad>81</ns3:cad>
          </ns3:TrackPointExtension>
        </extensions>
      </trkpt>
      <trkpt lat="31.28537873737514019012451171875" lon="121.36889652349054813385009765625">
        <ele>-1.7999999523162841796875</ele>
        <time>2026-06-06T06:28:32.000Z</time>
        <extensions>
          <ns3:TrackPointExtension>
            <ns3:hr>144</ns3:hr>
            <ns3:cad>81</ns3:cad>
          </ns3:TrackPointExtension>
        </extensions>
      </trkpt>
      <trkpt lat="31.28537521697580814361572265625" lon="121.36892594397068023681640625">
        <ele>-1.7999999523162841796875</ele>
        <time>2026-06-06T06:28:33.000Z</time>
        <extensions>
          <ns3:TrackPointExtension>
            <ns3:hr>144</ns3:hr>
            <ns3:cad>81</ns3:cad>
          </ns3:TrackPointExtension>
        </extensions>
      </trkpt>
      <trkpt lat="31.285375468432903289794921875" lon="121.36895469389855861663818359375">
        <ele>-2</ele>
        <time>2026-06-06T06:28:34.000Z</time>
        <extensions>
          <ns3:TrackPointExtension>
            <ns3:hr>144</ns3:hr>
            <ns3:cad>81</ns3:cad>
          </ns3:TrackPointExtension>
        </extensions>
      </trkpt>
      <trkpt lat="31.28537303768098354339599609375" lon="121.36898352764546871185302734375">
        <ele>-1.7999999523162841796875</ele>
        <time>2026-06-06T06:28:35.000Z</time>
        <extensions>
          <ns3:TrackPointExtension>
            <ns3:hr>144</ns3:hr>
            <ns3:cad>81</ns3:cad>
          </ns3:TrackPointExtension>
        </extensions>
      </trkpt>
      <trkpt lat="31.28537203185260295867919921875" lon="121.36901387013494968414306640625">
        <ele>-2</ele>
        <time>2026-06-06T06:28:36.000Z</time>
        <extensions>
          <ns3:TrackPointExtension>
            <ns3:hr>144</ns3:hr>
            <ns3:cad>81</ns3:cad>
          </ns3:TrackPointExtension>
        </extensions>
      </trkpt>
      <trkpt lat="31.2853704392910003662109375" lon="121.36904035694897174835205078125">
        <ele>-2</ele>
        <time>2026-06-06T06:28:37.000Z</time>
        <extensions>
          <ns3:TrackPointExtension>
            <ns3:hr>144</ns3:hr>
            <ns3:cad>81</ns3:cad>
          </ns3:TrackPointExtension>
        </extensions>
      </trkpt>
      <trkpt lat="31.285369433462619781494140625" lon="121.36906868778169155120849609375">
        <ele>-2</ele>
        <time>2026-06-06T06:28:38.000Z</time>
        <extensions>
          <ns3:TrackPointExtension>
            <ns3:hr>144</ns3:hr>
            <ns3:cad>83</ns3:cad>
          </ns3:TrackPointExtension>
        </extensions>
      </trkpt>
      <trkpt lat="31.2853729538619518280029296875" lon="121.36909903027117252349853515625">
        <ele>-1.7999999523162841796875</ele>
        <time>2026-06-06T06:28:39.000Z</time>
        <extensions>
          <ns3:TrackPointExtension>
            <ns3:hr>144</ns3:hr>
            <ns3:cad>83</ns3:cad>
          </ns3:TrackPointExtension>
        </extensions>
      </trkpt>
      <trkpt lat="31.2853763066232204437255859375" lon="121.3691313005983829498291015625">
        <ele>-2</ele>
        <time>2026-06-06T06:28:40.000Z</time>
        <extensions>
          <ns3:TrackPointExtension>
            <ns3:hr>144</ns3:hr>
            <ns3:cad>83</ns3:cad>
          </ns3:TrackPointExtension>
        </extensions>
      </trkpt>
      <trkpt lat="31.28537991084158420562744140625" lon="121.3691577874124050140380859375">
        <ele>-2</ele>
        <time>2026-06-06T06:28:41.000Z</time>
        <extensions>
          <ns3:TrackPointExtension>
            <ns3:hr>144</ns3:hr>
            <ns3:cad>83</ns3:cad>
          </ns3:TrackPointExtension>
        </extensions>
      </trkpt>
      <trkpt lat="31.28538326360285282135009765625" lon="121.36918486095964908599853515625">
        <ele>-1.7999999523162841796875</ele>
        <time>2026-06-06T06:28:42.000Z</time>
        <extensions>
          <ns3:TrackPointExtension>
            <ns3:hr>144</ns3:hr>
            <ns3:cad>84</ns3:cad>
          </ns3:TrackPointExtension>
        </extensions>
      </trkpt>
      <trkpt lat="31.28538795746862888336181640625" lon="121.36921159923076629638671875">
        <ele>-1.7999999523162841796875</ele>
        <time>2026-06-06T06:28:43.000Z</time>
        <extensions>
          <ns3:TrackPointExtension>
            <ns3:hr>144</ns3:hr>
            <ns3:cad>84</ns3:cad>
          </ns3:TrackPointExtension>
        </extensions>
      </trkpt>
      <trkpt lat="31.2853967584669589996337890625" lon="121.369238756597042083740234375">
        <ele>-1.7999999523162841796875</ele>
        <time>2026-06-06T06:28:44.000Z</time>
        <extensions>
          <ns3:TrackPointExtension>
            <ns3:hr>144</ns3:hr>
            <ns3:cad>83</ns3:cad>
          </ns3:TrackPointExtension>
        </extensions>
      </trkpt>
      <trkpt lat="31.2854051403701305389404296875" lon="121.36926784180104732513427734375">
        <ele>-1.60000002384185791015625</ele>
        <time>2026-06-06T06:28:45.000Z</time>
        <extensions>
          <ns3:TrackPointExtension>
            <ns3:hr>144</ns3:hr>
            <ns3:cad>83</ns3:cad>
          </ns3:TrackPointExtension>
        </extensions>
      </trkpt>
      <trkpt lat="31.28541276790201663970947265625" lon="121.36929474771022796630859375">
        <ele>-1.60000002384185791015625</ele>
        <time>2026-06-06T06:28:46.000Z</time>
        <extensions>
          <ns3:TrackPointExtension>
            <ns3:hr>144</ns3:hr>
            <ns3:cad>83</ns3:cad>
          </ns3:TrackPointExtension>
        </extensions>
      </trkpt>
      <trkpt lat="31.2854232452809810638427734375" lon="121.3693230785429477691650390625">
        <ele>-1.39999997615814208984375</ele>
        <time>2026-06-06T06:28:47.000Z</time>
        <extensions>
          <ns3:TrackPointExtension>
            <ns3:hr>144</ns3:hr>
            <ns3:cad>83</ns3:cad>
          </ns3:TrackPointExtension>
        </extensions>
      </trkpt>
      <trkpt lat="31.2854373268783092498779296875" lon="121.36934914626181125640869140625">
        <ele>-1.39999997615814208984375</ele>
        <time>2026-06-06T06:28:48.000Z</time>
        <extensions>
          <ns3:TrackPointExtension>
            <ns3:hr>145</ns3:hr>
            <ns3:cad>83</ns3:cad>
          </ns3:TrackPointExtension>
        </extensions>
      </trkpt>
      <trkpt lat="31.2854514084756374359130859375" lon="121.369371525943279266357421875">
        <ele>-1.60000002384185791015625</ele>
        <time>2026-06-06T06:28:49.000Z</time>
        <extensions>
          <ns3:TrackPointExtension>
            <ns3:hr>144</ns3:hr>
            <ns3:cad>83</ns3:cad>
          </ns3:TrackPointExtension>
        </extensions>
      </trkpt>
      <trkpt lat="31.28546364605426788330078125" lon="121.3693933188915252685546875">
        <ele>-1.60000002384185791015625</ele>
        <time>2026-06-06T06:28:50.000Z</time>
        <extensions>
          <ns3:TrackPointExtension>
            <ns3:hr>144</ns3:hr>
            <ns3:cad>83</ns3:cad>
          </ns3:TrackPointExtension>
        </extensions>
      </trkpt>
      <trkpt lat="31.28547730855643749237060546875" lon="121.369414441287517547607421875">
        <ele>-1.60000002384185791015625</ele>
        <time>2026-06-06T06:28:51.000Z</time>
        <extensions>
          <ns3:TrackPointExtension>
            <ns3:hr>144</ns3:hr>
            <ns3:cad>83</ns3:cad>
          </ns3:TrackPointExtension>
        </extensions>
      </trkpt>
      <trkpt lat="31.2854926474392414093017578125" lon="121.36943514458835124969482421875">
        <ele>-1.60000002384185791015625</ele>
        <time>2026-06-06T06:28:52.000Z</time>
        <extensions>
          <ns3:TrackPointExtension>
            <ns3:hr>145</ns3:hr>
            <ns3:cad>83</ns3:cad>
          </ns3:TrackPointExtension>
        </extensions>
      </trkpt>
      <trkpt lat="31.2855087406933307647705078125" lon="121.36945878155529499053955078125">
        <ele>-1.60000002384185791015625</ele>
        <time>2026-06-06T06:28:53.000Z</time>
        <extensions>
          <ns3:TrackPointExtension>
            <ns3:hr>144</ns3:hr>
            <ns3:cad>84</ns3:cad>
          </ns3:TrackPointExtension>
        </extensions>
      </trkpt>
      <trkpt lat="31.285525672137737274169921875" lon="121.369474120438098907470703125">
        <ele>-1.60000002384185791015625</ele>
        <time>2026-06-06T06:28:54.000Z</time>
        <extensions>
          <ns3:TrackPointExtension>
            <ns3:hr>144</ns3:hr>
            <ns3:cad>83</ns3:cad>
          </ns3:TrackPointExtension>
        </extensions>
      </trkpt>
      <trkpt lat="31.28554855473339557647705078125" lon="121.369493901729583740234375">
        <ele>-1.7999999523162841796875</ele>
        <time>2026-06-06T06:28:55.000Z</time>
        <extensions>
          <ns3:TrackPointExtension>
            <ns3:hr>144</ns3:hr>
            <ns3:cad>83</ns3:cad>
          </ns3:TrackPointExtension>
        </extensions>
      </trkpt>
      <trkpt lat="31.2855677492916584014892578125" lon="121.36951200664043426513671875">
        <ele>-1.7999999523162841796875</ele>
        <time>2026-06-06T06:28:56.000Z</time>
        <extensions>
          <ns3:TrackPointExtension>
            <ns3:hr>144</ns3:hr>
            <ns3:cad>83</ns3:cad>
          </ns3:TrackPointExtension>
        </extensions>
      </trkpt>
      <trkpt lat="31.28558811731636524200439453125" lon="121.369530446827411651611328125">
        <ele>-1.7999999523162841796875</ele>
        <time>2026-06-06T06:28:57.000Z</time>
        <extensions>
          <ns3:TrackPointExtension>
            <ns3:hr>144</ns3:hr>
            <ns3:cad>83</ns3:cad>
          </ns3:TrackPointExtension>
        </extensions>
      </trkpt>
      <trkpt lat="31.2856079824268817901611328125" lon="121.36954779736697673797607421875">
        <ele>-1.7999999523162841796875</ele>
        <time>2026-06-06T06:28:58.000Z</time>
        <extensions>
          <ns3:TrackPointExtension>
            <ns3:hr>144</ns3:hr>
            <ns3:cad>83</ns3:cad>
          </ns3:TrackPointExtension>
        </extensions>
      </trkpt>
      <trkpt lat="31.2856294400990009307861328125" lon="121.3695609569549560546875">
        <ele>-1.7999999523162841796875</ele>
        <time>2026-06-06T06:28:59.000Z</time>
        <extensions>
          <ns3:TrackPointExtension>
            <ns3:hr>145</ns3:hr>
            <ns3:cad>83</ns3:cad>
          </ns3:TrackPointExtension>
        </extensions>
      </trkpt>
      <trkpt lat="31.2856515683233737945556640625" lon="121.369576044380664825439453125">
        <ele>-1.60000002384185791015625</ele>
        <time>2026-06-06T06:29:00.000Z</time>
        <extensions>
          <ns3:TrackPointExtension>
            <ns3:hr>144</ns3:hr>
            <ns3:cad>83</ns3:cad>
          </ns3:TrackPointExtension>
        </extensions>
      </trkpt>
      <trkpt lat="31.285674534738063812255859375" lon="121.3695886172354221343994140625">
        <ele>-1.60000002384185791015625</ele>
        <time>2026-06-06T06:29:01.000Z</time>
        <extensions>
          <ns3:TrackPointExtension>
            <ns3:hr>145</ns3:hr>
            <ns3:cad>84</ns3:cad>
          </ns3:TrackPointExtension>
        </extensions>
      </trkpt>
      <trkpt lat="31.2856931425631046295166015625" lon="121.36959859170019626617431640625">
        <ele>-1.60000002384185791015625</ele>
        <time>2026-06-06T06:29:02.000Z</time>
        <extensions>
          <ns3:TrackPointExtension>
            <ns3:hr>145</ns3:hr>
            <ns3:cad>84</ns3:cad>
          </ns3:TrackPointExtension>
        </extensions>
      </trkpt>
      <trkpt lat="31.28571501933038234710693359375" lon="121.36961334384977817535400390625">
        <ele>-1.60000002384185791015625</ele>
        <time>2026-06-06T06:29:03.000Z</time>
        <extensions>
          <ns3:TrackPointExtension>
            <ns3:hr>145</ns3:hr>
            <ns3:cad>84</ns3:cad>
          </ns3:TrackPointExtension>
        </extensions>
      </trkpt>
      <trkpt lat="31.28573781810700893402099609375" lon="121.36962541379034519195556640625">
        <ele>-1.7999999523162841796875</ele>
        <time>2026-06-06T06:29:04.000Z</time>
        <extensions>
          <ns3:TrackPointExtension>
            <ns3:hr>145</ns3:hr>
            <ns3:cad>84</ns3:cad>
          </ns3:TrackPointExtension>
        </extensions>
      </trkpt>
      <trkpt lat="31.28576279617846012115478515625" lon="121.36963672935962677001953125">
        <ele>-1.7999999523162841796875</ele>
        <time>2026-06-06T06:29:05.000Z</time>
        <extensions>
          <ns3:TrackPointExtension>
            <ns3:hr>146</ns3:hr>
            <ns3:cad>84</ns3:cad>
          </ns3:TrackPointExtension>
        </extensions>
      </trkpt>
      <trkpt lat="31.2857860140502452850341796875" lon="121.36964611709117889404296875">
        <ele>-1.7999999523162841796875</ele>
        <time>2026-06-06T06:29:06.000Z</time>
        <extensions>
          <ns3:TrackPointExtension>
            <ns3:hr>145</ns3:hr>
            <ns3:cad>84</ns3:cad>
          </ns3:TrackPointExtension>
        </extensions>
      </trkpt>
      <trkpt lat="31.28581057302653789520263671875" lon="121.36965508572757244110107421875">
        <ele>-1.7999999523162841796875</ele>
        <time>2026-06-06T06:29:07.000Z</time>
        <extensions>
          <ns3:TrackPointExtension>
            <ns3:hr>145</ns3:hr>
            <ns3:cad>83</ns3:cad>
          </ns3:TrackPointExtension>
        </extensions>
      </trkpt>
      <trkpt lat="31.28583337180316448211669921875" lon="121.36966682039201259613037109375">
        <ele>-2</ele>
        <time>2026-06-06T06:29:08.000Z</time>
        <extensions>
          <ns3:TrackPointExtension>
            <ns3:hr>145</ns3:hr>
            <ns3:cad>83</ns3:cad>
          </ns3:TrackPointExtension>
        </extensions>
      </trkpt>
      <trkpt lat="31.2858550809323787689208984375" lon="121.36967587284743785858154296875">
        <ele>-2</ele>
        <time>2026-06-06T06:29:09.000Z</time>
        <extensions>
          <ns3:TrackPointExtension>
            <ns3:hr>145</ns3:hr>
            <ns3:cad>82</ns3:cad>
          </ns3:TrackPointExtension>
        </extensions>
      </trkpt>
      <trkpt lat="31.28588081337511539459228515625" lon="121.369682662189006805419921875">
        <ele>-2</ele>
        <time>2026-06-06T06:29:10.000Z</time>
        <extensions>
          <ns3:TrackPointExtension>
            <ns3:hr>146</ns3:hr>
            <ns3:cad>82</ns3:cad>
          </ns3:TrackPointExtension>
        </extensions>
      </trkpt>
      <trkpt lat="31.28590495325624942779541015625" lon="121.36969037353992462158203125">
        <ele>-2</ele>
        <time>2026-06-06T06:29:11.000Z</time>
        <extensions>
          <ns3:TrackPointExtension>
            <ns3:hr>145</ns3:hr>
            <ns3:cad>83</ns3:cad>
          </ns3:TrackPointExtension>
        </extensions>
      </trkpt>
      <trkpt lat="31.28592875786125659942626953125" lon="121.3696962408721446990966796875">
        <ele>-2</ele>
        <time>2026-06-06T06:29:12.000Z</time>
        <extensions>
          <ns3:TrackPointExtension>
            <ns3:hr>145</ns3:hr>
            <ns3:cad>83</ns3:cad>
          </ns3:TrackPointExtension>
        </extensions>
      </trkpt>
      <trkpt lat="31.28595256246626377105712890625" lon="121.36970269493758678436279296875">
        <ele>-2</ele>
        <time>2026-06-06T06:29:13.000Z</time>
        <extensions>
          <ns3:TrackPointExtension>
            <ns3:hr>145</ns3:hr>
            <ns3:cad>82</ns3:cad>
          </ns3:TrackPointExtension>
        </extensions>
      </trkpt>
      <trkpt lat="31.28597619943320751190185546875" lon="121.36970755644142627716064453125">
        <ele>-2.2000000476837158203125</ele>
        <time>2026-06-06T06:29:14.000Z</time>
        <extensions>
          <ns3:TrackPointExtension>
            <ns3:hr>145</ns3:hr>
            <ns3:cad>82</ns3:cad>
          </ns3:TrackPointExtension>
        </extensions>
      </trkpt>
      <trkpt lat="31.28600000403821468353271484375" lon="121.36970940046012401580810546875">
        <ele>-2.2000000476837158203125</ele>
        <time>2026-06-06T06:29:15.000Z</time>
        <extensions>
          <ns3:TrackPointExtension>
            <ns3:hr>146</ns3:hr>
            <ns3:cad>82</ns3:cad>
          </ns3:TrackPointExtension>
        </extensions>
      </trkpt>
      <trkpt lat="31.28602582029998302459716796875" lon="121.369713842868804931640625">
        <ele>-2.2000000476837158203125</ele>
        <time>2026-06-06T06:29:16.000Z</time>
        <extensions>
          <ns3:TrackPointExtension>
            <ns3:hr>146</ns3:hr>
            <ns3:cad>82</ns3:cad>
          </ns3:TrackPointExtension>
        </extensions>
      </trkpt>
      <trkpt lat="31.2860525585711002349853515625" lon="121.3697200454771518707275390625">
        <ele>-2</ele>
        <time>2026-06-06T06:29:17.000Z</time>
        <extensions>
          <ns3:TrackPointExtension>
            <ns3:hr>146</ns3:hr>
            <ns3:cad>83</ns3:cad>
          </ns3:TrackPointExtension>
        </extensions>
      </trkpt>
      <trkpt lat="31.28607242368161678314208984375" lon="121.36973320506513118743896484375">
        <ele>-2</ele>
        <time>2026-06-06T06:29:18.000Z</time>
        <extensions>
          <ns3:TrackPointExtension>
            <ns3:hr>146</ns3:hr>
            <ns3:cad>83</ns3:cad>
          </ns3:TrackPointExtension>
        </extensions>
      </trkpt>
      <trkpt lat="31.28609002567827701568603515625" lon="121.369764804840087890625">
        <ele>-2</ele>
        <time>2026-06-06T06:29:19.000Z</time>
        <extensions>
          <ns3:TrackPointExtension>
            <ns3:hr>146</ns3:hr>
            <ns3:cad>83</ns3:cad>
          </ns3:TrackPointExtension>
        </extensions>
      </trkpt>
      <trkpt lat="31.28610108979046344757080078125" lon="121.3697934709489345550537109375">
        <ele>-2</ele>
        <time>2026-06-06T06:29:20.000Z</time>
        <extensions>
          <ns3:TrackPointExtension>
            <ns3:hr>146</ns3:hr>
            <ns3:cad>82</ns3:cad>
          </ns3:TrackPointExtension>
        </extensions>
      </trkpt>
      <trkpt lat="31.2861038558185100555419921875" lon="121.36982255615293979644775390625">
        <ele>-2</ele>
        <time>2026-06-06T06:29:21.000Z</time>
        <extensions>
          <ns3:TrackPointExtension>
            <ns3:hr>146</ns3:hr>
            <ns3:cad>82</ns3:cad>
          </ns3:TrackPointExtension>
        </extensions>
      </trkpt>
      <trkpt lat="31.2861038558185100555419921875" lon="121.36985599994659423828125">
        <ele>-2</ele>
        <time>2026-06-06T06:29:22.000Z</time>
        <extensions>
          <ns3:TrackPointExtension>
            <ns3:hr>146</ns3:hr>
            <ns3:cad>81</ns3:cad>
          </ns3:TrackPointExtension>
        </extensions>
      </trkpt>
      <trkpt lat="31.286104358732700347900390625" lon="121.36988877318799495697021484375">
        <ele>-2</ele>
        <time>2026-06-06T06:29:23.000Z</time>
        <extensions>
          <ns3:TrackPointExtension>
            <ns3:hr>146</ns3:hr>
            <ns3:cad>80</ns3:cad>
          </ns3:TrackPointExtension>
        </extensions>
      </trkpt>
      <trkpt lat="31.286095641553401947021484375" lon="121.36991593055427074432373046875">
        <ele>-2</ele>
        <time>2026-06-06T06:29:24.000Z</time>
        <extensions>
          <ns3:TrackPointExtension>
            <ns3:hr>146</ns3:hr>
            <ns3:cad>80</ns3:cad>
          </ns3:TrackPointExtension>
        </extensions>
      </trkpt>
      <trkpt lat="31.2860683165490627288818359375" lon="121.369932107627391815185546875">
        <ele>-2</ele>
        <time>2026-06-06T06:29:25.000Z</time>
        <extensions>
          <ns3:TrackPointExtension>
            <ns3:hr>146</ns3:hr>
            <ns3:cad>80</ns3:cad>
          </ns3:TrackPointExtension>
        </extensions>
      </trkpt>
      <trkpt lat="31.28603705205023288726806640625" lon="121.36993135325610637664794921875">
        <ele>-2.2000000476837158203125</ele>
        <time>2026-06-06T06:29:26.000Z</time>
        <extensions>
          <ns3:TrackPointExtension>
            <ns3:hr>146</ns3:hr>
            <ns3:cad>80</ns3:cad>
          </ns3:TrackPointExtension>
        </extensions>
      </trkpt>
      <trkpt lat="31.2860106490552425384521484375" lon="121.36993043124675750732421875">
        <ele>-2</ele>
        <time>2026-06-06T06:29:27.000Z</time>
        <extensions>
          <ns3:TrackPointExtension>
            <ns3:hr>146</ns3:hr>
            <ns3:cad>80</ns3:cad>
          </ns3:TrackPointExtension>
        </extensions>
      </trkpt>
      <trkpt lat="31.28598089329898357391357421875" lon="121.3699252344667911529541015625">
        <ele>-2</ele>
        <time>2026-06-06T06:29:28.000Z</time>
        <extensions>
          <ns3:TrackPointExtension>
            <ns3:hr>146</ns3:hr>
            <ns3:cad>80</ns3:cad>
          </ns3:TrackPointExtension>
        </extensions>
      </trkpt>
      <trkpt lat="31.28595004789531230926513671875" lon="121.36991836130619049072265625">
        <ele>-1.7999999523162841796875</ele>
        <time>2026-06-06T06:29:29.000Z</time>
        <extensions>
          <ns3:TrackPointExtension>
            <ns3:hr>146</ns3:hr>
            <ns3:cad>80</ns3:cad>
          </ns3:TrackPointExtension>
        </extensions>
      </trkpt>
      <trkpt lat="31.2859187833964824676513671875" lon="121.36990897357463836669921875">
        <ele>-1.7999999523162841796875</ele>
        <time>2026-06-06T06:29:30.000Z</time>
        <extensions>
          <ns3:TrackPointExtension>
            <ns3:hr>146</ns3:hr>
            <ns3:cad>80</ns3:cad>
          </ns3:TrackPointExtension>
        </extensions>
      </trkpt>
      <trkpt lat="31.28589271567761898040771484375" lon="121.3699007593095302581787109375">
        <ele>-1.7999999523162841796875</ele>
        <time>2026-06-06T06:29:31.000Z</time>
        <extensions>
          <ns3:TrackPointExtension>
            <ns3:hr>146</ns3:hr>
            <ns3:cad>80</ns3:cad>
          </ns3:TrackPointExtension>
        </extensions>
      </trkpt>
      <trkpt lat="31.28586463630199432373046875" lon="121.36989288032054901123046875">
        <ele>-1.60000002384185791015625</ele>
        <time>2026-06-06T06:29:32.000Z</time>
        <extensions>
          <ns3:TrackPointExtension>
            <ns3:hr>146</ns3:hr>
            <ns3:cad>81</ns3:cad>
          </ns3:TrackPointExtension>
        </extensions>
      </trkpt>
      <trkpt lat="31.28583504818379878997802734375" lon="121.36988307349383831024169921875">
        <ele>-1.7999999523162841796875</ele>
        <time>2026-06-06T06:29:33.000Z</time>
        <extensions>
          <ns3:TrackPointExtension>
            <ns3:hr>146</ns3:hr>
            <ns3:cad>82</ns3:cad>
          </ns3:TrackPointExtension>
        </extensions>
      </trkpt>
      <trkpt lat="31.28580604679882526397705078125" lon="121.36987150646746158599853515625">
        <ele>-1.60000002384185791015625</ele>
        <time>2026-06-06T06:29:34.000Z</time>
        <extensions>
          <ns3:TrackPointExtension>
            <ns3:hr>146</ns3:hr>
            <ns3:cad>83</ns3:cad>
          </ns3:TrackPointExtension>
        </extensions>
      </trkpt>
      <trkpt lat="31.2857779674232006072998046875" lon="121.3698611967265605926513671875">
        <ele>-1.60000002384185791015625</ele>
        <time>2026-06-06T06:29:35.000Z</time>
        <extensions>
          <ns3:TrackPointExtension>
            <ns3:hr>146</ns3:hr>
            <ns3:cad>83</ns3:cad>
          </ns3:TrackPointExtension>
        </extensions>
      </trkpt>
      <trkpt lat="31.28575064241886138916015625" lon="121.36985130608081817626953125">
        <ele>-1.60000002384185791015625</ele>
        <time>2026-06-06T06:29:36.000Z</time>
        <extensions>
          <ns3:TrackPointExtension>
            <ns3:hr>146</ns3:hr>
            <ns3:cad>82</ns3:cad>
          </ns3:TrackPointExtension>
        </extensions>
      </trkpt>
      <trkpt lat="31.28572843037545680999755859375" lon="121.36984116397798061370849609375">
        <ele>-1.39999997615814208984375</ele>
        <time>2026-06-06T06:29:37.000Z</time>
        <extensions>
          <ns3:TrackPointExtension>
            <ns3:hr>147</ns3:hr>
            <ns3:cad>82</ns3:cad>
          </ns3:TrackPointExtension>
        </extensions>
      </trkpt>
      <trkpt lat="31.2857043743133544921875" lon="121.36983043514192104339599609375">
        <ele>-1.39999997615814208984375</ele>
        <time>2026-06-06T06:29:38.000Z</time>
        <extensions>
          <ns3:TrackPointExtension>
            <ns3:hr>147</ns3:hr>
            <ns3:cad>83</ns3:cad>
          </ns3:TrackPointExtension>
        </extensions>
      </trkpt>
      <trkpt lat="31.28568048588931560516357421875" lon="121.36981920339167118072509765625">
        <ele>-1.39999997615814208984375</ele>
        <time>2026-06-06T06:29:39.000Z</time>
        <extensions>
          <ns3:TrackPointExtension>
            <ns3:hr>147</ns3:hr>
            <ns3:cad>84</ns3:cad>
          </ns3:TrackPointExtension>
        </extensions>
      </trkpt>
      <trkpt lat="31.2856562621891498565673828125" lon="121.3698088936507701873779296875">
        <ele>-1.39999997615814208984375</ele>
        <time>2026-06-06T06:29:40.000Z</time>
        <extensions>
          <ns3:TrackPointExtension>
            <ns3:hr>147</ns3:hr>
            <ns3:cad>84</ns3:cad>
          </ns3:TrackPointExtension>
        </extensions>
      </trkpt>
      <trkpt lat="31.28563254140317440032958984375" lon="121.369793973863124847412109375">
        <ele>-1.39999997615814208984375</ele>
        <time>2026-06-06T06:29:41.000Z</time>
        <extensions>
          <ns3:TrackPointExtension>
            <ns3:hr>148</ns3:hr>
            <ns3:cad>84</ns3:cad>
          </ns3:TrackPointExtension>
        </extensions>
      </trkpt>
      <trkpt lat="31.28561041317880153656005859375" lon="121.36978290975093841552734375">
        <ele>-1.2000000476837158203125</ele>
        <time>2026-06-06T06:29:42.000Z</time>
        <extensions>
          <ns3:TrackPointExtension>
            <ns3:hr>148</ns3:hr>
            <ns3:cad>84</ns3:cad>
          </ns3:TrackPointExtension>
        </extensions>
      </trkpt>
      <trkpt lat="31.2855871953070163726806640625" lon="121.36977243237197399139404296875">
        <ele>-1.2000000476837158203125</ele>
        <time>2026-06-06T06:29:43.000Z</time>
        <extensions>
          <ns3:TrackPointExtension>
            <ns3:hr>148</ns3:hr>
            <ns3:cad>84</ns3:cad>
          </ns3:TrackPointExtension>
        </extensions>
      </trkpt>
      <trkpt lat="31.285562552511692047119140625" lon="121.369762457907199859619140625">
        <ele>-1.2000000476837158203125</ele>
        <time>2026-06-06T06:29:44.000Z</time>
        <extensions>
          <ns3:TrackPointExtension>
            <ns3:hr>148</ns3:hr>
            <ns3:cad>83</ns3:cad>
          </ns3:TrackPointExtension>
        </extensions>
      </trkpt>
      <trkpt lat="31.285535395145416259765625" lon="121.36974996887147426605224609375">
        <ele>-1.39999997615814208984375</ele>
        <time>2026-06-06T06:29:45.000Z</time>
        <extensions>
          <ns3:TrackPointExtension>
            <ns3:hr>148</ns3:hr>
            <ns3:cad>83</ns3:cad>
          </ns3:TrackPointExtension>
        </extensions>
      </trkpt>
      <trkpt lat="31.285510249435901641845703125" lon="121.36973856948316097259521484375">
        <ele>-1.39999997615814208984375</ele>
        <time>2026-06-06T06:29:46.000Z</time>
        <extensions>
          <ns3:TrackPointExtension>
            <ns3:hr>149</ns3:hr>
            <ns3:cad>83</ns3:cad>
          </ns3:TrackPointExtension>
        </extensions>
      </trkpt>
      <trkpt lat="31.28548510372638702392578125" lon="121.36972934938967227935791015625">
        <ele>-1.39999997615814208984375</ele>
        <time>2026-06-06T06:29:47.000Z</time>
        <extensions>
          <ns3:TrackPointExtension>
            <ns3:hr>148</ns3:hr>
            <ns3:cad>84</ns3:cad>
          </ns3:TrackPointExtension>
        </extensions>
      </trkpt>
      <trkpt lat="31.28545937128365039825439453125" lon="121.36971627362072467803955078125">
        <ele>-1.39999997615814208984375</ele>
        <time>2026-06-06T06:29:48.000Z</time>
        <extensions>
          <ns3:TrackPointExtension>
            <ns3:hr>148</ns3:hr>
            <ns3:cad>84</ns3:cad>
          </ns3:TrackPointExtension>
        </extensions>
      </trkpt>
      <trkpt lat="31.2854339741170406341552734375" lon="121.36970537714660167694091796875">
        <ele>-1.39999997615814208984375</ele>
        <time>2026-06-06T06:29:49.000Z</time>
        <extensions>
          <ns3:TrackPointExtension>
            <ns3:hr>149</ns3:hr>
            <ns3:cad>84</ns3:cad>
          </ns3:TrackPointExtension>
        </extensions>
      </trkpt>
      <trkpt lat="31.28541092388331890106201171875" lon="121.3696985878050327301025390625">
        <ele>-1.60000002384185791015625</ele>
        <time>2026-06-06T06:29:50.000Z</time>
        <extensions>
          <ns3:TrackPointExtension>
            <ns3:hr>149</ns3:hr>
            <ns3:cad>84</ns3:cad>
          </ns3:TrackPointExtension>
        </extensions>
      </trkpt>
      <trkpt lat="31.2853873707354068756103515625" lon="121.36969615705311298370361328125">
        <ele>-1.60000002384185791015625</ele>
        <time>2026-06-06T06:29:51.000Z</time>
        <extensions>
          <ns3:TrackPointExtension>
            <ns3:hr>149</ns3:hr>
            <ns3:cad>84</ns3:cad>
          </ns3:TrackPointExtension>
        </extensions>
      </trkpt>
      <trkpt lat="31.28535945899784564971923828125" lon="121.369697414338588714599609375">
        <ele>-1.60000002384185791015625</ele>
        <time>2026-06-06T06:29:52.000Z</time>
        <extensions>
          <ns3:TrackPointExtension>
            <ns3:hr>149</ns3:hr>
            <ns3:cad>84</ns3:cad>
          </ns3:TrackPointExtension>
        </extensions>
      </trkpt>
      <trkpt lat="31.28533096052706241607666015625" lon="121.36971040628850460052490234375">
        <ele>-1.60000002384185791015625</ele>
        <time>2026-06-06T06:29:53.000Z</time>
        <extensions>
          <ns3:TrackPointExtension>
            <ns3:hr>148</ns3:hr>
            <ns3:cad>84</ns3:cad>
          </ns3:TrackPointExtension>
        </extensions>
      </trkpt>
      <trkpt lat="31.2853082455694675445556640625" lon="121.36972549371421337127685546875">
        <ele>-1.60000002384185791015625</ele>
        <time>2026-06-06T06:29:54.000Z</time>
        <extensions>
          <ns3:TrackPointExtension>
            <ns3:hr>148</ns3:hr>
            <ns3:cad>83</ns3:cad>
          </ns3:TrackPointExtension>
        </extensions>
      </trkpt>
      <trkpt lat="31.28529374487698078155517578125" lon="121.369749046862125396728515625">
        <ele>-1.60000002384185791015625</ele>
        <time>2026-06-06T06:29:55.000Z</time>
        <extensions>
          <ns3:TrackPointExtension>
            <ns3:hr>149</ns3:hr>
            <ns3:cad>83</ns3:cad>
          </ns3:TrackPointExtension>
        </extensions>
      </trkpt>
      <trkpt lat="31.28528125584125518798828125" lon="121.369780562818050384521484375">
        <ele>-1.60000002384185791015625</ele>
        <time>2026-06-06T06:29:56.000Z</time>
        <extensions>
          <ns3:TrackPointExtension>
            <ns3:hr>149</ns3:hr>
            <ns3:cad>83</ns3:cad>
          </ns3:TrackPointExtension>
        </extensions>
      </trkpt>
      <trkpt lat="31.2852817587554454803466796875" lon="121.36980998329818248748779296875">
        <ele>-1.60000002384185791015625</ele>
        <time>2026-06-06T06:29:57.000Z</time>
        <extensions>
          <ns3:TrackPointExtension>
            <ns3:hr>150</ns3:hr>
            <ns3:cad>83</ns3:cad>
          </ns3:TrackPointExtension>
        </extensions>
      </trkpt>
      <trkpt lat="31.28528486005961894989013671875" lon="121.36984250508248805999755859375">
        <ele>-1.60000002384185791015625</ele>
        <time>2026-06-06T06:29:58.000Z</time>
        <extensions>
          <ns3:TrackPointExtension>
            <ns3:hr>150</ns3:hr>
            <ns3:cad>83</ns3:cad>
          </ns3:TrackPointExtension>
        </extensions>
      </trkpt>
      <trkpt lat="31.28528787754476070404052734375" lon="121.3698729313910007476806640625">
        <ele>-1.7999999523162841796875</ele>
        <time>2026-06-06T06:29:59.000Z</time>
        <extensions>
          <ns3:TrackPointExtension>
            <ns3:hr>150</ns3:hr>
            <ns3:cad>83</ns3:cad>
          </ns3:TrackPointExtension>
        </extensions>
      </trkpt>
      <trkpt lat="31.28529123030602931976318359375" lon="121.369901597499847412109375">
        <ele>-1.60000002384185791015625</ele>
        <time>2026-06-06T06:30:00.000Z</time>
        <extensions>
          <ns3:TrackPointExtension>
            <ns3:hr>150</ns3:hr>
            <ns3:cad>83</ns3:cad>
          </ns3:TrackPointExtension>
        </extensions>
      </trkpt>
      <trkpt lat="31.28529525361955165863037109375" lon="121.3699349574744701385498046875">
        <ele>-1.60000002384185791015625</ele>
        <time>2026-06-06T06:30:01.000Z</time>
        <extensions>
          <ns3:TrackPointExtension>
            <ns3:hr>150</ns3:hr>
            <ns3:cad>83</ns3:cad>
          </ns3:TrackPointExtension>
        </extensions>
      </trkpt>
      <trkpt lat="31.28529927693307399749755859375" lon="121.36996873654425144195556640625">
        <ele>-1.60000002384185791015625</ele>
        <time>2026-06-06T06:30:02.000Z</time>
        <extensions>
          <ns3:TrackPointExtension>
            <ns3:hr>150</ns3:hr>
            <ns3:cad>83</ns3:cad>
          </ns3:TrackPointExtension>
        </extensions>
      </trkpt>
      <trkpt lat="31.28529575653374195098876953125" lon="121.37000611983239650726318359375">
        <ele>-1.60000002384185791015625</ele>
        <time>2026-06-06T06:30:03.000Z</time>
        <extensions>
          <ns3:TrackPointExtension>
            <ns3:hr>150</ns3:hr>
            <ns3:cad>83</ns3:cad>
          </ns3:TrackPointExtension>
        </extensions>
      </trkpt>
      <trkpt lat="31.2852794118225574493408203125" lon="121.3700388930737972259521484375">
        <ele>-1.60000002384185791015625</ele>
        <time>2026-06-06T06:30:04.000Z</time>
        <extensions>
          <ns3:TrackPointExtension>
            <ns3:hr>150</ns3:hr>
            <ns3:cad>83</ns3:cad>
          </ns3:TrackPointExtension>
        </extensions>
      </trkpt>
      <trkpt lat="31.28524144180119037628173828125" lon="121.37004383839666843414306640625">
        <ele>-1.60000002384185791015625</ele>
        <time>2026-06-06T06:30:05.000Z</time>
        <extensions>
          <ns3:TrackPointExtension>
            <ns3:hr>150</ns3:hr>
            <ns3:cad>83</ns3:cad>
          </ns3:TrackPointExtension>
        </extensions>
      </trkpt>
      <trkpt lat="31.28521176986396312713623046875" lon="121.37004417367279529571533203125">
        <ele>-1.7999999523162841796875</ele>
        <time>2026-06-06T06:30:06.000Z</time>
        <extensions>
          <ns3:TrackPointExtension>
            <ns3:hr>150</ns3:hr>
            <ns3:cad>83</ns3:cad>
          </ns3:TrackPointExtension>
        </extensions>
      </trkpt>
      <trkpt lat="31.28518603742122650146484375" lon="121.3700375519692897796630859375">
        <ele>-1.60000002384185791015625</ele>
        <time>2026-06-06T06:30:07.000Z</time>
        <extensions>
          <ns3:TrackPointExtension>
            <ns3:hr>150</ns3:hr>
            <ns3:cad>83</ns3:cad>
          </ns3:TrackPointExtension>
        </extensions>
      </trkpt>
      <trkpt lat="31.28515779040753841400146484375" lon="121.3700274936854839324951171875">
        <ele>-1.60000002384185791015625</ele>
        <time>2026-06-06T06:30:08.000Z</time>
        <extensions>
          <ns3:TrackPointExtension>
            <ns3:hr>150</ns3:hr>
            <ns3:cad>83</ns3:cad>
          </ns3:TrackPointExtension>
        </extensions>
      </trkpt>
      <trkpt lat="31.285132057964801788330078125" lon="121.3700182735919952392578125">
        <ele>-1.60000002384185791015625</ele>
        <time>2026-06-06T06:30:09.000Z</time>
        <extensions>
          <ns3:TrackPointExtension>
            <ns3:hr>150</ns3:hr>
            <ns3:cad>82</ns3:cad>
          </ns3:TrackPointExtension>
        </extensions>
      </trkpt>
      <trkpt lat="31.2851074151694774627685546875" lon="121.37000913731753826141357421875">
        <ele>-1.60000002384185791015625</ele>
        <time>2026-06-06T06:30:10.000Z</time>
        <extensions>
          <ns3:TrackPointExtension>
            <ns3:hr>150</ns3:hr>
            <ns3:cad>82</ns3:cad>
          </ns3:TrackPointExtension>
        </extensions>
      </trkpt>
      <trkpt lat="31.28507832996547222137451171875" lon="121.369999833405017852783203125">
        <ele>-1.60000002384185791015625</ele>
        <time>2026-06-06T06:30:11.000Z</time>
        <extensions>
          <ns3:TrackPointExtension>
            <ns3:hr>150</ns3:hr>
            <ns3:cad>82</ns3:cad>
          </ns3:TrackPointExtension>
        </extensions>
      </trkpt>
      <trkpt lat="31.28505569882690906524658203125" lon="121.36998382396996021270751953125">
        <ele>-1.60000002384185791015625</ele>
        <time>2026-06-06T06:30:12.000Z</time>
        <extensions>
          <ns3:TrackPointExtension>
            <ns3:hr>150</ns3:hr>
            <ns3:cad>82</ns3:cad>
          </ns3:TrackPointExtension>
        </extensions>
      </trkpt>
      <trkpt lat="31.28502820618450641632080078125" lon="121.36997695080935955047607421875">
        <ele>-1.39999997615814208984375</ele>
        <time>2026-06-06T06:30:13.000Z</time>
        <extensions>
          <ns3:TrackPointExtension>
            <ns3:hr>150</ns3:hr>
            <ns3:cad>83</ns3:cad>
          </ns3:TrackPointExtension>
        </extensions>
      </trkpt>
      <trkpt lat="31.28500674851238727569580078125" lon="121.3699684850871562957763671875">
        <ele>-1.39999997615814208984375</ele>
        <time>2026-06-06T06:30:14.000Z</time>
        <extensions>
          <ns3:TrackPointExtension>
            <ns3:hr>150</ns3:hr>
            <ns3:cad>83</ns3:cad>
          </ns3:TrackPointExtension>
        </extensions>
      </trkpt>
      <trkpt lat="31.28498797304928302764892578125" lon="121.3699560798704624176025390625">
        <ele>-1.39999997615814208984375</ele>
        <time>2026-06-06T06:30:15.000Z</time>
        <extensions>
          <ns3:TrackPointExtension>
            <ns3:hr>150</ns3:hr>
            <ns3:cad>83</ns3:cad>
          </ns3:TrackPointExtension>
        </extensions>
      </trkpt>
      <trkpt lat="31.28496282733976840972900390625" lon="121.369947530329227447509765625">
        <ele>-1.39999997615814208984375</ele>
        <time>2026-06-06T06:30:16.000Z</time>
        <extensions>
          <ns3:TrackPointExtension>
            <ns3:hr>150</ns3:hr>
            <ns3:cad>83</ns3:cad>
          </ns3:TrackPointExtension>
        </extensions>
      </trkpt>
      <trkpt lat="31.28493684343993663787841796875" lon="121.36994157917797565460205078125">
        <ele>-1.39999997615814208984375</ele>
        <time>2026-06-06T06:30:17.000Z</time>
        <extensions>
          <ns3:TrackPointExtension>
            <ns3:hr>150</ns3:hr>
            <ns3:cad>83</ns3:cad>
          </ns3:TrackPointExtension>
        </extensions>
      </trkpt>
      <trkpt lat="31.284910105168819427490234375" lon="121.3699403218924999237060546875">
        <ele>-1.39999997615814208984375</ele>
        <time>2026-06-06T06:30:18.000Z</time>
        <extensions>
          <ns3:TrackPointExtension>
            <ns3:hr>151</ns3:hr>
            <ns3:cad>84</ns3:cad>
          </ns3:TrackPointExtension>
        </extensions>
      </trkpt>
      <trkpt lat="31.28488588146865367889404296875" lon="121.36993889696896076202392578125">
        <ele>-1.39999997615814208984375</ele>
        <time>2026-06-06T06:30:19.000Z</time>
        <extensions>
          <ns3:TrackPointExtension>
            <ns3:hr>150</ns3:hr>
            <ns3:cad>84</ns3:cad>
          </ns3:TrackPointExtension>
        </extensions>
      </trkpt>
      <trkpt lat="31.284861825406551361083984375" lon="121.36993621475994586944580078125">
        <ele>-1.39999997615814208984375</ele>
        <time>2026-06-06T06:30:20.000Z</time>
        <extensions>
          <ns3:TrackPointExtension>
            <ns3:hr>150</ns3:hr>
            <ns3:cad>84</ns3:cad>
          </ns3:TrackPointExtension>
        </extensions>
      </trkpt>
      <trkpt lat="31.2848355062305927276611328125" lon="121.36993319727480411529541015625">
        <ele>-1.60000002384185791015625</ele>
        <time>2026-06-06T06:30:21.000Z</time>
        <extensions>
          <ns3:TrackPointExtension>
            <ns3:hr>150</ns3:hr>
            <ns3:cad>85</ns3:cad>
          </ns3:TrackPointExtension>
        </extensions>
      </trkpt>
      <trkpt lat="31.2848125398159027099609375" lon="121.3699326105415821075439453125">
        <ele>-1.60000002384185791015625</ele>
        <time>2026-06-06T06:30:22.000Z</time>
        <extensions>
          <ns3:TrackPointExtension>
            <ns3:hr>150</ns3:hr>
            <ns3:cad>85</ns3:cad>
          </ns3:TrackPointExtension>
        </extensions>
      </trkpt>
      <trkpt lat="31.2847882322967052459716796875" lon="121.369932107627391815185546875">
        <ele>-1.60000002384185791015625</ele>
        <time>2026-06-06T06:30:23.000Z</time>
        <extensions>
          <ns3:TrackPointExtension>
            <ns3:hr>150</ns3:hr>
            <ns3:cad>84</ns3:cad>
          </ns3:TrackPointExtension>
        </extensions>
      </trkpt>
      <trkpt lat="31.28476115874946117401123046875" lon="121.36992749758064746856689453125">
        <ele>-1.60000002384185791015625</ele>
        <time>2026-06-06T06:30:24.000Z</time>
        <extensions>
          <ns3:TrackPointExtension>
            <ns3:hr>150</ns3:hr>
            <ns3:cad>84</ns3:cad>
          </ns3:TrackPointExtension>
        </extensions>
      </trkpt>
      <trkpt lat="31.284734420478343963623046875" lon="121.36992414481937885284423828125">
        <ele>-1.60000002384185791015625</ele>
        <time>2026-06-06T06:30:25.000Z</time>
        <extensions>
          <ns3:TrackPointExtension>
            <ns3:hr>151</ns3:hr>
            <ns3:cad>83</ns3:cad>
          </ns3:TrackPointExtension>
        </extensions>
      </trkpt>
      <trkpt lat="31.28470860421657562255859375" lon="121.36992313899099826812744140625">
        <ele>-1.60000002384185791015625</ele>
        <time>2026-06-06T06:30:26.000Z</time>
        <extensions>
          <ns3:TrackPointExtension>
            <ns3:hr>150</ns3:hr>
            <ns3:cad>83</ns3:cad>
          </ns3:TrackPointExtension>
        </extensions>
      </trkpt>
      <trkpt lat="31.28468446433544158935546875" lon="121.369919367134571075439453125">
        <ele>-1.60000002384185791015625</ele>
        <time>2026-06-06T06:30:27.000Z</time>
        <extensions>
          <ns3:TrackPointExtension>
            <ns3:hr>150</ns3:hr>
            <ns3:cad>83</ns3:cad>
          </ns3:TrackPointExtension>
        </extensions>
      </trkpt>
      <trkpt lat="31.28466024063527584075927734375" lon="121.36991643346846103668212890625">
        <ele>-1.60000002384185791015625</ele>
        <time>2026-06-06T06:30:28.000Z</time>
        <extensions>
          <ns3:TrackPointExtension>
            <ns3:hr>151</ns3:hr>
            <ns3:cad>83</ns3:cad>
          </ns3:TrackPointExtension>
        </extensions>
      </trkpt>
      <trkpt lat="31.28463677130639553070068359375" lon="121.36992012150585651397705078125">
        <ele>-1.7999999523162841796875</ele>
        <time>2026-06-06T06:30:29.000Z</time>
        <extensions>
          <ns3:TrackPointExtension>
            <ns3:hr>151</ns3:hr>
            <ns3:cad>83</ns3:cad>
          </ns3:TrackPointExtension>
        </extensions>
      </trkpt>
      <trkpt lat="31.284615062177181243896484375" lon="121.3699282519519329071044921875">
        <ele>-1.7999999523162841796875</ele>
        <time>2026-06-06T06:30:30.000Z</time>
        <extensions>
          <ns3:TrackPointExtension>
            <ns3:hr>152</ns3:hr>
            <ns3:cad>84</ns3:cad>
          </ns3:TrackPointExtension>
        </extensions>
      </trkpt>
      <trkpt lat="31.2845874018967151641845703125" lon="121.36993420310318470001220703125">
        <ele>-1.7999999523162841796875</ele>
        <time>2026-06-06T06:30:31.000Z</time>
        <extensions>
          <ns3:TrackPointExtension>
            <ns3:hr>152</ns3:hr>
            <ns3:cad>84</ns3:cad>
          </ns3:TrackPointExtension>
        </extensions>
      </trkpt>
      <trkpt lat="31.28456234000623226165771484375" lon="121.36993856169283390045166015625">
        <ele>-1.60000002384185791015625</ele>
        <time>2026-06-06T06:30:32.000Z</time>
        <extensions>
          <ns3:TrackPointExtension>
            <ns3:hr>152</ns3:hr>
            <ns3:cad>84</ns3:cad>
          </ns3:TrackPointExtension>
        </extensions>
      </trkpt>
      <trkpt lat="31.28453836776316165924072265625" lon="121.3699423335492610931396484375">
        <ele>-1.60000002384185791015625</ele>
        <time>2026-06-06T06:30:33.000Z</time>
        <extensions>
          <ns3:TrackPointExtension>
            <ns3:hr>152</ns3:hr>
            <ns3:cad>84</ns3:cad>
          </ns3:TrackPointExtension>
        </extensions>
      </trkpt>
      <trkpt lat="31.2845146469771862030029296875" lon="121.36994183063507080078125">
        <ele>-1.60000002384185791015625</ele>
        <time>2026-06-06T06:30:34.000Z</time>
        <extensions>
          <ns3:TrackPointExtension>
            <ns3:hr>152</ns3:hr>
            <ns3:cad>83</ns3:cad>
          </ns3:TrackPointExtension>
        </extensions>
      </trkpt>
      <trkpt lat="31.28448891453444957733154296875" lon="121.369946189224720001220703125">
        <ele>-1.60000002384185791015625</ele>
        <time>2026-06-06T06:30:35.000Z</time>
        <extensions>
          <ns3:TrackPointExtension>
            <ns3:hr>152</ns3:hr>
            <ns3:cad>83</ns3:cad>
          </ns3:TrackPointExtension>
        </extensions>
      </trkpt>
      <trkpt lat="31.28446527756750583648681640625" lon="121.3699423335492610931396484375">
        <ele>-1.60000002384185791015625</ele>
        <time>2026-06-06T06:30:36.000Z</time>
        <extensions>
          <ns3:TrackPointExtension>
            <ns3:hr>152</ns3:hr>
            <ns3:cad>83</ns3:cad>
          </ns3:TrackPointExtension>
        </extensions>
      </trkpt>
      <trkpt lat="31.284442059695720672607421875" lon="121.3699416629970073699951171875">
        <ele>-1.60000002384185791015625</ele>
        <time>2026-06-06T06:30:37.000Z</time>
        <extensions>
          <ns3:TrackPointExtension>
            <ns3:hr>152</ns3:hr>
            <ns3:cad>84</ns3:cad>
          </ns3:TrackPointExtension>
        </extensions>
      </trkpt>
      <trkpt lat="31.2844184227287769317626953125" lon="121.36994292028248310089111328125">
        <ele>-1.60000002384185791015625</ele>
        <time>2026-06-06T06:30:38.000Z</time>
        <extensions>
          <ns3:TrackPointExtension>
            <ns3:hr>152</ns3:hr>
            <ns3:cad>84</ns3:cad>
          </ns3:TrackPointExtension>
        </extensions>
      </trkpt>
      <trkpt lat="31.28439218737185001373291015625" lon="121.36994107626378536224365234375">
        <ele>-1.60000002384185791015625</ele>
        <time>2026-06-06T06:30:39.000Z</time>
        <extensions>
          <ns3:TrackPointExtension>
            <ns3:hr>152</ns3:hr>
            <ns3:cad>84</ns3:cad>
          </ns3:TrackPointExtension>
        </extensions>
      </trkpt>
      <trkpt lat="31.284368298947811126708984375" lon="121.36994375847280025482177734375">
        <ele>-1.60000002384185791015625</ele>
        <time>2026-06-06T06:30:40.000Z</time>
        <extensions>
          <ns3:TrackPointExtension>
            <ns3:hr>152</ns3:hr>
            <ns3:cad>84</ns3:cad>
          </ns3:TrackPointExtension>
        </extensions>
      </trkpt>
      <trkpt lat="31.2843419797718524932861328125" lon="121.36994375847280025482177734375">
        <ele>-1.60000002384185791015625</ele>
        <time>2026-06-06T06:30:41.000Z</time>
        <extensions>
          <ns3:TrackPointExtension>
            <ns3:hr>152</ns3:hr>
            <ns3:cad>84</ns3:cad>
          </ns3:TrackPointExtension>
        </extensions>
      </trkpt>
      <trkpt lat="31.28431507386267185211181640625" lon="121.3699426688253879547119140625">
        <ele>-1.60000002384185791015625</ele>
        <time>2026-06-06T06:30:42.000Z</time>
        <extensions>
          <ns3:TrackPointExtension>
            <ns3:hr>152</ns3:hr>
            <ns3:cad>84</ns3:cad>
          </ns3:TrackPointExtension>
        </extensions>
      </trkpt>
      <trkpt lat="31.284289844334125518798828125" lon="121.36994744651019573211669921875">
        <ele>-1.60000002384185791015625</ele>
        <time>2026-06-06T06:30:43.000Z</time>
        <extensions>
          <ns3:TrackPointExtension>
            <ns3:hr>152</ns3:hr>
            <ns3:cad>83</ns3:cad>
          </ns3:TrackPointExtension>
        </extensions>
      </trkpt>
      <trkpt lat="31.28426495008170604705810546875" lon="121.369949877262115478515625">
        <ele>-1.60000002384185791015625</ele>
        <time>2026-06-06T06:30:44.000Z</time>
        <extensions>
          <ns3:TrackPointExtension>
            <ns3:hr>153</ns3:hr>
            <ns3:cad>83</ns3:cad>
          </ns3:TrackPointExtension>
        </extensions>
      </trkpt>
      <trkpt lat="31.2842410616576671600341796875" lon="121.36995113454759120941162109375">
        <ele>-1.60000002384185791015625</ele>
        <time>2026-06-06T06:30:45.000Z</time>
        <extensions>
          <ns3:TrackPointExtension>
            <ns3:hr>153</ns3:hr>
            <ns3:cad>83</ns3:cad>
          </ns3:TrackPointExtension>
        </extensions>
      </trkpt>
      <trkpt lat="31.284215748310089111328125" lon="121.36995398439466953277587890625">
        <ele>-1.60000002384185791015625</ele>
        <time>2026-06-06T06:30:46.000Z</time>
        <extensions>
          <ns3:TrackPointExtension>
            <ns3:hr>153</ns3:hr>
            <ns3:cad>83</ns3:cad>
          </ns3:TrackPointExtension>
        </extensions>
      </trkpt>
      <trkpt lat="31.28419051878154277801513671875" lon="121.36995398439466953277587890625">
        <ele>-1.60000002384185791015625</ele>
        <time>2026-06-06T06:30:47.000Z</time>
        <extensions>
          <ns3:TrackPointExtension>
            <ns3:hr>153</ns3:hr>
            <ns3:cad>83</ns3:cad>
          </ns3:TrackPointExtension>
        </extensions>
      </trkpt>
      <trkpt lat="31.2841669656336307525634765625" lon="121.36995792388916015625">
        <ele>-1.7999999523162841796875</ele>
        <time>2026-06-06T06:30:48.000Z</time>
        <extensions>
          <ns3:TrackPointExtension>
            <ns3:hr>153</ns3:hr>
            <ns3:cad>84</ns3:cad>
          </ns3:TrackPointExtension>
        </extensions>
      </trkpt>
      <trkpt lat="31.28414005972445011138916015625" lon="121.36996018700301647186279296875">
        <ele>-1.7999999523162841796875</ele>
        <time>2026-06-06T06:30:49.000Z</time>
        <extensions>
          <ns3:TrackPointExtension>
            <ns3:hr>153</ns3:hr>
            <ns3:cad>84</ns3:cad>
          </ns3:TrackPointExtension>
        </extensions>
      </trkpt>
      <trkpt lat="31.28411575220525264739990234375" lon="121.36996328830718994140625">
        <ele>-1.7999999523162841796875</ele>
        <time>2026-06-06T06:30:50.000Z</time>
        <extensions>
          <ns3:TrackPointExtension>
            <ns3:hr>153</ns3:hr>
            <ns3:cad>84</ns3:cad>
          </ns3:TrackPointExtension>
        </extensions>
      </trkpt>
      <trkpt lat="31.2840935401618480682373046875" lon="121.36996655724942684173583984375">
        <ele>-1.7999999523162841796875</ele>
        <time>2026-06-06T06:30:51.000Z</time>
        <extensions>
          <ns3:TrackPointExtension>
            <ns3:hr>153</ns3:hr>
            <ns3:cad>84</ns3:cad>
          </ns3:TrackPointExtension>
        </extensions>
      </trkpt>
      <trkpt lat="31.284067891538143157958984375" lon="121.369973681867122650146484375">
        <ele>-1.7999999523162841796875</ele>
        <time>2026-06-06T06:30:52.000Z</time>
        <extensions>
          <ns3:TrackPointExtension>
            <ns3:hr>153</ns3:hr>
            <ns3:cad>84</ns3:cad>
          </ns3:TrackPointExtension>
        </extensions>
      </trkpt>
      <trkpt lat="31.28404333256185054779052734375" lon="121.36997929774224758148193359375">
        <ele>-1.7999999523162841796875</ele>
        <time>2026-06-06T06:30:53.000Z</time>
        <extensions>
          <ns3:TrackPointExtension>
            <ns3:hr>153</ns3:hr>
            <ns3:cad>84</ns3:cad>
          </ns3:TrackPointExtension>
        </extensions>
      </trkpt>
      <trkpt lat="31.28402204252779483795166015625" lon="121.36998415924608707427978515625">
        <ele>-1.7999999523162841796875</ele>
        <time>2026-06-06T06:30:54.000Z</time>
        <extensions>
          <ns3:TrackPointExtension>
            <ns3:hr>152</ns3:hr>
            <ns3:cad>84</ns3:cad>
          </ns3:TrackPointExtension>
        </extensions>
      </trkpt>
      <trkpt lat="31.283998824656009674072265625" lon="121.36998868547379970550537109375">
        <ele>-1.7999999523162841796875</ele>
        <time>2026-06-06T06:30:55.000Z</time>
        <extensions>
          <ns3:TrackPointExtension>
            <ns3:hr>152</ns3:hr>
            <ns3:cad>84</ns3:cad>
          </ns3:TrackPointExtension>
        </extensions>
      </trkpt>
      <trkpt lat="31.283971332013607025146484375" lon="121.36999287642538547515869140625">
        <ele>-1.7999999523162841796875</ele>
        <time>2026-06-06T06:30:56.000Z</time>
        <extensions>
          <ns3:TrackPointExtension>
            <ns3:hr>153</ns3:hr>
            <ns3:cad>84</ns3:cad>
          </ns3:TrackPointExtension>
        </extensions>
      </trkpt>
      <trkpt lat="31.283948533236980438232421875" lon="121.36999639682471752166748046875">
        <ele>-1.7999999523162841796875</ele>
        <time>2026-06-06T06:30:57.000Z</time>
        <extensions>
          <ns3:TrackPointExtension>
            <ns3:hr>153</ns3:hr>
            <ns3:cad>84</ns3:cad>
          </ns3:TrackPointExtension>
        </extensions>
      </trkpt>
      <trkpt lat="31.2839225493371486663818359375" lon="121.37000394053757190704345703125">
        <ele>-1.7999999523162841796875</ele>
        <time>2026-06-06T06:30:58.000Z</time>
        <extensions>
          <ns3:TrackPointExtension>
            <ns3:hr>153</ns3:hr>
            <ns3:cad>84</ns3:cad>
          </ns3:TrackPointExtension>
        </extensions>
      </trkpt>
      <trkpt lat="31.28389262594282627105712890625" lon="121.370008550584316253662109375">
        <ele>-1.60000002384185791015625</ele>
        <time>2026-06-06T06:30:59.000Z</time>
        <extensions>
          <ns3:TrackPointExtension>
            <ns3:hr>153</ns3:hr>
            <ns3:cad>84</ns3:cad>
          </ns3:TrackPointExtension>
        </extensions>
      </trkpt>
      <trkpt lat="31.28386781550943851470947265625" lon="121.370019614696502685546875">
        <ele>-1.60000002384185791015625</ele>
        <time>2026-06-06T06:31:00.000Z</time>
        <extensions>
          <ns3:TrackPointExtension>
            <ns3:hr>153</ns3:hr>
            <ns3:cad>84</ns3:cad>
          </ns3:TrackPointExtension>
        </extensions>
      </trkpt>
      <trkpt lat="31.28384149633347988128662109375" lon="121.37003009207546710968017578125">
        <ele>-1.60000002384185791015625</ele>
        <time>2026-06-06T06:31:01.000Z</time>
        <extensions>
          <ns3:TrackPointExtension>
            <ns3:hr>153</ns3:hr>
            <ns3:cad>84</ns3:cad>
          </ns3:TrackPointExtension>
        </extensions>
      </trkpt>
      <trkpt lat="31.28381735645234584808349609375" lon="121.37003981508314609527587890625">
        <ele>-1.60000002384185791015625</ele>
        <time>2026-06-06T06:31:02.000Z</time>
        <extensions>
          <ns3:TrackPointExtension>
            <ns3:hr>153</ns3:hr>
            <ns3:cad>85</ns3:cad>
          </ns3:TrackPointExtension>
        </extensions>
      </trkpt>
      <trkpt lat="31.2837911210954189300537109375" lon="121.37005305849015712738037109375">
        <ele>-1.60000002384185791015625</ele>
        <time>2026-06-06T06:31:03.000Z</time>
        <extensions>
          <ns3:TrackPointExtension>
            <ns3:hr>153</ns3:hr>
            <ns3:cad>85</ns3:cad>
          </ns3:TrackPointExtension>
        </extensions>
      </trkpt>
      <trkpt lat="31.28377058543264865875244140625" lon="121.3700620271265506744384765625">
        <ele>-1.7999999523162841796875</ele>
        <time>2026-06-06T06:31:04.000Z</time>
        <extensions>
          <ns3:TrackPointExtension>
            <ns3:hr>154</ns3:hr>
            <ns3:cad>85</ns3:cad>
          </ns3:TrackPointExtension>
        </extensions>
      </trkpt>
      <trkpt lat="31.28374745137989521026611328125" lon="121.37007057666778564453125">
        <ele>-1.7999999523162841796875</ele>
        <time>2026-06-06T06:31:05.000Z</time>
        <extensions>
          <ns3:TrackPointExtension>
            <ns3:hr>154</ns3:hr>
            <ns3:cad>85</ns3:cad>
          </ns3:TrackPointExtension>
        </extensions>
      </trkpt>
      <trkpt lat="31.2837227247655391693115234375" lon="121.3700801320374011993408203125">
        <ele>-1.7999999523162841796875</ele>
        <time>2026-06-06T06:31:06.000Z</time>
        <extensions>
          <ns3:TrackPointExtension>
            <ns3:hr>154</ns3:hr>
            <ns3:cad>85</ns3:cad>
          </ns3:TrackPointExtension>
        </extensions>
      </trkpt>
      <trkpt lat="31.2837005965411663055419921875" lon="121.3700898550450801849365234375">
        <ele>-2</ele>
        <time>2026-06-06T06:31:07.000Z</time>
        <extensions>
          <ns3:TrackPointExtension>
            <ns3:hr>153</ns3:hr>
            <ns3:cad>84</ns3:cad>
          </ns3:TrackPointExtension>
        </extensions>
      </trkpt>
      <trkpt lat="31.283676289021968841552734375" lon="121.3701025955379009246826171875">
        <ele>-1.7999999523162841796875</ele>
        <time>2026-06-06T06:31:08.000Z</time>
        <extensions>
          <ns3:TrackPointExtension>
            <ns3:hr>154</ns3:hr>
            <ns3:cad>84</ns3:cad>
          </ns3:TrackPointExtension>
        </extensions>
      </trkpt>
      <trkpt lat="31.283654160797595977783203125" lon="121.37011525221168994903564453125">
        <ele>-1.7999999523162841796875</ele>
        <time>2026-06-06T06:31:09.000Z</time>
        <extensions>
          <ns3:TrackPointExtension>
            <ns3:hr>154</ns3:hr>
            <ns3:cad>83</ns3:cad>
          </ns3:TrackPointExtension>
        </extensions>
      </trkpt>
      <trkpt lat="31.28363169729709625244140625" lon="121.370128579437732696533203125">
        <ele>-1.7999999523162841796875</ele>
        <time>2026-06-06T06:31:10.000Z</time>
        <extensions>
          <ns3:TrackPointExtension>
            <ns3:hr>154</ns3:hr>
            <ns3:cad>84</ns3:cad>
          </ns3:TrackPointExtension>
        </extensions>
      </trkpt>
      <trkpt lat="31.28360579721629619598388671875" lon="121.37014023028314113616943359375">
        <ele>-1.7999999523162841796875</ele>
        <time>2026-06-06T06:31:11.000Z</time>
        <extensions>
          <ns3:TrackPointExtension>
            <ns3:hr>154</ns3:hr>
            <ns3:cad>84</ns3:cad>
          </ns3:TrackPointExtension>
        </extensions>
      </trkpt>
      <trkpt lat="31.28358350135385990142822265625" lon="121.37015364132821559906005859375">
        <ele>-1.7999999523162841796875</ele>
        <time>2026-06-06T06:31:12.000Z</time>
        <extensions>
          <ns3:TrackPointExtension>
            <ns3:hr>154</ns3:hr>
            <ns3:cad>84</ns3:cad>
          </ns3:TrackPointExtension>
        </extensions>
      </trkpt>
      <trkpt lat="31.283562965691089630126953125" lon="121.37016654945909976959228515625">
        <ele>-1.7999999523162841796875</ele>
        <time>2026-06-06T06:31:13.000Z</time>
        <extensions>
          <ns3:TrackPointExtension>
            <ns3:hr>154</ns3:hr>
            <ns3:cad>84</ns3:cad>
          </ns3:TrackPointExtension>
        </extensions>
      </trkpt>
      <trkpt lat="31.283541508018970489501953125" lon="121.3701776973903179168701171875">
        <ele>-1.7999999523162841796875</ele>
        <time>2026-06-06T06:31:14.000Z</time>
        <extensions>
          <ns3:TrackPointExtension>
            <ns3:hr>154</ns3:hr>
            <ns3:cad>85</ns3:cad>
          </ns3:TrackPointExtension>
        </extensions>
      </trkpt>
      <trkpt lat="31.28351963125169277191162109375" lon="121.3701904378831386566162109375">
        <ele>-1.60000002384185791015625</ele>
        <time>2026-06-06T06:31:15.000Z</time>
        <extensions>
          <ns3:TrackPointExtension>
            <ns3:hr>154</ns3:hr>
            <ns3:cad>85</ns3:cad>
          </ns3:TrackPointExtension>
        </extensions>
      </trkpt>
      <trkpt lat="31.2834967486560344696044921875" lon="121.3702075369656085968017578125">
        <ele>-1.60000002384185791015625</ele>
        <time>2026-06-06T06:31:16.000Z</time>
        <extensions>
          <ns3:TrackPointExtension>
            <ns3:hr>154</ns3:hr>
            <ns3:cad>84</ns3:cad>
          </ns3:TrackPointExtension>
        </extensions>
      </trkpt>
      <trkpt lat="31.2834766320884227752685546875" lon="121.37021868489682674407958984375">
        <ele>-1.60000002384185791015625</ele>
        <time>2026-06-06T06:31:17.000Z</time>
        <extensions>
          <ns3:TrackPointExtension>
            <ns3:hr>154</ns3:hr>
            <ns3:cad>84</ns3:cad>
          </ns3:TrackPointExtension>
        </extensions>
      </trkpt>
      <trkpt lat="31.28345358185470104217529296875" lon="121.370231844484806060791015625">
        <ele>-1.39999997615814208984375</ele>
        <time>2026-06-06T06:31:18.000Z</time>
        <extensions>
          <ns3:TrackPointExtension>
            <ns3:hr>154</ns3:hr>
            <ns3:cad>84</ns3:cad>
          </ns3:TrackPointExtension>
        </extensions>
      </trkpt>
      <trkpt lat="31.28342893905937671661376953125" lon="121.3702424056828022003173828125">
        <ele>-1.39999997615814208984375</ele>
        <time>2026-06-06T06:31:19.000Z</time>
        <extensions>
          <ns3:TrackPointExtension>
            <ns3:hr>154</ns3:hr>
            <ns3:cad>84</ns3:cad>
          </ns3:TrackPointExtension>
        </extensions>
      </trkpt>
      <trkpt lat="31.28340278752148151397705078125" lon="121.370253302156925201416015625">
        <ele>-1.39999997615814208984375</ele>
        <time>2026-06-06T06:31:20.000Z</time>
        <extensions>
          <ns3:TrackPointExtension>
            <ns3:hr>154</ns3:hr>
            <ns3:cad>84</ns3:cad>
          </ns3:TrackPointExtension>
        </extensions>
      </trkpt>
      <trkpt lat="31.283375211060047149658203125" lon="121.370261348783969879150390625">
        <ele>-1.60000002384185791015625</ele>
        <time>2026-06-06T06:31:21.000Z</time>
        <extensions>
          <ns3:TrackPointExtension>
            <ns3:hr>153</ns3:hr>
            <ns3:cad>84</ns3:cad>
          </ns3:TrackPointExtension>
        </extensions>
      </trkpt>
      <trkpt lat="31.2833495624363422393798828125" lon="121.37026411481201648712158203125">
        <ele>-1.60000002384185791015625</ele>
        <time>2026-06-06T06:31:22.000Z</time>
        <extensions>
          <ns3:TrackPointExtension>
            <ns3:hr>153</ns3:hr>
            <ns3:cad>84</ns3:cad>
          </ns3:TrackPointExtension>
        </extensions>
      </trkpt>
      <trkpt lat="31.2833210639655590057373046875" lon="121.37026428245007991790771484375">
        <ele>-1.60000002384185791015625</ele>
        <time>2026-06-06T06:31:23.000Z</time>
        <extensions>
          <ns3:TrackPointExtension>
            <ns3:hr>153</ns3:hr>
            <ns3:cad>84</ns3:cad>
          </ns3:TrackPointExtension>
        </extensions>
      </trkpt>
      <trkpt lat="31.28329482860863208770751953125" lon="121.37026704847812652587890625">
        <ele>-1.7999999523162841796875</ele>
        <time>2026-06-06T06:31:24.000Z</time>
        <extensions>
          <ns3:TrackPointExtension>
            <ns3:hr>153</ns3:hr>
            <ns3:cad>84</ns3:cad>
          </ns3:TrackPointExtension>
        </extensions>
      </trkpt>
      <trkpt lat="31.283273287117481231689453125" lon="121.3702650368213653564453125">
        <ele>-1.60000002384185791015625</ele>
        <time>2026-06-06T06:31:25.000Z</time>
        <extensions>
          <ns3:TrackPointExtension>
            <ns3:hr>153</ns3:hr>
            <ns3:cad>84</ns3:cad>
          </ns3:TrackPointExtension>
        </extensions>
      </trkpt>
      <trkpt lat="31.2832449562847614288330078125" lon="121.37026428245007991790771484375">
        <ele>-1.60000002384185791015625</ele>
        <time>2026-06-06T06:31:26.000Z</time>
        <extensions>
          <ns3:TrackPointExtension>
            <ns3:hr>153</ns3:hr>
            <ns3:cad>83</ns3:cad>
          </ns3:TrackPointExtension>
        </extensions>
      </trkpt>
      <trkpt lat="31.2832166254520416259765625" lon="121.37025958858430385589599609375">
        <ele>-1.39999997615814208984375</ele>
        <time>2026-06-06T06:31:27.000Z</time>
        <extensions>
          <ns3:TrackPointExtension>
            <ns3:hr>152</ns3:hr>
            <ns3:cad>83</ns3:cad>
          </ns3:TrackPointExtension>
        </extensions>
      </trkpt>
      <trkpt lat="31.28319089300930500030517578125" lon="121.37025229632854461669921875">
        <ele>-1.39999997615814208984375</ele>
        <time>2026-06-06T06:31:28.000Z</time>
        <extensions>
          <ns3:TrackPointExtension>
            <ns3:hr>152</ns3:hr>
            <ns3:cad>84</ns3:cad>
          </ns3:TrackPointExtension>
        </extensions>
      </trkpt>
      <trkpt lat="31.28316708840429782867431640625" lon="121.3702380470931529998779296875">
        <ele>-1.39999997615814208984375</ele>
        <time>2026-06-06T06:31:29.000Z</time>
        <extensions>
          <ns3:TrackPointExtension>
            <ns3:hr>152</ns3:hr>
            <ns3:cad>84</ns3:cad>
          </ns3:TrackPointExtension>
        </extensions>
      </trkpt>
      <trkpt lat="31.28314965404570102691650390625" lon="121.37022941373288631439208984375">
        <ele>-1.2000000476837158203125</ele>
        <time>2026-06-06T06:31:30.000Z</time>
        <extensions>
          <ns3:TrackPointExtension>
            <ns3:hr>152</ns3:hr>
            <ns3:cad>84</ns3:cad>
          </ns3:TrackPointExtension>
        </extensions>
      </trkpt>
      <trkpt lat="31.28314009867608547210693359375" lon="121.37022421695291996002197265625">
        <ele>-1</ele>
        <time>2026-06-06T06:31:31.000Z</time>
        <extensions>
          <ns3:TrackPointExtension>
            <ns3:hr>152</ns3:hr>
            <ns3:cad>84</ns3:cad>
          </ns3:TrackPointExtension>
        </extensions>
      </trkpt>
      <trkpt lat="31.28312207758426666259765625" lon="121.37020410038530826568603515625">
        <ele>-1</ele>
        <time>2026-06-06T06:31:32.000Z</time>
        <extensions>
          <ns3:TrackPointExtension>
            <ns3:hr>152</ns3:hr>
            <ns3:cad>84</ns3:cad>
          </ns3:TrackPointExtension>
        </extensions>
      </trkpt>
      <trkpt lat="31.28310975618660449981689453125" lon="121.37018448673188686370849609375">
        <ele>-0.800000011920928955078125</ele>
        <time>2026-06-06T06:31:33.000Z</time>
        <extensions>
          <ns3:TrackPointExtension>
            <ns3:hr>152</ns3:hr>
            <ns3:cad>81</ns3:cad>
          </ns3:TrackPointExtension>
        </extensions>
      </trkpt>
      <trkpt lat="31.28308880142867565155029296875" lon="121.37018046341836452484130859375">
        <ele>-0.800000011920928955078125</ele>
        <time>2026-06-06T06:31:34.000Z</time>
        <extensions>
          <ns3:TrackPointExtension>
            <ns3:hr>152</ns3:hr>
            <ns3:cad>81</ns3:cad>
          </ns3:TrackPointExtension>
        </extensions>
      </trkpt>
      <trkpt lat="31.28306214697659015655517578125" lon="121.37016973458230495452880859375">
        <ele>-0.800000011920928955078125</ele>
        <time>2026-06-06T06:31:35.000Z</time>
        <extensions>
          <ns3:TrackPointExtension>
            <ns3:hr>152</ns3:hr>
            <ns3:cad>80</ns3:cad>
          </ns3:TrackPointExtension>
        </extensions>
      </trkpt>
      <trkpt lat="31.2830360792577266693115234375" lon="121.37015632353723049163818359375">
        <ele>-0.800000011920928955078125</ele>
        <time>2026-06-06T06:31:36.000Z</time>
        <extensions>
          <ns3:TrackPointExtension>
            <ns3:hr>152</ns3:hr>
            <ns3:cad>80</ns3:cad>
          </ns3:TrackPointExtension>
        </extensions>
      </trkpt>
      <trkpt lat="31.28301068209111690521240234375" lon="121.37015062384307384490966796875">
        <ele>-0.800000011920928955078125</ele>
        <time>2026-06-06T06:31:37.000Z</time>
        <extensions>
          <ns3:TrackPointExtension>
            <ns3:hr>152</ns3:hr>
            <ns3:cad>80</ns3:cad>
          </ns3:TrackPointExtension>
        </extensions>
      </trkpt>
      <trkpt lat="31.28298670984804630279541015625" lon="121.3701411522924900054931640625">
        <ele>-0.800000011920928955078125</ele>
        <time>2026-06-06T06:31:38.000Z</time>
        <extensions>
          <ns3:TrackPointExtension>
            <ns3:hr>152</ns3:hr>
            <ns3:cad>78</ns3:cad>
          </ns3:TrackPointExtension>
        </extensions>
      </trkpt>
      <trkpt lat="31.28296391107141971588134765625" lon="121.3701287470757961273193359375">
        <ele>-0.800000011920928955078125</ele>
        <time>2026-06-06T06:31:39.000Z</time>
        <extensions>
          <ns3:TrackPointExtension>
            <ns3:hr>152</ns3:hr>
            <ns3:cad>78</ns3:cad>
          </ns3:TrackPointExtension>
        </extensions>
      </trkpt>
      <trkpt lat="31.28294371068477630615234375" lon="121.37011508457362651824951171875">
        <ele>-0.800000011920928955078125</ele>
        <time>2026-06-06T06:31:40.000Z</time>
        <extensions>
          <ns3:TrackPointExtension>
            <ns3:hr>152</ns3:hr>
            <ns3:cad>80</ns3:cad>
          </ns3:TrackPointExtension>
        </extensions>
      </trkpt>
      <trkpt lat="31.2829180620610713958740234375" lon="121.37010888196527957916259765625">
        <ele>-0.800000011920928955078125</ele>
        <time>2026-06-06T06:31:41.000Z</time>
        <extensions>
          <ns3:TrackPointExtension>
            <ns3:hr>152</ns3:hr>
            <ns3:cad>81</ns3:cad>
          </ns3:TrackPointExtension>
        </extensions>
      </trkpt>
      <trkpt lat="31.2828893959522247314453125" lon="121.37010209262371063232421875">
        <ele>-1</ele>
        <time>2026-06-06T06:31:42.000Z</time>
        <extensions>
          <ns3:TrackPointExtension>
            <ns3:hr>152</ns3:hr>
            <ns3:cad>81</ns3:cad>
          </ns3:TrackPointExtension>
        </extensions>
      </trkpt>
      <trkpt lat="31.28286383114755153656005859375" lon="121.37008843012154102325439453125">
        <ele>-1.2000000476837158203125</ele>
        <time>2026-06-06T06:31:43.000Z</time>
        <extensions>
          <ns3:TrackPointExtension>
            <ns3:hr>152</ns3:hr>
            <ns3:cad>78</ns3:cad>
          </ns3:TrackPointExtension>
        </extensions>
      </trkpt>
      <trkpt lat="31.2828406132757663726806640625" lon="121.3700707443058490753173828125">
        <ele>-1.2000000476837158203125</ele>
        <time>2026-06-06T06:31:44.000Z</time>
        <extensions>
          <ns3:TrackPointExtension>
            <ns3:hr>152</ns3:hr>
            <ns3:cad>78</ns3:cad>
          </ns3:TrackPointExtension>
        </extensions>
      </trkpt>
      <trkpt lat="31.28281370736658573150634765625" lon="121.3700504601001739501953125">
        <ele>-1.39999997615814208984375</ele>
        <time>2026-06-06T06:31:45.000Z</time>
        <extensions>
          <ns3:TrackPointExtension>
            <ns3:hr>152</ns3:hr>
            <ns3:cad>78</ns3:cad>
          </ns3:TrackPointExtension>
        </extensions>
      </trkpt>
      <trkpt lat="31.2827883101999759674072265625" lon="121.3700316846370697021484375">
        <ele>-1.39999997615814208984375</ele>
        <time>2026-06-06T06:31:46.000Z</time>
        <extensions>
          <ns3:TrackPointExtension>
            <ns3:hr>152</ns3:hr>
            <ns3:cad>80</ns3:cad>
          </ns3:TrackPointExtension>
        </extensions>
      </trkpt>
      <trkpt lat="31.28276341594755649566650390625" lon="121.37001249007880687713623046875">
        <ele>-1.39999997615814208984375</ele>
        <time>2026-06-06T06:31:47.000Z</time>
        <extensions>
          <ns3:TrackPointExtension>
            <ns3:hr>152</ns3:hr>
            <ns3:cad>81</ns3:cad>
          </ns3:TrackPointExtension>
        </extensions>
      </trkpt>
      <trkpt lat="31.28274195827543735504150390625" lon="121.36999287642538547515869140625">
        <ele>-1.39999997615814208984375</ele>
        <time>2026-06-06T06:31:48.000Z</time>
        <extensions>
          <ns3:TrackPointExtension>
            <ns3:hr>152</ns3:hr>
            <ns3:cad>81</ns3:cad>
          </ns3:TrackPointExtension>
        </extensions>
      </trkpt>
      <trkpt lat="31.28272016532719135284423828125" lon="121.36997141875326633453369140625">
        <ele>-1.60000002384185791015625</ele>
        <time>2026-06-06T06:31:49.000Z</time>
        <extensions>
          <ns3:TrackPointExtension>
            <ns3:hr>153</ns3:hr>
            <ns3:cad>82</ns3:cad>
          </ns3:TrackPointExtension>
        </extensions>
      </trkpt>
      <trkpt lat="31.28270021639764308929443359375" lon="121.369953565299510955810546875">
        <ele>-1.60000002384185791015625</ele>
        <time>2026-06-06T06:31:50.000Z</time>
        <extensions>
          <ns3:TrackPointExtension>
            <ns3:hr>152</ns3:hr>
            <ns3:cad>82</ns3:cad>
          </ns3:TrackPointExtension>
        </extensions>
      </trkpt>
      <trkpt lat="31.28267557360231876373291015625" lon="121.36993688531219959259033203125">
        <ele>-1.60000002384185791015625</ele>
        <time>2026-06-06T06:31:51.000Z</time>
        <extensions>
          <ns3:TrackPointExtension>
            <ns3:hr>152</ns3:hr>
            <ns3:cad>82</ns3:cad>
          </ns3:TrackPointExtension>
        </extensions>
      </trkpt>
      <trkpt lat="31.28265344537794589996337890625" lon="121.36991827748715877532958984375">
        <ele>-1.60000002384185791015625</ele>
        <time>2026-06-06T06:31:52.000Z</time>
        <extensions>
          <ns3:TrackPointExtension>
            <ns3:hr>152</ns3:hr>
            <ns3:cad>83</ns3:cad>
          </ns3:TrackPointExtension>
        </extensions>
      </trkpt>
      <trkpt lat="31.282634250819683074951171875" lon="121.3699004240334033966064453125">
        <ele>-1.60000002384185791015625</ele>
        <time>2026-06-06T06:31:53.000Z</time>
        <extensions>
          <ns3:TrackPointExtension>
            <ns3:hr>152</ns3:hr>
            <ns3:cad>83</ns3:cad>
          </ns3:TrackPointExtension>
        </extensions>
      </trkpt>
      <trkpt lat="31.28260977566242218017578125" lon="121.36987787671387195587158203125">
        <ele>-1.60000002384185791015625</ele>
        <time>2026-06-06T06:31:54.000Z</time>
        <extensions>
          <ns3:TrackPointExtension>
            <ns3:hr>152</ns3:hr>
            <ns3:cad>83</ns3:cad>
          </ns3:TrackPointExtension>
        </extensions>
      </trkpt>
      <trkpt lat="31.282587312161922454833984375" lon="121.369857676327228546142578125">
        <ele>-1.7999999523162841796875</ele>
        <time>2026-06-06T06:31:55.000Z</time>
        <extensions>
          <ns3:TrackPointExtension>
            <ns3:hr>152</ns3:hr>
            <ns3:cad>83</ns3:cad>
          </ns3:TrackPointExtension>
        </extensions>
      </trkpt>
      <trkpt lat="31.2825633399188518524169921875" lon="121.36983999051153659820556640625">
        <ele>-1.7999999523162841796875</ele>
        <time>2026-06-06T06:31:56.000Z</time>
        <extensions>
          <ns3:TrackPointExtension>
            <ns3:hr>152</ns3:hr>
            <ns3:cad>83</ns3:cad>
          </ns3:TrackPointExtension>
        </extensions>
      </trkpt>
      <trkpt lat="31.28254079259932041168212890625" lon="121.369822807610034942626953125">
        <ele>-1.7999999523162841796875</ele>
        <time>2026-06-06T06:31:57.000Z</time>
        <extensions>
          <ns3:TrackPointExtension>
            <ns3:hr>153</ns3:hr>
            <ns3:cad>83</ns3:cad>
          </ns3:TrackPointExtension>
        </extensions>
      </trkpt>
      <trkpt lat="31.2825184129178524017333984375" lon="121.3698062114417552947998046875">
        <ele>-2</ele>
        <time>2026-06-06T06:31:58.000Z</time>
        <extensions>
          <ns3:TrackPointExtension>
            <ns3:hr>152</ns3:hr>
            <ns3:cad>84</ns3:cad>
          </ns3:TrackPointExtension>
        </extensions>
      </trkpt>
      <trkpt lat="31.2824966199696063995361328125" lon="121.36978567577898502349853515625">
        <ele>-2</ele>
        <time>2026-06-06T06:31:59.000Z</time>
        <extensions>
          <ns3:TrackPointExtension>
            <ns3:hr>152</ns3:hr>
            <ns3:cad>84</ns3:cad>
          </ns3:TrackPointExtension>
        </extensions>
      </trkpt>
      <trkpt lat="31.28247675485908985137939453125" lon="121.36976287700235843658447265625">
        <ele>-2</ele>
        <time>2026-06-06T06:32:00.000Z</time>
        <extensions>
          <ns3:TrackPointExtension>
            <ns3:hr>152</ns3:hr>
            <ns3:cad>84</ns3:cad>
          </ns3:TrackPointExtension>
        </extensions>
      </trkpt>
      <trkpt lat="31.2824550457298755645751953125" lon="121.3697473704814910888671875">
        <ele>-2</ele>
        <time>2026-06-06T06:32:01.000Z</time>
        <extensions>
          <ns3:TrackPointExtension>
            <ns3:hr>152</ns3:hr>
            <ns3:cad>84</ns3:cad>
          </ns3:TrackPointExtension>
        </extensions>
      </trkpt>
      <trkpt lat="31.28243300132453441619873046875" lon="121.3697290979325771331787109375">
        <ele>-2</ele>
        <time>2026-06-06T06:32:02.000Z</time>
        <extensions>
          <ns3:TrackPointExtension>
            <ns3:hr>152</ns3:hr>
            <ns3:cad>84</ns3:cad>
          </ns3:TrackPointExtension>
        </extensions>
      </trkpt>
      <trkpt lat="31.28240919671952724456787109375" lon="121.36970923282206058502197265625">
        <ele>-2</ele>
        <time>2026-06-06T06:32:03.000Z</time>
        <extensions>
          <ns3:TrackPointExtension>
            <ns3:hr>152</ns3:hr>
            <ns3:cad>84</ns3:cad>
          </ns3:TrackPointExtension>
        </extensions>
      </trkpt>
      <trkpt lat="31.2823896668851375579833984375" lon="121.36968676932156085968017578125">
        <ele>-2</ele>
        <time>2026-06-06T06:32:04.000Z</time>
        <extensions>
          <ns3:TrackPointExtension>
            <ns3:hr>152</ns3:hr>
            <ns3:cad>84</ns3:cad>
          </ns3:TrackPointExtension>
        </extensions>
      </trkpt>
      <trkpt lat="31.2823692150413990020751953125" lon="121.36966380290687084197998046875">
        <ele>-2</ele>
        <time>2026-06-06T06:32:05.000Z</time>
        <extensions>
          <ns3:TrackPointExtension>
            <ns3:hr>152</ns3:hr>
            <ns3:cad>84</ns3:cad>
          </ns3:TrackPointExtension>
        </extensions>
      </trkpt>
      <trkpt lat="31.282346248626708984375" lon="121.36964234523475170135498046875">
        <ele>-2</ele>
        <time>2026-06-06T06:32:06.000Z</time>
        <extensions>
          <ns3:TrackPointExtension>
            <ns3:hr>153</ns3:hr>
            <ns3:cad>84</ns3:cad>
          </ns3:TrackPointExtension>
        </extensions>
      </trkpt>
      <trkpt lat="31.2823252938687801361083984375" lon="121.36962306685745716094970703125">
        <ele>-2</ele>
        <time>2026-06-06T06:32:07.000Z</time>
        <extensions>
          <ns3:TrackPointExtension>
            <ns3:hr>152</ns3:hr>
            <ns3:cad>84</ns3:cad>
          </ns3:TrackPointExtension>
        </extensions>
      </trkpt>
      <trkpt lat="31.28230358473956584930419921875" lon="121.3696006871759891510009765625">
        <ele>-2</ele>
        <time>2026-06-06T06:32:08.000Z</time>
        <extensions>
          <ns3:TrackPointExtension>
            <ns3:hr>152</ns3:hr>
            <ns3:cad>83</ns3:cad>
          </ns3:TrackPointExtension>
        </extensions>
      </trkpt>
      <trkpt lat="31.28228128887712955474853515625" lon="121.36958484537899494171142578125">
        <ele>-2</ele>
        <time>2026-06-06T06:32:09.000Z</time>
        <extensions>
          <ns3:TrackPointExtension>
            <ns3:hr>152</ns3:hr>
            <ns3:cad>83</ns3:cad>
          </ns3:TrackPointExtension>
        </extensions>
      </trkpt>
      <trkpt lat="31.28225899301469326019287109375" lon="121.36956959031522274017333984375">
        <ele>-2</ele>
        <time>2026-06-06T06:32:10.000Z</time>
        <extensions>
          <ns3:TrackPointExtension>
            <ns3:hr>152</ns3:hr>
            <ns3:cad>84</ns3:cad>
          </ns3:TrackPointExtension>
        </extensions>
      </trkpt>
      <trkpt lat="31.28223896026611328125" lon="121.3695537485182285308837890625">
        <ele>-2</ele>
        <time>2026-06-06T06:32:11.000Z</time>
        <extensions>
          <ns3:TrackPointExtension>
            <ns3:hr>152</ns3:hr>
            <ns3:cad>84</ns3:cad>
          </ns3:TrackPointExtension>
        </extensions>
      </trkpt>
      <trkpt lat="31.282220184803009033203125" lon="121.3695366494357585906982421875">
        <ele>-1.7999999523162841796875</ele>
        <time>2026-06-06T06:32:12.000Z</time>
        <extensions>
          <ns3:TrackPointExtension>
            <ns3:hr>152</ns3:hr>
            <ns3:cad>84</ns3:cad>
          </ns3:TrackPointExtension>
        </extensions>
      </trkpt>
      <trkpt lat="31.2821995653212070465087890625" lon="121.369519047439098358154296875">
        <ele>-1.7999999523162841796875</ele>
        <time>2026-06-06T06:32:13.000Z</time>
        <extensions>
          <ns3:TrackPointExtension>
            <ns3:hr>152</ns3:hr>
            <ns3:cad>84</ns3:cad>
          </ns3:TrackPointExtension>
        </extensions>
      </trkpt>
      <trkpt lat="31.2821807898581027984619140625" lon="121.3694984279572963714599609375">
        <ele>-1.7999999523162841796875</ele>
        <time>2026-06-06T06:32:14.000Z</time>
        <extensions>
          <ns3:TrackPointExtension>
            <ns3:hr>152</ns3:hr>
            <ns3:cad>84</ns3:cad>
          </ns3:TrackPointExtension>
        </extensions>
      </trkpt>
      <trkpt lat="31.28216327168047428131103515625" lon="121.3694783113896846771240234375">
        <ele>-1.7999999523162841796875</ele>
        <time>2026-06-06T06:32:15.000Z</time>
        <extensions>
          <ns3:TrackPointExtension>
            <ns3:hr>152</ns3:hr>
            <ns3:cad>84</ns3:cad>
          </ns3:TrackPointExtension>
        </extensions>
      </trkpt>
      <trkpt lat="31.28214717842638492584228515625" lon="121.3694598712027072906494140625">
        <ele>-1.7999999523162841796875</ele>
        <time>2026-06-06T06:32:16.000Z</time>
        <extensions>
          <ns3:TrackPointExtension>
            <ns3:hr>152</ns3:hr>
            <ns3:cad>84</ns3:cad>
          </ns3:TrackPointExtension>
        </extensions>
      </trkpt>
      <trkpt lat="31.28212857060134410858154296875" lon="121.369437240064144134521484375">
        <ele>-1.7999999523162841796875</ele>
        <time>2026-06-06T06:32:17.000Z</time>
        <extensions>
          <ns3:TrackPointExtension>
            <ns3:hr>152</ns3:hr>
            <ns3:cad>84</ns3:cad>
          </ns3:TrackPointExtension>
        </extensions>
      </trkpt>
      <trkpt lat="31.2821080349385738372802734375" lon="121.3694216497242450714111328125">
        <ele>-1.7999999523162841796875</ele>
        <time>2026-06-06T06:32:18.000Z</time>
        <extensions>
          <ns3:TrackPointExtension>
            <ns3:hr>152</ns3:hr>
            <ns3:cad>83</ns3:cad>
          </ns3:TrackPointExtension>
        </extensions>
      </trkpt>
      <trkpt lat="31.2820852361619472503662109375" lon="121.36940748430788516998291015625">
        <ele>-2</ele>
        <time>2026-06-06T06:32:19.000Z</time>
        <extensions>
          <ns3:TrackPointExtension>
            <ns3:hr>152</ns3:hr>
            <ns3:cad>83</ns3:cad>
          </ns3:TrackPointExtension>
        </extensions>
      </trkpt>
      <trkpt lat="31.282062269747257232666015625" lon="121.369394324719905853271484375">
        <ele>-2</ele>
        <time>2026-06-06T06:32:20.000Z</time>
        <extensions>
          <ns3:TrackPointExtension>
            <ns3:hr>152</ns3:hr>
            <ns3:cad>83</ns3:cad>
          </ns3:TrackPointExtension>
        </extensions>
      </trkpt>
      <trkpt lat="31.28203921951353549957275390625" lon="121.36938191950321197509765625">
        <ele>-2</ele>
        <time>2026-06-06T06:32:21.000Z</time>
        <extensions>
          <ns3:TrackPointExtension>
            <ns3:hr>152</ns3:hr>
            <ns3:cad>84</ns3:cad>
          </ns3:TrackPointExtension>
        </extensions>
      </trkpt>
      <trkpt lat="31.28201709128916263580322265625" lon="121.36936976574361324310302734375">
        <ele>-2</ele>
        <time>2026-06-06T06:32:22.000Z</time>
        <extensions>
          <ns3:TrackPointExtension>
            <ns3:hr>152</ns3:hr>
            <ns3:cad>84</ns3:cad>
          </ns3:TrackPointExtension>
        </extensions>
      </trkpt>
      <trkpt lat="31.28199412487447261810302734375" lon="121.36935777962207794189453125">
        <ele>-2.2000000476837158203125</ele>
        <time>2026-06-06T06:32:23.000Z</time>
        <extensions>
          <ns3:TrackPointExtension>
            <ns3:hr>152</ns3:hr>
            <ns3:cad>84</ns3:cad>
          </ns3:TrackPointExtension>
        </extensions>
      </trkpt>
      <trkpt lat="31.28196830861270427703857421875" lon="121.36934478767216205596923828125">
        <ele>-2.2000000476837158203125</ele>
        <time>2026-06-06T06:32:24.000Z</time>
        <extensions>
          <ns3:TrackPointExtension>
            <ns3:hr>153</ns3:hr>
            <ns3:cad>84</ns3:cad>
          </ns3:TrackPointExtension>
        </extensions>
      </trkpt>
      <trkpt lat="31.2819437496364116668701171875" lon="121.36933087371289730072021484375">
        <ele>-2.2000000476837158203125</ele>
        <time>2026-06-06T06:32:25.000Z</time>
        <extensions>
          <ns3:TrackPointExtension>
            <ns3:hr>153</ns3:hr>
            <ns3:cad>84</ns3:cad>
          </ns3:TrackPointExtension>
        </extensions>
      </trkpt>
      <trkpt lat="31.281920112669467926025390625" lon="121.36931478045880794525146484375">
        <ele>-2.2000000476837158203125</ele>
        <time>2026-06-06T06:32:26.000Z</time>
        <extensions>
          <ns3:TrackPointExtension>
            <ns3:hr>153</ns3:hr>
            <ns3:cad>84</ns3:cad>
          </ns3:TrackPointExtension>
        </extensions>
      </trkpt>
      <trkpt lat="31.28189655952155590057373046875" lon="121.369299106299877166748046875">
        <ele>-2.2000000476837158203125</ele>
        <time>2026-06-06T06:32:27.000Z</time>
        <extensions>
          <ns3:TrackPointExtension>
            <ns3:hr>153</ns3:hr>
            <ns3:cad>84</ns3:cad>
          </ns3:TrackPointExtension>
        </extensions>
      </trkpt>
      <trkpt lat="31.2818726710975170135498046875" lon="121.36929147876799106597900390625">
        <ele>-2.2000000476837158203125</ele>
        <time>2026-06-06T06:32:28.000Z</time>
        <extensions>
          <ns3:TrackPointExtension>
            <ns3:hr>154</ns3:hr>
            <ns3:cad>84</ns3:cad>
          </ns3:TrackPointExtension>
        </extensions>
      </trkpt>
      <trkpt lat="31.28184878267347812652587890625" lon="121.369281001389026641845703125">
        <ele>-2.2000000476837158203125</ele>
        <time>2026-06-06T06:32:29.000Z</time>
        <extensions>
          <ns3:TrackPointExtension>
            <ns3:hr>154</ns3:hr>
            <ns3:cad>84</ns3:cad>
          </ns3:TrackPointExtension>
        </extensions>
      </trkpt>
      <trkpt lat="31.281825564801692962646484375" lon="121.36926499195396900177001953125">
        <ele>-2</ele>
        <time>2026-06-06T06:32:30.000Z</time>
        <extensions>
          <ns3:TrackPointExtension>
            <ns3:hr>154</ns3:hr>
            <ns3:cad>84</ns3:cad>
          </ns3:TrackPointExtension>
        </extensions>
      </trkpt>
      <trkpt lat="31.2818029336631298065185546875" lon="121.36925040744245052337646484375">
        <ele>-2</ele>
        <time>2026-06-06T06:32:31.000Z</time>
        <extensions>
          <ns3:TrackPointExtension>
            <ns3:hr>154</ns3:hr>
            <ns3:cad>84</ns3:cad>
          </ns3:TrackPointExtension>
        </extensions>
      </trkpt>
      <trkpt lat="31.2817777879536151885986328125" lon="121.369237415492534637451171875">
        <ele>-2.2000000476837158203125</ele>
        <time>2026-06-06T06:32:32.000Z</time>
        <extensions>
          <ns3:TrackPointExtension>
            <ns3:hr>154</ns3:hr>
            <ns3:cad>84</ns3:cad>
          </ns3:TrackPointExtension>
        </extensions>
      </trkpt>
      <trkpt lat="31.2817529775202274322509765625" lon="121.36922542937099933624267578125">
        <ele>-2.2000000476837158203125</ele>
        <time>2026-06-06T06:32:33.000Z</time>
        <extensions>
          <ns3:TrackPointExtension>
            <ns3:hr>154</ns3:hr>
            <ns3:cad>85</ns3:cad>
          </ns3:TrackPointExtension>
        </extensions>
      </trkpt>
      <trkpt lat="31.2817281670868396759033203125" lon="121.36921185068786144256591796875">
        <ele>-2.2000000476837158203125</ele>
        <time>2026-06-06T06:32:34.000Z</time>
        <extensions>
          <ns3:TrackPointExtension>
            <ns3:hr>155</ns3:hr>
            <ns3:cad>85</ns3:cad>
          </ns3:TrackPointExtension>
        </extensions>
      </trkpt>
      <trkpt lat="31.2817043624818325042724609375" lon="121.36920154094696044921875">
        <ele>-2.2000000476837158203125</ele>
        <time>2026-06-06T06:32:35.000Z</time>
        <extensions>
          <ns3:TrackPointExtension>
            <ns3:hr>155</ns3:hr>
            <ns3:cad>84</ns3:cad>
          </ns3:TrackPointExtension>
        </extensions>
      </trkpt>
      <trkpt lat="31.281676031649112701416015625" lon="121.36919290758669376373291015625">
        <ele>-2.2000000476837158203125</ele>
        <time>2026-06-06T06:32:36.000Z</time>
        <extensions>
          <ns3:TrackPointExtension>
            <ns3:hr>155</ns3:hr>
            <ns3:cad>84</ns3:cad>
          </ns3:TrackPointExtension>
        </extensions>
      </trkpt>
      <trkpt lat="31.2816487066447734832763671875" lon="121.36918083764612674713134765625">
        <ele>-2.2000000476837158203125</ele>
        <time>2026-06-06T06:32:37.000Z</time>
        <extensions>
          <ns3:TrackPointExtension>
            <ns3:hr>155</ns3:hr>
            <ns3:cad>84</ns3:cad>
          </ns3:TrackPointExtension>
        </extensions>
      </trkpt>
      <trkpt lat="31.28162330947816371917724609375" lon="121.369170360267162322998046875">
        <ele>-2.2000000476837158203125</ele>
        <time>2026-06-06T06:32:38.000Z</time>
        <extensions>
          <ns3:TrackPointExtension>
            <ns3:hr>156</ns3:hr>
            <ns3:cad>84</ns3:cad>
          </ns3:TrackPointExtension>
        </extensions>
      </trkpt>
      <trkpt lat="31.2815970741212368011474609375" lon="121.36915937997400760650634765625">
        <ele>-2.2000000476837158203125</ele>
        <time>2026-06-06T06:32:39.000Z</time>
        <extensions>
          <ns3:TrackPointExtension>
            <ns3:hr>156</ns3:hr>
            <ns3:cad>85</ns3:cad>
          </ns3:TrackPointExtension>
        </extensions>
      </trkpt>
      <trkpt lat="31.28157050348818302154541015625" lon="121.3691584579646587371826171875">
        <ele>-2.2000000476837158203125</ele>
        <time>2026-06-06T06:32:40.000Z</time>
        <extensions>
          <ns3:TrackPointExtension>
            <ns3:hr>156</ns3:hr>
            <ns3:cad>85</ns3:cad>
          </ns3:TrackPointExtension>
        </extensions>
      </trkpt>
      <trkpt lat="31.28154217265546321868896484375" lon="121.3691537640988826751708984375">
        <ele>-2</ele>
        <time>2026-06-06T06:32:41.000Z</time>
        <extensions>
          <ns3:TrackPointExtension>
            <ns3:hr>156</ns3:hr>
            <ns3:cad>84</ns3:cad>
          </ns3:TrackPointExtension>
        </extensions>
      </trkpt>
      <trkpt lat="31.28151484765112400054931640625" lon="121.36914831586182117462158203125">
        <ele>-2</ele>
        <time>2026-06-06T06:32:42.000Z</time>
        <extensions>
          <ns3:TrackPointExtension>
            <ns3:hr>155</ns3:hr>
            <ns3:cad>84</ns3:cad>
          </ns3:TrackPointExtension>
        </extensions>
      </trkpt>
      <trkpt lat="31.2814894504845142364501953125" lon="121.36914345435798168182373046875">
        <ele>-2</ele>
        <time>2026-06-06T06:32:43.000Z</time>
        <extensions>
          <ns3:TrackPointExtension>
            <ns3:hr>156</ns3:hr>
            <ns3:cad>84</ns3:cad>
          </ns3:TrackPointExtension>
        </extensions>
      </trkpt>
      <trkpt lat="31.28146304748952388763427734375" lon="121.3691373355686664581298828125">
        <ele>-2</ele>
        <time>2026-06-06T06:32:44.000Z</time>
        <extensions>
          <ns3:TrackPointExtension>
            <ns3:hr>156</ns3:hr>
            <ns3:cad>84</ns3:cad>
          </ns3:TrackPointExtension>
        </extensions>
      </trkpt>
      <trkpt lat="31.28143404610455036163330078125" lon="121.36913239024579524993896484375">
        <ele>-2</ele>
        <time>2026-06-06T06:32:45.000Z</time>
        <extensions>
          <ns3:TrackPointExtension>
            <ns3:hr>156</ns3:hr>
            <ns3:cad>84</ns3:cad>
          </ns3:TrackPointExtension>
        </extensions>
      </trkpt>
      <trkpt lat="31.28140521235764026641845703125" lon="121.36912853457033634185791015625">
        <ele>-2.2000000476837158203125</ele>
        <time>2026-06-06T06:32:46.000Z</time>
        <extensions>
          <ns3:TrackPointExtension>
            <ns3:hr>156</ns3:hr>
            <ns3:cad>84</ns3:cad>
          </ns3:TrackPointExtension>
        </extensions>
      </trkpt>
      <trkpt lat="31.2813767977058887481689453125" lon="121.3691259361803531646728515625">
        <ele>-2.2000000476837158203125</ele>
        <time>2026-06-06T06:32:47.000Z</time>
        <extensions>
          <ns3:TrackPointExtension>
            <ns3:hr>156</ns3:hr>
            <ns3:cad>84</ns3:cad>
          </ns3:TrackPointExtension>
        </extensions>
      </trkpt>
      <trkpt lat="31.28135089762508869171142578125" lon="121.36912384070456027984619140625">
        <ele>-2.400000095367431640625</ele>
        <time>2026-06-06T06:32:48.000Z</time>
        <extensions>
          <ns3:TrackPointExtension>
            <ns3:hr>156</ns3:hr>
            <ns3:cad>84</ns3:cad>
          </ns3:TrackPointExtension>
        </extensions>
      </trkpt>
      <trkpt lat="31.28132340498268604278564453125" lon="121.3691222481429576873779296875">
        <ele>-2.400000095367431640625</ele>
        <time>2026-06-06T06:32:49.000Z</time>
        <extensions>
          <ns3:TrackPointExtension>
            <ns3:hr>156</ns3:hr>
            <ns3:cad>84</ns3:cad>
          </ns3:TrackPointExtension>
        </extensions>
      </trkpt>
      <trkpt lat="31.28129825927317142486572265625" lon="121.369123756885528564453125">
        <ele>-2.400000095367431640625</ele>
        <time>2026-06-06T06:32:50.000Z</time>
        <extensions>
          <ns3:TrackPointExtension>
            <ns3:hr>156</ns3:hr>
            <ns3:cad>84</ns3:cad>
          </ns3:TrackPointExtension>
        </extensions>
      </trkpt>
      <trkpt lat="31.28127126954495906829833984375" lon="121.36912350542843341827392578125">
        <ele>-2.400000095367431640625</ele>
        <time>2026-06-06T06:32:51.000Z</time>
        <extensions>
          <ns3:TrackPointExtension>
            <ns3:hr>156</ns3:hr>
            <ns3:cad>84</ns3:cad>
          </ns3:TrackPointExtension>
        </extensions>
      </trkpt>
      <trkpt lat="31.28124310635030269622802734375" lon="121.369122751057147979736328125">
        <ele>-2.400000095367431640625</ele>
        <time>2026-06-06T06:32:52.000Z</time>
        <extensions>
          <ns3:TrackPointExtension>
            <ns3:hr>156</ns3:hr>
            <ns3:cad>84</ns3:cad>
          </ns3:TrackPointExtension>
        </extensions>
      </trkpt>
      <trkpt lat="31.281216703355312347412109375" lon="121.36912442743778228759765625">
        <ele>-2.2000000476837158203125</ele>
        <time>2026-06-06T06:32:53.000Z</time>
        <extensions>
          <ns3:TrackPointExtension>
            <ns3:hr>155</ns3:hr>
            <ns3:cad>83</ns3:cad>
          </ns3:TrackPointExtension>
        </extensions>
      </trkpt>
      <trkpt lat="31.2811880372464656829833984375" lon="121.36912576854228973388671875">
        <ele>-2.2000000476837158203125</ele>
        <time>2026-06-06T06:32:54.000Z</time>
        <extensions>
          <ns3:TrackPointExtension>
            <ns3:hr>155</ns3:hr>
            <ns3:cad>83</ns3:cad>
          </ns3:TrackPointExtension>
        </extensions>
      </trkpt>
      <trkpt lat="31.28116004168987274169921875" lon="121.36912970803678035736083984375">
        <ele>-2.2000000476837158203125</ele>
        <time>2026-06-06T06:32:55.000Z</time>
        <extensions>
          <ns3:TrackPointExtension>
            <ns3:hr>155</ns3:hr>
            <ns3:cad>83</ns3:cad>
          </ns3:TrackPointExtension>
        </extensions>
      </trkpt>
      <trkpt lat="31.28113145940005779266357421875" lon="121.36913272552192211151123046875">
        <ele>-2.2000000476837158203125</ele>
        <time>2026-06-06T06:32:56.000Z</time>
        <extensions>
          <ns3:TrackPointExtension>
            <ns3:hr>155</ns3:hr>
            <ns3:cad>83</ns3:cad>
          </ns3:TrackPointExtension>
        </extensions>
      </trkpt>
      <trkpt lat="31.28110597841441631317138671875" lon="121.36913783848285675048828125">
        <ele>-2.2000000476837158203125</ele>
        <time>2026-06-06T06:32:57.000Z</time>
        <extensions>
          <ns3:TrackPointExtension>
            <ns3:hr>155</ns3:hr>
            <ns3:cad>84</ns3:cad>
          </ns3:TrackPointExtension>
        </extensions>
      </trkpt>
      <trkpt lat="31.2810820899903774261474609375" lon="121.369146890938282012939453125">
        <ele>-2.2000000476837158203125</ele>
        <time>2026-06-06T06:32:58.000Z</time>
        <extensions>
          <ns3:TrackPointExtension>
            <ns3:hr>155</ns3:hr>
            <ns3:cad>84</ns3:cad>
          </ns3:TrackPointExtension>
        </extensions>
      </trkpt>
      <trkpt lat="31.28105618990957736968994140625" lon="121.36915502138435840606689453125">
        <ele>-2.2000000476837158203125</ele>
        <time>2026-06-06T06:32:59.000Z</time>
        <extensions>
          <ns3:TrackPointExtension>
            <ns3:hr>155</ns3:hr>
            <ns3:cad>84</ns3:cad>
          </ns3:TrackPointExtension>
        </extensions>
      </trkpt>
      <trkpt lat="31.28103154711425304412841796875" lon="121.36916390620172023773193359375">
        <ele>-2.2000000476837158203125</ele>
        <time>2026-06-06T06:33:00.000Z</time>
        <extensions>
          <ns3:TrackPointExtension>
            <ns3:hr>155</ns3:hr>
            <ns3:cad>84</ns3:cad>
          </ns3:TrackPointExtension>
        </extensions>
      </trkpt>
      <trkpt lat="31.2810066528618335723876953125" lon="121.36917807161808013916015625">
        <ele>-2.2000000476837158203125</ele>
        <time>2026-06-06T06:33:01.000Z</time>
        <extensions>
          <ns3:TrackPointExtension>
            <ns3:hr>155</ns3:hr>
            <ns3:cad>84</ns3:cad>
          </ns3:TrackPointExtension>
        </extensions>
      </trkpt>
      <trkpt lat="31.28098159097135066986083984375" lon="121.36919123120605945587158203125">
        <ele>-2.2000000476837158203125</ele>
        <time>2026-06-06T06:33:02.000Z</time>
        <extensions>
          <ns3:TrackPointExtension>
            <ns3:hr>155</ns3:hr>
            <ns3:cad>84</ns3:cad>
          </ns3:TrackPointExtension>
        </extensions>
      </trkpt>
      <trkpt lat="31.28095963038504123687744140625" lon="121.369208581745624542236328125">
        <ele>-2.2000000476837158203125</ele>
        <time>2026-06-06T06:33:03.000Z</time>
        <extensions>
          <ns3:TrackPointExtension>
            <ns3:hr>155</ns3:hr>
            <ns3:cad>83</ns3:cad>
          </ns3:TrackPointExtension>
        </extensions>
      </trkpt>
      <trkpt lat="31.28093431703746318817138671875" lon="121.36923037469387054443359375">
        <ele>-2.2000000476837158203125</ele>
        <time>2026-06-06T06:33:04.000Z</time>
        <extensions>
          <ns3:TrackPointExtension>
            <ns3:hr>155</ns3:hr>
            <ns3:cad>83</ns3:cad>
          </ns3:TrackPointExtension>
        </extensions>
      </trkpt>
      <trkpt lat="31.2809110991656780242919921875" lon="121.3692486472427845001220703125">
        <ele>-2.2000000476837158203125</ele>
        <time>2026-06-06T06:33:05.000Z</time>
        <extensions>
          <ns3:TrackPointExtension>
            <ns3:hr>155</ns3:hr>
            <ns3:cad>83</ns3:cad>
          </ns3:TrackPointExtension>
        </extensions>
      </trkpt>
      <trkpt lat="31.28088905476033687591552734375" lon="121.369269602000713348388671875">
        <ele>-2.400000095367431640625</ele>
        <time>2026-06-06T06:33:06.000Z</time>
        <extensions>
          <ns3:TrackPointExtension>
            <ns3:hr>155</ns3:hr>
            <ns3:cad>83</ns3:cad>
          </ns3:TrackPointExtension>
        </extensions>
      </trkpt>
      <trkpt lat="31.280868016183376312255859375" lon="121.3692905567586421966552734375">
        <ele>-2.400000095367431640625</ele>
        <time>2026-06-06T06:33:07.000Z</time>
        <extensions>
          <ns3:TrackPointExtension>
            <ns3:hr>155</ns3:hr>
            <ns3:cad>84</ns3:cad>
          </ns3:TrackPointExtension>
        </extensions>
      </trkpt>
      <trkpt lat="31.2808463908731937408447265625" lon="121.3693126849830150604248046875">
        <ele>-2.2000000476837158203125</ele>
        <time>2026-06-06T06:33:08.000Z</time>
        <extensions>
          <ns3:TrackPointExtension>
            <ns3:hr>155</ns3:hr>
            <ns3:cad>84</ns3:cad>
          </ns3:TrackPointExtension>
        </extensions>
      </trkpt>
      <trkpt lat="31.280825436115264892578125" lon="121.36933229863643646240234375">
        <ele>-2.2000000476837158203125</ele>
        <time>2026-06-06T06:33:09.000Z</time>
        <extensions>
          <ns3:TrackPointExtension>
            <ns3:hr>155</ns3:hr>
            <ns3:cad>84</ns3:cad>
          </ns3:TrackPointExtension>
        </extensions>
      </trkpt>
      <trkpt lat="31.280803643167018890380859375" lon="121.36935132555663585662841796875">
        <ele>-2.2000000476837158203125</ele>
        <time>2026-06-06T06:33:10.000Z</time>
        <extensions>
          <ns3:TrackPointExtension>
            <ns3:hr>156</ns3:hr>
            <ns3:cad>84</ns3:cad>
          </ns3:TrackPointExtension>
        </extensions>
      </trkpt>
      <trkpt lat="31.280786879360675811767578125" lon="121.369372867047786712646484375">
        <ele>-2</ele>
        <time>2026-06-06T06:33:11.000Z</time>
        <extensions>
          <ns3:TrackPointExtension>
            <ns3:hr>156</ns3:hr>
            <ns3:cad>84</ns3:cad>
          </ns3:TrackPointExtension>
        </extensions>
      </trkpt>
      <trkpt lat="31.28076684661209583282470703125" lon="121.3693911395967006683349609375">
        <ele>-2</ele>
        <time>2026-06-06T06:33:12.000Z</time>
        <extensions>
          <ns3:TrackPointExtension>
            <ns3:hr>156</ns3:hr>
            <ns3:cad>84</ns3:cad>
          </ns3:TrackPointExtension>
        </extensions>
      </trkpt>
      <trkpt lat="31.28074555657804012298583984375" lon="121.369412429630756378173828125">
        <ele>-2</ele>
        <time>2026-06-06T06:33:13.000Z</time>
        <extensions>
          <ns3:TrackPointExtension>
            <ns3:hr>156</ns3:hr>
            <ns3:cad>84</ns3:cad>
          </ns3:TrackPointExtension>
        </extensions>
      </trkpt>
      <trkpt lat="31.2807176448404788970947265625" lon="121.36942156590521335601806640625">
        <ele>-2</ele>
        <time>2026-06-06T06:33:14.000Z</time>
        <extensions>
          <ns3:TrackPointExtension>
            <ns3:hr>156</ns3:hr>
            <ns3:cad>83</ns3:cad>
          </ns3:TrackPointExtension>
        </extensions>
      </trkpt>
      <trkpt lat="31.280688308179378509521484375" lon="121.3694146089255809783935546875">
        <ele>-1.7999999523162841796875</ele>
        <time>2026-06-06T06:33:15.000Z</time>
        <extensions>
          <ns3:TrackPointExtension>
            <ns3:hr>156</ns3:hr>
            <ns3:cad>83</ns3:cad>
          </ns3:TrackPointExtension>
        </extensions>
      </trkpt>
      <trkpt lat="31.28066458739340305328369140625" lon="121.36939642019569873809814453125">
        <ele>-1.7999999523162841796875</ele>
        <time>2026-06-06T06:33:16.000Z</time>
        <extensions>
          <ns3:TrackPointExtension>
            <ns3:hr>156</ns3:hr>
            <ns3:cad>82</ns3:cad>
          </ns3:TrackPointExtension>
        </extensions>
      </trkpt>
      <trkpt lat="31.28064564429223537445068359375" lon="121.36937395669519901275634765625">
        <ele>-1.7999999523162841796875</ele>
        <time>2026-06-06T06:33:17.000Z</time>
        <extensions>
          <ns3:TrackPointExtension>
            <ns3:hr>156</ns3:hr>
            <ns3:cad>81</ns3:cad>
          </ns3:TrackPointExtension>
        </extensions>
      </trkpt>
      <trkpt lat="31.28062988631427288055419921875" lon="121.36934847570955753326416015625">
        <ele>-1.60000002384185791015625</ele>
        <time>2026-06-06T06:33:18.000Z</time>
        <extensions>
          <ns3:TrackPointExtension>
            <ns3:hr>156</ns3:hr>
            <ns3:cad>79</ns3:cad>
          </ns3:TrackPointExtension>
        </extensions>
      </trkpt>
      <trkpt lat="31.28061429597437381744384765625" lon="121.36932685039937496185302734375">
        <ele>-1.7999999523162841796875</ele>
        <time>2026-06-06T06:33:19.000Z</time>
        <extensions>
          <ns3:TrackPointExtension>
            <ns3:hr>156</ns3:hr>
            <ns3:cad>79</ns3:cad>
          </ns3:TrackPointExtension>
        </extensions>
      </trkpt>
      <trkpt lat="31.28059602342545986175537109375" lon="121.369301788508892059326171875">
        <ele>-1.60000002384185791015625</ele>
        <time>2026-06-06T06:33:20.000Z</time>
        <extensions>
          <ns3:TrackPointExtension>
            <ns3:hr>156</ns3:hr>
            <ns3:cad>79</ns3:cad>
          </ns3:TrackPointExtension>
        </extensions>
      </trkpt>
      <trkpt lat="31.28058093599975109100341796875" lon="121.369275636970996856689453125">
        <ele>-1.60000002384185791015625</ele>
        <time>2026-06-06T06:33:21.000Z</time>
        <extensions>
          <ns3:TrackPointExtension>
            <ns3:hr>156</ns3:hr>
            <ns3:cad>80</ns3:cad>
          </ns3:TrackPointExtension>
        </extensions>
      </trkpt>
      <trkpt lat="31.28056551329791545867919921875" lon="121.36924705468118190765380859375">
        <ele>-1.60000002384185791015625</ele>
        <time>2026-06-06T06:33:22.000Z</time>
        <extensions>
          <ns3:TrackPointExtension>
            <ns3:hr>156</ns3:hr>
            <ns3:cad>82</ns3:cad>
          </ns3:TrackPointExtension>
        </extensions>
      </trkpt>
      <trkpt lat="31.2805493362247943878173828125" lon="121.369220651686191558837890625">
        <ele>-1.60000002384185791015625</ele>
        <time>2026-06-06T06:33:23.000Z</time>
        <extensions>
          <ns3:TrackPointExtension>
            <ns3:hr>156</ns3:hr>
            <ns3:cad>82</ns3:cad>
          </ns3:TrackPointExtension>
        </extensions>
      </trkpt>
      <trkpt lat="31.28053450025618076324462890625" lon="121.36919860728085041046142578125">
        <ele>-1.60000002384185791015625</ele>
        <time>2026-06-06T06:33:24.000Z</time>
        <extensions>
          <ns3:TrackPointExtension>
            <ns3:hr>156</ns3:hr>
            <ns3:cad>83</ns3:cad>
          </ns3:TrackPointExtension>
        </extensions>
      </trkpt>
      <trkpt lat="31.28051974810659885406494140625" lon="121.3691738806664943695068359375">
        <ele>-1.60000002384185791015625</ele>
        <time>2026-06-06T06:33:25.000Z</time>
        <extensions>
          <ns3:TrackPointExtension>
            <ns3:hr>157</ns3:hr>
            <ns3:cad>84</ns3:cad>
          </ns3:TrackPointExtension>
        </extensions>
      </trkpt>
      <trkpt lat="31.28050147555768489837646484375" lon="121.36915150098502635955810546875">
        <ele>-1.60000002384185791015625</ele>
        <time>2026-06-06T06:33:26.000Z</time>
        <extensions>
          <ns3:TrackPointExtension>
            <ns3:hr>156</ns3:hr>
            <ns3:cad>84</ns3:cad>
          </ns3:TrackPointExtension>
        </extensions>
      </trkpt>
      <trkpt lat="31.280482113361358642578125" lon="121.36912635527551174163818359375">
        <ele>-1.60000002384185791015625</ele>
        <time>2026-06-06T06:33:27.000Z</time>
        <extensions>
          <ns3:TrackPointExtension>
            <ns3:hr>156</ns3:hr>
            <ns3:cad>84</ns3:cad>
          </ns3:TrackPointExtension>
        </extensions>
      </trkpt>
      <trkpt lat="31.28046141006052494049072265625" lon="121.36910489760339260101318359375">
        <ele>-1.60000002384185791015625</ele>
        <time>2026-06-06T06:33:28.000Z</time>
        <extensions>
          <ns3:TrackPointExtension>
            <ns3:hr>156</ns3:hr>
            <ns3:cad>85</ns3:cad>
          </ns3:TrackPointExtension>
        </extensions>
      </trkpt>
      <trkpt lat="31.28044246695935726165771484375" lon="121.36908193118870258331298828125">
        <ele>-1.60000002384185791015625</ele>
        <time>2026-06-06T06:33:29.000Z</time>
        <extensions>
          <ns3:TrackPointExtension>
            <ns3:hr>156</ns3:hr>
            <ns3:cad>85</ns3:cad>
          </ns3:TrackPointExtension>
        </extensions>
      </trkpt>
      <trkpt lat="31.2804217636585235595703125" lon="121.36905795894563198089599609375">
        <ele>-1.60000002384185791015625</ele>
        <time>2026-06-06T06:33:30.000Z</time>
        <extensions>
          <ns3:TrackPointExtension>
            <ns3:hr>156</ns3:hr>
            <ns3:cad>85</ns3:cad>
          </ns3:TrackPointExtension>
        </extensions>
      </trkpt>
      <trkpt lat="31.28039921633899211883544921875" lon="121.3690384291112422943115234375">
        <ele>-1.60000002384185791015625</ele>
        <time>2026-06-06T06:33:31.000Z</time>
        <extensions>
          <ns3:TrackPointExtension>
            <ns3:hr>157</ns3:hr>
            <ns3:cad>84</ns3:cad>
          </ns3:TrackPointExtension>
        </extensions>
      </trkpt>
      <trkpt lat="31.28037977032363414764404296875" lon="121.36901671998202800750732421875">
        <ele>-1.60000002384185791015625</ele>
        <time>2026-06-06T06:33:32.000Z</time>
        <extensions>
          <ns3:TrackPointExtension>
            <ns3:hr>156</ns3:hr>
            <ns3:cad>84</ns3:cad>
          </ns3:TrackPointExtension>
        </extensions>
      </trkpt>
      <trkpt lat="31.28035931847989559173583984375" lon="121.36899174191057682037353515625">
        <ele>-1.60000002384185791015625</ele>
        <time>2026-06-06T06:33:33.000Z</time>
        <extensions>
          <ns3:TrackPointExtension>
            <ns3:hr>156</ns3:hr>
            <ns3:cad>84</ns3:cad>
          </ns3:TrackPointExtension>
        </extensions>
      </trkpt>
      <trkpt lat="31.280339621007442474365234375" lon="121.36896894313395023345947265625">
        <ele>-1.60000002384185791015625</ele>
        <time>2026-06-06T06:33:34.000Z</time>
        <extensions>
          <ns3:TrackPointExtension>
            <ns3:hr>156</ns3:hr>
            <ns3:cad>84</ns3:cad>
          </ns3:TrackPointExtension>
        </extensions>
      </trkpt>
      <trkpt lat="31.2803179956972599029541015625" lon="121.36894564144313335418701171875">
        <ele>-1.7999999523162841796875</ele>
        <time>2026-06-06T06:33:35.000Z</time>
        <extensions>
          <ns3:TrackPointExtension>
            <ns3:hr>156</ns3:hr>
            <ns3:cad>84</ns3:cad>
          </ns3:TrackPointExtension>
        </extensions>
      </trkpt>
      <trkpt lat="31.28029771149158477783203125" lon="121.3689237646758556365966796875">
        <ele>-1.7999999523162841796875</ele>
        <time>2026-06-06T06:33:36.000Z</time>
        <extensions>
          <ns3:TrackPointExtension>
            <ns3:hr>157</ns3:hr>
            <ns3:cad>84</ns3:cad>
          </ns3:TrackPointExtension>
        </extensions>
      </trkpt>
      <trkpt lat="31.28027348779141902923583984375" lon="121.3689036481082439422607421875">
        <ele>-1.7999999523162841796875</ele>
        <time>2026-06-06T06:33:37.000Z</time>
        <extensions>
          <ns3:TrackPointExtension>
            <ns3:hr>156</ns3:hr>
            <ns3:cad>84</ns3:cad>
          </ns3:TrackPointExtension>
        </extensions>
      </trkpt>
      <trkpt lat="31.28024943172931671142578125" lon="121.3688808493316173553466796875">
        <ele>-2</ele>
        <time>2026-06-06T06:33:38.000Z</time>
        <extensions>
          <ns3:TrackPointExtension>
            <ns3:hr>156</ns3:hr>
            <ns3:cad>83</ns3:cad>
          </ns3:TrackPointExtension>
        </extensions>
      </trkpt>
      <trkpt lat="31.28022487275302410125732421875" lon="121.36886182241141796112060546875">
        <ele>-2</ele>
        <time>2026-06-06T06:33:39.000Z</time>
        <extensions>
          <ns3:TrackPointExtension>
            <ns3:hr>156</ns3:hr>
            <ns3:cad>83</ns3:cad>
          </ns3:TrackPointExtension>
        </extensions>
      </trkpt>
      <trkpt lat="31.2802016548812389373779296875" lon="121.36884338222444057464599609375">
        <ele>-2</ele>
        <time>2026-06-06T06:33:40.000Z</time>
        <extensions>
          <ns3:TrackPointExtension>
            <ns3:hr>156</ns3:hr>
            <ns3:cad>83</ns3:cad>
          </ns3:TrackPointExtension>
        </extensions>
      </trkpt>
      <trkpt lat="31.280178017914295196533203125" lon="121.36882779188454151153564453125">
        <ele>-2</ele>
        <time>2026-06-06T06:33:41.000Z</time>
        <extensions>
          <ns3:TrackPointExtension>
            <ns3:hr>156</ns3:hr>
            <ns3:cad>83</ns3:cad>
          </ns3:TrackPointExtension>
        </extensions>
      </trkpt>
      <trkpt lat="31.280153207480907440185546875" lon="121.368816979229450225830078125">
        <ele>-2</ele>
        <time>2026-06-06T06:33:42.000Z</time>
        <extensions>
          <ns3:TrackPointExtension>
            <ns3:hr>156</ns3:hr>
            <ns3:cad>83</ns3:cad>
          </ns3:TrackPointExtension>
        </extensions>
      </trkpt>
      <trkpt lat="31.28012982197105884552001953125" lon="121.36880700476467609405517578125">
        <ele>-2</ele>
        <time>2026-06-06T06:33:43.000Z</time>
        <extensions>
          <ns3:TrackPointExtension>
            <ns3:hr>156</ns3:hr>
            <ns3:cad>84</ns3:cad>
          </ns3:TrackPointExtension>
        </extensions>
      </trkpt>
      <trkpt lat="31.28010450862348079681396484375" lon="121.3687992095947265625">
        <ele>-2</ele>
        <time>2026-06-06T06:33:44.000Z</time>
        <extensions>
          <ns3:TrackPointExtension>
            <ns3:hr>157</ns3:hr>
            <ns3:cad>84</ns3:cad>
          </ns3:TrackPointExtension>
        </extensions>
      </trkpt>
      <trkpt lat="31.28007768653333187103271484375" lon="121.36879744939506053924560546875">
        <ele>-2.2000000476837158203125</ele>
        <time>2026-06-06T06:33:45.000Z</time>
        <extensions>
          <ns3:TrackPointExtension>
            <ns3:hr>156</ns3:hr>
            <ns3:cad>84</ns3:cad>
          </ns3:TrackPointExtension>
        </extensions>
      </trkpt>
      <trkpt lat="31.28005254082381725311279296875" lon="121.3687909953296184539794921875">
        <ele>-2.2000000476837158203125</ele>
        <time>2026-06-06T06:33:46.000Z</time>
        <extensions>
          <ns3:TrackPointExtension>
            <ns3:hr>156</ns3:hr>
            <ns3:cad>84</ns3:cad>
          </ns3:TrackPointExtension>
        </extensions>
      </trkpt>
      <trkpt lat="31.2800269760191440582275390625" lon="121.3687842898070812225341796875">
        <ele>-2.2000000476837158203125</ele>
        <time>2026-06-06T06:33:47.000Z</time>
        <extensions>
          <ns3:TrackPointExtension>
            <ns3:hr>156</ns3:hr>
            <ns3:cad>84</ns3:cad>
          </ns3:TrackPointExtension>
        </extensions>
      </trkpt>
      <trkpt lat="31.279999651014804840087890625" lon="121.368780098855495452880859375">
        <ele>-2.2000000476837158203125</ele>
        <time>2026-06-06T06:33:48.000Z</time>
        <extensions>
          <ns3:TrackPointExtension>
            <ns3:hr>156</ns3:hr>
            <ns3:cad>84</ns3:cad>
          </ns3:TrackPointExtension>
        </extensions>
      </trkpt>
      <trkpt lat="31.279974840581417083740234375" lon="121.36877917684614658355712890625">
        <ele>-2.2000000476837158203125</ele>
        <time>2026-06-06T06:33:49.000Z</time>
        <extensions>
          <ns3:TrackPointExtension>
            <ns3:hr>156</ns3:hr>
            <ns3:cad>84</ns3:cad>
          </ns3:TrackPointExtension>
        </extensions>
      </trkpt>
      <trkpt lat="31.27994592301547527313232421875" lon="121.3687836192548274993896484375">
        <ele>-2.400000095367431640625</ele>
        <time>2026-06-06T06:33:50.000Z</time>
        <extensions>
          <ns3:TrackPointExtension>
            <ns3:hr>156</ns3:hr>
            <ns3:cad>83</ns3:cad>
          </ns3:TrackPointExtension>
        </extensions>
      </trkpt>
      <trkpt lat="31.27991826273500919342041015625" lon="121.3687883131206035614013671875">
        <ele>-2.400000095367431640625</ele>
        <time>2026-06-06T06:33:51.000Z</time>
        <extensions>
          <ns3:TrackPointExtension>
            <ns3:hr>156</ns3:hr>
            <ns3:cad>83</ns3:cad>
          </ns3:TrackPointExtension>
        </extensions>
      </trkpt>
      <trkpt lat="31.27989144064486026763916015625" lon="121.3687987066805362701416015625">
        <ele>-2.400000095367431640625</ele>
        <time>2026-06-06T06:33:52.000Z</time>
        <extensions>
          <ns3:TrackPointExtension>
            <ns3:hr>156</ns3:hr>
            <ns3:cad>83</ns3:cad>
          </ns3:TrackPointExtension>
        </extensions>
      </trkpt>
      <trkpt lat="31.27986579202115535736083984375" lon="121.368810273706912994384765625">
        <ele>-2.400000095367431640625</ele>
        <time>2026-06-06T06:33:53.000Z</time>
        <extensions>
          <ns3:TrackPointExtension>
            <ns3:hr>156</ns3:hr>
            <ns3:cad>83</ns3:cad>
          </ns3:TrackPointExtension>
        </extensions>
      </trkpt>
      <trkpt lat="31.27984098158776760101318359375" lon="121.3688241876661777496337890625">
        <ele>-2.2000000476837158203125</ele>
        <time>2026-06-06T06:33:54.000Z</time>
        <extensions>
          <ns3:TrackPointExtension>
            <ns3:hr>156</ns3:hr>
            <ns3:cad>83</ns3:cad>
          </ns3:TrackPointExtension>
        </extensions>
      </trkpt>
      <trkpt lat="31.27981717698276042938232421875" lon="121.36884413659572601318359375">
        <ele>-2.2000000476837158203125</ele>
        <time>2026-06-06T06:33:55.000Z</time>
        <extensions>
          <ns3:TrackPointExtension>
            <ns3:hr>156</ns3:hr>
            <ns3:cad>84</ns3:cad>
          </ns3:TrackPointExtension>
        </extensions>
      </trkpt>
      <trkpt lat="31.27979622222483158111572265625" lon="121.36886802501976490020751953125">
        <ele>-2</ele>
        <time>2026-06-06T06:33:56.000Z</time>
        <extensions>
          <ns3:TrackPointExtension>
            <ns3:hr>157</ns3:hr>
            <ns3:cad>84</ns3:cad>
          </ns3:TrackPointExtension>
        </extensions>
      </trkpt>
      <trkpt lat="31.27977602183818817138671875" lon="121.3688929192721843719482421875">
        <ele>-2</ele>
        <time>2026-06-06T06:33:57.000Z</time>
        <extensions>
          <ns3:TrackPointExtension>
            <ns3:hr>157</ns3:hr>
            <ns3:cad>84</ns3:cad>
          </ns3:TrackPointExtension>
        </extensions>
      </trkpt>
      <trkpt lat="31.27975682727992534637451171875" lon="121.36891412548720836639404296875">
        <ele>-2</ele>
        <time>2026-06-06T06:33:58.000Z</time>
        <extensions>
          <ns3:TrackPointExtension>
            <ns3:hr>157</ns3:hr>
            <ns3:cad>84</ns3:cad>
          </ns3:TrackPointExtension>
        </extensions>
      </trkpt>
      <trkpt lat="31.2797416560351848602294921875" lon="121.3689401932060718536376953125">
        <ele>-1.7999999523162841796875</ele>
        <time>2026-06-06T06:33:59.000Z</time>
        <extensions>
          <ns3:TrackPointExtension>
            <ns3:hr>157</ns3:hr>
            <ns3:cad>84</ns3:cad>
          </ns3:TrackPointExtension>
        </extensions>
      </trkpt>
      <trkpt lat="31.27972698770463466644287109375" lon="121.3689700327813625335693359375">
        <ele>-1.7999999523162841796875</ele>
        <time>2026-06-06T06:34:00.000Z</time>
        <extensions>
          <ns3:TrackPointExtension>
            <ns3:hr>157</ns3:hr>
            <ns3:cad>84</ns3:cad>
          </ns3:TrackPointExtension>
        </extensions>
      </trkpt>
      <trkpt lat="31.27971039153635501861572265625" lon="121.36899643577635288238525390625">
        <ele>-1.7999999523162841796875</ele>
        <time>2026-06-06T06:34:01.000Z</time>
        <extensions>
          <ns3:TrackPointExtension>
            <ns3:hr>157</ns3:hr>
            <ns3:cad>84</ns3:cad>
          </ns3:TrackPointExtension>
        </extensions>
      </trkpt>
      <trkpt lat="31.27969714812934398651123046875" lon="121.3690204918384552001953125">
        <ele>-1.60000002384185791015625</ele>
        <time>2026-06-06T06:34:02.000Z</time>
        <extensions>
          <ns3:TrackPointExtension>
            <ns3:hr>158</ns3:hr>
            <ns3:cad>84</ns3:cad>
          </ns3:TrackPointExtension>
        </extensions>
      </trkpt>
      <trkpt lat="31.2796880118548870086669921875" lon="121.36904890649020671844482421875">
        <ele>-1.60000002384185791015625</ele>
        <time>2026-06-06T06:34:03.000Z</time>
        <extensions>
          <ns3:TrackPointExtension>
            <ns3:hr>158</ns3:hr>
            <ns3:cad>84</ns3:cad>
          </ns3:TrackPointExtension>
        </extensions>
      </trkpt>
      <trkpt lat="31.27967946231365203857421875" lon="121.36907874606549739837646484375">
        <ele>-1.39999997615814208984375</ele>
        <time>2026-06-06T06:34:04.000Z</time>
        <extensions>
          <ns3:TrackPointExtension>
            <ns3:hr>157</ns3:hr>
            <ns3:cad>84</ns3:cad>
          </ns3:TrackPointExtension>
        </extensions>
      </trkpt>
      <trkpt lat="31.279669068753719329833984375" lon="121.3691095076501369476318359375">
        <ele>-1.39999997615814208984375</ele>
        <time>2026-06-06T06:34:05.000Z</time>
        <extensions>
          <ns3:TrackPointExtension>
            <ns3:hr>158</ns3:hr>
            <ns3:cad>84</ns3:cad>
          </ns3:TrackPointExtension>
        </extensions>
      </trkpt>
      <trkpt lat="31.2796558253467082977294921875" lon="121.36914093978703022003173828125">
        <ele>-1.2000000476837158203125</ele>
        <time>2026-06-06T06:34:06.000Z</time>
        <extensions>
          <ns3:TrackPointExtension>
            <ns3:hr>158</ns3:hr>
            <ns3:cad>84</ns3:cad>
          </ns3:TrackPointExtension>
        </extensions>
      </trkpt>
      <trkpt lat="31.279647611081600189208984375" lon="121.369177065789699554443359375">
        <ele>-1.2000000476837158203125</ele>
        <time>2026-06-06T06:34:07.000Z</time>
        <extensions>
          <ns3:TrackPointExtension>
            <ns3:hr>158</ns3:hr>
            <ns3:cad>84</ns3:cad>
          </ns3:TrackPointExtension>
        </extensions>
      </trkpt>
      <trkpt lat="31.27963914535939693450927734375" lon="121.3692117668688297271728515625">
        <ele>-1.2000000476837158203125</ele>
        <time>2026-06-06T06:34:08.000Z</time>
        <extensions>
          <ns3:TrackPointExtension>
            <ns3:hr>158</ns3:hr>
            <ns3:cad>84</ns3:cad>
          </ns3:TrackPointExtension>
        </extensions>
      </trkpt>
      <trkpt lat="31.27962992526590824127197265625" lon="121.36924252845346927642822265625">
        <ele>-1.2000000476837158203125</ele>
        <time>2026-06-06T06:34:09.000Z</time>
        <extensions>
          <ns3:TrackPointExtension>
            <ns3:hr>158</ns3:hr>
            <ns3:cad>84</ns3:cad>
          </ns3:TrackPointExtension>
        </extensions>
      </trkpt>
      <trkpt lat="31.27962171100080013275146484375" lon="121.36927337385714054107666015625">
        <ele>-1.2000000476837158203125</ele>
        <time>2026-06-06T06:34:10.000Z</time>
        <extensions>
          <ns3:TrackPointExtension>
            <ns3:hr>158</ns3:hr>
            <ns3:cad>83</ns3:cad>
          </ns3:TrackPointExtension>
        </extensions>
      </trkpt>
      <trkpt lat="31.27961198799312114715576171875" lon="121.3693053089082241058349609375">
        <ele>-1.2000000476837158203125</ele>
        <time>2026-06-06T06:34:11.000Z</time>
        <extensions>
          <ns3:TrackPointExtension>
            <ns3:hr>158</ns3:hr>
            <ns3:cad>82</ns3:cad>
          </ns3:TrackPointExtension>
        </extensions>
      </trkpt>
      <trkpt lat="31.27960260026156902313232421875" lon="121.36933707632124423980712890625">
        <ele>-1.2000000476837158203125</ele>
        <time>2026-06-06T06:34:12.000Z</time>
        <extensions>
          <ns3:TrackPointExtension>
            <ns3:hr>158</ns3:hr>
            <ns3:cad>82</ns3:cad>
          </ns3:TrackPointExtension>
        </extensions>
      </trkpt>
      <trkpt lat="31.2795914523303508758544921875" lon="121.36937479488551616668701171875">
        <ele>-1.39999997615814208984375</ele>
        <time>2026-06-06T06:34:13.000Z</time>
        <extensions>
          <ns3:TrackPointExtension>
            <ns3:hr>158</ns3:hr>
            <ns3:cad>81</ns3:cad>
          </ns3:TrackPointExtension>
        </extensions>
      </trkpt>
      <trkpt lat="31.2795736826956272125244140625" lon="121.3694115914404392242431640625">
        <ele>-1.60000002384185791015625</ele>
        <time>2026-06-06T06:34:14.000Z</time>
        <extensions>
          <ns3:TrackPointExtension>
            <ns3:hr>158</ns3:hr>
            <ns3:cad>81</ns3:cad>
          </ns3:TrackPointExtension>
        </extensions>
      </trkpt>
      <trkpt lat="31.2795532308518886566162109375" lon="121.3694442808628082275390625">
        <ele>-1.7999999523162841796875</ele>
        <time>2026-06-06T06:34:15.000Z</time>
        <extensions>
          <ns3:TrackPointExtension>
            <ns3:hr>158</ns3:hr>
            <ns3:cad>81</ns3:cad>
          </ns3:TrackPointExtension>
        </extensions>
      </trkpt>
      <trkpt lat="31.279526241123676300048828125" lon="121.3694630563259124755859375">
        <ele>-1.7999999523162841796875</ele>
        <time>2026-06-06T06:34:16.000Z</time>
        <extensions>
          <ns3:TrackPointExtension>
            <ns3:hr>158</ns3:hr>
            <ns3:cad>81</ns3:cad>
          </ns3:TrackPointExtension>
        </extensions>
      </trkpt>
      <trkpt lat="31.27949765883386135101318359375" lon="121.3694628886878490447998046875">
        <ele>-1.7999999523162841796875</ele>
        <time>2026-06-06T06:34:17.000Z</time>
        <extensions>
          <ns3:TrackPointExtension>
            <ns3:hr>158</ns3:hr>
            <ns3:cad>82</ns3:cad>
          </ns3:TrackPointExtension>
        </extensions>
      </trkpt>
      <trkpt lat="31.27947402186691761016845703125" lon="121.36945157311856746673583984375">
        <ele>-1.7999999523162841796875</ele>
        <time>2026-06-06T06:34:18.000Z</time>
        <extensions>
          <ns3:TrackPointExtension>
            <ns3:hr>158</ns3:hr>
            <ns3:cad>82</ns3:cad>
          </ns3:TrackPointExtension>
        </extensions>
      </trkpt>
      <trkpt lat="31.2794546596705913543701171875" lon="121.36942307464778423309326171875">
        <ele>-1.7999999523162841796875</ele>
        <time>2026-06-06T06:34:19.000Z</time>
        <extensions>
          <ns3:TrackPointExtension>
            <ns3:hr>158</ns3:hr>
            <ns3:cad>83</ns3:cad>
          </ns3:TrackPointExtension>
        </extensions>
      </trkpt>
      <trkpt lat="31.27943714149296283721923828125" lon="121.369396336376667022705078125">
        <ele>-1.7999999523162841796875</ele>
        <time>2026-06-06T06:34:20.000Z</time>
        <extensions>
          <ns3:TrackPointExtension>
            <ns3:hr>158</ns3:hr>
            <ns3:cad>83</ns3:cad>
          </ns3:TrackPointExtension>
        </extensions>
      </trkpt>
      <trkpt lat="31.27941937185823917388916015625" lon="121.36936926282942295074462890625">
        <ele>-1.7999999523162841796875</ele>
        <time>2026-06-06T06:34:21.000Z</time>
        <extensions>
          <ns3:TrackPointExtension>
            <ns3:hr>158</ns3:hr>
            <ns3:cad>83</ns3:cad>
          </ns3:TrackPointExtension>
        </extensions>
      </trkpt>
      <trkpt lat="31.27939757890999317169189453125" lon="121.36934562586247920989990234375">
        <ele>-1.7999999523162841796875</ele>
        <time>2026-06-06T06:34:22.000Z</time>
        <extensions>
          <ns3:TrackPointExtension>
            <ns3:hr>158</ns3:hr>
            <ns3:cad>82</ns3:cad>
          </ns3:TrackPointExtension>
        </extensions>
      </trkpt>
      <trkpt lat="31.2793755345046520233154296875" lon="121.36932450346648693084716796875">
        <ele>-1.7999999523162841796875</ele>
        <time>2026-06-06T06:34:23.000Z</time>
        <extensions>
          <ns3:TrackPointExtension>
            <ns3:hr>158</ns3:hr>
            <ns3:cad>82</ns3:cad>
          </ns3:TrackPointExtension>
        </extensions>
      </trkpt>
      <trkpt lat="31.27935265190899372100830078125" lon="121.36929986067116260528564453125">
        <ele>-1.60000002384185791015625</ele>
        <time>2026-06-06T06:34:24.000Z</time>
        <extensions>
          <ns3:TrackPointExtension>
            <ns3:hr>158</ns3:hr>
            <ns3:cad>82</ns3:cad>
          </ns3:TrackPointExtension>
        </extensions>
      </trkpt>
      <trkpt lat="31.27932767383754253387451171875" lon="121.36928091756999492645263671875">
        <ele>-1.7999999523162841796875</ele>
        <time>2026-06-06T06:34:25.000Z</time>
        <extensions>
          <ns3:TrackPointExtension>
            <ns3:hr>158</ns3:hr>
            <ns3:cad>83</ns3:cad>
          </ns3:TrackPointExtension>
        </extensions>
      </trkpt>
      <trkpt lat="31.27930168993771076202392578125" lon="121.3692657463252544403076171875">
        <ele>-1.7999999523162841796875</ele>
        <time>2026-06-06T06:34:26.000Z</time>
        <extensions>
          <ns3:TrackPointExtension>
            <ns3:hr>158</ns3:hr>
            <ns3:cad>83</ns3:cad>
          </ns3:TrackPointExtension>
        </extensions>
      </trkpt>
      <trkpt lat="31.279276125133037567138671875" lon="121.36925225146114826202392578125">
        <ele>-1.7999999523162841796875</ele>
        <time>2026-06-06T06:34:27.000Z</time>
        <extensions>
          <ns3:TrackPointExtension>
            <ns3:hr>158</ns3:hr>
            <ns3:cad>84</ns3:cad>
          </ns3:TrackPointExtension>
        </extensions>
      </trkpt>
      <trkpt lat="31.2792501412332057952880859375" lon="121.36923783458769321441650390625">
        <ele>-1.7999999523162841796875</ele>
        <time>2026-06-06T06:34:28.000Z</time>
        <extensions>
          <ns3:TrackPointExtension>
            <ns3:hr>158</ns3:hr>
            <ns3:cad>84</ns3:cad>
          </ns3:TrackPointExtension>
        </extensions>
      </trkpt>
      <trkpt lat="31.2792253307998180389404296875" lon="121.36922928504645824432373046875">
        <ele>-1.7999999523162841796875</ele>
        <time>2026-06-06T06:34:29.000Z</time>
        <extensions>
          <ns3:TrackPointExtension>
            <ns3:hr>159</ns3:hr>
            <ns3:cad>83</ns3:cad>
          </ns3:TrackPointExtension>
        </extensions>
      </trkpt>
      <trkpt lat="31.27920093946158885955810546875" lon="121.36921939440071582794189453125">
        <ele>-1.7999999523162841796875</ele>
        <time>2026-06-06T06:34:30.000Z</time>
        <extensions>
          <ns3:TrackPointExtension>
            <ns3:hr>158</ns3:hr>
            <ns3:cad>83</ns3:cad>
          </ns3:TrackPointExtension>
        </extensions>
      </trkpt>
      <trkpt lat="31.2791760452091693878173828125" lon="121.369211263954639434814453125">
        <ele>-1.7999999523162841796875</ele>
        <time>2026-06-06T06:34:31.000Z</time>
        <extensions>
          <ns3:TrackPointExtension>
            <ns3:hr>158</ns3:hr>
            <ns3:cad>83</ns3:cad>
          </ns3:TrackPointExtension>
        </extensions>
      </trkpt>
      <trkpt lat="31.27914964221417903900146484375" lon="121.3692110963165760040283203125">
        <ele>-1.7999999523162841796875</ele>
        <time>2026-06-06T06:34:32.000Z</time>
        <extensions>
          <ns3:TrackPointExtension>
            <ns3:hr>158</ns3:hr>
            <ns3:cad>83</ns3:cad>
          </ns3:TrackPointExtension>
        </extensions>
      </trkpt>
      <trkpt lat="31.27912248484790325164794921875" lon="121.369209922850131988525390625">
        <ele>-1.7999999523162841796875</ele>
        <time>2026-06-06T06:34:33.000Z</time>
        <extensions>
          <ns3:TrackPointExtension>
            <ns3:hr>158</ns3:hr>
            <ns3:cad>83</ns3:cad>
          </ns3:TrackPointExtension>
        </extensions>
      </trkpt>
      <trkpt lat="31.27909532748162746429443359375" lon="121.3692117668688297271728515625">
        <ele>-1.7999999523162841796875</ele>
        <time>2026-06-06T06:34:34.000Z</time>
        <extensions>
          <ns3:TrackPointExtension>
            <ns3:hr>158</ns3:hr>
            <ns3:cad>84</ns3:cad>
          </ns3:TrackPointExtension>
        </extensions>
      </trkpt>
      <trkpt lat="31.27907118760049343109130859375" lon="121.3692137785255908966064453125">
        <ele>-1.60000002384185791015625</ele>
        <time>2026-06-06T06:34:35.000Z</time>
        <extensions>
          <ns3:TrackPointExtension>
            <ns3:hr>159</ns3:hr>
            <ns3:cad>84</ns3:cad>
          </ns3:TrackPointExtension>
        </extensions>
      </trkpt>
      <trkpt lat="31.27904377877712249755859375" lon="121.36921939440071582794189453125">
        <ele>-1.60000002384185791015625</ele>
        <time>2026-06-06T06:34:36.000Z</time>
        <extensions>
          <ns3:TrackPointExtension>
            <ns3:hr>158</ns3:hr>
            <ns3:cad>84</ns3:cad>
          </ns3:TrackPointExtension>
        </extensions>
      </trkpt>
      <trkpt lat="31.27901586703956127166748046875" lon="121.36922635138034820556640625">
        <ele>-1.60000002384185791015625</ele>
        <time>2026-06-06T06:34:37.000Z</time>
        <extensions>
          <ns3:TrackPointExtension>
            <ns3:hr>158</ns3:hr>
            <ns3:cad>84</ns3:cad>
          </ns3:TrackPointExtension>
        </extensions>
      </trkpt>
      <trkpt lat="31.27899415791034698486328125" lon="121.36923867277801036834716796875">
        <ele>-1.7999999523162841796875</ele>
        <time>2026-06-06T06:34:38.000Z</time>
        <extensions>
          <ns3:TrackPointExtension>
            <ns3:hr>159</ns3:hr>
            <ns3:cad>84</ns3:cad>
          </ns3:TrackPointExtension>
        </extensions>
      </trkpt>
      <trkpt lat="31.27896792255342006683349609375" lon="121.3692493177950382232666015625">
        <ele>-1.7999999523162841796875</ele>
        <time>2026-06-06T06:34:39.000Z</time>
        <extensions>
          <ns3:TrackPointExtension>
            <ns3:hr>159</ns3:hr>
            <ns3:cad>83</ns3:cad>
          </ns3:TrackPointExtension>
        </extensions>
      </trkpt>
      <trkpt lat="31.278942525386810302734375" lon="121.36925862170755863189697265625">
        <ele>-1.7999999523162841796875</ele>
        <time>2026-06-06T06:34:40.000Z</time>
        <extensions>
          <ns3:TrackPointExtension>
            <ns3:hr>160</ns3:hr>
            <ns3:cad>83</ns3:cad>
          </ns3:TrackPointExtension>
        </extensions>
      </trkpt>
      <trkpt lat="31.2789209000766277313232421875" lon="121.36926792562007904052734375">
        <ele>-1.7999999523162841796875</ele>
        <time>2026-06-06T06:34:41.000Z</time>
        <extensions>
          <ns3:TrackPointExtension>
            <ns3:hr>160</ns3:hr>
            <ns3:cad>83</ns3:cad>
          </ns3:TrackPointExtension>
        </extensions>
      </trkpt>
      <trkpt lat="31.2789021246135234832763671875" lon="121.3692734576761722564697265625">
        <ele>-1.7999999523162841796875</ele>
        <time>2026-06-06T06:34:42.000Z</time>
        <extensions>
          <ns3:TrackPointExtension>
            <ns3:hr>160</ns3:hr>
            <ns3:cad>83</ns3:cad>
          </ns3:TrackPointExtension>
        </extensions>
      </trkpt>
      <trkpt lat="31.2788846902549266815185546875" lon="121.3692794926464557647705078125">
        <ele>-1.7999999523162841796875</ele>
        <time>2026-06-06T06:34:43.000Z</time>
        <extensions>
          <ns3:TrackPointExtension>
            <ns3:hr>160</ns3:hr>
            <ns3:cad>83</ns3:cad>
          </ns3:TrackPointExtension>
        </extensions>
      </trkpt>
      <trkpt lat="31.2788632325828075408935546875" lon="121.369293741881847381591796875">
        <ele>-1.7999999523162841796875</ele>
        <time>2026-06-06T06:34:44.000Z</time>
        <extensions>
          <ns3:TrackPointExtension>
            <ns3:hr>160</ns3:hr>
            <ns3:cad>83</ns3:cad>
          </ns3:TrackPointExtension>
        </extensions>
      </trkpt>
      <trkpt lat="31.2788374163210391998291015625" lon="121.36930723674595355987548828125">
        <ele>-2</ele>
        <time>2026-06-06T06:34:45.000Z</time>
        <extensions>
          <ns3:TrackPointExtension>
            <ns3:hr>160</ns3:hr>
            <ns3:cad>82</ns3:cad>
          </ns3:TrackPointExtension>
        </extensions>
      </trkpt>
      <trkpt lat="31.2788156233727931976318359375" lon="121.3693155348300933837890625">
        <ele>-2</ele>
        <time>2026-06-06T06:34:46.000Z</time>
        <extensions>
          <ns3:TrackPointExtension>
            <ns3:hr>160</ns3:hr>
            <ns3:cad>80</ns3:cad>
          </ns3:TrackPointExtension>
        </extensions>
      </trkpt>
      <trkpt lat="31.2787918187677860260009765625" lon="121.369330622255802154541015625">
        <ele>-2.2000000476837158203125</ele>
        <time>2026-06-06T06:34:47.000Z</time>
        <extensions>
          <ns3:TrackPointExtension>
            <ns3:hr>160</ns3:hr>
            <ns3:cad>79</ns3:cad>
          </ns3:TrackPointExtension>
        </extensions>
      </trkpt>
      <trkpt lat="31.278765834867954254150390625" lon="121.3693463802337646484375">
        <ele>-2</ele>
        <time>2026-06-06T06:34:48.000Z</time>
        <extensions>
          <ns3:TrackPointExtension>
            <ns3:hr>159</ns3:hr>
            <ns3:cad>78</ns3:cad>
          </ns3:TrackPointExtension>
        </extensions>
      </trkpt>
      <trkpt lat="31.2787375040352344512939453125" lon="121.36935107409954071044921875">
        <ele>-2</ele>
        <time>2026-06-06T06:34:49.000Z</time>
        <extensions>
          <ns3:TrackPointExtension>
            <ns3:hr>160</ns3:hr>
            <ns3:cad>78</ns3:cad>
          </ns3:TrackPointExtension>
        </extensions>
      </trkpt>
      <trkpt lat="31.278711855411529541015625" lon="121.36934981681406497955322265625">
        <ele>-1.7999999523162841796875</ele>
        <time>2026-06-06T06:34:50.000Z</time>
        <extensions>
          <ns3:TrackPointExtension>
            <ns3:hr>160</ns3:hr>
            <ns3:cad>79</ns3:cad>
          </ns3:TrackPointExtension>
        </extensions>
      </trkpt>
      <trkpt lat="31.27868411131203174591064453125" lon="121.36934436857700347900390625">
        <ele>-1.7999999523162841796875</ele>
        <time>2026-06-06T06:34:51.000Z</time>
        <extensions>
          <ns3:TrackPointExtension>
            <ns3:hr>160</ns3:hr>
            <ns3:cad>79</ns3:cad>
          </ns3:TrackPointExtension>
        </extensions>
      </trkpt>
      <trkpt lat="31.27865728922188282012939453125" lon="121.36932651512324810028076171875">
        <ele>-2</ele>
        <time>2026-06-06T06:34:52.000Z</time>
        <extensions>
          <ns3:TrackPointExtension>
            <ns3:hr>159</ns3:hr>
            <ns3:cad>82</ns3:cad>
          </ns3:TrackPointExtension>
        </extensions>
      </trkpt>
      <trkpt lat="31.27863985486328601837158203125" lon="121.369304470717906951904296875">
        <ele>-2</ele>
        <time>2026-06-06T06:34:53.000Z</time>
        <extensions>
          <ns3:TrackPointExtension>
            <ns3:hr>159</ns3:hr>
            <ns3:cad>83</ns3:cad>
          </ns3:TrackPointExtension>
        </extensions>
      </trkpt>
      <trkpt lat="31.27863499335944652557373046875" lon="121.3692731224000453948974609375">
        <ele>-2.2000000476837158203125</ele>
        <time>2026-06-06T06:34:54.000Z</time>
        <extensions>
          <ns3:TrackPointExtension>
            <ns3:hr>159</ns3:hr>
            <ns3:cad>83</ns3:cad>
          </ns3:TrackPointExtension>
        </extensions>
      </trkpt>
      <trkpt lat="31.27862392924726009368896484375" lon="121.36923733167350292205810546875">
        <ele>-2</ele>
        <time>2026-06-06T06:34:55.000Z</time>
        <extensions>
          <ns3:TrackPointExtension>
            <ns3:hr>160</ns3:hr>
            <ns3:cad>83</ns3:cad>
          </ns3:TrackPointExtension>
        </extensions>
      </trkpt>
      <trkpt lat="31.27861806191504001617431640625" lon="121.36920749209821224212646484375">
        <ele>-2</ele>
        <time>2026-06-06T06:34:56.000Z</time>
        <extensions>
          <ns3:TrackPointExtension>
            <ns3:hr>160</ns3:hr>
            <ns3:cad>83</ns3:cad>
          </ns3:TrackPointExtension>
        </extensions>
      </trkpt>
      <trkpt lat="31.27862191759049892425537109375" lon="121.36917413212358951568603515625">
        <ele>-1.7999999523162841796875</ele>
        <time>2026-06-06T06:34:57.000Z</time>
        <extensions>
          <ns3:TrackPointExtension>
            <ns3:hr>160</ns3:hr>
            <ns3:cad>81</ns3:cad>
          </ns3:TrackPointExtension>
        </extensions>
      </trkpt>
      <trkpt lat="31.278625018894672393798828125" lon="121.36913775466382503509521484375">
        <ele>-1.7999999523162841796875</ele>
        <time>2026-06-06T06:34:58.000Z</time>
        <extensions>
          <ns3:TrackPointExtension>
            <ns3:hr>159</ns3:hr>
            <ns3:cad>81</ns3:cad>
          </ns3:TrackPointExtension>
        </extensions>
      </trkpt>
      <trkpt lat="31.2786275334656238555908203125" lon="121.36909970082342624664306640625">
        <ele>-1.7999999523162841796875</ele>
        <time>2026-06-06T06:34:59.000Z</time>
        <extensions>
          <ns3:TrackPointExtension>
            <ns3:hr>159</ns3:hr>
            <ns3:cad>81</ns3:cad>
          </ns3:TrackPointExtension>
        </extensions>
      </trkpt>
      <trkpt lat="31.27863247878849506378173828125" lon="121.369064748287200927734375">
        <ele>-1.7999999523162841796875</ele>
        <time>2026-06-06T06:35:00.000Z</time>
        <extensions>
          <ns3:TrackPointExtension>
            <ns3:hr>159</ns3:hr>
            <ns3:cad>81</ns3:cad>
          </ns3:TrackPointExtension>
        </extensions>
      </trkpt>
      <trkpt lat="31.27864270471036434173583984375" lon="121.3690333999693393707275390625">
        <ele>-1.7999999523162841796875</ele>
        <time>2026-06-06T06:35:01.000Z</time>
        <extensions>
          <ns3:TrackPointExtension>
            <ns3:hr>158</ns3:hr>
            <ns3:cad>81</ns3:cad>
          </ns3:TrackPointExtension>
        </extensions>
      </trkpt>
      <trkpt lat="31.27865695394575595855712890625" lon="121.368995346128940582275390625">
        <ele>-1.7999999523162841796875</ele>
        <time>2026-06-06T06:35:02.000Z</time>
        <extensions>
          <ns3:TrackPointExtension>
            <ns3:hr>158</ns3:hr>
            <ns3:cad>82</ns3:cad>
          </ns3:TrackPointExtension>
        </extensions>
      </trkpt>
      <trkpt lat="31.27866248600184917449951171875" lon="121.368962824344635009765625">
        <ele>-1.7999999523162841796875</ele>
        <time>2026-06-06T06:35:03.000Z</time>
        <extensions>
          <ns3:TrackPointExtension>
            <ns3:hr>158</ns3:hr>
            <ns3:cad>82</ns3:cad>
          </ns3:TrackPointExtension>
        </extensions>
      </trkpt>
      <trkpt lat="31.27867572940886020660400390625" lon="121.368930302560329437255859375">
        <ele>-2</ele>
        <time>2026-06-06T06:35:04.000Z</time>
        <extensions>
          <ns3:TrackPointExtension>
            <ns3:hr>158</ns3:hr>
            <ns3:cad>82</ns3:cad>
          </ns3:TrackPointExtension>
        </extensions>
      </trkpt>
      <trkpt lat="31.278685033321380615234375" lon="121.36890004388988018035888671875">
        <ele>-1.7999999523162841796875</ele>
        <time>2026-06-06T06:35:05.000Z</time>
        <extensions>
          <ns3:TrackPointExtension>
            <ns3:hr>158</ns3:hr>
            <ns3:cad>83</ns3:cad>
          </ns3:TrackPointExtension>
        </extensions>
      </trkpt>
    </trkseg>
  </trk>
</gpx>
