<?xml version="1.0" encoding="UTF-8"?>
<gpx creator="Garmin Connect" version="1.1"
  xsi:schemaLocation="http://www.topografix.com/GPX/1/1 http://www.topografix.com/GPX/11.xsd"
  xmlns:ns3="http://www.garmin.com/xmlschemas/TrackPointExtension/v1"
  xmlns="http://www.topografix.com/GPX/1/1"
  xmlns:xsi="http://www.w3.org/2001/XMLSchema-instance" xmlns:ns2="http://www.garmin.com/xmlschemas/GpxExtensions/v3">
  <metadata>
    <link href="connect.garmin.com">
      <text>Garmin Connect</text>
    </link>
    <time>2026-06-13T05:51:18.000Z</time>
  </metadata>
  <trk>
    <name>普陀区 跑步</name>
    <type>running</type>
    <trkseg>
      <trkpt lat="31.285327188670635223388671875" lon="121.37082017026841640472412109375">
        <ele>13.3999996185302734375</ele>
        <time>2026-06-13T05:51:18.000Z</time>
        <extensions>
          <ns3:TrackPointExtension>
            <ns3:hr>85</ns3:hr>
            <ns3:cad>0</ns3:cad>
          </ns3:TrackPointExtension>
        </extensions>
      </trkpt>
      <trkpt lat="31.2853997759521007537841796875" lon="121.37075277976691722869873046875">
        <ele>13.3999996185302734375</ele>
        <time>2026-06-13T05:51:19.000Z</time>
        <extensions>
          <ns3:TrackPointExtension>
            <ns3:hr>86</ns3:hr>
            <ns3:cad>0</ns3:cad>
          </ns3:TrackPointExtension>
        </extensions>
      </trkpt>
      <trkpt lat="31.28538049757480621337890625" lon="121.3707292266190052032470703125">
        <ele>13.3999996185302734375</ele>
        <time>2026-06-13T05:51:20.000Z</time>
        <extensions>
          <ns3:TrackPointExtension>
            <ns3:hr>88</ns3:hr>
            <ns3:cad>0</ns3:cad>
          </ns3:TrackPointExtension>
        </extensions>
      </trkpt>
      <trkpt lat="31.28535225056111812591552734375" lon="121.3707305677235126495361328125">
        <ele>13.19999980926513671875</ele>
        <time>2026-06-13T05:51:21.000Z</time>
        <extensions>
          <ns3:TrackPointExtension>
            <ns3:hr>89</ns3:hr>
            <ns3:cad>0</ns3:cad>
          </ns3:TrackPointExtension>
        </extensions>
      </trkpt>
      <trkpt lat="31.28535610623657703399658203125" lon="121.37072428129613399505615234375">
        <ele>13.19999980926513671875</ele>
        <time>2026-06-13T05:51:22.000Z</time>
        <extensions>
          <ns3:TrackPointExtension>
            <ns3:hr>89</ns3:hr>
            <ns3:cad>0</ns3:cad>
          </ns3:TrackPointExtension>
        </extensions>
      </trkpt>
      <trkpt lat="31.28536063246428966522216796875" lon="121.37072059325873851776123046875">
        <ele>13</ele>
        <time>2026-06-13T05:51:23.000Z</time>
        <extensions>
          <ns3:TrackPointExtension>
            <ns3:hr>90</ns3:hr>
            <ns3:cad>0</ns3:cad>
          </ns3:TrackPointExtension>
        </extensions>
      </trkpt>
      <trkpt lat="31.28536616452038288116455078125" lon="121.3707158155739307403564453125">
        <ele>13</ele>
        <time>2026-06-13T05:51:24.000Z</time>
        <extensions>
          <ns3:TrackPointExtension>
            <ns3:hr>91</ns3:hr>
            <ns3:cad>0</ns3:cad>
          </ns3:TrackPointExtension>
        </extensions>
      </trkpt>
      <trkpt lat="31.28537102602422237396240234375" lon="121.37071103788912296295166015625">
        <ele>13</ele>
        <time>2026-06-13T05:51:25.000Z</time>
        <extensions>
          <ns3:TrackPointExtension>
            <ns3:hr>91</ns3:hr>
            <ns3:cad>0</ns3:cad>
          </ns3:TrackPointExtension>
        </extensions>
      </trkpt>
      <trkpt lat="31.28537991084158420562744140625" lon="121.3706941902637481689453125">
        <ele>13</ele>
        <time>2026-06-13T05:51:26.000Z</time>
        <extensions>
          <ns3:TrackPointExtension>
            <ns3:hr>92</ns3:hr>
            <ns3:cad>0</ns3:cad>
          </ns3:TrackPointExtension>
        </extensions>
      </trkpt>
      <trkpt lat="31.285384185612201690673828125" lon="121.3706655241549015045166015625">
        <ele>13</ele>
        <time>2026-06-13T05:51:27.000Z</time>
        <extensions>
          <ns3:TrackPointExtension>
            <ns3:hr>92</ns3:hr>
            <ns3:cad>0</ns3:cad>
          </ns3:TrackPointExtension>
        </extensions>
      </trkpt>
      <trkpt lat="31.2853893823921680450439453125" lon="121.37061649002134799957275390625">
        <ele>13</ele>
        <time>2026-06-13T05:51:28.000Z</time>
        <extensions>
          <ns3:TrackPointExtension>
            <ns3:hr>94</ns3:hr>
            <ns3:cad>0</ns3:cad>
          </ns3:TrackPointExtension>
        </extensions>
      </trkpt>
      <trkpt lat="31.285397596657276153564453125" lon="121.3705949485301971435546875">
        <ele>13</ele>
        <time>2026-06-13T05:51:29.000Z</time>
        <extensions>
          <ns3:TrackPointExtension>
            <ns3:hr>96</ns3:hr>
            <ns3:cad>0</ns3:cad>
          </ns3:TrackPointExtension>
        </extensions>
      </trkpt>
      <trkpt lat="31.28541628830134868621826171875" lon="121.370568461716175079345703125">
        <ele>13</ele>
        <time>2026-06-13T05:51:30.000Z</time>
        <extensions>
          <ns3:TrackPointExtension>
            <ns3:hr>98</ns3:hr>
            <ns3:cad>70</ns3:cad>
          </ns3:TrackPointExtension>
        </extensions>
      </trkpt>
      <trkpt lat="31.2854336388409137725830078125" lon="121.370555721223354339599609375">
        <ele>13</ele>
        <time>2026-06-13T05:51:31.000Z</time>
        <extensions>
          <ns3:TrackPointExtension>
            <ns3:hr>100</ns3:hr>
            <ns3:cad>70</ns3:cad>
          </ns3:TrackPointExtension>
        </extensions>
      </trkpt>
      <trkpt lat="31.2854468822479248046875" lon="121.37054876424372196197509765625">
        <ele>13</ele>
        <time>2026-06-13T05:51:32.000Z</time>
        <extensions>
          <ns3:TrackPointExtension>
            <ns3:hr>103</ns3:hr>
            <ns3:cad>0</ns3:cad>
          </ns3:TrackPointExtension>
        </extensions>
      </trkpt>
      <trkpt lat="31.28545962274074554443359375" lon="121.37053485028445720672607421875">
        <ele>12.80000019073486328125</ele>
        <time>2026-06-13T05:51:33.000Z</time>
        <extensions>
          <ns3:TrackPointExtension>
            <ns3:hr>104</ns3:hr>
            <ns3:cad>0</ns3:cad>
          </ns3:TrackPointExtension>
        </extensions>
      </trkpt>
      <trkpt lat="31.2854688428342342376708984375" lon="121.37054507620632648468017578125">
        <ele>12.80000019073486328125</ele>
        <time>2026-06-13T05:51:34.000Z</time>
        <extensions>
          <ns3:TrackPointExtension>
            <ns3:hr>105</ns3:hr>
            <ns3:cad>0</ns3:cad>
          </ns3:TrackPointExtension>
        </extensions>
      </trkpt>
      <trkpt lat="31.2854762189090251922607421875" lon="121.37054222635924816131591796875">
        <ele>12.80000019073486328125</ele>
        <time>2026-06-13T05:51:35.000Z</time>
        <extensions>
          <ns3:TrackPointExtension>
            <ns3:hr>105</ns3:hr>
            <ns3:cad>0</ns3:cad>
          </ns3:TrackPointExtension>
        </extensions>
      </trkpt>
      <trkpt lat="31.28548250533640384674072265625" lon="121.3705330900847911834716796875">
        <ele>12.6000003814697265625</ele>
        <time>2026-06-13T05:51:36.000Z</time>
        <extensions>
          <ns3:TrackPointExtension>
            <ns3:hr>108</ns3:hr>
            <ns3:cad>0</ns3:cad>
          </ns3:TrackPointExtension>
        </extensions>
      </trkpt>
      <trkpt lat="31.2854862771928310394287109375" lon="121.3705314137041568756103515625">
        <ele>12.6000003814697265625</ele>
        <time>2026-06-13T05:51:37.000Z</time>
        <extensions>
          <ns3:TrackPointExtension>
            <ns3:hr>108</ns3:hr>
            <ns3:cad>0</ns3:cad>
          </ns3:TrackPointExtension>
        </extensions>
      </trkpt>
      <trkpt lat="31.2854884564876556396484375" lon="121.3705334253609180450439453125">
        <ele>12.3999996185302734375</ele>
        <time>2026-06-13T05:51:38.000Z</time>
        <extensions>
          <ns3:TrackPointExtension>
            <ns3:hr>108</ns3:hr>
            <ns3:cad>0</ns3:cad>
          </ns3:TrackPointExtension>
        </extensions>
      </trkpt>
      <trkpt lat="31.2854839302599430084228515625" lon="121.37052982114255428314208984375">
        <ele>12.3999996185302734375</ele>
        <time>2026-06-13T05:51:39.000Z</time>
        <extensions>
          <ns3:TrackPointExtension>
            <ns3:hr>107</ns3:hr>
            <ns3:cad>0</ns3:cad>
          </ns3:TrackPointExtension>
        </extensions>
      </trkpt>
      <trkpt lat="31.2854768894612789154052734375" lon="121.370524875819683074951171875">
        <ele>12.3999996185302734375</ele>
        <time>2026-06-13T05:51:40.000Z</time>
        <extensions>
          <ns3:TrackPointExtension>
            <ns3:hr>107</ns3:hr>
            <ns3:cad>49</ns3:cad>
          </ns3:TrackPointExtension>
        </extensions>
      </trkpt>
      <trkpt lat="31.28546859137713909149169921875" lon="121.3705186732113361358642578125">
        <ele>12.19999980926513671875</ele>
        <time>2026-06-13T05:51:41.000Z</time>
        <extensions>
          <ns3:TrackPointExtension>
            <ns3:hr>107</ns3:hr>
            <ns3:cad>49</ns3:cad>
          </ns3:TrackPointExtension>
        </extensions>
      </trkpt>
      <trkpt lat="31.28545803017914295196533203125" lon="121.3705079443752765655517578125">
        <ele>12.3999996185302734375</ele>
        <time>2026-06-13T05:51:42.000Z</time>
        <extensions>
          <ns3:TrackPointExtension>
            <ns3:hr>106</ns3:hr>
            <ns3:cad>0</ns3:cad>
          </ns3:TrackPointExtension>
        </extensions>
      </trkpt>
      <trkpt lat="31.2854453735053539276123046875" lon="121.37049092911183834075927734375">
        <ele>12.3999996185302734375</ele>
        <time>2026-06-13T05:51:43.000Z</time>
        <extensions>
          <ns3:TrackPointExtension>
            <ns3:hr>106</ns3:hr>
            <ns3:cad>0</ns3:cad>
          </ns3:TrackPointExtension>
        </extensions>
      </trkpt>
      <trkpt lat="31.2854400090873241424560546875" lon="121.3704700581729412078857421875">
        <ele>12.6000003814697265625</ele>
        <time>2026-06-13T05:51:44.000Z</time>
        <extensions>
          <ns3:TrackPointExtension>
            <ns3:hr>106</ns3:hr>
            <ns3:cad>0</ns3:cad>
          </ns3:TrackPointExtension>
        </extensions>
      </trkpt>
      <trkpt lat="31.2854369916021823883056640625" lon="121.370457150042057037353515625">
        <ele>12.6000003814697265625</ele>
        <time>2026-06-13T05:51:45.000Z</time>
        <extensions>
          <ns3:TrackPointExtension>
            <ns3:hr>105</ns3:hr>
            <ns3:cad>71</ns3:cad>
          </ns3:TrackPointExtension>
        </extensions>
      </trkpt>
      <trkpt lat="31.28543439321219921112060546875" lon="121.37045773677527904510498046875">
        <ele>12.6000003814697265625</ele>
        <time>2026-06-13T05:51:46.000Z</time>
        <extensions>
          <ns3:TrackPointExtension>
            <ns3:hr>105</ns3:hr>
            <ns3:cad>0</ns3:cad>
          </ns3:TrackPointExtension>
        </extensions>
      </trkpt>
      <trkpt lat="31.2854279391467571258544921875" lon="121.3704553060233592987060546875">
        <ele>12.80000019073486328125</ele>
        <time>2026-06-13T05:51:47.000Z</time>
        <extensions>
          <ns3:TrackPointExtension>
            <ns3:hr>106</ns3:hr>
            <ns3:cad>0</ns3:cad>
          </ns3:TrackPointExtension>
        </extensions>
      </trkpt>
      <trkpt lat="31.285425759851932525634765625" lon="121.370449773967266082763671875">
        <ele>12.80000019073486328125</ele>
        <time>2026-06-13T05:51:48.000Z</time>
        <extensions>
          <ns3:TrackPointExtension>
            <ns3:hr>106</ns3:hr>
            <ns3:cad>0</ns3:cad>
          </ns3:TrackPointExtension>
        </extensions>
      </trkpt>
      <trkpt lat="31.2854239158332347869873046875" lon="121.37044047005474567413330078125">
        <ele>12.80000019073486328125</ele>
        <time>2026-06-13T05:51:49.000Z</time>
        <extensions>
          <ns3:TrackPointExtension>
            <ns3:hr>105</ns3:hr>
            <ns3:cad>0</ns3:cad>
          </ns3:TrackPointExtension>
        </extensions>
      </trkpt>
      <trkpt lat="31.2854242511093616485595703125" lon="121.3704341836273670196533203125">
        <ele>12.80000019073486328125</ele>
        <time>2026-06-13T05:51:50.000Z</time>
        <extensions>
          <ns3:TrackPointExtension>
            <ns3:hr>105</ns3:hr>
            <ns3:cad>0</ns3:cad>
          </ns3:TrackPointExtension>
        </extensions>
      </trkpt>
      <trkpt lat="31.285425759851932525634765625" lon="121.3704291544854640960693359375">
        <ele>12.80000019073486328125</ele>
        <time>2026-06-13T05:51:51.000Z</time>
        <extensions>
          <ns3:TrackPointExtension>
            <ns3:hr>104</ns3:hr>
            <ns3:cad>0</ns3:cad>
          </ns3:TrackPointExtension>
        </extensions>
      </trkpt>
      <trkpt lat="31.2854262627661228179931640625" lon="121.37042672373354434967041015625">
        <ele>12.80000019073486328125</ele>
        <time>2026-06-13T05:51:52.000Z</time>
        <extensions>
          <ns3:TrackPointExtension>
            <ns3:hr>104</ns3:hr>
            <ns3:cad>0</ns3:cad>
          </ns3:TrackPointExtension>
        </extensions>
      </trkpt>
      <trkpt lat="31.2854262627661228179931640625" lon="121.37042672373354434967041015625">
        <ele>12.80000019073486328125</ele>
        <time>2026-06-13T05:51:53.000Z</time>
        <extensions>
          <ns3:TrackPointExtension>
            <ns3:hr>105</ns3:hr>
            <ns3:cad>0</ns3:cad>
          </ns3:TrackPointExtension>
        </extensions>
      </trkpt>
      <trkpt lat="31.2854262627661228179931640625" lon="121.37042672373354434967041015625">
        <ele>12.80000019073486328125</ele>
        <time>2026-06-13T05:51:54.000Z</time>
        <extensions>
          <ns3:TrackPointExtension>
            <ns3:hr>105</ns3:hr>
            <ns3:cad>0</ns3:cad>
          </ns3:TrackPointExtension>
        </extensions>
      </trkpt>
      <trkpt lat="31.28542601130902767181396484375" lon="121.37042739428579807281494140625">
        <ele>12.80000019073486328125</ele>
        <time>2026-06-13T05:51:55.000Z</time>
        <extensions>
          <ns3:TrackPointExtension>
            <ns3:hr>105</ns3:hr>
            <ns3:cad>0</ns3:cad>
          </ns3:TrackPointExtension>
        </extensions>
      </trkpt>
      <trkpt lat="31.28542718477547168731689453125" lon="121.3704241253435611724853515625">
        <ele>12.80000019073486328125</ele>
        <time>2026-06-13T05:51:56.000Z</time>
        <extensions>
          <ns3:TrackPointExtension>
            <ns3:hr>105</ns3:hr>
            <ns3:cad>0</ns3:cad>
          </ns3:TrackPointExtension>
        </extensions>
      </trkpt>
      <trkpt lat="31.28543053753674030303955078125" lon="121.3704164139926433563232421875">
        <ele>12.80000019073486328125</ele>
        <time>2026-06-13T05:51:57.000Z</time>
        <extensions>
          <ns3:TrackPointExtension>
            <ns3:hr>105</ns3:hr>
            <ns3:cad>0</ns3:cad>
          </ns3:TrackPointExtension>
        </extensions>
      </trkpt>
      <trkpt lat="31.28542969934642314910888671875" lon="121.370405852794647216796875">
        <ele>13</ele>
        <time>2026-06-13T05:51:58.000Z</time>
        <extensions>
          <ns3:TrackPointExtension>
            <ns3:hr>105</ns3:hr>
            <ns3:cad>0</ns3:cad>
          </ns3:TrackPointExtension>
        </extensions>
      </trkpt>
      <trkpt lat="31.28542534075677394866943359375" lon="121.3703936152160167694091796875">
        <ele>13</ele>
        <time>2026-06-13T05:51:59.000Z</time>
        <extensions>
          <ns3:TrackPointExtension>
            <ns3:hr>104</ns3:hr>
            <ns3:cad>0</ns3:cad>
          </ns3:TrackPointExtension>
        </extensions>
      </trkpt>
      <trkpt lat="31.2854182161390781402587890625" lon="121.370379365980625152587890625">
        <ele>13</ele>
        <time>2026-06-13T05:52:00.000Z</time>
        <extensions>
          <ns3:TrackPointExtension>
            <ns3:hr>103</ns3:hr>
            <ns3:cad>0</ns3:cad>
          </ns3:TrackPointExtension>
        </extensions>
      </trkpt>
      <trkpt lat="31.28541000187397003173828125" lon="121.37035715393722057342529296875">
        <ele>13</ele>
        <time>2026-06-13T05:52:01.000Z</time>
        <extensions>
          <ns3:TrackPointExtension>
            <ns3:hr>102</ns3:hr>
            <ns3:cad>0</ns3:cad>
          </ns3:TrackPointExtension>
        </extensions>
      </trkpt>
      <trkpt lat="31.2854024581611156463623046875" lon="121.37033536098897457122802734375">
        <ele>13.19999980926513671875</ele>
        <time>2026-06-13T05:52:02.000Z</time>
        <extensions>
          <ns3:TrackPointExtension>
            <ns3:hr>101</ns3:hr>
            <ns3:cad>0</ns3:cad>
          </ns3:TrackPointExtension>
        </extensions>
      </trkpt>
      <trkpt lat="31.285394243896007537841796875" lon="121.370317004621028900146484375">
        <ele>13.3999996185302734375</ele>
        <time>2026-06-13T05:52:03.000Z</time>
        <extensions>
          <ns3:TrackPointExtension>
            <ns3:hr>101</ns3:hr>
            <ns3:cad>0</ns3:cad>
          </ns3:TrackPointExtension>
        </extensions>
      </trkpt>
      <trkpt lat="31.2853830121457576751708984375" lon="121.370298564434051513671875">
        <ele>13.3999996185302734375</ele>
        <time>2026-06-13T05:52:04.000Z</time>
        <extensions>
          <ns3:TrackPointExtension>
            <ns3:hr>101</ns3:hr>
            <ns3:cad>0</ns3:cad>
          </ns3:TrackPointExtension>
        </extensions>
      </trkpt>
      <trkpt lat="31.2853704392910003662109375" lon="121.37027970515191555023193359375">
        <ele>13.3999996185302734375</ele>
        <time>2026-06-13T05:52:05.000Z</time>
        <extensions>
          <ns3:TrackPointExtension>
            <ns3:hr>102</ns3:hr>
            <ns3:cad>0</ns3:cad>
          </ns3:TrackPointExtension>
        </extensions>
      </trkpt>
      <trkpt lat="31.28535694442689418792724609375" lon="121.37026377953588962554931640625">
        <ele>13.6000003814697265625</ele>
        <time>2026-06-13T05:52:06.000Z</time>
        <extensions>
          <ns3:TrackPointExtension>
            <ns3:hr>103</ns3:hr>
            <ns3:cad>79</ns3:cad>
          </ns3:TrackPointExtension>
        </extensions>
      </trkpt>
      <trkpt lat="31.28534336574375629425048828125" lon="121.3702420704066753387451171875">
        <ele>13.3999996185302734375</ele>
        <time>2026-06-13T05:52:07.000Z</time>
        <extensions>
          <ns3:TrackPointExtension>
            <ns3:hr>104</ns3:hr>
            <ns3:cad>80</ns3:cad>
          </ns3:TrackPointExtension>
        </extensions>
      </trkpt>
      <trkpt lat="31.285330541431903839111328125" lon="121.37021935544908046722412109375">
        <ele>13.3999996185302734375</ele>
        <time>2026-06-13T05:52:08.000Z</time>
        <extensions>
          <ns3:TrackPointExtension>
            <ns3:hr>106</ns3:hr>
            <ns3:cad>80</ns3:cad>
          </ns3:TrackPointExtension>
        </extensions>
      </trkpt>
      <trkpt lat="31.28532207570970058441162109375" lon="121.37019789777696132659912109375">
        <ele>13.19999980926513671875</ele>
        <time>2026-06-13T05:52:09.000Z</time>
        <extensions>
          <ns3:TrackPointExtension>
            <ns3:hr>107</ns3:hr>
            <ns3:cad>80</ns3:cad>
          </ns3:TrackPointExtension>
        </extensions>
      </trkpt>
      <trkpt lat="31.28531168214976787567138671875" lon="121.37017560191452503204345703125">
        <ele>13.19999980926513671875</ele>
        <time>2026-06-13T05:52:10.000Z</time>
        <extensions>
          <ns3:TrackPointExtension>
            <ns3:hr>108</ns3:hr>
            <ns3:cad>80</ns3:cad>
          </ns3:TrackPointExtension>
        </extensions>
      </trkpt>
      <trkpt lat="31.2852951698005199432373046875" lon="121.37015598826110363006591796875">
        <ele>13</ele>
        <time>2026-06-13T05:52:11.000Z</time>
        <extensions>
          <ns3:TrackPointExtension>
            <ns3:hr>108</ns3:hr>
            <ns3:cad>82</ns3:cad>
          </ns3:TrackPointExtension>
        </extensions>
      </trkpt>
      <trkpt lat="31.28528058528900146484375" lon="121.370137296617031097412109375">
        <ele>13</ele>
        <time>2026-06-13T05:52:12.000Z</time>
        <extensions>
          <ns3:TrackPointExtension>
            <ns3:hr>108</ns3:hr>
            <ns3:cad>82</ns3:cad>
          </ns3:TrackPointExtension>
        </extensions>
      </trkpt>
      <trkpt lat="31.28526256419718265533447265625" lon="121.3701186887919902801513671875">
        <ele>13</ele>
        <time>2026-06-13T05:52:13.000Z</time>
        <extensions>
          <ns3:TrackPointExtension>
            <ns3:hr>108</ns3:hr>
            <ns3:cad>82</ns3:cad>
          </ns3:TrackPointExtension>
        </extensions>
      </trkpt>
      <trkpt lat="31.28524479456245899200439453125" lon="121.37010402046144008636474609375">
        <ele>12.80000019073486328125</ele>
        <time>2026-06-13T05:52:14.000Z</time>
        <extensions>
          <ns3:TrackPointExtension>
            <ns3:hr>107</ns3:hr>
            <ns3:cad>82</ns3:cad>
          </ns3:TrackPointExtension>
        </extensions>
      </trkpt>
      <trkpt lat="31.28523163497447967529296875" lon="121.37009027414023876190185546875">
        <ele>12.80000019073486328125</ele>
        <time>2026-06-13T05:52:15.000Z</time>
        <extensions>
          <ns3:TrackPointExtension>
            <ns3:hr>107</ns3:hr>
            <ns3:cad>82</ns3:cad>
          </ns3:TrackPointExtension>
        </extensions>
      </trkpt>
      <trkpt lat="31.28521227277815341949462890625" lon="121.3700744323432445526123046875">
        <ele>12.80000019073486328125</ele>
        <time>2026-06-13T05:52:16.000Z</time>
        <extensions>
          <ns3:TrackPointExtension>
            <ns3:hr>107</ns3:hr>
            <ns3:cad>81</ns3:cad>
          </ns3:TrackPointExtension>
        </extensions>
      </trkpt>
      <trkpt lat="31.2851934134960174560546875" lon="121.370056159794330596923828125">
        <ele>12.80000019073486328125</ele>
        <time>2026-06-13T05:52:17.000Z</time>
        <extensions>
          <ns3:TrackPointExtension>
            <ns3:hr>107</ns3:hr>
            <ns3:cad>80</ns3:cad>
          </ns3:TrackPointExtension>
        </extensions>
      </trkpt>
      <trkpt lat="31.28517664968967437744140625" lon="121.37004266493022441864013671875">
        <ele>12.80000019073486328125</ele>
        <time>2026-06-13T05:52:18.000Z</time>
        <extensions>
          <ns3:TrackPointExtension>
            <ns3:hr>107</ns3:hr>
            <ns3:cad>80</ns3:cad>
          </ns3:TrackPointExtension>
        </extensions>
      </trkpt>
      <trkpt lat="31.2851567007601261138916015625" lon="121.37002699077129364013671875">
        <ele>12.80000019073486328125</ele>
        <time>2026-06-13T05:52:19.000Z</time>
        <extensions>
          <ns3:TrackPointExtension>
            <ns3:hr>107</ns3:hr>
            <ns3:cad>80</ns3:cad>
          </ns3:TrackPointExtension>
        </extensions>
      </trkpt>
      <trkpt lat="31.2851392664015293121337890625" lon="121.3700144179165363311767578125">
        <ele>13</ele>
        <time>2026-06-13T05:52:20.000Z</time>
        <extensions>
          <ns3:TrackPointExtension>
            <ns3:hr>107</ns3:hr>
            <ns3:cad>80</ns3:cad>
          </ns3:TrackPointExtension>
        </extensions>
      </trkpt>
      <trkpt lat="31.2851235084235668182373046875" lon="121.37000679038465023040771484375">
        <ele>13</ele>
        <time>2026-06-13T05:52:21.000Z</time>
        <extensions>
          <ns3:TrackPointExtension>
            <ns3:hr>107</ns3:hr>
            <ns3:cad>80</ns3:cad>
          </ns3:TrackPointExtension>
        </extensions>
      </trkpt>
      <trkpt lat="31.28510632552206516265869140625" lon="121.369995139539241790771484375">
        <ele>12.80000019073486328125</ele>
        <time>2026-06-13T05:52:22.000Z</time>
        <extensions>
          <ns3:TrackPointExtension>
            <ns3:hr>107</ns3:hr>
            <ns3:cad>81</ns3:cad>
          </ns3:TrackPointExtension>
        </extensions>
      </trkpt>
      <trkpt lat="31.28508822061121463775634765625" lon="121.36998482979834079742431640625">
        <ele>12.80000019073486328125</ele>
        <time>2026-06-13T05:52:23.000Z</time>
        <extensions>
          <ns3:TrackPointExtension>
            <ns3:hr>108</ns3:hr>
            <ns3:cad>81</ns3:cad>
          </ns3:TrackPointExtension>
        </extensions>
      </trkpt>
      <trkpt lat="31.28506978042423725128173828125" lon="121.36997871100902557373046875">
        <ele>12.80000019073486328125</ele>
        <time>2026-06-13T05:52:24.000Z</time>
        <extensions>
          <ns3:TrackPointExtension>
            <ns3:hr>112</ns3:hr>
            <ns3:cad>81</ns3:cad>
          </ns3:TrackPointExtension>
        </extensions>
      </trkpt>
      <trkpt lat="31.285049915313720703125" lon="121.36996706016361713409423828125">
        <ele>12.80000019073486328125</ele>
        <time>2026-06-13T05:52:25.000Z</time>
        <extensions>
          <ns3:TrackPointExtension>
            <ns3:hr>115</ns3:hr>
            <ns3:cad>82</ns3:cad>
          </ns3:TrackPointExtension>
        </extensions>
      </trkpt>
      <trkpt lat="31.28503306768834590911865234375" lon="121.3699617795646190643310546875">
        <ele>12.80000019073486328125</ele>
        <time>2026-06-13T05:52:26.000Z</time>
        <extensions>
          <ns3:TrackPointExtension>
            <ns3:hr>118</ns3:hr>
            <ns3:cad>82</ns3:cad>
          </ns3:TrackPointExtension>
        </extensions>
      </trkpt>
      <trkpt lat="31.28501244820654392242431640625" lon="121.3699537329375743865966796875">
        <ele>12.80000019073486328125</ele>
        <time>2026-06-13T05:52:27.000Z</time>
        <extensions>
          <ns3:TrackPointExtension>
            <ns3:hr>119</ns3:hr>
            <ns3:cad>81</ns3:cad>
          </ns3:TrackPointExtension>
        </extensions>
      </trkpt>
      <trkpt lat="31.2849914096295833587646484375" lon="121.36994308792054653167724609375">
        <ele>12.80000019073486328125</ele>
        <time>2026-06-13T05:52:28.000Z</time>
        <extensions>
          <ns3:TrackPointExtension>
            <ns3:hr>119</ns3:hr>
            <ns3:cad>81</ns3:cad>
          </ns3:TrackPointExtension>
        </extensions>
      </trkpt>
      <trkpt lat="31.2849733047187328338623046875" lon="121.36994040571153163909912109375">
        <ele>12.6000003814697265625</ele>
        <time>2026-06-13T05:52:29.000Z</time>
        <extensions>
          <ns3:TrackPointExtension>
            <ns3:hr>119</ns3:hr>
            <ns3:cad>81</ns3:cad>
          </ns3:TrackPointExtension>
        </extensions>
      </trkpt>
      <trkpt lat="31.284950673580169677734375" lon="121.3699332810938358306884765625">
        <ele>12.6000003814697265625</ele>
        <time>2026-06-13T05:52:30.000Z</time>
        <extensions>
          <ns3:TrackPointExtension>
            <ns3:hr>119</ns3:hr>
            <ns3:cad>81</ns3:cad>
          </ns3:TrackPointExtension>
        </extensions>
      </trkpt>
      <trkpt lat="31.28492862917482852935791015625" lon="121.369926072657108306884765625">
        <ele>12.6000003814697265625</ele>
        <time>2026-06-13T05:52:31.000Z</time>
        <extensions>
          <ns3:TrackPointExtension>
            <ns3:hr>119</ns3:hr>
            <ns3:cad>81</ns3:cad>
          </ns3:TrackPointExtension>
        </extensions>
      </trkpt>
      <trkpt lat="31.28491002134978771209716796875" lon="121.36992448009550571441650390625">
        <ele>12.6000003814697265625</ele>
        <time>2026-06-13T05:52:32.000Z</time>
        <extensions>
          <ns3:TrackPointExtension>
            <ns3:hr>118</ns3:hr>
            <ns3:cad>81</ns3:cad>
          </ns3:TrackPointExtension>
        </extensions>
      </trkpt>
      <trkpt lat="31.2848841212689876556396484375" lon="121.36991978622972965240478515625">
        <ele>12.80000019073486328125</ele>
        <time>2026-06-13T05:52:33.000Z</time>
        <extensions>
          <ns3:TrackPointExtension>
            <ns3:hr>119</ns3:hr>
            <ns3:cad>81</ns3:cad>
          </ns3:TrackPointExtension>
        </extensions>
      </trkpt>
      <trkpt lat="31.28486257977783679962158203125" lon="121.36992045678198337554931640625">
        <ele>12.80000019073486328125</ele>
        <time>2026-06-13T05:52:34.000Z</time>
        <extensions>
          <ns3:TrackPointExtension>
            <ns3:hr>119</ns3:hr>
            <ns3:cad>81</ns3:cad>
          </ns3:TrackPointExtension>
        </extensions>
      </trkpt>
      <trkpt lat="31.28484539687633514404296875" lon="121.36991970241069793701171875">
        <ele>13</ele>
        <time>2026-06-13T05:52:35.000Z</time>
        <extensions>
          <ns3:TrackPointExtension>
            <ns3:hr>119</ns3:hr>
            <ns3:cad>81</ns3:cad>
          </ns3:TrackPointExtension>
        </extensions>
      </trkpt>
      <trkpt lat="31.28482150845229625701904296875" lon="121.36991995386779308319091796875">
        <ele>12.80000019073486328125</ele>
        <time>2026-06-13T05:52:36.000Z</time>
        <extensions>
          <ns3:TrackPointExtension>
            <ns3:hr>119</ns3:hr>
            <ns3:cad>81</ns3:cad>
          </ns3:TrackPointExtension>
        </extensions>
      </trkpt>
      <trkpt lat="31.28479921258985996246337890625" lon="121.3699232228100299835205078125">
        <ele>13</ele>
        <time>2026-06-13T05:52:37.000Z</time>
        <extensions>
          <ns3:TrackPointExtension>
            <ns3:hr>119</ns3:hr>
            <ns3:cad>81</ns3:cad>
          </ns3:TrackPointExtension>
        </extensions>
      </trkpt>
      <trkpt lat="31.2847781740128993988037109375" lon="121.36992867104709148406982421875">
        <ele>13</ele>
        <time>2026-06-13T05:52:38.000Z</time>
        <extensions>
          <ns3:TrackPointExtension>
            <ns3:hr>119</ns3:hr>
            <ns3:cad>81</ns3:cad>
          </ns3:TrackPointExtension>
        </extensions>
      </trkpt>
      <trkpt lat="31.2847530283033847808837890625" lon="121.36992615647614002227783203125">
        <ele>13</ele>
        <time>2026-06-13T05:52:39.000Z</time>
        <extensions>
          <ns3:TrackPointExtension>
            <ns3:hr>119</ns3:hr>
            <ns3:cad>81</ns3:cad>
          </ns3:TrackPointExtension>
        </extensions>
      </trkpt>
      <trkpt lat="31.28473182208836078643798828125" lon="121.369928419589996337890625">
        <ele>13.19999980926513671875</ele>
        <time>2026-06-13T05:52:40.000Z</time>
        <extensions>
          <ns3:TrackPointExtension>
            <ns3:hr>119</ns3:hr>
            <ns3:cad>80</ns3:cad>
          </ns3:TrackPointExtension>
        </extensions>
      </trkpt>
      <trkpt lat="31.28471170552074909210205078125" lon="121.36993311345577239990234375">
        <ele>13.19999980926513671875</ele>
        <time>2026-06-13T05:52:41.000Z</time>
        <extensions>
          <ns3:TrackPointExtension>
            <ns3:hr>119</ns3:hr>
            <ns3:cad>80</ns3:cad>
          </ns3:TrackPointExtension>
        </extensions>
      </trkpt>
      <trkpt lat="31.2846864759922027587890625" lon="121.36993177235126495361328125">
        <ele>13.19999980926513671875</ele>
        <time>2026-06-13T05:52:42.000Z</time>
        <extensions>
          <ns3:TrackPointExtension>
            <ns3:hr>120</ns3:hr>
            <ns3:cad>81</ns3:cad>
          </ns3:TrackPointExtension>
        </extensions>
      </trkpt>
      <trkpt lat="31.28466443158686161041259765625" lon="121.36993470601737499237060546875">
        <ele>13.19999980926513671875</ele>
        <time>2026-06-13T05:52:43.000Z</time>
        <extensions>
          <ns3:TrackPointExtension>
            <ns3:hr>120</ns3:hr>
            <ns3:cad>81</ns3:cad>
          </ns3:TrackPointExtension>
        </extensions>
      </trkpt>
      <trkpt lat="31.28464196808636188507080078125" lon="121.369934119284152984619140625">
        <ele>13</ele>
        <time>2026-06-13T05:52:44.000Z</time>
        <extensions>
          <ns3:TrackPointExtension>
            <ns3:hr>121</ns3:hr>
            <ns3:cad>81</ns3:cad>
          </ns3:TrackPointExtension>
        </extensions>
      </trkpt>
      <trkpt lat="31.28461699001491069793701171875" lon="121.369930766522884368896484375">
        <ele>13</ele>
        <time>2026-06-13T05:52:45.000Z</time>
        <extensions>
          <ns3:TrackPointExtension>
            <ns3:hr>121</ns3:hr>
            <ns3:cad>81</ns3:cad>
          </ns3:TrackPointExtension>
        </extensions>
      </trkpt>
      <trkpt lat="31.28459653817117214202880859375" lon="121.369931437075138092041015625">
        <ele>13.19999980926513671875</ele>
        <time>2026-06-13T05:52:46.000Z</time>
        <extensions>
          <ns3:TrackPointExtension>
            <ns3:hr>121</ns3:hr>
            <ns3:cad>81</ns3:cad>
          </ns3:TrackPointExtension>
        </extensions>
      </trkpt>
      <trkpt lat="31.2845719791948795318603515625" lon="121.36992867104709148406982421875">
        <ele>13.19999980926513671875</ele>
        <time>2026-06-13T05:52:47.000Z</time>
        <extensions>
          <ns3:TrackPointExtension>
            <ns3:hr>121</ns3:hr>
            <ns3:cad>81</ns3:cad>
          </ns3:TrackPointExtension>
        </extensions>
      </trkpt>
      <trkpt lat="31.28454691730439662933349609375" lon="121.369928754866123199462890625">
        <ele>13.3999996185302734375</ele>
        <time>2026-06-13T05:52:48.000Z</time>
        <extensions>
          <ns3:TrackPointExtension>
            <ns3:hr>121</ns3:hr>
            <ns3:cad>81</ns3:cad>
          </ns3:TrackPointExtension>
        </extensions>
      </trkpt>
      <trkpt lat="31.2845277227461338043212890625" lon="121.36993110179901123046875">
        <ele>13.6000003814697265625</ele>
        <time>2026-06-13T05:52:49.000Z</time>
        <extensions>
          <ns3:TrackPointExtension>
            <ns3:hr>121</ns3:hr>
            <ns3:cad>81</ns3:cad>
          </ns3:TrackPointExtension>
        </extensions>
      </trkpt>
      <trkpt lat="31.284507773816585540771484375" lon="121.36993110179901123046875">
        <ele>13.6000003814697265625</ele>
        <time>2026-06-13T05:52:50.000Z</time>
        <extensions>
          <ns3:TrackPointExtension>
            <ns3:hr>122</ns3:hr>
            <ns3:cad>81</ns3:cad>
          </ns3:TrackPointExtension>
        </extensions>
      </trkpt>
      <trkpt lat="31.2844841368496417999267578125" lon="121.36993437074124813079833984375">
        <ele>13.3999996185302734375</ele>
        <time>2026-06-13T05:52:51.000Z</time>
        <extensions>
          <ns3:TrackPointExtension>
            <ns3:hr>122</ns3:hr>
            <ns3:cad>80</ns3:cad>
          </ns3:TrackPointExtension>
        </extensions>
      </trkpt>
      <trkpt lat="31.28446561284363269805908203125" lon="121.36993738822638988494873046875">
        <ele>13.3999996185302734375</ele>
        <time>2026-06-13T05:52:52.000Z</time>
        <extensions>
          <ns3:TrackPointExtension>
            <ns3:hr>122</ns3:hr>
            <ns3:cad>80</ns3:cad>
          </ns3:TrackPointExtension>
        </extensions>
      </trkpt>
      <trkpt lat="31.28444516099989414215087890625" lon="121.369938813149929046630859375">
        <ele>13.3999996185302734375</ele>
        <time>2026-06-13T05:52:53.000Z</time>
        <extensions>
          <ns3:TrackPointExtension>
            <ns3:hr>123</ns3:hr>
            <ns3:cad>79</ns3:cad>
          </ns3:TrackPointExtension>
        </extensions>
      </trkpt>
      <trkpt lat="31.28442521207034587860107421875" lon="121.3699413277208805084228515625">
        <ele>13.19999980926513671875</ele>
        <time>2026-06-13T05:52:54.000Z</time>
        <extensions>
          <ns3:TrackPointExtension>
            <ns3:hr>123</ns3:hr>
            <ns3:cad>79</ns3:cad>
          </ns3:TrackPointExtension>
        </extensions>
      </trkpt>
      <trkpt lat="31.28440576605498790740966796875" lon="121.369946189224720001220703125">
        <ele>13.3999996185302734375</ele>
        <time>2026-06-13T05:52:55.000Z</time>
        <extensions>
          <ns3:TrackPointExtension>
            <ns3:hr>125</ns3:hr>
            <ns3:cad>79</ns3:cad>
          </ns3:TrackPointExtension>
        </extensions>
      </trkpt>
      <trkpt lat="31.28438615240156650543212890625" lon="121.36994878761470317840576171875">
        <ele>13.3999996185302734375</ele>
        <time>2026-06-13T05:52:56.000Z</time>
        <extensions>
          <ns3:TrackPointExtension>
            <ns3:hr>125</ns3:hr>
            <ns3:cad>79</ns3:cad>
          </ns3:TrackPointExtension>
        </extensions>
      </trkpt>
      <trkpt lat="31.284363605082035064697265625" lon="121.36994962580502033233642578125">
        <ele>13.3999996185302734375</ele>
        <time>2026-06-13T05:52:57.000Z</time>
        <extensions>
          <ns3:TrackPointExtension>
            <ns3:hr>125</ns3:hr>
            <ns3:cad>79</ns3:cad>
          </ns3:TrackPointExtension>
        </extensions>
      </trkpt>
      <trkpt lat="31.28434541635215282440185546875" lon="121.36995901353657245635986328125">
        <ele>13.3999996185302734375</ele>
        <time>2026-06-13T05:52:58.000Z</time>
        <extensions>
          <ns3:TrackPointExtension>
            <ns3:hr>124</ns3:hr>
            <ns3:cad>78</ns3:cad>
          </ns3:TrackPointExtension>
        </extensions>
      </trkpt>
      <trkpt lat="31.28432479687035083770751953125" lon="121.36996706016361713409423828125">
        <ele>13.3999996185302734375</ele>
        <time>2026-06-13T05:52:59.000Z</time>
        <extensions>
          <ns3:TrackPointExtension>
            <ns3:hr>124</ns3:hr>
            <ns3:cad>79</ns3:cad>
          </ns3:TrackPointExtension>
        </extensions>
      </trkpt>
      <trkpt lat="31.28430233336985111236572265625" lon="121.36996840126812458038330078125">
        <ele>13.3999996185302734375</ele>
        <time>2026-06-13T05:53:00.000Z</time>
        <extensions>
          <ns3:TrackPointExtension>
            <ns3:hr>123</ns3:hr>
            <ns3:cad>79</ns3:cad>
          </ns3:TrackPointExtension>
        </extensions>
      </trkpt>
      <trkpt lat="31.284283138811588287353515625" lon="121.36997410096228122711181640625">
        <ele>13.3999996185302734375</ele>
        <time>2026-06-13T05:53:01.000Z</time>
        <extensions>
          <ns3:TrackPointExtension>
            <ns3:hr>124</ns3:hr>
            <ns3:cad>80</ns3:cad>
          </ns3:TrackPointExtension>
        </extensions>
      </trkpt>
      <trkpt lat="31.284261010587215423583984375" lon="121.36997845955193042755126953125">
        <ele>13.19999980926513671875</ele>
        <time>2026-06-13T05:53:02.000Z</time>
        <extensions>
          <ns3:TrackPointExtension>
            <ns3:hr>124</ns3:hr>
            <ns3:cad>80</ns3:cad>
          </ns3:TrackPointExtension>
        </extensions>
      </trkpt>
      <trkpt lat="31.28423921763896942138671875" lon="121.36998139321804046630859375">
        <ele>13.19999980926513671875</ele>
        <time>2026-06-13T05:53:03.000Z</time>
        <extensions>
          <ns3:TrackPointExtension>
            <ns3:hr>124</ns3:hr>
            <ns3:cad>81</ns3:cad>
          </ns3:TrackPointExtension>
        </extensions>
      </trkpt>
      <trkpt lat="31.2842242978513240814208984375" lon="121.36998952366411685943603515625">
        <ele>13.19999980926513671875</ele>
        <time>2026-06-13T05:53:04.000Z</time>
        <extensions>
          <ns3:TrackPointExtension>
            <ns3:hr>124</ns3:hr>
            <ns3:cad>81</ns3:cad>
          </ns3:TrackPointExtension>
        </extensions>
      </trkpt>
      <trkpt lat="31.28420493565499782562255859375" lon="121.36999304406344890594482421875">
        <ele>13.19999980926513671875</ele>
        <time>2026-06-13T05:53:05.000Z</time>
        <extensions>
          <ns3:TrackPointExtension>
            <ns3:hr>124</ns3:hr>
            <ns3:cad>81</ns3:cad>
          </ns3:TrackPointExtension>
        </extensions>
      </trkpt>
      <trkpt lat="31.2841820530593395233154296875" lon="121.369997151196002960205078125">
        <ele>13.19999980926513671875</ele>
        <time>2026-06-13T05:53:06.000Z</time>
        <extensions>
          <ns3:TrackPointExtension>
            <ns3:hr>125</ns3:hr>
            <ns3:cad>80</ns3:cad>
          </ns3:TrackPointExtension>
        </extensions>
      </trkpt>
      <trkpt lat="31.28416487015783786773681640625" lon="121.37000419199466705322265625">
        <ele>13.19999980926513671875</ele>
        <time>2026-06-13T05:53:07.000Z</time>
        <extensions>
          <ns3:TrackPointExtension>
            <ns3:hr>125</ns3:hr>
            <ns3:cad>80</ns3:cad>
          </ns3:TrackPointExtension>
        </extensions>
      </trkpt>
      <trkpt lat="31.2841446697711944580078125" lon="121.3700063712894916534423828125">
        <ele>13</ele>
        <time>2026-06-13T05:53:08.000Z</time>
        <extensions>
          <ns3:TrackPointExtension>
            <ns3:hr>125</ns3:hr>
            <ns3:cad>80</ns3:cad>
          </ns3:TrackPointExtension>
        </extensions>
      </trkpt>
      <trkpt lat="31.28412128426134586334228515625" lon="121.3700115680694580078125">
        <ele>13</ele>
        <time>2026-06-13T05:53:09.000Z</time>
        <extensions>
          <ns3:TrackPointExtension>
            <ns3:hr>125</ns3:hr>
            <ns3:cad>80</ns3:cad>
          </ns3:TrackPointExtension>
        </extensions>
      </trkpt>
      <trkpt lat="31.28409949131309986114501953125" lon="121.37001617811620235443115234375">
        <ele>13</ele>
        <time>2026-06-13T05:53:10.000Z</time>
        <extensions>
          <ns3:TrackPointExtension>
            <ns3:hr>125</ns3:hr>
            <ns3:cad>80</ns3:cad>
          </ns3:TrackPointExtension>
        </extensions>
      </trkpt>
      <trkpt lat="31.28407468087971210479736328125" lon="121.3700207881629467010498046875">
        <ele>13</ele>
        <time>2026-06-13T05:53:11.000Z</time>
        <extensions>
          <ns3:TrackPointExtension>
            <ns3:hr>125</ns3:hr>
            <ns3:cad>80</ns3:cad>
          </ns3:TrackPointExtension>
        </extensions>
      </trkpt>
      <trkpt lat="31.2840533070266246795654296875" lon="121.370023973286151885986328125">
        <ele>13</ele>
        <time>2026-06-13T05:53:12.000Z</time>
        <extensions>
          <ns3:TrackPointExtension>
            <ns3:hr>125</ns3:hr>
            <ns3:cad>80</ns3:cad>
          </ns3:TrackPointExtension>
        </extensions>
      </trkpt>
      <trkpt lat="31.284032352268695831298828125" lon="121.37002942152321338653564453125">
        <ele>13</ele>
        <time>2026-06-13T05:53:13.000Z</time>
        <extensions>
          <ns3:TrackPointExtension>
            <ns3:hr>125</ns3:hr>
            <ns3:cad>80</ns3:cad>
          </ns3:TrackPointExtension>
        </extensions>
      </trkpt>
      <trkpt lat="31.28400745801627635955810546875" lon="121.3700328581035137176513671875">
        <ele>13</ele>
        <time>2026-06-13T05:53:14.000Z</time>
        <extensions>
          <ns3:TrackPointExtension>
            <ns3:hr>125</ns3:hr>
            <ns3:cad>81</ns3:cad>
          </ns3:TrackPointExtension>
        </extensions>
      </trkpt>
      <trkpt lat="31.28398901782929897308349609375" lon="121.3700409047305583953857421875">
        <ele>13</ele>
        <time>2026-06-13T05:53:15.000Z</time>
        <extensions>
          <ns3:TrackPointExtension>
            <ns3:hr>124</ns3:hr>
            <ns3:cad>81</ns3:cad>
          </ns3:TrackPointExtension>
        </extensions>
      </trkpt>
      <trkpt lat="31.28397225402295589447021484375" lon="121.37004937045276165008544921875">
        <ele>13</ele>
        <time>2026-06-13T05:53:16.000Z</time>
        <extensions>
          <ns3:TrackPointExtension>
            <ns3:hr>125</ns3:hr>
            <ns3:cad>81</ns3:cad>
          </ns3:TrackPointExtension>
        </extensions>
      </trkpt>
      <trkpt lat="31.28395046107470989227294921875" lon="121.37005523778498172760009765625">
        <ele>13</ele>
        <time>2026-06-13T05:53:17.000Z</time>
        <extensions>
          <ns3:TrackPointExtension>
            <ns3:hr>125</ns3:hr>
            <ns3:cad>81</ns3:cad>
          </ns3:TrackPointExtension>
        </extensions>
      </trkpt>
      <trkpt lat="31.28393218852579593658447265625" lon="121.370060183107852935791015625">
        <ele>13.19999980926513671875</ele>
        <time>2026-06-13T05:53:18.000Z</time>
        <extensions>
          <ns3:TrackPointExtension>
            <ns3:hr>124</ns3:hr>
            <ns3:cad>81</ns3:cad>
          </ns3:TrackPointExtension>
        </extensions>
      </trkpt>
      <trkpt lat="31.28391123376786708831787109375" lon="121.370068900287151336669921875">
        <ele>13.19999980926513671875</ele>
        <time>2026-06-13T05:53:19.000Z</time>
        <extensions>
          <ns3:TrackPointExtension>
            <ns3:hr>125</ns3:hr>
            <ns3:cad>80</ns3:cad>
          </ns3:TrackPointExtension>
        </extensions>
      </trkpt>
      <trkpt lat="31.2838876806199550628662109375" lon="121.37007401324808597564697265625">
        <ele>13.3999996185302734375</ele>
        <time>2026-06-13T05:53:20.000Z</time>
        <extensions>
          <ns3:TrackPointExtension>
            <ns3:hr>125</ns3:hr>
            <ns3:cad>79</ns3:cad>
          </ns3:TrackPointExtension>
        </extensions>
      </trkpt>
      <trkpt lat="31.28386815078556537628173828125" lon="121.37008197605609893798828125">
        <ele>13.3999996185302734375</ele>
        <time>2026-06-13T05:53:21.000Z</time>
        <extensions>
          <ns3:TrackPointExtension>
            <ns3:hr>124</ns3:hr>
            <ns3:cad>79</ns3:cad>
          </ns3:TrackPointExtension>
        </extensions>
      </trkpt>
      <trkpt lat="31.2838487885892391204833984375" lon="121.37008926831185817718505859375">
        <ele>13.3999996185302734375</ele>
        <time>2026-06-13T05:53:22.000Z</time>
        <extensions>
          <ns3:TrackPointExtension>
            <ns3:hr>125</ns3:hr>
            <ns3:cad>79</ns3:cad>
          </ns3:TrackPointExtension>
        </extensions>
      </trkpt>
      <trkpt lat="31.28382624126970767974853515625" lon="121.370096392929553985595703125">
        <ele>13.3999996185302734375</ele>
        <time>2026-06-13T05:53:23.000Z</time>
        <extensions>
          <ns3:TrackPointExtension>
            <ns3:hr>125</ns3:hr>
            <ns3:cad>79</ns3:cad>
          </ns3:TrackPointExtension>
        </extensions>
      </trkpt>
      <trkpt lat="31.28380461595952510833740234375" lon="121.370108462870121002197265625">
        <ele>13.3999996185302734375</ele>
        <time>2026-06-13T05:53:24.000Z</time>
        <extensions>
          <ns3:TrackPointExtension>
            <ns3:hr>126</ns3:hr>
            <ns3:cad>80</ns3:cad>
          </ns3:TrackPointExtension>
        </extensions>
      </trkpt>
      <trkpt lat="31.28378282301127910614013671875" lon="121.37011692859232425689697265625">
        <ele>13.19999980926513671875</ele>
        <time>2026-06-13T05:53:25.000Z</time>
        <extensions>
          <ns3:TrackPointExtension>
            <ns3:hr>126</ns3:hr>
            <ns3:cad>81</ns3:cad>
          </ns3:TrackPointExtension>
        </extensions>
      </trkpt>
      <trkpt lat="31.28376002423465251922607421875" lon="121.37012463994324207305908203125">
        <ele>13.19999980926513671875</ele>
        <time>2026-06-13T05:53:26.000Z</time>
        <extensions>
          <ns3:TrackPointExtension>
            <ns3:hr>126</ns3:hr>
            <ns3:cad>81</ns3:cad>
          </ns3:TrackPointExtension>
        </extensions>
      </trkpt>
      <trkpt lat="31.2837425060570240020751953125" lon="121.37013419531285762786865234375">
        <ele>13</ele>
        <time>2026-06-13T05:53:27.000Z</time>
        <extensions>
          <ns3:TrackPointExtension>
            <ns3:hr>127</ns3:hr>
            <ns3:cad>81</ns3:cad>
          </ns3:TrackPointExtension>
        </extensions>
      </trkpt>
      <trkpt lat="31.28372021019458770751953125" lon="121.37014375068247318267822265625">
        <ele>13</ele>
        <time>2026-06-13T05:53:28.000Z</time>
        <extensions>
          <ns3:TrackPointExtension>
            <ns3:hr>127</ns3:hr>
            <ns3:cad>81</ns3:cad>
          </ns3:TrackPointExtension>
        </extensions>
      </trkpt>
      <trkpt lat="31.28369917161762714385986328125" lon="121.37015447951853275299072265625">
        <ele>13</ele>
        <time>2026-06-13T05:53:29.000Z</time>
        <extensions>
          <ns3:TrackPointExtension>
            <ns3:hr>127</ns3:hr>
            <ns3:cad>81</ns3:cad>
          </ns3:TrackPointExtension>
        </extensions>
      </trkpt>
      <trkpt lat="31.2836818210780620574951171875" lon="121.37016554363071918487548828125">
        <ele>13</ele>
        <time>2026-06-13T05:53:30.000Z</time>
        <extensions>
          <ns3:TrackPointExtension>
            <ns3:hr>127</ns3:hr>
            <ns3:cad>81</ns3:cad>
          </ns3:TrackPointExtension>
        </extensions>
      </trkpt>
      <trkpt lat="31.28365776501595973968505859375" lon="121.370173506438732147216796875">
        <ele>13</ele>
        <time>2026-06-13T05:53:31.000Z</time>
        <extensions>
          <ns3:TrackPointExtension>
            <ns3:hr>127</ns3:hr>
            <ns3:cad>81</ns3:cad>
          </ns3:TrackPointExtension>
        </extensions>
      </trkpt>
      <trkpt lat="31.283633708953857421875" lon="121.37018096633255481719970703125">
        <ele>13</ele>
        <time>2026-06-13T05:53:32.000Z</time>
        <extensions>
          <ns3:TrackPointExtension>
            <ns3:hr>127</ns3:hr>
            <ns3:cad>81</ns3:cad>
          </ns3:TrackPointExtension>
        </extensions>
      </trkpt>
      <trkpt lat="31.28361552022397518157958984375" lon="121.37018859386444091796875">
        <ele>13</ele>
        <time>2026-06-13T05:53:33.000Z</time>
        <extensions>
          <ns3:TrackPointExtension>
            <ns3:hr>127</ns3:hr>
            <ns3:cad>81</ns3:cad>
          </ns3:TrackPointExtension>
        </extensions>
      </trkpt>
      <trkpt lat="31.28359205089509487152099609375" lon="121.37019555084407329559326171875">
        <ele>13</ele>
        <time>2026-06-13T05:53:34.000Z</time>
        <extensions>
          <ns3:TrackPointExtension>
            <ns3:hr>127</ns3:hr>
            <ns3:cad>81</ns3:cad>
          </ns3:TrackPointExtension>
        </extensions>
      </trkpt>
      <trkpt lat="31.28357025794684886932373046875" lon="121.37020376510918140411376953125">
        <ele>13.19999980926513671875</ele>
        <time>2026-06-13T05:53:35.000Z</time>
        <extensions>
          <ns3:TrackPointExtension>
            <ns3:hr>126</ns3:hr>
            <ns3:cad>81</ns3:cad>
          </ns3:TrackPointExtension>
        </extensions>
      </trkpt>
      <trkpt lat="31.28355248831212520599365234375" lon="121.3702135719358921051025390625">
        <ele>13</ele>
        <time>2026-06-13T05:53:36.000Z</time>
        <extensions>
          <ns3:TrackPointExtension>
            <ns3:hr>127</ns3:hr>
            <ns3:cad>81</ns3:cad>
          </ns3:TrackPointExtension>
        </extensions>
      </trkpt>
      <trkpt lat="31.28353136591613292694091796875" lon="121.3702229596674442291259765625">
        <ele>13</ele>
        <time>2026-06-13T05:53:37.000Z</time>
        <extensions>
          <ns3:TrackPointExtension>
            <ns3:hr>127</ns3:hr>
            <ns3:cad>81</ns3:cad>
          </ns3:TrackPointExtension>
        </extensions>
      </trkpt>
      <trkpt lat="31.28351191990077495574951171875" lon="121.37023343704640865325927734375">
        <ele>12.80000019073486328125</ele>
        <time>2026-06-13T05:53:38.000Z</time>
        <extensions>
          <ns3:TrackPointExtension>
            <ns3:hr>128</ns3:hr>
            <ns3:cad>80</ns3:cad>
          </ns3:TrackPointExtension>
        </extensions>
      </trkpt>
      <trkpt lat="31.28349247388541698455810546875" lon="121.37024634517729282379150390625">
        <ele>12.80000019073486328125</ele>
        <time>2026-06-13T05:53:39.000Z</time>
        <extensions>
          <ns3:TrackPointExtension>
            <ns3:hr>128</ns3:hr>
            <ns3:cad>80</ns3:cad>
          </ns3:TrackPointExtension>
        </extensions>
      </trkpt>
      <trkpt lat="31.2834709323942661285400390625" lon="121.37025556527078151702880859375">
        <ele>12.80000019073486328125</ele>
        <time>2026-06-13T05:53:40.000Z</time>
        <extensions>
          <ns3:TrackPointExtension>
            <ns3:hr>128</ns3:hr>
            <ns3:cad>81</ns3:cad>
          </ns3:TrackPointExtension>
        </extensions>
      </trkpt>
      <trkpt lat="31.2834481336176395416259765625" lon="121.370264030992984771728515625">
        <ele>13</ele>
        <time>2026-06-13T05:53:41.000Z</time>
        <extensions>
          <ns3:TrackPointExtension>
            <ns3:hr>128</ns3:hr>
            <ns3:cad>81</ns3:cad>
          </ns3:TrackPointExtension>
        </extensions>
      </trkpt>
      <trkpt lat="31.2834246642887592315673828125" lon="121.3702719099819660186767578125">
        <ele>13</ele>
        <time>2026-06-13T05:53:42.000Z</time>
        <extensions>
          <ns3:TrackPointExtension>
            <ns3:hr>128</ns3:hr>
            <ns3:cad>81</ns3:cad>
          </ns3:TrackPointExtension>
        </extensions>
      </trkpt>
      <trkpt lat="31.2834058888256549835205078125" lon="121.37027643620967864990234375">
        <ele>12.80000019073486328125</ele>
        <time>2026-06-13T05:53:43.000Z</time>
        <extensions>
          <ns3:TrackPointExtension>
            <ns3:hr>128</ns3:hr>
            <ns3:cad>80</ns3:cad>
          </ns3:TrackPointExtension>
        </extensions>
      </trkpt>
      <trkpt lat="31.283383928239345550537109375" lon="121.370280794799327850341796875">
        <ele>12.80000019073486328125</ele>
        <time>2026-06-13T05:53:44.000Z</time>
        <extensions>
          <ns3:TrackPointExtension>
            <ns3:hr>128</ns3:hr>
            <ns3:cad>80</ns3:cad>
          </ns3:TrackPointExtension>
        </extensions>
      </trkpt>
      <trkpt lat="31.28336221911013126373291015625" lon="121.3702809624373912811279296875">
        <ele>12.80000019073486328125</ele>
        <time>2026-06-13T05:53:45.000Z</time>
        <extensions>
          <ns3:TrackPointExtension>
            <ns3:hr>128</ns3:hr>
            <ns3:cad>80</ns3:cad>
          </ns3:TrackPointExtension>
        </extensions>
      </trkpt>
      <trkpt lat="31.2833400070667266845703125" lon="121.3702759332954883575439453125">
        <ele>12.80000019073486328125</ele>
        <time>2026-06-13T05:53:46.000Z</time>
        <extensions>
          <ns3:TrackPointExtension>
            <ns3:hr>129</ns3:hr>
            <ns3:cad>80</ns3:cad>
          </ns3:TrackPointExtension>
        </extensions>
      </trkpt>
      <trkpt lat="31.28331628628075122833251953125" lon="121.3702749274671077728271484375">
        <ele>12.80000019073486328125</ele>
        <time>2026-06-13T05:53:47.000Z</time>
        <extensions>
          <ns3:TrackPointExtension>
            <ns3:hr>128</ns3:hr>
            <ns3:cad>80</ns3:cad>
          </ns3:TrackPointExtension>
        </extensions>
      </trkpt>
      <trkpt lat="31.2832945771515369415283203125" lon="121.37027333490550518035888671875">
        <ele>13</ele>
        <time>2026-06-13T05:53:48.000Z</time>
        <extensions>
          <ns3:TrackPointExtension>
            <ns3:hr>128</ns3:hr>
            <ns3:cad>79</ns3:cad>
          </ns3:TrackPointExtension>
        </extensions>
      </trkpt>
      <trkpt lat="31.283270604908466339111328125" lon="121.3702702336013317108154296875">
        <ele>13.19999980926513671875</ele>
        <time>2026-06-13T05:53:49.000Z</time>
        <extensions>
          <ns3:TrackPointExtension>
            <ns3:hr>129</ns3:hr>
            <ns3:cad>79</ns3:cad>
          </ns3:TrackPointExtension>
        </extensions>
      </trkpt>
      <trkpt lat="31.283248476684093475341796875" lon="121.370269395411014556884765625">
        <ele>13.3999996185302734375</ele>
        <time>2026-06-13T05:53:50.000Z</time>
        <extensions>
          <ns3:TrackPointExtension>
            <ns3:hr>128</ns3:hr>
            <ns3:cad>77</ns3:cad>
          </ns3:TrackPointExtension>
        </extensions>
      </trkpt>
      <trkpt lat="31.28322693519294261932373046875" lon="121.3702677190303802490234375">
        <ele>13.6000003814697265625</ele>
        <time>2026-06-13T05:53:51.000Z</time>
        <extensions>
          <ns3:TrackPointExtension>
            <ns3:hr>129</ns3:hr>
            <ns3:cad>79</ns3:cad>
          </ns3:TrackPointExtension>
        </extensions>
      </trkpt>
      <trkpt lat="31.28320547752082347869873046875" lon="121.3702608458697795867919921875">
        <ele>13.80000019073486328125</ele>
        <time>2026-06-13T05:53:52.000Z</time>
        <extensions>
          <ns3:TrackPointExtension>
            <ns3:hr>129</ns3:hr>
            <ns3:cad>79</ns3:cad>
          </ns3:TrackPointExtension>
        </extensions>
      </trkpt>
      <trkpt lat="31.2831882946193218231201171875" lon="121.3702462613582611083984375">
        <ele>13.80000019073486328125</ele>
        <time>2026-06-13T05:53:53.000Z</time>
        <extensions>
          <ns3:TrackPointExtension>
            <ns3:hr>129</ns3:hr>
            <ns3:cad>80</ns3:cad>
          </ns3:TrackPointExtension>
        </extensions>
      </trkpt>
      <trkpt lat="31.28317513503134250640869140625" lon="121.37022656388580799102783203125">
        <ele>13.80000019073486328125</ele>
        <time>2026-06-13T05:53:54.000Z</time>
        <extensions>
          <ns3:TrackPointExtension>
            <ns3:hr>130</ns3:hr>
            <ns3:cad>80</ns3:cad>
          </ns3:TrackPointExtension>
        </extensions>
      </trkpt>
      <trkpt lat="31.2831656634807586669921875" lon="121.370211727917194366455078125">
        <ele>13.6000003814697265625</ele>
        <time>2026-06-13T05:53:55.000Z</time>
        <extensions>
          <ns3:TrackPointExtension>
            <ns3:hr>131</ns3:hr>
            <ns3:cad>79</ns3:cad>
          </ns3:TrackPointExtension>
        </extensions>
      </trkpt>
      <trkpt lat="31.2831549346446990966796875" lon="121.37019932270050048828125">
        <ele>13.6000003814697265625</ele>
        <time>2026-06-13T05:53:56.000Z</time>
        <extensions>
          <ns3:TrackPointExtension>
            <ns3:hr>131</ns3:hr>
            <ns3:cad>78</ns3:cad>
          </ns3:TrackPointExtension>
        </extensions>
      </trkpt>
      <trkpt lat="31.28314546309411525726318359375" lon="121.3701958023011684417724609375">
        <ele>13.6000003814697265625</ele>
        <time>2026-06-13T05:53:57.000Z</time>
        <extensions>
          <ns3:TrackPointExtension>
            <ns3:hr>131</ns3:hr>
            <ns3:cad>78</ns3:cad>
          </ns3:TrackPointExtension>
        </extensions>
      </trkpt>
      <trkpt lat="31.283136494457721710205078125" lon="121.37019739486277103424072265625">
        <ele>13.80000019073486328125</ele>
        <time>2026-06-13T05:53:58.000Z</time>
        <extensions>
          <ns3:TrackPointExtension>
            <ns3:hr>131</ns3:hr>
            <ns3:cad>77</ns3:cad>
          </ns3:TrackPointExtension>
        </extensions>
      </trkpt>
      <trkpt lat="31.28312584944069385528564453125" lon="121.37020057998597621917724609375">
        <ele>13.80000019073486328125</ele>
        <time>2026-06-13T05:53:59.000Z</time>
        <extensions>
          <ns3:TrackPointExtension>
            <ns3:hr>131</ns3:hr>
            <ns3:cad>75</ns3:cad>
          </ns3:TrackPointExtension>
        </extensions>
      </trkpt>
      <trkpt lat="31.283113025128841400146484375" lon="121.370204351842403411865234375">
        <ele>13.80000019073486328125</ele>
        <time>2026-06-13T05:54:00.000Z</time>
        <extensions>
          <ns3:TrackPointExtension>
            <ns3:hr>131</ns3:hr>
            <ns3:cad>75</ns3:cad>
          </ns3:TrackPointExtension>
        </extensions>
      </trkpt>
      <trkpt lat="31.2830974347889423370361328125" lon="121.3702060282230377197265625">
        <ele>13.80000019073486328125</ele>
        <time>2026-06-13T05:54:01.000Z</time>
        <extensions>
          <ns3:TrackPointExtension>
            <ns3:hr>131</ns3:hr>
            <ns3:cad>75</ns3:cad>
          </ns3:TrackPointExtension>
        </extensions>
      </trkpt>
      <trkpt lat="31.283080168068408966064453125" lon="121.37020644731819629669189453125">
        <ele>13.80000019073486328125</ele>
        <time>2026-06-13T05:54:02.000Z</time>
        <extensions>
          <ns3:TrackPointExtension>
            <ns3:hr>130</ns3:hr>
            <ns3:cad>75</ns3:cad>
          </ns3:TrackPointExtension>
        </extensions>
      </trkpt>
      <trkpt lat="31.28305795602500438690185546875" lon="121.3702048547565937042236328125">
        <ele>13.80000019073486328125</ele>
        <time>2026-06-13T05:54:03.000Z</time>
        <extensions>
          <ns3:TrackPointExtension>
            <ns3:hr>130</ns3:hr>
            <ns3:cad>0</ns3:cad>
          </ns3:TrackPointExtension>
        </extensions>
      </trkpt>
      <trkpt lat="31.28303532488644123077392578125" lon="121.3702041842043399810791015625">
        <ele>13.80000019073486328125</ele>
        <time>2026-06-13T05:54:04.000Z</time>
        <extensions>
          <ns3:TrackPointExtension>
            <ns3:hr>131</ns3:hr>
            <ns3:cad>0</ns3:cad>
          </ns3:TrackPointExtension>
        </extensions>
      </trkpt>
      <trkpt lat="31.2830105982720851898193359375" lon="121.37020728550851345062255859375">
        <ele>13.80000019073486328125</ele>
        <time>2026-06-13T05:54:05.000Z</time>
        <extensions>
          <ns3:TrackPointExtension>
            <ns3:hr>131</ns3:hr>
            <ns3:cad>0</ns3:cad>
          </ns3:TrackPointExtension>
        </extensions>
      </trkpt>
      <trkpt lat="31.28299207426607608795166015625" lon="121.3702028430998325347900390625">
        <ele>13.80000019073486328125</ele>
        <time>2026-06-13T05:54:06.000Z</time>
        <extensions>
          <ns3:TrackPointExtension>
            <ns3:hr>132</ns3:hr>
            <ns3:cad>79</ns3:cad>
          </ns3:TrackPointExtension>
        </extensions>
      </trkpt>
      <trkpt lat="31.2829720415174961090087890625" lon="121.37019739486277103424072265625">
        <ele>13.80000019073486328125</ele>
        <time>2026-06-13T05:54:07.000Z</time>
        <extensions>
          <ns3:TrackPointExtension>
            <ns3:hr>132</ns3:hr>
            <ns3:cad>79</ns3:cad>
          </ns3:TrackPointExtension>
        </extensions>
      </trkpt>
      <trkpt lat="31.28295251168310642242431640625" lon="121.37018599547445774078369140625">
        <ele>13.80000019073486328125</ele>
        <time>2026-06-13T05:54:08.000Z</time>
        <extensions>
          <ns3:TrackPointExtension>
            <ns3:hr>132</ns3:hr>
            <ns3:cad>79</ns3:cad>
          </ns3:TrackPointExtension>
        </extensions>
      </trkpt>
      <trkpt lat="31.282930634915828704833984375" lon="121.37017275206744670867919921875">
        <ele>13.6000003814697265625</ele>
        <time>2026-06-13T05:54:09.000Z</time>
        <extensions>
          <ns3:TrackPointExtension>
            <ns3:hr>133</ns3:hr>
            <ns3:cad>79</ns3:cad>
          </ns3:TrackPointExtension>
        </extensions>
      </trkpt>
      <trkpt lat="31.2829103507101535797119140625" lon="121.3701616041362285614013671875">
        <ele>13.6000003814697265625</ele>
        <time>2026-06-13T05:54:10.000Z</time>
        <extensions>
          <ns3:TrackPointExtension>
            <ns3:hr>133</ns3:hr>
            <ns3:cad>79</ns3:cad>
          </ns3:TrackPointExtension>
        </extensions>
      </trkpt>
      <trkpt lat="31.28289006650447845458984375" lon="121.37014408595860004425048828125">
        <ele>13.6000003814697265625</ele>
        <time>2026-06-13T05:54:11.000Z</time>
        <extensions>
          <ns3:TrackPointExtension>
            <ns3:hr>133</ns3:hr>
            <ns3:cad>79</ns3:cad>
          </ns3:TrackPointExtension>
        </extensions>
      </trkpt>
      <trkpt lat="31.28287103958427906036376953125" lon="121.3701277412474155426025390625">
        <ele>13.6000003814697265625</ele>
        <time>2026-06-13T05:54:12.000Z</time>
        <extensions>
          <ns3:TrackPointExtension>
            <ns3:hr>133</ns3:hr>
            <ns3:cad>78</ns3:cad>
          </ns3:TrackPointExtension>
        </extensions>
      </trkpt>
      <trkpt lat="31.2828520126640796661376953125" lon="121.37011458165943622589111328125">
        <ele>13.6000003814697265625</ele>
        <time>2026-06-13T05:54:13.000Z</time>
        <extensions>
          <ns3:TrackPointExtension>
            <ns3:hr>132</ns3:hr>
            <ns3:cad>78</ns3:cad>
          </ns3:TrackPointExtension>
        </extensions>
      </trkpt>
      <trkpt lat="31.282831393182277679443359375" lon="121.37010343372821807861328125">
        <ele>13.3999996185302734375</ele>
        <time>2026-06-13T05:54:14.000Z</time>
        <extensions>
          <ns3:TrackPointExtension>
            <ns3:hr>133</ns3:hr>
            <ns3:cad>79</ns3:cad>
          </ns3:TrackPointExtension>
        </extensions>
      </trkpt>
      <trkpt lat="31.28281421028077602386474609375" lon="121.370087005198001861572265625">
        <ele>13.3999996185302734375</ele>
        <time>2026-06-13T05:54:15.000Z</time>
        <extensions>
          <ns3:TrackPointExtension>
            <ns3:hr>133</ns3:hr>
            <ns3:cad>79</ns3:cad>
          </ns3:TrackPointExtension>
        </extensions>
      </trkpt>
      <trkpt lat="31.282795183360576629638671875" lon="121.370073594152927398681640625">
        <ele>13.19999980926513671875</ele>
        <time>2026-06-13T05:54:16.000Z</time>
        <extensions>
          <ns3:TrackPointExtension>
            <ns3:hr>133</ns3:hr>
            <ns3:cad>80</ns3:cad>
          </ns3:TrackPointExtension>
        </extensions>
      </trkpt>
      <trkpt lat="31.28277716226875782012939453125" lon="121.3700593449175357818603515625">
        <ele>13.19999980926513671875</ele>
        <time>2026-06-13T05:54:17.000Z</time>
        <extensions>
          <ns3:TrackPointExtension>
            <ns3:hr>132</ns3:hr>
            <ns3:cad>80</ns3:cad>
          </ns3:TrackPointExtension>
        </extensions>
      </trkpt>
      <trkpt lat="31.2827598117291927337646484375" lon="121.37004333548247814178466796875">
        <ele>13</ele>
        <time>2026-06-13T05:54:18.000Z</time>
        <extensions>
          <ns3:TrackPointExtension>
            <ns3:hr>132</ns3:hr>
            <ns3:cad>80</ns3:cad>
          </ns3:TrackPointExtension>
        </extensions>
      </trkpt>
      <trkpt lat="31.28274279646575450897216796875" lon="121.37002791278064250946044921875">
        <ele>13</ele>
        <time>2026-06-13T05:54:19.000Z</time>
        <extensions>
          <ns3:TrackPointExtension>
            <ns3:hr>131</ns3:hr>
            <ns3:cad>80</ns3:cad>
          </ns3:TrackPointExtension>
        </extensions>
      </trkpt>
      <trkpt lat="31.28272133879363536834716796875" lon="121.37001215480268001556396484375">
        <ele>13</ele>
        <time>2026-06-13T05:54:20.000Z</time>
        <extensions>
          <ns3:TrackPointExtension>
            <ns3:hr>131</ns3:hr>
            <ns3:cad>80</ns3:cad>
          </ns3:TrackPointExtension>
        </extensions>
      </trkpt>
      <trkpt lat="31.2827014736831188201904296875" lon="121.3699956424534320831298828125">
        <ele>13</ele>
        <time>2026-06-13T05:54:21.000Z</time>
        <extensions>
          <ns3:TrackPointExtension>
            <ns3:hr>130</ns3:hr>
            <ns3:cad>81</ns3:cad>
          </ns3:TrackPointExtension>
        </extensions>
      </trkpt>
      <trkpt lat="31.2826847098767757415771484375" lon="121.36997695080935955047607421875">
        <ele>13</ele>
        <time>2026-06-13T05:54:22.000Z</time>
        <extensions>
          <ns3:TrackPointExtension>
            <ns3:hr>130</ns3:hr>
            <ns3:cad>81</ns3:cad>
          </ns3:TrackPointExtension>
        </extensions>
      </trkpt>
      <trkpt lat="31.28266802988946437835693359375" lon="121.369956918060779571533203125">
        <ele>13</ele>
        <time>2026-06-13T05:54:23.000Z</time>
        <extensions>
          <ns3:TrackPointExtension>
            <ns3:hr>130</ns3:hr>
            <ns3:cad>81</ns3:cad>
          </ns3:TrackPointExtension>
        </extensions>
      </trkpt>
      <trkpt lat="31.2826491706073284149169921875" lon="121.369940154254436492919921875">
        <ele>13.19999980926513671875</ele>
        <time>2026-06-13T05:54:24.000Z</time>
        <extensions>
          <ns3:TrackPointExtension>
            <ns3:hr>131</ns3:hr>
            <ns3:cad>81</ns3:cad>
          </ns3:TrackPointExtension>
        </extensions>
      </trkpt>
      <trkpt lat="31.2826307304203510284423828125" lon="121.3699248991906642913818359375">
        <ele>13.19999980926513671875</ele>
        <time>2026-06-13T05:54:25.000Z</time>
        <extensions>
          <ns3:TrackPointExtension>
            <ns3:hr>131</ns3:hr>
            <ns3:cad>81</ns3:cad>
          </ns3:TrackPointExtension>
        </extensions>
      </trkpt>
      <trkpt lat="31.282614804804325103759765625" lon="121.3699047826230525970458984375">
        <ele>13.19999980926513671875</ele>
        <time>2026-06-13T05:54:26.000Z</time>
        <extensions>
          <ns3:TrackPointExtension>
            <ns3:hr>131</ns3:hr>
            <ns3:cad>81</ns3:cad>
          </ns3:TrackPointExtension>
        </extensions>
      </trkpt>
      <trkpt lat="31.28259628079831600189208984375" lon="121.36988659389317035675048828125">
        <ele>13.19999980926513671875</ele>
        <time>2026-06-13T05:54:27.000Z</time>
        <extensions>
          <ns3:TrackPointExtension>
            <ns3:hr>132</ns3:hr>
            <ns3:cad>80</ns3:cad>
          </ns3:TrackPointExtension>
        </extensions>
      </trkpt>
      <trkpt lat="31.28257867880165576934814453125" lon="121.36986664496362209320068359375">
        <ele>13</ele>
        <time>2026-06-13T05:54:28.000Z</time>
        <extensions>
          <ns3:TrackPointExtension>
            <ns3:hr>132</ns3:hr>
            <ns3:cad>80</ns3:cad>
          </ns3:TrackPointExtension>
        </extensions>
      </trkpt>
      <trkpt lat="31.28256107680499553680419921875" lon="121.3698464445769786834716796875">
        <ele>12.80000019073486328125</ele>
        <time>2026-06-13T05:54:29.000Z</time>
        <extensions>
          <ns3:TrackPointExtension>
            <ns3:hr>132</ns3:hr>
            <ns3:cad>80</ns3:cad>
          </ns3:TrackPointExtension>
        </extensions>
      </trkpt>
      <trkpt lat="31.28254330717027187347412109375" lon="121.36982993222773075103759765625">
        <ele>12.80000019073486328125</ele>
        <time>2026-06-13T05:54:30.000Z</time>
        <extensions>
          <ns3:TrackPointExtension>
            <ns3:hr>132</ns3:hr>
            <ns3:cad>80</ns3:cad>
          </ns3:TrackPointExtension>
        </extensions>
      </trkpt>
      <trkpt lat="31.28252536989748477935791015625" lon="121.369810402393341064453125">
        <ele>12.6000003814697265625</ele>
        <time>2026-06-13T05:54:31.000Z</time>
        <extensions>
          <ns3:TrackPointExtension>
            <ns3:hr>132</ns3:hr>
            <ns3:cad>80</ns3:cad>
          </ns3:TrackPointExtension>
        </extensions>
      </trkpt>
      <trkpt lat="31.28250542096793651580810546875" lon="121.36979363858699798583984375">
        <ele>12.3999996185302734375</ele>
        <time>2026-06-13T05:54:32.000Z</time>
        <extensions>
          <ns3:TrackPointExtension>
            <ns3:hr>133</ns3:hr>
            <ns3:cad>80</ns3:cad>
          </ns3:TrackPointExtension>
        </extensions>
      </trkpt>
      <trkpt lat="31.28248748369514942169189453125" lon="121.369780562818050384521484375">
        <ele>12.3999996185302734375</ele>
        <time>2026-06-13T05:54:33.000Z</time>
        <extensions>
          <ns3:TrackPointExtension>
            <ns3:hr>133</ns3:hr>
            <ns3:cad>80</ns3:cad>
          </ns3:TrackPointExtension>
        </extensions>
      </trkpt>
      <trkpt lat="31.2824724800884723663330078125" lon="121.36976136825978755950927734375">
        <ele>12.3999996185302734375</ele>
        <time>2026-06-13T05:54:34.000Z</time>
        <extensions>
          <ns3:TrackPointExtension>
            <ns3:hr>133</ns3:hr>
            <ns3:cad>80</ns3:cad>
          </ns3:TrackPointExtension>
        </extensions>
      </trkpt>
      <trkpt lat="31.28245730884373188018798828125" lon="121.36974728666245937347412109375">
        <ele>12.3999996185302734375</ele>
        <time>2026-06-13T05:54:35.000Z</time>
        <extensions>
          <ns3:TrackPointExtension>
            <ns3:hr>133</ns3:hr>
            <ns3:cad>80</ns3:cad>
          </ns3:TrackPointExtension>
        </extensions>
      </trkpt>
      <trkpt lat="31.28244138322770595550537109375" lon="121.369731612503528594970703125">
        <ele>12.3999996185302734375</ele>
        <time>2026-06-13T05:54:36.000Z</time>
        <extensions>
          <ns3:TrackPointExtension>
            <ns3:hr>133</ns3:hr>
            <ns3:cad>80</ns3:cad>
          </ns3:TrackPointExtension>
        </extensions>
      </trkpt>
      <trkpt lat="31.28242612816393375396728515625" lon="121.3697170279920101165771484375">
        <ele>12.19999980926513671875</ele>
        <time>2026-06-13T05:54:37.000Z</time>
        <extensions>
          <ns3:TrackPointExtension>
            <ns3:hr>132</ns3:hr>
            <ns3:cad>81</ns3:cad>
          </ns3:TrackPointExtension>
        </extensions>
      </trkpt>
      <trkpt lat="31.28241288475692272186279296875" lon="121.369704790413379669189453125">
        <ele>12.19999980926513671875</ele>
        <time>2026-06-13T05:54:38.000Z</time>
        <extensions>
          <ns3:TrackPointExtension>
            <ns3:hr>132</ns3:hr>
            <ns3:cad>81</ns3:cad>
          </ns3:TrackPointExtension>
        </extensions>
      </trkpt>
      <trkpt lat="31.282396204769611358642578125" lon="121.36968844570219516754150390625">
        <ele>12.19999980926513671875</ele>
        <time>2026-06-13T05:54:39.000Z</time>
        <extensions>
          <ns3:TrackPointExtension>
            <ns3:hr>132</ns3:hr>
            <ns3:cad>81</ns3:cad>
          </ns3:TrackPointExtension>
        </extensions>
      </trkpt>
      <trkpt lat="31.28238069824874401092529296875" lon="121.36967419646680355072021484375">
        <ele>12.19999980926513671875</ele>
        <time>2026-06-13T05:54:40.000Z</time>
        <extensions>
          <ns3:TrackPointExtension>
            <ns3:hr>132</ns3:hr>
            <ns3:cad>81</ns3:cad>
          </ns3:TrackPointExtension>
        </extensions>
      </trkpt>
      <trkpt lat="31.2823682092130184173583984375" lon="121.36966045014560222625732421875">
        <ele>12.19999980926513671875</ele>
        <time>2026-06-13T05:54:41.000Z</time>
        <extensions>
          <ns3:TrackPointExtension>
            <ns3:hr>132</ns3:hr>
            <ns3:cad>81</ns3:cad>
          </ns3:TrackPointExtension>
        </extensions>
      </trkpt>
      <trkpt lat="31.28235186450183391571044921875" lon="121.3696459494531154632568359375">
        <ele>12.19999980926513671875</ele>
        <time>2026-06-13T05:54:42.000Z</time>
        <extensions>
          <ns3:TrackPointExtension>
            <ns3:hr>132</ns3:hr>
            <ns3:cad>80</ns3:cad>
          </ns3:TrackPointExtension>
        </extensions>
      </trkpt>
      <trkpt lat="31.28233526833355426788330078125" lon="121.3696322031319141387939453125">
        <ele>12.19999980926513671875</ele>
        <time>2026-06-13T05:54:43.000Z</time>
        <extensions>
          <ns3:TrackPointExtension>
            <ns3:hr>132</ns3:hr>
            <ns3:cad>79</ns3:cad>
          </ns3:TrackPointExtension>
        </extensions>
      </trkpt>
      <trkpt lat="31.28231875598430633544921875" lon="121.3696174509823322296142578125">
        <ele>12</ele>
        <time>2026-06-13T05:54:44.000Z</time>
        <extensions>
          <ns3:TrackPointExtension>
            <ns3:hr>132</ns3:hr>
            <ns3:cad>79</ns3:cad>
          </ns3:TrackPointExtension>
        </extensions>
      </trkpt>
      <trkpt lat="31.2823018245398998260498046875" lon="121.36960311792790889739990234375">
        <ele>12</ele>
        <time>2026-06-13T05:54:45.000Z</time>
        <extensions>
          <ns3:TrackPointExtension>
            <ns3:hr>132</ns3:hr>
            <ns3:cad>78</ns3:cad>
          </ns3:TrackPointExtension>
        </extensions>
      </trkpt>
      <trkpt lat="31.28228464163839817047119140625" lon="121.3695879466831684112548828125">
        <ele>12</ele>
        <time>2026-06-13T05:54:46.000Z</time>
        <extensions>
          <ns3:TrackPointExtension>
            <ns3:hr>132</ns3:hr>
            <ns3:cad>78</ns3:cad>
          </ns3:TrackPointExtension>
        </extensions>
      </trkpt>
      <trkpt lat="31.2822679616510868072509765625" lon="121.3695758767426013946533203125">
        <ele>12</ele>
        <time>2026-06-13T05:54:47.000Z</time>
        <extensions>
          <ns3:TrackPointExtension>
            <ns3:hr>132</ns3:hr>
            <ns3:cad>78</ns3:cad>
          </ns3:TrackPointExtension>
        </extensions>
      </trkpt>
      <trkpt lat="31.282250694930553436279296875" lon="121.3695631362497806549072265625">
        <ele>11.80000019073486328125</ele>
        <time>2026-06-13T05:54:48.000Z</time>
        <extensions>
          <ns3:TrackPointExtension>
            <ns3:hr>131</ns3:hr>
            <ns3:cad>78</ns3:cad>
          </ns3:TrackPointExtension>
        </extensions>
      </trkpt>
      <trkpt lat="31.282232590019702911376953125" lon="121.36955115012824535369873046875">
        <ele>11.80000019073486328125</ele>
        <time>2026-06-13T05:54:49.000Z</time>
        <extensions>
          <ns3:TrackPointExtension>
            <ns3:hr>131</ns3:hr>
            <ns3:cad>78</ns3:cad>
          </ns3:TrackPointExtension>
        </extensions>
      </trkpt>
      <trkpt lat="31.2822159938514232635498046875" lon="121.36953673325479030609130859375">
        <ele>11.80000019073486328125</ele>
        <time>2026-06-13T05:54:50.000Z</time>
        <extensions>
          <ns3:TrackPointExtension>
            <ns3:hr>131</ns3:hr>
            <ns3:cad>79</ns3:cad>
          </ns3:TrackPointExtension>
        </extensions>
      </trkpt>
      <trkpt lat="31.2822002358734607696533203125" lon="121.369522400200366973876953125">
        <ele>11.80000019073486328125</ele>
        <time>2026-06-13T05:54:51.000Z</time>
        <extensions>
          <ns3:TrackPointExtension>
            <ns3:hr>130</ns3:hr>
            <ns3:cad>79</ns3:cad>
          </ns3:TrackPointExtension>
        </extensions>
      </trkpt>
      <trkpt lat="31.28218657337129116058349609375" lon="121.36950722895562648773193359375">
        <ele>11.6000003814697265625</ele>
        <time>2026-06-13T05:54:52.000Z</time>
        <extensions>
          <ns3:TrackPointExtension>
            <ns3:hr>130</ns3:hr>
            <ns3:cad>80</ns3:cad>
          </ns3:TrackPointExtension>
        </extensions>
      </trkpt>
      <trkpt lat="31.2821727432310581207275390625" lon="121.36949029751121997833251953125">
        <ele>11.6000003814697265625</ele>
        <time>2026-06-13T05:54:53.000Z</time>
        <extensions>
          <ns3:TrackPointExtension>
            <ns3:hr>130</ns3:hr>
            <ns3:cad>80</ns3:cad>
          </ns3:TrackPointExtension>
        </extensions>
      </trkpt>
      <trkpt lat="31.28215857781469821929931640625" lon="121.36947705410420894622802734375">
        <ele>11.6000003814697265625</ele>
        <time>2026-06-13T05:54:54.000Z</time>
        <extensions>
          <ns3:TrackPointExtension>
            <ns3:hr>130</ns3:hr>
            <ns3:cad>80</ns3:cad>
          </ns3:TrackPointExtension>
        </extensions>
      </trkpt>
      <trkpt lat="31.28214298747479915618896484375" lon="121.36946280486881732940673828125">
        <ele>11.6000003814697265625</ele>
        <time>2026-06-13T05:54:55.000Z</time>
        <extensions>
          <ns3:TrackPointExtension>
            <ns3:hr>130</ns3:hr>
            <ns3:cad>80</ns3:cad>
          </ns3:TrackPointExtension>
        </extensions>
      </trkpt>
      <trkpt lat="31.28212907351553440093994140625" lon="121.36944897472858428955078125">
        <ele>11.6000003814697265625</ele>
        <time>2026-06-13T05:54:56.000Z</time>
        <extensions>
          <ns3:TrackPointExtension>
            <ns3:hr>130</ns3:hr>
            <ns3:cad>79</ns3:cad>
          </ns3:TrackPointExtension>
        </extensions>
      </trkpt>
      <trkpt lat="31.2821142375469207763671875" lon="121.36943698860704898834228515625">
        <ele>11.6000003814697265625</ele>
        <time>2026-06-13T05:54:57.000Z</time>
        <extensions>
          <ns3:TrackPointExtension>
            <ns3:hr>131</ns3:hr>
            <ns3:cad>79</ns3:cad>
          </ns3:TrackPointExtension>
        </extensions>
      </trkpt>
      <trkpt lat="31.2820976413786411285400390625" lon="121.369421482086181640625">
        <ele>11.6000003814697265625</ele>
        <time>2026-06-13T05:54:58.000Z</time>
        <extensions>
          <ns3:TrackPointExtension>
            <ns3:hr>131</ns3:hr>
            <ns3:cad>79</ns3:cad>
          </ns3:TrackPointExtension>
        </extensions>
      </trkpt>
      <trkpt lat="31.2820802070200443267822265625" lon="121.36940614320337772369384765625">
        <ele>11.6000003814697265625</ele>
        <time>2026-06-13T05:54:59.000Z</time>
        <extensions>
          <ns3:TrackPointExtension>
            <ns3:hr>131</ns3:hr>
            <ns3:cad>79</ns3:cad>
          </ns3:TrackPointExtension>
        </extensions>
      </trkpt>
      <trkpt lat="31.28206436522305011749267578125" lon="121.36939038522541522979736328125">
        <ele>11.6000003814697265625</ele>
        <time>2026-06-13T05:55:00.000Z</time>
        <extensions>
          <ns3:TrackPointExtension>
            <ns3:hr>131</ns3:hr>
            <ns3:cad>80</ns3:cad>
          </ns3:TrackPointExtension>
        </extensions>
      </trkpt>
      <trkpt lat="31.28204894252121448516845703125" lon="121.36937647126615047454833984375">
        <ele>11.6000003814697265625</ele>
        <time>2026-06-13T05:55:01.000Z</time>
        <extensions>
          <ns3:TrackPointExtension>
            <ns3:hr>132</ns3:hr>
            <ns3:cad>80</ns3:cad>
          </ns3:TrackPointExtension>
        </extensions>
      </trkpt>
      <trkpt lat="31.2820312567055225372314453125" lon="121.369362138211727142333984375">
        <ele>11.80000019073486328125</ele>
        <time>2026-06-13T05:55:02.000Z</time>
        <extensions>
          <ns3:TrackPointExtension>
            <ns3:hr>131</ns3:hr>
            <ns3:cad>80</ns3:cad>
          </ns3:TrackPointExtension>
        </extensions>
      </trkpt>
      <trkpt lat="31.28201357088983058929443359375" lon="121.36934948153793811798095703125">
        <ele>11.80000019073486328125</ele>
        <time>2026-06-13T05:55:03.000Z</time>
        <extensions>
          <ns3:TrackPointExtension>
            <ns3:hr>131</ns3:hr>
            <ns3:cad>80</ns3:cad>
          </ns3:TrackPointExtension>
        </extensions>
      </trkpt>
      <trkpt lat="31.281996555626392364501953125" lon="121.3693374954164028167724609375">
        <ele>11.80000019073486328125</ele>
        <time>2026-06-13T05:55:04.000Z</time>
        <extensions>
          <ns3:TrackPointExtension>
            <ns3:hr>131</ns3:hr>
            <ns3:cad>80</ns3:cad>
          </ns3:TrackPointExtension>
        </extensions>
      </trkpt>
      <trkpt lat="31.28198037855327129364013671875" lon="121.36932265944778919219970703125">
        <ele>11.80000019073486328125</ele>
        <time>2026-06-13T05:55:05.000Z</time>
        <extensions>
          <ns3:TrackPointExtension>
            <ns3:hr>131</ns3:hr>
            <ns3:cad>80</ns3:cad>
          </ns3:TrackPointExtension>
        </extensions>
      </trkpt>
      <trkpt lat="31.2819621898233890533447265625" lon="121.36931126005947589874267578125">
        <ele>12</ele>
        <time>2026-06-13T05:55:06.000Z</time>
        <extensions>
          <ns3:TrackPointExtension>
            <ns3:hr>131</ns3:hr>
            <ns3:cad>80</ns3:cad>
          </ns3:TrackPointExtension>
        </extensions>
      </trkpt>
      <trkpt lat="31.28194349817931652069091796875" lon="121.36930036358535289764404296875">
        <ele>12</ele>
        <time>2026-06-13T05:55:07.000Z</time>
        <extensions>
          <ns3:TrackPointExtension>
            <ns3:hr>131</ns3:hr>
            <ns3:cad>80</ns3:cad>
          </ns3:TrackPointExtension>
        </extensions>
      </trkpt>
      <trkpt lat="31.2819253094494342803955078125" lon="121.36929047293961048126220703125">
        <ele>12</ele>
        <time>2026-06-13T05:55:08.000Z</time>
        <extensions>
          <ns3:TrackPointExtension>
            <ns3:hr>131</ns3:hr>
            <ns3:cad>81</ns3:cad>
          </ns3:TrackPointExtension>
        </extensions>
      </trkpt>
      <trkpt lat="31.28190695308148860931396484375" lon="121.36928058229386806488037109375">
        <ele>12</ele>
        <time>2026-06-13T05:55:09.000Z</time>
        <extensions>
          <ns3:TrackPointExtension>
            <ns3:hr>131</ns3:hr>
            <ns3:cad>81</ns3:cad>
          </ns3:TrackPointExtension>
        </extensions>
      </trkpt>
      <trkpt lat="31.28188733942806720733642578125" lon="121.36926968581974506378173828125">
        <ele>12</ele>
        <time>2026-06-13T05:55:10.000Z</time>
        <extensions>
          <ns3:TrackPointExtension>
            <ns3:hr>131</ns3:hr>
            <ns3:cad>81</ns3:cad>
          </ns3:TrackPointExtension>
        </extensions>
      </trkpt>
      <trkpt lat="31.28187216818332672119140625" lon="121.3692587055265903472900390625">
        <ele>11.80000019073486328125</ele>
        <time>2026-06-13T05:55:11.000Z</time>
        <extensions>
          <ns3:TrackPointExtension>
            <ns3:hr>132</ns3:hr>
            <ns3:cad>80</ns3:cad>
          </ns3:TrackPointExtension>
        </extensions>
      </trkpt>
      <trkpt lat="31.28186034969985485076904296875" lon="121.36924956925213336944580078125">
        <ele>11.80000019073486328125</ele>
        <time>2026-06-13T05:55:12.000Z</time>
        <extensions>
          <ns3:TrackPointExtension>
            <ns3:hr>132</ns3:hr>
            <ns3:cad>80</ns3:cad>
          </ns3:TrackPointExtension>
        </extensions>
      </trkpt>
      <trkpt lat="31.28184995613992214202880859375" lon="121.36924068443477153778076171875">
        <ele>11.80000019073486328125</ele>
        <time>2026-06-13T05:55:13.000Z</time>
        <extensions>
          <ns3:TrackPointExtension>
            <ns3:hr>132</ns3:hr>
            <ns3:cad>81</ns3:cad>
          </ns3:TrackPointExtension>
        </extensions>
      </trkpt>
      <trkpt lat="31.28184090368449687957763671875" lon="121.36923716403543949127197265625">
        <ele>11.6000003814697265625</ele>
        <time>2026-06-13T05:55:14.000Z</time>
        <extensions>
          <ns3:TrackPointExtension>
            <ns3:hr>132</ns3:hr>
            <ns3:cad>81</ns3:cad>
          </ns3:TrackPointExtension>
        </extensions>
      </trkpt>
      <trkpt lat="31.28183302469551563262939453125" lon="121.36923515237867832183837890625">
        <ele>11.6000003814697265625</ele>
        <time>2026-06-13T05:55:15.000Z</time>
        <extensions>
          <ns3:TrackPointExtension>
            <ns3:hr>132</ns3:hr>
            <ns3:cad>81</ns3:cad>
          </ns3:TrackPointExtension>
        </extensions>
      </trkpt>
      <trkpt lat="31.2818230502307415008544921875" lon="121.3692297041416168212890625">
        <ele>11.6000003814697265625</ele>
        <time>2026-06-13T05:55:16.000Z</time>
        <extensions>
          <ns3:TrackPointExtension>
            <ns3:hr>132</ns3:hr>
            <ns3:cad>79</ns3:cad>
          </ns3:TrackPointExtension>
        </extensions>
      </trkpt>
      <trkpt lat="31.28180854953825473785400390625" lon="121.36922299861907958984375">
        <ele>11.6000003814697265625</ele>
        <time>2026-06-13T05:55:17.000Z</time>
        <extensions>
          <ns3:TrackPointExtension>
            <ns3:hr>132</ns3:hr>
            <ns3:cad>79</ns3:cad>
          </ns3:TrackPointExtension>
        </extensions>
      </trkpt>
      <trkpt lat="31.2817923724651336669921875" lon="121.36922006495296955108642578125">
        <ele>11.80000019073486328125</ele>
        <time>2026-06-13T05:55:18.000Z</time>
        <extensions>
          <ns3:TrackPointExtension>
            <ns3:hr>131</ns3:hr>
            <ns3:cad>0</ns3:cad>
          </ns3:TrackPointExtension>
        </extensions>
      </trkpt>
      <trkpt lat="31.28177485428750514984130859375" lon="121.36921687982976436614990234375">
        <ele>11.80000019073486328125</ele>
        <time>2026-06-13T05:55:19.000Z</time>
        <extensions>
          <ns3:TrackPointExtension>
            <ns3:hr>130</ns3:hr>
            <ns3:cad>0</ns3:cad>
          </ns3:TrackPointExtension>
        </extensions>
      </trkpt>
      <trkpt lat="31.281755827367305755615234375" lon="121.3692114315927028656005859375">
        <ele>12</ele>
        <time>2026-06-13T05:55:20.000Z</time>
        <extensions>
          <ns3:TrackPointExtension>
            <ns3:hr>129</ns3:hr>
            <ns3:cad>0</ns3:cad>
          </ns3:TrackPointExtension>
        </extensions>
      </trkpt>
      <trkpt lat="31.28173763863742351531982421875" lon="121.3692028820514678955078125">
        <ele>12</ele>
        <time>2026-06-13T05:55:21.000Z</time>
        <extensions>
          <ns3:TrackPointExtension>
            <ns3:hr>128</ns3:hr>
            <ns3:cad>79</ns3:cad>
          </ns3:TrackPointExtension>
        </extensions>
      </trkpt>
      <trkpt lat="31.28171660006046295166015625" lon="121.3691983558237552642822265625">
        <ele>12</ele>
        <time>2026-06-13T05:55:22.000Z</time>
        <extensions>
          <ns3:TrackPointExtension>
            <ns3:hr>127</ns3:hr>
            <ns3:cad>79</ns3:cad>
          </ns3:TrackPointExtension>
        </extensions>
      </trkpt>
      <trkpt lat="31.2816984951496124267578125" lon="121.3691919855773448944091796875">
        <ele>12</ele>
        <time>2026-06-13T05:55:23.000Z</time>
        <extensions>
          <ns3:TrackPointExtension>
            <ns3:hr>128</ns3:hr>
            <ns3:cad>79</ns3:cad>
          </ns3:TrackPointExtension>
        </extensions>
      </trkpt>
      <trkpt lat="31.281681060791015625" lon="121.36918544769287109375">
        <ele>12</ele>
        <time>2026-06-13T05:55:24.000Z</time>
        <extensions>
          <ns3:TrackPointExtension>
            <ns3:hr>128</ns3:hr>
            <ns3:cad>80</ns3:cad>
          </ns3:TrackPointExtension>
        </extensions>
      </trkpt>
      <trkpt lat="31.28166253678500652313232421875" lon="121.3691785745322704315185546875">
        <ele>12</ele>
        <time>2026-06-13T05:55:25.000Z</time>
        <extensions>
          <ns3:TrackPointExtension>
            <ns3:hr>128</ns3:hr>
            <ns3:cad>80</ns3:cad>
          </ns3:TrackPointExtension>
        </extensions>
      </trkpt>
      <trkpt lat="31.2816466949880123138427734375" lon="121.36917295865714550018310546875">
        <ele>12</ele>
        <time>2026-06-13T05:55:26.000Z</time>
        <extensions>
          <ns3:TrackPointExtension>
            <ns3:hr>127</ns3:hr>
            <ns3:cad>81</ns3:cad>
          </ns3:TrackPointExtension>
        </extensions>
      </trkpt>
      <trkpt lat="31.2816285900771617889404296875" lon="121.3691648282110691070556640625">
        <ele>12</ele>
        <time>2026-06-13T05:55:27.000Z</time>
        <extensions>
          <ns3:TrackPointExtension>
            <ns3:hr>127</ns3:hr>
            <ns3:cad>81</ns3:cad>
          </ns3:TrackPointExtension>
        </extensions>
      </trkpt>
      <trkpt lat="31.2816099822521209716796875" lon="121.36915904469788074493408203125">
        <ele>12</ele>
        <time>2026-06-13T05:55:28.000Z</time>
        <extensions>
          <ns3:TrackPointExtension>
            <ns3:hr>127</ns3:hr>
            <ns3:cad>81</ns3:cad>
          </ns3:TrackPointExtension>
        </extensions>
      </trkpt>
      <trkpt lat="31.28159129060804843902587890625" lon="121.3691532611846923828125">
        <ele>12.19999980926513671875</ele>
        <time>2026-06-13T05:55:29.000Z</time>
        <extensions>
          <ns3:TrackPointExtension>
            <ns3:hr>127</ns3:hr>
            <ns3:cad>81</ns3:cad>
          </ns3:TrackPointExtension>
        </extensions>
      </trkpt>
      <trkpt lat="31.281572766602039337158203125" lon="121.3691483996808528900146484375">
        <ele>12.19999980926513671875</ele>
        <time>2026-06-13T05:55:30.000Z</time>
        <extensions>
          <ns3:TrackPointExtension>
            <ns3:hr>126</ns3:hr>
            <ns3:cad>80</ns3:cad>
          </ns3:TrackPointExtension>
        </extensions>
      </trkpt>
      <trkpt lat="31.2815563380718231201171875" lon="121.36914110742509365081787109375">
        <ele>12.19999980926513671875</ele>
        <time>2026-06-13T05:55:31.000Z</time>
        <extensions>
          <ns3:TrackPointExtension>
            <ns3:hr>126</ns3:hr>
            <ns3:cad>80</ns3:cad>
          </ns3:TrackPointExtension>
        </extensions>
      </trkpt>
      <trkpt lat="31.2815390713512897491455078125" lon="121.3691336475312709808349609375">
        <ele>12.3999996185302734375</ele>
        <time>2026-06-13T05:55:32.000Z</time>
        <extensions>
          <ns3:TrackPointExtension>
            <ns3:hr>126</ns3:hr>
            <ns3:cad>79</ns3:cad>
          </ns3:TrackPointExtension>
        </extensions>
      </trkpt>
      <trkpt lat="31.2815216369926929473876953125" lon="121.3691296242177486419677734375">
        <ele>12.3999996185302734375</ele>
        <time>2026-06-13T05:55:33.000Z</time>
        <extensions>
          <ns3:TrackPointExtension>
            <ns3:hr>125</ns3:hr>
            <ns3:cad>79</ns3:cad>
          </ns3:TrackPointExtension>
        </extensions>
      </trkpt>
      <trkpt lat="31.28150261007249355316162109375" lon="121.36912384070456027984619140625">
        <ele>12.6000003814697265625</ele>
        <time>2026-06-13T05:55:34.000Z</time>
        <extensions>
          <ns3:TrackPointExtension>
            <ns3:hr>125</ns3:hr>
            <ns3:cad>79</ns3:cad>
          </ns3:TrackPointExtension>
        </extensions>
      </trkpt>
      <trkpt lat="31.28148333169519901275634765625" lon="121.369122080504894256591796875">
        <ele>12.6000003814697265625</ele>
        <time>2026-06-13T05:55:35.000Z</time>
        <extensions>
          <ns3:TrackPointExtension>
            <ns3:hr>124</ns3:hr>
            <ns3:cad>79</ns3:cad>
          </ns3:TrackPointExtension>
        </extensions>
      </trkpt>
      <trkpt lat="31.281466819345951080322265625" lon="121.369118727743625640869140625">
        <ele>12.6000003814697265625</ele>
        <time>2026-06-13T05:55:36.000Z</time>
        <extensions>
          <ns3:TrackPointExtension>
            <ns3:hr>124</ns3:hr>
            <ns3:cad>79</ns3:cad>
          </ns3:TrackPointExtension>
        </extensions>
      </trkpt>
      <trkpt lat="31.2814465351402759552001953125" lon="121.36911772191524505615234375">
        <ele>12.3999996185302734375</ele>
        <time>2026-06-13T05:55:37.000Z</time>
        <extensions>
          <ns3:TrackPointExtension>
            <ns3:hr>124</ns3:hr>
            <ns3:cad>79</ns3:cad>
          </ns3:TrackPointExtension>
        </extensions>
      </trkpt>
      <trkpt lat="31.28142817877233028411865234375" lon="121.36911814101040363311767578125">
        <ele>12.3999996185302734375</ele>
        <time>2026-06-13T05:55:38.000Z</time>
        <extensions>
          <ns3:TrackPointExtension>
            <ns3:hr>124</ns3:hr>
            <ns3:cad>79</ns3:cad>
          </ns3:TrackPointExtension>
        </extensions>
      </trkpt>
      <trkpt lat="31.28140890039503574371337890625" lon="121.36911948211491107940673828125">
        <ele>12.3999996185302734375</ele>
        <time>2026-06-13T05:55:39.000Z</time>
        <extensions>
          <ns3:TrackPointExtension>
            <ns3:hr>123</ns3:hr>
            <ns3:cad>80</ns3:cad>
          </ns3:TrackPointExtension>
        </extensions>
      </trkpt>
      <trkpt lat="31.28138828091323375701904296875" lon="121.369118057191371917724609375">
        <ele>12.19999980926513671875</ele>
        <time>2026-06-13T05:55:40.000Z</time>
        <extensions>
          <ns3:TrackPointExtension>
            <ns3:hr>124</ns3:hr>
            <ns3:cad>79</ns3:cad>
          </ns3:TrackPointExtension>
        </extensions>
      </trkpt>
      <trkpt lat="31.281370930373668670654296875" lon="121.36911503970623016357421875">
        <ele>12</ele>
        <time>2026-06-13T05:55:41.000Z</time>
        <extensions>
          <ns3:TrackPointExtension>
            <ns3:hr>124</ns3:hr>
            <ns3:cad>79</ns3:cad>
          </ns3:TrackPointExtension>
        </extensions>
      </trkpt>
      <trkpt lat="31.28135207109153270721435546875" lon="121.36911797337234020233154296875">
        <ele>12</ele>
        <time>2026-06-13T05:55:42.000Z</time>
        <extensions>
          <ns3:TrackPointExtension>
            <ns3:hr>124</ns3:hr>
            <ns3:cad>79</ns3:cad>
          </ns3:TrackPointExtension>
        </extensions>
      </trkpt>
      <trkpt lat="31.28133212216198444366455078125" lon="121.36911864392459392547607421875">
        <ele>11.80000019073486328125</ele>
        <time>2026-06-13T05:55:43.000Z</time>
        <extensions>
          <ns3:TrackPointExtension>
            <ns3:hr>124</ns3:hr>
            <ns3:cad>79</ns3:cad>
          </ns3:TrackPointExtension>
        </extensions>
      </trkpt>
      <trkpt lat="31.28131317906081676483154296875" lon="121.369121409952640533447265625">
        <ele>11.80000019073486328125</ele>
        <time>2026-06-13T05:55:44.000Z</time>
        <extensions>
          <ns3:TrackPointExtension>
            <ns3:hr>124</ns3:hr>
            <ns3:cad>80</ns3:cad>
          </ns3:TrackPointExtension>
        </extensions>
      </trkpt>
      <trkpt lat="31.28129188902676105499267578125" lon="121.36912174522876739501953125">
        <ele>11.80000019073486328125</ele>
        <time>2026-06-13T05:55:45.000Z</time>
        <extensions>
          <ns3:TrackPointExtension>
            <ns3:hr>124</ns3:hr>
            <ns3:cad>80</ns3:cad>
          </ns3:TrackPointExtension>
        </extensions>
      </trkpt>
      <trkpt lat="31.281270682811737060546875" lon="121.3691225834190845489501953125">
        <ele>12</ele>
        <time>2026-06-13T05:55:46.000Z</time>
        <extensions>
          <ns3:TrackPointExtension>
            <ns3:hr>124</ns3:hr>
            <ns3:cad>80</ns3:cad>
          </ns3:TrackPointExtension>
        </extensions>
      </trkpt>
      <trkpt lat="31.2812514044344425201416015625" lon="121.369128786027431488037109375">
        <ele>12.19999980926513671875</ele>
        <time>2026-06-13T05:55:47.000Z</time>
        <extensions>
          <ns3:TrackPointExtension>
            <ns3:hr>125</ns3:hr>
            <ns3:cad>80</ns3:cad>
          </ns3:TrackPointExtension>
        </extensions>
      </trkpt>
      <trkpt lat="31.28123246133327484130859375" lon="121.36913104914128780364990234375">
        <ele>12.3999996185302734375</ele>
        <time>2026-06-13T05:55:48.000Z</time>
        <extensions>
          <ns3:TrackPointExtension>
            <ns3:hr>125</ns3:hr>
            <ns3:cad>81</ns3:cad>
          </ns3:TrackPointExtension>
        </extensions>
      </trkpt>
      <trkpt lat="31.2812131829559803009033203125" lon="121.36913649737834930419921875">
        <ele>12.3999996185302734375</ele>
        <time>2026-06-13T05:55:49.000Z</time>
        <extensions>
          <ns3:TrackPointExtension>
            <ns3:hr>125</ns3:hr>
            <ns3:cad>81</ns3:cad>
          </ns3:TrackPointExtension>
        </extensions>
      </trkpt>
      <trkpt lat="31.28119516186416149139404296875" lon="121.36914261616766452789306640625">
        <ele>12.6000003814697265625</ele>
        <time>2026-06-13T05:55:50.000Z</time>
        <extensions>
          <ns3:TrackPointExtension>
            <ns3:hr>125</ns3:hr>
            <ns3:cad>80</ns3:cad>
          </ns3:TrackPointExtension>
        </extensions>
      </trkpt>
      <trkpt lat="31.28117387183010578155517578125" lon="121.3691470585763454437255859375">
        <ele>12.3999996185302734375</ele>
        <time>2026-06-13T05:55:51.000Z</time>
        <extensions>
          <ns3:TrackPointExtension>
            <ns3:hr>126</ns3:hr>
            <ns3:cad>80</ns3:cad>
          </ns3:TrackPointExtension>
        </extensions>
      </trkpt>
      <trkpt lat="31.28115274943411350250244140625" lon="121.369154267013072967529296875">
        <ele>12.3999996185302734375</ele>
        <time>2026-06-13T05:55:52.000Z</time>
        <extensions>
          <ns3:TrackPointExtension>
            <ns3:hr>126</ns3:hr>
            <ns3:cad>80</ns3:cad>
          </ns3:TrackPointExtension>
        </extensions>
      </trkpt>
      <trkpt lat="31.28113380633294582366943359375" lon="121.36916122399270534515380859375">
        <ele>12.3999996185302734375</ele>
        <time>2026-06-13T05:55:53.000Z</time>
        <extensions>
          <ns3:TrackPointExtension>
            <ns3:hr>126</ns3:hr>
            <ns3:cad>80</ns3:cad>
          </ns3:TrackPointExtension>
        </extensions>
      </trkpt>
      <trkpt lat="31.28111469559371471405029296875" lon="121.36916759423911571502685546875">
        <ele>12.3999996185302734375</ele>
        <time>2026-06-13T05:55:54.000Z</time>
        <extensions>
          <ns3:TrackPointExtension>
            <ns3:hr>126</ns3:hr>
            <ns3:cad>80</ns3:cad>
          </ns3:TrackPointExtension>
        </extensions>
      </trkpt>
      <trkpt lat="31.28109340555965900421142578125" lon="121.3691760599613189697265625">
        <ele>12.3999996185302734375</ele>
        <time>2026-06-13T05:55:55.000Z</time>
        <extensions>
          <ns3:TrackPointExtension>
            <ns3:hr>126</ns3:hr>
            <ns3:cad>81</ns3:cad>
          </ns3:TrackPointExtension>
        </extensions>
      </trkpt>
      <trkpt lat="31.28107245080173015594482421875" lon="121.36918435804545879364013671875">
        <ele>12.3999996185302734375</ele>
        <time>2026-06-13T05:55:56.000Z</time>
        <extensions>
          <ns3:TrackPointExtension>
            <ns3:hr>125</ns3:hr>
            <ns3:cad>80</ns3:cad>
          </ns3:TrackPointExtension>
        </extensions>
      </trkpt>
      <trkpt lat="31.2810495682060718536376953125" lon="121.369192488491535186767578125">
        <ele>12.3999996185302734375</ele>
        <time>2026-06-13T05:55:57.000Z</time>
        <extensions>
          <ns3:TrackPointExtension>
            <ns3:hr>125</ns3:hr>
            <ns3:cad>80</ns3:cad>
          </ns3:TrackPointExtension>
        </extensions>
      </trkpt>
      <trkpt lat="31.281028948724269866943359375" lon="121.36920212768018245697021484375">
        <ele>12.3999996185302734375</ele>
        <time>2026-06-13T05:55:58.000Z</time>
        <extensions>
          <ns3:TrackPointExtension>
            <ns3:hr>125</ns3:hr>
            <ns3:cad>80</ns3:cad>
          </ns3:TrackPointExtension>
        </extensions>
      </trkpt>
      <trkpt lat="31.28101226873695850372314453125" lon="121.36921302415430545806884765625">
        <ele>12.3999996185302734375</ele>
        <time>2026-06-13T05:55:59.000Z</time>
        <extensions>
          <ns3:TrackPointExtension>
            <ns3:hr>125</ns3:hr>
            <ns3:cad>80</ns3:cad>
          </ns3:TrackPointExtension>
        </extensions>
      </trkpt>
      <trkpt lat="31.2809932418167591094970703125" lon="121.36922442354261875152587890625">
        <ele>12.3999996185302734375</ele>
        <time>2026-06-13T05:56:00.000Z</time>
        <extensions>
          <ns3:TrackPointExtension>
            <ns3:hr>124</ns3:hr>
            <ns3:cad>80</ns3:cad>
          </ns3:TrackPointExtension>
        </extensions>
      </trkpt>
      <trkpt lat="31.28097656182944774627685546875" lon="121.36923532001674175262451171875">
        <ele>12.3999996185302734375</ele>
        <time>2026-06-13T05:56:01.000Z</time>
        <extensions>
          <ns3:TrackPointExtension>
            <ns3:hr>124</ns3:hr>
            <ns3:cad>81</ns3:cad>
          </ns3:TrackPointExtension>
        </extensions>
      </trkpt>
      <trkpt lat="31.28095895983278751373291015625" lon="121.36925040744245052337646484375">
        <ele>12.3999996185302734375</ele>
        <time>2026-06-13T05:56:02.000Z</time>
        <extensions>
          <ns3:TrackPointExtension>
            <ns3:hr>124</ns3:hr>
            <ns3:cad>81</ns3:cad>
          </ns3:TrackPointExtension>
        </extensions>
      </trkpt>
      <trkpt lat="31.28094119019806385040283203125" lon="121.3692654110491275787353515625">
        <ele>12.3999996185302734375</ele>
        <time>2026-06-13T05:56:03.000Z</time>
        <extensions>
          <ns3:TrackPointExtension>
            <ns3:hr>124</ns3:hr>
            <ns3:cad>81</ns3:cad>
          </ns3:TrackPointExtension>
        </extensions>
      </trkpt>
      <trkpt lat="31.28092459402978420257568359375" lon="121.369279325008392333984375">
        <ele>12.3999996185302734375</ele>
        <time>2026-06-13T05:56:04.000Z</time>
        <extensions>
          <ns3:TrackPointExtension>
            <ns3:hr>124</ns3:hr>
            <ns3:cad>81</ns3:cad>
          </ns3:TrackPointExtension>
        </extensions>
      </trkpt>
      <trkpt lat="31.28090749494731426239013671875" lon="121.36929550208151340484619140625">
        <ele>12.6000003814697265625</ele>
        <time>2026-06-13T05:56:05.000Z</time>
        <extensions>
          <ns3:TrackPointExtension>
            <ns3:hr>125</ns3:hr>
            <ns3:cad>81</ns3:cad>
          </ns3:TrackPointExtension>
        </extensions>
      </trkpt>
      <trkpt lat="31.28088905476033687591552734375" lon="121.36931218206882476806640625">
        <ele>12.6000003814697265625</ele>
        <time>2026-06-13T05:56:06.000Z</time>
        <extensions>
          <ns3:TrackPointExtension>
            <ns3:hr>125</ns3:hr>
            <ns3:cad>81</ns3:cad>
          </ns3:TrackPointExtension>
        </extensions>
      </trkpt>
      <trkpt lat="31.28087413497269153594970703125" lon="121.3693262636661529541015625">
        <ele>12.3999996185302734375</ele>
        <time>2026-06-13T05:56:07.000Z</time>
        <extensions>
          <ns3:TrackPointExtension>
            <ns3:hr>125</ns3:hr>
            <ns3:cad>81</ns3:cad>
          </ns3:TrackPointExtension>
        </extensions>
      </trkpt>
      <trkpt lat="31.280855946242809295654296875" lon="121.3693405129015445709228515625">
        <ele>12.3999996185302734375</ele>
        <time>2026-06-13T05:56:08.000Z</time>
        <extensions>
          <ns3:TrackPointExtension>
            <ns3:hr>125</ns3:hr>
            <ns3:cad>80</ns3:cad>
          </ns3:TrackPointExtension>
        </extensions>
      </trkpt>
      <trkpt lat="31.28084060736000537872314453125" lon="121.36935752816498279571533203125">
        <ele>12.3999996185302734375</ele>
        <time>2026-06-13T05:56:09.000Z</time>
        <extensions>
          <ns3:TrackPointExtension>
            <ns3:hr>125</ns3:hr>
            <ns3:cad>79</ns3:cad>
          </ns3:TrackPointExtension>
        </extensions>
      </trkpt>
      <trkpt lat="31.2808252684772014617919921875" lon="121.36937345378100872039794921875">
        <ele>12.3999996185302734375</ele>
        <time>2026-06-13T05:56:10.000Z</time>
        <extensions>
          <ns3:TrackPointExtension>
            <ns3:hr>125</ns3:hr>
            <ns3:cad>79</ns3:cad>
          </ns3:TrackPointExtension>
        </extensions>
      </trkpt>
      <trkpt lat="31.28080858848989009857177734375" lon="121.36938619427382946014404296875">
        <ele>12.3999996185302734375</ele>
        <time>2026-06-13T05:56:11.000Z</time>
        <extensions>
          <ns3:TrackPointExtension>
            <ns3:hr>125</ns3:hr>
            <ns3:cad>79</ns3:cad>
          </ns3:TrackPointExtension>
        </extensions>
      </trkpt>
      <trkpt lat="31.28078855574131011962890625" lon="121.36940069496631622314453125">
        <ele>12.3999996185302734375</ele>
        <time>2026-06-13T05:56:12.000Z</time>
        <extensions>
          <ns3:TrackPointExtension>
            <ns3:hr>125</ns3:hr>
            <ns3:cad>79</ns3:cad>
          </ns3:TrackPointExtension>
        </extensions>
      </trkpt>
      <trkpt lat="31.28076986409723758697509765625" lon="121.36941351927816867828369140625">
        <ele>12.3999996185302734375</ele>
        <time>2026-06-13T05:56:13.000Z</time>
        <extensions>
          <ns3:TrackPointExtension>
            <ns3:hr>126</ns3:hr>
            <ns3:cad>80</ns3:cad>
          </ns3:TrackPointExtension>
        </extensions>
      </trkpt>
      <trkpt lat="31.28075025044381618499755859375" lon="121.3694233261048793792724609375">
        <ele>12.3999996185302734375</ele>
        <time>2026-06-13T05:56:14.000Z</time>
        <extensions>
          <ns3:TrackPointExtension>
            <ns3:hr>126</ns3:hr>
            <ns3:cad>80</ns3:cad>
          </ns3:TrackPointExtension>
        </extensions>
      </trkpt>
      <trkpt lat="31.2807280384004116058349609375" lon="121.36943019926548004150390625">
        <ele>12.3999996185302734375</ele>
        <time>2026-06-13T05:56:15.000Z</time>
        <extensions>
          <ns3:TrackPointExtension>
            <ns3:hr>126</ns3:hr>
            <ns3:cad>80</ns3:cad>
          </ns3:TrackPointExtension>
        </extensions>
      </trkpt>
      <trkpt lat="31.28070599399507045745849609375" lon="121.36943128891289234161376953125">
        <ele>12.19999980926513671875</ele>
        <time>2026-06-13T05:56:16.000Z</time>
        <extensions>
          <ns3:TrackPointExtension>
            <ns3:hr>126</ns3:hr>
            <ns3:cad>80</ns3:cad>
          </ns3:TrackPointExtension>
        </extensions>
      </trkpt>
      <trkpt lat="31.28068621270358562469482421875" lon="121.369424164295196533203125">
        <ele>12.19999980926513671875</ele>
        <time>2026-06-13T05:56:17.000Z</time>
        <extensions>
          <ns3:TrackPointExtension>
            <ns3:hr>126</ns3:hr>
            <ns3:cad>80</ns3:cad>
          </ns3:TrackPointExtension>
        </extensions>
      </trkpt>
      <trkpt lat="31.28066676668822765350341796875" lon="121.369404383003711700439453125">
        <ele>12.19999980926513671875</ele>
        <time>2026-06-13T05:56:18.000Z</time>
        <extensions>
          <ns3:TrackPointExtension>
            <ns3:hr>126</ns3:hr>
            <ns3:cad>79</ns3:cad>
          </ns3:TrackPointExtension>
        </extensions>
      </trkpt>
      <trkpt lat="31.280652768909931182861328125" lon="121.36938200332224369049072265625">
        <ele>12.19999980926513671875</ele>
        <time>2026-06-13T05:56:19.000Z</time>
        <extensions>
          <ns3:TrackPointExtension>
            <ns3:hr>126</ns3:hr>
            <ns3:cad>79</ns3:cad>
          </ns3:TrackPointExtension>
        </extensions>
      </trkpt>
      <trkpt lat="31.28064279444515705108642578125" lon="121.369360797107219696044921875">
        <ele>12</ele>
        <time>2026-06-13T05:56:20.000Z</time>
        <extensions>
          <ns3:TrackPointExtension>
            <ns3:hr>126</ns3:hr>
            <ns3:cad>79</ns3:cad>
          </ns3:TrackPointExtension>
        </extensions>
      </trkpt>
      <trkpt lat="31.28063357435166835784912109375" lon="121.36933808214962482452392578125">
        <ele>12</ele>
        <time>2026-06-13T05:56:21.000Z</time>
        <extensions>
          <ns3:TrackPointExtension>
            <ns3:hr>126</ns3:hr>
            <ns3:cad>79</ns3:cad>
          </ns3:TrackPointExtension>
        </extensions>
      </trkpt>
      <trkpt lat="31.2806230969727039337158203125" lon="121.36931293644011020660400390625">
        <ele>12</ele>
        <time>2026-06-13T05:56:22.000Z</time>
        <extensions>
          <ns3:TrackPointExtension>
            <ns3:hr>126</ns3:hr>
            <ns3:cad>79</ns3:cad>
          </ns3:TrackPointExtension>
        </extensions>
      </trkpt>
      <trkpt lat="31.280614547431468963623046875" lon="121.3692929036915302276611328125">
        <ele>12</ele>
        <time>2026-06-13T05:56:23.000Z</time>
        <extensions>
          <ns3:TrackPointExtension>
            <ns3:hr>126</ns3:hr>
            <ns3:cad>79</ns3:cad>
          </ns3:TrackPointExtension>
        </extensions>
      </trkpt>
      <trkpt lat="31.28060474060475826263427734375" lon="121.3692721165716648101806640625">
        <ele>12.19999980926513671875</ele>
        <time>2026-06-13T05:56:24.000Z</time>
        <extensions>
          <ns3:TrackPointExtension>
            <ns3:hr>126</ns3:hr>
            <ns3:cad>79</ns3:cad>
          </ns3:TrackPointExtension>
        </extensions>
      </trkpt>
      <trkpt lat="31.28059468232095241546630859375" lon="121.36925174854695796966552734375">
        <ele>12.19999980926513671875</ele>
        <time>2026-06-13T05:56:25.000Z</time>
        <extensions>
          <ns3:TrackPointExtension>
            <ns3:hr>126</ns3:hr>
            <ns3:cad>79</ns3:cad>
          </ns3:TrackPointExtension>
        </extensions>
      </trkpt>
      <trkpt lat="31.28058311529457569122314453125" lon="121.369233392179012298583984375">
        <ele>12.19999980926513671875</ele>
        <time>2026-06-13T05:56:26.000Z</time>
        <extensions>
          <ns3:TrackPointExtension>
            <ns3:hr>126</ns3:hr>
            <ns3:cad>79</ns3:cad>
          </ns3:TrackPointExtension>
        </extensions>
      </trkpt>
      <trkpt lat="31.28057154826819896697998046875" lon="121.3692127726972103118896484375">
        <ele>12.19999980926513671875</ele>
        <time>2026-06-13T05:56:27.000Z</time>
        <extensions>
          <ns3:TrackPointExtension>
            <ns3:hr>126</ns3:hr>
            <ns3:cad>78</ns3:cad>
          </ns3:TrackPointExtension>
        </extensions>
      </trkpt>
      <trkpt lat="31.28056190907955169677734375" lon="121.3691929914057254791259765625">
        <ele>12.19999980926513671875</ele>
        <time>2026-06-13T05:56:28.000Z</time>
        <extensions>
          <ns3:TrackPointExtension>
            <ns3:hr>126</ns3:hr>
            <ns3:cad>78</ns3:cad>
          </ns3:TrackPointExtension>
        </extensions>
      </trkpt>
      <trkpt lat="31.280549503862857818603515625" lon="121.369174383580684661865234375">
        <ele>12.19999980926513671875</ele>
        <time>2026-06-13T05:56:29.000Z</time>
        <extensions>
          <ns3:TrackPointExtension>
            <ns3:hr>127</ns3:hr>
            <ns3:cad>79</ns3:cad>
          </ns3:TrackPointExtension>
        </extensions>
      </trkpt>
      <trkpt lat="31.28053651191294193267822265625" lon="121.36915736831724643707275390625">
        <ele>12.19999980926513671875</ele>
        <time>2026-06-13T05:56:30.000Z</time>
        <extensions>
          <ns3:TrackPointExtension>
            <ns3:hr>127</ns3:hr>
            <ns3:cad>79</ns3:cad>
          </ns3:TrackPointExtension>
        </extensions>
      </trkpt>
      <trkpt lat="31.28052611835300922393798828125" lon="121.369140185415744781494140625">
        <ele>12.19999980926513671875</ele>
        <time>2026-06-13T05:56:31.000Z</time>
        <extensions>
          <ns3:TrackPointExtension>
            <ns3:hr>127</ns3:hr>
            <ns3:cad>80</ns3:cad>
          </ns3:TrackPointExtension>
        </extensions>
      </trkpt>
      <trkpt lat="31.28051304258406162261962890625" lon="121.36912400834262371063232421875">
        <ele>12.19999980926513671875</ele>
        <time>2026-06-13T05:56:32.000Z</time>
        <extensions>
          <ns3:TrackPointExtension>
            <ns3:hr>127</ns3:hr>
            <ns3:cad>80</ns3:cad>
          </ns3:TrackPointExtension>
        </extensions>
      </trkpt>
      <trkpt lat="31.28049795515835285186767578125" lon="121.36910456232726573944091796875">
        <ele>12.3999996185302734375</ele>
        <time>2026-06-13T05:56:33.000Z</time>
        <extensions>
          <ns3:TrackPointExtension>
            <ns3:hr>127</ns3:hr>
            <ns3:cad>80</ns3:cad>
          </ns3:TrackPointExtension>
        </extensions>
      </trkpt>
      <trkpt lat="31.28048387356102466583251953125" lon="121.369091570377349853515625">
        <ele>12.3999996185302734375</ele>
        <time>2026-06-13T05:56:34.000Z</time>
        <extensions>
          <ns3:TrackPointExtension>
            <ns3:hr>127</ns3:hr>
            <ns3:cad>81</ns3:cad>
          </ns3:TrackPointExtension>
        </extensions>
      </trkpt>
      <trkpt lat="31.2804702110588550567626953125" lon="121.36907790787518024444580078125">
        <ele>12.3999996185302734375</ele>
        <time>2026-06-13T05:56:35.000Z</time>
        <extensions>
          <ns3:TrackPointExtension>
            <ns3:hr>128</ns3:hr>
            <ns3:cad>81</ns3:cad>
          </ns3:TrackPointExtension>
        </extensions>
      </trkpt>
      <trkpt lat="31.28045487217605113983154296875" lon="121.369059048593044281005859375">
        <ele>12.3999996185302734375</ele>
        <time>2026-06-13T05:56:36.000Z</time>
        <extensions>
          <ns3:TrackPointExtension>
            <ns3:hr>128</ns3:hr>
            <ns3:cad>81</ns3:cad>
          </ns3:TrackPointExtension>
        </extensions>
      </trkpt>
      <trkpt lat="31.2804400362074375152587890625" lon="121.36904471553862094879150390625">
        <ele>12.3999996185302734375</ele>
        <time>2026-06-13T05:56:37.000Z</time>
        <extensions>
          <ns3:TrackPointExtension>
            <ns3:hr>128</ns3:hr>
            <ns3:cad>81</ns3:cad>
          </ns3:TrackPointExtension>
        </extensions>
      </trkpt>
      <trkpt lat="31.28042318858206272125244140625" lon="121.36902811937034130096435546875">
        <ele>12.19999980926513671875</ele>
        <time>2026-06-13T05:56:38.000Z</time>
        <extensions>
          <ns3:TrackPointExtension>
            <ns3:hr>128</ns3:hr>
            <ns3:cad>81</ns3:cad>
          </ns3:TrackPointExtension>
        </extensions>
      </trkpt>
      <trkpt lat="31.280405335128307342529296875" lon="121.369009427726268768310546875">
        <ele>12.19999980926513671875</ele>
        <time>2026-06-13T05:56:39.000Z</time>
        <extensions>
          <ns3:TrackPointExtension>
            <ns3:hr>128</ns3:hr>
            <ns3:cad>81</ns3:cad>
          </ns3:TrackPointExtension>
        </extensions>
      </trkpt>
      <trkpt lat="31.28038982860743999481201171875" lon="121.36899475939571857452392578125">
        <ele>12.19999980926513671875</ele>
        <time>2026-06-13T05:56:40.000Z</time>
        <extensions>
          <ns3:TrackPointExtension>
            <ns3:hr>128</ns3:hr>
            <ns3:cad>81</ns3:cad>
          </ns3:TrackPointExtension>
        </extensions>
      </trkpt>
      <trkpt lat="31.28037541173398494720458984375" lon="121.3689757324755191802978515625">
        <ele>12.19999980926513671875</ele>
        <time>2026-06-13T05:56:41.000Z</time>
        <extensions>
          <ns3:TrackPointExtension>
            <ns3:hr>129</ns3:hr>
            <ns3:cad>80</ns3:cad>
          </ns3:TrackPointExtension>
        </extensions>
      </trkpt>
      <trkpt lat="31.28036099486052989959716796875" lon="121.3689582981169223785400390625">
        <ele>12.19999980926513671875</ele>
        <time>2026-06-13T05:56:42.000Z</time>
        <extensions>
          <ns3:TrackPointExtension>
            <ns3:hr>129</ns3:hr>
            <ns3:cad>80</ns3:cad>
          </ns3:TrackPointExtension>
        </extensions>
      </trkpt>
      <trkpt lat="31.2803448177874088287353515625" lon="121.36894547380506992340087890625">
        <ele>12.3999996185302734375</ele>
        <time>2026-06-13T05:56:43.000Z</time>
        <extensions>
          <ns3:TrackPointExtension>
            <ns3:hr>129</ns3:hr>
            <ns3:cad>80</ns3:cad>
          </ns3:TrackPointExtension>
        </extensions>
      </trkpt>
      <trkpt lat="31.28032327629625797271728515625" lon="121.36893223039805889129638671875">
        <ele>12.3999996185302734375</ele>
        <time>2026-06-13T05:56:44.000Z</time>
        <extensions>
          <ns3:TrackPointExtension>
            <ns3:hr>129</ns3:hr>
            <ns3:cad>80</ns3:cad>
          </ns3:TrackPointExtension>
        </extensions>
      </trkpt>
      <trkpt lat="31.28030248917639255523681640625" lon="121.36892032809555530548095703125">
        <ele>12.19999980926513671875</ele>
        <time>2026-06-13T05:56:45.000Z</time>
        <extensions>
          <ns3:TrackPointExtension>
            <ns3:hr>129</ns3:hr>
            <ns3:cad>81</ns3:cad>
          </ns3:TrackPointExtension>
        </extensions>
      </trkpt>
      <trkpt lat="31.28028337843716144561767578125" lon="121.36890641413629055023193359375">
        <ele>12.19999980926513671875</ele>
        <time>2026-06-13T05:56:46.000Z</time>
        <extensions>
          <ns3:TrackPointExtension>
            <ns3:hr>128</ns3:hr>
            <ns3:cad>81</ns3:cad>
          </ns3:TrackPointExtension>
        </extensions>
      </trkpt>
      <trkpt lat="31.28026678226888179779052734375" lon="121.36888931505382061004638671875">
        <ele>12</ele>
        <time>2026-06-13T05:56:47.000Z</time>
        <extensions>
          <ns3:TrackPointExtension>
            <ns3:hr>128</ns3:hr>
            <ns3:cad>81</ns3:cad>
          </ns3:TrackPointExtension>
        </extensions>
      </trkpt>
      <trkpt lat="31.28025035373866558074951171875" lon="121.36888034641742706298828125">
        <ele>12</ele>
        <time>2026-06-13T05:56:48.000Z</time>
        <extensions>
          <ns3:TrackPointExtension>
            <ns3:hr>128</ns3:hr>
            <ns3:cad>81</ns3:cad>
          </ns3:TrackPointExtension>
        </extensions>
      </trkpt>
      <trkpt lat="31.28023342229425907135009765625" lon="121.3688738085329532623291015625">
        <ele>12</ele>
        <time>2026-06-13T05:56:49.000Z</time>
        <extensions>
          <ns3:TrackPointExtension>
            <ns3:hr>128</ns3:hr>
            <ns3:cad>81</ns3:cad>
          </ns3:TrackPointExtension>
        </extensions>
      </trkpt>
      <trkpt lat="31.28021397627890110015869140625" lon="121.36886651627719402313232421875">
        <ele>12</ele>
        <time>2026-06-13T05:56:50.000Z</time>
        <extensions>
          <ns3:TrackPointExtension>
            <ns3:hr>128</ns3:hr>
            <ns3:cad>81</ns3:cad>
          </ns3:TrackPointExtension>
        </extensions>
      </trkpt>
      <trkpt lat="31.28019268624484539031982421875" lon="121.36886098422110080718994140625">
        <ele>12.19999980926513671875</ele>
        <time>2026-06-13T05:56:51.000Z</time>
        <extensions>
          <ns3:TrackPointExtension>
            <ns3:hr>128</ns3:hr>
            <ns3:cad>81</ns3:cad>
          </ns3:TrackPointExtension>
        </extensions>
      </trkpt>
      <trkpt lat="31.28017206676304340362548828125" lon="121.3688546977937221527099609375">
        <ele>12.19999980926513671875</ele>
        <time>2026-06-13T05:56:52.000Z</time>
        <extensions>
          <ns3:TrackPointExtension>
            <ns3:hr>127</ns3:hr>
            <ns3:cad>81</ns3:cad>
          </ns3:TrackPointExtension>
        </extensions>
      </trkpt>
      <trkpt lat="31.28015153110027313232421875" lon="121.3688463158905506134033203125">
        <ele>12.19999980926513671875</ele>
        <time>2026-06-13T05:56:53.000Z</time>
        <extensions>
          <ns3:TrackPointExtension>
            <ns3:hr>128</ns3:hr>
            <ns3:cad>80</ns3:cad>
          </ns3:TrackPointExtension>
        </extensions>
      </trkpt>
      <trkpt lat="31.28013283945620059967041015625" lon="121.36884204111993312835693359375">
        <ele>12.19999980926513671875</ele>
        <time>2026-06-13T05:56:54.000Z</time>
        <extensions>
          <ns3:TrackPointExtension>
            <ns3:hr>128</ns3:hr>
            <ns3:cad>80</ns3:cad>
          </ns3:TrackPointExtension>
        </extensions>
      </trkpt>
      <trkpt lat="31.2801144830882549285888671875" lon="121.368836425244808197021484375">
        <ele>12.19999980926513671875</ele>
        <time>2026-06-13T05:56:55.000Z</time>
        <extensions>
          <ns3:TrackPointExtension>
            <ns3:hr>128</ns3:hr>
            <ns3:cad>80</ns3:cad>
          </ns3:TrackPointExtension>
        </extensions>
      </trkpt>
      <trkpt lat="31.280095875263214111328125" lon="121.36883365921676158905029296875">
        <ele>12.19999980926513671875</ele>
        <time>2026-06-13T05:56:56.000Z</time>
        <extensions>
          <ns3:TrackPointExtension>
            <ns3:hr>127</ns3:hr>
            <ns3:cad>80</ns3:cad>
          </ns3:TrackPointExtension>
        </extensions>
      </trkpt>
      <trkpt lat="31.28007508814334869384765625" lon="121.3688345812261104583740234375">
        <ele>12.19999980926513671875</ele>
        <time>2026-06-13T05:56:57.000Z</time>
        <extensions>
          <ns3:TrackPointExtension>
            <ns3:hr>128</ns3:hr>
            <ns3:cad>81</ns3:cad>
          </ns3:TrackPointExtension>
        </extensions>
      </trkpt>
      <trkpt lat="31.2800524570047855377197265625" lon="121.3688329048454761505126953125">
        <ele>12.19999980926513671875</ele>
        <time>2026-06-13T05:56:58.000Z</time>
        <extensions>
          <ns3:TrackPointExtension>
            <ns3:hr>128</ns3:hr>
            <ns3:cad>81</ns3:cad>
          </ns3:TrackPointExtension>
        </extensions>
      </trkpt>
      <trkpt lat="31.28003208898007869720458984375" lon="121.3688246905803680419921875">
        <ele>12</ele>
        <time>2026-06-13T05:56:59.000Z</time>
        <extensions>
          <ns3:TrackPointExtension>
            <ns3:hr>128</ns3:hr>
            <ns3:cad>81</ns3:cad>
          </ns3:TrackPointExtension>
        </extensions>
      </trkpt>
      <trkpt lat="31.28001884557306766510009765625" lon="121.368803568184375762939453125">
        <ele>12</ele>
        <time>2026-06-13T05:57:00.000Z</time>
        <extensions>
          <ns3:TrackPointExtension>
            <ns3:hr>128</ns3:hr>
            <ns3:cad>80</ns3:cad>
          </ns3:TrackPointExtension>
        </extensions>
      </trkpt>
      <trkpt lat="31.28002018667757511138916015625" lon="121.36877481825649738311767578125">
        <ele>12</ele>
        <time>2026-06-13T05:57:01.000Z</time>
        <extensions>
          <ns3:TrackPointExtension>
            <ns3:hr>128</ns3:hr>
            <ns3:cad>80</ns3:cad>
          </ns3:TrackPointExtension>
        </extensions>
      </trkpt>
      <trkpt lat="31.28003074787557125091552734375" lon="121.36874950490891933441162109375">
        <ele>12</ele>
        <time>2026-06-13T05:57:02.000Z</time>
        <extensions>
          <ns3:TrackPointExtension>
            <ns3:hr>128</ns3:hr>
            <ns3:cad>79</ns3:cad>
          </ns3:TrackPointExtension>
        </extensions>
      </trkpt>
      <trkpt lat="31.28004156053066253662109375" lon="121.36872687377035617828369140625">
        <ele>11.80000019073486328125</ele>
        <time>2026-06-13T05:57:03.000Z</time>
        <extensions>
          <ns3:TrackPointExtension>
            <ns3:hr>128</ns3:hr>
            <ns3:cad>79</ns3:cad>
          </ns3:TrackPointExtension>
        </extensions>
      </trkpt>
      <trkpt lat="31.28005438484251499176025390625" lon="121.368707008659839630126953125">
        <ele>12</ele>
        <time>2026-06-13T05:57:04.000Z</time>
        <extensions>
          <ns3:TrackPointExtension>
            <ns3:hr>128</ns3:hr>
            <ns3:cad>79</ns3:cad>
          </ns3:TrackPointExtension>
        </extensions>
      </trkpt>
      <trkpt lat="31.280068047344684600830078125" lon="121.36868764646351337432861328125">
        <ele>12</ele>
        <time>2026-06-13T05:57:05.000Z</time>
        <extensions>
          <ns3:TrackPointExtension>
            <ns3:hr>128</ns3:hr>
            <ns3:cad>78</ns3:cad>
          </ns3:TrackPointExtension>
        </extensions>
      </trkpt>
      <trkpt lat="31.280080787837505340576171875" lon="121.3686679489910602569580078125">
        <ele>12</ele>
        <time>2026-06-13T05:57:06.000Z</time>
        <extensions>
          <ns3:TrackPointExtension>
            <ns3:hr>128</ns3:hr>
            <ns3:cad>79</ns3:cad>
          </ns3:TrackPointExtension>
        </extensions>
      </trkpt>
      <trkpt lat="31.2800933606922626495361328125" lon="121.36865160427987575531005859375">
        <ele>12</ele>
        <time>2026-06-13T05:57:07.000Z</time>
        <extensions>
          <ns3:TrackPointExtension>
            <ns3:hr>128</ns3:hr>
            <ns3:cad>79</ns3:cad>
          </ns3:TrackPointExtension>
        </extensions>
      </trkpt>
      <trkpt lat="31.280106268823146820068359375" lon="121.3686357624828815460205078125">
        <ele>12</ele>
        <time>2026-06-13T05:57:08.000Z</time>
        <extensions>
          <ns3:TrackPointExtension>
            <ns3:hr>128</ns3:hr>
            <ns3:cad>80</ns3:cad>
          </ns3:TrackPointExtension>
        </extensions>
      </trkpt>
      <trkpt lat="31.28011926077306270599365234375" lon="121.3686183281242847442626953125">
        <ele>12</ele>
        <time>2026-06-13T05:57:09.000Z</time>
        <extensions>
          <ns3:TrackPointExtension>
            <ns3:hr>127</ns3:hr>
            <ns3:cad>80</ns3:cad>
          </ns3:TrackPointExtension>
        </extensions>
      </trkpt>
      <trkpt lat="31.28013141453266143798828125" lon="121.36859980411827564239501953125">
        <ele>12</ele>
        <time>2026-06-13T05:57:10.000Z</time>
        <extensions>
          <ns3:TrackPointExtension>
            <ns3:hr>127</ns3:hr>
            <ns3:cad>80</ns3:cad>
          </ns3:TrackPointExtension>
        </extensions>
      </trkpt>
      <trkpt lat="31.2801443226635456085205078125" lon="121.36857935227453708648681640625">
        <ele>12</ele>
        <time>2026-06-13T05:57:11.000Z</time>
        <extensions>
          <ns3:TrackPointExtension>
            <ns3:hr>126</ns3:hr>
            <ns3:cad>80</ns3:cad>
          </ns3:TrackPointExtension>
        </extensions>
      </trkpt>
      <trkpt lat="31.280156560242176055908203125" lon="121.368560828268527984619140625">
        <ele>12</ele>
        <time>2026-06-13T05:57:12.000Z</time>
        <extensions>
          <ns3:TrackPointExtension>
            <ns3:hr>126</ns3:hr>
            <ns3:cad>80</ns3:cad>
          </ns3:TrackPointExtension>
        </extensions>
      </trkpt>
      <trkpt lat="31.28017340786755084991455078125" lon="121.36854649521410465240478515625">
        <ele>12</ele>
        <time>2026-06-13T05:57:13.000Z</time>
        <extensions>
          <ns3:TrackPointExtension>
            <ns3:hr>126</ns3:hr>
            <ns3:cad>80</ns3:cad>
          </ns3:TrackPointExtension>
        </extensions>
      </trkpt>
      <trkpt lat="31.28019050695002079010009765625" lon="121.36853140778839588165283203125">
        <ele>12</ele>
        <time>2026-06-13T05:57:14.000Z</time>
        <extensions>
          <ns3:TrackPointExtension>
            <ns3:hr>126</ns3:hr>
            <ns3:cad>80</ns3:cad>
          </ns3:TrackPointExtension>
        </extensions>
      </trkpt>
      <trkpt lat="31.28020525909960269927978515625" lon="121.368517912924289703369140625">
        <ele>12</ele>
        <time>2026-06-13T05:57:15.000Z</time>
        <extensions>
          <ns3:TrackPointExtension>
            <ns3:hr>126</ns3:hr>
            <ns3:cad>80</ns3:cad>
          </ns3:TrackPointExtension>
        </extensions>
      </trkpt>
      <trkpt lat="31.280219256877899169921875" lon="121.36850215494632720947265625">
        <ele>12.19999980926513671875</ele>
        <time>2026-06-13T05:57:16.000Z</time>
        <extensions>
          <ns3:TrackPointExtension>
            <ns3:hr>127</ns3:hr>
            <ns3:cad>81</ns3:cad>
          </ns3:TrackPointExtension>
        </extensions>
      </trkpt>
      <trkpt lat="31.28022688440978527069091796875" lon="121.3684882409870624542236328125">
        <ele>12.19999980926513671875</ele>
        <time>2026-06-13T05:57:17.000Z</time>
        <extensions>
          <ns3:TrackPointExtension>
            <ns3:hr>127</ns3:hr>
            <ns3:cad>81</ns3:cad>
          </ns3:TrackPointExtension>
        </extensions>
      </trkpt>
      <trkpt lat="31.28022420220077037811279296875" lon="121.36847491376101970672607421875">
        <ele>12</ele>
        <time>2026-06-13T05:57:18.000Z</time>
        <extensions>
          <ns3:TrackPointExtension>
            <ns3:hr>127</ns3:hr>
            <ns3:cad>82</ns3:cad>
          </ns3:TrackPointExtension>
        </extensions>
      </trkpt>
      <trkpt lat="31.28021213226020336151123046875" lon="121.36846787296235561370849609375">
        <ele>12</ele>
        <time>2026-06-13T05:57:19.000Z</time>
        <extensions>
          <ns3:TrackPointExtension>
            <ns3:hr>127</ns3:hr>
            <ns3:cad>78</ns3:cad>
          </ns3:TrackPointExtension>
        </extensions>
      </trkpt>
      <trkpt lat="31.28019503317773342132568359375" lon="121.36847290210425853729248046875">
        <ele>12</ele>
        <time>2026-06-13T05:57:20.000Z</time>
        <extensions>
          <ns3:TrackPointExtension>
            <ns3:hr>127</ns3:hr>
            <ns3:cad>78</ns3:cad>
          </ns3:TrackPointExtension>
        </extensions>
      </trkpt>
      <trkpt lat="31.280175335705280303955078125" lon="121.36847742833197116851806640625">
        <ele>12.19999980926513671875</ele>
        <time>2026-06-13T05:57:21.000Z</time>
        <extensions>
          <ns3:TrackPointExtension>
            <ns3:hr>127</ns3:hr>
            <ns3:cad>76</ns3:cad>
          </ns3:TrackPointExtension>
        </extensions>
      </trkpt>
      <trkpt lat="31.28015697933733463287353515625" lon="121.368481703102588653564453125">
        <ele>12.19999980926513671875</ele>
        <time>2026-06-13T05:57:22.000Z</time>
        <extensions>
          <ns3:TrackPointExtension>
            <ns3:hr>127</ns3:hr>
            <ns3:cad>76</ns3:cad>
          </ns3:TrackPointExtension>
        </extensions>
      </trkpt>
      <trkpt lat="31.2801372818648815155029296875" lon="121.36848815716803073883056640625">
        <ele>12.19999980926513671875</ele>
        <time>2026-06-13T05:57:23.000Z</time>
        <extensions>
          <ns3:TrackPointExtension>
            <ns3:hr>127</ns3:hr>
            <ns3:cad>74</ns3:cad>
          </ns3:TrackPointExtension>
        </extensions>
      </trkpt>
      <trkpt lat="31.28011825494468212127685546875" lon="121.36848933063447475433349609375">
        <ele>12.19999980926513671875</ele>
        <time>2026-06-13T05:57:24.000Z</time>
        <extensions>
          <ns3:TrackPointExtension>
            <ns3:hr>127</ns3:hr>
            <ns3:cad>74</ns3:cad>
          </ns3:TrackPointExtension>
        </extensions>
      </trkpt>
      <trkpt lat="31.2800997309386730194091796875" lon="121.3684936054050922393798828125">
        <ele>12.19999980926513671875</ele>
        <time>2026-06-13T05:57:25.000Z</time>
        <extensions>
          <ns3:TrackPointExtension>
            <ns3:hr>127</ns3:hr>
            <ns3:cad>74</ns3:cad>
          </ns3:TrackPointExtension>
        </extensions>
      </trkpt>
      <trkpt lat="31.280081458389759063720703125" lon="121.3684982992708683013916015625">
        <ele>12</ele>
        <time>2026-06-13T05:57:26.000Z</time>
        <extensions>
          <ns3:TrackPointExtension>
            <ns3:hr>127</ns3:hr>
            <ns3:cad>76</ns3:cad>
          </ns3:TrackPointExtension>
        </extensions>
      </trkpt>
      <trkpt lat="31.2800615094602108001708984375" lon="121.36849972419440746307373046875">
        <ele>12</ele>
        <time>2026-06-13T05:57:27.000Z</time>
        <extensions>
          <ns3:TrackPointExtension>
            <ns3:hr>128</ns3:hr>
            <ns3:cad>76</ns3:cad>
          </ns3:TrackPointExtension>
        </extensions>
      </trkpt>
      <trkpt lat="31.2800450809299945831298828125" lon="121.368500478565692901611328125">
        <ele>11.80000019073486328125</ele>
        <time>2026-06-13T05:57:28.000Z</time>
        <extensions>
          <ns3:TrackPointExtension>
            <ns3:hr>128</ns3:hr>
            <ns3:cad>80</ns3:cad>
          </ns3:TrackPointExtension>
        </extensions>
      </trkpt>
      <trkpt lat="31.28002739511430263519287109375" lon="121.36849922128021717071533203125">
        <ele>11.80000019073486328125</ele>
        <time>2026-06-13T05:57:29.000Z</time>
        <extensions>
          <ns3:TrackPointExtension>
            <ns3:hr>128</ns3:hr>
            <ns3:cad>80</ns3:cad>
          </ns3:TrackPointExtension>
        </extensions>
      </trkpt>
      <trkpt lat="31.28000694327056407928466796875" lon="121.3684976287186145782470703125">
        <ele>11.80000019073486328125</ele>
        <time>2026-06-13T05:57:30.000Z</time>
        <extensions>
          <ns3:TrackPointExtension>
            <ns3:hr>128</ns3:hr>
            <ns3:cad>80</ns3:cad>
          </ns3:TrackPointExtension>
        </extensions>
      </trkpt>
      <trkpt lat="31.279987581074237823486328125" lon="121.368496119976043701171875">
        <ele>12</ele>
        <time>2026-06-13T05:57:31.000Z</time>
        <extensions>
          <ns3:TrackPointExtension>
            <ns3:hr>128</ns3:hr>
            <ns3:cad>81</ns3:cad>
          </ns3:TrackPointExtension>
        </extensions>
      </trkpt>
      <trkpt lat="31.2799696438014507293701171875" lon="121.36849150992929935455322265625">
        <ele>12</ele>
        <time>2026-06-13T05:57:32.000Z</time>
        <extensions>
          <ns3:TrackPointExtension>
            <ns3:hr>128</ns3:hr>
            <ns3:cad>81</ns3:cad>
          </ns3:TrackPointExtension>
        </extensions>
      </trkpt>
      <trkpt lat="31.27995011396706104278564453125" lon="121.3684872351586818695068359375">
        <ele>12.19999980926513671875</ele>
        <time>2026-06-13T05:57:33.000Z</time>
        <extensions>
          <ns3:TrackPointExtension>
            <ns3:hr>128</ns3:hr>
            <ns3:cad>81</ns3:cad>
          </ns3:TrackPointExtension>
        </extensions>
      </trkpt>
      <trkpt lat="31.27993150614202022552490234375" lon="121.3684815354645252227783203125">
        <ele>12.19999980926513671875</ele>
        <time>2026-06-13T05:57:34.000Z</time>
        <extensions>
          <ns3:TrackPointExtension>
            <ns3:hr>128</ns3:hr>
            <ns3:cad>81</ns3:cad>
          </ns3:TrackPointExtension>
        </extensions>
      </trkpt>
      <trkpt lat="31.2799113057553768157958984375" lon="121.36847675777971744537353515625">
        <ele>12.19999980926513671875</ele>
        <time>2026-06-13T05:57:35.000Z</time>
        <extensions>
          <ns3:TrackPointExtension>
            <ns3:hr>128</ns3:hr>
            <ns3:cad>81</ns3:cad>
          </ns3:TrackPointExtension>
        </extensions>
      </trkpt>
      <trkpt lat="31.27989110536873340606689453125" lon="121.36847055517137050628662109375">
        <ele>12.19999980926513671875</ele>
        <time>2026-06-13T05:57:36.000Z</time>
        <extensions>
          <ns3:TrackPointExtension>
            <ns3:hr>128</ns3:hr>
            <ns3:cad>80</ns3:cad>
          </ns3:TrackPointExtension>
        </extensions>
      </trkpt>
      <trkpt lat="31.279871575534343719482421875" lon="121.36846250854432582855224609375">
        <ele>12.19999980926513671875</ele>
        <time>2026-06-13T05:57:37.000Z</time>
        <extensions>
          <ns3:TrackPointExtension>
            <ns3:hr>128</ns3:hr>
            <ns3:cad>80</ns3:cad>
          </ns3:TrackPointExtension>
        </extensions>
      </trkpt>
      <trkpt lat="31.2798549793660640716552734375" lon="121.36845362372696399688720703125">
        <ele>12.19999980926513671875</ele>
        <time>2026-06-13T05:57:38.000Z</time>
        <extensions>
          <ns3:TrackPointExtension>
            <ns3:hr>128</ns3:hr>
            <ns3:cad>80</ns3:cad>
          </ns3:TrackPointExtension>
        </extensions>
      </trkpt>
      <trkpt lat="31.279835365712642669677734375" lon="121.368444152176380157470703125">
        <ele>12.19999980926513671875</ele>
        <time>2026-06-13T05:57:39.000Z</time>
        <extensions>
          <ns3:TrackPointExtension>
            <ns3:hr>128</ns3:hr>
            <ns3:cad>80</ns3:cad>
          </ns3:TrackPointExtension>
        </extensions>
      </trkpt>
      <trkpt lat="31.27981751225888729095458984375" lon="121.3684349320828914642333984375">
        <ele>12.19999980926513671875</ele>
        <time>2026-06-13T05:57:40.000Z</time>
        <extensions>
          <ns3:TrackPointExtension>
            <ns3:hr>129</ns3:hr>
            <ns3:cad>80</ns3:cad>
          </ns3:TrackPointExtension>
        </extensions>
      </trkpt>
      <trkpt lat="31.2797986529767513275146484375" lon="121.3684223592281341552734375">
        <ele>12.19999980926513671875</ele>
        <time>2026-06-13T05:57:41.000Z</time>
        <extensions>
          <ns3:TrackPointExtension>
            <ns3:hr>128</ns3:hr>
            <ns3:cad>79</ns3:cad>
          </ns3:TrackPointExtension>
        </extensions>
      </trkpt>
      <trkpt lat="31.27977996133267879486083984375" lon="121.3684116303920745849609375">
        <ele>12.19999980926513671875</ele>
        <time>2026-06-13T05:57:42.000Z</time>
        <extensions>
          <ns3:TrackPointExtension>
            <ns3:hr>128</ns3:hr>
            <ns3:cad>80</ns3:cad>
          </ns3:TrackPointExtension>
        </extensions>
      </trkpt>
      <trkpt lat="31.2797607667744159698486328125" lon="121.3684010691940784454345703125">
        <ele>12.19999980926513671875</ele>
        <time>2026-06-13T05:57:43.000Z</time>
        <extensions>
          <ns3:TrackPointExtension>
            <ns3:hr>128</ns3:hr>
            <ns3:cad>80</ns3:cad>
          </ns3:TrackPointExtension>
        </extensions>
      </trkpt>
      <trkpt lat="31.2797436676919460296630859375" lon="121.3683916814625263214111328125">
        <ele>12.3999996185302734375</ele>
        <time>2026-06-13T05:57:44.000Z</time>
        <extensions>
          <ns3:TrackPointExtension>
            <ns3:hr>128</ns3:hr>
            <ns3:cad>80</ns3:cad>
          </ns3:TrackPointExtension>
        </extensions>
      </trkpt>
      <trkpt lat="31.27972296439111232757568359375" lon="121.36838640086352825164794921875">
        <ele>12.3999996185302734375</ele>
        <time>2026-06-13T05:57:45.000Z</time>
        <extensions>
          <ns3:TrackPointExtension>
            <ns3:hr>128</ns3:hr>
            <ns3:cad>80</ns3:cad>
          </ns3:TrackPointExtension>
        </extensions>
      </trkpt>
      <trkpt lat="31.279704272747039794921875" lon="121.3683889992535114288330078125">
        <ele>12.3999996185302734375</ele>
        <time>2026-06-13T05:57:46.000Z</time>
        <extensions>
          <ns3:TrackPointExtension>
            <ns3:hr>128</ns3:hr>
            <ns3:cad>80</ns3:cad>
          </ns3:TrackPointExtension>
        </extensions>
      </trkpt>
      <trkpt lat="31.2796836532652378082275390625" lon="121.3683950342237949371337890625">
        <ele>12.3999996185302734375</ele>
        <time>2026-06-13T05:57:47.000Z</time>
        <extensions>
          <ns3:TrackPointExtension>
            <ns3:hr>127</ns3:hr>
            <ns3:cad>80</ns3:cad>
          </ns3:TrackPointExtension>
        </extensions>
      </trkpt>
      <trkpt lat="31.27966596744954586029052734375" lon="121.36840693652629852294921875">
        <ele>12.19999980926513671875</ele>
        <time>2026-06-13T05:57:48.000Z</time>
        <extensions>
          <ns3:TrackPointExtension>
            <ns3:hr>127</ns3:hr>
            <ns3:cad>80</ns3:cad>
          </ns3:TrackPointExtension>
        </extensions>
      </trkpt>
      <trkpt lat="31.2796514667570590972900390625" lon="121.368422694504261016845703125">
        <ele>12.19999980926513671875</ele>
        <time>2026-06-13T05:57:49.000Z</time>
        <extensions>
          <ns3:TrackPointExtension>
            <ns3:hr>127</ns3:hr>
            <ns3:cad>81</ns3:cad>
          </ns3:TrackPointExtension>
        </extensions>
      </trkpt>
      <trkpt lat="31.2796387262642383575439453125" lon="121.36844239197671413421630859375">
        <ele>12.19999980926513671875</ele>
        <time>2026-06-13T05:57:50.000Z</time>
        <extensions>
          <ns3:TrackPointExtension>
            <ns3:hr>127</ns3:hr>
            <ns3:cad>81</ns3:cad>
          </ns3:TrackPointExtension>
        </extensions>
      </trkpt>
      <trkpt lat="31.27963076345622539520263671875" lon="121.368465609848499298095703125">
        <ele>12</ele>
        <time>2026-06-13T05:57:51.000Z</time>
        <extensions>
          <ns3:TrackPointExtension>
            <ns3:hr>127</ns3:hr>
            <ns3:cad>81</ns3:cad>
          </ns3:TrackPointExtension>
        </extensions>
      </trkpt>
      <trkpt lat="31.2796239741146564483642578125" lon="121.368486396968364715576171875">
        <ele>12</ele>
        <time>2026-06-13T05:57:52.000Z</time>
        <extensions>
          <ns3:TrackPointExtension>
            <ns3:hr>127</ns3:hr>
            <ns3:cad>78</ns3:cad>
          </ns3:TrackPointExtension>
        </extensions>
      </trkpt>
      <trkpt lat="31.27961374819278717041015625" lon="121.3685108721256256103515625">
        <ele>12.19999980926513671875</ele>
        <time>2026-06-13T05:57:53.000Z</time>
        <extensions>
          <ns3:TrackPointExtension>
            <ns3:hr>128</ns3:hr>
            <ns3:cad>78</ns3:cad>
          </ns3:TrackPointExtension>
        </extensions>
      </trkpt>
      <trkpt lat="31.27960762940347194671630859375" lon="121.36853559873998165130615234375">
        <ele>12.19999980926513671875</ele>
        <time>2026-06-13T05:57:54.000Z</time>
        <extensions>
          <ns3:TrackPointExtension>
            <ns3:hr>128</ns3:hr>
            <ns3:cad>79</ns3:cad>
          </ns3:TrackPointExtension>
        </extensions>
      </trkpt>
      <trkpt lat="31.27960293553769588470458984375" lon="121.36855781078338623046875">
        <ele>12.19999980926513671875</ele>
        <time>2026-06-13T05:57:55.000Z</time>
        <extensions>
          <ns3:TrackPointExtension>
            <ns3:hr>128</ns3:hr>
            <ns3:cad>80</ns3:cad>
          </ns3:TrackPointExtension>
        </extensions>
      </trkpt>
      <trkpt lat="31.27959723584353923797607421875" lon="121.36858253739774227142333984375">
        <ele>12.19999980926513671875</ele>
        <time>2026-06-13T05:57:56.000Z</time>
        <extensions>
          <ns3:TrackPointExtension>
            <ns3:hr>129</ns3:hr>
            <ns3:cad>80</ns3:cad>
          </ns3:TrackPointExtension>
        </extensions>
      </trkpt>
      <trkpt lat="31.2795911170542240142822265625" lon="121.36860768310725688934326171875">
        <ele>12.19999980926513671875</ele>
        <time>2026-06-13T05:57:57.000Z</time>
        <extensions>
          <ns3:TrackPointExtension>
            <ns3:hr>129</ns3:hr>
            <ns3:cad>81</ns3:cad>
          </ns3:TrackPointExtension>
        </extensions>
      </trkpt>
      <trkpt lat="31.27958692610263824462890625" lon="121.36863014660775661468505859375">
        <ele>12.19999980926513671875</ele>
        <time>2026-06-13T05:57:58.000Z</time>
        <extensions>
          <ns3:TrackPointExtension>
            <ns3:hr>129</ns3:hr>
            <ns3:cad>81</ns3:cad>
          </ns3:TrackPointExtension>
        </extensions>
      </trkpt>
      <trkpt lat="31.279581226408481597900390625" lon="121.36865638196468353271484375">
        <ele>12.19999980926513671875</ele>
        <time>2026-06-13T05:57:59.000Z</time>
        <extensions>
          <ns3:TrackPointExtension>
            <ns3:hr>129</ns3:hr>
            <ns3:cad>81</ns3:cad>
          </ns3:TrackPointExtension>
        </extensions>
      </trkpt>
      <trkpt lat="31.27957192249596118927001953125" lon="121.36868043802678585052490234375">
        <ele>12.3999996185302734375</ele>
        <time>2026-06-13T05:58:00.000Z</time>
        <extensions>
          <ns3:TrackPointExtension>
            <ns3:hr>129</ns3:hr>
            <ns3:cad>81</ns3:cad>
          </ns3:TrackPointExtension>
        </extensions>
      </trkpt>
      <trkpt lat="31.279564462602138519287109375" lon="121.36870390735566616058349609375">
        <ele>12.3999996185302734375</ele>
        <time>2026-06-13T05:58:01.000Z</time>
        <extensions>
          <ns3:TrackPointExtension>
            <ns3:hr>129</ns3:hr>
            <ns3:cad>81</ns3:cad>
          </ns3:TrackPointExtension>
        </extensions>
      </trkpt>
      <trkpt lat="31.279554069042205810546875" lon="121.36872771196067333221435546875">
        <ele>12.3999996185302734375</ele>
        <time>2026-06-13T05:58:02.000Z</time>
        <extensions>
          <ns3:TrackPointExtension>
            <ns3:hr>129</ns3:hr>
            <ns3:cad>81</ns3:cad>
          </ns3:TrackPointExtension>
        </extensions>
      </trkpt>
      <trkpt lat="31.27954174764454364776611328125" lon="121.36874891817569732666015625">
        <ele>12.3999996185302734375</ele>
        <time>2026-06-13T05:58:03.000Z</time>
        <extensions>
          <ns3:TrackPointExtension>
            <ns3:hr>129</ns3:hr>
            <ns3:cad>80</ns3:cad>
          </ns3:TrackPointExtension>
        </extensions>
      </trkpt>
      <trkpt lat="31.2795304320752620697021484375" lon="121.36876878328621387481689453125">
        <ele>12.6000003814697265625</ele>
        <time>2026-06-13T05:58:04.000Z</time>
        <extensions>
          <ns3:TrackPointExtension>
            <ns3:hr>130</ns3:hr>
            <ns3:cad>80</ns3:cad>
          </ns3:TrackPointExtension>
        </extensions>
      </trkpt>
      <trkpt lat="31.27951777540147304534912109375" lon="121.3687884807586669921875">
        <ele>12.6000003814697265625</ele>
        <time>2026-06-13T05:58:05.000Z</time>
        <extensions>
          <ns3:TrackPointExtension>
            <ns3:hr>129</ns3:hr>
            <ns3:cad>80</ns3:cad>
          </ns3:TrackPointExtension>
        </extensions>
      </trkpt>
      <trkpt lat="31.27950117923319339752197265625" lon="121.3688060827553272247314453125">
        <ele>12.6000003814697265625</ele>
        <time>2026-06-13T05:58:06.000Z</time>
        <extensions>
          <ns3:TrackPointExtension>
            <ns3:hr>129</ns3:hr>
            <ns3:cad>80</ns3:cad>
          </ns3:TrackPointExtension>
        </extensions>
      </trkpt>
      <trkpt lat="31.2794851697981357574462890625" lon="121.36882427148520946502685546875">
        <ele>12.6000003814697265625</ele>
        <time>2026-06-13T05:58:07.000Z</time>
        <extensions>
          <ns3:TrackPointExtension>
            <ns3:hr>129</ns3:hr>
            <ns3:cad>81</ns3:cad>
          </ns3:TrackPointExtension>
        </extensions>
      </trkpt>
      <trkpt lat="31.27946756780147552490234375" lon="121.368838436901569366455078125">
        <ele>12.6000003814697265625</ele>
        <time>2026-06-13T05:58:08.000Z</time>
        <extensions>
          <ns3:TrackPointExtension>
            <ns3:hr>129</ns3:hr>
            <ns3:cad>81</ns3:cad>
          </ns3:TrackPointExtension>
        </extensions>
      </trkpt>
      <trkpt lat="31.27945021726191043853759765625" lon="121.3688489980995655059814453125">
        <ele>12.6000003814697265625</ele>
        <time>2026-06-13T05:58:09.000Z</time>
        <extensions>
          <ns3:TrackPointExtension>
            <ns3:hr>129</ns3:hr>
            <ns3:cad>81</ns3:cad>
          </ns3:TrackPointExtension>
        </extensions>
      </trkpt>
      <trkpt lat="31.27943077124655246734619140625" lon="121.36885411106050014495849609375">
        <ele>12.3999996185302734375</ele>
        <time>2026-06-13T05:58:10.000Z</time>
        <extensions>
          <ns3:TrackPointExtension>
            <ns3:hr>130</ns3:hr>
            <ns3:cad>81</ns3:cad>
          </ns3:TrackPointExtension>
        </extensions>
      </trkpt>
      <trkpt lat="31.27940881066024303436279296875" lon="121.368860900402069091796875">
        <ele>12.3999996185302734375</ele>
        <time>2026-06-13T05:58:11.000Z</time>
        <extensions>
          <ns3:TrackPointExtension>
            <ns3:hr>130</ns3:hr>
            <ns3:cad>81</ns3:cad>
          </ns3:TrackPointExtension>
        </extensions>
      </trkpt>
      <trkpt lat="31.27938685007393360137939453125" lon="121.36886483989655971527099609375">
        <ele>12.3999996185302734375</ele>
        <time>2026-06-13T05:58:12.000Z</time>
        <extensions>
          <ns3:TrackPointExtension>
            <ns3:hr>130</ns3:hr>
            <ns3:cad>81</ns3:cad>
          </ns3:TrackPointExtension>
        </extensions>
      </trkpt>
      <trkpt lat="31.2793644703924655914306640625" lon="121.36886584572494029998779296875">
        <ele>12.3999996185302734375</ele>
        <time>2026-06-13T05:58:13.000Z</time>
        <extensions>
          <ns3:TrackPointExtension>
            <ns3:hr>130</ns3:hr>
            <ns3:cad>81</ns3:cad>
          </ns3:TrackPointExtension>
        </extensions>
      </trkpt>
      <trkpt lat="31.2793450243771076202392578125" lon="121.36886316351592540740966796875">
        <ele>12.3999996185302734375</ele>
        <time>2026-06-13T05:58:14.000Z</time>
        <extensions>
          <ns3:TrackPointExtension>
            <ns3:hr>130</ns3:hr>
            <ns3:cad>81</ns3:cad>
          </ns3:TrackPointExtension>
        </extensions>
      </trkpt>
      <trkpt lat="31.27932465635240077972412109375" lon="121.36886022984981536865234375">
        <ele>12.3999996185302734375</ele>
        <time>2026-06-13T05:58:15.000Z</time>
        <extensions>
          <ns3:TrackPointExtension>
            <ns3:hr>130</ns3:hr>
            <ns3:cad>81</ns3:cad>
          </ns3:TrackPointExtension>
        </extensions>
      </trkpt>
      <trkpt lat="31.2793068028986454010009765625" lon="121.368858553469181060791015625">
        <ele>12.6000003814697265625</ele>
        <time>2026-06-13T05:58:16.000Z</time>
        <extensions>
          <ns3:TrackPointExtension>
            <ns3:hr>130</ns3:hr>
            <ns3:cad>81</ns3:cad>
          </ns3:TrackPointExtension>
        </extensions>
      </trkpt>
      <trkpt lat="31.2792846746742725372314453125" lon="121.3688533566892147064208984375">
        <ele>12.6000003814697265625</ele>
        <time>2026-06-13T05:58:17.000Z</time>
        <extensions>
          <ns3:TrackPointExtension>
            <ns3:hr>130</ns3:hr>
            <ns3:cad>81</ns3:cad>
          </ns3:TrackPointExtension>
        </extensions>
      </trkpt>
      <trkpt lat="31.2792652286589145660400390625" lon="121.3688459806144237518310546875">
        <ele>12.6000003814697265625</ele>
        <time>2026-06-13T05:58:18.000Z</time>
        <extensions>
          <ns3:TrackPointExtension>
            <ns3:hr>131</ns3:hr>
            <ns3:cad>80</ns3:cad>
          </ns3:TrackPointExtension>
        </extensions>
      </trkpt>
      <trkpt lat="31.279246620833873748779296875" lon="121.368837095797061920166015625">
        <ele>12.6000003814697265625</ele>
        <time>2026-06-13T05:58:19.000Z</time>
        <extensions>
          <ns3:TrackPointExtension>
            <ns3:hr>131</ns3:hr>
            <ns3:cad>80</ns3:cad>
          </ns3:TrackPointExtension>
        </extensions>
      </trkpt>
      <trkpt lat="31.279225163161754608154296875" lon="121.36882896535098552703857421875">
        <ele>12.6000003814697265625</ele>
        <time>2026-06-13T05:58:20.000Z</time>
        <extensions>
          <ns3:TrackPointExtension>
            <ns3:hr>132</ns3:hr>
            <ns3:cad>80</ns3:cad>
          </ns3:TrackPointExtension>
        </extensions>
      </trkpt>
      <trkpt lat="31.27920513041317462921142578125" lon="121.3688184879720211029052734375">
        <ele>12.3999996185302734375</ele>
        <time>2026-06-13T05:58:21.000Z</time>
        <extensions>
          <ns3:TrackPointExtension>
            <ns3:hr>132</ns3:hr>
            <ns3:cad>80</ns3:cad>
          </ns3:TrackPointExtension>
        </extensions>
      </trkpt>
      <trkpt lat="31.27918669022619724273681640625" lon="121.36880784295499324798583984375">
        <ele>12.3999996185302734375</ele>
        <time>2026-06-13T05:58:22.000Z</time>
        <extensions>
          <ns3:TrackPointExtension>
            <ns3:hr>132</ns3:hr>
            <ns3:cad>80</ns3:cad>
          </ns3:TrackPointExtension>
        </extensions>
      </trkpt>
      <trkpt lat="31.2791669927537441253662109375" lon="121.3687953539192676544189453125">
        <ele>12.3999996185302734375</ele>
        <time>2026-06-13T05:58:23.000Z</time>
        <extensions>
          <ns3:TrackPointExtension>
            <ns3:hr>132</ns3:hr>
            <ns3:cad>80</ns3:cad>
          </ns3:TrackPointExtension>
        </extensions>
      </trkpt>
      <trkpt lat="31.27914972603321075439453125" lon="121.36878739111125469207763671875">
        <ele>12.19999980926513671875</ele>
        <time>2026-06-13T05:58:24.000Z</time>
        <extensions>
          <ns3:TrackPointExtension>
            <ns3:hr>131</ns3:hr>
            <ns3:cad>80</ns3:cad>
          </ns3:TrackPointExtension>
        </extensions>
      </trkpt>
      <trkpt lat="31.27912960946559906005859375" lon="121.3687779195606708526611328125">
        <ele>12.3999996185302734375</ele>
        <time>2026-06-13T05:58:25.000Z</time>
        <extensions>
          <ns3:TrackPointExtension>
            <ns3:hr>132</ns3:hr>
            <ns3:cad>81</ns3:cad>
          </ns3:TrackPointExtension>
        </extensions>
      </trkpt>
      <trkpt lat="31.2791083194315433502197265625" lon="121.36876903474330902099609375">
        <ele>12.3999996185302734375</ele>
        <time>2026-06-13T05:58:26.000Z</time>
        <extensions>
          <ns3:TrackPointExtension>
            <ns3:hr>131</ns3:hr>
            <ns3:cad>80</ns3:cad>
          </ns3:TrackPointExtension>
        </extensions>
      </trkpt>
      <trkpt lat="31.2790905497968196868896484375" lon="121.368758641183376312255859375">
        <ele>12.19999980926513671875</ele>
        <time>2026-06-13T05:58:27.000Z</time>
        <extensions>
          <ns3:TrackPointExtension>
            <ns3:hr>131</ns3:hr>
            <ns3:cad>80</ns3:cad>
          </ns3:TrackPointExtension>
        </extensions>
      </trkpt>
      <trkpt lat="31.2790741212666034698486328125" lon="121.368747241795063018798828125">
        <ele>12.19999980926513671875</ele>
        <time>2026-06-13T05:58:28.000Z</time>
        <extensions>
          <ns3:TrackPointExtension>
            <ns3:hr>131</ns3:hr>
            <ns3:cad>80</ns3:cad>
          </ns3:TrackPointExtension>
        </extensions>
      </trkpt>
      <trkpt lat="31.27905593253672122955322265625" lon="121.36873743496835231781005859375">
        <ele>12.19999980926513671875</ele>
        <time>2026-06-13T05:58:29.000Z</time>
        <extensions>
          <ns3:TrackPointExtension>
            <ns3:hr>131</ns3:hr>
            <ns3:cad>80</ns3:cad>
          </ns3:TrackPointExtension>
        </extensions>
      </trkpt>
      <trkpt lat="31.27903732471168041229248046875" lon="121.36872746050357818603515625">
        <ele>12.19999980926513671875</ele>
        <time>2026-06-13T05:58:30.000Z</time>
        <extensions>
          <ns3:TrackPointExtension>
            <ns3:hr>131</ns3:hr>
            <ns3:cad>80</ns3:cad>
          </ns3:TrackPointExtension>
        </extensions>
      </trkpt>
      <trkpt lat="31.27902098000049591064453125" lon="121.36870977468788623809814453125">
        <ele>12</ele>
        <time>2026-06-13T05:58:31.000Z</time>
        <extensions>
          <ns3:TrackPointExtension>
            <ns3:hr>131</ns3:hr>
            <ns3:cad>80</ns3:cad>
          </ns3:TrackPointExtension>
        </extensions>
      </trkpt>
      <trkpt lat="31.279002539813518524169921875" lon="121.36870172806084156036376953125">
        <ele>12</ele>
        <time>2026-06-13T05:58:32.000Z</time>
        <extensions>
          <ns3:TrackPointExtension>
            <ns3:hr>130</ns3:hr>
            <ns3:cad>80</ns3:cad>
          </ns3:TrackPointExtension>
        </extensions>
      </trkpt>
      <trkpt lat="31.2789839319884777069091796875" lon="121.3686937652528285980224609375">
        <ele>12</ele>
        <time>2026-06-13T05:58:33.000Z</time>
        <extensions>
          <ns3:TrackPointExtension>
            <ns3:hr>130</ns3:hr>
            <ns3:cad>80</ns3:cad>
          </ns3:TrackPointExtension>
        </extensions>
      </trkpt>
      <trkpt lat="31.27896322868764400482177734375" lon="121.36868010275065898895263671875">
        <ele>12</ele>
        <time>2026-06-13T05:58:34.000Z</time>
        <extensions>
          <ns3:TrackPointExtension>
            <ns3:hr>130</ns3:hr>
            <ns3:cad>80</ns3:cad>
          </ns3:TrackPointExtension>
        </extensions>
      </trkpt>
      <trkpt lat="31.27894596196711063385009765625" lon="121.3686699606478214263916015625">
        <ele>12</ele>
        <time>2026-06-13T05:58:35.000Z</time>
        <extensions>
          <ns3:TrackPointExtension>
            <ns3:hr>130</ns3:hr>
            <ns3:cad>80</ns3:cad>
          </ns3:TrackPointExtension>
        </extensions>
      </trkpt>
      <trkpt lat="31.278932131826877593994140625" lon="121.36866367422044277191162109375">
        <ele>12</ele>
        <time>2026-06-13T05:58:36.000Z</time>
        <extensions>
          <ns3:TrackPointExtension>
            <ns3:hr>130</ns3:hr>
            <ns3:cad>80</ns3:cad>
          </ns3:TrackPointExtension>
        </extensions>
      </trkpt>
      <trkpt lat="31.278920061886310577392578125" lon="121.36865814216434955596923828125">
        <ele>12.19999980926513671875</ele>
        <time>2026-06-13T05:58:37.000Z</time>
        <extensions>
          <ns3:TrackPointExtension>
            <ns3:hr>130</ns3:hr>
            <ns3:cad>80</ns3:cad>
          </ns3:TrackPointExtension>
        </extensions>
      </trkpt>
      <trkpt lat="31.278905309736728668212890625" lon="121.368653364479541778564453125">
        <ele>12.19999980926513671875</ele>
        <time>2026-06-13T05:58:38.000Z</time>
        <extensions>
          <ns3:TrackPointExtension>
            <ns3:hr>130</ns3:hr>
            <ns3:cad>82</ns3:cad>
          </ns3:TrackPointExtension>
        </extensions>
      </trkpt>
      <trkpt lat="31.27889198251068592071533203125" lon="121.36864774860441684722900390625">
        <ele>12.6000003814697265625</ele>
        <time>2026-06-13T05:58:39.000Z</time>
        <extensions>
          <ns3:TrackPointExtension>
            <ns3:hr>130</ns3:hr>
            <ns3:cad>82</ns3:cad>
          </ns3:TrackPointExtension>
        </extensions>
      </trkpt>
      <trkpt lat="31.27887672744691371917724609375" lon="121.3686411269009113311767578125">
        <ele>12.80000019073486328125</ele>
        <time>2026-06-13T05:58:40.000Z</time>
        <extensions>
          <ns3:TrackPointExtension>
            <ns3:hr>130</ns3:hr>
            <ns3:cad>82</ns3:cad>
          </ns3:TrackPointExtension>
        </extensions>
      </trkpt>
      <trkpt lat="31.27886063419282436370849609375" lon="121.3686342537403106689453125">
        <ele>12.80000019073486328125</ele>
        <time>2026-06-13T05:58:41.000Z</time>
        <extensions>
          <ns3:TrackPointExtension>
            <ns3:hr>130</ns3:hr>
            <ns3:cad>82</ns3:cad>
          </ns3:TrackPointExtension>
        </extensions>
      </trkpt>
      <trkpt lat="31.2788431160151958465576171875" lon="121.3686216808855533599853515625">
        <ele>12.80000019073486328125</ele>
        <time>2026-06-13T05:58:42.000Z</time>
        <extensions>
          <ns3:TrackPointExtension>
            <ns3:hr>130</ns3:hr>
            <ns3:cad>82</ns3:cad>
          </ns3:TrackPointExtension>
        </extensions>
      </trkpt>
      <trkpt lat="31.278827525675296783447265625" lon="121.3686086051166057586669921875">
        <ele>12.80000019073486328125</ele>
        <time>2026-06-13T05:58:43.000Z</time>
        <extensions>
          <ns3:TrackPointExtension>
            <ns3:hr>130</ns3:hr>
            <ns3:cad>68</ns3:cad>
          </ns3:TrackPointExtension>
        </extensions>
      </trkpt>
      <trkpt lat="31.2788124382495880126953125" lon="121.3685965351760387420654296875">
        <ele>12.80000019073486328125</ele>
        <time>2026-06-13T05:58:44.000Z</time>
        <extensions>
          <ns3:TrackPointExtension>
            <ns3:hr>130</ns3:hr>
            <ns3:cad>68</ns3:cad>
          </ns3:TrackPointExtension>
        </extensions>
      </trkpt>
      <trkpt lat="31.2787941657006740570068359375" lon="121.36858136393129825592041015625">
        <ele>12.6000003814697265625</ele>
        <time>2026-06-13T05:58:45.000Z</time>
        <extensions>
          <ns3:TrackPointExtension>
            <ns3:hr>130</ns3:hr>
            <ns3:cad>68</ns3:cad>
          </ns3:TrackPointExtension>
        </extensions>
      </trkpt>
      <trkpt lat="31.278775893151760101318359375" lon="121.36856460012495517730712890625">
        <ele>12.6000003814697265625</ele>
        <time>2026-06-13T05:58:46.000Z</time>
        <extensions>
          <ns3:TrackPointExtension>
            <ns3:hr>130</ns3:hr>
            <ns3:cad>83</ns3:cad>
          </ns3:TrackPointExtension>
        </extensions>
      </trkpt>
      <trkpt lat="31.27876080572605133056640625" lon="121.36855035088956356048583984375">
        <ele>12.80000019073486328125</ele>
        <time>2026-06-13T05:58:47.000Z</time>
        <extensions>
          <ns3:TrackPointExtension>
            <ns3:hr>130</ns3:hr>
            <ns3:cad>83</ns3:cad>
          </ns3:TrackPointExtension>
        </extensions>
      </trkpt>
      <trkpt lat="31.27874848432838916778564453125" lon="121.368538700044155120849609375">
        <ele>13</ele>
        <time>2026-06-13T05:58:48.000Z</time>
        <extensions>
          <ns3:TrackPointExtension>
            <ns3:hr>130</ns3:hr>
            <ns3:cad>83</ns3:cad>
          </ns3:TrackPointExtension>
        </extensions>
      </trkpt>
      <trkpt lat="31.2787354923784732818603515625" lon="121.36853124015033245086669921875">
        <ele>13</ele>
        <time>2026-06-13T05:58:49.000Z</time>
        <extensions>
          <ns3:TrackPointExtension>
            <ns3:hr>129</ns3:hr>
            <ns3:cad>82</ns3:cad>
          </ns3:TrackPointExtension>
        </extensions>
      </trkpt>
      <trkpt lat="31.2787204049527645111083984375" lon="121.36852537281811237335205078125">
        <ele>13</ele>
        <time>2026-06-13T05:58:50.000Z</time>
        <extensions>
          <ns3:TrackPointExtension>
            <ns3:hr>129</ns3:hr>
            <ns3:cad>82</ns3:cad>
          </ns3:TrackPointExtension>
        </extensions>
      </trkpt>
      <trkpt lat="31.2787059880793094635009765625" lon="121.36852227151393890380859375">
        <ele>13</ele>
        <time>2026-06-13T05:58:51.000Z</time>
        <extensions>
          <ns3:TrackPointExtension>
            <ns3:hr>128</ns3:hr>
            <ns3:cad>82</ns3:cad>
          </ns3:TrackPointExtension>
        </extensions>
      </trkpt>
      <trkpt lat="31.27869048155844211578369140625" lon="121.36851632036268711090087890625">
        <ele>13</ele>
        <time>2026-06-13T05:58:52.000Z</time>
        <extensions>
          <ns3:TrackPointExtension>
            <ns3:hr>127</ns3:hr>
            <ns3:cad>82</ns3:cad>
          </ns3:TrackPointExtension>
        </extensions>
      </trkpt>
      <trkpt lat="31.27868846990168094635009765625" lon="121.36851514689624309539794921875">
        <ele>13.19999980926513671875</ele>
        <time>2026-06-13T05:58:53.000Z</time>
        <extensions>
          <ns3:TrackPointExtension>
            <ns3:hr>126</ns3:hr>
            <ns3:cad>82</ns3:cad>
          </ns3:TrackPointExtension>
        </extensions>
      </trkpt>
      <trkpt lat="31.27868494950234889984130859375" lon="121.36851699091494083404541015625">
        <ele>13.19999980926513671875</ele>
        <time>2026-06-13T05:58:54.000Z</time>
        <extensions>
          <ns3:TrackPointExtension>
            <ns3:hr>126</ns3:hr>
            <ns3:cad>0</ns3:cad>
          </ns3:TrackPointExtension>
        </extensions>
      </trkpt>
      <trkpt lat="31.27867765724658966064453125" lon="121.36852168478071689605712890625">
        <ele>13.3999996185302734375</ele>
        <time>2026-06-13T05:58:55.000Z</time>
        <extensions>
          <ns3:TrackPointExtension>
            <ns3:hr>126</ns3:hr>
            <ns3:cad>0</ns3:cad>
          </ns3:TrackPointExtension>
        </extensions>
      </trkpt>
      <trkpt lat="31.2786701135337352752685546875" lon="121.36852629482746124267578125">
        <ele>13.3999996185302734375</ele>
        <time>2026-06-13T05:58:56.000Z</time>
        <extensions>
          <ns3:TrackPointExtension>
            <ns3:hr>126</ns3:hr>
            <ns3:cad>0</ns3:cad>
          </ns3:TrackPointExtension>
        </extensions>
      </trkpt>
      <trkpt lat="31.2786674313247203826904296875" lon="121.36852855794131755828857421875">
        <ele>13.3999996185302734375</ele>
        <time>2026-06-13T05:58:57.000Z</time>
        <extensions>
          <ns3:TrackPointExtension>
            <ns3:hr>126</ns3:hr>
            <ns3:cad>0</ns3:cad>
          </ns3:TrackPointExtension>
        </extensions>
      </trkpt>
      <trkpt lat="31.27866500057280063629150390625" lon="121.368531323969364166259765625">
        <ele>13.3999996185302734375</ele>
        <time>2026-06-13T05:58:58.000Z</time>
        <extensions>
          <ns3:TrackPointExtension>
            <ns3:hr>126</ns3:hr>
            <ns3:cad>0</ns3:cad>
          </ns3:TrackPointExtension>
        </extensions>
      </trkpt>
      <trkpt lat="31.278663240373134613037109375" lon="121.36853836476802825927734375">
        <ele>13.3999996185302734375</ele>
        <time>2026-06-13T05:58:59.000Z</time>
        <extensions>
          <ns3:TrackPointExtension>
            <ns3:hr>127</ns3:hr>
            <ns3:cad>0</ns3:cad>
          </ns3:TrackPointExtension>
        </extensions>
      </trkpt>
      <trkpt lat="31.2786577083170413970947265625" lon="121.36854414828121662139892578125">
        <ele>13.6000003814697265625</ele>
        <time>2026-06-13T05:59:00.000Z</time>
        <extensions>
          <ns3:TrackPointExtension>
            <ns3:hr>127</ns3:hr>
            <ns3:cad>53</ns3:cad>
          </ns3:TrackPointExtension>
        </extensions>
      </trkpt>
      <trkpt lat="31.27865158952772617340087890625" lon="121.36854833923280239105224609375">
        <ele>13.6000003814697265625</ele>
        <time>2026-06-13T05:59:01.000Z</time>
        <extensions>
          <ns3:TrackPointExtension>
            <ns3:hr>126</ns3:hr>
            <ns3:cad>53</ns3:cad>
          </ns3:TrackPointExtension>
        </extensions>
      </trkpt>
      <trkpt lat="31.2786463089287281036376953125" lon="121.3685484230518341064453125">
        <ele>13.6000003814697265625</ele>
        <time>2026-06-13T05:59:02.000Z</time>
        <extensions>
          <ns3:TrackPointExtension>
            <ns3:hr>126</ns3:hr>
            <ns3:cad>57</ns3:cad>
          </ns3:TrackPointExtension>
        </extensions>
      </trkpt>
      <trkpt lat="31.278641112148761749267578125" lon="121.3685449026525020599365234375">
        <ele>13.3999996185302734375</ele>
        <time>2026-06-13T05:59:03.000Z</time>
        <extensions>
          <ns3:TrackPointExtension>
            <ns3:hr>125</ns3:hr>
            <ns3:cad>57</ns3:cad>
          </ns3:TrackPointExtension>
        </extensions>
      </trkpt>
      <trkpt lat="31.27863415516912937164306640625" lon="121.36853610165417194366455078125">
        <ele>13.3999996185302734375</ele>
        <time>2026-06-13T05:59:04.000Z</time>
        <extensions>
          <ns3:TrackPointExtension>
            <ns3:hr>125</ns3:hr>
            <ns3:cad>55</ns3:cad>
          </ns3:TrackPointExtension>
        </extensions>
      </trkpt>
      <trkpt lat="31.2786255218088626861572265625" lon="121.3685234449803829193115234375">
        <ele>13.3999996185302734375</ele>
        <time>2026-06-13T05:59:05.000Z</time>
        <extensions>
          <ns3:TrackPointExtension>
            <ns3:hr>124</ns3:hr>
            <ns3:cad>55</ns3:cad>
          </ns3:TrackPointExtension>
        </extensions>
      </trkpt>
      <trkpt lat="31.27861638553440570831298828125" lon="121.36850911192595958709716796875">
        <ele>13.3999996185302734375</ele>
        <time>2026-06-13T05:59:06.000Z</time>
        <extensions>
          <ns3:TrackPointExtension>
            <ns3:hr>123</ns3:hr>
            <ns3:cad>55</ns3:cad>
          </ns3:TrackPointExtension>
        </extensions>
      </trkpt>
      <trkpt lat="31.27860951237380504608154296875" lon="121.36849720962345600128173828125">
        <ele>13.3999996185302734375</ele>
        <time>2026-06-13T05:59:07.000Z</time>
        <extensions>
          <ns3:TrackPointExtension>
            <ns3:hr>122</ns3:hr>
            <ns3:cad>55</ns3:cad>
          </ns3:TrackPointExtension>
        </extensions>
      </trkpt>
      <trkpt lat="31.27860582433640956878662109375" lon="121.36848430149257183074951171875">
        <ele>13.3999996185302734375</ele>
        <time>2026-06-13T05:59:08.000Z</time>
        <extensions>
          <ns3:TrackPointExtension>
            <ns3:hr>121</ns3:hr>
            <ns3:cad>56</ns3:cad>
          </ns3:TrackPointExtension>
        </extensions>
      </trkpt>
      <trkpt lat="31.2786027230322360992431640625" lon="121.3684728182852268218994140625">
        <ele>13.3999996185302734375</ele>
        <time>2026-06-13T05:59:09.000Z</time>
        <extensions>
          <ns3:TrackPointExtension>
            <ns3:hr>121</ns3:hr>
            <ns3:cad>56</ns3:cad>
          </ns3:TrackPointExtension>
        </extensions>
      </trkpt>
      <trkpt lat="31.27860129810869693756103515625" lon="121.36846083216369152069091796875">
        <ele>13.3999996185302734375</ele>
        <time>2026-06-13T05:59:10.000Z</time>
        <extensions>
          <ns3:TrackPointExtension>
            <ns3:hr>121</ns3:hr>
            <ns3:cad>56</ns3:cad>
          </ns3:TrackPointExtension>
        </extensions>
      </trkpt>
      <trkpt lat="31.2785926647484302520751953125" lon="121.36844339780509471893310546875">
        <ele>13.19999980926513671875</ele>
        <time>2026-06-13T05:59:11.000Z</time>
        <extensions>
          <ns3:TrackPointExtension>
            <ns3:hr>120</ns3:hr>
            <ns3:cad>56</ns3:cad>
          </ns3:TrackPointExtension>
        </extensions>
      </trkpt>
      <trkpt lat="31.2785903178155422210693359375" lon="121.36843199841678142547607421875">
        <ele>13</ele>
        <time>2026-06-13T05:59:12.000Z</time>
        <extensions>
          <ns3:TrackPointExtension>
            <ns3:hr>119</ns3:hr>
            <ns3:cad>56</ns3:cad>
          </ns3:TrackPointExtension>
        </extensions>
      </trkpt>
      <trkpt lat="31.278589479625225067138671875" lon="121.3684201799333095550537109375">
        <ele>12.80000019073486328125</ele>
        <time>2026-06-13T05:59:13.000Z</time>
        <extensions>
          <ns3:TrackPointExtension>
            <ns3:hr>119</ns3:hr>
            <ns3:cad>56</ns3:cad>
          </ns3:TrackPointExtension>
        </extensions>
      </trkpt>
      <trkpt lat="31.27858838997781276702880859375" lon="121.36840249411761760711669921875">
        <ele>12.6000003814697265625</ele>
        <time>2026-06-13T05:59:14.000Z</time>
        <extensions>
          <ns3:TrackPointExtension>
            <ns3:hr>119</ns3:hr>
            <ns3:cad>56</ns3:cad>
          </ns3:TrackPointExtension>
        </extensions>
      </trkpt>
      <trkpt lat="31.2785829417407512664794921875" lon="121.3683856464922428131103515625">
        <ele>12.19999980926513671875</ele>
        <time>2026-06-13T05:59:15.000Z</time>
        <extensions>
          <ns3:TrackPointExtension>
            <ns3:hr>118</ns3:hr>
            <ns3:cad>56</ns3:cad>
          </ns3:TrackPointExtension>
        </extensions>
      </trkpt>
      <trkpt lat="31.278583444654941558837890625" lon="121.36837198399007320404052734375">
        <ele>12.19999980926513671875</ele>
        <time>2026-06-13T05:59:16.000Z</time>
        <extensions>
          <ns3:TrackPointExtension>
            <ns3:hr>118</ns3:hr>
            <ns3:cad>56</ns3:cad>
          </ns3:TrackPointExtension>
        </extensions>
      </trkpt>
      <trkpt lat="31.27858201973140239715576171875" lon="121.36835907585918903350830078125">
        <ele>12</ele>
        <time>2026-06-13T05:59:17.000Z</time>
        <extensions>
          <ns3:TrackPointExtension>
            <ns3:hr>118</ns3:hr>
            <ns3:cad>56</ns3:cad>
          </ns3:TrackPointExtension>
        </extensions>
      </trkpt>
      <trkpt lat="31.27857682295143604278564453125" lon="121.368342898786067962646484375">
        <ele>11.6000003814697265625</ele>
        <time>2026-06-13T05:59:18.000Z</time>
        <extensions>
          <ns3:TrackPointExtension>
            <ns3:hr>118</ns3:hr>
            <ns3:cad>57</ns3:cad>
          </ns3:TrackPointExtension>
        </extensions>
      </trkpt>
      <trkpt lat="31.27857162617146968841552734375" lon="121.36833409778773784637451171875">
        <ele>11.3999996185302734375</ele>
        <time>2026-06-13T05:59:19.000Z</time>
        <extensions>
          <ns3:TrackPointExtension>
            <ns3:hr>118</ns3:hr>
            <ns3:cad>57</ns3:cad>
          </ns3:TrackPointExtension>
        </extensions>
      </trkpt>
      <trkpt lat="31.27856994979083538055419921875" lon="121.3683257997035980224609375">
        <ele>11.19999980926513671875</ele>
        <time>2026-06-13T05:59:20.000Z</time>
        <extensions>
          <ns3:TrackPointExtension>
            <ns3:hr>118</ns3:hr>
            <ns3:cad>58</ns3:cad>
          </ns3:TrackPointExtension>
        </extensions>
      </trkpt>
      <trkpt lat="31.27856609411537647247314453125" lon="121.36831532232463359832763671875">
        <ele>11</ele>
        <time>2026-06-13T05:59:21.000Z</time>
        <extensions>
          <ns3:TrackPointExtension>
            <ns3:hr>118</ns3:hr>
            <ns3:cad>58</ns3:cad>
          </ns3:TrackPointExtension>
        </extensions>
      </trkpt>
      <trkpt lat="31.27856274135410785675048828125" lon="121.3683024980127811431884765625">
        <ele>10.6000003814697265625</ele>
        <time>2026-06-13T05:59:22.000Z</time>
        <extensions>
          <ns3:TrackPointExtension>
            <ns3:hr>117</ns3:hr>
            <ns3:cad>58</ns3:cad>
          </ns3:TrackPointExtension>
        </extensions>
      </trkpt>
      <trkpt lat="31.278561651706695556640625" lon="121.36829185299575328826904296875">
        <ele>10.3999996185302734375</ele>
        <time>2026-06-13T05:59:23.000Z</time>
        <extensions>
          <ns3:TrackPointExtension>
            <ns3:hr>117</ns3:hr>
            <ns3:cad>57</ns3:cad>
          </ns3:TrackPointExtension>
        </extensions>
      </trkpt>
      <trkpt lat="31.2785576283931732177734375" lon="121.36828221380710601806640625">
        <ele>10.19999980926513671875</ele>
        <time>2026-06-13T05:59:24.000Z</time>
        <extensions>
          <ns3:TrackPointExtension>
            <ns3:hr>116</ns3:hr>
            <ns3:cad>57</ns3:cad>
          </ns3:TrackPointExtension>
        </extensions>
      </trkpt>
      <trkpt lat="31.27855268307030200958251953125" lon="121.36827492155134677886962890625">
        <ele>10</ele>
        <time>2026-06-13T05:59:25.000Z</time>
        <extensions>
          <ns3:TrackPointExtension>
            <ns3:hr>116</ns3:hr>
            <ns3:cad>56</ns3:cad>
          </ns3:TrackPointExtension>
        </extensions>
      </trkpt>
      <trkpt lat="31.278547905385494232177734375" lon="121.36826687492430210113525390625">
        <ele>9.80000019073486328125</ele>
        <time>2026-06-13T05:59:26.000Z</time>
        <extensions>
          <ns3:TrackPointExtension>
            <ns3:hr>115</ns3:hr>
            <ns3:cad>56</ns3:cad>
          </ns3:TrackPointExtension>
        </extensions>
      </trkpt>
      <trkpt lat="31.278545558452606201171875" lon="121.36826100759208202362060546875">
        <ele>9.80000019073486328125</ele>
        <time>2026-06-13T05:59:27.000Z</time>
        <extensions>
          <ns3:TrackPointExtension>
            <ns3:hr>115</ns3:hr>
            <ns3:cad>56</ns3:cad>
          </ns3:TrackPointExtension>
        </extensions>
      </trkpt>
      <trkpt lat="31.27853994257748126983642578125" lon="121.36825614608824253082275390625">
        <ele>9.6000003814697265625</ele>
        <time>2026-06-13T05:59:28.000Z</time>
        <extensions>
          <ns3:TrackPointExtension>
            <ns3:hr>115</ns3:hr>
            <ns3:cad>56</ns3:cad>
          </ns3:TrackPointExtension>
        </extensions>
      </trkpt>
      <trkpt lat="31.27853214740753173828125" lon="121.36824910528957843780517578125">
        <ele>9.3999996185302734375</ele>
        <time>2026-06-13T05:59:29.000Z</time>
        <extensions>
          <ns3:TrackPointExtension>
            <ns3:hr>115</ns3:hr>
            <ns3:cad>56</ns3:cad>
          </ns3:TrackPointExtension>
        </extensions>
      </trkpt>
      <trkpt lat="31.2785262800753116607666015625" lon="121.368244998157024383544921875">
        <ele>9.3999996185302734375</ele>
        <time>2026-06-13T05:59:30.000Z</time>
        <extensions>
          <ns3:TrackPointExtension>
            <ns3:hr>116</ns3:hr>
            <ns3:cad>57</ns3:cad>
          </ns3:TrackPointExtension>
        </extensions>
      </trkpt>
      <trkpt lat="31.27852569334208965301513671875" lon="121.368243657052516937255859375">
        <ele>9.19999980926513671875</ele>
        <time>2026-06-13T05:59:31.000Z</time>
        <extensions>
          <ns3:TrackPointExtension>
            <ns3:hr>115</ns3:hr>
            <ns3:cad>57</ns3:cad>
          </ns3:TrackPointExtension>
        </extensions>
      </trkpt>
      <trkpt lat="31.2785205803811550140380859375" lon="121.36824022047221660614013671875">
        <ele>9</ele>
        <time>2026-06-13T05:59:32.000Z</time>
        <extensions>
          <ns3:TrackPointExtension>
            <ns3:hr>115</ns3:hr>
            <ns3:cad>57</ns3:cad>
          </ns3:TrackPointExtension>
        </extensions>
      </trkpt>
      <trkpt lat="31.27851479686796665191650390625" lon="121.3682367838919162750244140625">
        <ele>8.6000003814697265625</ele>
        <time>2026-06-13T05:59:33.000Z</time>
        <extensions>
          <ns3:TrackPointExtension>
            <ns3:hr>114</ns3:hr>
            <ns3:cad>60</ns3:cad>
          </ns3:TrackPointExtension>
        </extensions>
      </trkpt>
      <trkpt lat="31.27851144410669803619384765625" lon="121.36823452077805995941162109375">
        <ele>8.3999996185302734375</ele>
        <time>2026-06-13T05:59:34.000Z</time>
        <extensions>
          <ns3:TrackPointExtension>
            <ns3:hr>113</ns3:hr>
            <ns3:cad>60</ns3:cad>
          </ns3:TrackPointExtension>
        </extensions>
      </trkpt>
      <trkpt lat="31.27850809134542942047119140625" lon="121.36823217384517192840576171875">
        <ele>8</ele>
        <time>2026-06-13T05:59:35.000Z</time>
        <extensions>
          <ns3:TrackPointExtension>
            <ns3:hr>113</ns3:hr>
            <ns3:cad>60</ns3:cad>
          </ns3:TrackPointExtension>
        </extensions>
      </trkpt>
      <trkpt lat="31.2785192392766475677490234375" lon="121.36824374087154865264892578125">
        <ele>7.80000019073486328125</ele>
        <time>2026-06-13T05:59:36.000Z</time>
        <extensions>
          <ns3:TrackPointExtension>
            <ns3:hr>112</ns3:hr>
            <ns3:cad>60</ns3:cad>
          </ns3:TrackPointExtension>
        </extensions>
      </trkpt>
      <trkpt lat="31.2785286270081996917724609375" lon="121.3682488538324832916259765625">
        <ele>7.599999904632568359375</ele>
        <time>2026-06-13T05:59:37.000Z</time>
        <extensions>
          <ns3:TrackPointExtension>
            <ns3:hr>111</ns3:hr>
            <ns3:cad>60</ns3:cad>
          </ns3:TrackPointExtension>
        </extensions>
      </trkpt>
      <trkpt lat="31.27853809855878353118896484375" lon="121.3682520389556884765625">
        <ele>7.400000095367431640625</ele>
        <time>2026-06-13T05:59:38.000Z</time>
        <extensions>
          <ns3:TrackPointExtension>
            <ns3:hr>110</ns3:hr>
            <ns3:cad>61</ns3:cad>
          </ns3:TrackPointExtension>
        </extensions>
      </trkpt>
      <trkpt lat="31.2785467319190502166748046875" lon="121.3682545535266399383544921875">
        <ele>7.400000095367431640625</ele>
        <time>2026-06-13T05:59:39.000Z</time>
        <extensions>
          <ns3:TrackPointExtension>
            <ns3:hr>109</ns3:hr>
            <ns3:cad>62</ns3:cad>
          </ns3:TrackPointExtension>
        </extensions>
      </trkpt>
      <trkpt lat="31.27855603583157062530517578125" lon="121.36826016940176486968994140625">
        <ele>7.400000095367431640625</ele>
        <time>2026-06-13T05:59:40.000Z</time>
        <extensions>
          <ns3:TrackPointExtension>
            <ns3:hr>108</ns3:hr>
            <ns3:cad>62</ns3:cad>
          </ns3:TrackPointExtension>
        </extensions>
      </trkpt>
      <trkpt lat="31.2785671837627887725830078125" lon="121.368267126381397247314453125">
        <ele>7.400000095367431640625</ele>
        <time>2026-06-13T05:59:41.000Z</time>
        <extensions>
          <ns3:TrackPointExtension>
            <ns3:hr>108</ns3:hr>
            <ns3:cad>62</ns3:cad>
          </ns3:TrackPointExtension>
        </extensions>
      </trkpt>
      <trkpt lat="31.278576068580150604248046875" lon="121.36827358044683933258056640625">
        <ele>7.400000095367431640625</ele>
        <time>2026-06-13T05:59:42.000Z</time>
        <extensions>
          <ns3:TrackPointExtension>
            <ns3:hr>108</ns3:hr>
            <ns3:cad>62</ns3:cad>
          </ns3:TrackPointExtension>
        </extensions>
      </trkpt>
      <trkpt lat="31.2785844504833221435546875" lon="121.36827810667455196380615234375">
        <ele>7.400000095367431640625</ele>
        <time>2026-06-13T05:59:43.000Z</time>
        <extensions>
          <ns3:TrackPointExtension>
            <ns3:hr>108</ns3:hr>
            <ns3:cad>61</ns3:cad>
          </ns3:TrackPointExtension>
        </extensions>
      </trkpt>
      <trkpt lat="31.27859191037714481353759765625" lon="121.36828363873064517974853515625">
        <ele>7.599999904632568359375</ele>
        <time>2026-06-13T05:59:44.000Z</time>
        <extensions>
          <ns3:TrackPointExtension>
            <ns3:hr>108</ns3:hr>
            <ns3:cad>0</ns3:cad>
          </ns3:TrackPointExtension>
        </extensions>
      </trkpt>
    </trkseg>
  </trk>
</gpx>
