<?xml version="1.0" encoding="UTF-8"?>
<gpx creator="Garmin Connect" version="1.1"
  xsi:schemaLocation="http://www.topografix.com/GPX/1/1 http://www.topografix.com/GPX/11.xsd"
  xmlns:ns3="http://www.garmin.com/xmlschemas/TrackPointExtension/v1"
  xmlns="http://www.topografix.com/GPX/1/1"
  xmlns:xsi="http://www.w3.org/2001/XMLSchema-instance" xmlns:ns2="http://www.garmin.com/xmlschemas/GpxExtensions/v3">
  <metadata>
    <link href="connect.garmin.com">
      <text>Garmin Connect</text>
    </link>
    <time>2026-08-10T12:33:14.000Z</time>
  </metadata>
  <trk>
    <name>普陀区 公路骑行</name>
    <type>road_biking</type>
    <trkseg>
      <trkpt lat="31.28524496220052242279052734375" lon="121.3705766759812831878662109375">
        <ele>11.3999996185302734375</ele>
        <time>2026-08-10T12:33:14.000Z</time>
        <extensions>
          <ns3:TrackPointExtension>
            <ns3:hr>87</ns3:hr>
          </ns3:TrackPointExtension>
        </extensions>
      </trkpt>
      <trkpt lat="31.28524370491504669189453125" lon="121.37057541869580745697021484375">
        <ele>11.3999996185302734375</ele>
        <time>2026-08-10T12:33:15.000Z</time>
        <extensions>
          <ns3:TrackPointExtension>
            <ns3:hr>87</ns3:hr>
          </ns3:TrackPointExtension>
        </extensions>
      </trkpt>
      <trkpt lat="31.285207830369472503662109375" lon="121.370537616312503814697265625">
        <ele>11.3999996185302734375</ele>
        <time>2026-08-10T12:33:21.000Z</time>
        <extensions>
          <ns3:TrackPointExtension>
            <ns3:hr>80</ns3:hr>
          </ns3:TrackPointExtension>
        </extensions>
      </trkpt>
      <trkpt lat="31.28519475460052490234375" lon="121.37052160687744617462158203125">
        <ele>11.6000003814697265625</ele>
        <time>2026-08-10T12:33:22.000Z</time>
        <extensions>
          <ns3:TrackPointExtension>
            <ns3:hr>82</ns3:hr>
          </ns3:TrackPointExtension>
        </extensions>
      </trkpt>
      <trkpt lat="31.28517874516546726226806640625" lon="121.37049646116793155670166015625">
        <ele>11.6000003814697265625</ele>
        <time>2026-08-10T12:33:23.000Z</time>
        <extensions>
          <ns3:TrackPointExtension>
            <ns3:hr>79</ns3:hr>
          </ns3:TrackPointExtension>
        </extensions>
      </trkpt>
      <trkpt lat="31.285132728517055511474609375" lon="121.37046930380165576934814453125">
        <ele>11.6000003814697265625</ele>
        <time>2026-08-10T12:33:25.000Z</time>
        <extensions>
          <ns3:TrackPointExtension>
            <ns3:hr>76</ns3:hr>
          </ns3:TrackPointExtension>
        </extensions>
      </trkpt>
      <trkpt lat="31.28508671186864376068115234375" lon="121.3704449124634265899658203125">
        <ele>11.6000003814697265625</ele>
        <time>2026-08-10T12:33:28.000Z</time>
        <extensions>
          <ns3:TrackPointExtension>
            <ns3:hr>77</ns3:hr>
          </ns3:TrackPointExtension>
        </extensions>
      </trkpt>
      <trkpt lat="31.285092830657958984375" lon="121.37044549919664859771728515625">
        <ele>11.3999996185302734375</ele>
        <time>2026-08-10T12:33:30.000Z</time>
        <extensions>
          <ns3:TrackPointExtension>
            <ns3:hr>77</ns3:hr>
          </ns3:TrackPointExtension>
        </extensions>
      </trkpt>
      <trkpt lat="31.28502242267131805419921875" lon="121.3704420626163482666015625">
        <ele>11.6000003814697265625</ele>
        <time>2026-08-10T12:33:51.000Z</time>
        <extensions>
          <ns3:TrackPointExtension>
            <ns3:hr>85</ns3:hr>
          </ns3:TrackPointExtension>
        </extensions>
      </trkpt>
      <trkpt lat="31.2849964387714862823486328125" lon="121.37043812312185764312744140625">
        <ele>11.3999996185302734375</ele>
        <time>2026-08-10T12:33:52.000Z</time>
        <extensions>
          <ns3:TrackPointExtension>
            <ns3:hr>86</ns3:hr>
          </ns3:TrackPointExtension>
        </extensions>
      </trkpt>
      <trkpt lat="31.28478580154478549957275390625" lon="121.3704298250377178192138671875">
        <ele>11.19999980926513671875</ele>
        <time>2026-08-10T12:33:59.000Z</time>
        <extensions>
          <ns3:TrackPointExtension>
            <ns3:hr>86</ns3:hr>
          </ns3:TrackPointExtension>
        </extensions>
      </trkpt>
      <trkpt lat="31.28464414738118648529052734375" lon="121.37043124996125698089599609375">
        <ele>11.19999980926513671875</ele>
        <time>2026-08-10T12:34:03.000Z</time>
        <extensions>
          <ns3:TrackPointExtension>
            <ns3:hr>89</ns3:hr>
          </ns3:TrackPointExtension>
        </extensions>
      </trkpt>
      <trkpt lat="31.284541301429271697998046875" lon="121.370416246354579925537109375">
        <ele>11.6000003814697265625</ele>
        <time>2026-08-10T12:34:06.000Z</time>
        <extensions>
          <ns3:TrackPointExtension>
            <ns3:hr>91</ns3:hr>
          </ns3:TrackPointExtension>
        </extensions>
      </trkpt>
      <trkpt lat="31.284273080527782440185546875" lon="121.3703776895999908447265625">
        <ele>10.80000019073486328125</ele>
        <time>2026-08-10T12:34:13.000Z</time>
        <extensions>
          <ns3:TrackPointExtension>
            <ns3:hr>90</ns3:hr>
          </ns3:TrackPointExtension>
        </extensions>
      </trkpt>
      <trkpt lat="31.2838836573064327239990234375" lon="121.37034944258630275726318359375">
        <ele>10.80000019073486328125</ele>
        <time>2026-08-10T12:34:22.000Z</time>
        <extensions>
          <ns3:TrackPointExtension>
            <ns3:hr>91</ns3:hr>
          </ns3:TrackPointExtension>
        </extensions>
      </trkpt>
      <trkpt lat="31.28358542919158935546875" lon="121.37031725607812404632568359375">
        <ele>10.3999996185302734375</ele>
        <time>2026-08-10T12:34:29.000Z</time>
        <extensions>
          <ns3:TrackPointExtension>
            <ns3:hr>90</ns3:hr>
          </ns3:TrackPointExtension>
        </extensions>
      </trkpt>
      <trkpt lat="31.2834990955889225006103515625" lon="121.37031306512653827667236328125">
        <ele>10.6000003814697265625</ele>
        <time>2026-08-10T12:34:31.000Z</time>
        <extensions>
          <ns3:TrackPointExtension>
            <ns3:hr>90</ns3:hr>
          </ns3:TrackPointExtension>
        </extensions>
      </trkpt>
      <trkpt lat="31.283374540507793426513671875" lon="121.37029680423438549041748046875">
        <ele>11</ele>
        <time>2026-08-10T12:34:34.000Z</time>
        <extensions>
          <ns3:TrackPointExtension>
            <ns3:hr>93</ns3:hr>
          </ns3:TrackPointExtension>
        </extensions>
      </trkpt>
      <trkpt lat="31.2833006121218204498291015625" lon="121.37028473429381847381591796875">
        <ele>11.19999980926513671875</ele>
        <time>2026-08-10T12:34:36.000Z</time>
        <extensions>
          <ns3:TrackPointExtension>
            <ns3:hr>96</ns3:hr>
          </ns3:TrackPointExtension>
        </extensions>
      </trkpt>
      <trkpt lat="31.2832291983067989349365234375" lon="121.3702772743999958038330078125">
        <ele>11.6000003814697265625</ele>
        <time>2026-08-10T12:34:38.000Z</time>
        <extensions>
          <ns3:TrackPointExtension>
            <ns3:hr>96</ns3:hr>
          </ns3:TrackPointExtension>
        </extensions>
      </trkpt>
      <trkpt lat="31.2830236740410327911376953125" lon="121.3702655397355556488037109375">
        <ele>11.80000019073486328125</ele>
        <time>2026-08-10T12:34:44.000Z</time>
        <extensions>
          <ns3:TrackPointExtension>
            <ns3:hr>99</ns3:hr>
          </ns3:TrackPointExtension>
        </extensions>
      </trkpt>
      <trkpt lat="31.28298738040030002593994140625" lon="121.3702608458697795867919921875">
        <ele>11.80000019073486328125</ele>
        <time>2026-08-10T12:34:45.000Z</time>
        <extensions>
          <ns3:TrackPointExtension>
            <ns3:hr>100</ns3:hr>
          </ns3:TrackPointExtension>
        </extensions>
      </trkpt>
      <trkpt lat="31.28287187777459621429443359375" lon="121.37026076205074787139892578125">
        <ele>11.6000003814697265625</ele>
        <time>2026-08-10T12:34:48.000Z</time>
        <extensions>
          <ns3:TrackPointExtension>
            <ns3:hr>101</ns3:hr>
          </ns3:TrackPointExtension>
        </extensions>
      </trkpt>
      <trkpt lat="31.28273625858128070831298828125" lon="121.37024399824440479278564453125">
        <ele>11</ele>
        <time>2026-08-10T12:34:51.000Z</time>
        <extensions>
          <ns3:TrackPointExtension>
            <ns3:hr>101</ns3:hr>
          </ns3:TrackPointExtension>
        </extensions>
      </trkpt>
      <trkpt lat="31.282379440963268280029296875" lon="121.370213069021701812744140625">
        <ele>10.3999996185302734375</ele>
        <time>2026-08-10T12:34:59.000Z</time>
        <extensions>
          <ns3:TrackPointExtension>
            <ns3:hr>100</ns3:hr>
          </ns3:TrackPointExtension>
        </extensions>
      </trkpt>
      <trkpt lat="31.282334513962268829345703125" lon="121.37020938098430633544921875">
        <ele>10.19999980926513671875</ele>
        <time>2026-08-10T12:35:00.000Z</time>
        <extensions>
          <ns3:TrackPointExtension>
            <ns3:hr>99</ns3:hr>
          </ns3:TrackPointExtension>
        </extensions>
      </trkpt>
      <trkpt lat="31.28224574960768222808837890625" lon="121.37020091526210308074951171875">
        <ele>10.3999996185302734375</ele>
        <time>2026-08-10T12:35:02.000Z</time>
        <extensions>
          <ns3:TrackPointExtension>
            <ns3:hr>96</ns3:hr>
          </ns3:TrackPointExtension>
        </extensions>
      </trkpt>
      <trkpt lat="31.28199161030352115631103515625" lon="121.3701917789876461029052734375">
        <ele>10.80000019073486328125</ele>
        <time>2026-08-10T12:35:08.000Z</time>
        <extensions>
          <ns3:TrackPointExtension>
            <ns3:hr>94</ns3:hr>
          </ns3:TrackPointExtension>
        </extensions>
      </trkpt>
      <trkpt lat="31.2817117385566234588623046875" lon="121.37018616311252117156982421875">
        <ele>11</ele>
        <time>2026-08-10T12:35:16.000Z</time>
        <extensions>
          <ns3:TrackPointExtension>
            <ns3:hr>94</ns3:hr>
          </ns3:TrackPointExtension>
        </extensions>
      </trkpt>
      <trkpt lat="31.28161040134727954864501953125" lon="121.37018029578030109405517578125">
        <ele>10.80000019073486328125</ele>
        <time>2026-08-10T12:35:19.000Z</time>
        <extensions>
          <ns3:TrackPointExtension>
            <ns3:hr>91</ns3:hr>
          </ns3:TrackPointExtension>
        </extensions>
      </trkpt>
      <trkpt lat="31.2812772206962108612060546875" lon="121.37015481479465961456298828125">
        <ele>11.19999980926513671875</ele>
        <time>2026-08-10T12:35:28.000Z</time>
        <extensions>
          <ns3:TrackPointExtension>
            <ns3:hr>91</ns3:hr>
          </ns3:TrackPointExtension>
        </extensions>
      </trkpt>
      <trkpt lat="31.28085435368120670318603515625" lon="121.3701203651726245880126953125">
        <ele>11.19999980926513671875</ele>
        <time>2026-08-10T12:35:39.000Z</time>
        <extensions>
          <ns3:TrackPointExtension>
            <ns3:hr>92</ns3:hr>
          </ns3:TrackPointExtension>
        </extensions>
      </trkpt>
      <trkpt lat="31.2805382721126079559326171875" lon="121.3700737617909908294677734375">
        <ele>10.80000019073486328125</ele>
        <time>2026-08-10T12:35:47.000Z</time>
        <extensions>
          <ns3:TrackPointExtension>
            <ns3:hr>92</ns3:hr>
          </ns3:TrackPointExtension>
        </extensions>
      </trkpt>
      <trkpt lat="31.280181705951690673828125" lon="121.37002154253423213958740234375">
        <ele>11</ele>
        <time>2026-08-10T12:35:57.000Z</time>
        <extensions>
          <ns3:TrackPointExtension>
            <ns3:hr>94</ns3:hr>
          </ns3:TrackPointExtension>
        </extensions>
      </trkpt>
      <trkpt lat="31.2799652852118015289306640625" lon="121.36998474597930908203125">
        <ele>11.19999980926513671875</ele>
        <time>2026-08-10T12:36:04.000Z</time>
        <extensions>
          <ns3:TrackPointExtension>
            <ns3:hr>97</ns3:hr>
          </ns3:TrackPointExtension>
        </extensions>
      </trkpt>
      <trkpt lat="31.279935948550701141357421875" lon="121.3699815608561038970947265625">
        <ele>11.19999980926513671875</ele>
        <time>2026-08-10T12:36:05.000Z</time>
        <extensions>
          <ns3:TrackPointExtension>
            <ns3:hr>98</ns3:hr>
          </ns3:TrackPointExtension>
        </extensions>
      </trkpt>
      <trkpt lat="31.27969027496874332427978515625" lon="121.369982399046421051025390625">
        <ele>11</ele>
        <time>2026-08-10T12:36:12.000Z</time>
        <extensions>
          <ns3:TrackPointExtension>
            <ns3:hr>98</ns3:hr>
          </ns3:TrackPointExtension>
        </extensions>
      </trkpt>
      <trkpt lat="31.279428340494632720947265625" lon="121.36993973515927791595458984375">
        <ele>9.80000019073486328125</ele>
        <time>2026-08-10T12:36:19.000Z</time>
        <extensions>
          <ns3:TrackPointExtension>
            <ns3:hr>99</ns3:hr>
          </ns3:TrackPointExtension>
        </extensions>
      </trkpt>
      <trkpt lat="31.27935281954705715179443359375" lon="121.369925402104854583740234375">
        <ele>9.3999996185302734375</ele>
        <time>2026-08-10T12:36:21.000Z</time>
        <extensions>
          <ns3:TrackPointExtension>
            <ns3:hr>99</ns3:hr>
          </ns3:TrackPointExtension>
        </extensions>
      </trkpt>
      <trkpt lat="31.27904403023421764373779296875" lon="121.36988240294158458709716796875">
        <ele>10.3999996185302734375</ele>
        <time>2026-08-10T12:36:29.000Z</time>
        <extensions>
          <ns3:TrackPointExtension>
            <ns3:hr>98</ns3:hr>
          </ns3:TrackPointExtension>
        </extensions>
      </trkpt>
      <trkpt lat="31.27864412963390350341796875" lon="121.3698390685021877288818359375">
        <ele>11.3999996185302734375</ele>
        <time>2026-08-10T12:36:39.000Z</time>
        <extensions>
          <ns3:TrackPointExtension>
            <ns3:hr>98</ns3:hr>
          </ns3:TrackPointExtension>
        </extensions>
      </trkpt>
      <trkpt lat="31.2782087735831737518310546875" lon="121.36978022754192352294921875">
        <ele>11.6000003814697265625</ele>
        <time>2026-08-10T12:36:50.000Z</time>
        <extensions>
          <ns3:TrackPointExtension>
            <ns3:hr>96</ns3:hr>
          </ns3:TrackPointExtension>
        </extensions>
      </trkpt>
      <trkpt lat="31.2781698815524578094482421875" lon="121.3697688281536102294921875">
        <ele>11.6000003814697265625</ele>
        <time>2026-08-10T12:36:51.000Z</time>
        <extensions>
          <ns3:TrackPointExtension>
            <ns3:hr>96</ns3:hr>
          </ns3:TrackPointExtension>
        </extensions>
      </trkpt>
      <trkpt lat="31.2778278999030590057373046875" lon="121.3697220571339130401611328125">
        <ele>11.19999980926513671875</ele>
        <time>2026-08-10T12:37:00.000Z</time>
        <extensions>
          <ns3:TrackPointExtension>
            <ns3:hr>96</ns3:hr>
          </ns3:TrackPointExtension>
        </extensions>
      </trkpt>
      <trkpt lat="31.27741039730608463287353515625" lon="121.3696583546698093414306640625">
        <ele>10.6000003814697265625</ele>
        <time>2026-08-10T12:37:11.000Z</time>
        <extensions>
          <ns3:TrackPointExtension>
            <ns3:hr>96</ns3:hr>
          </ns3:TrackPointExtension>
        </extensions>
      </trkpt>
      <trkpt lat="31.277297995984554290771484375" lon="121.3696362264454364776611328125">
        <ele>10.3999996185302734375</ele>
        <time>2026-08-10T12:37:14.000Z</time>
        <extensions>
          <ns3:TrackPointExtension>
            <ns3:hr>96</ns3:hr>
          </ns3:TrackPointExtension>
        </extensions>
      </trkpt>
      <trkpt lat="31.277136392891407012939453125" lon="121.369618289172649383544921875">
        <ele>11.6000003814697265625</ele>
        <time>2026-08-10T12:37:18.000Z</time>
        <extensions>
          <ns3:TrackPointExtension>
            <ns3:hr>96</ns3:hr>
          </ns3:TrackPointExtension>
        </extensions>
      </trkpt>
      <trkpt lat="31.277057267725467681884765625" lon="121.36961183510720729827880859375">
        <ele>12.6000003814697265625</ele>
        <time>2026-08-10T12:37:20.000Z</time>
        <extensions>
          <ns3:TrackPointExtension>
            <ns3:hr>98</ns3:hr>
          </ns3:TrackPointExtension>
        </extensions>
      </trkpt>
      <trkpt lat="31.27701577730476856231689453125" lon="121.36960932053625583648681640625">
        <ele>13.19999980926513671875</ele>
        <time>2026-08-10T12:37:21.000Z</time>
        <extensions>
          <ns3:TrackPointExtension>
            <ns3:hr>98</ns3:hr>
          </ns3:TrackPointExtension>
        </extensions>
      </trkpt>
      <trkpt lat="31.27681679092347621917724609375" lon="121.36959205381572246551513671875">
        <ele>12.80000019073486328125</ele>
        <time>2026-08-10T12:37:26.000Z</time>
        <extensions>
          <ns3:TrackPointExtension>
            <ns3:hr>94</ns3:hr>
          </ns3:TrackPointExtension>
        </extensions>
      </trkpt>
      <trkpt lat="31.276682429015636444091796875" lon="121.36957059614360332489013671875">
        <ele>12.6000003814697265625</ele>
        <time>2026-08-10T12:37:29.000Z</time>
        <extensions>
          <ns3:TrackPointExtension>
            <ns3:hr>94</ns3:hr>
          </ns3:TrackPointExtension>
        </extensions>
      </trkpt>
      <trkpt lat="31.27628621645271778106689453125" lon="121.3695359788835048675537109375">
        <ele>11.80000019073486328125</ele>
        <time>2026-08-10T12:37:38.000Z</time>
        <extensions>
          <ns3:TrackPointExtension>
            <ns3:hr>94</ns3:hr>
          </ns3:TrackPointExtension>
        </extensions>
      </trkpt>
      <trkpt lat="31.275855638086795806884765625" lon="121.36946029029786586761474609375">
        <ele>11.80000019073486328125</ele>
        <time>2026-08-10T12:37:49.000Z</time>
        <extensions>
          <ns3:TrackPointExtension>
            <ns3:hr>94</ns3:hr>
          </ns3:TrackPointExtension>
        </extensions>
      </trkpt>
      <trkpt lat="31.275815069675445556640625" lon="121.369456350803375244140625">
        <ele>11.3999996185302734375</ele>
        <time>2026-08-10T12:37:50.000Z</time>
        <extensions>
          <ns3:TrackPointExtension>
            <ns3:hr>94</ns3:hr>
          </ns3:TrackPointExtension>
        </extensions>
      </trkpt>
      <trkpt lat="31.27549496479332447052001953125" lon="121.3694048859179019927978515625">
        <ele>11.6000003814697265625</ele>
        <time>2026-08-10T12:37:58.000Z</time>
        <extensions>
          <ns3:TrackPointExtension>
            <ns3:hr>95</ns3:hr>
          </ns3:TrackPointExtension>
        </extensions>
      </trkpt>
      <trkpt lat="31.27499389462172985076904296875" lon="121.369330622255802154541015625">
        <ele>11.3999996185302734375</ele>
        <time>2026-08-10T12:38:10.000Z</time>
        <extensions>
          <ns3:TrackPointExtension>
            <ns3:hr>94</ns3:hr>
          </ns3:TrackPointExtension>
        </extensions>
      </trkpt>
      <trkpt lat="31.27458536066114902496337890625" lon="121.36930639855563640594482421875">
        <ele>12.19999980926513671875</ele>
        <time>2026-08-10T12:38:20.000Z</time>
        <extensions>
          <ns3:TrackPointExtension>
            <ns3:hr>94</ns3:hr>
          </ns3:TrackPointExtension>
        </extensions>
      </trkpt>
      <trkpt lat="31.27430959604680538177490234375" lon="121.36930237524211406707763671875">
        <ele>12.6000003814697265625</ele>
        <time>2026-08-10T12:38:27.000Z</time>
        <extensions>
          <ns3:TrackPointExtension>
            <ns3:hr>94</ns3:hr>
          </ns3:TrackPointExtension>
        </extensions>
      </trkpt>
      <trkpt lat="31.2742756493389606475830078125" lon="121.36929801665246486663818359375">
        <ele>12.80000019073486328125</ele>
        <time>2026-08-10T12:38:28.000Z</time>
        <extensions>
          <ns3:TrackPointExtension>
            <ns3:hr>94</ns3:hr>
          </ns3:TrackPointExtension>
        </extensions>
      </trkpt>
      <trkpt lat="31.2741619907319545745849609375" lon="121.3692751340568065643310546875">
        <ele>13</ele>
        <time>2026-08-10T12:38:31.000Z</time>
        <extensions>
          <ns3:TrackPointExtension>
            <ns3:hr>94</ns3:hr>
          </ns3:TrackPointExtension>
        </extensions>
      </trkpt>
      <trkpt lat="31.27390944398939609527587890625" lon="121.3691658340394496917724609375">
        <ele>12</ele>
        <time>2026-08-10T12:38:38.000Z</time>
        <extensions>
          <ns3:TrackPointExtension>
            <ns3:hr>94</ns3:hr>
          </ns3:TrackPointExtension>
        </extensions>
      </trkpt>
      <trkpt lat="31.2738168239593505859375" lon="121.369016468524932861328125">
        <ele>11.3999996185302734375</ele>
        <time>2026-08-10T12:38:42.000Z</time>
        <extensions>
          <ns3:TrackPointExtension>
            <ns3:hr>94</ns3:hr>
          </ns3:TrackPointExtension>
        </extensions>
      </trkpt>
      <trkpt lat="31.2738109566271305084228515625" lon="121.36883265338838100433349609375">
        <ele>11.19999980926513671875</ele>
        <time>2026-08-10T12:38:46.000Z</time>
        <extensions>
          <ns3:TrackPointExtension>
            <ns3:hr>93</ns3:hr>
          </ns3:TrackPointExtension>
        </extensions>
      </trkpt>
      <trkpt lat="31.2738260440528392791748046875" lon="121.3685043342411518096923828125">
        <ele>11.3999996185302734375</ele>
        <time>2026-08-10T12:38:53.000Z</time>
        <extensions>
          <ns3:TrackPointExtension>
            <ns3:hr>94</ns3:hr>
          </ns3:TrackPointExtension>
        </extensions>
      </trkpt>
      <trkpt lat="31.27384959720075130462646484375" lon="121.36804793961346149444580078125">
        <ele>11</ele>
        <time>2026-08-10T12:39:02.000Z</time>
        <extensions>
          <ns3:TrackPointExtension>
            <ns3:hr>92</ns3:hr>
          </ns3:TrackPointExtension>
        </extensions>
      </trkpt>
      <trkpt lat="31.27386183477938175201416015625" lon="121.367938555777072906494140625">
        <ele>10.6000003814697265625</ele>
        <time>2026-08-10T12:39:04.000Z</time>
        <extensions>
          <ns3:TrackPointExtension>
            <ns3:hr>92</ns3:hr>
          </ns3:TrackPointExtension>
        </extensions>
      </trkpt>
      <trkpt lat="31.273894608020782470703125" lon="121.36751971207559108734130859375">
        <ele>10.6000003814697265625</ele>
        <time>2026-08-10T12:39:12.000Z</time>
        <extensions>
          <ns3:TrackPointExtension>
            <ns3:hr>94</ns3:hr>
          </ns3:TrackPointExtension>
        </extensions>
      </trkpt>
      <trkpt lat="31.2739625014364719390869140625" lon="121.36709810234606266021728515625">
        <ele>11</ele>
        <time>2026-08-10T12:39:20.000Z</time>
        <extensions>
          <ns3:TrackPointExtension>
            <ns3:hr>95</ns3:hr>
          </ns3:TrackPointExtension>
        </extensions>
      </trkpt>
      <trkpt lat="31.27405411563813686370849609375" lon="121.36675947345793247222900390625">
        <ele>11.19999980926513671875</ele>
        <time>2026-08-10T12:39:27.000Z</time>
        <extensions>
          <ns3:TrackPointExtension>
            <ns3:hr>94</ns3:hr>
          </ns3:TrackPointExtension>
        </extensions>
      </trkpt>
      <trkpt lat="31.274122260510921478271484375" lon="121.36646996252238750457763671875">
        <ele>11.3999996185302734375</ele>
        <time>2026-08-10T12:39:33.000Z</time>
        <extensions>
          <ns3:TrackPointExtension>
            <ns3:hr>93</ns3:hr>
          </ns3:TrackPointExtension>
        </extensions>
      </trkpt>
      <trkpt lat="31.2741536088287830352783203125" lon="121.36637692339718341827392578125">
        <ele>11.3999996185302734375</ele>
        <time>2026-08-10T12:39:35.000Z</time>
        <extensions>
          <ns3:TrackPointExtension>
            <ns3:hr>92</ns3:hr>
          </ns3:TrackPointExtension>
        </extensions>
      </trkpt>
      <trkpt lat="31.27424656413495540618896484375" lon="121.36609713546931743621826171875">
        <ele>11.3999996185302734375</ele>
        <time>2026-08-10T12:39:42.000Z</time>
        <extensions>
          <ns3:TrackPointExtension>
            <ns3:hr>91</ns3:hr>
          </ns3:TrackPointExtension>
        </extensions>
      </trkpt>
      <trkpt lat="31.27440950833261013031005859375" lon="121.36576252989470958709716796875">
        <ele>10.80000019073486328125</ele>
        <time>2026-08-10T12:39:50.000Z</time>
        <extensions>
          <ns3:TrackPointExtension>
            <ns3:hr>90</ns3:hr>
          </ns3:TrackPointExtension>
        </extensions>
      </trkpt>
      <trkpt lat="31.27451595850288867950439453125" lon="121.36554543860256671905517578125">
        <ele>10.80000019073486328125</ele>
        <time>2026-08-10T12:39:55.000Z</time>
        <extensions>
          <ns3:TrackPointExtension>
            <ns3:hr>93</ns3:hr>
          </ns3:TrackPointExtension>
        </extensions>
      </trkpt>
      <trkpt lat="31.2746330536901950836181640625" lon="121.3653329573571681976318359375">
        <ele>10.3999996185302734375</ele>
        <time>2026-08-10T12:40:00.000Z</time>
        <extensions>
          <ns3:TrackPointExtension>
            <ns3:hr>94</ns3:hr>
          </ns3:TrackPointExtension>
        </extensions>
      </trkpt>
      <trkpt lat="31.27479759044945240020751953125" lon="121.36498368345201015472412109375">
        <ele>9.80000019073486328125</ele>
        <time>2026-08-10T12:40:08.000Z</time>
        <extensions>
          <ns3:TrackPointExtension>
            <ns3:hr>94</ns3:hr>
          </ns3:TrackPointExtension>
        </extensions>
      </trkpt>
      <trkpt lat="31.2749686650931835174560546875" lon="121.36469199322164058685302734375">
        <ele>10</ele>
        <time>2026-08-10T12:40:15.000Z</time>
        <extensions>
          <ns3:TrackPointExtension>
            <ns3:hr>94</ns3:hr>
          </ns3:TrackPointExtension>
        </extensions>
      </trkpt>
      <trkpt lat="31.27501434646546840667724609375" lon="121.36459727771580219268798828125">
        <ele>9.80000019073486328125</ele>
        <time>2026-08-10T12:40:17.000Z</time>
        <extensions>
          <ns3:TrackPointExtension>
            <ns3:hr>97</ns3:hr>
          </ns3:TrackPointExtension>
        </extensions>
      </trkpt>
      <trkpt lat="31.27507008612155914306640625" lon="121.36445662938058376312255859375">
        <ele>9.6000003814697265625</ele>
        <time>2026-08-10T12:40:20.000Z</time>
        <extensions>
          <ns3:TrackPointExtension>
            <ns3:hr>97</ns3:hr>
          </ns3:TrackPointExtension>
        </extensions>
      </trkpt>
      <trkpt lat="31.2751242332160472869873046875" lon="121.36431388556957244873046875">
        <ele>9.3999996185302734375</ele>
        <time>2026-08-10T12:40:23.000Z</time>
        <extensions>
          <ns3:TrackPointExtension>
            <ns3:hr>96</ns3:hr>
          </ns3:TrackPointExtension>
        </extensions>
      </trkpt>
      <trkpt lat="31.27533160150051116943359375" lon="121.36390996165573596954345703125">
        <ele>9</ele>
        <time>2026-08-10T12:40:32.000Z</time>
        <extensions>
          <ns3:TrackPointExtension>
            <ns3:hr>95</ns3:hr>
          </ns3:TrackPointExtension>
        </extensions>
      </trkpt>
      <trkpt lat="31.27546579577028751373291015625" lon="121.36362497694790363311767578125">
        <ele>9.3999996185302734375</ele>
        <time>2026-08-10T12:40:38.000Z</time>
        <extensions>
          <ns3:TrackPointExtension>
            <ns3:hr>96</ns3:hr>
          </ns3:TrackPointExtension>
        </extensions>
      </trkpt>
      <trkpt lat="31.27551089040935039520263671875" lon="121.363524310290813446044921875">
        <ele>9.3999996185302734375</ele>
        <time>2026-08-10T12:40:40.000Z</time>
        <extensions>
          <ns3:TrackPointExtension>
            <ns3:hr>95</ns3:hr>
          </ns3:TrackPointExtension>
        </extensions>
      </trkpt>
      <trkpt lat="31.275769807398319244384765625" lon="121.36304922401905059814453125">
        <ele>10</ele>
        <time>2026-08-10T12:40:50.000Z</time>
        <extensions>
          <ns3:TrackPointExtension>
            <ns3:hr>96</ns3:hr>
          </ns3:TrackPointExtension>
        </extensions>
      </trkpt>
      <trkpt lat="31.2760170735418796539306640625" lon="121.362635158002376556396484375">
        <ele>10.80000019073486328125</ele>
        <time>2026-08-10T12:40:59.000Z</time>
        <extensions>
          <ns3:TrackPointExtension>
            <ns3:hr>96</ns3:hr>
          </ns3:TrackPointExtension>
        </extensions>
      </trkpt>
      <trkpt lat="31.27628370188176631927490234375" lon="121.36230222880840301513671875">
        <ele>10.80000019073486328125</ele>
        <time>2026-08-10T12:41:07.000Z</time>
        <extensions>
          <ns3:TrackPointExtension>
            <ns3:hr>96</ns3:hr>
          </ns3:TrackPointExtension>
        </extensions>
      </trkpt>
      <trkpt lat="31.2764132022857666015625" lon="121.3621360994875431060791015625">
        <ele>10.3999996185302734375</ele>
        <time>2026-08-10T12:41:11.000Z</time>
        <extensions>
          <ns3:TrackPointExtension>
            <ns3:hr>93</ns3:hr>
          </ns3:TrackPointExtension>
        </extensions>
      </trkpt>
      <trkpt lat="31.27658419311046600341796875" lon="121.36193837039172649383544921875">
        <ele>10.6000003814697265625</ele>
        <time>2026-08-10T12:41:16.000Z</time>
        <extensions>
          <ns3:TrackPointExtension>
            <ns3:hr>91</ns3:hr>
          </ns3:TrackPointExtension>
        </extensions>
      </trkpt>
      <trkpt lat="31.27699012868106365203857421875" lon="121.361507289111614227294921875">
        <ele>10.6000003814697265625</ele>
        <time>2026-08-10T12:41:27.000Z</time>
        <extensions>
          <ns3:TrackPointExtension>
            <ns3:hr>92</ns3:hr>
          </ns3:TrackPointExtension>
        </extensions>
      </trkpt>
      <trkpt lat="31.277098171412944793701171875" lon="121.36139170266687870025634765625">
        <ele>10.3999996185302734375</ele>
        <time>2026-08-10T12:41:30.000Z</time>
        <extensions>
          <ns3:TrackPointExtension>
            <ns3:hr>89</ns3:hr>
          </ns3:TrackPointExtension>
        </extensions>
      </trkpt>
      <trkpt lat="31.27722582779824733734130859375" lon="121.3612972386181354522705078125">
        <ele>10.6000003814697265625</ele>
        <time>2026-08-10T12:41:33.000Z</time>
        <extensions>
          <ns3:TrackPointExtension>
            <ns3:hr>92</ns3:hr>
          </ns3:TrackPointExtension>
        </extensions>
      </trkpt>
      <trkpt lat="31.2772710062563419342041015625" lon="121.36127494275569915771484375">
        <ele>10.6000003814697265625</ele>
        <time>2026-08-10T12:41:34.000Z</time>
        <extensions>
          <ns3:TrackPointExtension>
            <ns3:hr>93</ns3:hr>
          </ns3:TrackPointExtension>
        </extensions>
      </trkpt>
      <trkpt lat="31.2776636146008968353271484375" lon="121.3610742799937725067138671875">
        <ele>10</ele>
        <time>2026-08-10T12:41:43.000Z</time>
        <extensions>
          <ns3:TrackPointExtension>
            <ns3:hr>92</ns3:hr>
          </ns3:TrackPointExtension>
        </extensions>
      </trkpt>
      <trkpt lat="31.2780426442623138427734375" lon="121.36096087284386157989501953125">
        <ele>10.19999980926513671875</ele>
        <time>2026-08-10T12:41:51.000Z</time>
        <extensions>
          <ns3:TrackPointExtension>
            <ns3:hr>95</ns3:hr>
          </ns3:TrackPointExtension>
        </extensions>
      </trkpt>
      <trkpt lat="31.27813576720654964447021484375" lon="121.3609363138675689697265625">
        <ele>10</ele>
        <time>2026-08-10T12:41:53.000Z</time>
        <extensions>
          <ns3:TrackPointExtension>
            <ns3:hr>96</ns3:hr>
          </ns3:TrackPointExtension>
        </extensions>
      </trkpt>
      <trkpt lat="31.278484202921390533447265625" lon="121.3608935661613941192626953125">
        <ele>9.6000003814697265625</ele>
        <time>2026-08-10T12:42:01.000Z</time>
        <extensions>
          <ns3:TrackPointExtension>
            <ns3:hr>95</ns3:hr>
          </ns3:TrackPointExtension>
        </extensions>
      </trkpt>
      <trkpt lat="31.2786218337714672088623046875" lon="121.360878981649875640869140625">
        <ele>8.80000019073486328125</ele>
        <time>2026-08-10T12:42:04.000Z</time>
        <extensions>
          <ns3:TrackPointExtension>
            <ns3:hr>94</ns3:hr>
          </ns3:TrackPointExtension>
        </extensions>
      </trkpt>
      <trkpt lat="31.2787170521914958953857421875" lon="121.36087152175605297088623046875">
        <ele>8.80000019073486328125</ele>
        <time>2026-08-10T12:42:06.000Z</time>
        <extensions>
          <ns3:TrackPointExtension>
            <ns3:hr>94</ns3:hr>
          </ns3:TrackPointExtension>
        </extensions>
      </trkpt>
      <trkpt lat="31.27884957008063793182373046875" lon="121.36086716316640377044677734375">
        <ele>9.19999980926513671875</ele>
        <time>2026-08-10T12:42:09.000Z</time>
        <extensions>
          <ns3:TrackPointExtension>
            <ns3:hr>94</ns3:hr>
          </ns3:TrackPointExtension>
        </extensions>
      </trkpt>
      <trkpt lat="31.27925659529864788055419921875" lon="121.36086582206189632415771484375">
        <ele>9.80000019073486328125</ele>
        <time>2026-08-10T12:42:18.000Z</time>
        <extensions>
          <ns3:TrackPointExtension>
            <ns3:hr>96</ns3:hr>
          </ns3:TrackPointExtension>
        </extensions>
      </trkpt>
      <trkpt lat="31.27965456806123256683349609375" lon="121.3608650676906108856201171875">
        <ele>9.80000019073486328125</ele>
        <time>2026-08-10T12:42:27.000Z</time>
        <extensions>
          <ns3:TrackPointExtension>
            <ns3:hr>96</ns3:hr>
          </ns3:TrackPointExtension>
        </extensions>
      </trkpt>
      <trkpt lat="31.28010501153767108917236328125" lon="121.3608519919216632843017578125">
        <ele>10</ele>
        <time>2026-08-10T12:42:37.000Z</time>
        <extensions>
          <ns3:TrackPointExtension>
            <ns3:hr>96</ns3:hr>
          </ns3:TrackPointExtension>
        </extensions>
      </trkpt>
      <trkpt lat="31.28060222603380680084228515625" lon="121.3608519919216632843017578125">
        <ele>10.19999980926513671875</ele>
        <time>2026-08-10T12:42:48.000Z</time>
        <extensions>
          <ns3:TrackPointExtension>
            <ns3:hr>96</ns3:hr>
          </ns3:TrackPointExtension>
        </extensions>
      </trkpt>
      <trkpt lat="31.280849240720272064208984375" lon="121.36084620840847492218017578125">
        <ele>10</ele>
        <time>2026-08-10T12:42:54.000Z</time>
        <extensions>
          <ns3:TrackPointExtension>
            <ns3:hr>93</ns3:hr>
          </ns3:TrackPointExtension>
        </extensions>
      </trkpt>
      <trkpt lat="31.28091461956501007080078125" lon="121.36084042489528656005859375">
        <ele>10</ele>
        <time>2026-08-10T12:42:56.000Z</time>
        <extensions>
          <ns3:TrackPointExtension>
            <ns3:hr>92</ns3:hr>
          </ns3:TrackPointExtension>
        </extensions>
      </trkpt>
      <trkpt lat="31.2811213172972202301025390625" lon="121.360848136246204376220703125">
        <ele>9.80000019073486328125</ele>
        <time>2026-08-10T12:43:02.000Z</time>
        <extensions>
          <ns3:TrackPointExtension>
            <ns3:hr>92</ns3:hr>
          </ns3:TrackPointExtension>
        </extensions>
      </trkpt>
      <trkpt lat="31.28146925009787082672119140625" lon="121.36083262972533702850341796875">
        <ele>9.6000003814697265625</ele>
        <time>2026-08-10T12:43:10.000Z</time>
        <extensions>
          <ns3:TrackPointExtension>
            <ns3:hr>94</ns3:hr>
          </ns3:TrackPointExtension>
        </extensions>
      </trkpt>
      <trkpt lat="31.2819792889058589935302734375" lon="121.36081628501415252685546875">
        <ele>9.6000003814697265625</ele>
        <time>2026-08-10T12:43:21.000Z</time>
        <extensions>
          <ns3:TrackPointExtension>
            <ns3:hr>97</ns3:hr>
          </ns3:TrackPointExtension>
        </extensions>
      </trkpt>
      <trkpt lat="31.2823145650327205657958984375" lon="121.3608184643089771270751953125">
        <ele>10.3999996185302734375</ele>
        <time>2026-08-10T12:43:29.000Z</time>
        <extensions>
          <ns3:TrackPointExtension>
            <ns3:hr>98</ns3:hr>
          </ns3:TrackPointExtension>
        </extensions>
      </trkpt>
      <trkpt lat="31.28275956027209758758544921875" lon="121.36080245487391948699951171875">
        <ele>10</ele>
        <time>2026-08-10T12:43:39.000Z</time>
        <extensions>
          <ns3:TrackPointExtension>
            <ns3:hr>96</ns3:hr>
          </ns3:TrackPointExtension>
        </extensions>
      </trkpt>
      <trkpt lat="31.2830243445932865142822265625" lon="121.36080153286457061767578125">
        <ele>10.6000003814697265625</ele>
        <time>2026-08-10T12:43:45.000Z</time>
        <extensions>
          <ns3:TrackPointExtension>
            <ns3:hr>95</ns3:hr>
          </ns3:TrackPointExtension>
        </extensions>
      </trkpt>
      <trkpt lat="31.28315116278827190399169921875" lon="121.36080312542617321014404296875">
        <ele>10.6000003814697265625</ele>
        <time>2026-08-10T12:43:48.000Z</time>
        <extensions>
          <ns3:TrackPointExtension>
            <ns3:hr>96</ns3:hr>
          </ns3:TrackPointExtension>
        </extensions>
      </trkpt>
      <trkpt lat="31.2834177911281585693359375" lon="121.360789798200130462646484375">
        <ele>11</ele>
        <time>2026-08-10T12:43:54.000Z</time>
        <extensions>
          <ns3:TrackPointExtension>
            <ns3:hr>96</ns3:hr>
          </ns3:TrackPointExtension>
        </extensions>
      </trkpt>
      <trkpt lat="31.28359070979058742523193359375" lon="121.36078686453402042388916015625">
        <ele>11.19999980926513671875</ele>
        <time>2026-08-10T12:43:58.000Z</time>
        <extensions>
          <ns3:TrackPointExtension>
            <ns3:hr>96</ns3:hr>
          </ns3:TrackPointExtension>
        </extensions>
      </trkpt>
      <trkpt lat="31.28386647440493106842041015625" lon="121.36079105548560619354248046875">
        <ele>11.3999996185302734375</ele>
        <time>2026-08-10T12:44:05.000Z</time>
        <extensions>
          <ns3:TrackPointExtension>
            <ns3:hr>96</ns3:hr>
          </ns3:TrackPointExtension>
        </extensions>
      </trkpt>
      <trkpt lat="31.284051798284053802490234375" lon="121.36078434996306896209716796875">
        <ele>9.80000019073486328125</ele>
        <time>2026-08-10T12:44:10.000Z</time>
        <extensions>
          <ns3:TrackPointExtension>
            <ns3:hr>97</ns3:hr>
          </ns3:TrackPointExtension>
        </extensions>
      </trkpt>
      <trkpt lat="31.284127570688724517822265625" lon="121.3607835955917835235595703125">
        <ele>9.6000003814697265625</ele>
        <time>2026-08-10T12:44:12.000Z</time>
        <extensions>
          <ns3:TrackPointExtension>
            <ns3:hr>97</ns3:hr>
          </ns3:TrackPointExtension>
        </extensions>
      </trkpt>
      <trkpt lat="31.28445320762693881988525390625" lon="121.36078250594437122344970703125">
        <ele>10.3999996185302734375</ele>
        <time>2026-08-10T12:44:21.000Z</time>
        <extensions>
          <ns3:TrackPointExtension>
            <ns3:hr>99</ns3:hr>
          </ns3:TrackPointExtension>
        </extensions>
      </trkpt>
      <trkpt lat="31.28460802137851715087890625" lon="121.3607835955917835235595703125">
        <ele>11</ele>
        <time>2026-08-10T12:44:25.000Z</time>
        <extensions>
          <ns3:TrackPointExtension>
            <ns3:hr>102</ns3:hr>
          </ns3:TrackPointExtension>
        </extensions>
      </trkpt>
      <trkpt lat="31.284770630300045013427734375" lon="121.36077068746089935302734375">
        <ele>10.6000003814697265625</ele>
        <time>2026-08-10T12:44:29.000Z</time>
        <extensions>
          <ns3:TrackPointExtension>
            <ns3:hr>103</ns3:hr>
          </ns3:TrackPointExtension>
        </extensions>
      </trkpt>
      <trkpt lat="31.28511034883558750152587890625" lon="121.3607782311737537384033203125">
        <ele>11.80000019073486328125</ele>
        <time>2026-08-10T12:44:36.000Z</time>
        <extensions>
          <ns3:TrackPointExtension>
            <ns3:hr>104</ns3:hr>
          </ns3:TrackPointExtension>
        </extensions>
      </trkpt>
      <trkpt lat="31.2854839302599430084228515625" lon="121.3607631437480449676513671875">
        <ele>10.3999996185302734375</ele>
        <time>2026-08-10T12:44:43.000Z</time>
        <extensions>
          <ns3:TrackPointExtension>
            <ns3:hr>102</ns3:hr>
          </ns3:TrackPointExtension>
        </extensions>
      </trkpt>
      <trkpt lat="31.285752318799495697021484375" lon="121.3607628084719181060791015625">
        <ele>10.6000003814697265625</ele>
        <time>2026-08-10T12:44:49.000Z</time>
        <extensions>
          <ns3:TrackPointExtension>
            <ns3:hr>99</ns3:hr>
          </ns3:TrackPointExtension>
        </extensions>
      </trkpt>
      <trkpt lat="31.28579087555408477783203125" lon="121.36076305992901325225830078125">
        <ele>11</ele>
        <time>2026-08-10T12:44:50.000Z</time>
        <extensions>
          <ns3:TrackPointExtension>
            <ns3:hr>98</ns3:hr>
          </ns3:TrackPointExtension>
        </extensions>
      </trkpt>
      <trkpt lat="31.2859942205250263214111328125" lon="121.36076054535806179046630859375">
        <ele>10.3999996185302734375</ele>
        <time>2026-08-10T12:44:55.000Z</time>
        <extensions>
          <ns3:TrackPointExtension>
            <ns3:hr>95</ns3:hr>
          </ns3:TrackPointExtension>
        </extensions>
      </trkpt>
      <trkpt lat="31.28603135235607624053955078125" lon="121.36075501330196857452392578125">
        <ele>9.80000019073486328125</ele>
        <time>2026-08-10T12:44:56.000Z</time>
        <extensions>
          <ns3:TrackPointExtension>
            <ns3:hr>96</ns3:hr>
          </ns3:TrackPointExtension>
        </extensions>
      </trkpt>
      <trkpt lat="31.28619999624788761138916015625" lon="121.3607517443597316741943359375">
        <ele>9</ele>
        <time>2026-08-10T12:45:00.000Z</time>
        <extensions>
          <ns3:TrackPointExtension>
            <ns3:hr>96</ns3:hr>
          </ns3:TrackPointExtension>
        </extensions>
      </trkpt>
      <trkpt lat="31.2862443365156650543212890625" lon="121.360749900341033935546875">
        <ele>8.6000003814697265625</ele>
        <time>2026-08-10T12:45:01.000Z</time>
        <extensions>
          <ns3:TrackPointExtension>
            <ns3:hr>96</ns3:hr>
          </ns3:TrackPointExtension>
        </extensions>
      </trkpt>
      <trkpt lat="31.2866268865764141082763671875" lon="121.3607431948184967041015625">
        <ele>8.19999980926513671875</ele>
        <time>2026-08-10T12:45:10.000Z</time>
        <extensions>
          <ns3:TrackPointExtension>
            <ns3:hr>96</ns3:hr>
          </ns3:TrackPointExtension>
        </extensions>
      </trkpt>
      <trkpt lat="31.28671623766422271728515625" lon="121.360750235617160797119140625">
        <ele>8.19999980926513671875</ele>
        <time>2026-08-10T12:45:12.000Z</time>
        <extensions>
          <ns3:TrackPointExtension>
            <ns3:hr>96</ns3:hr>
          </ns3:TrackPointExtension>
        </extensions>
      </trkpt>
      <trkpt lat="31.28681086935102939605712890625" lon="121.36079893447458744049072265625">
        <ele>10</ele>
        <time>2026-08-10T12:45:15.000Z</time>
        <extensions>
          <ns3:TrackPointExtension>
            <ns3:hr>96</ns3:hr>
          </ns3:TrackPointExtension>
        </extensions>
      </trkpt>
      <trkpt lat="31.28685428760945796966552734375" lon="121.36091594584286212921142578125">
        <ele>9.19999980926513671875</ele>
        <time>2026-08-10T12:45:19.000Z</time>
        <extensions>
          <ns3:TrackPointExtension>
            <ns3:hr>96</ns3:hr>
          </ns3:TrackPointExtension>
        </extensions>
      </trkpt>
      <trkpt lat="31.28687121905386447906494140625" lon="121.36094913817942142486572265625">
        <ele>9</ele>
        <time>2026-08-10T12:45:20.000Z</time>
        <extensions>
          <ns3:TrackPointExtension>
            <ns3:hr>96</ns3:hr>
          </ns3:TrackPointExtension>
        </extensions>
      </trkpt>
      <trkpt lat="31.286892257630825042724609375" lon="121.3610897026956081390380859375">
        <ele>12.19999980926513671875</ele>
        <time>2026-08-10T12:45:24.000Z</time>
        <extensions>
          <ns3:TrackPointExtension>
            <ns3:hr>95</ns3:hr>
          </ns3:TrackPointExtension>
        </extensions>
      </trkpt>
      <trkpt lat="31.28689192235469818115234375" lon="121.361123733222484588623046875">
        <ele>13.6000003814697265625</ele>
        <time>2026-08-10T12:45:25.000Z</time>
        <extensions>
          <ns3:TrackPointExtension>
            <ns3:hr>94</ns3:hr>
          </ns3:TrackPointExtension>
        </extensions>
      </trkpt>
      <trkpt lat="31.28688999451696872711181640625" lon="121.36116421781480312347412109375">
        <ele>12.3999996185302734375</ele>
        <time>2026-08-10T12:45:26.000Z</time>
        <extensions>
          <ns3:TrackPointExtension>
            <ns3:hr>95</ns3:hr>
          </ns3:TrackPointExtension>
        </extensions>
      </trkpt>
      <trkpt lat="31.28687717020511627197265625" lon="121.3612784631550312042236328125">
        <ele>11.19999980926513671875</ele>
        <time>2026-08-10T12:45:29.000Z</time>
        <extensions>
          <ns3:TrackPointExtension>
            <ns3:hr>96</ns3:hr>
          </ns3:TrackPointExtension>
        </extensions>
      </trkpt>
      <trkpt lat="31.28686652518808841705322265625" lon="121.3613505475223064422607421875">
        <ele>11</ele>
        <time>2026-08-10T12:45:31.000Z</time>
        <extensions>
          <ns3:TrackPointExtension>
            <ns3:hr>96</ns3:hr>
          </ns3:TrackPointExtension>
        </extensions>
      </trkpt>
      <trkpt lat="31.2868666090071201324462890625" lon="121.361420117318630218505859375">
        <ele>10.6000003814697265625</ele>
        <time>2026-08-10T12:45:33.000Z</time>
        <extensions>
          <ns3:TrackPointExtension>
            <ns3:hr>99</ns3:hr>
          </ns3:TrackPointExtension>
        </extensions>
      </trkpt>
      <trkpt lat="31.28686753101646900177001953125" lon="121.36145599186420440673828125">
        <ele>10</ele>
        <time>2026-08-10T12:45:34.000Z</time>
        <extensions>
          <ns3:TrackPointExtension>
            <ns3:hr>101</ns3:hr>
          </ns3:TrackPointExtension>
        </extensions>
      </trkpt>
      <trkpt lat="31.2868588976562023162841796875" lon="121.361526735126972198486328125">
        <ele>8.3999996185302734375</ele>
        <time>2026-08-10T12:45:36.000Z</time>
        <extensions>
          <ns3:TrackPointExtension>
            <ns3:hr>101</ns3:hr>
          </ns3:TrackPointExtension>
        </extensions>
      </trkpt>
      <trkpt lat="31.28685437142848968505859375" lon="121.3615634478628635406494140625">
        <ele>7.80000019073486328125</ele>
        <time>2026-08-10T12:45:37.000Z</time>
        <extensions>
          <ns3:TrackPointExtension>
            <ns3:hr>102</ns3:hr>
          </ns3:TrackPointExtension>
        </extensions>
      </trkpt>
      <trkpt lat="31.28683266229927539825439453125" lon="121.36178146116435527801513671875">
        <ele>9.80000019073486328125</ele>
        <time>2026-08-10T12:45:43.000Z</time>
        <extensions>
          <ns3:TrackPointExtension>
            <ns3:hr>103</ns3:hr>
          </ns3:TrackPointExtension>
        </extensions>
      </trkpt>
      <trkpt lat="31.2868280522525310516357421875" lon="121.3618189282715320587158203125">
        <ele>10</ele>
        <time>2026-08-10T12:45:44.000Z</time>
        <extensions>
          <ns3:TrackPointExtension>
            <ns3:hr>105</ns3:hr>
          </ns3:TrackPointExtension>
        </extensions>
      </trkpt>
      <trkpt lat="31.28681405447423458099365234375" lon="121.36201799847185611724853515625">
        <ele>8.80000019073486328125</ele>
        <time>2026-08-10T12:45:49.000Z</time>
        <extensions>
          <ns3:TrackPointExtension>
            <ns3:hr>106</ns3:hr>
          </ns3:TrackPointExtension>
        </extensions>
      </trkpt>
      <trkpt lat="31.28680366091430187225341796875" lon="121.3621716387569904327392578125">
        <ele>8.80000019073486328125</ele>
        <time>2026-08-10T12:45:53.000Z</time>
        <extensions>
          <ns3:TrackPointExtension>
            <ns3:hr>108</ns3:hr>
          </ns3:TrackPointExtension>
        </extensions>
      </trkpt>
      <trkpt lat="31.28677683882415294647216796875" lon="121.362584196031093597412109375">
        <ele>9.80000019073486328125</ele>
        <time>2026-08-10T12:46:03.000Z</time>
        <extensions>
          <ns3:TrackPointExtension>
            <ns3:hr>111</ns3:hr>
          </ns3:TrackPointExtension>
        </extensions>
      </trkpt>
      <trkpt lat="31.28676854074001312255859375" lon="121.3627000339329242706298828125">
        <ele>10</ele>
        <time>2026-08-10T12:46:06.000Z</time>
        <extensions>
          <ns3:TrackPointExtension>
            <ns3:hr>110</ns3:hr>
          </ns3:TrackPointExtension>
        </extensions>
      </trkpt>
      <trkpt lat="31.2867490947246551513671875" lon="121.3628867827355861663818359375">
        <ele>9.80000019073486328125</ele>
        <time>2026-08-10T12:46:11.000Z</time>
        <extensions>
          <ns3:TrackPointExtension>
            <ns3:hr>110</ns3:hr>
          </ns3:TrackPointExtension>
        </extensions>
      </trkpt>
      <trkpt lat="31.2867227755486965179443359375" lon="121.36321552097797393798828125">
        <ele>10</ele>
        <time>2026-08-10T12:46:20.000Z</time>
        <extensions>
          <ns3:TrackPointExtension>
            <ns3:hr>110</ns3:hr>
          </ns3:TrackPointExtension>
        </extensions>
      </trkpt>
      <trkpt lat="31.2867130525410175323486328125" lon="121.3634406588971614837646484375">
        <ele>8.80000019073486328125</ele>
        <time>2026-08-10T12:46:26.000Z</time>
        <extensions>
          <ns3:TrackPointExtension>
            <ns3:hr>108</ns3:hr>
          </ns3:TrackPointExtension>
        </extensions>
      </trkpt>
      <trkpt lat="31.28670944832265377044677734375" lon="121.36352137662470340728759765625">
        <ele>8.19999980926513671875</ele>
        <time>2026-08-10T12:46:28.000Z</time>
        <extensions>
          <ns3:TrackPointExtension>
            <ns3:hr>107</ns3:hr>
          </ns3:TrackPointExtension>
        </extensions>
      </trkpt>
      <trkpt lat="31.28667843528091907501220703125" lon="121.3637913577258586883544921875">
        <ele>8.3999996185302734375</ele>
        <time>2026-08-10T12:46:36.000Z</time>
        <extensions>
          <ns3:TrackPointExtension>
            <ns3:hr>108</ns3:hr>
          </ns3:TrackPointExtension>
        </extensions>
      </trkpt>
      <trkpt lat="31.28665563650429248809814453125" lon="121.36404843069612979888916015625">
        <ele>9.3999996185302734375</ele>
        <time>2026-08-10T12:46:44.000Z</time>
        <extensions>
          <ns3:TrackPointExtension>
            <ns3:hr>108</ns3:hr>
          </ns3:TrackPointExtension>
        </extensions>
      </trkpt>
      <trkpt lat="31.2866540439426898956298828125" lon="121.36411665938794612884521484375">
        <ele>9.6000003814697265625</ele>
        <time>2026-08-10T12:46:46.000Z</time>
        <extensions>
          <ns3:TrackPointExtension>
            <ns3:hr>105</ns3:hr>
          </ns3:TrackPointExtension>
        </extensions>
      </trkpt>
      <trkpt lat="31.28664524294435977935791015625" lon="121.36415219865739345550537109375">
        <ele>9.80000019073486328125</ele>
        <time>2026-08-10T12:46:47.000Z</time>
        <extensions>
          <ns3:TrackPointExtension>
            <ns3:hr>104</ns3:hr>
          </ns3:TrackPointExtension>
        </extensions>
      </trkpt>
      <trkpt lat="31.2866283953189849853515625" lon="121.36427960358560085296630859375">
        <ele>9</ele>
        <time>2026-08-10T12:46:51.000Z</time>
        <extensions>
          <ns3:TrackPointExtension>
            <ns3:hr>105</ns3:hr>
          </ns3:TrackPointExtension>
        </extensions>
      </trkpt>
      <trkpt lat="31.286612637341022491455078125" lon="121.36457808315753936767578125">
        <ele>8.80000019073486328125</ele>
        <time>2026-08-10T12:46:59.000Z</time>
        <extensions>
          <ns3:TrackPointExtension>
            <ns3:hr>104</ns3:hr>
          </ns3:TrackPointExtension>
        </extensions>
      </trkpt>
      <trkpt lat="31.28660752438008785247802734375" lon="121.3646536879241466522216796875">
        <ele>8.6000003814697265625</ele>
        <time>2026-08-10T12:47:01.000Z</time>
        <extensions>
          <ns3:TrackPointExtension>
            <ns3:hr>104</ns3:hr>
          </ns3:TrackPointExtension>
        </extensions>
      </trkpt>
      <trkpt lat="31.2865651957690715789794921875" lon="121.364968679845333099365234375">
        <ele>8.3999996185302734375</ele>
        <time>2026-08-10T12:47:10.000Z</time>
        <extensions>
          <ns3:TrackPointExtension>
            <ns3:hr>105</ns3:hr>
          </ns3:TrackPointExtension>
        </extensions>
      </trkpt>
      <trkpt lat="31.2865346856415271759033203125" lon="121.36530454270541667938232421875">
        <ele>8.6000003814697265625</ele>
        <time>2026-08-10T12:47:19.000Z</time>
        <extensions>
          <ns3:TrackPointExtension>
            <ns3:hr>107</ns3:hr>
          </ns3:TrackPointExtension>
        </extensions>
      </trkpt>
      <trkpt lat="31.28652177751064300537109375" lon="121.36550386436283588409423828125">
        <ele>9</ele>
        <time>2026-08-10T12:47:24.000Z</time>
        <extensions>
          <ns3:TrackPointExtension>
            <ns3:hr>110</ns3:hr>
          </ns3:TrackPointExtension>
        </extensions>
      </trkpt>
      <trkpt lat="31.2865149043500423431396484375" lon="121.36561601422727108001708984375">
        <ele>10</ele>
        <time>2026-08-10T12:47:27.000Z</time>
        <extensions>
          <ns3:TrackPointExtension>
            <ns3:hr>111</ns3:hr>
          </ns3:TrackPointExtension>
        </extensions>
      </trkpt>
      <trkpt lat="31.28651398234069347381591796875" lon="121.36565356515347957611083984375">
        <ele>10.19999980926513671875</ele>
        <time>2026-08-10T12:47:28.000Z</time>
        <extensions>
          <ns3:TrackPointExtension>
            <ns3:hr>111</ns3:hr>
          </ns3:TrackPointExtension>
        </extensions>
      </trkpt>
      <trkpt lat="31.28649336285889148712158203125" lon="121.36588876135647296905517578125">
        <ele>11</ele>
        <time>2026-08-10T12:47:34.000Z</time>
        <extensions>
          <ns3:TrackPointExtension>
            <ns3:hr>110</ns3:hr>
          </ns3:TrackPointExtension>
        </extensions>
      </trkpt>
      <trkpt lat="31.2864867411553859710693359375" lon="121.36605187319219112396240234375">
        <ele>10.6000003814697265625</ele>
        <time>2026-08-10T12:47:38.000Z</time>
        <extensions>
          <ns3:TrackPointExtension>
            <ns3:hr>110</ns3:hr>
          </ns3:TrackPointExtension>
        </extensions>
      </trkpt>
      <trkpt lat="31.28647156991064548492431640625" lon="121.36624583043158054351806640625">
        <ele>10</ele>
        <time>2026-08-10T12:47:43.000Z</time>
        <extensions>
          <ns3:TrackPointExtension>
            <ns3:hr>110</ns3:hr>
          </ns3:TrackPointExtension>
        </extensions>
      </trkpt>
      <trkpt lat="31.28645740449428558349609375" lon="121.36639318428933620452880859375">
        <ele>9.6000003814697265625</ele>
        <time>2026-08-10T12:47:47.000Z</time>
        <extensions>
          <ns3:TrackPointExtension>
            <ns3:hr>110</ns3:hr>
          </ns3:TrackPointExtension>
        </extensions>
      </trkpt>
      <trkpt lat="31.28644508309662342071533203125" lon="121.36650030501186847686767578125">
        <ele>9.19999980926513671875</ele>
        <time>2026-08-10T12:47:50.000Z</time>
        <extensions>
          <ns3:TrackPointExtension>
            <ns3:hr>107</ns3:hr>
          </ns3:TrackPointExtension>
        </extensions>
      </trkpt>
      <trkpt lat="31.2864354439079761505126953125" lon="121.36657758615911006927490234375">
        <ele>9</ele>
        <time>2026-08-10T12:47:52.000Z</time>
        <extensions>
          <ns3:TrackPointExtension>
            <ns3:hr>105</ns3:hr>
          </ns3:TrackPointExtension>
        </extensions>
      </trkpt>
      <trkpt lat="31.28641557879745960235595703125" lon="121.36675092391669750213623046875">
        <ele>8.80000019073486328125</ele>
        <time>2026-08-10T12:47:57.000Z</time>
        <extensions>
          <ns3:TrackPointExtension>
            <ns3:hr>103</ns3:hr>
          </ns3:TrackPointExtension>
        </extensions>
      </trkpt>
      <trkpt lat="31.28639026544988155364990234375" lon="121.367087624967098236083984375">
        <ele>9.19999980926513671875</ele>
        <time>2026-08-10T12:48:06.000Z</time>
        <extensions>
          <ns3:TrackPointExtension>
            <ns3:hr>101</ns3:hr>
          </ns3:TrackPointExtension>
        </extensions>
      </trkpt>
      <trkpt lat="31.286390013992786407470703125" lon="121.3673935644328594207763671875">
        <ele>9.19999980926513671875</ele>
        <time>2026-08-10T12:48:14.000Z</time>
        <extensions>
          <ns3:TrackPointExtension>
            <ns3:hr>100</ns3:hr>
          </ns3:TrackPointExtension>
        </extensions>
      </trkpt>
      <trkpt lat="31.2863972224295139312744140625" lon="121.36771802790462970733642578125">
        <ele>9.80000019073486328125</ele>
        <time>2026-08-10T12:48:23.000Z</time>
        <extensions>
          <ns3:TrackPointExtension>
            <ns3:hr>99</ns3:hr>
          </ns3:TrackPointExtension>
        </extensions>
      </trkpt>
      <trkpt lat="31.286394037306308746337890625" lon="121.36783721856772899627685546875">
        <ele>10</ele>
        <time>2026-08-10T12:48:26.000Z</time>
        <extensions>
          <ns3:TrackPointExtension>
            <ns3:hr>98</ns3:hr>
          </ns3:TrackPointExtension>
        </extensions>
      </trkpt>
      <trkpt lat="31.2863482721149921417236328125" lon="121.36804576031863689422607421875">
        <ele>10</ele>
        <time>2026-08-10T12:48:31.000Z</time>
        <extensions>
          <ns3:TrackPointExtension>
            <ns3:hr>97</ns3:hr>
          </ns3:TrackPointExtension>
        </extensions>
      </trkpt>
      <trkpt lat="31.28630309365689754486083984375" lon="121.3683252967894077301025390625">
        <ele>9.80000019073486328125</ele>
        <time>2026-08-10T12:48:38.000Z</time>
        <extensions>
          <ns3:TrackPointExtension>
            <ns3:hr>96</ns3:hr>
          </ns3:TrackPointExtension>
        </extensions>
      </trkpt>
      <trkpt lat="31.2862609326839447021484375" lon="121.36866685934364795684814453125">
        <ele>9.6000003814697265625</ele>
        <time>2026-08-10T12:48:47.000Z</time>
        <extensions>
          <ns3:TrackPointExtension>
            <ns3:hr>96</ns3:hr>
          </ns3:TrackPointExtension>
        </extensions>
      </trkpt>
      <trkpt lat="31.2861548177897930145263671875" lon="121.36956632137298583984375">
        <ele>9.80000019073486328125</ele>
        <time>2026-08-10T12:49:06.000Z</time>
        <extensions>
          <ns3:TrackPointExtension>
            <ns3:hr>96</ns3:hr>
          </ns3:TrackPointExtension>
        </extensions>
      </trkpt>
      <trkpt lat="31.2862235493957996368408203125" lon="121.36961887590587139129638671875">
        <ele>10.19999980926513671875</ele>
        <time>2026-08-10T12:49:09.000Z</time>
        <extensions>
          <ns3:TrackPointExtension>
            <ns3:hr>96</ns3:hr>
          </ns3:TrackPointExtension>
        </extensions>
      </trkpt>
      <trkpt lat="31.286229081451892852783203125" lon="121.36988659389317035675048828125">
        <ele>9</ele>
        <time>2026-08-10T12:49:15.000Z</time>
        <extensions>
          <ns3:TrackPointExtension>
            <ns3:hr>98</ns3:hr>
          </ns3:TrackPointExtension>
        </extensions>
      </trkpt>
      <trkpt lat="31.2862233817577362060546875" lon="121.36998214758932590484619140625">
        <ele>8.3999996185302734375</ele>
        <time>2026-08-10T12:49:17.000Z</time>
        <extensions>
          <ns3:TrackPointExtension>
            <ns3:hr>99</ns3:hr>
          </ns3:TrackPointExtension>
        </extensions>
      </trkpt>
      <trkpt lat="31.2862098030745983123779296875" lon="121.37012195773422718048095703125">
        <ele>7.80000019073486328125</ele>
        <time>2026-08-10T12:49:20.000Z</time>
        <extensions>
          <ns3:TrackPointExtension>
            <ns3:hr>100</ns3:hr>
          </ns3:TrackPointExtension>
        </extensions>
      </trkpt>
      <trkpt lat="31.286157667636871337890625" lon="121.3703615963459014892578125">
        <ele>7.400000095367431640625</ele>
        <time>2026-08-10T12:49:26.000Z</time>
        <extensions>
          <ns3:TrackPointExtension>
            <ns3:hr>102</ns3:hr>
          </ns3:TrackPointExtension>
        </extensions>
      </trkpt>
      <trkpt lat="31.2860649637877941131591796875" lon="121.3704593293368816375732421875">
        <ele>8</ele>
        <time>2026-08-10T12:49:30.000Z</time>
        <extensions>
          <ns3:TrackPointExtension>
            <ns3:hr>100</ns3:hr>
          </ns3:TrackPointExtension>
        </extensions>
      </trkpt>
      <trkpt lat="31.28586907871067523956298828125" lon="121.37052160687744617462158203125">
        <ele>8</ele>
        <time>2026-08-10T12:49:36.000Z</time>
        <extensions>
          <ns3:TrackPointExtension>
            <ns3:hr>100</ns3:hr>
          </ns3:TrackPointExtension>
        </extensions>
      </trkpt>
      <trkpt lat="31.28550765104591846466064453125" lon="121.3704868219792842864990234375">
        <ele>8.80000019073486328125</ele>
        <time>2026-08-10T12:49:45.000Z</time>
        <extensions>
          <ns3:TrackPointExtension>
            <ns3:hr>100</ns3:hr>
          </ns3:TrackPointExtension>
        </extensions>
      </trkpt>
      <trkpt lat="31.28546942956745624542236328125" lon="121.37048087082803249359130859375">
        <ele>9</ele>
        <time>2026-08-10T12:49:46.000Z</time>
        <extensions>
          <ns3:TrackPointExtension>
            <ns3:hr>100</ns3:hr>
          </ns3:TrackPointExtension>
        </extensions>
      </trkpt>
      <trkpt lat="31.2852760590612888336181640625" lon="121.37046578340232372283935546875">
        <ele>9.19999980926513671875</ele>
        <time>2026-08-10T12:49:51.000Z</time>
        <extensions>
          <ns3:TrackPointExtension>
            <ns3:hr>101</ns3:hr>
          </ns3:TrackPointExtension>
        </extensions>
      </trkpt>
      <trkpt lat="31.28508738242089748382568359375" lon="121.37045077979564666748046875">
        <ele>10.19999980926513671875</ele>
        <time>2026-08-10T12:49:56.000Z</time>
        <extensions>
          <ns3:TrackPointExtension>
            <ns3:hr>102</ns3:hr>
          </ns3:TrackPointExtension>
        </extensions>
      </trkpt>
      <trkpt lat="31.2849293835461139678955078125" lon="121.37043292634189128875732421875">
        <ele>10.3999996185302734375</ele>
        <time>2026-08-10T12:50:00.000Z</time>
        <extensions>
          <ns3:TrackPointExtension>
            <ns3:hr>103</ns3:hr>
          </ns3:TrackPointExtension>
        </extensions>
      </trkpt>
      <trkpt lat="31.2846410460770130157470703125" lon="121.37040694244205951690673828125">
        <ele>9.80000019073486328125</ele>
        <time>2026-08-10T12:50:08.000Z</time>
        <extensions>
          <ns3:TrackPointExtension>
            <ns3:hr>102</ns3:hr>
          </ns3:TrackPointExtension>
        </extensions>
      </trkpt>
      <trkpt lat="31.2844194285571575164794921875" lon="121.37040627188980579376220703125">
        <ele>9.80000019073486328125</ele>
        <time>2026-08-10T12:50:14.000Z</time>
        <extensions>
          <ns3:TrackPointExtension>
            <ns3:hr>102</ns3:hr>
          </ns3:TrackPointExtension>
        </extensions>
      </trkpt>
      <trkpt lat="31.2840331904590129852294921875" lon="121.37036687694489955902099609375">
        <ele>9.3999996185302734375</ele>
        <time>2026-08-10T12:50:23.000Z</time>
        <extensions>
          <ns3:TrackPointExtension>
            <ns3:hr>102</ns3:hr>
          </ns3:TrackPointExtension>
        </extensions>
      </trkpt>
      <trkpt lat="31.28391089849174022674560546875" lon="121.3703543879091739654541015625">
        <ele>9</ele>
        <time>2026-08-10T12:50:26.000Z</time>
        <extensions>
          <ns3:TrackPointExtension>
            <ns3:hr>102</ns3:hr>
          </ns3:TrackPointExtension>
        </extensions>
      </trkpt>
      <trkpt lat="31.28358098678290843963623046875" lon="121.3703255541622638702392578125">
        <ele>9.19999980926513671875</ele>
        <time>2026-08-10T12:50:34.000Z</time>
        <extensions>
          <ns3:TrackPointExtension>
            <ns3:hr>102</ns3:hr>
          </ns3:TrackPointExtension>
        </extensions>
      </trkpt>
      <trkpt lat="31.28328376449644565582275390625" lon="121.3702789507806301116943359375">
        <ele>10.19999980926513671875</ele>
        <time>2026-08-10T12:50:42.000Z</time>
        <extensions>
          <ns3:TrackPointExtension>
            <ns3:hr>103</ns3:hr>
          </ns3:TrackPointExtension>
        </extensions>
      </trkpt>
      <trkpt lat="31.283211596310138702392578125" lon="121.37026629410684108734130859375">
        <ele>10.19999980926513671875</ele>
        <time>2026-08-10T12:50:44.000Z</time>
        <extensions>
          <ns3:TrackPointExtension>
            <ns3:hr>102</ns3:hr>
          </ns3:TrackPointExtension>
        </extensions>
      </trkpt>
      <trkpt lat="31.28291957080364227294921875" lon="121.370259337127208709716796875">
        <ele>10.3999996185302734375</ele>
        <time>2026-08-10T12:50:52.000Z</time>
        <extensions>
          <ns3:TrackPointExtension>
            <ns3:hr>103</ns3:hr>
          </ns3:TrackPointExtension>
        </extensions>
      </trkpt>
      <trkpt lat="31.28259661607444286346435546875" lon="121.37023980729281902313232421875">
        <ele>9.3999996185302734375</ele>
        <time>2026-08-10T12:50:59.000Z</time>
        <extensions>
          <ns3:TrackPointExtension>
            <ns3:hr>106</ns3:hr>
          </ns3:TrackPointExtension>
        </extensions>
      </trkpt>
      <trkpt lat="31.2825509347021579742431640625" lon="121.37023477815091609954833984375">
        <ele>9.19999980926513671875</ele>
        <time>2026-08-10T12:51:00.000Z</time>
        <extensions>
          <ns3:TrackPointExtension>
            <ns3:hr>106</ns3:hr>
          </ns3:TrackPointExtension>
        </extensions>
      </trkpt>
      <trkpt lat="31.28250223584473133087158203125" lon="121.37023377232253551483154296875">
        <ele>9</ele>
        <time>2026-08-10T12:51:01.000Z</time>
        <extensions>
          <ns3:TrackPointExtension>
            <ns3:hr>107</ns3:hr>
          </ns3:TrackPointExtension>
        </extensions>
      </trkpt>
      <trkpt lat="31.28214617259800434112548828125" lon="121.37020141817629337310791015625">
        <ele>8.6000003814697265625</ele>
        <time>2026-08-10T12:51:08.000Z</time>
        <extensions>
          <ns3:TrackPointExtension>
            <ns3:hr>106</ns3:hr>
          </ns3:TrackPointExtension>
        </extensions>
      </trkpt>
      <trkpt lat="31.28187074325978755950927734375" lon="121.37018029578030109405517578125">
        <ele>9</ele>
        <time>2026-08-10T12:51:14.000Z</time>
        <extensions>
          <ns3:TrackPointExtension>
            <ns3:hr>106</ns3:hr>
          </ns3:TrackPointExtension>
        </extensions>
      </trkpt>
      <trkpt lat="31.2817871756851673126220703125" lon="121.3701807148754596710205078125">
        <ele>8.80000019073486328125</ele>
        <time>2026-08-10T12:51:16.000Z</time>
        <extensions>
          <ns3:TrackPointExtension>
            <ns3:hr>106</ns3:hr>
          </ns3:TrackPointExtension>
        </extensions>
      </trkpt>
      <trkpt lat="31.2817073799669742584228515625" lon="121.37017794884741306304931640625">
        <ele>8.6000003814697265625</ele>
        <time>2026-08-10T12:51:17.000Z</time>
        <extensions>
          <ns3:TrackPointExtension>
            <ns3:hr>106</ns3:hr>
          </ns3:TrackPointExtension>
        </extensions>
      </trkpt>
      <trkpt lat="31.28162565641105175018310546875" lon="121.37016956694424152374267578125">
        <ele>8.19999980926513671875</ele>
        <time>2026-08-10T12:51:20.000Z</time>
        <extensions>
          <ns3:TrackPointExtension>
            <ns3:hr>106</ns3:hr>
          </ns3:TrackPointExtension>
        </extensions>
      </trkpt>
      <trkpt lat="31.2815796397626399993896484375" lon="121.370166130363941192626953125">
        <ele>8</ele>
        <time>2026-08-10T12:51:21.000Z</time>
        <extensions>
          <ns3:TrackPointExtension>
            <ns3:hr>105</ns3:hr>
          </ns3:TrackPointExtension>
        </extensions>
      </trkpt>
      <trkpt lat="31.28149774856865406036376953125" lon="121.37016269378364086151123046875">
        <ele>8</ele>
        <time>2026-08-10T12:51:23.000Z</time>
        <extensions>
          <ns3:TrackPointExtension>
            <ns3:hr>104</ns3:hr>
          </ns3:TrackPointExtension>
        </extensions>
      </trkpt>
      <trkpt lat="31.28133329562842845916748046875" lon="121.3701532222330570220947265625">
        <ele>9.3999996185302734375</ele>
        <time>2026-08-10T12:51:26.000Z</time>
        <extensions>
          <ns3:TrackPointExtension>
            <ns3:hr>104</ns3:hr>
          </ns3:TrackPointExtension>
        </extensions>
      </trkpt>
      <trkpt lat="31.2810841016471385955810546875" lon="121.3701351173222064971923828125">
        <ele>9.6000003814697265625</ele>
        <time>2026-08-10T12:51:33.000Z</time>
        <extensions>
          <ns3:TrackPointExtension>
            <ns3:hr>104</ns3:hr>
          </ns3:TrackPointExtension>
        </extensions>
      </trkpt>
      <trkpt lat="31.2806978635489940643310546875" lon="121.37009714730083942413330078125">
        <ele>10.3999996185302734375</ele>
        <time>2026-08-10T12:51:42.000Z</time>
        <extensions>
          <ns3:TrackPointExtension>
            <ns3:hr>104</ns3:hr>
          </ns3:TrackPointExtension>
        </extensions>
      </trkpt>
      <trkpt lat="31.28057020716369152069091796875" lon="121.37006797827780246734619140625">
        <ele>9.80000019073486328125</ele>
        <time>2026-08-10T12:51:45.000Z</time>
        <extensions>
          <ns3:TrackPointExtension>
            <ns3:hr>105</ns3:hr>
          </ns3:TrackPointExtension>
        </extensions>
      </trkpt>
      <trkpt lat="31.28040558658540248870849609375" lon="121.3700392283499240875244140625">
        <ele>10</ele>
        <time>2026-08-10T12:51:49.000Z</time>
        <extensions>
          <ns3:TrackPointExtension>
            <ns3:hr>104</ns3:hr>
          </ns3:TrackPointExtension>
        </extensions>
      </trkpt>
      <trkpt lat="31.28025068901479244232177734375" lon="121.37002305127680301666259765625">
        <ele>10.6000003814697265625</ele>
        <time>2026-08-10T12:51:53.000Z</time>
        <extensions>
          <ns3:TrackPointExtension>
            <ns3:hr>104</ns3:hr>
          </ns3:TrackPointExtension>
        </extensions>
      </trkpt>
      <trkpt lat="31.280090175569057464599609375" lon="121.37000796385109424591064453125">
        <ele>10.80000019073486328125</ele>
        <time>2026-08-10T12:51:57.000Z</time>
        <extensions>
          <ns3:TrackPointExtension>
            <ns3:hr>103</ns3:hr>
          </ns3:TrackPointExtension>
        </extensions>
      </trkpt>
      <trkpt lat="31.279837377369403839111328125" lon="121.36998315341770648956298828125">
        <ele>10.6000003814697265625</ele>
        <time>2026-08-10T12:52:04.000Z</time>
        <extensions>
          <ns3:TrackPointExtension>
            <ns3:hr>104</ns3:hr>
          </ns3:TrackPointExtension>
        </extensions>
      </trkpt>
      <trkpt lat="31.27953118644654750823974609375" lon="121.3699403218924999237060546875">
        <ele>11</ele>
        <time>2026-08-10T12:52:12.000Z</time>
        <extensions>
          <ns3:TrackPointExtension>
            <ns3:hr>104</ns3:hr>
          </ns3:TrackPointExtension>
        </extensions>
      </trkpt>
      <trkpt lat="31.2792005203664302825927734375" lon="121.36989061720669269561767578125">
        <ele>9.6000003814697265625</ele>
        <time>2026-08-10T12:52:19.000Z</time>
        <extensions>
          <ns3:TrackPointExtension>
            <ns3:hr>104</ns3:hr>
          </ns3:TrackPointExtension>
        </extensions>
      </trkpt>
      <trkpt lat="31.2792005203664302825927734375" lon="121.36989061720669269561767578125">
        <ele>9.3999996185302734375</ele>
        <time>2026-08-10T12:52:20.000Z</time>
        <extensions>
          <ns3:TrackPointExtension>
            <ns3:hr>104</ns3:hr>
          </ns3:TrackPointExtension>
        </extensions>
      </trkpt>
      <trkpt lat="31.27877664752304553985595703125" lon="121.36983965523540973663330078125">
        <ele>8.6000003814697265625</ele>
        <time>2026-08-10T12:52:30.000Z</time>
        <extensions>
          <ns3:TrackPointExtension>
            <ns3:hr>104</ns3:hr>
          </ns3:TrackPointExtension>
        </extensions>
      </trkpt>
      <trkpt lat="31.27831715159118175506591796875" lon="121.36977662332355976104736328125">
        <ele>9.19999980926513671875</ele>
        <time>2026-08-10T12:52:41.000Z</time>
        <extensions>
          <ns3:TrackPointExtension>
            <ns3:hr>104</ns3:hr>
          </ns3:TrackPointExtension>
        </extensions>
      </trkpt>
      <trkpt lat="31.27810098230838775634765625" lon="121.36975013650953769683837890625">
        <ele>9.3999996185302734375</ele>
        <time>2026-08-10T12:52:46.000Z</time>
        <extensions>
          <ns3:TrackPointExtension>
            <ns3:hr>103</ns3:hr>
          </ns3:TrackPointExtension>
        </extensions>
      </trkpt>
      <trkpt lat="31.278015486896038055419921875" lon="121.3697371445596218109130859375">
        <ele>9.6000003814697265625</ele>
        <time>2026-08-10T12:52:48.000Z</time>
        <extensions>
          <ns3:TrackPointExtension>
            <ns3:hr>103</ns3:hr>
          </ns3:TrackPointExtension>
        </extensions>
      </trkpt>
      <trkpt lat="31.277596056461334228515625" lon="121.369668580591678619384765625">
        <ele>10</ele>
        <time>2026-08-10T12:52:58.000Z</time>
        <extensions>
          <ns3:TrackPointExtension>
            <ns3:hr>102</ns3:hr>
          </ns3:TrackPointExtension>
        </extensions>
      </trkpt>
      <trkpt lat="31.2772435136139392852783203125" lon="121.36961166746914386749267578125">
        <ele>8.80000019073486328125</ele>
        <time>2026-08-10T12:53:07.000Z</time>
        <extensions>
          <ns3:TrackPointExtension>
            <ns3:hr>101</ns3:hr>
          </ns3:TrackPointExtension>
        </extensions>
      </trkpt>
      <trkpt lat="31.27709917724132537841796875" lon="121.3695998489856719970703125">
        <ele>10.6000003814697265625</ele>
        <time>2026-08-10T12:53:12.000Z</time>
        <extensions>
          <ns3:TrackPointExtension>
            <ns3:hr>99</ns3:hr>
          </ns3:TrackPointExtension>
        </extensions>
      </trkpt>
      <trkpt lat="31.27705114893615245819091796875" lon="121.36959708295762538909912109375">
        <ele>10.80000019073486328125</ele>
        <time>2026-08-10T12:53:13.000Z</time>
        <extensions>
          <ns3:TrackPointExtension>
            <ns3:hr>98</ns3:hr>
          </ns3:TrackPointExtension>
        </extensions>
      </trkpt>
      <trkpt lat="31.27683908678591251373291015625" lon="121.36958082206547260284423828125">
        <ele>10.6000003814697265625</ele>
        <time>2026-08-10T12:53:20.000Z</time>
        <extensions>
          <ns3:TrackPointExtension>
            <ns3:hr>98</ns3:hr>
          </ns3:TrackPointExtension>
        </extensions>
      </trkpt>
      <trkpt lat="31.27670665271580219268798828125" lon="121.3695597834885120391845703125">
        <ele>10.3999996185302734375</ele>
        <time>2026-08-10T12:53:22.000Z</time>
        <extensions>
          <ns3:TrackPointExtension>
            <ns3:hr>98</ns3:hr>
          </ns3:TrackPointExtension>
        </extensions>
      </trkpt>
      <trkpt lat="31.27656214870512485504150390625" lon="121.36955668218433856964111328125">
        <ele>10.19999980926513671875</ele>
        <time>2026-08-10T12:53:26.000Z</time>
        <extensions>
          <ns3:TrackPointExtension>
            <ns3:hr>99</ns3:hr>
          </ns3:TrackPointExtension>
        </extensions>
      </trkpt>
      <trkpt lat="31.27637690864503383636474609375" lon="121.36954293586313724517822265625">
        <ele>9.6000003814697265625</ele>
        <time>2026-08-10T12:53:30.000Z</time>
        <extensions>
          <ns3:TrackPointExtension>
            <ns3:hr>102</ns3:hr>
          </ns3:TrackPointExtension>
        </extensions>
      </trkpt>
      <trkpt lat="31.27633147872984409332275390625" lon="121.36953757144510746002197265625">
        <ele>9.6000003814697265625</ele>
        <time>2026-08-10T12:53:31.000Z</time>
        <extensions>
          <ns3:TrackPointExtension>
            <ns3:hr>102</ns3:hr>
          </ns3:TrackPointExtension>
        </extensions>
      </trkpt>
      <trkpt lat="31.27620457671582698822021484375" lon="121.36952533386647701263427734375">
        <ele>9.80000019073486328125</ele>
        <time>2026-08-10T12:53:34.000Z</time>
        <extensions>
          <ns3:TrackPointExtension>
            <ns3:hr>101</ns3:hr>
          </ns3:TrackPointExtension>
        </extensions>
      </trkpt>
      <trkpt lat="31.275879442691802978515625" lon="121.36946615763008594512939453125">
        <ele>9.80000019073486328125</ele>
        <time>2026-08-10T12:53:41.000Z</time>
        <extensions>
          <ns3:TrackPointExtension>
            <ns3:hr>100</ns3:hr>
          </ns3:TrackPointExtension>
        </extensions>
      </trkpt>
      <trkpt lat="31.2755466811358928680419921875" lon="121.3694013655185699462890625">
        <ele>9.6000003814697265625</ele>
        <time>2026-08-10T12:53:50.000Z</time>
        <extensions>
          <ns3:TrackPointExtension>
            <ns3:hr>100</ns3:hr>
          </ns3:TrackPointExtension>
        </extensions>
      </trkpt>
      <trkpt lat="31.27497629262506961822509765625" lon="121.36933925561606884002685546875">
        <ele>9.80000019073486328125</ele>
        <time>2026-08-10T12:54:02.000Z</time>
        <extensions>
          <ns3:TrackPointExtension>
            <ns3:hr>103</ns3:hr>
          </ns3:TrackPointExtension>
        </extensions>
      </trkpt>
      <trkpt lat="31.274559795856475830078125" lon="121.36930237524211406707763671875">
        <ele>9.80000019073486328125</ele>
        <time>2026-08-10T12:54:11.000Z</time>
        <extensions>
          <ns3:TrackPointExtension>
            <ns3:hr>104</ns3:hr>
          </ns3:TrackPointExtension>
        </extensions>
      </trkpt>
      <trkpt lat="31.2742018885910511016845703125" lon="121.36927052401006221771240234375">
        <ele>10.19999980926513671875</ele>
        <time>2026-08-10T12:54:21.000Z</time>
        <extensions>
          <ns3:TrackPointExtension>
            <ns3:hr>104</ns3:hr>
          </ns3:TrackPointExtension>
        </extensions>
      </trkpt>
      <trkpt lat="31.27392620779573917388916015625" lon="121.36915887705981731414794921875">
        <ele>9</ele>
        <time>2026-08-10T12:54:29.000Z</time>
        <extensions>
          <ns3:TrackPointExtension>
            <ns3:hr>102</ns3:hr>
          </ns3:TrackPointExtension>
        </extensions>
      </trkpt>
      <trkpt lat="31.27382914535701274871826171875" lon="121.36904723010957241058349609375">
        <ele>8.3999996185302734375</ele>
        <time>2026-08-10T12:54:32.000Z</time>
        <extensions>
          <ns3:TrackPointExtension>
            <ns3:hr>102</ns3:hr>
          </ns3:TrackPointExtension>
        </extensions>
      </trkpt>
      <trkpt lat="31.27381824888288974761962890625" lon="121.36900213547050952911376953125">
        <ele>8.19999980926513671875</ele>
        <time>2026-08-10T12:54:33.000Z</time>
        <extensions>
          <ns3:TrackPointExtension>
            <ns3:hr>102</ns3:hr>
          </ns3:TrackPointExtension>
        </extensions>
      </trkpt>
      <trkpt lat="31.27381741069257259368896484375" lon="121.36895536445081233978271484375">
        <ele>8.19999980926513671875</ele>
        <time>2026-08-10T12:54:34.000Z</time>
        <extensions>
          <ns3:TrackPointExtension>
            <ns3:hr>102</ns3:hr>
          </ns3:TrackPointExtension>
        </extensions>
      </trkpt>
      <trkpt lat="31.27382243983447551727294921875" lon="121.36880390346050262451171875">
        <ele>7.80000019073486328125</ele>
        <time>2026-08-10T12:54:37.000Z</time>
        <extensions>
          <ns3:TrackPointExtension>
            <ns3:hr>102</ns3:hr>
          </ns3:TrackPointExtension>
        </extensions>
      </trkpt>
      <trkpt lat="31.27384121529757976531982421875" lon="121.3684285618364810943603515625">
        <ele>7.599999904632568359375</ele>
        <time>2026-08-10T12:54:44.000Z</time>
        <extensions>
          <ns3:TrackPointExtension>
            <ns3:hr>102</ns3:hr>
          </ns3:TrackPointExtension>
        </extensions>
      </trkpt>
      <trkpt lat="31.2738699652254581451416015625" lon="121.36790410615503787994384765625">
        <ele>9</ele>
        <time>2026-08-10T12:54:53.000Z</time>
        <extensions>
          <ns3:TrackPointExtension>
            <ns3:hr>105</ns3:hr>
          </ns3:TrackPointExtension>
        </extensions>
      </trkpt>
      <trkpt lat="31.2738830409944057464599609375" lon="121.3677737675607204437255859375">
        <ele>9.3999996185302734375</ele>
        <time>2026-08-10T12:54:55.000Z</time>
        <extensions>
          <ns3:TrackPointExtension>
            <ns3:hr>104</ns3:hr>
          </ns3:TrackPointExtension>
        </extensions>
      </trkpt>
      <trkpt lat="31.27389854751527309417724609375" lon="121.3675970770418643951416015625">
        <ele>9.80000019073486328125</ele>
        <time>2026-08-10T12:54:58.000Z</time>
        <extensions>
          <ns3:TrackPointExtension>
            <ns3:hr>101</ns3:hr>
          </ns3:TrackPointExtension>
        </extensions>
      </trkpt>
      <trkpt lat="31.27390592359006404876708984375" lon="121.3674817420542240142822265625">
        <ele>9.3999996185302734375</ele>
        <time>2026-08-10T12:55:00.000Z</time>
        <extensions>
          <ns3:TrackPointExtension>
            <ns3:hr>100</ns3:hr>
          </ns3:TrackPointExtension>
        </extensions>
      </trkpt>
      <trkpt lat="31.273970045149326324462890625" lon="121.366972289979457855224609375">
        <ele>9.3999996185302734375</ele>
        <time>2026-08-10T12:55:08.000Z</time>
        <extensions>
          <ns3:TrackPointExtension>
            <ns3:hr>101</ns3:hr>
          </ns3:TrackPointExtension>
        </extensions>
      </trkpt>
      <trkpt lat="31.273985803127288818359375" lon="121.36692308820784091949462890625">
        <ele>9.3999996185302734375</ele>
        <time>2026-08-10T12:55:10.000Z</time>
        <extensions>
          <ns3:TrackPointExtension>
            <ns3:hr>102</ns3:hr>
          </ns3:TrackPointExtension>
        </extensions>
      </trkpt>
      <trkpt lat="31.27406417392194271087646484375" lon="121.3666891492903232574462890625">
        <ele>9</ele>
        <time>2026-08-10T12:55:15.000Z</time>
        <extensions>
          <ns3:TrackPointExtension>
            <ns3:hr>102</ns3:hr>
          </ns3:TrackPointExtension>
        </extensions>
      </trkpt>
      <trkpt lat="31.27410222776234149932861328125" lon="121.36655218899250030517578125">
        <ele>9.19999980926513671875</ele>
        <time>2026-08-10T12:55:18.000Z</time>
        <extensions>
          <ns3:TrackPointExtension>
            <ns3:hr>99</ns3:hr>
          </ns3:TrackPointExtension>
        </extensions>
      </trkpt>
      <trkpt lat="31.27419074065983295440673828125" lon="121.3662522844970226287841796875">
        <ele>9</ele>
        <time>2026-08-10T12:55:24.000Z</time>
        <extensions>
          <ns3:TrackPointExtension>
            <ns3:hr>100</ns3:hr>
          </ns3:TrackPointExtension>
        </extensions>
      </trkpt>
      <trkpt lat="31.27423767931759357452392578125" lon="121.36611373163759708404541015625">
        <ele>9.19999980926513671875</ele>
        <time>2026-08-10T12:55:26.000Z</time>
        <extensions>
          <ns3:TrackPointExtension>
            <ns3:hr>103</ns3:hr>
          </ns3:TrackPointExtension>
        </extensions>
      </trkpt>
      <trkpt lat="31.2742741405963897705078125" lon="121.36601482518017292022705078125">
        <ele>8.19999980926513671875</ele>
        <time>2026-08-10T12:55:29.000Z</time>
        <extensions>
          <ns3:TrackPointExtension>
            <ns3:hr>103</ns3:hr>
          </ns3:TrackPointExtension>
        </extensions>
      </trkpt>
      <trkpt lat="31.27434882335364818572998046875" lon="121.36587048880755901336669921875">
        <ele>7.400000095367431640625</ele>
        <time>2026-08-10T12:55:32.000Z</time>
        <extensions>
          <ns3:TrackPointExtension>
            <ns3:hr>102</ns3:hr>
          </ns3:TrackPointExtension>
        </extensions>
      </trkpt>
      <trkpt lat="31.27440112642943859100341796875" lon="121.36578046716749668121337890625">
        <ele>7.19999980926513671875</ele>
        <time>2026-08-10T12:55:34.000Z</time>
        <extensions>
          <ns3:TrackPointExtension>
            <ns3:hr>102</ns3:hr>
          </ns3:TrackPointExtension>
        </extensions>
      </trkpt>
      <trkpt lat="31.274562813341617584228515625" lon="121.365451477468013763427734375">
        <ele>8.19999980926513671875</ele>
        <time>2026-08-10T12:55:41.000Z</time>
        <extensions>
          <ns3:TrackPointExtension>
            <ns3:hr>102</ns3:hr>
          </ns3:TrackPointExtension>
        </extensions>
      </trkpt>
      <trkpt lat="31.2747802399098873138427734375" lon="121.36501050554215908050537109375">
        <ele>9</ele>
        <time>2026-08-10T12:55:51.000Z</time>
        <extensions>
          <ns3:TrackPointExtension>
            <ns3:hr>103</ns3:hr>
          </ns3:TrackPointExtension>
        </extensions>
      </trkpt>
      <trkpt lat="31.27488224767148494720458984375" lon="121.36483834125101566314697265625">
        <ele>9.19999980926513671875</ele>
        <time>2026-08-10T12:55:54.000Z</time>
        <extensions>
          <ns3:TrackPointExtension>
            <ns3:hr>103</ns3:hr>
          </ns3:TrackPointExtension>
        </extensions>
      </trkpt>
      <trkpt lat="31.27493404783308506011962890625" lon="121.36474899016320705413818359375">
        <ele>8.80000019073486328125</ele>
        <time>2026-08-10T12:55:57.000Z</time>
        <extensions>
          <ns3:TrackPointExtension>
            <ns3:hr>102</ns3:hr>
          </ns3:TrackPointExtension>
        </extensions>
      </trkpt>
      <trkpt lat="31.27506748773157596588134765625" lon="121.364457719027996063232421875">
        <ele>8.3999996185302734375</ele>
        <time>2026-08-10T12:56:03.000Z</time>
        <extensions>
          <ns3:TrackPointExtension>
            <ns3:hr>101</ns3:hr>
          </ns3:TrackPointExtension>
        </extensions>
      </trkpt>
      <trkpt lat="31.27507905475795269012451171875" lon="121.36440415866672992706298828125">
        <ele>8.6000003814697265625</ele>
        <time>2026-08-10T12:56:04.000Z</time>
        <extensions>
          <ns3:TrackPointExtension>
            <ns3:hr>101</ns3:hr>
          </ns3:TrackPointExtension>
        </extensions>
      </trkpt>
      <trkpt lat="31.2750957347452640533447265625" lon="121.36435386724770069122314453125">
        <ele>8.6000003814697265625</ele>
        <time>2026-08-10T12:56:05.000Z</time>
        <extensions>
          <ns3:TrackPointExtension>
            <ns3:hr>101</ns3:hr>
          </ns3:TrackPointExtension>
        </extensions>
      </trkpt>
      <trkpt lat="31.27520411275327205657958984375" lon="121.36411431245505809783935546875">
        <ele>8.3999996185302734375</ele>
        <time>2026-08-10T12:56:10.000Z</time>
        <extensions>
          <ns3:TrackPointExtension>
            <ns3:hr>101</ns3:hr>
          </ns3:TrackPointExtension>
        </extensions>
      </trkpt>
      <trkpt lat="31.27541206777095794677734375" lon="121.363720111548900604248046875">
        <ele>8.19999980926513671875</ele>
        <time>2026-08-10T12:56:19.000Z</time>
        <extensions>
          <ns3:TrackPointExtension>
            <ns3:hr>100</ns3:hr>
          </ns3:TrackPointExtension>
        </extensions>
      </trkpt>
      <trkpt lat="31.2756408937275409698486328125" lon="121.36326472274959087371826171875">
        <ele>8.80000019073486328125</ele>
        <time>2026-08-10T12:56:29.000Z</time>
        <extensions>
          <ns3:TrackPointExtension>
            <ns3:hr>101</ns3:hr>
          </ns3:TrackPointExtension>
        </extensions>
      </trkpt>
      <trkpt lat="31.27591229975223541259765625" lon="121.36277966201305389404296875">
        <ele>8.6000003814697265625</ele>
        <time>2026-08-10T12:56:40.000Z</time>
        <extensions>
          <ns3:TrackPointExtension>
            <ns3:hr>102</ns3:hr>
          </ns3:TrackPointExtension>
        </extensions>
      </trkpt>
      <trkpt lat="31.27615579403936862945556640625" lon="121.36245737783610820770263671875">
        <ele>8.6000003814697265625</ele>
        <time>2026-08-10T12:56:48.000Z</time>
        <extensions>
          <ns3:TrackPointExtension>
            <ns3:hr>102</ns3:hr>
          </ns3:TrackPointExtension>
        </extensions>
      </trkpt>
      <trkpt lat="31.2764086760580539703369140625" lon="121.3621344231069087982177734375">
        <ele>8.6000003814697265625</ele>
        <time>2026-08-10T12:56:56.000Z</time>
        <extensions>
          <ns3:TrackPointExtension>
            <ns3:hr>102</ns3:hr>
          </ns3:TrackPointExtension>
        </extensions>
      </trkpt>
      <trkpt lat="31.27666474319994449615478515625" lon="121.3618326745927333831787109375">
        <ele>8.80000019073486328125</ele>
        <time>2026-08-10T12:57:04.000Z</time>
        <extensions>
          <ns3:TrackPointExtension>
            <ns3:hr>99</ns3:hr>
          </ns3:TrackPointExtension>
        </extensions>
      </trkpt>
      <trkpt lat="31.27697269432246685028076171875" lon="121.361513324081897735595703125">
        <ele>8.3999996185302734375</ele>
        <time>2026-08-10T12:57:13.000Z</time>
        <extensions>
          <ns3:TrackPointExtension>
            <ns3:hr>98</ns3:hr>
          </ns3:TrackPointExtension>
        </extensions>
      </trkpt>
      <trkpt lat="31.27710730768740177154541015625" lon="121.3613726757466793060302734375">
        <ele>8.19999980926513671875</ele>
        <time>2026-08-10T12:57:17.000Z</time>
        <extensions>
          <ns3:TrackPointExtension>
            <ns3:hr>95</ns3:hr>
          </ns3:TrackPointExtension>
        </extensions>
      </trkpt>
      <trkpt lat="31.2772069685161113739013671875" lon="121.36130503378808498382568359375">
        <ele>8</ele>
        <time>2026-08-10T12:57:20.000Z</time>
        <extensions>
          <ns3:TrackPointExtension>
            <ns3:hr>95</ns3:hr>
          </ns3:TrackPointExtension>
        </extensions>
      </trkpt>
      <trkpt lat="31.27745297737419605255126953125" lon="121.36118232272565364837646484375">
        <ele>8.19999980926513671875</ele>
        <time>2026-08-10T12:57:26.000Z</time>
        <extensions>
          <ns3:TrackPointExtension>
            <ns3:hr>95</ns3:hr>
          </ns3:TrackPointExtension>
        </extensions>
      </trkpt>
      <trkpt lat="31.27774919383227825164794921875" lon="121.3610384054481983184814453125">
        <ele>7.599999904632568359375</ele>
        <time>2026-08-10T12:57:34.000Z</time>
        <extensions>
          <ns3:TrackPointExtension>
            <ns3:hr>99</ns3:hr>
          </ns3:TrackPointExtension>
        </extensions>
      </trkpt>
      <trkpt lat="31.27784541808068752288818359375" lon="121.3610082305967807769775390625">
        <ele>7.599999904632568359375</ele>
        <time>2026-08-10T12:57:36.000Z</time>
        <extensions>
          <ns3:TrackPointExtension>
            <ns3:hr>102</ns3:hr>
          </ns3:TrackPointExtension>
        </extensions>
      </trkpt>
      <trkpt lat="31.278081201016902923583984375" lon="121.36093874461948871612548828125">
        <ele>7.80000019073486328125</ele>
        <time>2026-08-10T12:57:41.000Z</time>
        <extensions>
          <ns3:TrackPointExtension>
            <ns3:hr>104</ns3:hr>
          </ns3:TrackPointExtension>
        </extensions>
      </trkpt>
      <trkpt lat="31.27829619683325290679931640625" lon="121.36090370826423168182373046875">
        <ele>8.19999980926513671875</ele>
        <time>2026-08-10T12:57:47.000Z</time>
        <extensions>
          <ns3:TrackPointExtension>
            <ns3:hr>100</ns3:hr>
          </ns3:TrackPointExtension>
        </extensions>
      </trkpt>
      <trkpt lat="31.27848663367331027984619140625" lon="121.360876299440860748291015625">
        <ele>8</ele>
        <time>2026-08-10T12:57:52.000Z</time>
        <extensions>
          <ns3:TrackPointExtension>
            <ns3:hr>97</ns3:hr>
          </ns3:TrackPointExtension>
        </extensions>
      </trkpt>
      <trkpt lat="31.278610937297344207763671875" lon="121.36087386868894100189208984375">
        <ele>7.400000095367431640625</ele>
        <time>2026-08-10T12:57:55.000Z</time>
        <extensions>
          <ns3:TrackPointExtension>
            <ns3:hr>98</ns3:hr>
          </ns3:TrackPointExtension>
        </extensions>
      </trkpt>
      <trkpt lat="31.27879567444324493408203125" lon="121.360870935022830963134765625">
        <ele>8</ele>
        <time>2026-08-10T12:58:00.000Z</time>
        <extensions>
          <ns3:TrackPointExtension>
            <ns3:hr>101</ns3:hr>
          </ns3:TrackPointExtension>
        </extensions>
      </trkpt>
      <trkpt lat="31.278865747153759002685546875" lon="121.3608643971383571624755859375">
        <ele>8</ele>
        <time>2026-08-10T12:58:02.000Z</time>
        <extensions>
          <ns3:TrackPointExtension>
            <ns3:hr>102</ns3:hr>
          </ns3:TrackPointExtension>
        </extensions>
      </trkpt>
      <trkpt lat="31.27910069189965724945068359375" lon="121.3608670793473720550537109375">
        <ele>8</ele>
        <time>2026-08-10T12:58:08.000Z</time>
        <extensions>
          <ns3:TrackPointExtension>
            <ns3:hr>99</ns3:hr>
          </ns3:TrackPointExtension>
        </extensions>
      </trkpt>
      <trkpt lat="31.27913639880716800689697265625" lon="121.360868252813816070556640625">
        <ele>8</ele>
        <time>2026-08-10T12:58:09.000Z</time>
        <extensions>
          <ns3:TrackPointExtension>
            <ns3:hr>99</ns3:hr>
          </ns3:TrackPointExtension>
        </extensions>
      </trkpt>
      <trkpt lat="31.27953118644654750823974609375" lon="121.36086263693869113922119140625">
        <ele>8.6000003814697265625</ele>
        <time>2026-08-10T12:58:19.000Z</time>
        <extensions>
          <ns3:TrackPointExtension>
            <ns3:hr>100</ns3:hr>
          </ns3:TrackPointExtension>
        </extensions>
      </trkpt>
      <trkpt lat="31.27992714755237102508544921875" lon="121.36084654368460178375244140625">
        <ele>8.3999996185302734375</ele>
        <time>2026-08-10T12:58:29.000Z</time>
        <extensions>
          <ns3:TrackPointExtension>
            <ns3:hr>100</ns3:hr>
          </ns3:TrackPointExtension>
        </extensions>
      </trkpt>
      <trkpt lat="31.28013334237039089202880859375" lon="121.36086062528192996978759765625">
        <ele>8.19999980926513671875</ele>
        <time>2026-08-10T12:58:35.000Z</time>
        <extensions>
          <ns3:TrackPointExtension>
            <ns3:hr>100</ns3:hr>
          </ns3:TrackPointExtension>
        </extensions>
      </trkpt>
      <trkpt lat="31.280272565782070159912109375" lon="121.3608774729073047637939453125">
        <ele>7.80000019073486328125</ele>
        <time>2026-08-10T12:58:40.000Z</time>
        <extensions>
          <ns3:TrackPointExtension>
            <ns3:hr>99</ns3:hr>
          </ns3:TrackPointExtension>
        </extensions>
      </trkpt>
      <trkpt lat="31.2803079374134540557861328125" lon="121.360881328582763671875">
        <ele>7.80000019073486328125</ele>
        <time>2026-08-10T12:58:43.000Z</time>
        <extensions>
          <ns3:TrackPointExtension>
            <ns3:hr>98</ns3:hr>
          </ns3:TrackPointExtension>
        </extensions>
      </trkpt>
      <trkpt lat="31.28032143227756023406982421875" lon="121.36087068356573581695556640625">
        <ele>7.80000019073486328125</ele>
        <time>2026-08-10T12:58:55.000Z</time>
        <extensions>
          <ns3:TrackPointExtension>
            <ns3:hr>98</ns3:hr>
          </ns3:TrackPointExtension>
        </extensions>
      </trkpt>
      <trkpt lat="31.28036803565919399261474609375" lon="121.3608657382428646087646484375">
        <ele>7.80000019073486328125</ele>
        <time>2026-08-10T12:58:57.000Z</time>
        <extensions>
          <ns3:TrackPointExtension>
            <ns3:hr>97</ns3:hr>
          </ns3:TrackPointExtension>
        </extensions>
      </trkpt>
      <trkpt lat="31.28046191297471523284912109375" lon="121.360865570604801177978515625">
        <ele>7.599999904632568359375</ele>
        <time>2026-08-10T12:59:00.000Z</time>
        <extensions>
          <ns3:TrackPointExtension>
            <ns3:hr>100</ns3:hr>
          </ns3:TrackPointExtension>
        </extensions>
      </trkpt>
      <trkpt lat="31.28058931790292263031005859375" lon="121.3608654029667377471923828125">
        <ele>7.80000019073486328125</ele>
        <time>2026-08-10T12:59:03.000Z</time>
        <extensions>
          <ns3:TrackPointExtension>
            <ns3:hr>101</ns3:hr>
          </ns3:TrackPointExtension>
        </extensions>
      </trkpt>
      <trkpt lat="31.28089358098804950714111328125" lon="121.3608424365520477294921875">
        <ele>7.80000019073486328125</ele>
        <time>2026-08-10T12:59:11.000Z</time>
        <extensions>
          <ns3:TrackPointExtension>
            <ns3:hr>104</ns3:hr>
          </ns3:TrackPointExtension>
        </extensions>
      </trkpt>
      <trkpt lat="31.2810086645185947418212890625" lon="121.3608493097126483917236328125">
        <ele>7.19999980926513671875</ele>
        <time>2026-08-10T12:59:15.000Z</time>
        <extensions>
          <ns3:TrackPointExtension>
            <ns3:hr>104</ns3:hr>
          </ns3:TrackPointExtension>
        </extensions>
      </trkpt>
      <trkpt lat="31.281062476336956024169921875" lon="121.36089616455137729644775390625">
        <ele>7.19999980926513671875</ele>
        <time>2026-08-10T12:59:17.000Z</time>
        <extensions>
          <ns3:TrackPointExtension>
            <ns3:hr>103</ns3:hr>
          </ns3:TrackPointExtension>
        </extensions>
      </trkpt>
      <trkpt lat="31.28107580356299877166748046875" lon="121.360935308039188385009765625">
        <ele>7.400000095367431640625</ele>
        <time>2026-08-10T12:59:18.000Z</time>
        <extensions>
          <ns3:TrackPointExtension>
            <ns3:hr>103</ns3:hr>
          </ns3:TrackPointExtension>
        </extensions>
      </trkpt>
      <trkpt lat="31.2810609675943851470947265625" lon="121.3610159419476985931396484375">
        <ele>7.599999904632568359375</ele>
        <time>2026-08-10T12:59:20.000Z</time>
        <extensions>
          <ns3:TrackPointExtension>
            <ns3:hr>101</ns3:hr>
          </ns3:TrackPointExtension>
        </extensions>
      </trkpt>
      <trkpt lat="31.2810462154448032379150390625" lon="121.3611487112939357757568359375">
        <ele>7.599999904632568359375</ele>
        <time>2026-08-10T12:59:23.000Z</time>
        <extensions>
          <ns3:TrackPointExtension>
            <ns3:hr>98</ns3:hr>
          </ns3:TrackPointExtension>
        </extensions>
      </trkpt>
      <trkpt lat="31.28103003837168216705322265625" lon="121.3612764514982700347900390625">
        <ele>8.19999980926513671875</ele>
        <time>2026-08-10T12:59:26.000Z</time>
        <extensions>
          <ns3:TrackPointExtension>
            <ns3:hr>100</ns3:hr>
          </ns3:TrackPointExtension>
        </extensions>
      </trkpt>
      <trkpt lat="31.28101092763245105743408203125" lon="121.36141240596771240234375">
        <ele>8.6000003814697265625</ele>
        <time>2026-08-10T12:59:29.000Z</time>
        <extensions>
          <ns3:TrackPointExtension>
            <ns3:hr>102</ns3:hr>
          </ns3:TrackPointExtension>
        </extensions>
      </trkpt>
      <trkpt lat="31.28094772808253765106201171875" lon="121.361813731491565704345703125">
        <ele>8.3999996185302734375</ele>
        <time>2026-08-10T12:59:38.000Z</time>
        <extensions>
          <ns3:TrackPointExtension>
            <ns3:hr>102</ns3:hr>
          </ns3:TrackPointExtension>
        </extensions>
      </trkpt>
      <trkpt lat="31.2809072434902191162109375" lon="121.36215470731258392333984375">
        <ele>8</ele>
        <time>2026-08-10T12:59:46.000Z</time>
        <extensions>
          <ns3:TrackPointExtension>
            <ns3:hr>102</ns3:hr>
          </ns3:TrackPointExtension>
        </extensions>
      </trkpt>
      <trkpt lat="31.28084362484514713287353515625" lon="121.36248872615396976470947265625">
        <ele>8</ele>
        <time>2026-08-10T12:59:55.000Z</time>
        <extensions>
          <ns3:TrackPointExtension>
            <ns3:hr>100</ns3:hr>
          </ns3:TrackPointExtension>
        </extensions>
      </trkpt>
      <trkpt lat="31.280821077525615692138671875" lon="121.36264555156230926513671875">
        <ele>8.3999996185302734375</ele>
        <time>2026-08-10T12:59:59.000Z</time>
        <extensions>
          <ns3:TrackPointExtension>
            <ns3:hr>104</ns3:hr>
          </ns3:TrackPointExtension>
        </extensions>
      </trkpt>
      <trkpt lat="31.28079182468354701995849609375" lon="121.3628767244517803192138671875">
        <ele>7.599999904632568359375</ele>
        <time>2026-08-10T13:00:04.000Z</time>
        <extensions>
          <ns3:TrackPointExtension>
            <ns3:hr>107</ns3:hr>
          </ns3:TrackPointExtension>
        </extensions>
      </trkpt>
      <trkpt lat="31.28078293986618518829345703125" lon="121.36291251517832279205322265625">
        <ele>7.400000095367431640625</ele>
        <time>2026-08-10T13:00:06.000Z</time>
        <extensions>
          <ns3:TrackPointExtension>
            <ns3:hr>109</ns3:hr>
          </ns3:TrackPointExtension>
        </extensions>
      </trkpt>
      <trkpt lat="31.28077539615333080291748046875" lon="121.3629514910280704498291015625">
        <ele>7.19999980926513671875</ele>
        <time>2026-08-10T13:00:07.000Z</time>
        <extensions>
          <ns3:TrackPointExtension>
            <ns3:hr>109</ns3:hr>
          </ns3:TrackPointExtension>
        </extensions>
      </trkpt>
      <trkpt lat="31.2807360850274562835693359375" lon="121.3631982542574405670166015625">
        <ele>7.599999904632568359375</ele>
        <time>2026-08-10T13:00:14.000Z</time>
        <extensions>
          <ns3:TrackPointExtension>
            <ns3:hr>109</ns3:hr>
          </ns3:TrackPointExtension>
        </extensions>
      </trkpt>
      <trkpt lat="31.280705071985721588134765625" lon="121.363442502915859222412109375">
        <ele>7.599999904632568359375</ele>
        <time>2026-08-10T13:00:20.000Z</time>
        <extensions>
          <ns3:TrackPointExtension>
            <ns3:hr>106</ns3:hr>
          </ns3:TrackPointExtension>
        </extensions>
      </trkpt>
      <trkpt lat="31.28070968203246593475341796875" lon="121.36352372355759143829345703125">
        <ele>7</ele>
        <time>2026-08-10T13:00:22.000Z</time>
        <extensions>
          <ns3:TrackPointExtension>
            <ns3:hr>106</ns3:hr>
          </ns3:TrackPointExtension>
        </extensions>
      </trkpt>
      <trkpt lat="31.28078226931393146514892578125" lon="121.3636052794754505157470703125">
        <ele>6.80000019073486328125</ele>
        <time>2026-08-10T13:00:25.000Z</time>
        <extensions>
          <ns3:TrackPointExtension>
            <ns3:hr>105</ns3:hr>
          </ns3:TrackPointExtension>
        </extensions>
      </trkpt>
      <trkpt lat="31.28100573085248470306396484375" lon="121.36369387619197368621826171875">
        <ele>6.599999904632568359375</ele>
        <time>2026-08-10T13:00:31.000Z</time>
        <extensions>
          <ns3:TrackPointExtension>
            <ns3:hr>104</ns3:hr>
          </ns3:TrackPointExtension>
        </extensions>
      </trkpt>
      <trkpt lat="31.2811850197613239288330078125" lon="121.3637204468250274658203125">
        <ele>8.19999980926513671875</ele>
        <time>2026-08-10T13:00:35.000Z</time>
        <extensions>
          <ns3:TrackPointExtension>
            <ns3:hr>104</ns3:hr>
          </ns3:TrackPointExtension>
        </extensions>
      </trkpt>
      <trkpt lat="31.2812208943068981170654296875" lon="121.36372690089046955108642578125">
        <ele>8.19999980926513671875</ele>
        <time>2026-08-10T13:00:37.000Z</time>
        <extensions>
          <ns3:TrackPointExtension>
            <ns3:hr>104</ns3:hr>
          </ns3:TrackPointExtension>
        </extensions>
      </trkpt>
      <trkpt lat="31.28140772692859172821044921875" lon="121.36374098248779773712158203125">
        <ele>8.3999996185302734375</ele>
        <time>2026-08-10T13:00:42.000Z</time>
        <extensions>
          <ns3:TrackPointExtension>
            <ns3:hr>107</ns3:hr>
          </ns3:TrackPointExtension>
        </extensions>
      </trkpt>
      <trkpt lat="31.28160336054861545562744140625" lon="121.36376009322702884674072265625">
        <ele>7.80000019073486328125</ele>
        <time>2026-08-10T13:00:47.000Z</time>
        <extensions>
          <ns3:TrackPointExtension>
            <ns3:hr>106</ns3:hr>
          </ns3:TrackPointExtension>
        </extensions>
      </trkpt>
      <trkpt lat="31.28196763806045055389404296875" lon="121.36379730887711048126220703125">
        <ele>7.599999904632568359375</ele>
        <time>2026-08-10T13:00:56.000Z</time>
        <extensions>
          <ns3:TrackPointExtension>
            <ns3:hr>108</ns3:hr>
          </ns3:TrackPointExtension>
        </extensions>
      </trkpt>
      <trkpt lat="31.282345913350582122802734375" lon="121.36383385397493839263916015625">
        <ele>8.19999980926513671875</ele>
        <time>2026-08-10T13:01:05.000Z</time>
        <extensions>
          <ns3:TrackPointExtension>
            <ns3:hr>107</ns3:hr>
          </ns3:TrackPointExtension>
        </extensions>
      </trkpt>
      <trkpt lat="31.2827296368777751922607421875" lon="121.36388079263269901275634765625">
        <ele>8.80000019073486328125</ele>
        <time>2026-08-10T13:01:14.000Z</time>
        <extensions>
          <ns3:TrackPointExtension>
            <ns3:hr>106</ns3:hr>
          </ns3:TrackPointExtension>
        </extensions>
      </trkpt>
      <trkpt lat="31.2829861231148242950439453125" lon="121.3639211095869541168212890625">
        <ele>8.6000003814697265625</ele>
        <time>2026-08-10T13:01:20.000Z</time>
        <extensions>
          <ns3:TrackPointExtension>
            <ns3:hr>103</ns3:hr>
          </ns3:TrackPointExtension>
        </extensions>
      </trkpt>
      <trkpt lat="31.28310598433017730712890625" lon="121.363938711583614349365234375">
        <ele>8.6000003814697265625</ele>
        <time>2026-08-10T13:01:23.000Z</time>
        <extensions>
          <ns3:TrackPointExtension>
            <ns3:hr>100</ns3:hr>
          </ns3:TrackPointExtension>
        </extensions>
      </trkpt>
      <trkpt lat="31.28319449722766876220703125" lon="121.36394902132451534271240234375">
        <ele>8.3999996185302734375</ele>
        <time>2026-08-10T13:01:25.000Z</time>
        <extensions>
          <ns3:TrackPointExtension>
            <ns3:hr>98</ns3:hr>
          </ns3:TrackPointExtension>
        </extensions>
      </trkpt>
      <trkpt lat="31.28359548747539520263671875" lon="121.3639767654240131378173828125">
        <ele>9</ele>
        <time>2026-08-10T13:01:35.000Z</time>
        <extensions>
          <ns3:TrackPointExtension>
            <ns3:hr>99</ns3:hr>
          </ns3:TrackPointExtension>
        </extensions>
      </trkpt>
      <trkpt lat="31.28377796150743961334228515625" lon="121.36397114954888820648193359375">
        <ele>8.3999996185302734375</ele>
        <time>2026-08-10T13:01:41.000Z</time>
        <extensions>
          <ns3:TrackPointExtension>
            <ns3:hr>98</ns3:hr>
          </ns3:TrackPointExtension>
        </extensions>
      </trkpt>
      <trkpt lat="31.28402070142328739166259765625" lon="121.36399872601032257080078125">
        <ele>9</ele>
        <time>2026-08-10T13:01:48.000Z</time>
        <extensions>
          <ns3:TrackPointExtension>
            <ns3:hr>98</ns3:hr>
          </ns3:TrackPointExtension>
        </extensions>
      </trkpt>
      <trkpt lat="31.2840566597878932952880859375" lon="121.3640039227902889251708984375">
        <ele>9.3999996185302734375</ele>
        <time>2026-08-10T13:01:49.000Z</time>
        <extensions>
          <ns3:TrackPointExtension>
            <ns3:hr>98</ns3:hr>
          </ns3:TrackPointExtension>
        </extensions>
      </trkpt>
      <trkpt lat="31.28419923596084117889404296875" lon="121.36402294971048831939697265625">
        <ele>9.80000019073486328125</ele>
        <time>2026-08-10T13:01:52.000Z</time>
        <extensions>
          <ns3:TrackPointExtension>
            <ns3:hr>101</ns3:hr>
          </ns3:TrackPointExtension>
        </extensions>
      </trkpt>
      <trkpt lat="31.2843289040029048919677734375" lon="121.364029236137866973876953125">
        <ele>9.80000019073486328125</ele>
        <time>2026-08-10T13:01:56.000Z</time>
        <extensions>
          <ns3:TrackPointExtension>
            <ns3:hr>102</ns3:hr>
          </ns3:TrackPointExtension>
        </extensions>
      </trkpt>
      <trkpt lat="31.2846983782947063446044921875" lon="121.36408698745071887969970703125">
        <ele>9.6000003814697265625</ele>
        <time>2026-08-10T13:02:04.000Z</time>
        <extensions>
          <ns3:TrackPointExtension>
            <ns3:hr>104</ns3:hr>
          </ns3:TrackPointExtension>
        </extensions>
      </trkpt>
      <trkpt lat="31.2847463227808475494384765625" lon="121.3641038350760936737060546875">
        <ele>9.6000003814697265625</ele>
        <time>2026-08-10T13:02:05.000Z</time>
        <extensions>
          <ns3:TrackPointExtension>
            <ns3:hr>104</ns3:hr>
          </ns3:TrackPointExtension>
        </extensions>
      </trkpt>
      <trkpt lat="31.28504681400954723358154296875" lon="121.3641440682113170623779296875">
        <ele>9.19999980926513671875</ele>
        <time>2026-08-10T13:02:11.000Z</time>
        <extensions>
          <ns3:TrackPointExtension>
            <ns3:hr>102</ns3:hr>
          </ns3:TrackPointExtension>
        </extensions>
      </trkpt>
      <trkpt lat="31.28523557446897029876708984375" lon="121.3641603291034698486328125">
        <ele>8.19999980926513671875</ele>
        <time>2026-08-10T13:02:15.000Z</time>
        <extensions>
          <ns3:TrackPointExtension>
            <ns3:hr>101</ns3:hr>
          </ns3:TrackPointExtension>
        </extensions>
      </trkpt>
      <trkpt lat="31.2854098342359066009521484375" lon="121.36417918838560581207275390625">
        <ele>8.3999996185302734375</ele>
        <time>2026-08-10T13:02:19.000Z</time>
        <extensions>
          <ns3:TrackPointExtension>
            <ns3:hr>101</ns3:hr>
          </ns3:TrackPointExtension>
        </extensions>
      </trkpt>
      <trkpt lat="31.28578274510800838470458984375" lon="121.36422495357692241668701171875">
        <ele>8</ele>
        <time>2026-08-10T13:02:28.000Z</time>
        <extensions>
          <ns3:TrackPointExtension>
            <ns3:hr>101</ns3:hr>
          </ns3:TrackPointExtension>
        </extensions>
      </trkpt>
      <trkpt lat="31.28611366264522075653076171875" lon="121.36426267214119434356689453125">
        <ele>7.599999904632568359375</ele>
        <time>2026-08-10T13:02:36.000Z</time>
        <extensions>
          <ns3:TrackPointExtension>
            <ns3:hr>100</ns3:hr>
          </ns3:TrackPointExtension>
        </extensions>
      </trkpt>
      <trkpt lat="31.2864924408495426177978515625" lon="121.36429234407842159271240234375">
        <ele>7.19999980926513671875</ele>
        <time>2026-08-10T13:02:45.000Z</time>
        <extensions>
          <ns3:TrackPointExtension>
            <ns3:hr>100</ns3:hr>
          </ns3:TrackPointExtension>
        </extensions>
      </trkpt>
      <trkpt lat="31.28660970367491245269775390625" lon="121.3643784262239933013916015625">
        <ele>6.80000019073486328125</ele>
        <time>2026-08-10T13:02:49.000Z</time>
        <extensions>
          <ns3:TrackPointExtension>
            <ns3:hr>99</ns3:hr>
          </ns3:TrackPointExtension>
        </extensions>
      </trkpt>
      <trkpt lat="31.28661439754068851470947265625" lon="121.36453860439360141754150390625">
        <ele>6.80000019073486328125</ele>
        <time>2026-08-10T13:02:53.000Z</time>
        <extensions>
          <ns3:TrackPointExtension>
            <ns3:hr>100</ns3:hr>
          </ns3:TrackPointExtension>
        </extensions>
      </trkpt>
      <trkpt lat="31.2865774333477020263671875" lon="121.36490439064800739288330078125">
        <ele>7.80000019073486328125</ele>
        <time>2026-08-10T13:03:01.000Z</time>
        <extensions>
          <ns3:TrackPointExtension>
            <ns3:hr>102</ns3:hr>
          </ns3:TrackPointExtension>
        </extensions>
      </trkpt>
      <trkpt lat="31.28656729124486446380615234375" lon="121.36504855938255786895751953125">
        <ele>8.6000003814697265625</ele>
        <time>2026-08-10T13:03:04.000Z</time>
        <extensions>
          <ns3:TrackPointExtension>
            <ns3:hr>104</ns3:hr>
          </ns3:TrackPointExtension>
        </extensions>
      </trkpt>
      <trkpt lat="31.28654331900179386138916015625" lon="121.36527000926434993743896484375">
        <ele>7.80000019073486328125</ele>
        <time>2026-08-10T13:03:09.000Z</time>
        <extensions>
          <ns3:TrackPointExtension>
            <ns3:hr>105</ns3:hr>
          </ns3:TrackPointExtension>
        </extensions>
      </trkpt>
      <trkpt lat="31.286522448062896728515625" lon="121.3655813969671726226806640625">
        <ele>7.80000019073486328125</ele>
        <time>2026-08-10T13:03:16.000Z</time>
        <extensions>
          <ns3:TrackPointExtension>
            <ns3:hr>106</ns3:hr>
          </ns3:TrackPointExtension>
        </extensions>
      </trkpt>
      <trkpt lat="31.2865068577229976654052734375" lon="121.36583293788135051727294921875">
        <ele>9.6000003814697265625</ele>
        <time>2026-08-10T13:03:22.000Z</time>
        <extensions>
          <ns3:TrackPointExtension>
            <ns3:hr>109</ns3:hr>
          </ns3:TrackPointExtension>
        </extensions>
      </trkpt>
      <trkpt lat="31.2864924408495426177978515625" lon="121.36597014963626861572265625">
        <ele>9.6000003814697265625</ele>
        <time>2026-08-10T13:03:25.000Z</time>
        <extensions>
          <ns3:TrackPointExtension>
            <ns3:hr>110</ns3:hr>
          </ns3:TrackPointExtension>
        </extensions>
      </trkpt>
      <trkpt lat="31.2864632718265056610107421875" lon="121.36626829393208026885986328125">
        <ele>9.6000003814697265625</ele>
        <time>2026-08-10T13:03:32.000Z</time>
        <extensions>
          <ns3:TrackPointExtension>
            <ns3:hr>110</ns3:hr>
          </ns3:TrackPointExtension>
        </extensions>
      </trkpt>
      <trkpt lat="31.28644357435405254364013671875" lon="121.36645001359283924102783203125">
        <ele>9.6000003814697265625</ele>
        <time>2026-08-10T13:03:36.000Z</time>
        <extensions>
          <ns3:TrackPointExtension>
            <ns3:hr>113</ns3:hr>
          </ns3:TrackPointExtension>
        </extensions>
      </trkpt>
      <trkpt lat="31.28643301315605640411376953125" lon="121.3667116127908229827880859375">
        <ele>9.3999996185302734375</ele>
        <time>2026-08-10T13:03:42.000Z</time>
        <extensions>
          <ns3:TrackPointExtension>
            <ns3:hr>112</ns3:hr>
          </ns3:TrackPointExtension>
        </extensions>
      </trkpt>
      <trkpt lat="31.2863962166011333465576171875" lon="121.36702199466526508331298828125">
        <ele>8.6000003814697265625</ele>
        <time>2026-08-10T13:03:49.000Z</time>
        <extensions>
          <ns3:TrackPointExtension>
            <ns3:hr>111</ns3:hr>
          </ns3:TrackPointExtension>
        </extensions>
      </trkpt>
      <trkpt lat="31.28639437258243560791015625" lon="121.36706314980983734130859375">
        <ele>8.3999996185302734375</ele>
        <time>2026-08-10T13:03:50.000Z</time>
        <extensions>
          <ns3:TrackPointExtension>
            <ns3:hr>110</ns3:hr>
          </ns3:TrackPointExtension>
        </extensions>
      </trkpt>
      <trkpt lat="31.2863871641457080841064453125" lon="121.367375962436199188232421875">
        <ele>7.599999904632568359375</ele>
        <time>2026-08-10T13:03:57.000Z</time>
        <extensions>
          <ns3:TrackPointExtension>
            <ns3:hr>110</ns3:hr>
          </ns3:TrackPointExtension>
        </extensions>
      </trkpt>
      <trkpt lat="31.28638959489762783050537109375" lon="121.36741879396140575408935546875">
        <ele>7.400000095367431640625</ele>
        <time>2026-08-10T13:03:58.000Z</time>
        <extensions>
          <ns3:TrackPointExtension>
            <ns3:hr>110</ns3:hr>
          </ns3:TrackPointExtension>
        </extensions>
      </trkpt>
      <trkpt lat="31.28640216775238513946533203125" lon="121.3677231408655643463134765625">
        <ele>7.80000019073486328125</ele>
        <time>2026-08-10T13:04:05.000Z</time>
        <extensions>
          <ns3:TrackPointExtension>
            <ns3:hr>109</ns3:hr>
          </ns3:TrackPointExtension>
        </extensions>
      </trkpt>
      <trkpt lat="31.2863499484956264495849609375" lon="121.3680443353950977325439453125">
        <ele>8.19999980926513671875</ele>
        <time>2026-08-10T13:04:12.000Z</time>
        <extensions>
          <ns3:TrackPointExtension>
            <ns3:hr>108</ns3:hr>
          </ns3:TrackPointExtension>
        </extensions>
      </trkpt>
      <trkpt lat="31.2863278202712535858154296875" lon="121.36816344223916530609130859375">
        <ele>8.3999996185302734375</ele>
        <time>2026-08-10T13:04:14.000Z</time>
        <extensions>
          <ns3:TrackPointExtension>
            <ns3:hr>109</ns3:hr>
          </ns3:TrackPointExtension>
        </extensions>
      </trkpt>
      <trkpt lat="31.28631516359746456146240234375" lon="121.368437446653842926025390625">
        <ele>8</ele>
        <time>2026-08-10T13:04:20.000Z</time>
        <extensions>
          <ns3:TrackPointExtension>
            <ns3:hr>108</ns3:hr>
          </ns3:TrackPointExtension>
        </extensions>
      </trkpt>
      <trkpt lat="31.28617619164288043975830078125" lon="121.3695011101663112640380859375">
        <ele>8.80000019073486328125</ele>
        <time>2026-08-10T13:04:46.000Z</time>
        <extensions>
          <ns3:TrackPointExtension>
            <ns3:hr>114</ns3:hr>
          </ns3:TrackPointExtension>
        </extensions>
      </trkpt>
      <trkpt lat="31.28620066680014133453369140625" lon="121.369652487337589263916015625">
        <ele>8.80000019073486328125</ele>
        <time>2026-08-10T13:04:48.000Z</time>
        <extensions>
          <ns3:TrackPointExtension>
            <ns3:hr>115</ns3:hr>
          </ns3:TrackPointExtension>
        </extensions>
      </trkpt>
      <trkpt lat="31.2862188555300235748291015625" lon="121.3699892722070217132568359375">
        <ele>8.19999980926513671875</ele>
        <time>2026-08-10T13:04:56.000Z</time>
        <extensions>
          <ns3:TrackPointExtension>
            <ns3:hr>112</ns3:hr>
          </ns3:TrackPointExtension>
        </extensions>
      </trkpt>
      <trkpt lat="31.28621407784521579742431640625" lon="121.370035707950592041015625">
        <ele>8.3999996185302734375</ele>
        <time>2026-08-10T13:04:57.000Z</time>
        <extensions>
          <ns3:TrackPointExtension>
            <ns3:hr>112</ns3:hr>
          </ns3:TrackPointExtension>
        </extensions>
      </trkpt>
      <trkpt lat="31.28615590743720531463623046875" lon="121.37034508399665355682373046875">
        <ele>7.80000019073486328125</ele>
        <time>2026-08-10T13:05:05.000Z</time>
        <extensions>
          <ns3:TrackPointExtension>
            <ns3:hr>110</ns3:hr>
          </ns3:TrackPointExtension>
        </extensions>
      </trkpt>
      <trkpt lat="31.28606018610298633575439453125" lon="121.3704388774931430816650390625">
        <ele>7.80000019073486328125</ele>
        <time>2026-08-10T13:05:10.000Z</time>
        <extensions>
          <ns3:TrackPointExtension>
            <ns3:hr>113</ns3:hr>
          </ns3:TrackPointExtension>
        </extensions>
      </trkpt>
      <trkpt lat="31.2858859263360500335693359375" lon="121.370526216924190521240234375">
        <ele>7.599999904632568359375</ele>
        <time>2026-08-10T13:05:16.000Z</time>
        <extensions>
          <ns3:TrackPointExtension>
            <ns3:hr>108</ns3:hr>
          </ns3:TrackPointExtension>
        </extensions>
      </trkpt>
      <trkpt lat="31.28565634600818157196044921875" lon="121.37051339261233806610107421875">
        <ele>8</ele>
        <time>2026-08-10T13:05:23.000Z</time>
        <extensions>
          <ns3:TrackPointExtension>
            <ns3:hr>105</ns3:hr>
          </ns3:TrackPointExtension>
        </extensions>
      </trkpt>
      <trkpt lat="31.2856180407106876373291015625" lon="121.3705139793455600738525390625">
        <ele>8.19999980926513671875</ele>
        <time>2026-08-10T13:05:24.000Z</time>
        <extensions>
          <ns3:TrackPointExtension>
            <ns3:hr>104</ns3:hr>
          </ns3:TrackPointExtension>
        </extensions>
      </trkpt>
      <trkpt lat="31.285510249435901641845703125" lon="121.37049864046275615692138671875">
        <ele>8.3999996185302734375</ele>
        <time>2026-08-10T13:05:28.000Z</time>
        <extensions>
          <ns3:TrackPointExtension>
            <ns3:hr>101</ns3:hr>
          </ns3:TrackPointExtension>
        </extensions>
      </trkpt>
      <trkpt lat="31.28545836545526981353759765625" lon="121.37048690579831600189208984375">
        <ele>8.3999996185302734375</ele>
        <time>2026-08-10T13:05:30.000Z</time>
        <extensions>
          <ns3:TrackPointExtension>
            <ns3:hr>99</ns3:hr>
          </ns3:TrackPointExtension>
        </extensions>
      </trkpt>
      <trkpt lat="31.2852613069117069244384765625" lon="121.370464526116847991943359375">
        <ele>8.80000019073486328125</ele>
        <time>2026-08-10T13:05:38.000Z</time>
        <extensions>
          <ns3:TrackPointExtension>
            <ns3:hr>99</ns3:hr>
          </ns3:TrackPointExtension>
        </extensions>
      </trkpt>
      <trkpt lat="31.285156868398189544677734375" lon="121.3704385422170162200927734375">
        <ele>8.6000003814697265625</ele>
        <time>2026-08-10T13:05:43.000Z</time>
        <extensions>
          <ns3:TrackPointExtension>
            <ns3:hr>96</ns3:hr>
          </ns3:TrackPointExtension>
        </extensions>
      </trkpt>
      <trkpt lat="31.285140104591846466064453125" lon="121.37043460272252559661865234375">
        <ele>8.6000003814697265625</ele>
        <time>2026-08-10T13:05:44.000Z</time>
        <extensions>
          <ns3:TrackPointExtension>
            <ns3:hr>93</ns3:hr>
          </ns3:TrackPointExtension>
        </extensions>
      </trkpt>
      <trkpt lat="31.28509358502924442291259765625" lon="121.370426304638385772705078125">
        <ele>8.6000003814697265625</ele>
        <time>2026-08-10T13:05:46.000Z</time>
        <extensions>
          <ns3:TrackPointExtension>
            <ns3:hr>91</ns3:hr>
          </ns3:TrackPointExtension>
        </extensions>
      </trkpt>
      <trkpt lat="31.28490230999886989593505859375" lon="121.3704147376120090484619140625">
        <ele>8.6000003814697265625</ele>
        <time>2026-08-10T13:05:51.000Z</time>
        <extensions>
          <ns3:TrackPointExtension>
            <ns3:hr>90</ns3:hr>
          </ns3:TrackPointExtension>
        </extensions>
      </trkpt>
      <trkpt lat="31.28478798083961009979248046875" lon="121.3704152405261993408203125">
        <ele>8.6000003814697265625</ele>
        <time>2026-08-10T13:05:54.000Z</time>
        <extensions>
          <ns3:TrackPointExtension>
            <ns3:hr>95</ns3:hr>
          </ns3:TrackPointExtension>
        </extensions>
      </trkpt>
      <trkpt lat="31.284664012491703033447265625" lon="121.37041146866977214813232421875">
        <ele>8.19999980926513671875</ele>
        <time>2026-08-10T13:05:57.000Z</time>
        <extensions>
          <ns3:TrackPointExtension>
            <ns3:hr>98</ns3:hr>
          </ns3:TrackPointExtension>
        </extensions>
      </trkpt>
      <trkpt lat="31.28454524092376232147216796875" lon="121.37040509842336177825927734375">
        <ele>7.599999904632568359375</ele>
        <time>2026-08-10T13:06:00.000Z</time>
        <extensions>
          <ns3:TrackPointExtension>
            <ns3:hr>99</ns3:hr>
          </ns3:TrackPointExtension>
        </extensions>
      </trkpt>
      <trkpt lat="31.2844102084636688232421875" lon="121.37040040455758571624755859375">
        <ele>7.19999980926513671875</ele>
        <time>2026-08-10T13:06:03.000Z</time>
        <extensions>
          <ns3:TrackPointExtension>
            <ns3:hr>102</ns3:hr>
          </ns3:TrackPointExtension>
        </extensions>
      </trkpt>
      <trkpt lat="31.28414173610508441925048828125" lon="121.37038330547511577606201171875">
        <ele>7.19999980926513671875</ele>
        <time>2026-08-10T13:06:09.000Z</time>
        <extensions>
          <ns3:TrackPointExtension>
            <ns3:hr>102</ns3:hr>
          </ns3:TrackPointExtension>
        </extensions>
      </trkpt>
      <trkpt lat="31.2840962223708629608154296875" lon="121.3703805394470691680908203125">
        <ele>7</ele>
        <time>2026-08-10T13:06:10.000Z</time>
        <extensions>
          <ns3:TrackPointExtension>
            <ns3:hr>102</ns3:hr>
          </ns3:TrackPointExtension>
        </extensions>
      </trkpt>
      <trkpt lat="31.283638738095760345458984375" lon="121.3703312538564205169677734375">
        <ele>7</ele>
        <time>2026-08-10T13:06:20.000Z</time>
        <extensions>
          <ns3:TrackPointExtension>
            <ns3:hr>103</ns3:hr>
          </ns3:TrackPointExtension>
        </extensions>
      </trkpt>
      <trkpt lat="31.28349515609443187713623046875" lon="121.3703118078410625457763671875">
        <ele>8</ele>
        <time>2026-08-10T13:06:23.000Z</time>
        <extensions>
          <ns3:TrackPointExtension>
            <ns3:hr>104</ns3:hr>
          </ns3:TrackPointExtension>
        </extensions>
      </trkpt>
      <trkpt lat="31.2834032066166400909423828125" lon="121.370301581919193267822265625">
        <ele>9</ele>
        <time>2026-08-10T13:06:25.000Z</time>
        <extensions>
          <ns3:TrackPointExtension>
            <ns3:hr>103</ns3:hr>
          </ns3:TrackPointExtension>
        </extensions>
      </trkpt>
      <trkpt lat="31.28327722661197185516357421875" lon="121.37027685530483722686767578125">
        <ele>10.3999996185302734375</ele>
        <time>2026-08-10T13:06:28.000Z</time>
        <extensions>
          <ns3:TrackPointExtension>
            <ns3:hr>104</ns3:hr>
          </ns3:TrackPointExtension>
        </extensions>
      </trkpt>
      <trkpt lat="31.2832380831241607666015625" lon="121.37027031742036342620849609375">
        <ele>10.3999996185302734375</ele>
        <time>2026-08-10T13:06:29.000Z</time>
        <extensions>
          <ns3:TrackPointExtension>
            <ns3:hr>104</ns3:hr>
          </ns3:TrackPointExtension>
        </extensions>
      </trkpt>
      <trkpt lat="31.2830932438373565673828125" lon="121.3702346943318843841552734375">
        <ele>10.3999996185302734375</ele>
        <time>2026-08-10T13:06:34.000Z</time>
        <extensions>
          <ns3:TrackPointExtension>
            <ns3:hr>104</ns3:hr>
          </ns3:TrackPointExtension>
        </extensions>
      </trkpt>
      <trkpt lat="31.28299341537058353424072265625" lon="121.37024299241602420806884765625">
        <ele>9.19999980926513671875</ele>
        <time>2026-08-10T13:06:37.000Z</time>
        <extensions>
          <ns3:TrackPointExtension>
            <ns3:hr>102</ns3:hr>
          </ns3:TrackPointExtension>
        </extensions>
      </trkpt>
      <trkpt lat="31.28291479311883449554443359375" lon="121.3702564872801303863525390625">
        <ele>8.80000019073486328125</ele>
        <time>2026-08-10T13:06:39.000Z</time>
        <extensions>
          <ns3:TrackPointExtension>
            <ns3:hr>101</ns3:hr>
          </ns3:TrackPointExtension>
        </extensions>
      </trkpt>
      <trkpt lat="31.2828707881271839141845703125" lon="121.37025238014757633209228515625">
        <ele>8.3999996185302734375</ele>
        <time>2026-08-10T13:06:40.000Z</time>
        <extensions>
          <ns3:TrackPointExtension>
            <ns3:hr>101</ns3:hr>
          </ns3:TrackPointExtension>
        </extensions>
      </trkpt>
      <trkpt lat="31.28276978619396686553955078125" lon="121.37024718336760997772216796875">
        <ele>8</ele>
        <time>2026-08-10T13:06:42.000Z</time>
        <extensions>
          <ns3:TrackPointExtension>
            <ns3:hr>102</ns3:hr>
          </ns3:TrackPointExtension>
        </extensions>
      </trkpt>
      <trkpt lat="31.282611452043056488037109375" lon="121.37023125775158405303955078125">
        <ele>7.599999904632568359375</ele>
        <time>2026-08-10T13:06:45.000Z</time>
        <extensions>
          <ns3:TrackPointExtension>
            <ns3:hr>104</ns3:hr>
          </ns3:TrackPointExtension>
        </extensions>
      </trkpt>
      <trkpt lat="31.28246217034757137298583984375" lon="121.37022471986711025238037109375">
        <ele>8</ele>
        <time>2026-08-10T13:06:48.000Z</time>
        <extensions>
          <ns3:TrackPointExtension>
            <ns3:hr>107</ns3:hr>
          </ns3:TrackPointExtension>
        </extensions>
      </trkpt>
      <trkpt lat="31.2822505272924900054931640625" lon="121.3702105544507503509521484375">
        <ele>7.599999904632568359375</ele>
        <time>2026-08-10T13:06:52.000Z</time>
        <extensions>
          <ns3:TrackPointExtension>
            <ns3:hr>109</ns3:hr>
          </ns3:TrackPointExtension>
        </extensions>
      </trkpt>
      <trkpt lat="31.2819063663482666015625" lon="121.3701832294464111328125">
        <ele>9</ele>
        <time>2026-08-10T13:06:59.000Z</time>
        <extensions>
          <ns3:TrackPointExtension>
            <ns3:hr>108</ns3:hr>
          </ns3:TrackPointExtension>
        </extensions>
      </trkpt>
      <trkpt lat="31.28186143934726715087890625" lon="121.37017845176160335540771484375">
        <ele>9.19999980926513671875</ele>
        <time>2026-08-10T13:07:00.000Z</time>
        <extensions>
          <ns3:TrackPointExtension>
            <ns3:hr>109</ns3:hr>
          </ns3:TrackPointExtension>
        </extensions>
      </trkpt>
      <trkpt lat="31.28145734779536724090576171875" lon="121.37015397660434246063232421875">
        <ele>8.6000003814697265625</ele>
        <time>2026-08-10T13:07:09.000Z</time>
        <extensions>
          <ns3:TrackPointExtension>
            <ns3:hr>108</ns3:hr>
          </ns3:TrackPointExtension>
        </extensions>
      </trkpt>
      <trkpt lat="31.28117135725915431976318359375" lon="121.37013386003673076629638671875">
        <ele>8.80000019073486328125</ele>
        <time>2026-08-10T13:07:15.000Z</time>
        <extensions>
          <ns3:TrackPointExtension>
            <ns3:hr>111</ns3:hr>
          </ns3:TrackPointExtension>
        </extensions>
      </trkpt>
      <trkpt lat="31.28107429482042789459228515625" lon="121.37012899853289127349853515625">
        <ele>8.3999996185302734375</ele>
        <time>2026-08-10T13:07:17.000Z</time>
        <extensions>
          <ns3:TrackPointExtension>
            <ns3:hr>112</ns3:hr>
          </ns3:TrackPointExtension>
        </extensions>
      </trkpt>
      <trkpt lat="31.2809206545352935791015625" lon="121.3701072894036769866943359375">
        <ele>8</ele>
        <time>2026-08-10T13:07:20.000Z</time>
        <extensions>
          <ns3:TrackPointExtension>
            <ns3:hr>112</ns3:hr>
          </ns3:TrackPointExtension>
        </extensions>
      </trkpt>
      <trkpt lat="31.2806814350187778472900390625" lon="121.370093710720539093017578125">
        <ele>8.3999996185302734375</ele>
        <time>2026-08-10T13:07:25.000Z</time>
        <extensions>
          <ns3:TrackPointExtension>
            <ns3:hr>112</ns3:hr>
          </ns3:TrackPointExtension>
        </extensions>
      </trkpt>
      <trkpt lat="31.28034221939742565155029296875" lon="121.370038054883480072021484375">
        <ele>7.80000019073486328125</ele>
        <time>2026-08-10T13:07:32.000Z</time>
        <extensions>
          <ns3:TrackPointExtension>
            <ns3:hr>112</ns3:hr>
          </ns3:TrackPointExtension>
        </extensions>
      </trkpt>
      <trkpt lat="31.27994709648191928863525390625" lon="121.36999958194792270660400390625">
        <ele>8.3999996185302734375</ele>
        <time>2026-08-10T13:07:41.000Z</time>
        <extensions>
          <ns3:TrackPointExtension>
            <ns3:hr>114</ns3:hr>
          </ns3:TrackPointExtension>
        </extensions>
      </trkpt>
      <trkpt lat="31.27969882450997829437255859375" lon="121.369979046285152435302734375">
        <ele>8</ele>
        <time>2026-08-10T13:07:47.000Z</time>
        <extensions>
          <ns3:TrackPointExtension>
            <ns3:hr>114</ns3:hr>
          </ns3:TrackPointExtension>
        </extensions>
      </trkpt>
      <trkpt lat="31.27932650037109851837158203125" lon="121.3699021004140377044677734375">
        <ele>8</ele>
        <time>2026-08-10T13:07:54.000Z</time>
        <extensions>
          <ns3:TrackPointExtension>
            <ns3:hr>114</ns3:hr>
          </ns3:TrackPointExtension>
        </extensions>
      </trkpt>
      <trkpt lat="31.27879005856812000274658203125" lon="121.36983898468315601348876953125">
        <ele>7.80000019073486328125</ele>
        <time>2026-08-10T13:08:07.000Z</time>
        <extensions>
          <ns3:TrackPointExtension>
            <ns3:hr>116</ns3:hr>
          </ns3:TrackPointExtension>
        </extensions>
      </trkpt>
      <trkpt lat="31.2782811932265758514404296875" lon="121.3697763718664646148681640625">
        <ele>8.19999980926513671875</ele>
        <time>2026-08-10T13:08:18.000Z</time>
        <extensions>
          <ns3:TrackPointExtension>
            <ns3:hr>114</ns3:hr>
          </ns3:TrackPointExtension>
        </extensions>
      </trkpt>
      <trkpt lat="31.27792689017951488494873046875" lon="121.36971719563007354736328125">
        <ele>8.6000003814697265625</ele>
        <time>2026-08-10T13:08:26.000Z</time>
        <extensions>
          <ns3:TrackPointExtension>
            <ns3:hr>114</ns3:hr>
          </ns3:TrackPointExtension>
        </extensions>
      </trkpt>
      <trkpt lat="31.2774745188653469085693359375" lon="121.36965592391788959503173828125">
        <ele>7.80000019073486328125</ele>
        <time>2026-08-10T13:08:36.000Z</time>
        <extensions>
          <ns3:TrackPointExtension>
            <ns3:hr>112</ns3:hr>
          </ns3:TrackPointExtension>
        </extensions>
      </trkpt>
      <trkpt lat="31.27729975618422031402587890625" lon="121.3696288503706455230712890625">
        <ele>6.80000019073486328125</ele>
        <time>2026-08-10T13:08:40.000Z</time>
        <extensions>
          <ns3:TrackPointExtension>
            <ns3:hr>112</ns3:hr>
          </ns3:TrackPointExtension>
        </extensions>
      </trkpt>
      <trkpt lat="31.27716631628572940826416015625" lon="121.3696094043552875518798828125">
        <ele>8</ele>
        <time>2026-08-10T13:08:43.000Z</time>
        <extensions>
          <ns3:TrackPointExtension>
            <ns3:hr>111</ns3:hr>
          </ns3:TrackPointExtension>
        </extensions>
      </trkpt>
      <trkpt lat="31.2770725227892398834228515625" lon="121.36960261501371860504150390625">
        <ele>9.19999980926513671875</ele>
        <time>2026-08-10T13:08:45.000Z</time>
        <extensions>
          <ns3:TrackPointExtension>
            <ns3:hr>111</ns3:hr>
          </ns3:TrackPointExtension>
        </extensions>
      </trkpt>
      <trkpt lat="31.27656885422766208648681640625" lon="121.369557939469814300537109375">
        <ele>8.3999996185302734375</ele>
        <time>2026-08-10T13:08:54.000Z</time>
        <extensions>
          <ns3:TrackPointExtension>
            <ns3:hr>112</ns3:hr>
          </ns3:TrackPointExtension>
        </extensions>
      </trkpt>
      <trkpt lat="31.27608018927276134490966796875" lon="121.3694823347032070159912109375">
        <ele>9.19999980926513671875</ele>
        <time>2026-08-10T13:09:05.000Z</time>
        <extensions>
          <ns3:TrackPointExtension>
            <ns3:hr>114</ns3:hr>
          </ns3:TrackPointExtension>
        </extensions>
      </trkpt>
      <trkpt lat="31.2755802087485790252685546875" lon="121.36940832249820232391357421875">
        <ele>8.3999996185302734375</ele>
        <time>2026-08-10T13:09:15.000Z</time>
        <extensions>
          <ns3:TrackPointExtension>
            <ns3:hr>113</ns3:hr>
          </ns3:TrackPointExtension>
        </extensions>
      </trkpt>
      <trkpt lat="31.275038234889507293701171875" lon="121.36933422647416591644287109375">
        <ele>8.3999996185302734375</ele>
        <time>2026-08-10T13:09:26.000Z</time>
        <extensions>
          <ns3:TrackPointExtension>
            <ns3:hr>114</ns3:hr>
          </ns3:TrackPointExtension>
        </extensions>
      </trkpt>
      <trkpt lat="31.27464336343109607696533203125" lon="121.36928678490221500396728515625">
        <ele>8.19999980926513671875</ele>
        <time>2026-08-10T13:09:34.000Z</time>
        <extensions>
          <ns3:TrackPointExtension>
            <ns3:hr>114</ns3:hr>
          </ns3:TrackPointExtension>
        </extensions>
      </trkpt>
      <trkpt lat="31.27446164377033710479736328125" lon="121.3692788220942020416259765625">
        <ele>7.80000019073486328125</ele>
        <time>2026-08-10T13:09:38.000Z</time>
        <extensions>
          <ns3:TrackPointExtension>
            <ns3:hr>114</ns3:hr>
          </ns3:TrackPointExtension>
        </extensions>
      </trkpt>
      <trkpt lat="31.2740131281316280364990234375" lon="121.3692176342010498046875">
        <ele>8</ele>
        <time>2026-08-10T13:09:48.000Z</time>
        <extensions>
          <ns3:TrackPointExtension>
            <ns3:hr>114</ns3:hr>
          </ns3:TrackPointExtension>
        </extensions>
      </trkpt>
      <trkpt lat="31.27392671070992946624755859375" lon="121.3691775687038898468017578125">
        <ele>8.19999980926513671875</ele>
        <time>2026-08-10T13:09:50.000Z</time>
        <extensions>
          <ns3:TrackPointExtension>
            <ns3:hr>114</ns3:hr>
          </ns3:TrackPointExtension>
        </extensions>
      </trkpt>
      <trkpt lat="31.27385613508522510528564453125" lon="121.36910188011825084686279296875">
        <ele>8.19999980926513671875</ele>
        <time>2026-08-10T13:09:52.000Z</time>
        <extensions>
          <ns3:TrackPointExtension>
            <ns3:hr>113</ns3:hr>
          </ns3:TrackPointExtension>
        </extensions>
      </trkpt>
      <trkpt lat="31.27382009290158748626708984375" lon="121.36898855678737163543701171875">
        <ele>8</ele>
        <time>2026-08-10T13:09:54.000Z</time>
        <extensions>
          <ns3:TrackPointExtension>
            <ns3:hr>112</ns3:hr>
          </ns3:TrackPointExtension>
        </extensions>
      </trkpt>
      <trkpt lat="31.27381883561611175537109375" lon="121.36893189512193202972412109375">
        <ele>8</ele>
        <time>2026-08-10T13:09:55.000Z</time>
        <extensions>
          <ns3:TrackPointExtension>
            <ns3:hr>112</ns3:hr>
          </ns3:TrackPointExtension>
        </extensions>
      </trkpt>
      <trkpt lat="31.2738377787172794342041015625" lon="121.368506513535976409912109375">
        <ele>8.19999980926513671875</ele>
        <time>2026-08-10T13:10:03.000Z</time>
        <extensions>
          <ns3:TrackPointExtension>
            <ns3:hr>110</ns3:hr>
          </ns3:TrackPointExtension>
        </extensions>
      </trkpt>
      <trkpt lat="31.27387574873864650726318359375" lon="121.3678736798465251922607421875">
        <ele>8.6000003814697265625</ele>
        <time>2026-08-10T13:10:14.000Z</time>
        <extensions>
          <ns3:TrackPointExtension>
            <ns3:hr>111</ns3:hr>
          </ns3:TrackPointExtension>
        </extensions>
      </trkpt>
      <trkpt lat="31.27391782589256763458251953125" lon="121.3673690892755985260009765625">
        <ele>8.19999980926513671875</ele>
        <time>2026-08-10T13:10:23.000Z</time>
        <extensions>
          <ns3:TrackPointExtension>
            <ns3:hr>110</ns3:hr>
          </ns3:TrackPointExtension>
        </extensions>
      </trkpt>
      <trkpt lat="31.2739977054297924041748046875" lon="121.36689073406159877777099609375">
        <ele>8.3999996185302734375</ele>
        <time>2026-08-10T13:10:32.000Z</time>
        <extensions>
          <ns3:TrackPointExtension>
            <ns3:hr>110</ns3:hr>
          </ns3:TrackPointExtension>
        </extensions>
      </trkpt>
      <trkpt lat="31.27415545284748077392578125" lon="121.3663716427981853485107421875">
        <ele>8.80000019073486328125</ele>
        <time>2026-08-10T13:10:42.000Z</time>
        <extensions>
          <ns3:TrackPointExtension>
            <ns3:hr>110</ns3:hr>
          </ns3:TrackPointExtension>
        </extensions>
      </trkpt>
      <trkpt lat="31.274308003485202789306640625" lon="121.36597828008234500885009765625">
        <ele>7.400000095367431640625</ele>
        <time>2026-08-10T13:10:50.000Z</time>
        <extensions>
          <ns3:TrackPointExtension>
            <ns3:hr>110</ns3:hr>
          </ns3:TrackPointExtension>
        </extensions>
      </trkpt>
      <trkpt lat="31.2743318080902099609375" lon="121.365927569568157196044921875">
        <ele>7.19999980926513671875</ele>
        <time>2026-08-10T13:10:51.000Z</time>
        <extensions>
          <ns3:TrackPointExtension>
            <ns3:hr>111</ns3:hr>
          </ns3:TrackPointExtension>
        </extensions>
      </trkpt>
      <trkpt lat="31.2743812613189220428466796875" lon="121.3658328540623188018798828125">
        <ele>7.400000095367431640625</ele>
        <time>2026-08-10T13:10:53.000Z</time>
        <extensions>
          <ns3:TrackPointExtension>
            <ns3:hr>112</ns3:hr>
          </ns3:TrackPointExtension>
        </extensions>
      </trkpt>
      <trkpt lat="31.27453641034662723541259765625" lon="121.36552582494914531707763671875">
        <ele>7.599999904632568359375</ele>
        <time>2026-08-10T13:10:59.000Z</time>
        <extensions>
          <ns3:TrackPointExtension>
            <ns3:hr>112</ns3:hr>
          </ns3:TrackPointExtension>
        </extensions>
      </trkpt>
      <trkpt lat="31.27473212778568267822265625" lon="121.36512751691043376922607421875">
        <ele>6.80000019073486328125</ele>
        <time>2026-08-10T13:11:07.000Z</time>
        <extensions>
          <ns3:TrackPointExtension>
            <ns3:hr>111</ns3:hr>
          </ns3:TrackPointExtension>
        </extensions>
      </trkpt>
      <trkpt lat="31.274977214634418487548828125" lon="121.36468009091913700103759765625">
        <ele>6.400000095367431640625</ele>
        <time>2026-08-10T13:11:16.000Z</time>
        <extensions>
          <ns3:TrackPointExtension>
            <ns3:hr>110</ns3:hr>
          </ns3:TrackPointExtension>
        </extensions>
      </trkpt>
      <trkpt lat="31.27515918575227260589599609375" lon="121.3642449863255023956298828125">
        <ele>6.400000095367431640625</ele>
        <time>2026-08-10T13:11:24.000Z</time>
        <extensions>
          <ns3:TrackPointExtension>
            <ns3:hr>110</ns3:hr>
          </ns3:TrackPointExtension>
        </extensions>
      </trkpt>
      <trkpt lat="31.27542204223573207855224609375" lon="121.36373930610716342926025390625">
        <ele>6.400000095367431640625</ele>
        <time>2026-08-10T13:11:34.000Z</time>
        <extensions>
          <ns3:TrackPointExtension>
            <ns3:hr>110</ns3:hr>
          </ns3:TrackPointExtension>
        </extensions>
      </trkpt>
      <trkpt lat="31.27567936666309833526611328125" lon="121.363225914537906646728515625">
        <ele>6.599999904632568359375</ele>
        <time>2026-08-10T13:11:44.000Z</time>
        <extensions>
          <ns3:TrackPointExtension>
            <ns3:hr>110</ns3:hr>
          </ns3:TrackPointExtension>
        </extensions>
      </trkpt>
      <trkpt lat="31.2759480066597461700439453125" lon="121.3627691008150577545166015625">
        <ele>6.599999904632568359375</ele>
        <time>2026-08-10T13:11:53.000Z</time>
        <extensions>
          <ns3:TrackPointExtension>
            <ns3:hr>109</ns3:hr>
          </ns3:TrackPointExtension>
        </extensions>
      </trkpt>
      <trkpt lat="31.27626073546707630157470703125" lon="121.36234254576265811920166015625">
        <ele>6.400000095367431640625</ele>
        <time>2026-08-10T13:12:02.000Z</time>
        <extensions>
          <ns3:TrackPointExtension>
            <ns3:hr>108</ns3:hr>
          </ns3:TrackPointExtension>
        </extensions>
      </trkpt>
      <trkpt lat="31.27665527164936065673828125" lon="121.36187039315700531005859375">
        <ele>6.80000019073486328125</ele>
        <time>2026-08-10T13:12:13.000Z</time>
        <extensions>
          <ns3:TrackPointExtension>
            <ns3:hr>107</ns3:hr>
          </ns3:TrackPointExtension>
        </extensions>
      </trkpt>
      <trkpt lat="31.2766923196613788604736328125" lon="121.36182789690792560577392578125">
        <ele>7</ele>
        <time>2026-08-10T13:12:14.000Z</time>
        <extensions>
          <ns3:TrackPointExtension>
            <ns3:hr>108</ns3:hr>
          </ns3:TrackPointExtension>
        </extensions>
      </trkpt>
      <trkpt lat="31.2771157734096050262451171875" lon="121.36137829162180423736572265625">
        <ele>7</ele>
        <time>2026-08-10T13:12:25.000Z</time>
        <extensions>
          <ns3:TrackPointExtension>
            <ns3:hr>108</ns3:hr>
          </ns3:TrackPointExtension>
        </extensions>
      </trkpt>
      <trkpt lat="31.2772046215832233428955078125" lon="121.36131375096738338470458984375">
        <ele>7</ele>
        <time>2026-08-10T13:12:27.000Z</time>
        <extensions>
          <ns3:TrackPointExtension>
            <ns3:hr>108</ns3:hr>
          </ns3:TrackPointExtension>
        </extensions>
      </trkpt>
      <trkpt lat="31.27734602428972721099853515625" lon="121.361243762075901031494140625">
        <ele>7</ele>
        <time>2026-08-10T13:12:30.000Z</time>
        <extensions>
          <ns3:TrackPointExtension>
            <ns3:hr>109</ns3:hr>
          </ns3:TrackPointExtension>
        </extensions>
      </trkpt>
      <trkpt lat="31.27761541865766048431396484375" lon="121.36110252700746059417724609375">
        <ele>6.80000019073486328125</ele>
        <time>2026-08-10T13:12:36.000Z</time>
        <extensions>
          <ns3:TrackPointExtension>
            <ns3:hr>106</ns3:hr>
          </ns3:TrackPointExtension>
        </extensions>
      </trkpt>
      <trkpt lat="31.277714073657989501953125" lon="121.36106262914836406707763671875">
        <ele>6.599999904632568359375</ele>
        <time>2026-08-10T13:12:38.000Z</time>
        <extensions>
          <ns3:TrackPointExtension>
            <ns3:hr>105</ns3:hr>
          </ns3:TrackPointExtension>
        </extensions>
      </trkpt>
      <trkpt lat="31.27810760401189327239990234375" lon="121.3609431870281696319580078125">
        <ele>6.599999904632568359375</ele>
        <time>2026-08-10T13:12:46.000Z</time>
        <extensions>
          <ns3:TrackPointExtension>
            <ns3:hr>104</ns3:hr>
          </ns3:TrackPointExtension>
        </extensions>
      </trkpt>
      <trkpt lat="31.27846199087798595428466796875" lon="121.36091393418610095977783203125">
        <ele>6.599999904632568359375</ele>
        <time>2026-08-10T13:12:53.000Z</time>
        <extensions>
          <ns3:TrackPointExtension>
            <ns3:hr>104</ns3:hr>
          </ns3:TrackPointExtension>
        </extensions>
      </trkpt>
      <trkpt lat="31.27870255149900913238525390625" lon="121.36089214123785495758056640625">
        <ele>6.19999980926513671875</ele>
        <time>2026-08-10T13:12:58.000Z</time>
        <extensions>
          <ns3:TrackPointExtension>
            <ns3:hr>106</ns3:hr>
          </ns3:TrackPointExtension>
        </extensions>
      </trkpt>
      <trkpt lat="31.2787950038909912109375" lon="121.3608945719897747039794921875">
        <ele>6.400000095367431640625</ele>
        <time>2026-08-10T13:13:00.000Z</time>
        <extensions>
          <ns3:TrackPointExtension>
            <ns3:hr>106</ns3:hr>
          </ns3:TrackPointExtension>
        </extensions>
      </trkpt>
      <trkpt lat="31.27923882566392421722412109375" lon="121.36088258586823940277099609375">
        <ele>6.19999980926513671875</ele>
        <time>2026-08-10T13:13:09.000Z</time>
        <extensions>
          <ns3:TrackPointExtension>
            <ns3:hr>108</ns3:hr>
          </ns3:TrackPointExtension>
        </extensions>
      </trkpt>
      <trkpt lat="31.279675103724002838134765625" lon="121.36087001301348209381103515625">
        <ele>6.599999904632568359375</ele>
        <time>2026-08-10T13:13:18.000Z</time>
        <extensions>
          <ns3:TrackPointExtension>
            <ns3:hr>110</ns3:hr>
          </ns3:TrackPointExtension>
        </extensions>
      </trkpt>
      <trkpt lat="31.28010299988090991973876953125" lon="121.36086431331932544708251953125">
        <ele>6.599999904632568359375</ele>
        <time>2026-08-10T13:13:27.000Z</time>
        <extensions>
          <ns3:TrackPointExtension>
            <ns3:hr>111</ns3:hr>
          </ns3:TrackPointExtension>
        </extensions>
      </trkpt>
      <trkpt lat="31.280654110014438629150390625" lon="121.36085609905421733856201171875">
        <ele>7</ele>
        <time>2026-08-10T13:13:38.000Z</time>
        <extensions>
          <ns3:TrackPointExtension>
            <ns3:hr>113</ns3:hr>
          </ns3:TrackPointExtension>
        </extensions>
      </trkpt>
      <trkpt lat="31.2810361571609973907470703125" lon="121.36086230166256427764892578125">
        <ele>6.19999980926513671875</ele>
        <time>2026-08-10T13:13:46.000Z</time>
        <extensions>
          <ns3:TrackPointExtension>
            <ns3:hr>112</ns3:hr>
          </ns3:TrackPointExtension>
        </extensions>
      </trkpt>
      <trkpt lat="31.28137034364044666290283203125" lon="121.36083497665822505950927734375">
        <ele>6.599999904632568359375</ele>
        <time>2026-08-10T13:13:53.000Z</time>
        <extensions>
          <ns3:TrackPointExtension>
            <ns3:hr>109</ns3:hr>
          </ns3:TrackPointExtension>
        </extensions>
      </trkpt>
      <trkpt lat="31.28156547434628009796142578125" lon="121.36083413846790790557861328125">
        <ele>7.19999980926513671875</ele>
        <time>2026-08-10T13:13:57.000Z</time>
        <extensions>
          <ns3:TrackPointExtension>
            <ns3:hr>110</ns3:hr>
          </ns3:TrackPointExtension>
        </extensions>
      </trkpt>
      <trkpt lat="31.28180771134793758392333984375" lon="121.36083296500146389007568359375">
        <ele>7.19999980926513671875</ele>
        <time>2026-08-10T13:14:02.000Z</time>
        <extensions>
          <ns3:TrackPointExtension>
            <ns3:hr>110</ns3:hr>
          </ns3:TrackPointExtension>
        </extensions>
      </trkpt>
      <trkpt lat="31.28232956863939762115478515625" lon="121.36082005687057971954345703125">
        <ele>7.599999904632568359375</ele>
        <time>2026-08-10T13:14:13.000Z</time>
        <extensions>
          <ns3:TrackPointExtension>
            <ns3:hr>111</ns3:hr>
          </ns3:TrackPointExtension>
        </extensions>
      </trkpt>
      <trkpt lat="31.282676495611667633056640625" lon="121.36082475073635578155517578125">
        <ele>8.19999980926513671875</ele>
        <time>2026-08-10T13:14:20.000Z</time>
        <extensions>
          <ns3:TrackPointExtension>
            <ns3:hr>110</ns3:hr>
          </ns3:TrackPointExtension>
        </extensions>
      </trkpt>
      <trkpt lat="31.28290993161499500274658203125" lon="121.36082357726991176605224609375">
        <ele>7.19999980926513671875</ele>
        <time>2026-08-10T13:14:25.000Z</time>
        <extensions>
          <ns3:TrackPointExtension>
            <ns3:hr>108</ns3:hr>
          </ns3:TrackPointExtension>
        </extensions>
      </trkpt>
      <trkpt lat="31.2829519249498844146728515625" lon="121.36081938631832599639892578125">
        <ele>7.19999980926513671875</ele>
        <time>2026-08-10T13:14:26.000Z</time>
        <extensions>
          <ns3:TrackPointExtension>
            <ns3:hr>107</ns3:hr>
          </ns3:TrackPointExtension>
        </extensions>
      </trkpt>
      <trkpt lat="31.28299308009445667266845703125" lon="121.3608214817941188812255859375">
        <ele>7</ele>
        <time>2026-08-10T13:14:27.000Z</time>
        <extensions>
          <ns3:TrackPointExtension>
            <ns3:hr>107</ns3:hr>
          </ns3:TrackPointExtension>
        </extensions>
      </trkpt>
      <trkpt lat="31.2831973470747470855712890625" lon="121.36081955395638942718505859375">
        <ele>7.19999980926513671875</ele>
        <time>2026-08-10T13:14:32.000Z</time>
        <extensions>
          <ns3:TrackPointExtension>
            <ns3:hr>106</ns3:hr>
          </ns3:TrackPointExtension>
        </extensions>
      </trkpt>
      <trkpt lat="31.283462047576904296875" lon="121.3608182966709136962890625">
        <ele>7.400000095367431640625</ele>
        <time>2026-08-10T13:14:38.000Z</time>
        <extensions>
          <ns3:TrackPointExtension>
            <ns3:hr>108</ns3:hr>
          </ns3:TrackPointExtension>
        </extensions>
      </trkpt>
      <trkpt lat="31.28363815136253833770751953125" lon="121.3608057238161563873291015625">
        <ele>7.400000095367431640625</ele>
        <time>2026-08-10T13:14:42.000Z</time>
        <extensions>
          <ns3:TrackPointExtension>
            <ns3:hr>105</ns3:hr>
          </ns3:TrackPointExtension>
        </extensions>
      </trkpt>
      <trkpt lat="31.28384736366569995880126953125" lon="121.360813938081264495849609375">
        <ele>7.400000095367431640625</ele>
        <time>2026-08-10T13:14:46.000Z</time>
        <extensions>
          <ns3:TrackPointExtension>
            <ns3:hr>106</ns3:hr>
          </ns3:TrackPointExtension>
        </extensions>
      </trkpt>
      <trkpt lat="31.284092366695404052734375" lon="121.36081703938543796539306640625">
        <ele>6.599999904632568359375</ele>
        <time>2026-08-10T13:14:54.000Z</time>
        <extensions>
          <ns3:TrackPointExtension>
            <ns3:hr>106</ns3:hr>
          </ns3:TrackPointExtension>
        </extensions>
      </trkpt>
      <trkpt lat="31.2843258865177631378173828125" lon="121.3607976771891117095947265625">
        <ele>7.400000095367431640625</ele>
        <time>2026-08-10T13:15:01.000Z</time>
        <extensions>
          <ns3:TrackPointExtension>
            <ns3:hr>107</ns3:hr>
          </ns3:TrackPointExtension>
        </extensions>
      </trkpt>
      <trkpt lat="31.2846958637237548828125" lon="121.360787451267242431640625">
        <ele>7</ele>
        <time>2026-08-10T13:15:11.000Z</time>
        <extensions>
          <ns3:TrackPointExtension>
            <ns3:hr>109</ns3:hr>
          </ns3:TrackPointExtension>
        </extensions>
      </trkpt>
      <trkpt lat="31.28503122366964817047119140625" lon="121.36078166775405406951904296875">
        <ele>6.80000019073486328125</ele>
        <time>2026-08-10T13:15:19.000Z</time>
        <extensions>
          <ns3:TrackPointExtension>
            <ns3:hr>108</ns3:hr>
          </ns3:TrackPointExtension>
        </extensions>
      </trkpt>
      <trkpt lat="31.2852711975574493408203125" lon="121.360777057707309722900390625">
        <ele>6.19999980926513671875</ele>
        <time>2026-08-10T13:15:24.000Z</time>
        <extensions>
          <ns3:TrackPointExtension>
            <ns3:hr>108</ns3:hr>
          </ns3:TrackPointExtension>
        </extensions>
      </trkpt>
      <trkpt lat="31.285476721823215484619140625" lon="121.36077739298343658447265625">
        <ele>7.400000095367431640625</ele>
        <time>2026-08-10T13:15:28.000Z</time>
        <extensions>
          <ns3:TrackPointExtension>
            <ns3:hr>108</ns3:hr>
          </ns3:TrackPointExtension>
        </extensions>
      </trkpt>
      <trkpt lat="31.28570244647562503814697265625" lon="121.3607638143002986907958984375">
        <ele>7.599999904632568359375</ele>
        <time>2026-08-10T13:15:33.000Z</time>
        <extensions>
          <ns3:TrackPointExtension>
            <ns3:hr>105</ns3:hr>
          </ns3:TrackPointExtension>
        </extensions>
      </trkpt>
      <trkpt lat="31.28588768653571605682373046875" lon="121.36075920425355434417724609375">
        <ele>8</ele>
        <time>2026-08-10T13:15:37.000Z</time>
        <extensions>
          <ns3:TrackPointExtension>
            <ns3:hr>103</ns3:hr>
          </ns3:TrackPointExtension>
        </extensions>
      </trkpt>
      <trkpt lat="31.2862406484782695770263671875" lon="121.360760629177093505859375">
        <ele>6.599999904632568359375</ele>
        <time>2026-08-10T13:15:45.000Z</time>
        <extensions>
          <ns3:TrackPointExtension>
            <ns3:hr>102</ns3:hr>
          </ns3:TrackPointExtension>
        </extensions>
      </trkpt>
      <trkpt lat="31.2863647006452083587646484375" lon="121.360758952796459197998046875">
        <ele>6.400000095367431640625</ele>
        <time>2026-08-10T13:15:48.000Z</time>
        <extensions>
          <ns3:TrackPointExtension>
            <ns3:hr>102</ns3:hr>
          </ns3:TrackPointExtension>
        </extensions>
      </trkpt>
      <trkpt lat="31.28667139448225498199462890625" lon="121.360749565064907073974609375">
        <ele>7.19999980926513671875</ele>
        <time>2026-08-10T13:15:55.000Z</time>
        <extensions>
          <ns3:TrackPointExtension>
            <ns3:hr>100</ns3:hr>
          </ns3:TrackPointExtension>
        </extensions>
      </trkpt>
      <trkpt lat="31.2867153994739055633544921875" lon="121.3607510738074779510498046875">
        <ele>7.400000095367431640625</ele>
        <time>2026-08-10T13:15:56.000Z</time>
        <extensions>
          <ns3:TrackPointExtension>
            <ns3:hr>100</ns3:hr>
          </ns3:TrackPointExtension>
        </extensions>
      </trkpt>
      <trkpt lat="31.2867549620568752288818359375" lon="121.36076104827225208282470703125">
        <ele>7.400000095367431640625</ele>
        <time>2026-08-10T13:15:57.000Z</time>
        <extensions>
          <ns3:TrackPointExtension>
            <ns3:hr>100</ns3:hr>
          </ns3:TrackPointExtension>
        </extensions>
      </trkpt>
      <trkpt lat="31.28681019879877567291259765625" lon="121.36082030832767486572265625">
        <ele>7.400000095367431640625</ele>
        <time>2026-08-10T13:15:59.000Z</time>
        <extensions>
          <ns3:TrackPointExtension>
            <ns3:hr>100</ns3:hr>
          </ns3:TrackPointExtension>
        </extensions>
      </trkpt>
      <trkpt lat="31.28687985241413116455078125" lon="121.36095299385488033294677734375">
        <ele>7</ele>
        <time>2026-08-10T13:16:03.000Z</time>
        <extensions>
          <ns3:TrackPointExtension>
            <ns3:hr>97</ns3:hr>
          </ns3:TrackPointExtension>
        </extensions>
      </trkpt>
      <trkpt lat="31.286897622048854827880859375" lon="121.361033208668231964111328125">
        <ele>7</ele>
        <time>2026-08-10T13:16:05.000Z</time>
        <extensions>
          <ns3:TrackPointExtension>
            <ns3:hr>94</ns3:hr>
          </ns3:TrackPointExtension>
        </extensions>
      </trkpt>
      <trkpt lat="31.28689217381179332733154296875" lon="121.3611026108264923095703125">
        <ele>7.19999980926513671875</ele>
        <time>2026-08-10T13:16:07.000Z</time>
        <extensions>
          <ns3:TrackPointExtension>
            <ns3:hr>94</ns3:hr>
          </ns3:TrackPointExtension>
        </extensions>
      </trkpt>
      <trkpt lat="31.28688395954668521881103515625" lon="121.361250467598438262939453125">
        <ele>6.400000095367431640625</ele>
        <time>2026-08-10T13:16:11.000Z</time>
        <extensions>
          <ns3:TrackPointExtension>
            <ns3:hr>98</ns3:hr>
          </ns3:TrackPointExtension>
        </extensions>
      </trkpt>
      <trkpt lat="31.28686887212097644805908203125" lon="121.36140192858874797821044921875">
        <ele>5.400000095367431640625</ele>
        <time>2026-08-10T13:16:15.000Z</time>
        <extensions>
          <ns3:TrackPointExtension>
            <ns3:hr>100</ns3:hr>
          </ns3:TrackPointExtension>
        </extensions>
      </trkpt>
      <trkpt lat="31.286862082779407501220703125" lon="121.3614383898675441741943359375">
        <ele>5.19999980926513671875</ele>
        <time>2026-08-10T13:16:16.000Z</time>
        <extensions>
          <ns3:TrackPointExtension>
            <ns3:hr>101</ns3:hr>
          </ns3:TrackPointExtension>
        </extensions>
      </trkpt>
      <trkpt lat="31.2868508510291576385498046875" lon="121.361582390964031219482421875">
        <ele>6.599999904632568359375</ele>
        <time>2026-08-10T13:16:20.000Z</time>
        <extensions>
          <ns3:TrackPointExtension>
            <ns3:hr>100</ns3:hr>
          </ns3:TrackPointExtension>
        </extensions>
      </trkpt>
      <trkpt lat="31.2868483364582061767578125" lon="121.3616214506328105926513671875">
        <ele>6.599999904632568359375</ele>
        <time>2026-08-10T13:16:21.000Z</time>
        <extensions>
          <ns3:TrackPointExtension>
            <ns3:hr>99</ns3:hr>
          </ns3:TrackPointExtension>
        </extensions>
      </trkpt>
      <trkpt lat="31.286838613450527191162109375" lon="121.361743994057178497314453125">
        <ele>5</ele>
        <time>2026-08-10T13:16:24.000Z</time>
        <extensions>
          <ns3:TrackPointExtension>
            <ns3:hr>100</ns3:hr>
          </ns3:TrackPointExtension>
        </extensions>
      </trkpt>
      <trkpt lat="31.28682478331029415130615234375" lon="121.36189587414264678955078125">
        <ele>5.19999980926513671875</ele>
        <time>2026-08-10T13:16:28.000Z</time>
        <extensions>
          <ns3:TrackPointExtension>
            <ns3:hr>103</ns3:hr>
          </ns3:TrackPointExtension>
        </extensions>
      </trkpt>
      <trkpt lat="31.286816485226154327392578125" lon="121.36197206564247608184814453125">
        <ele>6.400000095367431640625</ele>
        <time>2026-08-10T13:16:30.000Z</time>
        <extensions>
          <ns3:TrackPointExtension>
            <ns3:hr>104</ns3:hr>
          </ns3:TrackPointExtension>
        </extensions>
      </trkpt>
      <trkpt lat="31.28680952824652194976806640625" lon="121.3620936870574951171875">
        <ele>6.400000095367431640625</ele>
        <time>2026-08-10T13:16:33.000Z</time>
        <extensions>
          <ns3:TrackPointExtension>
            <ns3:hr>104</ns3:hr>
          </ns3:TrackPointExtension>
        </extensions>
      </trkpt>
      <trkpt lat="31.28679561428725719451904296875" lon="121.362304575741291046142578125">
        <ele>7.599999904632568359375</ele>
        <time>2026-08-10T13:16:38.000Z</time>
        <extensions>
          <ns3:TrackPointExtension>
            <ns3:hr>104</ns3:hr>
          </ns3:TrackPointExtension>
        </extensions>
      </trkpt>
      <trkpt lat="31.2867784313857555389404296875" lon="121.3625501655042171478271484375">
        <ele>7.599999904632568359375</ele>
        <time>2026-08-10T13:16:44.000Z</time>
        <extensions>
          <ns3:TrackPointExtension>
            <ns3:hr>104</ns3:hr>
          </ns3:TrackPointExtension>
        </extensions>
      </trkpt>
      <trkpt lat="31.28674976527690887451171875" lon="121.36291754432022571563720703125">
        <ele>7.19999980926513671875</ele>
        <time>2026-08-10T13:16:53.000Z</time>
        <extensions>
          <ns3:TrackPointExtension>
            <ns3:hr>104</ns3:hr>
          </ns3:TrackPointExtension>
        </extensions>
      </trkpt>
      <trkpt lat="31.28672906197607517242431640625" lon="121.3632606156170368194580078125">
        <ele>8</ele>
        <time>2026-08-10T13:17:01.000Z</time>
        <extensions>
          <ns3:TrackPointExtension>
            <ns3:hr>107</ns3:hr>
          </ns3:TrackPointExtension>
        </extensions>
      </trkpt>
      <trkpt lat="31.286720596253871917724609375" lon="121.363336555659770965576171875">
        <ele>7.80000019073486328125</ele>
        <time>2026-08-10T13:17:03.000Z</time>
        <extensions>
          <ns3:TrackPointExtension>
            <ns3:hr>108</ns3:hr>
          </ns3:TrackPointExtension>
        </extensions>
      </trkpt>
      <trkpt lat="31.28670441918075084686279296875" lon="121.3636183552443981170654296875">
        <ele>6</ele>
        <time>2026-08-10T13:17:10.000Z</time>
        <extensions>
          <ns3:TrackPointExtension>
            <ns3:hr>108</ns3:hr>
          </ns3:TrackPointExtension>
        </extensions>
      </trkpt>
      <trkpt lat="31.286688409745693206787109375" lon="121.36378473602235317230224609375">
        <ele>6.599999904632568359375</ele>
        <time>2026-08-10T13:17:14.000Z</time>
        <extensions>
          <ns3:TrackPointExtension>
            <ns3:hr>106</ns3:hr>
          </ns3:TrackPointExtension>
        </extensions>
      </trkpt>
      <trkpt lat="31.28668002784252166748046875" lon="121.36382211931049823760986328125">
        <ele>7.19999980926513671875</ele>
        <time>2026-08-10T13:17:15.000Z</time>
        <extensions>
          <ns3:TrackPointExtension>
            <ns3:hr>106</ns3:hr>
          </ns3:TrackPointExtension>
        </extensions>
      </trkpt>
      <trkpt lat="31.2866607494652271270751953125" lon="121.36406100355088710784912109375">
        <ele>7.400000095367431640625</ele>
        <time>2026-08-10T13:17:21.000Z</time>
        <extensions>
          <ns3:TrackPointExtension>
            <ns3:hr>106</ns3:hr>
          </ns3:TrackPointExtension>
        </extensions>
      </trkpt>
      <trkpt lat="31.28663401119410991668701171875" lon="121.3642580620944499969482421875">
        <ele>6</ele>
        <time>2026-08-10T13:17:26.000Z</time>
        <extensions>
          <ns3:TrackPointExtension>
            <ns3:hr>109</ns3:hr>
          </ns3:TrackPointExtension>
        </extensions>
      </trkpt>
      <trkpt lat="31.28661925904452800750732421875" lon="121.36442913673818111419677734375">
        <ele>6.19999980926513671875</ele>
        <time>2026-08-10T13:17:30.000Z</time>
        <extensions>
          <ns3:TrackPointExtension>
            <ns3:hr>110</ns3:hr>
          </ns3:TrackPointExtension>
        </extensions>
      </trkpt>
      <trkpt lat="31.28661339171230792999267578125" lon="121.36460666544735431671142578125">
        <ele>7</ele>
        <time>2026-08-10T13:17:34.000Z</time>
        <extensions>
          <ns3:TrackPointExtension>
            <ns3:hr>110</ns3:hr>
          </ns3:TrackPointExtension>
        </extensions>
      </trkpt>
      <trkpt lat="31.28658187575638294219970703125" lon="121.36486616916954517364501953125">
        <ele>7</ele>
        <time>2026-08-10T13:17:40.000Z</time>
        <extensions>
          <ns3:TrackPointExtension>
            <ns3:hr>107</ns3:hr>
          </ns3:TrackPointExtension>
        </extensions>
      </trkpt>
      <trkpt lat="31.28654214553534984588623046875" lon="121.3653297722339630126953125">
        <ele>7.19999980926513671875</ele>
        <time>2026-08-10T13:17:51.000Z</time>
        <extensions>
          <ns3:TrackPointExtension>
            <ns3:hr>108</ns3:hr>
          </ns3:TrackPointExtension>
        </extensions>
      </trkpt>
      <trkpt lat="31.28652806393802165985107421875" lon="121.365540325641632080078125">
        <ele>8.19999980926513671875</ele>
        <time>2026-08-10T13:17:56.000Z</time>
        <extensions>
          <ns3:TrackPointExtension>
            <ns3:hr>108</ns3:hr>
          </ns3:TrackPointExtension>
        </extensions>
      </trkpt>
      <trkpt lat="31.28651247359812259674072265625" lon="121.36570653878152370452880859375">
        <ele>8.3999996185302734375</ele>
        <time>2026-08-10T13:18:00.000Z</time>
        <extensions>
          <ns3:TrackPointExtension>
            <ns3:hr>108</ns3:hr>
          </ns3:TrackPointExtension>
        </extensions>
      </trkpt>
      <trkpt lat="31.2864874117076396942138671875" lon="121.366087161004543304443359375">
        <ele>8.80000019073486328125</ele>
        <time>2026-08-10T13:18:10.000Z</time>
        <extensions>
          <ns3:TrackPointExtension>
            <ns3:hr>108</ns3:hr>
          </ns3:TrackPointExtension>
        </extensions>
      </trkpt>
      <trkpt lat="31.28646142780780792236328125" lon="121.3663803599774837493896484375">
        <ele>9</ele>
        <time>2026-08-10T13:18:18.000Z</time>
        <extensions>
          <ns3:TrackPointExtension>
            <ns3:hr>108</ns3:hr>
          </ns3:TrackPointExtension>
        </extensions>
      </trkpt>
      <trkpt lat="31.28643016330897808074951171875" lon="121.36668353341519832611083984375">
        <ele>7</ele>
        <time>2026-08-10T13:18:26.000Z</time>
        <extensions>
          <ns3:TrackPointExtension>
            <ns3:hr>110</ns3:hr>
          </ns3:TrackPointExtension>
        </extensions>
      </trkpt>
      <trkpt lat="31.28641272895038127899169921875" lon="121.3668839447200298309326171875">
        <ele>6.400000095367431640625</ele>
        <time>2026-08-10T13:18:31.000Z</time>
        <extensions>
          <ns3:TrackPointExtension>
            <ns3:hr>109</ns3:hr>
          </ns3:TrackPointExtension>
        </extensions>
      </trkpt>
      <trkpt lat="31.2864052690565586090087890625" lon="121.36720304377377033233642578125">
        <ele>6.80000019073486328125</ele>
        <time>2026-08-10T13:18:39.000Z</time>
        <extensions>
          <ns3:TrackPointExtension>
            <ns3:hr>108</ns3:hr>
          </ns3:TrackPointExtension>
        </extensions>
      </trkpt>
      <trkpt lat="31.286410801112651824951171875" lon="121.36763001792132854461669921875">
        <ele>7.80000019073486328125</ele>
        <time>2026-08-10T13:18:49.000Z</time>
        <extensions>
          <ns3:TrackPointExtension>
            <ns3:hr>108</ns3:hr>
          </ns3:TrackPointExtension>
        </extensions>
      </trkpt>
      <trkpt lat="31.28636327572166919708251953125" lon="121.3679987378418445587158203125">
        <ele>7</ele>
        <time>2026-08-10T13:18:57.000Z</time>
        <extensions>
          <ns3:TrackPointExtension>
            <ns3:hr>108</ns3:hr>
          </ns3:TrackPointExtension>
        </extensions>
      </trkpt>
      <trkpt lat="31.28633377142250537872314453125" lon="121.3682025857269763946533203125">
        <ele>7</ele>
        <time>2026-08-10T13:19:01.000Z</time>
        <extensions>
          <ns3:TrackPointExtension>
            <ns3:hr>111</ns3:hr>
          </ns3:TrackPointExtension>
        </extensions>
      </trkpt>
      <trkpt lat="31.2863221205770969390869140625" lon="121.36831616051495075225830078125">
        <ele>7.400000095367431640625</ele>
        <time>2026-08-10T13:19:04.000Z</time>
        <extensions>
          <ns3:TrackPointExtension>
            <ns3:hr>111</ns3:hr>
          </ns3:TrackPointExtension>
        </extensions>
      </trkpt>
      <trkpt lat="31.28632463514804840087890625" lon="121.368474662303924560546875">
        <ele>8</ele>
        <time>2026-08-10T13:19:09.000Z</time>
        <extensions>
          <ns3:TrackPointExtension>
            <ns3:hr>112</ns3:hr>
          </ns3:TrackPointExtension>
        </extensions>
      </trkpt>
      <trkpt lat="31.2863291613757610321044921875" lon="121.368514560163021087646484375">
        <ele>8</ele>
        <time>2026-08-10T13:19:11.000Z</time>
        <extensions>
          <ns3:TrackPointExtension>
            <ns3:hr>112</ns3:hr>
          </ns3:TrackPointExtension>
        </extensions>
      </trkpt>
      <trkpt lat="31.28610159270465373992919921875" lon="121.36945023201406002044677734375">
        <ele>6.599999904632568359375</ele>
        <time>2026-08-10T13:19:31.000Z</time>
        <extensions>
          <ns3:TrackPointExtension>
            <ns3:hr>110</ns3:hr>
          </ns3:TrackPointExtension>
        </extensions>
      </trkpt>
      <trkpt lat="31.2861777842044830322265625" lon="121.3695929758250713348388671875">
        <ele>6.599999904632568359375</ele>
        <time>2026-08-10T13:19:32.000Z</time>
        <extensions>
          <ns3:TrackPointExtension>
            <ns3:hr>110</ns3:hr>
          </ns3:TrackPointExtension>
        </extensions>
      </trkpt>
      <trkpt lat="31.28621223382651805877685546875" lon="121.3696087338030338287353515625">
        <ele>7</ele>
        <time>2026-08-10T13:19:33.000Z</time>
        <extensions>
          <ns3:TrackPointExtension>
            <ns3:hr>110</ns3:hr>
          </ns3:TrackPointExtension>
        </extensions>
      </trkpt>
      <trkpt lat="31.28620519302785396575927734375" lon="121.37005087919533252716064453125">
        <ele>7.19999980926513671875</ele>
        <time>2026-08-10T13:19:43.000Z</time>
        <extensions>
          <ns3:TrackPointExtension>
            <ns3:hr>112</ns3:hr>
          </ns3:TrackPointExtension>
        </extensions>
      </trkpt>
      <trkpt lat="31.28611584194004535675048828125" lon="121.37035815976560115814208984375">
        <ele>7</ele>
        <time>2026-08-10T13:19:52.000Z</time>
        <extensions>
          <ns3:TrackPointExtension>
            <ns3:hr>114</ns3:hr>
          </ns3:TrackPointExtension>
        </extensions>
      </trkpt>
      <trkpt lat="31.28600955940783023834228515625" lon="121.3704841397702693939208984375">
        <ele>7</ele>
        <time>2026-08-10T13:19:57.000Z</time>
        <extensions>
          <ns3:TrackPointExtension>
            <ns3:hr>114</ns3:hr>
          </ns3:TrackPointExtension>
        </extensions>
      </trkpt>
      <trkpt lat="31.28583513200283050537109375" lon="121.3705317489802837371826171875">
        <ele>6.599999904632568359375</ele>
        <time>2026-08-10T13:20:02.000Z</time>
        <extensions>
          <ns3:TrackPointExtension>
            <ns3:hr>112</ns3:hr>
          </ns3:TrackPointExtension>
        </extensions>
      </trkpt>
      <trkpt lat="31.28552860580384731292724609375" lon="121.37050283141434192657470703125">
        <ele>6.80000019073486328125</ele>
        <time>2026-08-10T13:20:10.000Z</time>
        <extensions>
          <ns3:TrackPointExtension>
            <ns3:hr>112</ns3:hr>
          </ns3:TrackPointExtension>
        </extensions>
      </trkpt>
      <trkpt lat="31.28532911650836467742919921875" lon="121.3704821281135082244873046875">
        <ele>6.599999904632568359375</ele>
        <time>2026-08-10T13:20:16.000Z</time>
        <extensions>
          <ns3:TrackPointExtension>
            <ns3:hr>109</ns3:hr>
          </ns3:TrackPointExtension>
        </extensions>
      </trkpt>
      <trkpt lat="31.28526641987264156341552734375" lon="121.3705166615545749664306640625">
        <ele>6.599999904632568359375</ele>
        <time>2026-08-10T13:20:18.000Z</time>
        <extensions>
          <ns3:TrackPointExtension>
            <ns3:hr>106</ns3:hr>
          </ns3:TrackPointExtension>
        </extensions>
      </trkpt>
      <trkpt lat="31.2852425314486026763916015625" lon="121.37057357467710971832275390625">
        <ele>6.80000019073486328125</ele>
        <time>2026-08-10T13:20:21.000Z</time>
        <extensions>
          <ns3:TrackPointExtension>
            <ns3:hr>103</ns3:hr>
          </ns3:TrackPointExtension>
        </extensions>
      </trkpt>
      <trkpt lat="31.2852472253143787384033203125" lon="121.3705813698470592498779296875">
        <ele>6.80000019073486328125</ele>
        <time>2026-08-10T13:20:22.000Z</time>
        <extensions>
          <ns3:TrackPointExtension>
            <ns3:hr>102</ns3:hr>
          </ns3:TrackPointExtension>
        </extensions>
      </trkpt>
      <trkpt lat="31.2852509133517742156982421875" lon="121.3706001453101634979248046875">
        <ele>6.599999904632568359375</ele>
        <time>2026-08-10T13:20:23.000Z</time>
        <extensions>
          <ns3:TrackPointExtension>
            <ns3:hr>102</ns3:hr>
          </ns3:TrackPointExtension>
        </extensions>
      </trkpt>
    </trkseg>
  </trk>
</gpx>
