<?xml version="1.0" encoding="UTF-8"?>
<gpx creator="Garmin Connect" version="1.1"
  xsi:schemaLocation="http://www.topografix.com/GPX/1/1 http://www.topografix.com/GPX/11.xsd"
  xmlns:ns3="http://www.garmin.com/xmlschemas/TrackPointExtension/v1"
  xmlns="http://www.topografix.com/GPX/1/1"
  xmlns:xsi="http://www.w3.org/2001/XMLSchema-instance" xmlns:ns2="http://www.garmin.com/xmlschemas/GpxExtensions/v3">
  <metadata>
    <link href="connect.garmin.com">
      <text>Garmin Connect</text>
    </link>
    <time>2026-09-23T10:55:27.000Z</time>
  </metadata>
  <trk>
    <name>徐汇区 公路骑行</name>
    <type>road_biking</type>
    <trkseg>
      <trkpt lat="31.16865344345569610595703125" lon="121.45414785481989383697509765625">
        <ele>4.19999980926513671875</ele>
        <time>2026-09-23T10:55:27.000Z</time>
        <extensions>
          <ns3:TrackPointExtension>
            <ns3:hr>94</ns3:hr>
          </ns3:TrackPointExtension>
        </extensions>
      </trkpt>
      <trkpt lat="31.1686968617141246795654296875" lon="121.454113237559795379638671875">
        <ele>4.19999980926513671875</ele>
        <time>2026-09-23T10:55:28.000Z</time>
        <extensions>
          <ns3:TrackPointExtension>
            <ns3:hr>94</ns3:hr>
          </ns3:TrackPointExtension>
        </extensions>
      </trkpt>
      <trkpt lat="31.16881244815886020660400390625" lon="121.45408331416547298431396484375">
        <ele>4.19999980926513671875</ele>
        <time>2026-09-23T10:55:31.000Z</time>
        <extensions>
          <ns3:TrackPointExtension>
            <ns3:hr>91</ns3:hr>
          </ns3:TrackPointExtension>
        </extensions>
      </trkpt>
      <trkpt lat="31.16885050199925899505615234375" lon="121.4540775306522846221923828125">
        <ele>4.19999980926513671875</ele>
        <time>2026-09-23T10:55:32.000Z</time>
        <extensions>
          <ns3:TrackPointExtension>
            <ns3:hr>90</ns3:hr>
          </ns3:TrackPointExtension>
        </extensions>
      </trkpt>
      <trkpt lat="31.16892007179558277130126953125" lon="121.45406671799719333648681640625">
        <ele>4.19999980926513671875</ele>
        <time>2026-09-23T10:55:34.000Z</time>
        <extensions>
          <ns3:TrackPointExtension>
            <ns3:hr>89</ns3:hr>
          </ns3:TrackPointExtension>
        </extensions>
      </trkpt>
      <trkpt lat="31.16925652138888835906982421875" lon="121.4540104754269123077392578125">
        <ele>4</ele>
        <time>2026-09-23T10:55:43.000Z</time>
        <extensions>
          <ns3:TrackPointExtension>
            <ns3:hr>87</ns3:hr>
          </ns3:TrackPointExtension>
        </extensions>
      </trkpt>
      <trkpt lat="31.16933229379355907440185546875" lon="121.4539937116205692291259765625">
        <ele>4</ele>
        <time>2026-09-23T10:55:45.000Z</time>
        <extensions>
          <ns3:TrackPointExtension>
            <ns3:hr>82</ns3:hr>
          </ns3:TrackPointExtension>
        </extensions>
      </trkpt>
      <trkpt lat="31.16941393353044986724853515625" lon="121.45397183485329151153564453125">
        <ele>4</ele>
        <time>2026-09-23T10:55:47.000Z</time>
        <extensions>
          <ns3:TrackPointExtension>
            <ns3:hr>78</ns3:hr>
          </ns3:TrackPointExtension>
        </extensions>
      </trkpt>
      <trkpt lat="31.16945751942694187164306640625" lon="121.45396579988300800323486328125">
        <ele>4</ele>
        <time>2026-09-23T10:55:48.000Z</time>
        <extensions>
          <ns3:TrackPointExtension>
            <ns3:hr>75</ns3:hr>
          </ns3:TrackPointExtension>
        </extensions>
      </trkpt>
      <trkpt lat="31.16959548555314540863037109375" lon="121.4539484493434429168701171875">
        <ele>4</ele>
        <time>2026-09-23T10:55:51.000Z</time>
        <extensions>
          <ns3:TrackPointExtension>
            <ns3:hr>73</ns3:hr>
          </ns3:TrackPointExtension>
        </extensions>
      </trkpt>
      <trkpt lat="31.16986605338752269744873046875" lon="121.45389572717249393463134765625">
        <ele>3.7999999523162841796875</ele>
        <time>2026-09-23T10:55:57.000Z</time>
        <extensions>
          <ns3:TrackPointExtension>
            <ns3:hr>77</ns3:hr>
          </ns3:TrackPointExtension>
        </extensions>
      </trkpt>
      <trkpt lat="31.1699165962636470794677734375" lon="121.45388667471706867218017578125">
        <ele>3.599999904632568359375</ele>
        <time>2026-09-23T10:55:58.000Z</time>
        <extensions>
          <ns3:TrackPointExtension>
            <ns3:hr>83</ns3:hr>
          </ns3:TrackPointExtension>
        </extensions>
      </trkpt>
      <trkpt lat="31.16996596567332744598388671875" lon="121.45387996919453144073486328125">
        <ele>3.599999904632568359375</ele>
        <time>2026-09-23T10:55:59.000Z</time>
        <extensions>
          <ns3:TrackPointExtension>
            <ns3:hr>92</ns3:hr>
          </ns3:TrackPointExtension>
        </extensions>
      </trkpt>
      <trkpt lat="31.17001374252140522003173828125" lon="121.45387594588100910186767578125">
        <ele>3.599999904632568359375</ele>
        <time>2026-09-23T10:56:00.000Z</time>
        <extensions>
          <ns3:TrackPointExtension>
            <ns3:hr>97</ns3:hr>
          </ns3:TrackPointExtension>
        </extensions>
      </trkpt>
      <trkpt lat="31.17010317742824554443359375" lon="121.45386773161590099334716796875">
        <ele>3.599999904632568359375</ele>
        <time>2026-09-23T10:56:02.000Z</time>
        <extensions>
          <ns3:TrackPointExtension>
            <ns3:hr>101</ns3:hr>
          </ns3:TrackPointExtension>
        </extensions>
      </trkpt>
      <trkpt lat="31.170342899858951568603515625" lon="121.45383403636515140533447265625">
        <ele>4</ele>
        <time>2026-09-23T10:56:07.000Z</time>
        <extensions>
          <ns3:TrackPointExtension>
            <ns3:hr>104</ns3:hr>
          </ns3:TrackPointExtension>
        </extensions>
      </trkpt>
      <trkpt lat="31.170444153249263763427734375" lon="121.4538049511611461639404296875">
        <ele>4.19999980926513671875</ele>
        <time>2026-09-23T10:56:09.000Z</time>
        <extensions>
          <ns3:TrackPointExtension>
            <ns3:hr>104</ns3:hr>
          </ns3:TrackPointExtension>
        </extensions>
      </trkpt>
      <trkpt lat="31.17087640799582004547119140625" lon="121.45373663865029811859130859375">
        <ele>3.7999999523162841796875</ele>
        <time>2026-09-23T10:56:18.000Z</time>
        <extensions>
          <ns3:TrackPointExtension>
            <ns3:hr>107</ns3:hr>
          </ns3:TrackPointExtension>
        </extensions>
      </trkpt>
      <trkpt lat="31.17092770524322986602783203125" lon="121.453724987804889678955078125">
        <ele>3.7999999523162841796875</ele>
        <time>2026-09-23T10:56:19.000Z</time>
        <extensions>
          <ns3:TrackPointExtension>
            <ns3:hr>110</ns3:hr>
          </ns3:TrackPointExtension>
        </extensions>
      </trkpt>
      <trkpt lat="31.17139306850731372833251953125" lon="121.45365935750305652618408203125">
        <ele>4</ele>
        <time>2026-09-23T10:56:29.000Z</time>
        <extensions>
          <ns3:TrackPointExtension>
            <ns3:hr>111</ns3:hr>
          </ns3:TrackPointExtension>
        </extensions>
      </trkpt>
      <trkpt lat="31.17165257222950458526611328125" lon="121.4536131732165813446044921875">
        <ele>4.19999980926513671875</ele>
        <time>2026-09-23T10:56:34.000Z</time>
        <extensions>
          <ns3:TrackPointExtension>
            <ns3:hr>107</ns3:hr>
          </ns3:TrackPointExtension>
        </extensions>
      </trkpt>
      <trkpt lat="31.17188910953700542449951171875" lon="121.45358375273644924163818359375">
        <ele>4.400000095367431640625</ele>
        <time>2026-09-23T10:56:39.000Z</time>
        <extensions>
          <ns3:TrackPointExtension>
            <ns3:hr>106</ns3:hr>
          </ns3:TrackPointExtension>
        </extensions>
      </trkpt>
      <trkpt lat="31.1721223779022693634033203125" lon="121.45354452542960643768310546875">
        <ele>4.599999904632568359375</ele>
        <time>2026-09-23T10:56:44.000Z</time>
        <extensions>
          <ns3:TrackPointExtension>
            <ns3:hr>109</ns3:hr>
          </ns3:TrackPointExtension>
        </extensions>
      </trkpt>
      <trkpt lat="31.17234609089791774749755859375" lon="121.453495658934116363525390625">
        <ele>4.599999904632568359375</ele>
        <time>2026-09-23T10:56:49.000Z</time>
        <extensions>
          <ns3:TrackPointExtension>
            <ns3:hr>112</ns3:hr>
          </ns3:TrackPointExtension>
        </extensions>
      </trkpt>
      <trkpt lat="31.17252361960709095001220703125" lon="121.45346623845398426055908203125">
        <ele>4.400000095367431640625</ele>
        <time>2026-09-23T10:56:53.000Z</time>
        <extensions>
          <ns3:TrackPointExtension>
            <ns3:hr>115</ns3:hr>
          </ns3:TrackPointExtension>
        </extensions>
      </trkpt>
      <trkpt lat="31.17275043390691280364990234375" lon="121.45341024734079837799072265625">
        <ele>4.400000095367431640625</ele>
        <time>2026-09-23T10:56:58.000Z</time>
        <extensions>
          <ns3:TrackPointExtension>
            <ns3:hr>114</ns3:hr>
          </ns3:TrackPointExtension>
        </extensions>
      </trkpt>
      <trkpt lat="31.17316651158034801483154296875" lon="121.4533276855945587158203125">
        <ele>4.80000019073486328125</ele>
        <time>2026-09-23T10:57:07.000Z</time>
        <extensions>
          <ns3:TrackPointExtension>
            <ns3:hr>112</ns3:hr>
          </ns3:TrackPointExtension>
        </extensions>
      </trkpt>
      <trkpt lat="31.17353984154760837554931640625" lon="121.45327060483396053314208984375">
        <ele>4.599999904632568359375</ele>
        <time>2026-09-23T10:57:15.000Z</time>
        <extensions>
          <ns3:TrackPointExtension>
            <ns3:hr>112</ns3:hr>
          </ns3:TrackPointExtension>
        </extensions>
      </trkpt>
      <trkpt lat="31.1739630438387393951416015625" lon="121.4532017894089221954345703125">
        <ele>4.80000019073486328125</ele>
        <time>2026-09-23T10:57:24.000Z</time>
        <extensions>
          <ns3:TrackPointExtension>
            <ns3:hr>112</ns3:hr>
          </ns3:TrackPointExtension>
        </extensions>
      </trkpt>
      <trkpt lat="31.1745361983776092529296875" lon="121.45310263149440288543701171875">
        <ele>5</ele>
        <time>2026-09-23T10:57:36.000Z</time>
        <extensions>
          <ns3:TrackPointExtension>
            <ns3:hr>110</ns3:hr>
          </ns3:TrackPointExtension>
        </extensions>
      </trkpt>
      <trkpt lat="31.174947582185268402099609375" lon="121.4530244283378124237060546875">
        <ele>5</ele>
        <time>2026-09-23T10:57:45.000Z</time>
        <extensions>
          <ns3:TrackPointExtension>
            <ns3:hr>112</ns3:hr>
          </ns3:TrackPointExtension>
        </extensions>
      </trkpt>
      <trkpt lat="31.17503835819661617279052734375" lon="121.453007496893405914306640625">
        <ele>4.80000019073486328125</ele>
        <time>2026-09-23T10:57:47.000Z</time>
        <extensions>
          <ns3:TrackPointExtension>
            <ns3:hr>112</ns3:hr>
          </ns3:TrackPointExtension>
        </extensions>
      </trkpt>
      <trkpt lat="31.17522753775119781494140625" lon="121.4529939182102680206298828125">
        <ele>5.19999980926513671875</ele>
        <time>2026-09-23T10:57:51.000Z</time>
        <extensions>
          <ns3:TrackPointExtension>
            <ns3:hr>112</ns3:hr>
          </ns3:TrackPointExtension>
        </extensions>
      </trkpt>
      <trkpt lat="31.175366677343845367431640625" lon="121.4529738016426563262939453125">
        <ele>5.19999980926513671875</ele>
        <time>2026-09-23T10:57:54.000Z</time>
        <extensions>
          <ns3:TrackPointExtension>
            <ns3:hr>110</ns3:hr>
          </ns3:TrackPointExtension>
        </extensions>
      </trkpt>
      <trkpt lat="31.17563850246369838714599609375" lon="121.45293717272579669952392578125">
        <ele>5.400000095367431640625</ele>
        <time>2026-09-23T10:58:00.000Z</time>
        <extensions>
          <ns3:TrackPointExtension>
            <ns3:hr>112</ns3:hr>
          </ns3:TrackPointExtension>
        </extensions>
      </trkpt>
      <trkpt lat="31.17586053907871246337890625" lon="121.45289744250476360321044921875">
        <ele>5.599999904632568359375</ele>
        <time>2026-09-23T10:58:05.000Z</time>
        <extensions>
          <ns3:TrackPointExtension>
            <ns3:hr>108</ns3:hr>
          </ns3:TrackPointExtension>
        </extensions>
      </trkpt>
      <trkpt lat="31.17590638808906078338623046875" lon="121.45288981497287750244140625">
        <ele>5.599999904632568359375</ele>
        <time>2026-09-23T10:58:06.000Z</time>
        <extensions>
          <ns3:TrackPointExtension>
            <ns3:hr>101</ns3:hr>
          </ns3:TrackPointExtension>
        </extensions>
      </trkpt>
      <trkpt lat="31.17595299147069454193115234375" lon="121.452882774174213409423828125">
        <ele>5.599999904632568359375</ele>
        <time>2026-09-23T10:58:07.000Z</time>
        <extensions>
          <ns3:TrackPointExtension>
            <ns3:hr>94</ns3:hr>
          </ns3:TrackPointExtension>
        </extensions>
      </trkpt>
      <trkpt lat="31.1759985052049160003662109375" lon="121.45287464372813701629638671875">
        <ele>5.599999904632568359375</ele>
        <time>2026-09-23T10:58:08.000Z</time>
        <extensions>
          <ns3:TrackPointExtension>
            <ns3:hr>90</ns3:hr>
          </ns3:TrackPointExtension>
        </extensions>
      </trkpt>
      <trkpt lat="31.17609229870140552520751953125" lon="121.4528554491698741912841796875">
        <ele>5.400000095367431640625</ele>
        <time>2026-09-23T10:58:10.000Z</time>
        <extensions>
          <ns3:TrackPointExtension>
            <ns3:hr>87</ns3:hr>
          </ns3:TrackPointExtension>
        </extensions>
      </trkpt>
      <trkpt lat="31.17632053792476654052734375" lon="121.45280993543565273284912109375">
        <ele>5.599999904632568359375</ele>
        <time>2026-09-23T10:58:15.000Z</time>
        <extensions>
          <ns3:TrackPointExtension>
            <ns3:hr>90</ns3:hr>
          </ns3:TrackPointExtension>
        </extensions>
      </trkpt>
      <trkpt lat="31.1765983141958713531494140625" lon="121.45275310613214969635009765625">
        <ele>5.599999904632568359375</ele>
        <time>2026-09-23T10:58:21.000Z</time>
        <extensions>
          <ns3:TrackPointExtension>
            <ns3:hr>101</ns3:hr>
          </ns3:TrackPointExtension>
        </extensions>
      </trkpt>
      <trkpt lat="31.1766435764729976654052734375" lon="121.45274640060961246490478515625">
        <ele>5.599999904632568359375</ele>
        <time>2026-09-23T10:58:22.000Z</time>
        <extensions>
          <ns3:TrackPointExtension>
            <ns3:hr>108</ns3:hr>
          </ns3:TrackPointExtension>
        </extensions>
      </trkpt>
      <trkpt lat="31.17668875493109226226806640625" lon="121.45273935981094837188720703125">
        <ele>5.599999904632568359375</ele>
        <time>2026-09-23T10:58:23.000Z</time>
        <extensions>
          <ns3:TrackPointExtension>
            <ns3:hr>112</ns3:hr>
          </ns3:TrackPointExtension>
        </extensions>
      </trkpt>
      <trkpt lat="31.177110113203525543212890625" lon="121.4526713825762271881103515625">
        <ele>5.80000019073486328125</ele>
        <time>2026-09-23T10:58:32.000Z</time>
        <extensions>
          <ns3:TrackPointExtension>
            <ns3:hr>111</ns3:hr>
          </ns3:TrackPointExtension>
        </extensions>
      </trkpt>
      <trkpt lat="31.17765049450099468231201171875" lon="121.45259418524801731109619140625">
        <ele>5.80000019073486328125</ele>
        <time>2026-09-23T10:58:44.000Z</time>
        <extensions>
          <ns3:TrackPointExtension>
            <ns3:hr>110</ns3:hr>
          </ns3:TrackPointExtension>
        </extensions>
      </trkpt>
      <trkpt lat="31.1779318749904632568359375" lon="121.45254976116120815277099609375">
        <ele>6.19999980926513671875</ele>
        <time>2026-09-23T10:58:51.000Z</time>
        <extensions>
          <ns3:TrackPointExtension>
            <ns3:hr>109</ns3:hr>
          </ns3:TrackPointExtension>
        </extensions>
      </trkpt>
      <trkpt lat="31.17803622968494892120361328125" lon="121.452531404793262481689453125">
        <ele>6.80000019073486328125</ele>
        <time>2026-09-23T10:58:54.000Z</time>
        <extensions>
          <ns3:TrackPointExtension>
            <ns3:hr>108</ns3:hr>
          </ns3:TrackPointExtension>
        </extensions>
      </trkpt>
      <trkpt lat="31.1781871877610683441162109375" lon="121.45248689688742160797119140625">
        <ele>7.19999980926513671875</ele>
        <time>2026-09-23T10:59:00.000Z</time>
        <extensions>
          <ns3:TrackPointExtension>
            <ns3:hr>109</ns3:hr>
          </ns3:TrackPointExtension>
        </extensions>
      </trkpt>
      <trkpt lat="31.1782341264188289642333984375" lon="121.452467702329158782958984375">
        <ele>7.400000095367431640625</ele>
        <time>2026-09-23T10:59:03.000Z</time>
        <extensions>
          <ns3:TrackPointExtension>
            <ns3:hr>109</ns3:hr>
          </ns3:TrackPointExtension>
        </extensions>
      </trkpt>
      <trkpt lat="31.17830864153802394866943359375" lon="121.45246292464435100555419921875">
        <ele>7.19999980926513671875</ele>
        <time>2026-09-23T10:59:07.000Z</time>
        <extensions>
          <ns3:TrackPointExtension>
            <ns3:hr>109</ns3:hr>
          </ns3:TrackPointExtension>
        </extensions>
      </trkpt>
      <trkpt lat="31.1785412393510341644287109375" lon="121.45242420025169849395751953125">
        <ele>7.599999904632568359375</ele>
        <time>2026-09-23T10:59:14.000Z</time>
        <extensions>
          <ns3:TrackPointExtension>
            <ns3:hr>107</ns3:hr>
          </ns3:TrackPointExtension>
        </extensions>
      </trkpt>
      <trkpt lat="31.178681887686252593994140625" lon="121.45239402540028095245361328125">
        <ele>8.19999980926513671875</ele>
        <time>2026-09-23T10:59:18.000Z</time>
        <extensions>
          <ns3:TrackPointExtension>
            <ns3:hr>110</ns3:hr>
          </ns3:TrackPointExtension>
        </extensions>
      </trkpt>
      <trkpt lat="31.178756318986415863037109375" lon="121.452382542192935943603515625">
        <ele>8.3999996185302734375</ele>
        <time>2026-09-23T10:59:20.000Z</time>
        <extensions>
          <ns3:TrackPointExtension>
            <ns3:hr>110</ns3:hr>
          </ns3:TrackPointExtension>
        </extensions>
      </trkpt>
      <trkpt lat="31.178937368094921112060546875" lon="121.452354378998279571533203125">
        <ele>8.3999996185302734375</ele>
        <time>2026-09-23T10:59:25.000Z</time>
        <extensions>
          <ns3:TrackPointExtension>
            <ns3:hr>111</ns3:hr>
          </ns3:TrackPointExtension>
        </extensions>
      </trkpt>
      <trkpt lat="31.17926694452762603759765625" lon="121.4522941969335079193115234375">
        <ele>7.19999980926513671875</ele>
        <time>2026-09-23T10:59:33.000Z</time>
        <extensions>
          <ns3:TrackPointExtension>
            <ns3:hr>111</ns3:hr>
          </ns3:TrackPointExtension>
        </extensions>
      </trkpt>
      <trkpt lat="31.1793103627860546112060546875" lon="121.4522841386497020721435546875">
        <ele>7.19999980926513671875</ele>
        <time>2026-09-23T10:59:34.000Z</time>
        <extensions>
          <ns3:TrackPointExtension>
            <ns3:hr>112</ns3:hr>
          </ns3:TrackPointExtension>
        </extensions>
      </trkpt>
      <trkpt lat="31.17965946905314922332763671875" lon="121.4521731622517108917236328125">
        <ele>6.400000095367431640625</ele>
        <time>2026-09-23T10:59:41.000Z</time>
        <extensions>
          <ns3:TrackPointExtension>
            <ns3:hr>112</ns3:hr>
          </ns3:TrackPointExtension>
        </extensions>
      </trkpt>
      <trkpt lat="31.17997446097433567047119140625" lon="121.452049948275089263916015625">
        <ele>6.19999980926513671875</ele>
        <time>2026-09-23T10:59:47.000Z</time>
        <extensions>
          <ns3:TrackPointExtension>
            <ns3:hr>111</ns3:hr>
          </ns3:TrackPointExtension>
        </extensions>
      </trkpt>
      <trkpt lat="31.1801688373088836669921875" lon="121.45193452946841716766357421875">
        <ele>6</ele>
        <time>2026-09-23T10:59:51.000Z</time>
        <extensions>
          <ns3:TrackPointExtension>
            <ns3:hr>110</ns3:hr>
          </ns3:TrackPointExtension>
        </extensions>
      </trkpt>
      <trkpt lat="31.18039288558065891265869140625" lon="121.4517533965408802032470703125">
        <ele>5.80000019073486328125</ele>
        <time>2026-09-23T10:59:56.000Z</time>
        <extensions>
          <ns3:TrackPointExtension>
            <ns3:hr>107</ns3:hr>
          </ns3:TrackPointExtension>
        </extensions>
      </trkpt>
      <trkpt lat="31.1805109865963459014892578125" lon="121.45166228525340557098388671875">
        <ele>6</ele>
        <time>2026-09-23T10:59:59.000Z</time>
        <extensions>
          <ns3:TrackPointExtension>
            <ns3:hr>104</ns3:hr>
          </ns3:TrackPointExtension>
        </extensions>
      </trkpt>
      <trkpt lat="31.18081315420567989349365234375" lon="121.4513589441776275634765625">
        <ele>6</ele>
        <time>2026-09-23T11:00:07.000Z</time>
        <extensions>
          <ns3:TrackPointExtension>
            <ns3:hr>104</ns3:hr>
          </ns3:TrackPointExtension>
        </extensions>
      </trkpt>
      <trkpt lat="31.1812469176948070526123046875" lon="121.45091361366212368011474609375">
        <ele>5.599999904632568359375</ele>
        <time>2026-09-23T11:00:18.000Z</time>
        <extensions>
          <ns3:TrackPointExtension>
            <ns3:hr>104</ns3:hr>
          </ns3:TrackPointExtension>
        </extensions>
      </trkpt>
      <trkpt lat="31.1812881566584110260009765625" lon="121.45086818374693393707275390625">
        <ele>5.599999904632568359375</ele>
        <time>2026-09-23T11:00:19.000Z</time>
        <extensions>
          <ns3:TrackPointExtension>
            <ns3:hr>105</ns3:hr>
          </ns3:TrackPointExtension>
        </extensions>
      </trkpt>
      <trkpt lat="31.18153274059295654296875" lon="121.45061052404344081878662109375">
        <ele>5.599999904632568359375</ele>
        <time>2026-09-23T11:00:25.000Z</time>
        <extensions>
          <ns3:TrackPointExtension>
            <ns3:hr>108</ns3:hr>
          </ns3:TrackPointExtension>
        </extensions>
      </trkpt>
      <trkpt lat="31.18166626431047916412353515625" lon="121.4504914171993732452392578125">
        <ele>5.599999904632568359375</ele>
        <time>2026-09-23T11:00:28.000Z</time>
        <extensions>
          <ns3:TrackPointExtension>
            <ns3:hr>111</ns3:hr>
          </ns3:TrackPointExtension>
        </extensions>
      </trkpt>
      <trkpt lat="31.18170666508376598358154296875" lon="121.45045344717800617218017578125">
        <ele>5.599999904632568359375</ele>
        <time>2026-09-23T11:00:29.000Z</time>
        <extensions>
          <ns3:TrackPointExtension>
            <ns3:hr>113</ns3:hr>
          </ns3:TrackPointExtension>
        </extensions>
      </trkpt>
      <trkpt lat="31.181959211826324462890625" lon="121.45023115910589694976806640625">
        <ele>5.19999980926513671875</ele>
        <time>2026-09-23T11:00:35.000Z</time>
        <extensions>
          <ns3:TrackPointExtension>
            <ns3:hr>115</ns3:hr>
          </ns3:TrackPointExtension>
        </extensions>
      </trkpt>
      <trkpt lat="31.18213154375553131103515625" lon="121.4500857330858707427978515625">
        <ele>5.599999904632568359375</ele>
        <time>2026-09-23T11:00:39.000Z</time>
        <extensions>
          <ns3:TrackPointExtension>
            <ns3:hr>115</ns3:hr>
          </ns3:TrackPointExtension>
        </extensions>
      </trkpt>
      <trkpt lat="31.18232759647071361541748046875" lon="121.4499207772314548492431640625">
        <ele>6</ele>
        <time>2026-09-23T11:00:44.000Z</time>
        <extensions>
          <ns3:TrackPointExtension>
            <ns3:hr>114</ns3:hr>
          </ns3:TrackPointExtension>
        </extensions>
      </trkpt>
      <trkpt lat="31.18244527839124202728271484375" lon="121.44985757768154144287109375">
        <ele>5.80000019073486328125</ele>
        <time>2026-09-23T11:00:47.000Z</time>
        <extensions>
          <ns3:TrackPointExtension>
            <ns3:hr>114</ns3:hr>
          </ns3:TrackPointExtension>
        </extensions>
      </trkpt>
      <trkpt lat="31.18248115293681621551513671875" lon="121.44982346333563327789306640625">
        <ele>5.599999904632568359375</ele>
        <time>2026-09-23T11:00:48.000Z</time>
        <extensions>
          <ns3:TrackPointExtension>
            <ns3:hr>114</ns3:hr>
          </ns3:TrackPointExtension>
        </extensions>
      </trkpt>
      <trkpt lat="31.182587854564189910888671875" lon="121.44971265457570552825927734375">
        <ele>5.400000095367431640625</ele>
        <time>2026-09-23T11:00:51.000Z</time>
        <extensions>
          <ns3:TrackPointExtension>
            <ns3:hr>114</ns3:hr>
          </ns3:TrackPointExtension>
        </extensions>
      </trkpt>
      <trkpt lat="31.1829460971057415008544921875" lon="121.4494755305349826812744140625">
        <ele>5</ele>
        <time>2026-09-23T11:00:59.000Z</time>
        <extensions>
          <ns3:TrackPointExtension>
            <ns3:hr>112</ns3:hr>
          </ns3:TrackPointExtension>
        </extensions>
      </trkpt>
      <trkpt lat="31.18329419754445552825927734375" lon="121.4492633007466793060302734375">
        <ele>5.400000095367431640625</ele>
        <time>2026-09-23T11:01:06.000Z</time>
        <extensions>
          <ns3:TrackPointExtension>
            <ns3:hr>112</ns3:hr>
          </ns3:TrackPointExtension>
        </extensions>
      </trkpt>
      <trkpt lat="31.183678172528743743896484375" lon="121.448982842266559600830078125">
        <ele>5.19999980926513671875</ele>
        <time>2026-09-23T11:01:15.000Z</time>
        <extensions>
          <ns3:TrackPointExtension>
            <ns3:hr>114</ns3:hr>
          </ns3:TrackPointExtension>
        </extensions>
      </trkpt>
      <trkpt lat="31.1839529313147068023681640625" lon="121.448709256947040557861328125">
        <ele>5.400000095367431640625</ele>
        <time>2026-09-23T11:01:22.000Z</time>
        <extensions>
          <ns3:TrackPointExtension>
            <ns3:hr>111</ns3:hr>
          </ns3:TrackPointExtension>
        </extensions>
      </trkpt>
      <trkpt lat="31.18415971286594867706298828125" lon="121.44847464747726917266845703125">
        <ele>5.400000095367431640625</ele>
        <time>2026-09-23T11:01:28.000Z</time>
        <extensions>
          <ns3:TrackPointExtension>
            <ns3:hr>114</ns3:hr>
          </ns3:TrackPointExtension>
        </extensions>
      </trkpt>
      <trkpt lat="31.1842563562095165252685546875" lon="121.44835378043353557586669921875">
        <ele>5</ele>
        <time>2026-09-23T11:01:31.000Z</time>
        <extensions>
          <ns3:TrackPointExtension>
            <ns3:hr>115</ns3:hr>
          </ns3:TrackPointExtension>
        </extensions>
      </trkpt>
      <trkpt lat="31.184343360364437103271484375" lon="121.44824531860649585723876953125">
        <ele>4.80000019073486328125</ele>
        <time>2026-09-23T11:01:34.000Z</time>
        <extensions>
          <ns3:TrackPointExtension>
            <ns3:hr>115</ns3:hr>
          </ns3:TrackPointExtension>
        </extensions>
      </trkpt>
      <trkpt lat="31.184448637068271636962890625" lon="121.44815429113805294036865234375">
        <ele>5.19999980926513671875</ele>
        <time>2026-09-23T11:01:37.000Z</time>
        <extensions>
          <ns3:TrackPointExtension>
            <ns3:hr>114</ns3:hr>
          </ns3:TrackPointExtension>
        </extensions>
      </trkpt>
      <trkpt lat="31.18480511941015720367431640625" lon="121.44789420068264007568359375">
        <ele>5.400000095367431640625</ele>
        <time>2026-09-23T11:01:46.000Z</time>
        <extensions>
          <ns3:TrackPointExtension>
            <ns3:hr>113</ns3:hr>
          </ns3:TrackPointExtension>
        </extensions>
      </trkpt>
      <trkpt lat="31.18488483130931854248046875" lon="121.447832845151424407958984375">
        <ele>5.400000095367431640625</ele>
        <time>2026-09-23T11:01:48.000Z</time>
        <extensions>
          <ns3:TrackPointExtension>
            <ns3:hr>113</ns3:hr>
          </ns3:TrackPointExtension>
        </extensions>
      </trkpt>
      <trkpt lat="31.18506764061748981475830078125" lon="121.4476737566292285919189453125">
        <ele>5.400000095367431640625</ele>
        <time>2026-09-23T11:01:53.000Z</time>
        <extensions>
          <ns3:TrackPointExtension>
            <ns3:hr>114</ns3:hr>
          </ns3:TrackPointExtension>
        </extensions>
      </trkpt>
      <trkpt lat="31.18533334694802761077880859375" lon="121.44747703336179256439208984375">
        <ele>5.19999980926513671875</ele>
        <time>2026-09-23T11:02:00.000Z</time>
        <extensions>
          <ns3:TrackPointExtension>
            <ns3:hr>114</ns3:hr>
          </ns3:TrackPointExtension>
        </extensions>
      </trkpt>
      <trkpt lat="31.18563677184283733367919921875" lon="121.4472632110118865966796875">
        <ele>5.400000095367431640625</ele>
        <time>2026-09-23T11:02:08.000Z</time>
        <extensions>
          <ns3:TrackPointExtension>
            <ns3:hr>114</ns3:hr>
          </ns3:TrackPointExtension>
        </extensions>
      </trkpt>
      <trkpt lat="31.18608805350959300994873046875" lon="121.4469395019114017486572265625">
        <ele>5.400000095367431640625</ele>
        <time>2026-09-23T11:02:19.000Z</time>
        <extensions>
          <ns3:TrackPointExtension>
            <ns3:hr>113</ns3:hr>
          </ns3:TrackPointExtension>
        </extensions>
      </trkpt>
      <trkpt lat="31.18646054528653621673583984375" lon="121.4467232488095760345458984375">
        <ele>5</ele>
        <time>2026-09-23T11:02:28.000Z</time>
        <extensions>
          <ns3:TrackPointExtension>
            <ns3:hr>115</ns3:hr>
          </ns3:TrackPointExtension>
        </extensions>
      </trkpt>
      <trkpt lat="31.186739243566989898681640625" lon="121.44655200652778148651123046875">
        <ele>5</ele>
        <time>2026-09-23T11:02:36.000Z</time>
        <extensions>
          <ns3:TrackPointExtension>
            <ns3:hr>113</ns3:hr>
          </ns3:TrackPointExtension>
        </extensions>
      </trkpt>
      <trkpt lat="31.18688785471022129058837890625" lon="121.44644237123429775238037109375">
        <ele>5.19999980926513671875</ele>
        <time>2026-09-23T11:02:42.000Z</time>
        <extensions>
          <ns3:TrackPointExtension>
            <ns3:hr>111</ns3:hr>
          </ns3:TrackPointExtension>
        </extensions>
      </trkpt>
      <trkpt lat="31.18693999014794826507568359375" lon="121.4464010484516620635986328125">
        <ele>5</ele>
        <time>2026-09-23T11:02:47.000Z</time>
        <extensions>
          <ns3:TrackPointExtension>
            <ns3:hr>111</ns3:hr>
          </ns3:TrackPointExtension>
        </extensions>
      </trkpt>
      <trkpt lat="31.18700243532657623291015625" lon="121.4463551156222820281982421875">
        <ele>4</ele>
        <time>2026-09-23T11:04:25.000Z</time>
        <extensions>
          <ns3:TrackPointExtension>
            <ns3:hr>88</ns3:hr>
          </ns3:TrackPointExtension>
        </extensions>
      </trkpt>
      <trkpt lat="31.1870257370173931121826171875" lon="121.4463383518159389495849609375">
        <ele>4</ele>
        <time>2026-09-23T11:04:26.000Z</time>
        <extensions>
          <ns3:TrackPointExtension>
            <ns3:hr>90</ns3:hr>
          </ns3:TrackPointExtension>
        </extensions>
      </trkpt>
      <trkpt lat="31.18705498985946178436279296875" lon="121.44631915725767612457275390625">
        <ele>4</ele>
        <time>2026-09-23T11:04:27.000Z</time>
        <extensions>
          <ns3:TrackPointExtension>
            <ns3:hr>90</ns3:hr>
          </ns3:TrackPointExtension>
        </extensions>
      </trkpt>
      <trkpt lat="31.18711584247648715972900390625" lon="121.44627724774181842803955078125">
        <ele>4</ele>
        <time>2026-09-23T11:04:29.000Z</time>
        <extensions>
          <ns3:TrackPointExtension>
            <ns3:hr>93</ns3:hr>
          </ns3:TrackPointExtension>
        </extensions>
      </trkpt>
      <trkpt lat="31.18723251856863498687744140625" lon="121.4462002180516719818115234375">
        <ele>4</ele>
        <time>2026-09-23T11:04:33.000Z</time>
        <extensions>
          <ns3:TrackPointExtension>
            <ns3:hr>94</ns3:hr>
          </ns3:TrackPointExtension>
        </extensions>
      </trkpt>
      <trkpt lat="31.18733293376863002777099609375" lon="121.4460884034633636474609375">
        <ele>3.7999999523162841796875</ele>
        <time>2026-09-23T11:04:37.000Z</time>
        <extensions>
          <ns3:TrackPointExtension>
            <ns3:hr>93</ns3:hr>
          </ns3:TrackPointExtension>
        </extensions>
      </trkpt>
      <trkpt lat="31.1875142343342304229736328125" lon="121.44599360413849353790283203125">
        <ele>3.599999904632568359375</ele>
        <time>2026-09-23T11:04:42.000Z</time>
        <extensions>
          <ns3:TrackPointExtension>
            <ns3:hr>95</ns3:hr>
          </ns3:TrackPointExtension>
        </extensions>
      </trkpt>
      <trkpt lat="31.1878159828484058380126953125" lon="121.4458102919161319732666015625">
        <ele>4</ele>
        <time>2026-09-23T11:04:50.000Z</time>
        <extensions>
          <ns3:TrackPointExtension>
            <ns3:hr>94</ns3:hr>
          </ns3:TrackPointExtension>
        </extensions>
      </trkpt>
      <trkpt lat="31.1878907494246959686279296875" lon="121.4457673765718936920166015625">
        <ele>3.7999999523162841796875</ele>
        <time>2026-09-23T11:04:52.000Z</time>
        <extensions>
          <ns3:TrackPointExtension>
            <ns3:hr>91</ns3:hr>
          </ns3:TrackPointExtension>
        </extensions>
      </trkpt>
      <trkpt lat="31.18812493979930877685546875" lon="121.44564759917557239532470703125">
        <ele>4</ele>
        <time>2026-09-23T11:04:58.000Z</time>
        <extensions>
          <ns3:TrackPointExtension>
            <ns3:hr>93</ns3:hr>
          </ns3:TrackPointExtension>
        </extensions>
      </trkpt>
      <trkpt lat="31.1881663464009761810302734375" lon="121.4456262253224849700927734375">
        <ele>4</ele>
        <time>2026-09-23T11:04:59.000Z</time>
        <extensions>
          <ns3:TrackPointExtension>
            <ns3:hr>96</ns3:hr>
          </ns3:TrackPointExtension>
        </extensions>
      </trkpt>
      <trkpt lat="31.18820699863135814666748046875" lon="121.4456024207174777984619140625">
        <ele>4</ele>
        <time>2026-09-23T11:05:00.000Z</time>
        <extensions>
          <ns3:TrackPointExtension>
            <ns3:hr>99</ns3:hr>
          </ns3:TrackPointExtension>
        </extensions>
      </trkpt>
      <trkpt lat="31.18824505247175693511962890625" lon="121.445575766265392303466796875">
        <ele>4</ele>
        <time>2026-09-23T11:05:01.000Z</time>
        <extensions>
          <ns3:TrackPointExtension>
            <ns3:hr>102</ns3:hr>
          </ns3:TrackPointExtension>
        </extensions>
      </trkpt>
      <trkpt lat="31.18832635693252086639404296875" lon="121.4455276541411876678466796875">
        <ele>4</ele>
        <time>2026-09-23T11:05:03.000Z</time>
        <extensions>
          <ns3:TrackPointExtension>
            <ns3:hr>105</ns3:hr>
          </ns3:TrackPointExtension>
        </extensions>
      </trkpt>
      <trkpt lat="31.1883681826293468475341796875" lon="121.4455051906406879425048828125">
        <ele>4</ele>
        <time>2026-09-23T11:05:04.000Z</time>
        <extensions>
          <ns3:TrackPointExtension>
            <ns3:hr>106</ns3:hr>
          </ns3:TrackPointExtension>
        </extensions>
      </trkpt>
      <trkpt lat="31.18844722397625446319580078125" lon="121.44546680152416229248046875">
        <ele>4</ele>
        <time>2026-09-23T11:05:06.000Z</time>
        <extensions>
          <ns3:TrackPointExtension>
            <ns3:hr>109</ns3:hr>
          </ns3:TrackPointExtension>
        </extensions>
      </trkpt>
      <trkpt lat="31.18848494254052639007568359375" lon="121.44544400274753570556640625">
        <ele>4</ele>
        <time>2026-09-23T11:05:07.000Z</time>
        <extensions>
          <ns3:TrackPointExtension>
            <ns3:hr>109</ns3:hr>
          </ns3:TrackPointExtension>
        </extensions>
      </trkpt>
      <trkpt lat="31.18885341100394725799560546875" lon="121.4452349580824375152587890625">
        <ele>4.19999980926513671875</ele>
        <time>2026-09-23T11:05:16.000Z</time>
        <extensions>
          <ns3:TrackPointExtension>
            <ns3:hr>110</ns3:hr>
          </ns3:TrackPointExtension>
        </extensions>
      </trkpt>
      <trkpt lat="31.18921265937387943267822265625" lon="121.44504477269947528839111328125">
        <ele>4.400000095367431640625</ele>
        <time>2026-09-23T11:05:25.000Z</time>
        <extensions>
          <ns3:TrackPointExtension>
            <ns3:hr>112</ns3:hr>
          </ns3:TrackPointExtension>
        </extensions>
      </trkpt>
      <trkpt lat="31.1894491128623485565185546875" lon="121.44493094645440578460693359375">
        <ele>4.400000095367431640625</ele>
        <time>2026-09-23T11:05:31.000Z</time>
        <extensions>
          <ns3:TrackPointExtension>
            <ns3:hr>113</ns3:hr>
          </ns3:TrackPointExtension>
        </extensions>
      </trkpt>
      <trkpt lat="31.18971490301191806793212890625" lon="121.4448121748864650726318359375">
        <ele>4.400000095367431640625</ele>
        <time>2026-09-23T11:05:38.000Z</time>
        <extensions>
          <ns3:TrackPointExtension>
            <ns3:hr>114</ns3:hr>
          </ns3:TrackPointExtension>
        </extensions>
      </trkpt>
      <trkpt lat="31.19020122103393077850341796875" lon="121.444536745548248291015625">
        <ele>4.400000095367431640625</ele>
        <time>2026-09-23T11:05:49.000Z</time>
        <extensions>
          <ns3:TrackPointExtension>
            <ns3:hr>114</ns3:hr>
          </ns3:TrackPointExtension>
        </extensions>
      </trkpt>
      <trkpt lat="31.19037053547799587249755859375" lon="121.4444467239081859588623046875">
        <ele>4.19999980926513671875</ele>
        <time>2026-09-23T11:05:53.000Z</time>
        <extensions>
          <ns3:TrackPointExtension>
            <ns3:hr>113</ns3:hr>
          </ns3:TrackPointExtension>
        </extensions>
      </trkpt>
      <trkpt lat="31.1904408596456050872802734375" lon="121.4443873800337314605712890625">
        <ele>4.19999980926513671875</ele>
        <time>2026-09-23T11:05:55.000Z</time>
        <extensions>
          <ns3:TrackPointExtension>
            <ns3:hr>112</ns3:hr>
          </ns3:TrackPointExtension>
        </extensions>
      </trkpt>
      <trkpt lat="31.19052258320152759552001953125" lon="121.4443334005773067474365234375">
        <ele>4.19999980926513671875</ele>
        <time>2026-09-23T11:05:57.000Z</time>
        <extensions>
          <ns3:TrackPointExtension>
            <ns3:hr>112</ns3:hr>
          </ns3:TrackPointExtension>
        </extensions>
      </trkpt>
      <trkpt lat="31.19070195592939853668212890625" lon="121.44424933008849620819091796875">
        <ele>4</ele>
        <time>2026-09-23T11:06:01.000Z</time>
        <extensions>
          <ns3:TrackPointExtension>
            <ns3:hr>114</ns3:hr>
          </ns3:TrackPointExtension>
        </extensions>
      </trkpt>
      <trkpt lat="31.191106550395488739013671875" lon="121.44403609447181224822998046875">
        <ele>3.7999999523162841796875</ele>
        <time>2026-09-23T11:06:10.000Z</time>
        <extensions>
          <ns3:TrackPointExtension>
            <ns3:hr>112</ns3:hr>
          </ns3:TrackPointExtension>
        </extensions>
      </trkpt>
      <trkpt lat="31.19152271188795566558837890625" lon="121.4437897503376007080078125">
        <ele>3.7999999523162841796875</ele>
        <time>2026-09-23T11:06:19.000Z</time>
        <extensions>
          <ns3:TrackPointExtension>
            <ns3:hr>115</ns3:hr>
          </ns3:TrackPointExtension>
        </extensions>
      </trkpt>
      <trkpt lat="31.19196510873734951019287109375" lon="121.44355396740138530731201171875">
        <ele>3.7999999523162841796875</ele>
        <time>2026-09-23T11:06:29.000Z</time>
        <extensions>
          <ns3:TrackPointExtension>
            <ns3:hr>112</ns3:hr>
          </ns3:TrackPointExtension>
        </extensions>
      </trkpt>
      <trkpt lat="31.1920102871954441070556640625" lon="121.44353167153894901275634765625">
        <ele>3.7999999523162841796875</ele>
        <time>2026-09-23T11:06:30.000Z</time>
        <extensions>
          <ns3:TrackPointExtension>
            <ns3:hr>111</ns3:hr>
          </ns3:TrackPointExtension>
        </extensions>
      </trkpt>
      <trkpt lat="31.19223366491496562957763671875" lon="121.44341080449521541595458984375">
        <ele>3.7999999523162841796875</ele>
        <time>2026-09-23T11:06:35.000Z</time>
        <extensions>
          <ns3:TrackPointExtension>
            <ns3:hr>114</ns3:hr>
          </ns3:TrackPointExtension>
        </extensions>
      </trkpt>
      <trkpt lat="31.1924424581229686737060546875" lon="121.4433034323155879974365234375">
        <ele>3.7999999523162841796875</ele>
        <time>2026-09-23T11:06:40.000Z</time>
        <extensions>
          <ns3:TrackPointExtension>
            <ns3:hr>116</ns3:hr>
          </ns3:TrackPointExtension>
        </extensions>
      </trkpt>
      <trkpt lat="31.19265829212963581085205078125" lon="121.443190611898899078369140625">
        <ele>3.7999999523162841796875</ele>
        <time>2026-09-23T11:06:45.000Z</time>
        <extensions>
          <ns3:TrackPointExtension>
            <ns3:hr>116</ns3:hr>
          </ns3:TrackPointExtension>
        </extensions>
      </trkpt>
      <trkpt lat="31.1926996149122714996337890625" lon="121.44316789694130420684814453125">
        <ele>3.7999999523162841796875</ele>
        <time>2026-09-23T11:06:46.000Z</time>
        <extensions>
          <ns3:TrackPointExtension>
            <ns3:hr>116</ns3:hr>
          </ns3:TrackPointExtension>
        </extensions>
      </trkpt>
      <trkpt lat="31.19298644363880157470703125" lon="121.443018615245819091796875">
        <ele>3.7999999523162841796875</ele>
        <time>2026-09-23T11:06:53.000Z</time>
        <extensions>
          <ns3:TrackPointExtension>
            <ns3:hr>114</ns3:hr>
          </ns3:TrackPointExtension>
        </extensions>
      </trkpt>
      <trkpt lat="31.1931569315493106842041015625" lon="121.4429617859423160552978515625">
        <ele>3.7999999523162841796875</ele>
        <time>2026-09-23T11:06:58.000Z</time>
        <extensions>
          <ns3:TrackPointExtension>
            <ns3:hr>113</ns3:hr>
          </ns3:TrackPointExtension>
        </extensions>
      </trkpt>
      <trkpt lat="31.19339019991457462310791015625" lon="121.4428501389920711517333984375">
        <ele>3.7999999523162841796875</ele>
        <time>2026-09-23T11:07:04.000Z</time>
        <extensions>
          <ns3:TrackPointExtension>
            <ns3:hr>113</ns3:hr>
          </ns3:TrackPointExtension>
        </extensions>
      </trkpt>
      <trkpt lat="31.19347058236598968505859375" lon="121.44277076236903667449951171875">
        <ele>4</ele>
        <time>2026-09-23T11:07:07.000Z</time>
        <extensions>
          <ns3:TrackPointExtension>
            <ns3:hr>116</ns3:hr>
          </ns3:TrackPointExtension>
        </extensions>
      </trkpt>
      <trkpt lat="31.19349782355129718780517578125" lon="121.44275114871561527252197265625">
        <ele>4</ele>
        <time>2026-09-23T11:07:08.000Z</time>
        <extensions>
          <ns3:TrackPointExtension>
            <ns3:hr>116</ns3:hr>
          </ns3:TrackPointExtension>
        </extensions>
      </trkpt>
      <trkpt lat="31.193660683929920196533203125" lon="121.442662887275218963623046875">
        <ele>4</ele>
        <time>2026-09-23T11:07:13.000Z</time>
        <extensions>
          <ns3:TrackPointExtension>
            <ns3:hr>115</ns3:hr>
          </ns3:TrackPointExtension>
        </extensions>
      </trkpt>
      <trkpt lat="31.19391323067247867584228515625" lon="121.4425282739102840423583984375">
        <ele>3.599999904632568359375</ele>
        <time>2026-09-23T11:07:19.000Z</time>
        <extensions>
          <ns3:TrackPointExtension>
            <ns3:hr>114</ns3:hr>
          </ns3:TrackPointExtension>
        </extensions>
      </trkpt>
      <trkpt lat="31.19421078823506832122802734375" lon="121.44237228669226169586181640625">
        <ele>4</ele>
        <time>2026-09-23T11:07:26.000Z</time>
        <extensions>
          <ns3:TrackPointExtension>
            <ns3:hr>117</ns3:hr>
          </ns3:TrackPointExtension>
        </extensions>
      </trkpt>
      <trkpt lat="31.19433559477329254150390625" lon="121.4423069916665554046630859375">
        <ele>4</ele>
        <time>2026-09-23T11:07:29.000Z</time>
        <extensions>
          <ns3:TrackPointExtension>
            <ns3:hr>117</ns3:hr>
          </ns3:TrackPointExtension>
        </extensions>
      </trkpt>
      <trkpt lat="31.19482484646141529083251953125" lon="121.4420756511390209197998046875">
        <ele>4</ele>
        <time>2026-09-23T11:07:40.000Z</time>
        <extensions>
          <ns3:TrackPointExtension>
            <ns3:hr>116</ns3:hr>
          </ns3:TrackPointExtension>
        </extensions>
      </trkpt>
      <trkpt lat="31.1949784867465496063232421875" lon="121.44200733862817287445068359375">
        <ele>4</ele>
        <time>2026-09-23T11:07:45.000Z</time>
        <extensions>
          <ns3:TrackPointExtension>
            <ns3:hr>116</ns3:hr>
          </ns3:TrackPointExtension>
        </extensions>
      </trkpt>
      <trkpt lat="31.1950549297034740447998046875" lon="121.44197858870029449462890625">
        <ele>4</ele>
        <time>2026-09-23T11:07:50.000Z</time>
        <extensions>
          <ns3:TrackPointExtension>
            <ns3:hr>114</ns3:hr>
          </ns3:TrackPointExtension>
        </extensions>
      </trkpt>
      <trkpt lat="31.1952446959912776947021484375" lon="121.4419106952846050262451171875">
        <ele>4</ele>
        <time>2026-09-23T11:07:56.000Z</time>
        <extensions>
          <ns3:TrackPointExtension>
            <ns3:hr>116</ns3:hr>
          </ns3:TrackPointExtension>
        </extensions>
      </trkpt>
      <trkpt lat="31.19532155804336071014404296875" lon="121.44187456928193569183349609375">
        <ele>4</ele>
        <time>2026-09-23T11:07:58.000Z</time>
        <extensions>
          <ns3:TrackPointExtension>
            <ns3:hr>119</ns3:hr>
          </ns3:TrackPointExtension>
        </extensions>
      </trkpt>
      <trkpt lat="31.19557343423366546630859375" lon="121.44176024012267589569091796875">
        <ele>4</ele>
        <time>2026-09-23T11:08:04.000Z</time>
        <extensions>
          <ns3:TrackPointExtension>
            <ns3:hr>118</ns3:hr>
          </ns3:TrackPointExtension>
        </extensions>
      </trkpt>
      <trkpt lat="31.19595573283731937408447265625" lon="121.44158841110765933990478515625">
        <ele>3.7999999523162841796875</ele>
        <time>2026-09-23T11:08:13.000Z</time>
        <extensions>
          <ns3:TrackPointExtension>
            <ns3:hr>118</ns3:hr>
          </ns3:TrackPointExtension>
        </extensions>
      </trkpt>
      <trkpt lat="31.1963259615004062652587890625" lon="121.4414154924452304840087890625">
        <ele>4</ele>
        <time>2026-09-23T11:08:22.000Z</time>
        <extensions>
          <ns3:TrackPointExtension>
            <ns3:hr>118</ns3:hr>
          </ns3:TrackPointExtension>
        </extensions>
      </trkpt>
      <trkpt lat="31.1966206692159175872802734375" lon="121.44129269756376743316650390625">
        <ele>4</ele>
        <time>2026-09-23T11:08:29.000Z</time>
        <extensions>
          <ns3:TrackPointExtension>
            <ns3:hr>118</ns3:hr>
          </ns3:TrackPointExtension>
        </extensions>
      </trkpt>
      <trkpt lat="31.19695167057216167449951171875" lon="121.441175602376461029052734375">
        <ele>4</ele>
        <time>2026-09-23T11:08:37.000Z</time>
        <extensions>
          <ns3:TrackPointExtension>
            <ns3:hr>118</ns3:hr>
          </ns3:TrackPointExtension>
        </extensions>
      </trkpt>
      <trkpt lat="31.1972905509173870086669921875" lon="121.44103151746094226837158203125">
        <ele>3.7999999523162841796875</ele>
        <time>2026-09-23T11:08:45.000Z</time>
        <extensions>
          <ns3:TrackPointExtension>
            <ns3:hr>118</ns3:hr>
          </ns3:TrackPointExtension>
        </extensions>
      </trkpt>
      <trkpt lat="31.1977381445467472076416015625" lon="121.4408438466489315032958984375">
        <ele>4.19999980926513671875</ele>
        <time>2026-09-23T11:08:56.000Z</time>
        <extensions>
          <ns3:TrackPointExtension>
            <ns3:hr>119</ns3:hr>
          </ns3:TrackPointExtension>
        </extensions>
      </trkpt>
      <trkpt lat="31.19808473624289035797119140625" lon="121.4407026953995227813720703125">
        <ele>4</ele>
        <time>2026-09-23T11:09:04.000Z</time>
        <extensions>
          <ns3:TrackPointExtension>
            <ns3:hr>120</ns3:hr>
          </ns3:TrackPointExtension>
        </extensions>
      </trkpt>
      <trkpt lat="31.19838438928127288818359375" lon="121.44056280143558979034423828125">
        <ele>4.19999980926513671875</ele>
        <time>2026-09-23T11:09:11.000Z</time>
        <extensions>
          <ns3:TrackPointExtension>
            <ns3:hr>123</ns3:hr>
          </ns3:TrackPointExtension>
        </extensions>
      </trkpt>
      <trkpt lat="31.19851238094270229339599609375" lon="121.44050831906497478485107421875">
        <ele>4.19999980926513671875</ele>
        <time>2026-09-23T11:09:14.000Z</time>
        <extensions>
          <ns3:TrackPointExtension>
            <ns3:hr>123</ns3:hr>
          </ns3:TrackPointExtension>
        </extensions>
      </trkpt>
      <trkpt lat="31.1988163925707340240478515625" lon="121.44040237180888652801513671875">
        <ele>5</ele>
        <time>2026-09-23T11:09:22.000Z</time>
        <extensions>
          <ns3:TrackPointExtension>
            <ns3:hr>122</ns3:hr>
          </ns3:TrackPointExtension>
        </extensions>
      </trkpt>
      <trkpt lat="31.1989738047122955322265625" lon="121.4403637312352657318115234375">
        <ele>5.19999980926513671875</ele>
        <time>2026-09-23T11:09:26.000Z</time>
        <extensions>
          <ns3:TrackPointExtension>
            <ns3:hr>120</ns3:hr>
          </ns3:TrackPointExtension>
        </extensions>
      </trkpt>
      <trkpt lat="31.19901378639042377471923828125" lon="121.4403323829174041748046875">
        <ele>5</ele>
        <time>2026-09-23T11:09:27.000Z</time>
        <extensions>
          <ns3:TrackPointExtension>
            <ns3:hr>118</ns3:hr>
          </ns3:TrackPointExtension>
        </extensions>
      </trkpt>
      <trkpt lat="31.19937906973063945770263671875" lon="121.4400981925427913665771484375">
        <ele>5.19999980926513671875</ele>
        <time>2026-09-23T11:09:36.000Z</time>
        <extensions>
          <ns3:TrackPointExtension>
            <ns3:hr>119</ns3:hr>
          </ns3:TrackPointExtension>
        </extensions>
      </trkpt>
      <trkpt lat="31.19946473278105258941650390625" lon="121.44005267880856990814208984375">
        <ele>4.80000019073486328125</ele>
        <time>2026-09-23T11:09:38.000Z</time>
        <extensions>
          <ns3:TrackPointExtension>
            <ns3:hr>123</ns3:hr>
          </ns3:TrackPointExtension>
        </extensions>
      </trkpt>
      <trkpt lat="31.1997420899569988250732421875" lon="121.43991270102560520172119140625">
        <ele>4.400000095367431640625</ele>
        <time>2026-09-23T11:09:44.000Z</time>
        <extensions>
          <ns3:TrackPointExtension>
            <ns3:hr>123</ns3:hr>
          </ns3:TrackPointExtension>
        </extensions>
      </trkpt>
      <trkpt lat="31.2000961415469646453857421875" lon="121.43969200551509857177734375">
        <ele>4.400000095367431640625</ele>
        <time>2026-09-23T11:09:52.000Z</time>
        <extensions>
          <ns3:TrackPointExtension>
            <ns3:hr>121</ns3:hr>
          </ns3:TrackPointExtension>
        </extensions>
      </trkpt>
      <trkpt lat="31.20037333108484745025634765625" lon="121.439513973891735076904296875">
        <ele>4.19999980926513671875</ele>
        <time>2026-09-23T11:09:58.000Z</time>
        <extensions>
          <ns3:TrackPointExtension>
            <ns3:hr>118</ns3:hr>
          </ns3:TrackPointExtension>
        </extensions>
      </trkpt>
      <trkpt lat="31.2004216946661472320556640625" lon="121.43948279321193695068359375">
        <ele>4.19999980926513671875</ele>
        <time>2026-09-23T11:09:59.000Z</time>
        <extensions>
          <ns3:TrackPointExtension>
            <ns3:hr>118</ns3:hr>
          </ns3:TrackPointExtension>
        </extensions>
      </trkpt>
      <trkpt lat="31.2005122192203998565673828125" lon="121.4394256286323070526123046875">
        <ele>4</ele>
        <time>2026-09-23T11:10:01.000Z</time>
        <extensions>
          <ns3:TrackPointExtension>
            <ns3:hr>117</ns3:hr>
          </ns3:TrackPointExtension>
        </extensions>
      </trkpt>
      <trkpt lat="31.20086970739066600799560546875" lon="121.4392164163291454315185546875">
        <ele>4.19999980926513671875</ele>
        <time>2026-09-23T11:10:09.000Z</time>
        <extensions>
          <ns3:TrackPointExtension>
            <ns3:hr>115</ns3:hr>
          </ns3:TrackPointExtension>
        </extensions>
      </trkpt>
      <trkpt lat="31.2011381797492504119873046875" lon="121.43904869444668292999267578125">
        <ele>4</ele>
        <time>2026-09-23T11:10:15.000Z</time>
        <extensions>
          <ns3:TrackPointExtension>
            <ns3:hr>114</ns3:hr>
          </ns3:TrackPointExtension>
        </extensions>
      </trkpt>
      <trkpt lat="31.2014996074140071868896484375" lon="121.43882355652749538421630859375">
        <ele>3.7999999523162841796875</ele>
        <time>2026-09-23T11:10:23.000Z</time>
        <extensions>
          <ns3:TrackPointExtension>
            <ns3:hr>114</ns3:hr>
          </ns3:TrackPointExtension>
        </extensions>
      </trkpt>
      <trkpt lat="31.20170571841299533843994140625" lon="121.43870956264436244964599609375">
        <ele>3.7999999523162841796875</ele>
        <time>2026-09-23T11:10:29.000Z</time>
        <extensions>
          <ns3:TrackPointExtension>
            <ns3:hr>111</ns3:hr>
          </ns3:TrackPointExtension>
        </extensions>
      </trkpt>
      <trkpt lat="31.20175366289913654327392578125" lon="121.438684500753879547119140625">
        <ele>3.7999999523162841796875</ele>
        <time>2026-09-23T11:10:31.000Z</time>
        <extensions>
          <ns3:TrackPointExtension>
            <ns3:hr>114</ns3:hr>
          </ns3:TrackPointExtension>
        </extensions>
      </trkpt>
      <trkpt lat="31.201775372028350830078125" lon="121.43865793012082576751708984375">
        <ele>4</ele>
        <time>2026-09-23T11:10:34.000Z</time>
        <extensions>
          <ns3:TrackPointExtension>
            <ns3:hr>115</ns3:hr>
          </ns3:TrackPointExtension>
        </extensions>
      </trkpt>
      <trkpt lat="31.20177579112350940704345703125" lon="121.43865608610212802886962890625">
        <ele>4</ele>
        <time>2026-09-23T11:10:35.000Z</time>
        <extensions>
          <ns3:TrackPointExtension>
            <ns3:hr>115</ns3:hr>
          </ns3:TrackPointExtension>
        </extensions>
      </trkpt>
      <trkpt lat="31.201797164976596832275390625" lon="121.43862825818359851837158203125">
        <ele>4</ele>
        <time>2026-09-23T11:12:26.000Z</time>
        <extensions>
          <ns3:TrackPointExtension>
            <ns3:hr>98</ns3:hr>
          </ns3:TrackPointExtension>
        </extensions>
      </trkpt>
      <trkpt lat="31.20181166566908359527587890625" lon="121.438603699207305908203125">
        <ele>4</ele>
        <time>2026-09-23T11:12:27.000Z</time>
        <extensions>
          <ns3:TrackPointExtension>
            <ns3:hr>98</ns3:hr>
          </ns3:TrackPointExtension>
        </extensions>
      </trkpt>
      <trkpt lat="31.20183010585606098175048828125" lon="121.43857025541365146636962890625">
        <ele>4</ele>
        <time>2026-09-23T11:12:28.000Z</time>
        <extensions>
          <ns3:TrackPointExtension>
            <ns3:hr>98</ns3:hr>
          </ns3:TrackPointExtension>
        </extensions>
      </trkpt>
      <trkpt lat="31.2018907070159912109375" lon="121.4383574388921260833740234375">
        <ele>4</ele>
        <time>2026-09-23T11:12:33.000Z</time>
        <extensions>
          <ns3:TrackPointExtension>
            <ns3:hr>97</ns3:hr>
          </ns3:TrackPointExtension>
        </extensions>
      </trkpt>
      <trkpt lat="31.20187260210514068603515625" lon="121.4381396770477294921875">
        <ele>4.19999980926513671875</ele>
        <time>2026-09-23T11:12:38.000Z</time>
        <extensions>
          <ns3:TrackPointExtension>
            <ns3:hr>96</ns3:hr>
          </ns3:TrackPointExtension>
        </extensions>
      </trkpt>
      <trkpt lat="31.2018062174320220947265625" lon="121.43788143061101436614990234375">
        <ele>3.7999999523162841796875</ele>
        <time>2026-09-23T11:12:44.000Z</time>
        <extensions>
          <ns3:TrackPointExtension>
            <ns3:hr>97</ns3:hr>
          </ns3:TrackPointExtension>
        </extensions>
      </trkpt>
      <trkpt lat="31.201758272945880889892578125" lon="121.4377415366470813751220703125">
        <ele>4</ele>
        <time>2026-09-23T11:12:47.000Z</time>
        <extensions>
          <ns3:TrackPointExtension>
            <ns3:hr>101</ns3:hr>
          </ns3:TrackPointExtension>
        </extensions>
      </trkpt>
      <trkpt lat="31.20174326933920383453369140625" lon="121.43769317306578159332275390625">
        <ele>4</ele>
        <time>2026-09-23T11:12:48.000Z</time>
        <extensions>
          <ns3:TrackPointExtension>
            <ns3:hr>105</ns3:hr>
          </ns3:TrackPointExtension>
        </extensions>
      </trkpt>
      <trkpt lat="31.201717369258403778076171875" lon="121.437595523893833160400390625">
        <ele>4.19999980926513671875</ele>
        <time>2026-09-23T11:12:50.000Z</time>
        <extensions>
          <ns3:TrackPointExtension>
            <ns3:hr>108</ns3:hr>
          </ns3:TrackPointExtension>
        </extensions>
      </trkpt>
      <trkpt lat="31.20158351026475429534912109375" lon="121.43720157444477081298828125">
        <ele>4.19999980926513671875</ele>
        <time>2026-09-23T11:12:59.000Z</time>
        <extensions>
          <ns3:TrackPointExtension>
            <ns3:hr>111</ns3:hr>
          </ns3:TrackPointExtension>
        </extensions>
      </trkpt>
      <trkpt lat="31.2015133537352085113525390625" lon="121.43691516481339931488037109375">
        <ele>4.19999980926513671875</ele>
        <time>2026-09-23T11:13:05.000Z</time>
        <extensions>
          <ns3:TrackPointExtension>
            <ns3:hr>113</ns3:hr>
          </ns3:TrackPointExtension>
        </extensions>
      </trkpt>
      <trkpt lat="31.20146247558295726776123046875" lon="121.43671366386115550994873046875">
        <ele>4.19999980926513671875</ele>
        <time>2026-09-23T11:13:09.000Z</time>
        <extensions>
          <ns3:TrackPointExtension>
            <ns3:hr>113</ns3:hr>
          </ns3:TrackPointExtension>
        </extensions>
      </trkpt>
      <trkpt lat="31.20141821913421154022216796875" lon="121.4365627057850360870361328125">
        <ele>4.19999980926513671875</ele>
        <time>2026-09-23T11:13:12.000Z</time>
        <extensions>
          <ns3:TrackPointExtension>
            <ns3:hr>112</ns3:hr>
          </ns3:TrackPointExtension>
        </extensions>
      </trkpt>
      <trkpt lat="31.2013178877532482147216796875" lon="121.4362706802785396575927734375">
        <ele>4.19999980926513671875</ele>
        <time>2026-09-23T11:13:18.000Z</time>
        <extensions>
          <ns3:TrackPointExtension>
            <ns3:hr>116</ns3:hr>
          </ns3:TrackPointExtension>
        </extensions>
      </trkpt>
      <trkpt lat="31.20129953138530254364013671875" lon="121.43622080795466899871826171875">
        <ele>4.400000095367431640625</ele>
        <time>2026-09-23T11:13:19.000Z</time>
        <extensions>
          <ns3:TrackPointExtension>
            <ns3:hr>116</ns3:hr>
          </ns3:TrackPointExtension>
        </extensions>
      </trkpt>
      <trkpt lat="31.2012464739382266998291015625" lon="121.43601058982312679290771484375">
        <ele>4.400000095367431640625</ele>
        <time>2026-09-23T11:13:24.000Z</time>
        <extensions>
          <ns3:TrackPointExtension>
            <ns3:hr>115</ns3:hr>
          </ns3:TrackPointExtension>
        </extensions>
      </trkpt>
      <trkpt lat="31.2012471444904804229736328125" lon="121.4359984360635280609130859375">
        <ele>4.599999904632568359375</ele>
        <time>2026-09-23T11:13:26.000Z</time>
        <extensions>
          <ns3:TrackPointExtension>
            <ns3:hr>114</ns3:hr>
          </ns3:TrackPointExtension>
        </extensions>
      </trkpt>
      <trkpt lat="31.20125024579465389251708984375" lon="121.43597287125885486602783203125">
        <ele>4.599999904632568359375</ele>
        <time>2026-09-23T11:13:28.000Z</time>
        <extensions>
          <ns3:TrackPointExtension>
            <ns3:hr>115</ns3:hr>
          </ns3:TrackPointExtension>
        </extensions>
      </trkpt>
      <trkpt lat="31.20134152472019195556640625" lon="121.43590816296637058258056640625">
        <ele>4.400000095367431640625</ele>
        <time>2026-09-23T11:13:31.000Z</time>
        <extensions>
          <ns3:TrackPointExtension>
            <ns3:hr>114</ns3:hr>
          </ns3:TrackPointExtension>
        </extensions>
      </trkpt>
      <trkpt lat="31.2014184705913066864013671875" lon="121.4358666725456714630126953125">
        <ele>4.400000095367431640625</ele>
        <time>2026-09-23T11:13:33.000Z</time>
        <extensions>
          <ns3:TrackPointExtension>
            <ns3:hr>114</ns3:hr>
          </ns3:TrackPointExtension>
        </extensions>
      </trkpt>
      <trkpt lat="31.20157487690448760986328125" lon="121.4357945881783962249755859375">
        <ele>4.19999980926513671875</ele>
        <time>2026-09-23T11:13:37.000Z</time>
        <extensions>
          <ns3:TrackPointExtension>
            <ns3:hr>112</ns3:hr>
          </ns3:TrackPointExtension>
        </extensions>
      </trkpt>
      <trkpt lat="31.2018482945859432220458984375" lon="121.43564497120678424835205078125">
        <ele>4.19999980926513671875</ele>
        <time>2026-09-23T11:13:44.000Z</time>
        <extensions>
          <ns3:TrackPointExtension>
            <ns3:hr>115</ns3:hr>
          </ns3:TrackPointExtension>
        </extensions>
      </trkpt>
      <trkpt lat="31.20189012028276920318603515625" lon="121.43562334589660167694091796875">
        <ele>4.19999980926513671875</ele>
        <time>2026-09-23T11:13:45.000Z</time>
        <extensions>
          <ns3:TrackPointExtension>
            <ns3:hr>116</ns3:hr>
          </ns3:TrackPointExtension>
        </extensions>
      </trkpt>
      <trkpt lat="31.20213923044502735137939453125" lon="121.43549426458775997161865234375">
        <ele>4.400000095367431640625</ele>
        <time>2026-09-23T11:13:51.000Z</time>
        <extensions>
          <ns3:TrackPointExtension>
            <ns3:hr>116</ns3:hr>
          </ns3:TrackPointExtension>
        </extensions>
      </trkpt>
      <trkpt lat="31.20237476192414760589599609375" lon="121.435353197157382965087890625">
        <ele>4.19999980926513671875</ele>
        <time>2026-09-23T11:13:57.000Z</time>
        <extensions>
          <ns3:TrackPointExtension>
            <ns3:hr>118</ns3:hr>
          </ns3:TrackPointExtension>
        </extensions>
      </trkpt>
      <trkpt lat="31.2026841379702091217041015625" lon="121.43520659767091274261474609375">
        <ele>4.19999980926513671875</ele>
        <time>2026-09-23T11:14:04.000Z</time>
        <extensions>
          <ns3:TrackPointExtension>
            <ns3:hr>118</ns3:hr>
          </ns3:TrackPointExtension>
        </extensions>
      </trkpt>
      <trkpt lat="31.20297088287770748138427734375" lon="121.43505102954804897308349609375">
        <ele>4.19999980926513671875</ele>
        <time>2026-09-23T11:14:11.000Z</time>
        <extensions>
          <ns3:TrackPointExtension>
            <ns3:hr>118</ns3:hr>
          </ns3:TrackPointExtension>
        </extensions>
      </trkpt>
      <trkpt lat="31.20316215790808200836181640625" lon="121.4349580742418766021728515625">
        <ele>4.19999980926513671875</ele>
        <time>2026-09-23T11:14:17.000Z</time>
        <extensions>
          <ns3:TrackPointExtension>
            <ns3:hr>117</ns3:hr>
          </ns3:TrackPointExtension>
        </extensions>
      </trkpt>
      <trkpt lat="31.203317977488040924072265625" lon="121.43488490022718906402587890625">
        <ele>4</ele>
        <time>2026-09-23T11:14:24.000Z</time>
        <extensions>
          <ns3:TrackPointExtension>
            <ns3:hr>118</ns3:hr>
          </ns3:TrackPointExtension>
        </extensions>
      </trkpt>
      <trkpt lat="31.2034557759761810302734375" lon="121.43479831516742706298828125">
        <ele>4</ele>
        <time>2026-09-23T11:14:29.000Z</time>
        <extensions>
          <ns3:TrackPointExtension>
            <ns3:hr>115</ns3:hr>
          </ns3:TrackPointExtension>
        </extensions>
      </trkpt>
      <trkpt lat="31.2035219930112361907958984375" lon="121.434759758412837982177734375">
        <ele>4</ele>
        <time>2026-09-23T11:14:31.000Z</time>
        <extensions>
          <ns3:TrackPointExtension>
            <ns3:hr>112</ns3:hr>
          </ns3:TrackPointExtension>
        </extensions>
      </trkpt>
      <trkpt lat="31.2035518325865268707275390625" lon="121.43474441953003406524658203125">
        <ele>4</ele>
        <time>2026-09-23T11:14:32.000Z</time>
        <extensions>
          <ns3:TrackPointExtension>
            <ns3:hr>111</ns3:hr>
          </ns3:TrackPointExtension>
        </extensions>
      </trkpt>
      <trkpt lat="31.203767918050289154052734375" lon="121.4346154220402240753173828125">
        <ele>4</ele>
        <time>2026-09-23T11:14:39.000Z</time>
        <extensions>
          <ns3:TrackPointExtension>
            <ns3:hr>113</ns3:hr>
          </ns3:TrackPointExtension>
        </extensions>
      </trkpt>
      <trkpt lat="31.20376548729836940765380859375" lon="121.4346167631447315216064453125">
        <ele>4.19999980926513671875</ele>
        <time>2026-09-23T11:14:42.000Z</time>
        <extensions>
          <ns3:TrackPointExtension>
            <ns3:hr>114</ns3:hr>
          </ns3:TrackPointExtension>
        </extensions>
      </trkpt>
      <trkpt lat="31.203820221126079559326171875" lon="121.4345852471888065338134765625">
        <ele>4.19999980926513671875</ele>
        <time>2026-09-23T11:15:49.000Z</time>
        <extensions>
          <ns3:TrackPointExtension>
            <ns3:hr>100</ns3:hr>
          </ns3:TrackPointExtension>
        </extensions>
      </trkpt>
      <trkpt lat="31.2038435228168964385986328125" lon="121.43457460217177867889404296875">
        <ele>4.19999980926513671875</ele>
        <time>2026-09-23T11:15:50.000Z</time>
        <extensions>
          <ns3:TrackPointExtension>
            <ns3:hr>100</ns3:hr>
          </ns3:TrackPointExtension>
        </extensions>
      </trkpt>
      <trkpt lat="31.20386908762156963348388671875" lon="121.43456068821251392364501953125">
        <ele>4.19999980926513671875</ele>
        <time>2026-09-23T11:15:51.000Z</time>
        <extensions>
          <ns3:TrackPointExtension>
            <ns3:hr>101</ns3:hr>
          </ns3:TrackPointExtension>
        </extensions>
      </trkpt>
      <trkpt lat="31.20401996187865734100341796875" lon="121.4344618655741214752197265625">
        <ele>4.400000095367431640625</ele>
        <time>2026-09-23T11:15:56.000Z</time>
        <extensions>
          <ns3:TrackPointExtension>
            <ns3:hr>104</ns3:hr>
          </ns3:TrackPointExtension>
        </extensions>
      </trkpt>
      <trkpt lat="31.204085759818553924560546875" lon="121.43441651947796344757080078125">
        <ele>4.400000095367431640625</ele>
        <time>2026-09-23T11:15:58.000Z</time>
        <extensions>
          <ns3:TrackPointExtension>
            <ns3:hr>104</ns3:hr>
          </ns3:TrackPointExtension>
        </extensions>
      </trkpt>
      <trkpt lat="31.20434350334107875823974609375" lon="121.43425927497446537017822265625">
        <ele>4.400000095367431640625</ele>
        <time>2026-09-23T11:16:05.000Z</time>
        <extensions>
          <ns3:TrackPointExtension>
            <ns3:hr>106</ns3:hr>
          </ns3:TrackPointExtension>
        </extensions>
      </trkpt>
      <trkpt lat="31.204615496098995208740234375" lon="121.43408174626529216766357421875">
        <ele>4.599999904632568359375</ele>
        <time>2026-09-23T11:16:12.000Z</time>
        <extensions>
          <ns3:TrackPointExtension>
            <ns3:hr>105</ns3:hr>
          </ns3:TrackPointExtension>
        </extensions>
      </trkpt>
      <trkpt lat="31.2047727406024932861328125" lon="121.43398485146462917327880859375">
        <ele>4.400000095367431640625</ele>
        <time>2026-09-23T11:16:16.000Z</time>
        <extensions>
          <ns3:TrackPointExtension>
            <ns3:hr>105</ns3:hr>
          </ns3:TrackPointExtension>
        </extensions>
      </trkpt>
      <trkpt lat="31.204854547977447509765625" lon="121.43393875099718570709228515625">
        <ele>4.400000095367431640625</ele>
        <time>2026-09-23T11:16:18.000Z</time>
        <extensions>
          <ns3:TrackPointExtension>
            <ns3:hr>107</ns3:hr>
          </ns3:TrackPointExtension>
        </extensions>
      </trkpt>
      <trkpt lat="31.2049730680882930755615234375" lon="121.43386381678283214569091796875">
        <ele>4.599999904632568359375</ele>
        <time>2026-09-23T11:16:21.000Z</time>
        <extensions>
          <ns3:TrackPointExtension>
            <ns3:hr>110</ns3:hr>
          </ns3:TrackPointExtension>
        </extensions>
      </trkpt>
      <trkpt lat="31.20513626374304294586181640625" lon="121.43377044238150119781494140625">
        <ele>4.400000095367431640625</ele>
        <time>2026-09-23T11:16:25.000Z</time>
        <extensions>
          <ns3:TrackPointExtension>
            <ns3:hr>110</ns3:hr>
          </ns3:TrackPointExtension>
        </extensions>
      </trkpt>
      <trkpt lat="31.20544974692165851593017578125" lon="121.43357128836214542388916015625">
        <ele>4.400000095367431640625</ele>
        <time>2026-09-23T11:16:33.000Z</time>
        <extensions>
          <ns3:TrackPointExtension>
            <ns3:hr>112</ns3:hr>
          </ns3:TrackPointExtension>
        </extensions>
      </trkpt>
      <trkpt lat="31.20557094924151897430419921875" lon="121.4335173927247524261474609375">
        <ele>4.400000095367431640625</ele>
        <time>2026-09-23T11:16:38.000Z</time>
        <extensions>
          <ns3:TrackPointExtension>
            <ns3:hr>113</ns3:hr>
          </ns3:TrackPointExtension>
        </extensions>
      </trkpt>
      <trkpt lat="31.20557044632732868194580078125" lon="121.43352351151406764984130859375">
        <ele>4.400000095367431640625</ele>
        <time>2026-09-23T11:16:40.000Z</time>
        <extensions>
          <ns3:TrackPointExtension>
            <ns3:hr>113</ns3:hr>
          </ns3:TrackPointExtension>
        </extensions>
      </trkpt>
      <trkpt lat="31.205605231225490570068359375" lon="121.43349065445363521575927734375">
        <ele>4</ele>
        <time>2026-09-23T11:17:20.000Z</time>
        <extensions>
          <ns3:TrackPointExtension>
            <ns3:hr>99</ns3:hr>
          </ns3:TrackPointExtension>
        </extensions>
      </trkpt>
      <trkpt lat="31.20562325231730937957763671875" lon="121.4334774948656558990478515625">
        <ele>4</ele>
        <time>2026-09-23T11:17:21.000Z</time>
        <extensions>
          <ns3:TrackPointExtension>
            <ns3:hr>99</ns3:hr>
          </ns3:TrackPointExtension>
        </extensions>
      </trkpt>
      <trkpt lat="31.2057837657630443572998046875" lon="121.4334194920957088470458984375">
        <ele>3.7999999523162841796875</ele>
        <time>2026-09-23T11:17:26.000Z</time>
        <extensions>
          <ns3:TrackPointExtension>
            <ns3:hr>98</ns3:hr>
          </ns3:TrackPointExtension>
        </extensions>
      </trkpt>
      <trkpt lat="31.20608174242079257965087890625" lon="121.43326719291508197784423828125">
        <ele>4</ele>
        <time>2026-09-23T11:17:34.000Z</time>
        <extensions>
          <ns3:TrackPointExtension>
            <ns3:hr>100</ns3:hr>
          </ns3:TrackPointExtension>
        </extensions>
      </trkpt>
      <trkpt lat="31.20611577294766902923583984375" lon="121.433243639767169952392578125">
        <ele>3.7999999523162841796875</ele>
        <time>2026-09-23T11:17:35.000Z</time>
        <extensions>
          <ns3:TrackPointExtension>
            <ns3:hr>103</ns3:hr>
          </ns3:TrackPointExtension>
        </extensions>
      </trkpt>
      <trkpt lat="31.20622540824115276336669921875" lon="121.433185301721096038818359375">
        <ele>4</ele>
        <time>2026-09-23T11:17:38.000Z</time>
        <extensions>
          <ns3:TrackPointExtension>
            <ns3:hr>106</ns3:hr>
          </ns3:TrackPointExtension>
        </extensions>
      </trkpt>
      <trkpt lat="31.206385754048824310302734375" lon="121.433125622570514678955078125">
        <ele>4.19999980926513671875</ele>
        <time>2026-09-23T11:17:42.000Z</time>
        <extensions>
          <ns3:TrackPointExtension>
            <ns3:hr>108</ns3:hr>
          </ns3:TrackPointExtension>
        </extensions>
      </trkpt>
      <trkpt lat="31.2066997401416301727294921875" lon="121.43300668336451053619384765625">
        <ele>4.19999980926513671875</ele>
        <time>2026-09-23T11:17:49.000Z</time>
        <extensions>
          <ns3:TrackPointExtension>
            <ns3:hr>107</ns3:hr>
          </ns3:TrackPointExtension>
        </extensions>
      </trkpt>
      <trkpt lat="31.20678263716399669647216796875" lon="121.432981789112091064453125">
        <ele>4.19999980926513671875</ele>
        <time>2026-09-23T11:17:51.000Z</time>
        <extensions>
          <ns3:TrackPointExtension>
            <ns3:hr>102</ns3:hr>
          </ns3:TrackPointExtension>
        </extensions>
      </trkpt>
      <trkpt lat="31.20682756416499614715576171875" lon="121.4329645223915576934814453125">
        <ele>4.400000095367431640625</ele>
        <time>2026-09-23T11:17:52.000Z</time>
        <extensions>
          <ns3:TrackPointExtension>
            <ns3:hr>97</ns3:hr>
          </ns3:TrackPointExtension>
        </extensions>
      </trkpt>
      <trkpt lat="31.206869892776012420654296875" lon="121.4329490996897220611572265625">
        <ele>4.400000095367431640625</ele>
        <time>2026-09-23T11:17:53.000Z</time>
        <extensions>
          <ns3:TrackPointExtension>
            <ns3:hr>97</ns3:hr>
          </ns3:TrackPointExtension>
        </extensions>
      </trkpt>
      <trkpt lat="31.20700190775096416473388671875" lon="121.43290911801159381866455078125">
        <ele>4.400000095367431640625</ele>
        <time>2026-09-23T11:17:56.000Z</time>
        <extensions>
          <ns3:TrackPointExtension>
            <ns3:hr>100</ns3:hr>
          </ns3:TrackPointExtension>
        </extensions>
      </trkpt>
      <trkpt lat="31.20704465545713901519775390625" lon="121.43289537169039249420166015625">
        <ele>4.400000095367431640625</ele>
        <time>2026-09-23T11:17:57.000Z</time>
        <extensions>
          <ns3:TrackPointExtension>
            <ns3:hr>104</ns3:hr>
          </ns3:TrackPointExtension>
        </extensions>
      </trkpt>
      <trkpt lat="31.20708941482007503509521484375" lon="121.4328817091882228851318359375">
        <ele>4.400000095367431640625</ele>
        <time>2026-09-23T11:17:58.000Z</time>
        <extensions>
          <ns3:TrackPointExtension>
            <ns3:hr>108</ns3:hr>
          </ns3:TrackPointExtension>
        </extensions>
      </trkpt>
      <trkpt lat="31.20713643729686737060546875" lon="121.432868130505084991455078125">
        <ele>4.400000095367431640625</ele>
        <time>2026-09-23T11:17:59.000Z</time>
        <extensions>
          <ns3:TrackPointExtension>
            <ns3:hr>109</ns3:hr>
          </ns3:TrackPointExtension>
        </extensions>
      </trkpt>
      <trkpt lat="31.20741069316864013671875" lon="121.4327846467494964599609375">
        <ele>4.400000095367431640625</ele>
        <time>2026-09-23T11:18:05.000Z</time>
        <extensions>
          <ns3:TrackPointExtension>
            <ns3:hr>112</ns3:hr>
          </ns3:TrackPointExtension>
        </extensions>
      </trkpt>
      <trkpt lat="31.20749241672456264495849609375" lon="121.43275304697453975677490234375">
        <ele>4.400000095367431640625</ele>
        <time>2026-09-23T11:18:07.000Z</time>
        <extensions>
          <ns3:TrackPointExtension>
            <ns3:hr>112</ns3:hr>
          </ns3:TrackPointExtension>
        </extensions>
      </trkpt>
      <trkpt lat="31.2075922451913356781005859375" lon="121.43275002948939800262451171875">
        <ele>4.599999904632568359375</ele>
        <time>2026-09-23T11:18:11.000Z</time>
        <extensions>
          <ns3:TrackPointExtension>
            <ns3:hr>112</ns3:hr>
          </ns3:TrackPointExtension>
        </extensions>
      </trkpt>
      <trkpt lat="31.2076411955058574676513671875" lon="121.43275975249707698822021484375">
        <ele>4.599999904632568359375</ele>
        <time>2026-09-23T11:18:14.000Z</time>
        <extensions>
          <ns3:TrackPointExtension>
            <ns3:hr>111</ns3:hr>
          </ns3:TrackPointExtension>
        </extensions>
      </trkpt>
      <trkpt lat="31.2076888047158718109130859375" lon="121.43272086046636104583740234375">
        <ele>4.400000095367431640625</ele>
        <time>2026-09-23T11:18:16.000Z</time>
        <extensions>
          <ns3:TrackPointExtension>
            <ns3:hr>111</ns3:hr>
          </ns3:TrackPointExtension>
        </extensions>
      </trkpt>
      <trkpt lat="31.207840181887149810791015625" lon="121.4326263964176177978515625">
        <ele>4.19999980926513671875</ele>
        <time>2026-09-23T11:18:21.000Z</time>
        <extensions>
          <ns3:TrackPointExtension>
            <ns3:hr>111</ns3:hr>
          </ns3:TrackPointExtension>
        </extensions>
      </trkpt>
      <trkpt lat="31.20821066200733184814453125" lon="121.4324408210813999176025390625">
        <ele>4.400000095367431640625</ele>
        <time>2026-09-23T11:18:30.000Z</time>
        <extensions>
          <ns3:TrackPointExtension>
            <ns3:hr>110</ns3:hr>
          </ns3:TrackPointExtension>
        </extensions>
      </trkpt>
      <trkpt lat="31.20833538472652435302734375" lon="121.432386338710784912109375">
        <ele>4.400000095367431640625</ele>
        <time>2026-09-23T11:18:33.000Z</time>
        <extensions>
          <ns3:TrackPointExtension>
            <ns3:hr>113</ns3:hr>
          </ns3:TrackPointExtension>
        </extensions>
      </trkpt>
      <trkpt lat="31.2084193713963031768798828125" lon="121.4323469437658786773681640625">
        <ele>4.400000095367431640625</ele>
        <time>2026-09-23T11:18:35.000Z</time>
        <extensions>
          <ns3:TrackPointExtension>
            <ns3:hr>116</ns3:hr>
          </ns3:TrackPointExtension>
        </extensions>
      </trkpt>
      <trkpt lat="31.20867325924336910247802734375" lon="121.4322420023381710052490234375">
        <ele>4.400000095367431640625</ele>
        <time>2026-09-23T11:18:41.000Z</time>
        <extensions>
          <ns3:TrackPointExtension>
            <ns3:hr>116</ns3:hr>
          </ns3:TrackPointExtension>
        </extensions>
      </trkpt>
      <trkpt lat="31.20887174271047115325927734375" lon="121.43216262571513652801513671875">
        <ele>4.400000095367431640625</ele>
        <time>2026-09-23T11:18:46.000Z</time>
        <extensions>
          <ns3:TrackPointExtension>
            <ns3:hr>116</ns3:hr>
          </ns3:TrackPointExtension>
        </extensions>
      </trkpt>
      <trkpt lat="31.20903921313583850860595703125" lon="121.43207453191280364990234375">
        <ele>4.400000095367431640625</ele>
        <time>2026-09-23T11:18:50.000Z</time>
        <extensions>
          <ns3:TrackPointExtension>
            <ns3:hr>116</ns3:hr>
          </ns3:TrackPointExtension>
        </extensions>
      </trkpt>
      <trkpt lat="31.209394522011280059814453125" lon="121.4319332130253314971923828125">
        <ele>4.400000095367431640625</ele>
        <time>2026-09-23T11:18:58.000Z</time>
        <extensions>
          <ns3:TrackPointExtension>
            <ns3:hr>115</ns3:hr>
          </ns3:TrackPointExtension>
        </extensions>
      </trkpt>
      <trkpt lat="31.20957230217754840850830078125" lon="121.4318537525832653045654296875">
        <ele>4.19999980926513671875</ele>
        <time>2026-09-23T11:19:02.000Z</time>
        <extensions>
          <ns3:TrackPointExtension>
            <ns3:hr>118</ns3:hr>
          </ns3:TrackPointExtension>
        </extensions>
      </trkpt>
      <trkpt lat="31.209790818393230438232421875" lon="121.43176582641899585723876953125">
        <ele>4.19999980926513671875</ele>
        <time>2026-09-23T11:19:07.000Z</time>
        <extensions>
          <ns3:TrackPointExtension>
            <ns3:hr>119</ns3:hr>
          </ns3:TrackPointExtension>
        </extensions>
      </trkpt>
      <trkpt lat="31.21014897711575031280517578125" lon="121.4316066540777683258056640625">
        <ele>4.19999980926513671875</ele>
        <time>2026-09-23T11:19:15.000Z</time>
        <extensions>
          <ns3:TrackPointExtension>
            <ns3:hr>118</ns3:hr>
          </ns3:TrackPointExtension>
        </extensions>
      </trkpt>
      <trkpt lat="31.2105456925928592681884765625" lon="121.431462652981281280517578125">
        <ele>4</ele>
        <time>2026-09-23T11:19:24.000Z</time>
        <extensions>
          <ns3:TrackPointExtension>
            <ns3:hr>116</ns3:hr>
          </ns3:TrackPointExtension>
        </extensions>
      </trkpt>
      <trkpt lat="31.210811398923397064208984375" lon="121.4313689433038234710693359375">
        <ele>4.19999980926513671875</ele>
        <time>2026-09-23T11:19:30.000Z</time>
        <extensions>
          <ns3:TrackPointExtension>
            <ns3:hr>113</ns3:hr>
          </ns3:TrackPointExtension>
        </extensions>
      </trkpt>
      <trkpt lat="31.211045086383819580078125" lon="121.43129509873688220977783203125">
        <ele>4.19999980926513671875</ele>
        <time>2026-09-23T11:19:35.000Z</time>
        <extensions>
          <ns3:TrackPointExtension>
            <ns3:hr>115</ns3:hr>
          </ns3:TrackPointExtension>
        </extensions>
      </trkpt>
      <trkpt lat="31.21142218820750713348388671875" lon="121.4311677776277065277099609375">
        <ele>4.19999980926513671875</ele>
        <time>2026-09-23T11:19:43.000Z</time>
        <extensions>
          <ns3:TrackPointExtension>
            <ns3:hr>117</ns3:hr>
          </ns3:TrackPointExtension>
        </extensions>
      </trkpt>
      <trkpt lat="31.21170063503086566925048828125" lon="121.43106937408447265625">
        <ele>4.19999980926513671875</ele>
        <time>2026-09-23T11:19:49.000Z</time>
        <extensions>
          <ns3:TrackPointExtension>
            <ns3:hr>120</ns3:hr>
          </ns3:TrackPointExtension>
        </extensions>
      </trkpt>
      <trkpt lat="31.21186760254204273223876953125" lon="121.4309967868030071258544921875">
        <ele>4.19999980926513671875</ele>
        <time>2026-09-23T11:19:53.000Z</time>
        <extensions>
          <ns3:TrackPointExtension>
            <ns3:hr>120</ns3:hr>
          </ns3:TrackPointExtension>
        </extensions>
      </trkpt>
      <trkpt lat="31.212088130414485931396484375" lon="121.430926211178302764892578125">
        <ele>4</ele>
        <time>2026-09-23T11:19:58.000Z</time>
        <extensions>
          <ns3:TrackPointExtension>
            <ns3:hr>117</ns3:hr>
          </ns3:TrackPointExtension>
        </extensions>
      </trkpt>
      <trkpt lat="31.21218024753034114837646484375" lon="121.43090433441102504730224609375">
        <ele>4</ele>
        <time>2026-09-23T11:20:00.000Z</time>
        <extensions>
          <ns3:TrackPointExtension>
            <ns3:hr>116</ns3:hr>
          </ns3:TrackPointExtension>
        </extensions>
      </trkpt>
      <trkpt lat="31.21261811815202236175537109375" lon="121.43069059588015079498291015625">
        <ele>4</ele>
        <time>2026-09-23T11:20:10.000Z</time>
        <extensions>
          <ns3:TrackPointExtension>
            <ns3:hr>116</ns3:hr>
          </ns3:TrackPointExtension>
        </extensions>
      </trkpt>
      <trkpt lat="31.2127590179443359375" lon="121.43061214126646518707275390625">
        <ele>4</ele>
        <time>2026-09-23T11:20:15.000Z</time>
        <extensions>
          <ns3:TrackPointExtension>
            <ns3:hr>116</ns3:hr>
          </ns3:TrackPointExtension>
        </extensions>
      </trkpt>
      <trkpt lat="31.2127870135009288787841796875" lon="121.4305800385773181915283203125">
        <ele>4.19999980926513671875</ele>
        <time>2026-09-23T11:20:19.000Z</time>
        <extensions>
          <ns3:TrackPointExtension>
            <ns3:hr>115</ns3:hr>
          </ns3:TrackPointExtension>
        </extensions>
      </trkpt>
      <trkpt lat="31.2128354609012603759765625" lon="121.4306018315255641937255859375">
        <ele>4</ele>
        <time>2026-09-23T11:20:51.000Z</time>
        <extensions>
          <ns3:TrackPointExtension>
            <ns3:hr>106</ns3:hr>
          </ns3:TrackPointExtension>
        </extensions>
      </trkpt>
      <trkpt lat="31.21285633184015750885009765625" lon="121.43059663474559783935546875">
        <ele>4.19999980926513671875</ele>
        <time>2026-09-23T11:20:52.000Z</time>
        <extensions>
          <ns3:TrackPointExtension>
            <ns3:hr>106</ns3:hr>
          </ns3:TrackPointExtension>
        </extensions>
      </trkpt>
      <trkpt lat="31.212952136993408203125" lon="121.4305438287556171417236328125">
        <ele>4.400000095367431640625</ele>
        <time>2026-09-23T11:20:56.000Z</time>
        <extensions>
          <ns3:TrackPointExtension>
            <ns3:hr>105</ns3:hr>
          </ns3:TrackPointExtension>
        </extensions>
      </trkpt>
      <trkpt lat="31.21299446560442447662353515625" lon="121.430391781032085418701171875">
        <ele>4.400000095367431640625</ele>
        <time>2026-09-23T11:21:01.000Z</time>
        <extensions>
          <ns3:TrackPointExtension>
            <ns3:hr>106</ns3:hr>
          </ns3:TrackPointExtension>
        </extensions>
      </trkpt>
      <trkpt lat="31.21296680532395839691162109375" lon="121.4302632026374340057373046875">
        <ele>4.599999904632568359375</ele>
        <time>2026-09-23T11:21:04.000Z</time>
        <extensions>
          <ns3:TrackPointExtension>
            <ns3:hr>106</ns3:hr>
          </ns3:TrackPointExtension>
        </extensions>
      </trkpt>
      <trkpt lat="31.21294836513698101043701171875" lon="121.4301706664264202117919921875">
        <ele>4.599999904632568359375</ele>
        <time>2026-09-23T11:21:06.000Z</time>
        <extensions>
          <ns3:TrackPointExtension>
            <ns3:hr>106</ns3:hr>
          </ns3:TrackPointExtension>
        </extensions>
      </trkpt>
      <trkpt lat="31.21294065378606319427490234375" lon="121.4299819059669971466064453125">
        <ele>4.599999904632568359375</ele>
        <time>2026-09-23T11:21:11.000Z</time>
        <extensions>
          <ns3:TrackPointExtension>
            <ns3:hr>108</ns3:hr>
          </ns3:TrackPointExtension>
        </extensions>
      </trkpt>
      <trkpt lat="31.213022880256175994873046875" lon="121.4298615418374538421630859375">
        <ele>4.599999904632568359375</ele>
        <time>2026-09-23T11:21:15.000Z</time>
        <extensions>
          <ns3:TrackPointExtension>
            <ns3:hr>108</ns3:hr>
          </ns3:TrackPointExtension>
        </extensions>
      </trkpt>
      <trkpt lat="31.21320602484047412872314453125" lon="121.42980999313294887542724609375">
        <ele>4.599999904632568359375</ele>
        <time>2026-09-23T11:21:20.000Z</time>
        <extensions>
          <ns3:TrackPointExtension>
            <ns3:hr>110</ns3:hr>
          </ns3:TrackPointExtension>
        </extensions>
      </trkpt>
      <trkpt lat="31.213326640427112579345703125" lon="121.4297730289399623870849609375">
        <ele>4.80000019073486328125</ele>
        <time>2026-09-23T11:21:23.000Z</time>
        <extensions>
          <ns3:TrackPointExtension>
            <ns3:hr>110</ns3:hr>
          </ns3:TrackPointExtension>
        </extensions>
      </trkpt>
      <trkpt lat="31.21344541199505329132080078125" lon="121.4297136850655078887939453125">
        <ele>4.80000019073486328125</ele>
        <time>2026-09-23T11:21:26.000Z</time>
        <extensions>
          <ns3:TrackPointExtension>
            <ns3:hr>110</ns3:hr>
          </ns3:TrackPointExtension>
        </extensions>
      </trkpt>
      <trkpt lat="31.2137526087462902069091796875" lon="121.4295661635696887969970703125">
        <ele>4.400000095367431640625</ele>
        <time>2026-09-23T11:21:33.000Z</time>
        <extensions>
          <ns3:TrackPointExtension>
            <ns3:hr>112</ns3:hr>
          </ns3:TrackPointExtension>
        </extensions>
      </trkpt>
      <trkpt lat="31.21412384323775768280029296875" lon="121.42938653938472270965576171875">
        <ele>4.400000095367431640625</ele>
        <time>2026-09-23T11:21:41.000Z</time>
        <extensions>
          <ns3:TrackPointExtension>
            <ns3:hr>111</ns3:hr>
          </ns3:TrackPointExtension>
        </extensions>
      </trkpt>
      <trkpt lat="31.2145616300404071807861328125" lon="121.42917112447321414947509765625">
        <ele>3.7999999523162841796875</ele>
        <time>2026-09-23T11:21:50.000Z</time>
        <extensions>
          <ns3:TrackPointExtension>
            <ns3:hr>113</ns3:hr>
          </ns3:TrackPointExtension>
        </extensions>
      </trkpt>
      <trkpt lat="31.21496588923037052154541015625" lon="121.42899661324918270111083984375">
        <ele>4</ele>
        <time>2026-09-23T11:21:58.000Z</time>
        <extensions>
          <ns3:TrackPointExtension>
            <ns3:hr>113</ns3:hr>
          </ns3:TrackPointExtension>
        </extensions>
      </trkpt>
      <trkpt lat="31.215382553637027740478515625" lon="121.4288122951984405517578125">
        <ele>4</ele>
        <time>2026-09-23T11:22:06.000Z</time>
        <extensions>
          <ns3:TrackPointExtension>
            <ns3:hr>112</ns3:hr>
          </ns3:TrackPointExtension>
        </extensions>
      </trkpt>
      <trkpt lat="31.215727217495441436767578125" lon="121.42866401933133602142333984375">
        <ele>4</ele>
        <time>2026-09-23T11:22:13.000Z</time>
        <extensions>
          <ns3:TrackPointExtension>
            <ns3:hr>116</ns3:hr>
          </ns3:TrackPointExtension>
        </extensions>
      </trkpt>
      <trkpt lat="31.21576569043099880218505859375" lon="121.4286471717059612274169921875">
        <ele>4</ele>
        <time>2026-09-23T11:22:14.000Z</time>
        <extensions>
          <ns3:TrackPointExtension>
            <ns3:hr>116</ns3:hr>
          </ns3:TrackPointExtension>
        </extensions>
      </trkpt>
      <trkpt lat="31.21583727188408374786376953125" lon="121.42862093634903430938720703125">
        <ele>4.400000095367431640625</ele>
        <time>2026-09-23T11:22:18.000Z</time>
        <extensions>
          <ns3:TrackPointExtension>
            <ns3:hr>117</ns3:hr>
          </ns3:TrackPointExtension>
        </extensions>
      </trkpt>
      <trkpt lat="31.21585051529109477996826171875" lon="121.42861909233033657073974609375">
        <ele>4.400000095367431640625</ele>
        <time>2026-09-23T11:22:19.000Z</time>
        <extensions>
          <ns3:TrackPointExtension>
            <ns3:hr>117</ns3:hr>
          </ns3:TrackPointExtension>
        </extensions>
      </trkpt>
      <trkpt lat="31.21585889719426631927490234375" lon="121.428630240261554718017578125">
        <ele>3.599999904632568359375</ele>
        <time>2026-09-23T11:24:31.000Z</time>
        <extensions>
          <ns3:TrackPointExtension>
            <ns3:hr>90</ns3:hr>
          </ns3:TrackPointExtension>
        </extensions>
      </trkpt>
      <trkpt lat="31.21588152833282947540283203125" lon="121.42862143926322460174560546875">
        <ele>3.400000095367431640625</ele>
        <time>2026-09-23T11:24:32.000Z</time>
        <extensions>
          <ns3:TrackPointExtension>
            <ns3:hr>90</ns3:hr>
          </ns3:TrackPointExtension>
        </extensions>
      </trkpt>
      <trkpt lat="31.21591069735586643218994140625" lon="121.4286116324365139007568359375">
        <ele>3.400000095367431640625</ele>
        <time>2026-09-23T11:24:33.000Z</time>
        <extensions>
          <ns3:TrackPointExtension>
            <ns3:hr>90</ns3:hr>
          </ns3:TrackPointExtension>
        </extensions>
      </trkpt>
      <trkpt lat="31.2160997092723846435546875" lon="121.42854147590696811676025390625">
        <ele>3.7999999523162841796875</ele>
        <time>2026-09-23T11:24:38.000Z</time>
        <extensions>
          <ns3:TrackPointExtension>
            <ns3:hr>90</ns3:hr>
          </ns3:TrackPointExtension>
        </extensions>
      </trkpt>
      <trkpt lat="31.2161283753812313079833984375" lon="121.42852655611932277679443359375">
        <ele>3.7999999523162841796875</ele>
        <time>2026-09-23T11:24:39.000Z</time>
        <extensions>
          <ns3:TrackPointExtension>
            <ns3:hr>90</ns3:hr>
          </ns3:TrackPointExtension>
        </extensions>
      </trkpt>
      <trkpt lat="31.21627782471477985382080078125" lon="121.42843234352767467498779296875">
        <ele>3.400000095367431640625</ele>
        <time>2026-09-23T11:24:42.000Z</time>
        <extensions>
          <ns3:TrackPointExtension>
            <ns3:hr>91</ns3:hr>
          </ns3:TrackPointExtension>
        </extensions>
      </trkpt>
      <trkpt lat="31.216320656239986419677734375" lon="121.42842697910964488983154296875">
        <ele>3.2000000476837158203125</ele>
        <time>2026-09-23T11:24:43.000Z</time>
        <extensions>
          <ns3:TrackPointExtension>
            <ns3:hr>91</ns3:hr>
          </ns3:TrackPointExtension>
        </extensions>
      </trkpt>
      <trkpt lat="31.21640606783330440521240234375" lon="121.42838708125054836273193359375">
        <ele>3.2000000476837158203125</ele>
        <time>2026-09-23T11:24:45.000Z</time>
        <extensions>
          <ns3:TrackPointExtension>
            <ns3:hr>90</ns3:hr>
          </ns3:TrackPointExtension>
        </extensions>
      </trkpt>
      <trkpt lat="31.21644211001694202423095703125" lon="121.42837031744420528411865234375">
        <ele>3.400000095367431640625</ele>
        <time>2026-09-23T11:24:46.000Z</time>
        <extensions>
          <ns3:TrackPointExtension>
            <ns3:hr>91</ns3:hr>
          </ns3:TrackPointExtension>
        </extensions>
      </trkpt>
      <trkpt lat="31.2167244963347911834716796875" lon="121.42824743874371051788330078125">
        <ele>3.599999904632568359375</ele>
        <time>2026-09-23T11:24:52.000Z</time>
        <extensions>
          <ns3:TrackPointExtension>
            <ns3:hr>91</ns3:hr>
          </ns3:TrackPointExtension>
        </extensions>
      </trkpt>
      <trkpt lat="31.21698006056249141693115234375" lon="121.4281476102769374847412109375">
        <ele>3.599999904632568359375</ele>
        <time>2026-09-23T11:24:57.000Z</time>
        <extensions>
          <ns3:TrackPointExtension>
            <ns3:hr>94</ns3:hr>
          </ns3:TrackPointExtension>
        </extensions>
      </trkpt>
      <trkpt lat="31.21722414158284664154052734375" lon="121.4280342869460582733154296875">
        <ele>3.400000095367431640625</ele>
        <time>2026-09-23T11:25:02.000Z</time>
        <extensions>
          <ns3:TrackPointExtension>
            <ns3:hr>96</ns3:hr>
          </ns3:TrackPointExtension>
        </extensions>
      </trkpt>
      <trkpt lat="31.217372752726078033447265625" lon="121.4279618673026561737060546875">
        <ele>3.400000095367431640625</ele>
        <time>2026-09-23T11:25:05.000Z</time>
        <extensions>
          <ns3:TrackPointExtension>
            <ns3:hr>99</ns3:hr>
          </ns3:TrackPointExtension>
        </extensions>
      </trkpt>
      <trkpt lat="31.2174220383167266845703125" lon="121.42793814651668071746826171875">
        <ele>3.400000095367431640625</ele>
        <time>2026-09-23T11:25:06.000Z</time>
        <extensions>
          <ns3:TrackPointExtension>
            <ns3:hr>103</ns3:hr>
          </ns3:TrackPointExtension>
        </extensions>
      </trkpt>
      <trkpt lat="31.2174708209931850433349609375" lon="121.42791618593037128448486328125">
        <ele>3.400000095367431640625</ele>
        <time>2026-09-23T11:25:07.000Z</time>
        <extensions>
          <ns3:TrackPointExtension>
            <ns3:hr>106</ns3:hr>
          </ns3:TrackPointExtension>
        </extensions>
      </trkpt>
      <trkpt lat="31.21752371080219745635986328125" lon="121.42789858393371105194091796875">
        <ele>3.599999904632568359375</ele>
        <time>2026-09-23T11:25:08.000Z</time>
        <extensions>
          <ns3:TrackPointExtension>
            <ns3:hr>109</ns3:hr>
          </ns3:TrackPointExtension>
        </extensions>
      </trkpt>
      <trkpt lat="31.217622198164463043212890625" lon="121.427867822349071502685546875">
        <ele>3.400000095367431640625</ele>
        <time>2026-09-23T11:25:10.000Z</time>
        <extensions>
          <ns3:TrackPointExtension>
            <ns3:hr>112</ns3:hr>
          </ns3:TrackPointExtension>
        </extensions>
      </trkpt>
      <trkpt lat="31.21771431528031826019287109375" lon="121.4278321154415607452392578125">
        <ele>3.400000095367431640625</ele>
        <time>2026-09-23T11:25:12.000Z</time>
        <extensions>
          <ns3:TrackPointExtension>
            <ns3:hr>112</ns3:hr>
          </ns3:TrackPointExtension>
        </extensions>
      </trkpt>
      <trkpt lat="31.218054704368114471435546875" lon="121.4277191273868083953857421875">
        <ele>3.599999904632568359375</ele>
        <time>2026-09-23T11:25:19.000Z</time>
        <extensions>
          <ns3:TrackPointExtension>
            <ns3:hr>115</ns3:hr>
          </ns3:TrackPointExtension>
        </extensions>
      </trkpt>
      <trkpt lat="31.21810692362487316131591796875" lon="121.42771971412003040313720703125">
        <ele>3.599999904632568359375</ele>
        <time>2026-09-23T11:25:20.000Z</time>
        <extensions>
          <ns3:TrackPointExtension>
            <ns3:hr>116</ns3:hr>
          </ns3:TrackPointExtension>
        </extensions>
      </trkpt>
      <trkpt lat="31.21834580786526203155517578125" lon="121.42765835858881473541259765625">
        <ele>3.400000095367431640625</ele>
        <time>2026-09-23T11:25:25.000Z</time>
        <extensions>
          <ns3:TrackPointExtension>
            <ns3:hr>115</ns3:hr>
          </ns3:TrackPointExtension>
        </extensions>
      </trkpt>
      <trkpt lat="31.21847807429730892181396484375" lon="121.42757588066160678863525390625">
        <ele>3.599999904632568359375</ele>
        <time>2026-09-23T11:25:28.000Z</time>
        <extensions>
          <ns3:TrackPointExtension>
            <ns3:hr>116</ns3:hr>
          </ns3:TrackPointExtension>
        </extensions>
      </trkpt>
      <trkpt lat="31.21860514394938945770263671875" lon="121.42749541439116001129150390625">
        <ele>3.599999904632568359375</ele>
        <time>2026-09-23T11:25:31.000Z</time>
        <extensions>
          <ns3:TrackPointExtension>
            <ns3:hr>115</ns3:hr>
          </ns3:TrackPointExtension>
        </extensions>
      </trkpt>
      <trkpt lat="31.21865157969295978546142578125" lon="121.4274740405380725860595703125">
        <ele>3.599999904632568359375</ele>
        <time>2026-09-23T11:25:32.000Z</time>
        <extensions>
          <ns3:TrackPointExtension>
            <ns3:hr>116</ns3:hr>
          </ns3:TrackPointExtension>
        </extensions>
      </trkpt>
      <trkpt lat="31.2189265899360179901123046875" lon="121.4273617230355739593505859375">
        <ele>3.400000095367431640625</ele>
        <time>2026-09-23T11:25:38.000Z</time>
        <extensions>
          <ns3:TrackPointExtension>
            <ns3:hr>116</ns3:hr>
          </ns3:TrackPointExtension>
        </extensions>
      </trkpt>
      <trkpt lat="31.21911828406155109405517578125" lon="121.42729458399116992950439453125">
        <ele>3.599999904632568359375</ele>
        <time>2026-09-23T11:25:42.000Z</time>
        <extensions>
          <ns3:TrackPointExtension>
            <ns3:hr>113</ns3:hr>
          </ns3:TrackPointExtension>
        </extensions>
      </trkpt>
      <trkpt lat="31.21937007643282413482666015625" lon="121.42719819210469722747802734375">
        <ele>3.599999904632568359375</ele>
        <time>2026-09-23T11:25:47.000Z</time>
        <extensions>
          <ns3:TrackPointExtension>
            <ns3:hr>116</ns3:hr>
          </ns3:TrackPointExtension>
        </extensions>
      </trkpt>
      <trkpt lat="31.2195163406431674957275390625" lon="121.4271468110382556915283203125">
        <ele>3.599999904632568359375</ele>
        <time>2026-09-23T11:25:50.000Z</time>
        <extensions>
          <ns3:TrackPointExtension>
            <ns3:hr>119</ns3:hr>
          </ns3:TrackPointExtension>
        </extensions>
      </trkpt>
      <trkpt lat="31.22000190429389476776123046875" lon="121.426962576806545257568359375">
        <ele>3.400000095367431640625</ele>
        <time>2026-09-23T11:26:00.000Z</time>
        <extensions>
          <ns3:TrackPointExtension>
            <ns3:hr>118</ns3:hr>
          </ns3:TrackPointExtension>
        </extensions>
      </trkpt>
      <trkpt lat="31.22015227563679218292236328125" lon="121.426916979253292083740234375">
        <ele>3</ele>
        <time>2026-09-23T11:26:03.000Z</time>
        <extensions>
          <ns3:TrackPointExtension>
            <ns3:hr>118</ns3:hr>
          </ns3:TrackPointExtension>
        </extensions>
      </trkpt>
      <trkpt lat="31.2203850410878658294677734375" lon="121.4268363453447818756103515625">
        <ele>3.400000095367431640625</ele>
        <time>2026-09-23T11:26:08.000Z</time>
        <extensions>
          <ns3:TrackPointExtension>
            <ns3:hr>118</ns3:hr>
          </ns3:TrackPointExtension>
        </extensions>
      </trkpt>
      <trkpt lat="31.22073255479335784912109375" lon="121.426730565726757049560546875">
        <ele>3.7999999523162841796875</ele>
        <time>2026-09-23T11:26:15.000Z</time>
        <extensions>
          <ns3:TrackPointExtension>
            <ns3:hr>117</ns3:hr>
          </ns3:TrackPointExtension>
        </extensions>
      </trkpt>
      <trkpt lat="31.22092877514660358428955078125" lon="121.4266557991504669189453125">
        <ele>3.599999904632568359375</ele>
        <time>2026-09-23T11:26:20.000Z</time>
        <extensions>
          <ns3:TrackPointExtension>
            <ns3:hr>114</ns3:hr>
          </ns3:TrackPointExtension>
        </extensions>
      </trkpt>
      <trkpt lat="31.2209509871900081634521484375" lon="121.42664632759988307952880859375">
        <ele>3.599999904632568359375</ele>
        <time>2026-09-23T11:26:21.000Z</time>
        <extensions>
          <ns3:TrackPointExtension>
            <ns3:hr>114</ns3:hr>
          </ns3:TrackPointExtension>
        </extensions>
      </trkpt>
      <trkpt lat="31.22100186534225940704345703125" lon="121.42663610167801380157470703125">
        <ele>3.599999904632568359375</ele>
        <time>2026-09-23T11:26:24.000Z</time>
        <extensions>
          <ns3:TrackPointExtension>
            <ns3:hr>114</ns3:hr>
          </ns3:TrackPointExtension>
        </extensions>
      </trkpt>
      <trkpt lat="31.2210324592888355255126953125" lon="121.42663459293544292449951171875">
        <ele>3.400000095367431640625</ele>
        <time>2026-09-23T11:26:26.000Z</time>
        <extensions>
          <ns3:TrackPointExtension>
            <ns3:hr>114</ns3:hr>
          </ns3:TrackPointExtension>
        </extensions>
      </trkpt>
      <trkpt lat="31.22106573544442653656005859375" lon="121.42662319354712963104248046875">
        <ele>3.400000095367431640625</ele>
        <time>2026-09-23T11:26:30.000Z</time>
        <extensions>
          <ns3:TrackPointExtension>
            <ns3:hr>113</ns3:hr>
          </ns3:TrackPointExtension>
        </extensions>
      </trkpt>
      <trkpt lat="31.2211129255592823028564453125" lon="121.4265604130923748016357421875">
        <ele>3.2000000476837158203125</ele>
        <time>2026-09-23T11:26:53.000Z</time>
        <extensions>
          <ns3:TrackPointExtension>
            <ns3:hr>100</ns3:hr>
          </ns3:TrackPointExtension>
        </extensions>
      </trkpt>
      <trkpt lat="31.2211288511753082275390625" lon="121.4265285618603229522705078125">
        <ele>3.2000000476837158203125</ele>
        <time>2026-09-23T11:26:54.000Z</time>
        <extensions>
          <ns3:TrackPointExtension>
            <ns3:hr>100</ns3:hr>
          </ns3:TrackPointExtension>
        </extensions>
      </trkpt>
      <trkpt lat="31.2211876921355724334716796875" lon="121.42637349665164947509765625">
        <ele>3.2000000476837158203125</ele>
        <time>2026-09-23T11:26:58.000Z</time>
        <extensions>
          <ns3:TrackPointExtension>
            <ns3:hr>101</ns3:hr>
          </ns3:TrackPointExtension>
        </extensions>
      </trkpt>
      <trkpt lat="31.22121660970151424407958984375" lon="121.42626947723329067230224609375">
        <ele>3.2000000476837158203125</ele>
        <time>2026-09-23T11:27:02.000Z</time>
        <extensions>
          <ns3:TrackPointExtension>
            <ns3:hr>101</ns3:hr>
          </ns3:TrackPointExtension>
        </extensions>
      </trkpt>
      <trkpt lat="31.2212289310991764068603515625" lon="121.42627014778554439544677734375">
        <ele>3.2000000476837158203125</ele>
        <time>2026-09-23T11:27:03.000Z</time>
        <extensions>
          <ns3:TrackPointExtension>
            <ns3:hr>102</ns3:hr>
          </ns3:TrackPointExtension>
        </extensions>
      </trkpt>
      <trkpt lat="31.22123069129884243011474609375" lon="121.42626754939556121826171875">
        <ele>3.2000000476837158203125</ele>
        <time>2026-09-23T11:27:05.000Z</time>
        <extensions>
          <ns3:TrackPointExtension>
            <ns3:hr>105</ns3:hr>
          </ns3:TrackPointExtension>
        </extensions>
      </trkpt>
      <trkpt lat="31.22128349728882312774658203125" lon="121.426285989582538604736328125">
        <ele>3.2000000476837158203125</ele>
        <time>2026-09-23T11:27:11.000Z</time>
        <extensions>
          <ns3:TrackPointExtension>
            <ns3:hr>109</ns3:hr>
          </ns3:TrackPointExtension>
        </extensions>
      </trkpt>
      <trkpt lat="31.22130881063640117645263671875" lon="121.42630367539823055267333984375">
        <ele>3.2000000476837158203125</ele>
        <time>2026-09-23T11:27:12.000Z</time>
        <extensions>
          <ns3:TrackPointExtension>
            <ns3:hr>109</ns3:hr>
          </ns3:TrackPointExtension>
        </extensions>
      </trkpt>
      <trkpt lat="31.22142255306243896484375" lon="121.426446251571178436279296875">
        <ele>3</ele>
        <time>2026-09-23T11:27:17.000Z</time>
        <extensions>
          <ns3:TrackPointExtension>
            <ns3:hr>108</ns3:hr>
          </ns3:TrackPointExtension>
        </extensions>
      </trkpt>
      <trkpt lat="31.22148600406944751739501953125" lon="121.42646594904363155364990234375">
        <ele>3</ele>
        <time>2026-09-23T11:27:19.000Z</time>
        <extensions>
          <ns3:TrackPointExtension>
            <ns3:hr>107</ns3:hr>
          </ns3:TrackPointExtension>
        </extensions>
      </trkpt>
      <trkpt lat="31.221559680998325347900390625" lon="121.426430828869342803955078125">
        <ele>3.2000000476837158203125</ele>
        <time>2026-09-23T11:27:21.000Z</time>
        <extensions>
          <ns3:TrackPointExtension>
            <ns3:hr>107</ns3:hr>
          </ns3:TrackPointExtension>
        </extensions>
      </trkpt>
      <trkpt lat="31.22179764322936534881591796875" lon="121.42633988521993160247802734375">
        <ele>3.2000000476837158203125</ele>
        <time>2026-09-23T11:27:27.000Z</time>
        <extensions>
          <ns3:TrackPointExtension>
            <ns3:hr>105</ns3:hr>
          </ns3:TrackPointExtension>
        </extensions>
      </trkpt>
      <trkpt lat="31.222253702580928802490234375" lon="121.426156572997570037841796875">
        <ele>3.599999904632568359375</ele>
        <time>2026-09-23T11:27:37.000Z</time>
        <extensions>
          <ns3:TrackPointExtension>
            <ns3:hr>108</ns3:hr>
          </ns3:TrackPointExtension>
        </extensions>
      </trkpt>
      <trkpt lat="31.2223457358777523040771484375" lon="121.42611944116652011871337890625">
        <ele>3.400000095367431640625</ele>
        <time>2026-09-23T11:27:39.000Z</time>
        <extensions>
          <ns3:TrackPointExtension>
            <ns3:hr>112</ns3:hr>
          </ns3:TrackPointExtension>
        </extensions>
      </trkpt>
      <trkpt lat="31.2224382720887660980224609375" lon="121.42608306370675563812255859375">
        <ele>3.599999904632568359375</ele>
        <time>2026-09-23T11:27:41.000Z</time>
        <extensions>
          <ns3:TrackPointExtension>
            <ns3:hr>115</ns3:hr>
          </ns3:TrackPointExtension>
        </extensions>
      </trkpt>
      <trkpt lat="31.2226300500333309173583984375" lon="121.42601802013814449310302734375">
        <ele>3.599999904632568359375</ele>
        <time>2026-09-23T11:27:45.000Z</time>
        <extensions>
          <ns3:TrackPointExtension>
            <ns3:hr>116</ns3:hr>
          </ns3:TrackPointExtension>
        </extensions>
      </trkpt>
      <trkpt lat="31.2229787372052669525146484375" lon="121.425948701798915863037109375">
        <ele>3.7999999523162841796875</ele>
        <time>2026-09-23T11:27:52.000Z</time>
        <extensions>
          <ns3:TrackPointExtension>
            <ns3:hr>115</ns3:hr>
          </ns3:TrackPointExtension>
        </extensions>
      </trkpt>
      <trkpt lat="31.2234967388212680816650390625" lon="121.42573655582964420318603515625">
        <ele>3.400000095367431640625</ele>
        <time>2026-09-23T11:28:03.000Z</time>
        <extensions>
          <ns3:TrackPointExtension>
            <ns3:hr>115</ns3:hr>
          </ns3:TrackPointExtension>
        </extensions>
      </trkpt>
      <trkpt lat="31.22385053895413875579833984375" lon="121.42553857527673244476318359375">
        <ele>3.400000095367431640625</ele>
        <time>2026-09-23T11:28:11.000Z</time>
        <extensions>
          <ns3:TrackPointExtension>
            <ns3:hr>114</ns3:hr>
          </ns3:TrackPointExtension>
        </extensions>
      </trkpt>
      <trkpt lat="31.22417517006397247314453125" lon="121.42533724196255207061767578125">
        <ele>3.599999904632568359375</ele>
        <time>2026-09-23T11:28:19.000Z</time>
        <extensions>
          <ns3:TrackPointExtension>
            <ns3:hr>114</ns3:hr>
          </ns3:TrackPointExtension>
        </extensions>
      </trkpt>
      <trkpt lat="31.2243664450943470001220703125" lon="121.42517530359327793121337890625">
        <ele>3.400000095367431640625</ele>
        <time>2026-09-23T11:28:25.000Z</time>
        <extensions>
          <ns3:TrackPointExtension>
            <ns3:hr>116</ns3:hr>
          </ns3:TrackPointExtension>
        </extensions>
      </trkpt>
      <trkpt lat="31.2247151322662830352783203125" lon="121.42483700998127460479736328125">
        <ele>3.599999904632568359375</ele>
        <time>2026-09-23T11:28:35.000Z</time>
        <extensions>
          <ns3:TrackPointExtension>
            <ns3:hr>117</ns3:hr>
          </ns3:TrackPointExtension>
        </extensions>
      </trkpt>
      <trkpt lat="31.2248857878148555755615234375" lon="121.42469736747443675994873046875">
        <ele>4</ele>
        <time>2026-09-23T11:28:41.000Z</time>
        <extensions>
          <ns3:TrackPointExtension>
            <ns3:hr>118</ns3:hr>
          </ns3:TrackPointExtension>
        </extensions>
      </trkpt>
      <trkpt lat="31.2249022163450717926025390625" lon="121.42467842437326908111572265625">
        <ele>4</ele>
        <time>2026-09-23T11:28:42.000Z</time>
        <extensions>
          <ns3:TrackPointExtension>
            <ns3:hr>117</ns3:hr>
          </ns3:TrackPointExtension>
        </extensions>
      </trkpt>
      <trkpt lat="31.22489827685058116912841796875" lon="121.42465688288211822509765625">
        <ele>4.19999980926513671875</ele>
        <time>2026-09-23T11:28:45.000Z</time>
        <extensions>
          <ns3:TrackPointExtension>
            <ns3:hr>116</ns3:hr>
          </ns3:TrackPointExtension>
        </extensions>
      </trkpt>
      <trkpt lat="31.22492409311234951019287109375" lon="121.4246003888547420501708984375">
        <ele>4</ele>
        <time>2026-09-23T11:29:38.000Z</time>
        <extensions>
          <ns3:TrackPointExtension>
            <ns3:hr>96</ns3:hr>
          </ns3:TrackPointExtension>
        </extensions>
      </trkpt>
      <trkpt lat="31.22494236566126346588134765625" lon="121.42457851208746433258056640625">
        <ele>4.19999980926513671875</ele>
        <time>2026-09-23T11:29:39.000Z</time>
        <extensions>
          <ns3:TrackPointExtension>
            <ns3:hr>96</ns3:hr>
          </ns3:TrackPointExtension>
        </extensions>
      </trkpt>
      <trkpt lat="31.22505686245858669281005859375" lon="121.4244295656681060791015625">
        <ele>4</ele>
        <time>2026-09-23T11:29:44.000Z</time>
        <extensions>
          <ns3:TrackPointExtension>
            <ns3:hr>98</ns3:hr>
          </ns3:TrackPointExtension>
        </extensions>
      </trkpt>
      <trkpt lat="31.22518594376742839813232421875" lon="121.4242766797542572021484375">
        <ele>3.7999999523162841796875</ele>
        <time>2026-09-23T11:29:49.000Z</time>
        <extensions>
          <ns3:TrackPointExtension>
            <ns3:hr>101</ns3:hr>
          </ns3:TrackPointExtension>
        </extensions>
      </trkpt>
      <trkpt lat="31.2252190522849559783935546875" lon="121.42424088902771472930908203125">
        <ele>3.7999999523162841796875</ele>
        <time>2026-09-23T11:29:50.000Z</time>
        <extensions>
          <ns3:TrackPointExtension>
            <ns3:hr>103</ns3:hr>
          </ns3:TrackPointExtension>
        </extensions>
      </trkpt>
      <trkpt lat="31.22545885853469371795654296875" lon="121.42397283576428890228271484375">
        <ele>4.19999980926513671875</ele>
        <time>2026-09-23T11:29:56.000Z</time>
        <extensions>
          <ns3:TrackPointExtension>
            <ns3:hr>105</ns3:hr>
          </ns3:TrackPointExtension>
        </extensions>
      </trkpt>
      <trkpt lat="31.2257583439350128173828125" lon="121.423640660941600799560546875">
        <ele>4.19999980926513671875</ele>
        <time>2026-09-23T11:30:04.000Z</time>
        <extensions>
          <ns3:TrackPointExtension>
            <ns3:hr>108</ns3:hr>
          </ns3:TrackPointExtension>
        </extensions>
      </trkpt>
      <trkpt lat="31.2257957272231578826904296875" lon="121.4235982485115528106689453125">
        <ele>4.19999980926513671875</ele>
        <time>2026-09-23T11:30:05.000Z</time>
        <extensions>
          <ns3:TrackPointExtension>
            <ns3:hr>108</ns3:hr>
          </ns3:TrackPointExtension>
        </extensions>
      </trkpt>
      <trkpt lat="31.2259841524064540863037109375" lon="121.42339850775897502899169921875">
        <ele>4</ele>
        <time>2026-09-23T11:30:10.000Z</time>
        <extensions>
          <ns3:TrackPointExtension>
            <ns3:hr>110</ns3:hr>
          </ns3:TrackPointExtension>
        </extensions>
      </trkpt>
      <trkpt lat="31.22611331753432750701904296875" lon="121.4232928119599819183349609375">
        <ele>4</ele>
        <time>2026-09-23T11:30:13.000Z</time>
        <extensions>
          <ns3:TrackPointExtension>
            <ns3:hr>111</ns3:hr>
          </ns3:TrackPointExtension>
        </extensions>
      </trkpt>
      <trkpt lat="31.22614164836704730987548828125" lon="121.42324813641607761383056640625">
        <ele>4</ele>
        <time>2026-09-23T11:30:14.000Z</time>
        <extensions>
          <ns3:TrackPointExtension>
            <ns3:hr>112</ns3:hr>
          </ns3:TrackPointExtension>
        </extensions>
      </trkpt>
      <trkpt lat="31.2262118048965930938720703125" lon="121.423091478645801544189453125">
        <ele>4.400000095367431640625</ele>
        <time>2026-09-23T11:30:17.000Z</time>
        <extensions>
          <ns3:TrackPointExtension>
            <ns3:hr>113</ns3:hr>
          </ns3:TrackPointExtension>
        </extensions>
      </trkpt>
      <trkpt lat="31.22642219066619873046875" lon="121.422658301889896392822265625">
        <ele>3.7999999523162841796875</ele>
        <time>2026-09-23T11:30:26.000Z</time>
        <extensions>
          <ns3:TrackPointExtension>
            <ns3:hr>114</ns3:hr>
          </ns3:TrackPointExtension>
        </extensions>
      </trkpt>
      <trkpt lat="31.2266298942267894744873046875" lon="121.42223308794200420379638671875">
        <ele>4.19999980926513671875</ele>
        <time>2026-09-23T11:30:34.000Z</time>
        <extensions>
          <ns3:TrackPointExtension>
            <ns3:hr>116</ns3:hr>
          </ns3:TrackPointExtension>
        </extensions>
      </trkpt>
      <trkpt lat="31.2269574590027332305908203125" lon="121.42168826423585414886474609375">
        <ele>4.19999980926513671875</ele>
        <time>2026-09-23T11:30:44.000Z</time>
        <extensions>
          <ns3:TrackPointExtension>
            <ns3:hr>119</ns3:hr>
          </ns3:TrackPointExtension>
        </extensions>
      </trkpt>
      <trkpt lat="31.2270302139222621917724609375" lon="121.4215963147580623626708984375">
        <ele>4.19999980926513671875</ele>
        <time>2026-09-23T11:30:46.000Z</time>
        <extensions>
          <ns3:TrackPointExtension>
            <ns3:hr>123</ns3:hr>
          </ns3:TrackPointExtension>
        </extensions>
      </trkpt>
      <trkpt lat="31.22723758220672607421875" lon="121.421416103839874267578125">
        <ele>4.19999980926513671875</ele>
        <time>2026-09-23T11:30:51.000Z</time>
        <extensions>
          <ns3:TrackPointExtension>
            <ns3:hr>122</ns3:hr>
          </ns3:TrackPointExtension>
        </extensions>
      </trkpt>
      <trkpt lat="31.2273265980184078216552734375" lon="121.42134980298578739166259765625">
        <ele>4.19999980926513671875</ele>
        <time>2026-09-23T11:30:53.000Z</time>
        <extensions>
          <ns3:TrackPointExtension>
            <ns3:hr>119</ns3:hr>
          </ns3:TrackPointExtension>
        </extensions>
      </trkpt>
      <trkpt lat="31.22749163769185543060302734375" lon="121.42121803946793079376220703125">
        <ele>4.400000095367431640625</ele>
        <time>2026-09-23T11:30:57.000Z</time>
        <extensions>
          <ns3:TrackPointExtension>
            <ns3:hr>116</ns3:hr>
          </ns3:TrackPointExtension>
        </extensions>
      </trkpt>
      <trkpt lat="31.22757294215261936187744140625" lon="121.4211453683674335479736328125">
        <ele>4.599999904632568359375</ele>
        <time>2026-09-23T11:30:59.000Z</time>
        <extensions>
          <ns3:TrackPointExtension>
            <ns3:hr>116</ns3:hr>
          </ns3:TrackPointExtension>
        </extensions>
      </trkpt>
      <trkpt lat="31.22782959602773189544677734375" lon="121.4209488965570926666259765625">
        <ele>4.80000019073486328125</ele>
        <time>2026-09-23T11:31:05.000Z</time>
        <extensions>
          <ns3:TrackPointExtension>
            <ns3:hr>117</ns3:hr>
          </ns3:TrackPointExtension>
        </extensions>
      </trkpt>
      <trkpt lat="31.22791685163974761962890625" lon="121.42090137116611003875732421875">
        <ele>4.80000019073486328125</ele>
        <time>2026-09-23T11:31:07.000Z</time>
        <extensions>
          <ns3:TrackPointExtension>
            <ns3:hr>116</ns3:hr>
          </ns3:TrackPointExtension>
        </extensions>
      </trkpt>
      <trkpt lat="31.22804651968181133270263671875" lon="121.4208794943988323211669921875">
        <ele>4.599999904632568359375</ele>
        <time>2026-09-23T11:31:10.000Z</time>
        <extensions>
          <ns3:TrackPointExtension>
            <ns3:hr>116</ns3:hr>
          </ns3:TrackPointExtension>
        </extensions>
      </trkpt>
      <trkpt lat="31.22812145389616489410400390625" lon="121.42082358710467815399169921875">
        <ele>4.80000019073486328125</ele>
        <time>2026-09-23T11:31:13.000Z</time>
        <extensions>
          <ns3:TrackPointExtension>
            <ns3:hr>115</ns3:hr>
          </ns3:TrackPointExtension>
        </extensions>
      </trkpt>
      <trkpt lat="31.22819119133055210113525390625" lon="121.42078251577913761138916015625">
        <ele>4.80000019073486328125</ele>
        <time>2026-09-23T11:31:17.000Z</time>
        <extensions>
          <ns3:TrackPointExtension>
            <ns3:hr>116</ns3:hr>
          </ns3:TrackPointExtension>
        </extensions>
      </trkpt>
      <trkpt lat="31.22835245914757251739501953125" lon="121.42067112028598785400390625">
        <ele>4.80000019073486328125</ele>
        <time>2026-09-23T11:31:23.000Z</time>
        <extensions>
          <ns3:TrackPointExtension>
            <ns3:hr>115</ns3:hr>
          </ns3:TrackPointExtension>
        </extensions>
      </trkpt>
      <trkpt lat="31.2285107932984828948974609375" lon="121.42059274949133396148681640625">
        <ele>5</ele>
        <time>2026-09-23T11:31:27.000Z</time>
        <extensions>
          <ns3:TrackPointExtension>
            <ns3:hr>116</ns3:hr>
          </ns3:TrackPointExtension>
        </extensions>
      </trkpt>
      <trkpt lat="31.22871103696525096893310546875" lon="121.42049803398549556732177734375">
        <ele>5.400000095367431640625</ele>
        <time>2026-09-23T11:31:32.000Z</time>
        <extensions>
          <ns3:TrackPointExtension>
            <ns3:hr>116</ns3:hr>
          </ns3:TrackPointExtension>
        </extensions>
      </trkpt>
      <trkpt lat="31.22892192564904689788818359375" lon="121.42038571648299694061279296875">
        <ele>6</ele>
        <time>2026-09-23T11:31:37.000Z</time>
        <extensions>
          <ns3:TrackPointExtension>
            <ns3:hr>118</ns3:hr>
          </ns3:TrackPointExtension>
        </extensions>
      </trkpt>
      <trkpt lat="31.22903977520763874053955078125" lon="121.42032017000019550323486328125">
        <ele>6.599999904632568359375</ele>
        <time>2026-09-23T11:31:40.000Z</time>
        <extensions>
          <ns3:TrackPointExtension>
            <ns3:hr>122</ns3:hr>
          </ns3:TrackPointExtension>
        </extensions>
      </trkpt>
      <trkpt lat="31.2290789186954498291015625" lon="121.42030055634677410125732421875">
        <ele>6.80000019073486328125</ele>
        <time>2026-09-23T11:31:41.000Z</time>
        <extensions>
          <ns3:TrackPointExtension>
            <ns3:hr>123</ns3:hr>
          </ns3:TrackPointExtension>
        </extensions>
      </trkpt>
      <trkpt lat="31.22914488427340984344482421875" lon="121.4202654361724853515625">
        <ele>7.19999980926513671875</ele>
        <time>2026-09-23T11:31:43.000Z</time>
        <extensions>
          <ns3:TrackPointExtension>
            <ns3:hr>124</ns3:hr>
          </ns3:TrackPointExtension>
        </extensions>
      </trkpt>
      <trkpt lat="31.22931805439293384552001953125" lon="121.420171558856964111328125">
        <ele>8.3999996185302734375</ele>
        <time>2026-09-23T11:31:48.000Z</time>
        <extensions>
          <ns3:TrackPointExtension>
            <ns3:hr>124</ns3:hr>
          </ns3:TrackPointExtension>
        </extensions>
      </trkpt>
      <trkpt lat="31.2293550185859203338623046875" lon="121.42015186138451099395751953125">
        <ele>8.3999996185302734375</ele>
        <time>2026-09-23T11:31:49.000Z</time>
        <extensions>
          <ns3:TrackPointExtension>
            <ns3:hr>123</ns3:hr>
          </ns3:TrackPointExtension>
        </extensions>
      </trkpt>
      <trkpt lat="31.22951871715486049652099609375" lon="121.4200570620596408843994140625">
        <ele>9.19999980926513671875</ele>
        <time>2026-09-23T11:31:54.000Z</time>
        <extensions>
          <ns3:TrackPointExtension>
            <ns3:hr>126</ns3:hr>
          </ns3:TrackPointExtension>
        </extensions>
      </trkpt>
      <trkpt lat="31.22958644293248653411865234375" lon="121.4200242049992084503173828125">
        <ele>9.3999996185302734375</ele>
        <time>2026-09-23T11:31:56.000Z</time>
        <extensions>
          <ns3:TrackPointExtension>
            <ns3:hr>128</ns3:hr>
          </ns3:TrackPointExtension>
        </extensions>
      </trkpt>
      <trkpt lat="31.22962114401161670684814453125" lon="121.42000459134578704833984375">
        <ele>9.3999996185302734375</ele>
        <time>2026-09-23T11:31:57.000Z</time>
        <extensions>
          <ns3:TrackPointExtension>
            <ns3:hr>128</ns3:hr>
          </ns3:TrackPointExtension>
        </extensions>
      </trkpt>
      <trkpt lat="31.2297870218753814697265625" lon="121.41992169432342052459716796875">
        <ele>10</ele>
        <time>2026-09-23T11:32:02.000Z</time>
        <extensions>
          <ns3:TrackPointExtension>
            <ns3:hr>131</ns3:hr>
          </ns3:TrackPointExtension>
        </extensions>
      </trkpt>
      <trkpt lat="31.2298988364636898040771484375" lon="121.4198656193912029266357421875">
        <ele>10.3999996185302734375</ele>
        <time>2026-09-23T11:32:05.000Z</time>
        <extensions>
          <ns3:TrackPointExtension>
            <ns3:hr>132</ns3:hr>
          </ns3:TrackPointExtension>
        </extensions>
      </trkpt>
      <trkpt lat="31.2299625389277935028076171875" lon="121.419830583035945892333984375">
        <ele>10.80000019073486328125</ele>
        <time>2026-09-23T11:32:07.000Z</time>
        <extensions>
          <ns3:TrackPointExtension>
            <ns3:hr>134</ns3:hr>
          </ns3:TrackPointExtension>
        </extensions>
      </trkpt>
      <trkpt lat="31.23036445118486881256103515625" lon="121.41963738016784191131591796875">
        <ele>11.6000003814697265625</ele>
        <time>2026-09-23T11:32:19.000Z</time>
        <extensions>
          <ns3:TrackPointExtension>
            <ns3:hr>133</ns3:hr>
          </ns3:TrackPointExtension>
        </extensions>
      </trkpt>
      <trkpt lat="31.23065211810171604156494140625" lon="121.4194887690246105194091796875">
        <ele>11.80000019073486328125</ele>
        <time>2026-09-23T11:32:27.000Z</time>
        <extensions>
          <ns3:TrackPointExtension>
            <ns3:hr>136</ns3:hr>
          </ns3:TrackPointExtension>
        </extensions>
      </trkpt>
      <trkpt lat="31.23072235845029354095458984375" lon="121.419455744326114654541015625">
        <ele>12</ele>
        <time>2026-09-23T11:32:29.000Z</time>
        <extensions>
          <ns3:TrackPointExtension>
            <ns3:hr>139</ns3:hr>
          </ns3:TrackPointExtension>
        </extensions>
      </trkpt>
      <trkpt lat="31.2307940237224102020263671875" lon="121.41941090114414691925048828125">
        <ele>11.80000019073486328125</ele>
        <time>2026-09-23T11:32:31.000Z</time>
        <extensions>
          <ns3:TrackPointExtension>
            <ns3:hr>140</ns3:hr>
          </ns3:TrackPointExtension>
        </extensions>
      </trkpt>
      <trkpt lat="31.23123298399150371551513671875" lon="121.4191836677491664886474609375">
        <ele>10.80000019073486328125</ele>
        <time>2026-09-23T11:32:41.000Z</time>
        <extensions>
          <ns3:TrackPointExtension>
            <ns3:hr>136</ns3:hr>
          </ns3:TrackPointExtension>
        </extensions>
      </trkpt>
      <trkpt lat="31.23133130371570587158203125" lon="121.41913647763431072235107421875">
        <ele>10.3999996185302734375</ele>
        <time>2026-09-23T11:32:43.000Z</time>
        <extensions>
          <ns3:TrackPointExtension>
            <ns3:hr>131</ns3:hr>
          </ns3:TrackPointExtension>
        </extensions>
      </trkpt>
      <trkpt lat="31.231600530445575714111328125" lon="121.4189939014613628387451171875">
        <ele>9.19999980926513671875</ele>
        <time>2026-09-23T11:32:48.000Z</time>
        <extensions>
          <ns3:TrackPointExtension>
            <ns3:hr>129</ns3:hr>
          </ns3:TrackPointExtension>
        </extensions>
      </trkpt>
      <trkpt lat="31.23171712271869182586669921875" lon="121.41892827115952968597412109375">
        <ele>8.80000019073486328125</ele>
        <time>2026-09-23T11:32:50.000Z</time>
        <extensions>
          <ns3:TrackPointExtension>
            <ns3:hr>128</ns3:hr>
          </ns3:TrackPointExtension>
        </extensions>
      </trkpt>
      <trkpt lat="31.23183882795274257659912109375" lon="121.41886088065803050994873046875">
        <ele>8</ele>
        <time>2026-09-23T11:32:52.000Z</time>
        <extensions>
          <ns3:TrackPointExtension>
            <ns3:hr>127</ns3:hr>
          </ns3:TrackPointExtension>
        </extensions>
      </trkpt>
      <trkpt lat="31.23209414072334766387939453125" lon="121.41872324980795383453369140625">
        <ele>7</ele>
        <time>2026-09-23T11:32:56.000Z</time>
        <extensions>
          <ns3:TrackPointExtension>
            <ns3:hr>124</ns3:hr>
          </ns3:TrackPointExtension>
        </extensions>
      </trkpt>
      <trkpt lat="31.23216035775840282440185546875" lon="121.41870028339326381683349609375">
        <ele>6.80000019073486328125</ele>
        <time>2026-09-23T11:32:57.000Z</time>
        <extensions>
          <ns3:TrackPointExtension>
            <ns3:hr>123</ns3:hr>
          </ns3:TrackPointExtension>
        </extensions>
      </trkpt>
      <trkpt lat="31.2322253175079822540283203125" lon="121.41867966391146183013916015625">
        <ele>6.400000095367431640625</ele>
        <time>2026-09-23T11:32:58.000Z</time>
        <extensions>
          <ns3:TrackPointExtension>
            <ns3:hr>122</ns3:hr>
          </ns3:TrackPointExtension>
        </extensions>
      </trkpt>
      <trkpt lat="31.2323590926826000213623046875" lon="121.4186271093785762786865234375">
        <ele>5.80000019073486328125</ele>
        <time>2026-09-23T11:33:00.000Z</time>
        <extensions>
          <ns3:TrackPointExtension>
            <ns3:hr>119</ns3:hr>
          </ns3:TrackPointExtension>
        </extensions>
      </trkpt>
      <trkpt lat="31.23253972269594669342041015625" lon="121.41853951849043369293212890625">
        <ele>5.80000019073486328125</ele>
        <time>2026-09-23T11:33:03.000Z</time>
        <extensions>
          <ns3:TrackPointExtension>
            <ns3:hr>115</ns3:hr>
          </ns3:TrackPointExtension>
        </extensions>
      </trkpt>
      <trkpt lat="31.23266058973968029022216796875" lon="121.4184782467782497406005859375">
        <ele>5.599999904632568359375</ele>
        <time>2026-09-23T11:33:05.000Z</time>
        <extensions>
          <ns3:TrackPointExtension>
            <ns3:hr>115</ns3:hr>
          </ns3:TrackPointExtension>
        </extensions>
      </trkpt>
      <trkpt lat="31.2328868173062801361083984375" lon="121.41835662536323070526123046875">
        <ele>5</ele>
        <time>2026-09-23T11:33:09.000Z</time>
        <extensions>
          <ns3:TrackPointExtension>
            <ns3:hr>112</ns3:hr>
          </ns3:TrackPointExtension>
        </extensions>
      </trkpt>
      <trkpt lat="31.23299703933298587799072265625" lon="121.418299712240695953369140625">
        <ele>4.599999904632568359375</ele>
        <time>2026-09-23T11:33:11.000Z</time>
        <extensions>
          <ns3:TrackPointExtension>
            <ns3:hr>110</ns3:hr>
          </ns3:TrackPointExtension>
        </extensions>
      </trkpt>
      <trkpt lat="31.23309896327555179595947265625" lon="121.4182241074740886688232421875">
        <ele>4.400000095367431640625</ele>
        <time>2026-09-23T11:33:13.000Z</time>
        <extensions>
          <ns3:TrackPointExtension>
            <ns3:hr>110</ns3:hr>
          </ns3:TrackPointExtension>
        </extensions>
      </trkpt>
      <trkpt lat="31.23338361270725727081298828125" lon="121.41805806197226047515869140625">
        <ele>5.19999980926513671875</ele>
        <time>2026-09-23T11:33:19.000Z</time>
        <extensions>
          <ns3:TrackPointExtension>
            <ns3:hr>109</ns3:hr>
          </ns3:TrackPointExtension>
        </extensions>
      </trkpt>
      <trkpt lat="31.2337682582437992095947265625" lon="121.4178581535816192626953125">
        <ele>5.19999980926513671875</ele>
        <time>2026-09-23T11:33:27.000Z</time>
        <extensions>
          <ns3:TrackPointExtension>
            <ns3:hr>111</ns3:hr>
          </ns3:TrackPointExtension>
        </extensions>
      </trkpt>
      <trkpt lat="31.23417318798601627349853515625" lon="121.4176591672003269195556640625">
        <ele>5</ele>
        <time>2026-09-23T11:33:36.000Z</time>
        <extensions>
          <ns3:TrackPointExtension>
            <ns3:hr>111</ns3:hr>
          </ns3:TrackPointExtension>
        </extensions>
      </trkpt>
      <trkpt lat="31.2346265651285648345947265625" lon="121.41741693019866943359375">
        <ele>5</ele>
        <time>2026-09-23T11:33:46.000Z</time>
        <extensions>
          <ns3:TrackPointExtension>
            <ns3:hr>111</ns3:hr>
          </ns3:TrackPointExtension>
        </extensions>
      </trkpt>
      <trkpt lat="31.23485983349382877349853515625" lon="121.4173324406147003173828125">
        <ele>5</ele>
        <time>2026-09-23T11:33:51.000Z</time>
        <extensions>
          <ns3:TrackPointExtension>
            <ns3:hr>114</ns3:hr>
          </ns3:TrackPointExtension>
        </extensions>
      </trkpt>
      <trkpt lat="31.23495203442871570587158203125" lon="121.4172947220504283905029296875">
        <ele>5.19999980926513671875</ele>
        <time>2026-09-23T11:33:53.000Z</time>
        <extensions>
          <ns3:TrackPointExtension>
            <ns3:hr>114</ns3:hr>
          </ns3:TrackPointExtension>
        </extensions>
      </trkpt>
      <trkpt lat="31.2351621687412261962890625" lon="121.41716220416128635406494140625">
        <ele>5.19999980926513671875</ele>
        <time>2026-09-23T11:33:58.000Z</time>
        <extensions>
          <ns3:TrackPointExtension>
            <ns3:hr>116</ns3:hr>
          </ns3:TrackPointExtension>
        </extensions>
      </trkpt>
      <trkpt lat="31.23520600609481334686279296875" lon="121.41712750308215618133544921875">
        <ele>5.19999980926513671875</ele>
        <time>2026-09-23T11:33:59.000Z</time>
        <extensions>
          <ns3:TrackPointExtension>
            <ns3:hr>117</ns3:hr>
          </ns3:TrackPointExtension>
        </extensions>
      </trkpt>
      <trkpt lat="31.2354771606624126434326171875" lon="121.41697101294994354248046875">
        <ele>5.19999980926513671875</ele>
        <time>2026-09-23T11:34:05.000Z</time>
        <extensions>
          <ns3:TrackPointExtension>
            <ns3:hr>118</ns3:hr>
          </ns3:TrackPointExtension>
        </extensions>
      </trkpt>
      <trkpt lat="31.23586901463568210601806640625" lon="121.416740007698535919189453125">
        <ele>5.19999980926513671875</ele>
        <time>2026-09-23T11:34:14.000Z</time>
        <extensions>
          <ns3:TrackPointExtension>
            <ns3:hr>118</ns3:hr>
          </ns3:TrackPointExtension>
        </extensions>
      </trkpt>
      <trkpt lat="31.23609784059226512908935546875" lon="121.41662425361573696136474609375">
        <ele>5</ele>
        <time>2026-09-23T11:34:20.000Z</time>
        <extensions>
          <ns3:TrackPointExtension>
            <ns3:hr>117</ns3:hr>
          </ns3:TrackPointExtension>
        </extensions>
      </trkpt>
      <trkpt lat="31.2361121736466884613037109375" lon="121.4166162908077239990234375">
        <ele>5</ele>
        <time>2026-09-23T11:34:23.000Z</time>
        <extensions>
          <ns3:TrackPointExtension>
            <ns3:hr>115</ns3:hr>
          </ns3:TrackPointExtension>
        </extensions>
      </trkpt>
      <trkpt lat="31.2362311966717243194580078125" lon="121.41657865606248378753662109375">
        <ele>4.400000095367431640625</ele>
        <time>2026-09-23T11:35:04.000Z</time>
        <extensions>
          <ns3:TrackPointExtension>
            <ns3:hr>107</ns3:hr>
          </ns3:TrackPointExtension>
        </extensions>
      </trkpt>
      <trkpt lat="31.23625994659960269927978515625" lon="121.41655887477099895477294921875">
        <ele>4.19999980926513671875</ele>
        <time>2026-09-23T11:35:05.000Z</time>
        <extensions>
          <ns3:TrackPointExtension>
            <ns3:hr>107</ns3:hr>
          </ns3:TrackPointExtension>
        </extensions>
      </trkpt>
      <trkpt lat="31.23641316778957843780517578125" lon="121.4164820127189159393310546875">
        <ele>4.19999980926513671875</ele>
        <time>2026-09-23T11:35:09.000Z</time>
        <extensions>
          <ns3:TrackPointExtension>
            <ns3:hr>107</ns3:hr>
          </ns3:TrackPointExtension>
        </extensions>
      </trkpt>
      <trkpt lat="31.23662573285400867462158203125" lon="121.4163641631603240966796875">
        <ele>4.400000095367431640625</ele>
        <time>2026-09-23T11:35:14.000Z</time>
        <extensions>
          <ns3:TrackPointExtension>
            <ns3:hr>106</ns3:hr>
          </ns3:TrackPointExtension>
        </extensions>
      </trkpt>
      <trkpt lat="31.2369423173367977142333984375" lon="121.41622066497802734375">
        <ele>4.599999904632568359375</ele>
        <time>2026-09-23T11:35:21.000Z</time>
        <extensions>
          <ns3:TrackPointExtension>
            <ns3:hr>109</ns3:hr>
          </ns3:TrackPointExtension>
        </extensions>
      </trkpt>
      <trkpt lat="31.237025298178195953369140625" lon="121.4161738939583301544189453125">
        <ele>4.80000019073486328125</ele>
        <time>2026-09-23T11:35:23.000Z</time>
        <extensions>
          <ns3:TrackPointExtension>
            <ns3:hr>112</ns3:hr>
          </ns3:TrackPointExtension>
        </extensions>
      </trkpt>
      <trkpt lat="31.23721598647534847259521484375" lon="121.41607649624347686767578125">
        <ele>5.19999980926513671875</ele>
        <time>2026-09-23T11:35:27.000Z</time>
        <extensions>
          <ns3:TrackPointExtension>
            <ns3:hr>115</ns3:hr>
          </ns3:TrackPointExtension>
        </extensions>
      </trkpt>
      <trkpt lat="31.237404830753803253173828125" lon="121.416002400219440460205078125">
        <ele>5</ele>
        <time>2026-09-23T11:35:31.000Z</time>
        <extensions>
          <ns3:TrackPointExtension>
            <ns3:hr>115</ns3:hr>
          </ns3:TrackPointExtension>
        </extensions>
      </trkpt>
      <trkpt lat="31.23769727535545825958251953125" lon="121.41582948155701160430908203125">
        <ele>4.400000095367431640625</ele>
        <time>2026-09-23T11:35:38.000Z</time>
        <extensions>
          <ns3:TrackPointExtension>
            <ns3:hr>114</ns3:hr>
          </ns3:TrackPointExtension>
        </extensions>
      </trkpt>
      <trkpt lat="31.238039173185825347900390625" lon="121.4155925251543521881103515625">
        <ele>4.599999904632568359375</ele>
        <time>2026-09-23T11:35:46.000Z</time>
        <extensions>
          <ns3:TrackPointExtension>
            <ns3:hr>116</ns3:hr>
          </ns3:TrackPointExtension>
        </extensions>
      </trkpt>
      <trkpt lat="31.23827361501753330230712890625" lon="121.41534903086721897125244140625">
        <ele>4.80000019073486328125</ele>
        <time>2026-09-23T11:35:52.000Z</time>
        <extensions>
          <ns3:TrackPointExtension>
            <ns3:hr>119</ns3:hr>
          </ns3:TrackPointExtension>
        </extensions>
      </trkpt>
      <trkpt lat="31.2383137643337249755859375" lon="121.41530745662748813629150390625">
        <ele>4.80000019073486328125</ele>
        <time>2026-09-23T11:35:53.000Z</time>
        <extensions>
          <ns3:TrackPointExtension>
            <ns3:hr>119</ns3:hr>
          </ns3:TrackPointExtension>
        </extensions>
      </trkpt>
      <trkpt lat="31.2385033629834651947021484375" lon="121.4151187799870967864990234375">
        <ele>5</ele>
        <time>2026-09-23T11:35:58.000Z</time>
        <extensions>
          <ns3:TrackPointExtension>
            <ns3:hr>120</ns3:hr>
          </ns3:TrackPointExtension>
        </extensions>
      </trkpt>
      <trkpt lat="31.2385757826268672943115234375" lon="121.41502951271831989288330078125">
        <ele>5</ele>
        <time>2026-09-23T11:36:00.000Z</time>
        <extensions>
          <ns3:TrackPointExtension>
            <ns3:hr>120</ns3:hr>
          </ns3:TrackPointExtension>
        </extensions>
      </trkpt>
      <trkpt lat="31.2387323565781116485595703125" lon="121.4147419296205043792724609375">
        <ele>4.80000019073486328125</ele>
        <time>2026-09-23T11:36:06.000Z</time>
        <extensions>
          <ns3:TrackPointExtension>
            <ns3:hr>120</ns3:hr>
          </ns3:TrackPointExtension>
        </extensions>
      </trkpt>
      <trkpt lat="31.2387809716165065765380859375" lon="121.4146423526108264923095703125">
        <ele>4.80000019073486328125</ele>
        <time>2026-09-23T11:36:08.000Z</time>
        <extensions>
          <ns3:TrackPointExtension>
            <ns3:hr>120</ns3:hr>
          </ns3:TrackPointExtension>
        </extensions>
      </trkpt>
      <trkpt lat="31.23889873735606670379638671875" lon="121.41446121968328952789306640625">
        <ele>5</ele>
        <time>2026-09-23T11:36:12.000Z</time>
        <extensions>
          <ns3:TrackPointExtension>
            <ns3:hr>118</ns3:hr>
          </ns3:TrackPointExtension>
        </extensions>
      </trkpt>
      <trkpt lat="31.23919009231030941009521484375" lon="121.414054445922374725341796875">
        <ele>5</ele>
        <time>2026-09-23T11:36:21.000Z</time>
        <extensions>
          <ns3:TrackPointExtension>
            <ns3:hr>120</ns3:hr>
          </ns3:TrackPointExtension>
        </extensions>
      </trkpt>
      <trkpt lat="31.23936309479176998138427734375" lon="121.4137689583003520965576171875">
        <ele>5.400000095367431640625</ele>
        <time>2026-09-23T11:36:27.000Z</time>
        <extensions>
          <ns3:TrackPointExtension>
            <ns3:hr>119</ns3:hr>
          </ns3:TrackPointExtension>
        </extensions>
      </trkpt>
      <trkpt lat="31.23962192796170711517333984375" lon="121.41337676905095577239990234375">
        <ele>5.19999980926513671875</ele>
        <time>2026-09-23T11:36:35.000Z</time>
        <extensions>
          <ns3:TrackPointExtension>
            <ns3:hr>119</ns3:hr>
          </ns3:TrackPointExtension>
        </extensions>
      </trkpt>
      <trkpt lat="31.23996131122112274169921875" lon="121.412830688059329986572265625">
        <ele>5.400000095367431640625</ele>
        <time>2026-09-23T11:36:46.000Z</time>
        <extensions>
          <ns3:TrackPointExtension>
            <ns3:hr>119</ns3:hr>
          </ns3:TrackPointExtension>
        </extensions>
      </trkpt>
      <trkpt lat="31.24026867561042308807373046875" lon="121.4123274385929107666015625">
        <ele>5.19999980926513671875</ele>
        <time>2026-09-23T11:36:56.000Z</time>
        <extensions>
          <ns3:TrackPointExtension>
            <ns3:hr>119</ns3:hr>
          </ns3:TrackPointExtension>
        </extensions>
      </trkpt>
      <trkpt lat="31.24042156152427196502685546875" lon="121.412074975669384002685546875">
        <ele>5.599999904632568359375</ele>
        <time>2026-09-23T11:37:01.000Z</time>
        <extensions>
          <ns3:TrackPointExtension>
            <ns3:hr>121</ns3:hr>
          </ns3:TrackPointExtension>
        </extensions>
      </trkpt>
      <trkpt lat="31.24046548269689083099365234375" lon="121.41198478639125823974609375">
        <ele>5.599999904632568359375</ele>
        <time>2026-09-23T11:37:03.000Z</time>
        <extensions>
          <ns3:TrackPointExtension>
            <ns3:hr>122</ns3:hr>
          </ns3:TrackPointExtension>
        </extensions>
      </trkpt>
      <trkpt lat="31.240495741367340087890625" lon="121.41195000149309635162353515625">
        <ele>5.599999904632568359375</ele>
        <time>2026-09-23T11:37:04.000Z</time>
        <extensions>
          <ns3:TrackPointExtension>
            <ns3:hr>122</ns3:hr>
          </ns3:TrackPointExtension>
        </extensions>
      </trkpt>
      <trkpt lat="31.24060101807117462158203125" lon="121.41183181665837764739990234375">
        <ele>5.400000095367431640625</ele>
        <time>2026-09-23T11:37:07.000Z</time>
        <extensions>
          <ns3:TrackPointExtension>
            <ns3:hr>122</ns3:hr>
          </ns3:TrackPointExtension>
        </extensions>
      </trkpt>
      <trkpt lat="31.24079572968184947967529296875" lon="121.411531828343868255615234375">
        <ele>5.19999980926513671875</ele>
        <time>2026-09-23T11:37:14.000Z</time>
        <extensions>
          <ns3:TrackPointExtension>
            <ns3:hr>122</ns3:hr>
          </ns3:TrackPointExtension>
        </extensions>
      </trkpt>
      <trkpt lat="31.2408456020057201385498046875" lon="121.41145915724337100982666015625">
        <ele>5</ele>
        <time>2026-09-23T11:37:19.000Z</time>
        <extensions>
          <ns3:TrackPointExtension>
            <ns3:hr>120</ns3:hr>
          </ns3:TrackPointExtension>
        </extensions>
      </trkpt>
      <trkpt lat="31.24084132723510265350341796875" lon="121.41146083362400531768798828125">
        <ele>5</ele>
        <time>2026-09-23T11:37:20.000Z</time>
        <extensions>
          <ns3:TrackPointExtension>
            <ns3:hr>119</ns3:hr>
          </ns3:TrackPointExtension>
        </extensions>
      </trkpt>
      <trkpt lat="31.24089664779603481292724609375" lon="121.411401741206645965576171875">
        <ele>5</ele>
        <time>2026-09-23T11:39:34.000Z</time>
        <extensions>
          <ns3:TrackPointExtension>
            <ns3:hr>97</ns3:hr>
          </ns3:TrackPointExtension>
        </extensions>
      </trkpt>
      <trkpt lat="31.24092380516231060028076171875" lon="121.4113583229482173919677734375">
        <ele>5</ele>
        <time>2026-09-23T11:39:36.000Z</time>
        <extensions>
          <ns3:TrackPointExtension>
            <ns3:hr>96</ns3:hr>
          </ns3:TrackPointExtension>
        </extensions>
      </trkpt>
      <trkpt lat="31.24102346599102020263671875" lon="121.41120099462568759918212890625">
        <ele>5</ele>
        <time>2026-09-23T11:39:42.000Z</time>
        <extensions>
          <ns3:TrackPointExtension>
            <ns3:hr>94</ns3:hr>
          </ns3:TrackPointExtension>
        </extensions>
      </trkpt>
      <trkpt lat="31.24119051732122898101806640625" lon="121.41092606820166110992431640625">
        <ele>5</ele>
        <time>2026-09-23T11:39:49.000Z</time>
        <extensions>
          <ns3:TrackPointExtension>
            <ns3:hr>93</ns3:hr>
          </ns3:TrackPointExtension>
        </extensions>
      </trkpt>
      <trkpt lat="31.24136804603040218353271484375" lon="121.4106445200741291046142578125">
        <ele>5.19999980926513671875</ele>
        <time>2026-09-23T11:39:56.000Z</time>
        <extensions>
          <ns3:TrackPointExtension>
            <ns3:hr>93</ns3:hr>
          </ns3:TrackPointExtension>
        </extensions>
      </trkpt>
      <trkpt lat="31.2415319122374057769775390625" lon="121.4103712700307369232177734375">
        <ele>5.19999980926513671875</ele>
        <time>2026-09-23T11:40:02.000Z</time>
        <extensions>
          <ns3:TrackPointExtension>
            <ns3:hr>97</ns3:hr>
          </ns3:TrackPointExtension>
        </extensions>
      </trkpt>
      <trkpt lat="31.24161229468882083892822265625" lon="121.4102317951619625091552734375">
        <ele>4.80000019073486328125</ele>
        <time>2026-09-23T11:40:05.000Z</time>
        <extensions>
          <ns3:TrackPointExtension>
            <ns3:hr>102</ns3:hr>
          </ns3:TrackPointExtension>
        </extensions>
      </trkpt>
      <trkpt lat="31.24164171516895294189453125" lon="121.41018779017031192779541015625">
        <ele>4.80000019073486328125</ele>
        <time>2026-09-23T11:40:06.000Z</time>
        <extensions>
          <ns3:TrackPointExtension>
            <ns3:hr>104</ns3:hr>
          </ns3:TrackPointExtension>
        </extensions>
      </trkpt>
      <trkpt lat="31.2416710518300533294677734375" lon="121.41014487482607364654541015625">
        <ele>5</ele>
        <time>2026-09-23T11:40:07.000Z</time>
        <extensions>
          <ns3:TrackPointExtension>
            <ns3:hr>109</ns3:hr>
          </ns3:TrackPointExtension>
        </extensions>
      </trkpt>
      <trkpt lat="31.2417282164096832275390625" lon="121.41005636192858219146728515625">
        <ele>5</ele>
        <time>2026-09-23T11:40:09.000Z</time>
        <extensions>
          <ns3:TrackPointExtension>
            <ns3:hr>113</ns3:hr>
          </ns3:TrackPointExtension>
        </extensions>
      </trkpt>
      <trkpt lat="31.24188956804573535919189453125" lon="121.40979367308318614959716796875">
        <ele>4.80000019073486328125</ele>
        <time>2026-09-23T11:40:15.000Z</time>
        <extensions>
          <ns3:TrackPointExtension>
            <ns3:hr>113</ns3:hr>
          </ns3:TrackPointExtension>
        </extensions>
      </trkpt>
      <trkpt lat="31.24215091578662395477294921875" lon="121.4093785174190998077392578125">
        <ele>5.80000019073486328125</ele>
        <time>2026-09-23T11:40:24.000Z</time>
        <extensions>
          <ns3:TrackPointExtension>
            <ns3:hr>113</ns3:hr>
          </ns3:TrackPointExtension>
        </extensions>
      </trkpt>
      <trkpt lat="31.24235711060464382171630859375" lon="121.40904516912996768951416015625">
        <ele>5.599999904632568359375</ele>
        <time>2026-09-23T11:40:31.000Z</time>
        <extensions>
          <ns3:TrackPointExtension>
            <ns3:hr>116</ns3:hr>
          </ns3:TrackPointExtension>
        </extensions>
      </trkpt>
      <trkpt lat="31.24238443560898303985595703125" lon="121.40899546444416046142578125">
        <ele>5.400000095367431640625</ele>
        <time>2026-09-23T11:40:32.000Z</time>
        <extensions>
          <ns3:TrackPointExtension>
            <ns3:hr>116</ns3:hr>
          </ns3:TrackPointExtension>
        </extensions>
      </trkpt>
      <trkpt lat="31.24260655604302883148193359375" lon="121.40861953608691692352294921875">
        <ele>5.400000095367431640625</ele>
        <time>2026-09-23T11:40:40.000Z</time>
        <extensions>
          <ns3:TrackPointExtension>
            <ns3:hr>115</ns3:hr>
          </ns3:TrackPointExtension>
        </extensions>
      </trkpt>
      <trkpt lat="31.24286840669810771942138671875" lon="121.40818401239812374114990234375">
        <ele>5.80000019073486328125</ele>
        <time>2026-09-23T11:40:49.000Z</time>
        <extensions>
          <ns3:TrackPointExtension>
            <ns3:hr>115</ns3:hr>
          </ns3:TrackPointExtension>
        </extensions>
      </trkpt>
      <trkpt lat="31.24295876361429691314697265625" lon="121.4080592058598995208740234375">
        <ele>5.80000019073486328125</ele>
        <time>2026-09-23T11:40:52.000Z</time>
        <extensions>
          <ns3:TrackPointExtension>
            <ns3:hr>118</ns3:hr>
          </ns3:TrackPointExtension>
        </extensions>
      </trkpt>
      <trkpt lat="31.2431181035935878753662109375" lon="121.4078593812882900238037109375">
        <ele>5.599999904632568359375</ele>
        <time>2026-09-23T11:40:57.000Z</time>
        <extensions>
          <ns3:TrackPointExtension>
            <ns3:hr>121</ns3:hr>
          </ns3:TrackPointExtension>
        </extensions>
      </trkpt>
      <trkpt lat="31.243250705301761627197265625" lon="121.40765561722218990325927734375">
        <ele>5.80000019073486328125</ele>
        <time>2026-09-23T11:41:02.000Z</time>
        <extensions>
          <ns3:TrackPointExtension>
            <ns3:hr>118</ns3:hr>
          </ns3:TrackPointExtension>
        </extensions>
      </trkpt>
      <trkpt lat="31.24330359511077404022216796875" lon="121.407568864524364471435546875">
        <ele>5.80000019073486328125</ele>
        <time>2026-09-23T11:41:04.000Z</time>
        <extensions>
          <ns3:TrackPointExtension>
            <ns3:hr>118</ns3:hr>
          </ns3:TrackPointExtension>
        </extensions>
      </trkpt>
      <trkpt lat="31.243429742753505706787109375" lon="121.40734967775642871856689453125">
        <ele>5.80000019073486328125</ele>
        <time>2026-09-23T11:41:09.000Z</time>
        <extensions>
          <ns3:TrackPointExtension>
            <ns3:hr>115</ns3:hr>
          </ns3:TrackPointExtension>
        </extensions>
      </trkpt>
      <trkpt lat="31.24349202029407024383544921875" lon="121.40723283402621746063232421875">
        <ele>5.80000019073486328125</ele>
        <time>2026-09-23T11:41:12.000Z</time>
        <extensions>
          <ns3:TrackPointExtension>
            <ns3:hr>113</ns3:hr>
          </ns3:TrackPointExtension>
        </extensions>
      </trkpt>
      <trkpt lat="31.2435252964496612548828125" lon="121.40718556009232997894287109375">
        <ele>6</ele>
        <time>2026-09-23T11:41:15.000Z</time>
        <extensions>
          <ns3:TrackPointExtension>
            <ns3:hr>111</ns3:hr>
          </ns3:TrackPointExtension>
        </extensions>
      </trkpt>
      <trkpt lat="31.24357416294515132904052734375" lon="121.4071013219654560089111328125">
        <ele>6</ele>
        <time>2026-09-23T11:41:19.000Z</time>
        <extensions>
          <ns3:TrackPointExtension>
            <ns3:hr>112</ns3:hr>
          </ns3:TrackPointExtension>
        </extensions>
      </trkpt>
      <trkpt lat="31.2437001429498195648193359375" lon="121.40707491897046566009521484375">
        <ele>6.19999980926513671875</ele>
        <time>2026-09-23T11:41:23.000Z</time>
        <extensions>
          <ns3:TrackPointExtension>
            <ns3:hr>112</ns3:hr>
          </ns3:TrackPointExtension>
        </extensions>
      </trkpt>
      <trkpt lat="31.244029216468334197998046875" lon="121.40706838108599185943603515625">
        <ele>5.80000019073486328125</ele>
        <time>2026-09-23T11:41:31.000Z</time>
        <extensions>
          <ns3:TrackPointExtension>
            <ns3:hr>114</ns3:hr>
          </ns3:TrackPointExtension>
        </extensions>
      </trkpt>
      <trkpt lat="31.24435401521623134613037109375" lon="121.40707206912338733673095703125">
        <ele>6.19999980926513671875</ele>
        <time>2026-09-23T11:41:39.000Z</time>
        <extensions>
          <ns3:TrackPointExtension>
            <ns3:hr>116</ns3:hr>
          </ns3:TrackPointExtension>
        </extensions>
      </trkpt>
      <trkpt lat="31.2444783188402652740478515625" lon="121.4070691354572772979736328125">
        <ele>6.19999980926513671875</ele>
        <time>2026-09-23T11:41:42.000Z</time>
        <extensions>
          <ns3:TrackPointExtension>
            <ns3:hr>116</ns3:hr>
          </ns3:TrackPointExtension>
        </extensions>
      </trkpt>
      <trkpt lat="31.24493806622922420501708984375" lon="121.40699051320552825927734375">
        <ele>6.400000095367431640625</ele>
        <time>2026-09-23T11:41:53.000Z</time>
        <extensions>
          <ns3:TrackPointExtension>
            <ns3:hr>114</ns3:hr>
          </ns3:TrackPointExtension>
        </extensions>
      </trkpt>
      <trkpt lat="31.2450690753757953643798828125" lon="121.40697576105594635009765625">
        <ele>6.599999904632568359375</ele>
        <time>2026-09-23T11:41:56.000Z</time>
        <extensions>
          <ns3:TrackPointExtension>
            <ns3:hr>111</ns3:hr>
          </ns3:TrackPointExtension>
        </extensions>
      </trkpt>
      <trkpt lat="31.24527032487094402313232421875" lon="121.40697777271270751953125">
        <ele>6.400000095367431640625</ele>
        <time>2026-09-23T11:42:01.000Z</time>
        <extensions>
          <ns3:TrackPointExtension>
            <ns3:hr>113</ns3:hr>
          </ns3:TrackPointExtension>
        </extensions>
      </trkpt>
      <trkpt lat="31.2454318441450595855712890625" lon="121.40696578659117221832275390625">
        <ele>6.400000095367431640625</ele>
        <time>2026-09-23T11:42:07.000Z</time>
        <extensions>
          <ns3:TrackPointExtension>
            <ns3:hr>114</ns3:hr>
          </ns3:TrackPointExtension>
        </extensions>
      </trkpt>
      <trkpt lat="31.2454522959887981414794921875" lon="121.40696310438215732574462890625">
        <ele>6.400000095367431640625</ele>
        <time>2026-09-23T11:42:09.000Z</time>
        <extensions>
          <ns3:TrackPointExtension>
            <ns3:hr>113</ns3:hr>
          </ns3:TrackPointExtension>
        </extensions>
      </trkpt>
      <trkpt lat="31.245492361485958099365234375" lon="121.40705446712672710418701171875">
        <ele>6.400000095367431640625</ele>
        <time>2026-09-23T11:42:24.000Z</time>
        <extensions>
          <ns3:TrackPointExtension>
            <ns3:hr>108</ns3:hr>
          </ns3:TrackPointExtension>
        </extensions>
      </trkpt>
      <trkpt lat="31.245497055351734161376953125" lon="121.4070785231888294219970703125">
        <ele>6.400000095367431640625</ele>
        <time>2026-09-23T11:42:25.000Z</time>
        <extensions>
          <ns3:TrackPointExtension>
            <ns3:hr>108</ns3:hr>
          </ns3:TrackPointExtension>
        </extensions>
      </trkpt>
      <trkpt lat="31.24552823603153228759765625" lon="121.40711464919149875640869140625">
        <ele>6.19999980926513671875</ele>
        <time>2026-09-23T11:42:27.000Z</time>
        <extensions>
          <ns3:TrackPointExtension>
            <ns3:hr>107</ns3:hr>
          </ns3:TrackPointExtension>
        </extensions>
      </trkpt>
      <trkpt lat="31.245558075606822967529296875" lon="121.407089419662952423095703125">
        <ele>6.19999980926513671875</ele>
        <time>2026-09-23T11:42:29.000Z</time>
        <extensions>
          <ns3:TrackPointExtension>
            <ns3:hr>107</ns3:hr>
          </ns3:TrackPointExtension>
        </extensions>
      </trkpt>
      <trkpt lat="31.245640218257904052734375" lon="121.406972408294677734375">
        <ele>6.19999980926513671875</ele>
        <time>2026-09-23T11:42:33.000Z</time>
        <extensions>
          <ns3:TrackPointExtension>
            <ns3:hr>105</ns3:hr>
          </ns3:TrackPointExtension>
        </extensions>
      </trkpt>
      <trkpt lat="31.2456806190311908721923828125" lon="121.406966038048267364501953125">
        <ele>6.19999980926513671875</ele>
        <time>2026-09-23T11:42:34.000Z</time>
        <extensions>
          <ns3:TrackPointExtension>
            <ns3:hr>105</ns3:hr>
          </ns3:TrackPointExtension>
        </extensions>
      </trkpt>
      <trkpt lat="31.245767958462238311767578125" lon="121.40695773996412754058837890625">
        <ele>6.19999980926513671875</ele>
        <time>2026-09-23T11:42:36.000Z</time>
        <extensions>
          <ns3:TrackPointExtension>
            <ns3:hr>103</ns3:hr>
          </ns3:TrackPointExtension>
        </extensions>
      </trkpt>
      <trkpt lat="31.24598597176373004913330078125" lon="121.40693192370235919952392578125">
        <ele>6.19999980926513671875</ele>
        <time>2026-09-23T11:42:41.000Z</time>
        <extensions>
          <ns3:TrackPointExtension>
            <ns3:hr>106</ns3:hr>
          </ns3:TrackPointExtension>
        </extensions>
      </trkpt>
      <trkpt lat="31.246071048080921173095703125" lon="121.40691985376179218292236328125">
        <ele>6.19999980926513671875</ele>
        <time>2026-09-23T11:42:43.000Z</time>
        <extensions>
          <ns3:TrackPointExtension>
            <ns3:hr>107</ns3:hr>
          </ns3:TrackPointExtension>
        </extensions>
      </trkpt>
      <trkpt lat="31.24620281159877777099609375" lon="121.40690468251705169677734375">
        <ele>6.19999980926513671875</ele>
        <time>2026-09-23T11:42:46.000Z</time>
        <extensions>
          <ns3:TrackPointExtension>
            <ns3:hr>110</ns3:hr>
          </ns3:TrackPointExtension>
        </extensions>
      </trkpt>
      <trkpt lat="31.2465023808181285858154296875" lon="121.40688649378716945648193359375">
        <ele>6.400000095367431640625</ele>
        <time>2026-09-23T11:42:53.000Z</time>
        <extensions>
          <ns3:TrackPointExtension>
            <ns3:hr>112</ns3:hr>
          </ns3:TrackPointExtension>
        </extensions>
      </trkpt>
      <trkpt lat="31.246879734098911285400390625" lon="121.40687107108533382415771484375">
        <ele>6.400000095367431640625</ele>
        <time>2026-09-23T11:43:03.000Z</time>
        <extensions>
          <ns3:TrackPointExtension>
            <ns3:hr>112</ns3:hr>
          </ns3:TrackPointExtension>
        </extensions>
      </trkpt>
      <trkpt lat="31.24704075045883655548095703125" lon="121.40685296617448329925537109375">
        <ele>6.400000095367431640625</ele>
        <time>2026-09-23T11:43:09.000Z</time>
        <extensions>
          <ns3:TrackPointExtension>
            <ns3:hr>111</ns3:hr>
          </ns3:TrackPointExtension>
        </extensions>
      </trkpt>
      <trkpt lat="31.247048713266849517822265625" lon="121.40685196034610271453857421875">
        <ele>6.599999904632568359375</ele>
        <time>2026-09-23T11:43:12.000Z</time>
        <extensions>
          <ns3:TrackPointExtension>
            <ns3:hr>109</ns3:hr>
          </ns3:TrackPointExtension>
        </extensions>
      </trkpt>
      <trkpt lat="31.247105039656162261962890625" lon="121.406839974224567413330078125">
        <ele>6.80000019073486328125</ele>
        <time>2026-09-23T11:43:36.000Z</time>
        <extensions>
          <ns3:TrackPointExtension>
            <ns3:hr>100</ns3:hr>
          </ns3:TrackPointExtension>
        </extensions>
      </trkpt>
      <trkpt lat="31.24713529832661151885986328125" lon="121.40684307552874088287353515625">
        <ele>6.599999904632568359375</ele>
        <time>2026-09-23T11:43:37.000Z</time>
        <extensions>
          <ns3:TrackPointExtension>
            <ns3:hr>100</ns3:hr>
          </ns3:TrackPointExtension>
        </extensions>
      </trkpt>
      <trkpt lat="31.2472440116107463836669921875" lon="121.406870819628238677978515625">
        <ele>6.599999904632568359375</ele>
        <time>2026-09-23T11:43:40.000Z</time>
        <extensions>
          <ns3:TrackPointExtension>
            <ns3:hr>100</ns3:hr>
          </ns3:TrackPointExtension>
        </extensions>
      </trkpt>
      <trkpt lat="31.2474616058170795440673828125" lon="121.406908370554447174072265625">
        <ele>7</ele>
        <time>2026-09-23T11:43:46.000Z</time>
        <extensions>
          <ns3:TrackPointExtension>
            <ns3:hr>97</ns3:hr>
          </ns3:TrackPointExtension>
        </extensions>
      </trkpt>
      <trkpt lat="31.247622035443782806396484375" lon="121.4069415628910064697265625">
        <ele>7</ele>
        <time>2026-09-23T11:43:50.000Z</time>
        <extensions>
          <ns3:TrackPointExtension>
            <ns3:hr>94</ns3:hr>
          </ns3:TrackPointExtension>
        </extensions>
      </trkpt>
      <trkpt lat="31.24771214090287685394287109375" lon="121.406951285898685455322265625">
        <ele>6.80000019073486328125</ele>
        <time>2026-09-23T11:43:52.000Z</time>
        <extensions>
          <ns3:TrackPointExtension>
            <ns3:hr>97</ns3:hr>
          </ns3:TrackPointExtension>
        </extensions>
      </trkpt>
      <trkpt lat="31.24780534766614437103271484375" lon="121.40695338137447834014892578125">
        <ele>6.80000019073486328125</ele>
        <time>2026-09-23T11:43:54.000Z</time>
        <extensions>
          <ns3:TrackPointExtension>
            <ns3:hr>103</ns3:hr>
          </ns3:TrackPointExtension>
        </extensions>
      </trkpt>
      <trkpt lat="31.24784977175295352935791015625" lon="121.40695153735578060150146484375">
        <ele>6.80000019073486328125</ele>
        <time>2026-09-23T11:43:55.000Z</time>
        <extensions>
          <ns3:TrackPointExtension>
            <ns3:hr>106</ns3:hr>
          </ns3:TrackPointExtension>
        </extensions>
      </trkpt>
      <trkpt lat="31.24797977507114410400390625" lon="121.40695053152740001678466796875">
        <ele>7</ele>
        <time>2026-09-23T11:43:58.000Z</time>
        <extensions>
          <ns3:TrackPointExtension>
            <ns3:hr>109</ns3:hr>
          </ns3:TrackPointExtension>
        </extensions>
      </trkpt>
      <trkpt lat="31.248025037348270416259765625" lon="121.40694952569901943206787109375">
        <ele>7.19999980926513671875</ele>
        <time>2026-09-23T11:43:59.000Z</time>
        <extensions>
          <ns3:TrackPointExtension>
            <ns3:hr>109</ns3:hr>
          </ns3:TrackPointExtension>
        </extensions>
      </trkpt>
      <trkpt lat="31.248275153338909149169921875" lon="121.40694432891905307769775390625">
        <ele>6.599999904632568359375</ele>
        <time>2026-09-23T11:44:04.000Z</time>
        <extensions>
          <ns3:TrackPointExtension>
            <ns3:hr>112</ns3:hr>
          </ns3:TrackPointExtension>
        </extensions>
      </trkpt>
      <trkpt lat="31.2483809329569339752197265625" lon="121.40693686902523040771484375">
        <ele>6.400000095367431640625</ele>
        <time>2026-09-23T11:44:06.000Z</time>
        <extensions>
          <ns3:TrackPointExtension>
            <ns3:hr>112</ns3:hr>
          </ns3:TrackPointExtension>
        </extensions>
      </trkpt>
      <trkpt lat="31.24889331869781017303466796875" lon="121.4069308340549468994140625">
        <ele>5.80000019073486328125</ele>
        <time>2026-09-23T11:44:16.000Z</time>
        <extensions>
          <ns3:TrackPointExtension>
            <ns3:hr>111</ns3:hr>
          </ns3:TrackPointExtension>
        </extensions>
      </trkpt>
      <trkpt lat="31.2494209595024585723876953125" lon="121.4069031737744808197021484375">
        <ele>6.19999980926513671875</ele>
        <time>2026-09-23T11:44:27.000Z</time>
        <extensions>
          <ns3:TrackPointExtension>
            <ns3:hr>110</ns3:hr>
          </ns3:TrackPointExtension>
        </extensions>
      </trkpt>
      <trkpt lat="31.24989780597388744354248046875" lon="121.40688330866396427154541015625">
        <ele>6.400000095367431640625</ele>
        <time>2026-09-23T11:44:37.000Z</time>
        <extensions>
          <ns3:TrackPointExtension>
            <ns3:hr>110</ns3:hr>
          </ns3:TrackPointExtension>
        </extensions>
      </trkpt>
      <trkpt lat="31.25008656643331050872802734375" lon="121.4068659581243991851806640625">
        <ele>6.599999904632568359375</ele>
        <time>2026-09-23T11:44:41.000Z</time>
        <extensions>
          <ns3:TrackPointExtension>
            <ns3:hr>114</ns3:hr>
          </ns3:TrackPointExtension>
        </extensions>
      </trkpt>
      <trkpt lat="31.25046894885599613189697265625" lon="121.4068388007581233978271484375">
        <ele>6.80000019073486328125</ele>
        <time>2026-09-23T11:44:49.000Z</time>
        <extensions>
          <ns3:TrackPointExtension>
            <ns3:hr>113</ns3:hr>
          </ns3:TrackPointExtension>
        </extensions>
      </trkpt>
      <trkpt lat="31.25099047087132930755615234375" lon="121.406831257045269012451171875">
        <ele>6.599999904632568359375</ele>
        <time>2026-09-23T11:45:00.000Z</time>
        <extensions>
          <ns3:TrackPointExtension>
            <ns3:hr>114</ns3:hr>
          </ns3:TrackPointExtension>
        </extensions>
      </trkpt>
      <trkpt lat="31.25127361156046390533447265625" lon="121.40681776218116283416748046875">
        <ele>6.599999904632568359375</ele>
        <time>2026-09-23T11:45:06.000Z</time>
        <extensions>
          <ns3:TrackPointExtension>
            <ns3:hr>116</ns3:hr>
          </ns3:TrackPointExtension>
        </extensions>
      </trkpt>
      <trkpt lat="31.251436807215213775634765625" lon="121.406814493238925933837890625">
        <ele>6.80000019073486328125</ele>
        <time>2026-09-23T11:45:11.000Z</time>
        <extensions>
          <ns3:TrackPointExtension>
            <ns3:hr>115</ns3:hr>
          </ns3:TrackPointExtension>
        </extensions>
      </trkpt>
      <trkpt lat="31.25172724016010761260986328125" lon="121.40681407414376735687255859375">
        <ele>6.400000095367431640625</ele>
        <time>2026-09-23T11:45:18.000Z</time>
        <extensions>
          <ns3:TrackPointExtension>
            <ns3:hr>113</ns3:hr>
          </ns3:TrackPointExtension>
        </extensions>
      </trkpt>
      <trkpt lat="31.25211515463888645172119140625" lon="121.4067982323467731475830078125">
        <ele>7.19999980926513671875</ele>
        <time>2026-09-23T11:45:27.000Z</time>
        <extensions>
          <ns3:TrackPointExtension>
            <ns3:hr>114</ns3:hr>
          </ns3:TrackPointExtension>
        </extensions>
      </trkpt>
      <trkpt lat="31.25252150930464267730712890625" lon="121.40678842552006244659423828125">
        <ele>7.599999904632568359375</ele>
        <time>2026-09-23T11:45:37.000Z</time>
        <extensions>
          <ns3:TrackPointExtension>
            <ns3:hr>116</ns3:hr>
          </ns3:TrackPointExtension>
        </extensions>
      </trkpt>
      <trkpt lat="31.25264170579612255096435546875" lon="121.4067794568836688995361328125">
        <ele>7.80000019073486328125</ele>
        <time>2026-09-23T11:45:40.000Z</time>
        <extensions>
          <ns3:TrackPointExtension>
            <ns3:hr>116</ns3:hr>
          </ns3:TrackPointExtension>
        </extensions>
      </trkpt>
      <trkpt lat="31.25299307517707347869873046875" lon="121.40675674192607402801513671875">
        <ele>8.3999996185302734375</ele>
        <time>2026-09-23T11:45:49.000Z</time>
        <extensions>
          <ns3:TrackPointExtension>
            <ns3:hr>119</ns3:hr>
          </ns3:TrackPointExtension>
        </extensions>
      </trkpt>
      <trkpt lat="31.2532769702374935150146484375" lon="121.4067409001290798187255859375">
        <ele>8.6000003814697265625</ele>
        <time>2026-09-23T11:45:56.000Z</time>
        <extensions>
          <ns3:TrackPointExtension>
            <ns3:hr>122</ns3:hr>
          </ns3:TrackPointExtension>
        </extensions>
      </trkpt>
      <trkpt lat="31.25342491082847118377685546875" lon="121.40673209913074970245361328125">
        <ele>8.3999996185302734375</ele>
        <time>2026-09-23T11:46:00.000Z</time>
        <extensions>
          <ns3:TrackPointExtension>
            <ns3:hr>123</ns3:hr>
          </ns3:TrackPointExtension>
        </extensions>
      </trkpt>
      <trkpt lat="31.25362222082912921905517578125" lon="121.40660787932574748992919921875">
        <ele>8.19999980926513671875</ele>
        <time>2026-09-23T11:46:06.000Z</time>
        <extensions>
          <ns3:TrackPointExtension>
            <ns3:hr>121</ns3:hr>
          </ns3:TrackPointExtension>
        </extensions>
      </trkpt>
      <trkpt lat="31.25366748310625553131103515625" lon="121.4065266586840152740478515625">
        <ele>8</ele>
        <time>2026-09-23T11:46:08.000Z</time>
        <extensions>
          <ns3:TrackPointExtension>
            <ns3:hr>121</ns3:hr>
          </ns3:TrackPointExtension>
        </extensions>
      </trkpt>
      <trkpt lat="31.2537094764411449432373046875" lon="121.40638609416782855987548828125">
        <ele>7.80000019073486328125</ele>
        <time>2026-09-23T11:46:11.000Z</time>
        <extensions>
          <ns3:TrackPointExtension>
            <ns3:hr>121</ns3:hr>
          </ns3:TrackPointExtension>
        </extensions>
      </trkpt>
      <trkpt lat="31.2537520565092563629150390625" lon="121.40626170672476291656494140625">
        <ele>7.400000095367431640625</ele>
        <time>2026-09-23T11:46:14.000Z</time>
        <extensions>
          <ns3:TrackPointExtension>
            <ns3:hr>121</ns3:hr>
          </ns3:TrackPointExtension>
        </extensions>
      </trkpt>
      <trkpt lat="31.2537802197039127349853515625" lon="121.40625919215381145477294921875">
        <ele>7.400000095367431640625</ele>
        <time>2026-09-23T11:46:15.000Z</time>
        <extensions>
          <ns3:TrackPointExtension>
            <ns3:hr>121</ns3:hr>
          </ns3:TrackPointExtension>
        </extensions>
      </trkpt>
      <trkpt lat="31.25378734432160854339599609375" lon="121.4063241519033908843994140625">
        <ele>7.599999904632568359375</ele>
        <time>2026-09-23T11:46:18.000Z</time>
        <extensions>
          <ns3:TrackPointExtension>
            <ns3:hr>119</ns3:hr>
          </ns3:TrackPointExtension>
        </extensions>
      </trkpt>
      <trkpt lat="31.25381181947886943817138671875" lon="121.4064807258546352386474609375">
        <ele>7.80000019073486328125</ele>
        <time>2026-09-23T11:46:23.000Z</time>
        <extensions>
          <ns3:TrackPointExtension>
            <ns3:hr>119</ns3:hr>
          </ns3:TrackPointExtension>
        </extensions>
      </trkpt>
      <trkpt lat="31.2538705766201019287109375" lon="121.40664794482290744781494140625">
        <ele>7.80000019073486328125</ele>
        <time>2026-09-23T11:46:27.000Z</time>
        <extensions>
          <ns3:TrackPointExtension>
            <ns3:hr>120</ns3:hr>
          </ns3:TrackPointExtension>
        </extensions>
      </trkpt>
      <trkpt lat="31.25394710339605808258056640625" lon="121.40670393593609333038330078125">
        <ele>7.599999904632568359375</ele>
        <time>2026-09-23T11:46:29.000Z</time>
        <extensions>
          <ns3:TrackPointExtension>
            <ns3:hr>122</ns3:hr>
          </ns3:TrackPointExtension>
        </extensions>
      </trkpt>
      <trkpt lat="31.25403461046516895294189453125" lon="121.40671231783926486968994140625">
        <ele>7.19999980926513671875</ele>
        <time>2026-09-23T11:46:31.000Z</time>
        <extensions>
          <ns3:TrackPointExtension>
            <ns3:hr>121</ns3:hr>
          </ns3:TrackPointExtension>
        </extensions>
      </trkpt>
      <trkpt lat="31.254127062857151031494140625" lon="121.40670494176447391510009765625">
        <ele>7</ele>
        <time>2026-09-23T11:46:33.000Z</time>
        <extensions>
          <ns3:TrackPointExtension>
            <ns3:hr>122</ns3:hr>
          </ns3:TrackPointExtension>
        </extensions>
      </trkpt>
      <trkpt lat="31.25417861156165599822998046875" lon="121.40670192427933216094970703125">
        <ele>6.80000019073486328125</ele>
        <time>2026-09-23T11:46:34.000Z</time>
        <extensions>
          <ns3:TrackPointExtension>
            <ns3:hr>123</ns3:hr>
          </ns3:TrackPointExtension>
        </extensions>
      </trkpt>
      <trkpt lat="31.25451229512691497802734375" lon="121.40669371001422405242919921875">
        <ele>6.400000095367431640625</ele>
        <time>2026-09-23T11:46:41.000Z</time>
        <extensions>
          <ns3:TrackPointExtension>
            <ns3:hr>119</ns3:hr>
          </ns3:TrackPointExtension>
        </extensions>
      </trkpt>
      <trkpt lat="31.25460977666079998016357421875" lon="121.4066808857023715972900390625">
        <ele>6.400000095367431640625</ele>
        <time>2026-09-23T11:46:43.000Z</time>
        <extensions>
          <ns3:TrackPointExtension>
            <ns3:hr>115</ns3:hr>
          </ns3:TrackPointExtension>
        </extensions>
      </trkpt>
      <trkpt lat="31.2548039853572845458984375" lon="121.40666470862925052642822265625">
        <ele>6.400000095367431640625</ele>
        <time>2026-09-23T11:46:47.000Z</time>
        <extensions>
          <ns3:TrackPointExtension>
            <ns3:hr>118</ns3:hr>
          </ns3:TrackPointExtension>
        </extensions>
      </trkpt>
      <trkpt lat="31.2549003772437572479248046875" lon="121.40665590763092041015625">
        <ele>6.599999904632568359375</ele>
        <time>2026-09-23T11:46:49.000Z</time>
        <extensions>
          <ns3:TrackPointExtension>
            <ns3:hr>119</ns3:hr>
          </ns3:TrackPointExtension>
        </extensions>
      </trkpt>
      <trkpt lat="31.25513817183673381805419921875" lon="121.4066357910633087158203125">
        <ele>6.400000095367431640625</ele>
        <time>2026-09-23T11:46:54.000Z</time>
        <extensions>
          <ns3:TrackPointExtension>
            <ns3:hr>116</ns3:hr>
          </ns3:TrackPointExtension>
        </extensions>
      </trkpt>
      <trkpt lat="31.255275718867778778076171875" lon="121.40661961399018764495849609375">
        <ele>6.400000095367431640625</ele>
        <time>2026-09-23T11:46:57.000Z</time>
        <extensions>
          <ns3:TrackPointExtension>
            <ns3:hr>115</ns3:hr>
          </ns3:TrackPointExtension>
        </extensions>
      </trkpt>
      <trkpt lat="31.25577419064939022064208984375" lon="121.4065387286245822906494140625">
        <ele>6.80000019073486328125</ele>
        <time>2026-09-23T11:47:08.000Z</time>
        <extensions>
          <ns3:TrackPointExtension>
            <ns3:hr>115</ns3:hr>
          </ns3:TrackPointExtension>
        </extensions>
      </trkpt>
      <trkpt lat="31.2561194412410259246826171875" lon="121.40646304003894329071044921875">
        <ele>6.400000095367431640625</ele>
        <time>2026-09-23T11:47:16.000Z</time>
        <extensions>
          <ns3:TrackPointExtension>
            <ns3:hr>116</ns3:hr>
          </ns3:TrackPointExtension>
        </extensions>
      </trkpt>
      <trkpt lat="31.256186328828334808349609375" lon="121.4064431749284267425537109375">
        <ele>6.80000019073486328125</ele>
        <time>2026-09-23T11:47:18.000Z</time>
        <extensions>
          <ns3:TrackPointExtension>
            <ns3:hr>113</ns3:hr>
          </ns3:TrackPointExtension>
        </extensions>
      </trkpt>
      <trkpt lat="31.25631147064268589019775390625" lon="121.406438648700714111328125">
        <ele>6.80000019073486328125</ele>
        <time>2026-09-23T11:47:22.000Z</time>
        <extensions>
          <ns3:TrackPointExtension>
            <ns3:hr>111</ns3:hr>
          </ns3:TrackPointExtension>
        </extensions>
      </trkpt>
      <trkpt lat="31.25641423277556896209716796875" lon="121.40643152408301830291748046875">
        <ele>6.80000019073486328125</ele>
        <time>2026-09-23T11:47:28.000Z</time>
        <extensions>
          <ns3:TrackPointExtension>
            <ns3:hr>111</ns3:hr>
          </ns3:TrackPointExtension>
        </extensions>
      </trkpt>
      <trkpt lat="31.25641406513750553131103515625" lon="121.40642515383660793304443359375">
        <ele>6.80000019073486328125</ele>
        <time>2026-09-23T11:47:29.000Z</time>
        <extensions>
          <ns3:TrackPointExtension>
            <ns3:hr>112</ns3:hr>
          </ns3:TrackPointExtension>
        </extensions>
      </trkpt>
      <trkpt lat="31.2564674578607082366943359375" lon="121.40643856488168239593505859375">
        <ele>6.599999904632568359375</ele>
        <time>2026-09-23T11:47:36.000Z</time>
        <extensions>
          <ns3:TrackPointExtension>
            <ns3:hr>107</ns3:hr>
          </ns3:TrackPointExtension>
        </extensions>
      </trkpt>
      <trkpt lat="31.25651448033750057220458984375" lon="121.40642750076949596405029296875">
        <ele>6.599999904632568359375</ele>
        <time>2026-09-23T11:47:38.000Z</time>
        <extensions>
          <ns3:TrackPointExtension>
            <ns3:hr>107</ns3:hr>
          </ns3:TrackPointExtension>
        </extensions>
      </trkpt>
      <trkpt lat="31.25667809508740901947021484375" lon="121.40639866702258586883544921875">
        <ele>6.80000019073486328125</ele>
        <time>2026-09-23T11:47:43.000Z</time>
        <extensions>
          <ns3:TrackPointExtension>
            <ns3:hr>109</ns3:hr>
          </ns3:TrackPointExtension>
        </extensions>
      </trkpt>
      <trkpt lat="31.25702963210642337799072265625" lon="121.4063394069671630859375">
        <ele>6.599999904632568359375</ele>
        <time>2026-09-23T11:47:51.000Z</time>
        <extensions>
          <ns3:TrackPointExtension>
            <ns3:hr>112</ns3:hr>
          </ns3:TrackPointExtension>
        </extensions>
      </trkpt>
      <trkpt lat="31.2574940733611583709716796875" lon="121.40623748302459716796875">
        <ele>6.19999980926513671875</ele>
        <time>2026-09-23T11:48:01.000Z</time>
        <extensions>
          <ns3:TrackPointExtension>
            <ns3:hr>114</ns3:hr>
          </ns3:TrackPointExtension>
        </extensions>
      </trkpt>
      <trkpt lat="31.25782205723226070404052734375" lon="121.40615559183061122894287109375">
        <ele>6.19999980926513671875</ele>
        <time>2026-09-23T11:48:08.000Z</time>
        <extensions>
          <ns3:TrackPointExtension>
            <ns3:hr>116</ns3:hr>
          </ns3:TrackPointExtension>
        </extensions>
      </trkpt>
      <trkpt lat="31.258331425487995147705078125" lon="121.40604394488036632537841796875">
        <ele>6.400000095367431640625</ele>
        <time>2026-09-23T11:48:19.000Z</time>
        <extensions>
          <ns3:TrackPointExtension>
            <ns3:hr>119</ns3:hr>
          </ns3:TrackPointExtension>
        </extensions>
      </trkpt>
      <trkpt lat="31.25865161418914794921875" lon="121.40598745085299015045166015625">
        <ele>6.400000095367431640625</ele>
        <time>2026-09-23T11:48:26.000Z</time>
        <extensions>
          <ns3:TrackPointExtension>
            <ns3:hr>116</ns3:hr>
          </ns3:TrackPointExtension>
        </extensions>
      </trkpt>
      <trkpt lat="31.258698888123035430908203125" lon="121.40598024241626262664794921875">
        <ele>6.400000095367431640625</ele>
        <time>2026-09-23T11:48:27.000Z</time>
        <extensions>
          <ns3:TrackPointExtension>
            <ns3:hr>116</ns3:hr>
          </ns3:TrackPointExtension>
        </extensions>
      </trkpt>
      <trkpt lat="31.25913566909730434417724609375" lon="121.40584898181259632110595703125">
        <ele>6.400000095367431640625</ele>
        <time>2026-09-23T11:48:36.000Z</time>
        <extensions>
          <ns3:TrackPointExtension>
            <ns3:hr>118</ns3:hr>
          </ns3:TrackPointExtension>
        </extensions>
      </trkpt>
      <trkpt lat="31.259523667395114898681640625" lon="121.40573062933981418609619140625">
        <ele>5.80000019073486328125</ele>
        <time>2026-09-23T11:48:44.000Z</time>
        <extensions>
          <ns3:TrackPointExtension>
            <ns3:hr>119</ns3:hr>
          </ns3:TrackPointExtension>
        </extensions>
      </trkpt>
      <trkpt lat="31.25957094132900238037109375" lon="121.40571646392345428466796875">
        <ele>5.80000019073486328125</ele>
        <time>2026-09-23T11:48:45.000Z</time>
        <extensions>
          <ns3:TrackPointExtension>
            <ns3:hr>119</ns3:hr>
          </ns3:TrackPointExtension>
        </extensions>
      </trkpt>
      <trkpt lat="31.26004426740109920501708984375" lon="121.4055459760129451751708984375">
        <ele>6.599999904632568359375</ele>
        <time>2026-09-23T11:48:55.000Z</time>
        <extensions>
          <ns3:TrackPointExtension>
            <ns3:hr>121</ns3:hr>
          </ns3:TrackPointExtension>
        </extensions>
      </trkpt>
      <trkpt lat="31.26026672311127185821533203125" lon="121.40546492300927639007568359375">
        <ele>6.599999904632568359375</ele>
        <time>2026-09-23T11:49:00.000Z</time>
        <extensions>
          <ns3:TrackPointExtension>
            <ns3:hr>118</ns3:hr>
          </ns3:TrackPointExtension>
        </extensions>
      </trkpt>
      <trkpt lat="31.260445676743984222412109375" lon="121.40539166517555713653564453125">
        <ele>6.80000019073486328125</ele>
        <time>2026-09-23T11:49:04.000Z</time>
        <extensions>
          <ns3:TrackPointExtension>
            <ns3:hr>118</ns3:hr>
          </ns3:TrackPointExtension>
        </extensions>
      </trkpt>
      <trkpt lat="31.260815151035785675048828125" lon="121.40527565963566303253173828125">
        <ele>6.599999904632568359375</ele>
        <time>2026-09-23T11:49:12.000Z</time>
        <extensions>
          <ns3:TrackPointExtension>
            <ns3:hr>118</ns3:hr>
          </ns3:TrackPointExtension>
        </extensions>
      </trkpt>
      <trkpt lat="31.26110424287617206573486328125" lon="121.40518412925302982330322265625">
        <ele>6.19999980926513671875</ele>
        <time>2026-09-23T11:49:18.000Z</time>
        <extensions>
          <ns3:TrackPointExtension>
            <ns3:hr>115</ns3:hr>
          </ns3:TrackPointExtension>
        </extensions>
      </trkpt>
      <trkpt lat="31.26131496392190456390380859375" lon="121.40512160025537014007568359375">
        <ele>5.80000019073486328125</ele>
        <time>2026-09-23T11:49:22.000Z</time>
        <extensions>
          <ns3:TrackPointExtension>
            <ns3:hr>114</ns3:hr>
          </ns3:TrackPointExtension>
        </extensions>
      </trkpt>
      <trkpt lat="31.26177043654024600982666015625" lon="121.404993273317813873291015625">
        <ele>4.599999904632568359375</ele>
        <time>2026-09-23T11:49:30.000Z</time>
        <extensions>
          <ns3:TrackPointExtension>
            <ns3:hr>115</ns3:hr>
          </ns3:TrackPointExtension>
        </extensions>
      </trkpt>
      <trkpt lat="31.26183070242404937744140625" lon="121.40497894026339054107666015625">
        <ele>4.400000095367431640625</ele>
        <time>2026-09-23T11:49:31.000Z</time>
        <extensions>
          <ns3:TrackPointExtension>
            <ns3:hr>115</ns3:hr>
          </ns3:TrackPointExtension>
        </extensions>
      </trkpt>
      <trkpt lat="31.262151561677455902099609375" lon="121.404944993555545806884765625">
        <ele>3.400000095367431640625</ele>
        <time>2026-09-23T11:49:36.000Z</time>
        <extensions>
          <ns3:TrackPointExtension>
            <ns3:hr>114</ns3:hr>
          </ns3:TrackPointExtension>
        </extensions>
      </trkpt>
      <trkpt lat="31.26228542067110538482666015625" lon="121.40494692139327526092529296875">
        <ele>3</ele>
        <time>2026-09-23T11:49:38.000Z</time>
        <extensions>
          <ns3:TrackPointExtension>
            <ns3:hr>114</ns3:hr>
          </ns3:TrackPointExtension>
        </extensions>
      </trkpt>
      <trkpt lat="31.26249186694622039794921875" lon="121.40495949424803256988525390625">
        <ele>2.400000095367431640625</ele>
        <time>2026-09-23T11:49:41.000Z</time>
        <extensions>
          <ns3:TrackPointExtension>
            <ns3:hr>114</ns3:hr>
          </ns3:TrackPointExtension>
        </extensions>
      </trkpt>
      <trkpt lat="31.262639723718166351318359375" lon="121.404971145093441009521484375">
        <ele>2</ele>
        <time>2026-09-23T11:49:43.000Z</time>
        <extensions>
          <ns3:TrackPointExtension>
            <ns3:hr>117</ns3:hr>
          </ns3:TrackPointExtension>
        </extensions>
      </trkpt>
      <trkpt lat="31.26284114085137844085693359375" lon="121.40500173904001712799072265625">
        <ele>1.2000000476837158203125</ele>
        <time>2026-09-23T11:49:46.000Z</time>
        <extensions>
          <ns3:TrackPointExtension>
            <ns3:hr>117</ns3:hr>
          </ns3:TrackPointExtension>
        </extensions>
      </trkpt>
      <trkpt lat="31.2634009681642055511474609375" lon="121.40509444288909435272216796875">
        <ele>1.2000000476837158203125</ele>
        <time>2026-09-23T11:49:55.000Z</time>
        <extensions>
          <ns3:TrackPointExtension>
            <ns3:hr>106</ns3:hr>
          </ns3:TrackPointExtension>
        </extensions>
      </trkpt>
      <trkpt lat="31.263528876006603240966796875" lon="121.40513232909142971038818359375">
        <ele>1</ele>
        <time>2026-09-23T11:49:57.000Z</time>
        <extensions>
          <ns3:TrackPointExtension>
            <ns3:hr>104</ns3:hr>
          </ns3:TrackPointExtension>
        </extensions>
      </trkpt>
      <trkpt lat="31.2636155448853969573974609375" lon="121.4051426388323307037353515625">
        <ele>1.2000000476837158203125</ele>
        <time>2026-09-23T11:50:01.000Z</time>
        <extensions>
          <ns3:TrackPointExtension>
            <ns3:hr>105</ns3:hr>
          </ns3:TrackPointExtension>
        </extensions>
      </trkpt>
      <trkpt lat="31.26419733278453350067138671875" lon="121.40517507679760456085205078125">
        <ele>1.2000000476837158203125</ele>
        <time>2026-09-23T11:50:10.000Z</time>
        <extensions>
          <ns3:TrackPointExtension>
            <ns3:hr>113</ns3:hr>
          </ns3:TrackPointExtension>
        </extensions>
      </trkpt>
      <trkpt lat="31.26427880488336086273193359375" lon="121.4051832072436809539794921875">
        <ele>1.2000000476837158203125</ele>
        <time>2026-09-23T11:50:11.000Z</time>
        <extensions>
          <ns3:TrackPointExtension>
            <ns3:hr>113</ns3:hr>
          </ns3:TrackPointExtension>
        </extensions>
      </trkpt>
      <trkpt lat="31.26464702188968658447265625" lon="121.40523232519626617431640625">
        <ele>1.7999999523162841796875</ele>
        <time>2026-09-23T11:50:18.000Z</time>
        <extensions>
          <ns3:TrackPointExtension>
            <ns3:hr>110</ns3:hr>
          </ns3:TrackPointExtension>
        </extensions>
      </trkpt>
      <trkpt lat="31.2646906077861785888671875" lon="121.40523877926170825958251953125">
        <ele>2.2000000476837158203125</ele>
        <time>2026-09-23T11:50:19.000Z</time>
        <extensions>
          <ns3:TrackPointExtension>
            <ns3:hr>110</ns3:hr>
          </ns3:TrackPointExtension>
        </extensions>
      </trkpt>
      <trkpt lat="31.26473561860620975494384765625" lon="121.4052452333271503448486328125">
        <ele>2.400000095367431640625</ele>
        <time>2026-09-23T11:50:20.000Z</time>
        <extensions>
          <ns3:TrackPointExtension>
            <ns3:hr>110</ns3:hr>
          </ns3:TrackPointExtension>
        </extensions>
      </trkpt>
      <trkpt lat="31.265044324100017547607421875" lon="121.405284292995929718017578125">
        <ele>3.599999904632568359375</ele>
        <time>2026-09-23T11:50:27.000Z</time>
        <extensions>
          <ns3:TrackPointExtension>
            <ns3:hr>112</ns3:hr>
          </ns3:TrackPointExtension>
        </extensions>
      </trkpt>
      <trkpt lat="31.26521673984825611114501953125" lon="121.405301392078399658203125">
        <ele>4</ele>
        <time>2026-09-23T11:50:31.000Z</time>
        <extensions>
          <ns3:TrackPointExtension>
            <ns3:hr>115</ns3:hr>
          </ns3:TrackPointExtension>
        </extensions>
      </trkpt>
      <trkpt lat="31.2653519399464130401611328125" lon="121.40531815588474273681640625">
        <ele>4.599999904632568359375</ele>
        <time>2026-09-23T11:50:34.000Z</time>
        <extensions>
          <ns3:TrackPointExtension>
            <ns3:hr>118</ns3:hr>
          </ns3:TrackPointExtension>
        </extensions>
      </trkpt>
      <trkpt lat="31.26539745368063449859619140625" lon="121.40532159246504306793212890625">
        <ele>4.599999904632568359375</ele>
        <time>2026-09-23T11:50:35.000Z</time>
        <extensions>
          <ns3:TrackPointExtension>
            <ns3:hr>118</ns3:hr>
          </ns3:TrackPointExtension>
        </extensions>
      </trkpt>
      <trkpt lat="31.26569400541484355926513671875" lon="121.40536149032413959503173828125">
        <ele>5.400000095367431640625</ele>
        <time>2026-09-23T11:50:42.000Z</time>
        <extensions>
          <ns3:TrackPointExtension>
            <ns3:hr>120</ns3:hr>
          </ns3:TrackPointExtension>
        </extensions>
      </trkpt>
      <trkpt lat="31.26578000374138355255126953125" lon="121.40537003986537456512451171875">
        <ele>5.80000019073486328125</ele>
        <time>2026-09-23T11:50:44.000Z</time>
        <extensions>
          <ns3:TrackPointExtension>
            <ns3:hr>122</ns3:hr>
          </ns3:TrackPointExtension>
        </extensions>
      </trkpt>
      <trkpt lat="31.2659487314522266387939453125" lon="121.40539116226136684417724609375">
        <ele>6.400000095367431640625</ele>
        <time>2026-09-23T11:50:48.000Z</time>
        <extensions>
          <ns3:TrackPointExtension>
            <ns3:hr>125</ns3:hr>
          </ns3:TrackPointExtension>
        </extensions>
      </trkpt>
      <trkpt lat="31.26598401926457881927490234375" lon="121.4053977839648723602294921875">
        <ele>6.400000095367431640625</ele>
        <time>2026-09-23T11:50:49.000Z</time>
        <extensions>
          <ns3:TrackPointExtension>
            <ns3:hr>126</ns3:hr>
          </ns3:TrackPointExtension>
        </extensions>
      </trkpt>
      <trkpt lat="31.26608594320714473724365234375" lon="121.40541899017989635467529296875">
        <ele>6.599999904632568359375</ele>
        <time>2026-09-23T11:50:52.000Z</time>
        <extensions>
          <ns3:TrackPointExtension>
            <ns3:hr>129</ns3:hr>
          </ns3:TrackPointExtension>
        </extensions>
      </trkpt>
      <trkpt lat="31.26619742251932621002197265625" lon="121.40545427799224853515625">
        <ele>6.19999980926513671875</ele>
        <time>2026-09-23T11:50:55.000Z</time>
        <extensions>
          <ns3:TrackPointExtension>
            <ns3:hr>132</ns3:hr>
          </ns3:TrackPointExtension>
        </extensions>
      </trkpt>
      <trkpt lat="31.266278140246868133544921875" lon="121.40546944923698902130126953125">
        <ele>6.400000095367431640625</ele>
        <time>2026-09-23T11:50:57.000Z</time>
        <extensions>
          <ns3:TrackPointExtension>
            <ns3:hr>132</ns3:hr>
          </ns3:TrackPointExtension>
        </extensions>
      </trkpt>
      <trkpt lat="31.266654320061206817626953125" lon="121.40550968237221240997314453125">
        <ele>6.400000095367431640625</ele>
        <time>2026-09-23T11:51:05.000Z</time>
        <extensions>
          <ns3:TrackPointExtension>
            <ns3:hr>131</ns3:hr>
          </ns3:TrackPointExtension>
        </extensions>
      </trkpt>
      <trkpt lat="31.2667466886341571807861328125" lon="121.40553868375718593597412109375">
        <ele>6.400000095367431640625</ele>
        <time>2026-09-23T11:51:07.000Z</time>
        <extensions>
          <ns3:TrackPointExtension>
            <ns3:hr>131</ns3:hr>
          </ns3:TrackPointExtension>
        </extensions>
      </trkpt>
      <trkpt lat="31.26689798198640346527099609375" lon="121.40558444894850254058837890625">
        <ele>6.400000095367431640625</ele>
        <time>2026-09-23T11:51:10.000Z</time>
        <extensions>
          <ns3:TrackPointExtension>
            <ns3:hr>130</ns3:hr>
          </ns3:TrackPointExtension>
        </extensions>
      </trkpt>
      <trkpt lat="31.26695632003247737884521484375" lon="121.405590064823627471923828125">
        <ele>6.400000095367431640625</ele>
        <time>2026-09-23T11:51:11.000Z</time>
        <extensions>
          <ns3:TrackPointExtension>
            <ns3:hr>130</ns3:hr>
          </ns3:TrackPointExtension>
        </extensions>
      </trkpt>
      <trkpt lat="31.2671677954494953155517578125" lon="121.40561428852379322052001953125">
        <ele>6.19999980926513671875</ele>
        <time>2026-09-23T11:51:15.000Z</time>
        <extensions>
          <ns3:TrackPointExtension>
            <ns3:hr>129</ns3:hr>
          </ns3:TrackPointExtension>
        </extensions>
      </trkpt>
      <trkpt lat="31.26741430722177028656005859375" lon="121.4056361652910709381103515625">
        <ele>6.400000095367431640625</ele>
        <time>2026-09-23T11:51:20.000Z</time>
        <extensions>
          <ns3:TrackPointExtension>
            <ns3:hr>132</ns3:hr>
          </ns3:TrackPointExtension>
        </extensions>
      </trkpt>
      <trkpt lat="31.26745797693729400634765625" lon="121.40563356690108776092529296875">
        <ele>6.400000095367431640625</ele>
        <time>2026-09-23T11:51:21.000Z</time>
        <extensions>
          <ns3:TrackPointExtension>
            <ns3:hr>132</ns3:hr>
          </ns3:TrackPointExtension>
        </extensions>
      </trkpt>
      <trkpt lat="31.26753936521708965301513671875" lon="121.40560406260192394256591796875">
        <ele>6.19999980926513671875</ele>
        <time>2026-09-23T11:51:23.000Z</time>
        <extensions>
          <ns3:TrackPointExtension>
            <ns3:hr>130</ns3:hr>
          </ns3:TrackPointExtension>
        </extensions>
      </trkpt>
      <trkpt lat="31.2676666863262653350830078125" lon="121.40549090690910816192626953125">
        <ele>6.400000095367431640625</ele>
        <time>2026-09-23T11:51:27.000Z</time>
        <extensions>
          <ns3:TrackPointExtension>
            <ns3:hr>129</ns3:hr>
          </ns3:TrackPointExtension>
        </extensions>
      </trkpt>
      <trkpt lat="31.267702393233776092529296875" lon="121.4054691977798938751220703125">
        <ele>6.400000095367431640625</ele>
        <time>2026-09-23T11:51:28.000Z</time>
        <extensions>
          <ns3:TrackPointExtension>
            <ns3:hr>129</ns3:hr>
          </ns3:TrackPointExtension>
        </extensions>
      </trkpt>
      <trkpt lat="31.267814375460147857666015625" lon="121.40538521111011505126953125">
        <ele>6.400000095367431640625</ele>
        <time>2026-09-23T11:51:31.000Z</time>
        <extensions>
          <ns3:TrackPointExtension>
            <ns3:hr>127</ns3:hr>
          </ns3:TrackPointExtension>
        </extensions>
      </trkpt>
      <trkpt lat="31.267938427627086639404296875" lon="121.40524330548942089080810546875">
        <ele>6.400000095367431640625</ele>
        <time>2026-09-23T11:51:35.000Z</time>
        <extensions>
          <ns3:TrackPointExtension>
            <ns3:hr>126</ns3:hr>
          </ns3:TrackPointExtension>
        </extensions>
      </trkpt>
      <trkpt lat="31.26796633936464786529541015625" lon="121.40520391054451465606689453125">
        <ele>6.400000095367431640625</ele>
        <time>2026-09-23T11:51:36.000Z</time>
        <extensions>
          <ns3:TrackPointExtension>
            <ns3:hr>126</ns3:hr>
          </ns3:TrackPointExtension>
        </extensions>
      </trkpt>
      <trkpt lat="31.2679950892925262451171875" lon="121.4051069319248199462890625">
        <ele>6.19999980926513671875</ele>
        <time>2026-09-23T11:51:38.000Z</time>
        <extensions>
          <ns3:TrackPointExtension>
            <ns3:hr>127</ns3:hr>
          </ns3:TrackPointExtension>
        </extensions>
      </trkpt>
      <trkpt lat="31.26800590194761753082275390625" lon="121.40505823306739330291748046875">
        <ele>5.80000019073486328125</ele>
        <time>2026-09-23T11:51:39.000Z</time>
        <extensions>
          <ns3:TrackPointExtension>
            <ns3:hr>129</ns3:hr>
          </ns3:TrackPointExtension>
        </extensions>
      </trkpt>
      <trkpt lat="31.2680388428270816802978515625" lon="121.4049102924764156341552734375">
        <ele>5.19999980926513671875</ele>
        <time>2026-09-23T11:51:42.000Z</time>
        <extensions>
          <ns3:TrackPointExtension>
            <ns3:hr>127</ns3:hr>
          </ns3:TrackPointExtension>
        </extensions>
      </trkpt>
      <trkpt lat="31.2680331431329250335693359375" lon="121.40479571186006069183349609375">
        <ele>5.599999904632568359375</ele>
        <time>2026-09-23T11:51:44.000Z</time>
        <extensions>
          <ns3:TrackPointExtension>
            <ns3:hr>125</ns3:hr>
          </ns3:TrackPointExtension>
        </extensions>
      </trkpt>
      <trkpt lat="31.26806147396564483642578125" lon="121.40439555980265140533447265625">
        <ele>6</ele>
        <time>2026-09-23T11:51:51.000Z</time>
        <extensions>
          <ns3:TrackPointExtension>
            <ns3:hr>123</ns3:hr>
          </ns3:TrackPointExtension>
        </extensions>
      </trkpt>
      <trkpt lat="31.26808955334126949310302734375" lon="121.4038890413939952850341796875">
        <ele>5.80000019073486328125</ele>
        <time>2026-09-23T11:52:00.000Z</time>
        <extensions>
          <ns3:TrackPointExtension>
            <ns3:hr>122</ns3:hr>
          </ns3:TrackPointExtension>
        </extensions>
      </trkpt>
      <trkpt lat="31.268100030720233917236328125" lon="121.40334212221205234527587890625">
        <ele>5.80000019073486328125</ele>
        <time>2026-09-23T11:52:10.000Z</time>
        <extensions>
          <ns3:TrackPointExtension>
            <ns3:hr>122</ns3:hr>
          </ns3:TrackPointExtension>
        </extensions>
      </trkpt>
      <trkpt lat="31.26810430549085140228271484375" lon="121.40284708701074123382568359375">
        <ele>5.400000095367431640625</ele>
        <time>2026-09-23T11:52:19.000Z</time>
        <extensions>
          <ns3:TrackPointExtension>
            <ns3:hr>121</ns3:hr>
          </ns3:TrackPointExtension>
        </extensions>
      </trkpt>
      <trkpt lat="31.26812048256397247314453125" lon="121.40251315198838710784912109375">
        <ele>5.599999904632568359375</ele>
        <time>2026-09-23T11:52:25.000Z</time>
        <extensions>
          <ns3:TrackPointExtension>
            <ns3:hr>119</ns3:hr>
          </ns3:TrackPointExtension>
        </extensions>
      </trkpt>
      <trkpt lat="31.26812106929719448089599609375" lon="121.402398236095905303955078125">
        <ele>5.599999904632568359375</ele>
        <time>2026-09-23T11:52:27.000Z</time>
        <extensions>
          <ns3:TrackPointExtension>
            <ns3:hr>120</ns3:hr>
          </ns3:TrackPointExtension>
        </extensions>
      </trkpt>
      <trkpt lat="31.268115453422069549560546875" lon="121.40215926803648471832275390625">
        <ele>5.400000095367431640625</ele>
        <time>2026-09-23T11:52:31.000Z</time>
        <extensions>
          <ns3:TrackPointExtension>
            <ns3:hr>119</ns3:hr>
          </ns3:TrackPointExtension>
        </extensions>
      </trkpt>
      <trkpt lat="31.26812676899135112762451171875" lon="121.4018294401466846466064453125">
        <ele>5.599999904632568359375</ele>
        <time>2026-09-23T11:52:37.000Z</time>
        <extensions>
          <ns3:TrackPointExtension>
            <ns3:hr>120</ns3:hr>
          </ns3:TrackPointExtension>
        </extensions>
      </trkpt>
      <trkpt lat="31.2681535072624683380126953125" lon="121.40138595364987850189208984375">
        <ele>5.599999904632568359375</ele>
        <time>2026-09-23T11:52:45.000Z</time>
        <extensions>
          <ns3:TrackPointExtension>
            <ns3:hr>121</ns3:hr>
          </ns3:TrackPointExtension>
        </extensions>
      </trkpt>
      <trkpt lat="31.268161050975322723388671875" lon="121.40098814852535724639892578125">
        <ele>6</ele>
        <time>2026-09-23T11:52:52.000Z</time>
        <extensions>
          <ns3:TrackPointExtension>
            <ns3:hr>121</ns3:hr>
          </ns3:TrackPointExtension>
        </extensions>
      </trkpt>
      <trkpt lat="31.26814789138734340667724609375" lon="121.40040175057947635650634765625">
        <ele>6.400000095367431640625</ele>
        <time>2026-09-23T11:53:03.000Z</time>
        <extensions>
          <ns3:TrackPointExtension>
            <ns3:hr>123</ns3:hr>
          </ns3:TrackPointExtension>
        </extensions>
      </trkpt>
      <trkpt lat="31.26813716255128383636474609375" lon="121.39997787773609161376953125">
        <ele>5.80000019073486328125</ele>
        <time>2026-09-23T11:53:11.000Z</time>
        <extensions>
          <ns3:TrackPointExtension>
            <ns3:hr>122</ns3:hr>
          </ns3:TrackPointExtension>
        </extensions>
      </trkpt>
      <trkpt lat="31.26815208233892917633056640625" lon="121.399653665721416473388671875">
        <ele>5.80000019073486328125</ele>
        <time>2026-09-23T11:53:16.000Z</time>
        <extensions>
          <ns3:TrackPointExtension>
            <ns3:hr>121</ns3:hr>
          </ns3:TrackPointExtension>
        </extensions>
      </trkpt>
      <trkpt lat="31.2681582011282444000244140625" lon="121.3995297811925411224365234375">
        <ele>5.599999904632568359375</ele>
        <time>2026-09-23T11:53:18.000Z</time>
        <extensions>
          <ns3:TrackPointExtension>
            <ns3:hr>120</ns3:hr>
          </ns3:TrackPointExtension>
        </extensions>
      </trkpt>
      <trkpt lat="31.2681721150875091552734375" lon="121.3990003801882266998291015625">
        <ele>5.599999904632568359375</ele>
        <time>2026-09-23T11:53:28.000Z</time>
        <extensions>
          <ns3:TrackPointExtension>
            <ns3:hr>120</ns3:hr>
          </ns3:TrackPointExtension>
        </extensions>
      </trkpt>
      <trkpt lat="31.2681809999048709869384765625" lon="121.39854348264634609222412109375">
        <ele>5.80000019073486328125</ele>
        <time>2026-09-23T11:53:36.000Z</time>
        <extensions>
          <ns3:TrackPointExtension>
            <ns3:hr>119</ns3:hr>
          </ns3:TrackPointExtension>
        </extensions>
      </trkpt>
      <trkpt lat="31.2681850232183933258056640625" lon="121.3984870724380016326904296875">
        <ele>5.80000019073486328125</ele>
        <time>2026-09-23T11:53:37.000Z</time>
        <extensions>
          <ns3:TrackPointExtension>
            <ns3:hr>116</ns3:hr>
          </ns3:TrackPointExtension>
        </extensions>
      </trkpt>
      <trkpt lat="31.2681873701512813568115234375" lon="121.398316584527492523193359375">
        <ele>5.80000019073486328125</ele>
        <time>2026-09-23T11:53:40.000Z</time>
        <extensions>
          <ns3:TrackPointExtension>
            <ns3:hr>113</ns3:hr>
          </ns3:TrackPointExtension>
        </extensions>
      </trkpt>
      <trkpt lat="31.2681897170841693878173828125" lon="121.398199237883090972900390625">
        <ele>5.80000019073486328125</ele>
        <time>2026-09-23T11:53:42.000Z</time>
        <extensions>
          <ns3:TrackPointExtension>
            <ns3:hr>110</ns3:hr>
          </ns3:TrackPointExtension>
        </extensions>
      </trkpt>
      <trkpt lat="31.2681937403976917266845703125" lon="121.39813863672316074371337890625">
        <ele>5.80000019073486328125</ele>
        <time>2026-09-23T11:53:43.000Z</time>
        <extensions>
          <ns3:TrackPointExtension>
            <ns3:hr>109</ns3:hr>
          </ns3:TrackPointExtension>
        </extensions>
      </trkpt>
      <trkpt lat="31.26822165213525295257568359375" lon="121.39778408221900463104248046875">
        <ele>5.80000019073486328125</ele>
        <time>2026-09-23T11:53:50.000Z</time>
        <extensions>
          <ns3:TrackPointExtension>
            <ns3:hr>113</ns3:hr>
          </ns3:TrackPointExtension>
        </extensions>
      </trkpt>
      <trkpt lat="31.26822751946747303009033203125" lon="121.39773286879062652587890625">
        <ele>5.80000019073486328125</ele>
        <time>2026-09-23T11:53:51.000Z</time>
        <extensions>
          <ns3:TrackPointExtension>
            <ns3:hr>119</ns3:hr>
          </ns3:TrackPointExtension>
        </extensions>
      </trkpt>
      <trkpt lat="31.26823103986680507659912109375" lon="121.39768031425774097442626953125">
        <ele>5.80000019073486328125</ele>
        <time>2026-09-23T11:53:52.000Z</time>
        <extensions>
          <ns3:TrackPointExtension>
            <ns3:hr>120</ns3:hr>
          </ns3:TrackPointExtension>
        </extensions>
      </trkpt>
      <trkpt lat="31.26823087222874164581298828125" lon="121.3975747860968112945556640625">
        <ele>5.80000019073486328125</ele>
        <time>2026-09-23T11:53:54.000Z</time>
        <extensions>
          <ns3:TrackPointExtension>
            <ns3:hr>123</ns3:hr>
          </ns3:TrackPointExtension>
        </extensions>
      </trkpt>
      <trkpt lat="31.26823204569518566131591796875" lon="121.397318132221698760986328125">
        <ele>5.599999904632568359375</ele>
        <time>2026-09-23T11:53:59.000Z</time>
        <extensions>
          <ns3:TrackPointExtension>
            <ns3:hr>125</ns3:hr>
          </ns3:TrackPointExtension>
        </extensions>
      </trkpt>
      <trkpt lat="31.26823942176997661590576171875" lon="121.39708318747580051422119140625">
        <ele>5.599999904632568359375</ele>
        <time>2026-09-23T11:54:03.000Z</time>
        <extensions>
          <ns3:TrackPointExtension>
            <ns3:hr>122</ns3:hr>
          </ns3:TrackPointExtension>
        </extensions>
      </trkpt>
      <trkpt lat="31.26824780367314815521240234375" lon="121.3967382721602916717529296875">
        <ele>5.400000095367431640625</ele>
        <time>2026-09-23T11:54:09.000Z</time>
        <extensions>
          <ns3:TrackPointExtension>
            <ns3:hr>122</ns3:hr>
          </ns3:TrackPointExtension>
        </extensions>
      </trkpt>
      <trkpt lat="31.2682390026748180389404296875" lon="121.396230161190032958984375">
        <ele>5</ele>
        <time>2026-09-23T11:54:18.000Z</time>
        <extensions>
          <ns3:TrackPointExtension>
            <ns3:hr>121</ns3:hr>
          </ns3:TrackPointExtension>
        </extensions>
      </trkpt>
      <trkpt lat="31.26823849976062774658203125" lon="121.39575214125216007232666015625">
        <ele>5.19999980926513671875</ele>
        <time>2026-09-23T11:54:27.000Z</time>
        <extensions>
          <ns3:TrackPointExtension>
            <ns3:hr>121</ns3:hr>
          </ns3:TrackPointExtension>
        </extensions>
      </trkpt>
      <trkpt lat="31.26825937069952487945556640625" lon="121.39537629671394824981689453125">
        <ele>5.19999980926513671875</ele>
        <time>2026-09-23T11:54:34.000Z</time>
        <extensions>
          <ns3:TrackPointExtension>
            <ns3:hr>118</ns3:hr>
          </ns3:TrackPointExtension>
        </extensions>
      </trkpt>
      <trkpt lat="31.26826322637498378753662109375" lon="121.395048312842845916748046875">
        <ele>5.19999980926513671875</ele>
        <time>2026-09-23T11:54:40.000Z</time>
        <extensions>
          <ns3:TrackPointExtension>
            <ns3:hr>119</ns3:hr>
          </ns3:TrackPointExtension>
        </extensions>
      </trkpt>
      <trkpt lat="31.26829574815928936004638671875" lon="121.39447130262851715087890625">
        <ele>5.400000095367431640625</ele>
        <time>2026-09-23T11:54:51.000Z</time>
        <extensions>
          <ns3:TrackPointExtension>
            <ns3:hr>118</ns3:hr>
          </ns3:TrackPointExtension>
        </extensions>
      </trkpt>
      <trkpt lat="31.2683218158781528472900390625" lon="121.39391072094440460205078125">
        <ele>5.19999980926513671875</ele>
        <time>2026-09-23T11:55:01.000Z</time>
        <extensions>
          <ns3:TrackPointExtension>
            <ns3:hr>118</ns3:hr>
          </ns3:TrackPointExtension>
        </extensions>
      </trkpt>
      <trkpt lat="31.26832055859267711639404296875" lon="121.3935719244182109832763671875">
        <ele>4.80000019073486328125</ele>
        <time>2026-09-23T11:55:07.000Z</time>
        <extensions>
          <ns3:TrackPointExtension>
            <ns3:hr>118</ns3:hr>
          </ns3:TrackPointExtension>
        </extensions>
      </trkpt>
      <trkpt lat="31.26832458190619945526123046875" lon="121.393459104001522064208984375">
        <ele>4.599999904632568359375</ele>
        <time>2026-09-23T11:55:09.000Z</time>
        <extensions>
          <ns3:TrackPointExtension>
            <ns3:hr>118</ns3:hr>
          </ns3:TrackPointExtension>
        </extensions>
      </trkpt>
      <trkpt lat="31.26830262131989002227783203125" lon="121.39300354756414890289306640625">
        <ele>4.599999904632568359375</ele>
        <time>2026-09-23T11:55:17.000Z</time>
        <extensions>
          <ns3:TrackPointExtension>
            <ns3:hr>120</ns3:hr>
          </ns3:TrackPointExtension>
        </extensions>
      </trkpt>
      <trkpt lat="31.26827764324843883514404296875" lon="121.3927250169217586517333984375">
        <ele>4.80000019073486328125</ele>
        <time>2026-09-23T11:55:23.000Z</time>
        <extensions>
          <ns3:TrackPointExtension>
            <ns3:hr>119</ns3:hr>
          </ns3:TrackPointExtension>
        </extensions>
      </trkpt>
      <trkpt lat="31.26819566823542118072509765625" lon="121.39258436858654022216796875">
        <ele>4.80000019073486328125</ele>
        <time>2026-09-23T11:55:28.000Z</time>
        <extensions>
          <ns3:TrackPointExtension>
            <ns3:hr>118</ns3:hr>
          </ns3:TrackPointExtension>
        </extensions>
      </trkpt>
      <trkpt lat="31.2680031359195709228515625" lon="121.39255444519221782684326171875">
        <ele>4.80000019073486328125</ele>
        <time>2026-09-23T11:55:33.000Z</time>
        <extensions>
          <ns3:TrackPointExtension>
            <ns3:hr>118</ns3:hr>
          </ns3:TrackPointExtension>
        </extensions>
      </trkpt>
      <trkpt lat="31.2676437199115753173828125" lon="121.39257171191275119781494140625">
        <ele>5</ele>
        <time>2026-09-23T11:55:41.000Z</time>
        <extensions>
          <ns3:TrackPointExtension>
            <ns3:hr>119</ns3:hr>
          </ns3:TrackPointExtension>
        </extensions>
      </trkpt>
      <trkpt lat="31.26727290451526641845703125" lon="121.39257841743528842926025390625">
        <ele>4.80000019073486328125</ele>
        <time>2026-09-23T11:55:49.000Z</time>
        <extensions>
          <ns3:TrackPointExtension>
            <ns3:hr>121</ns3:hr>
          </ns3:TrackPointExtension>
        </extensions>
      </trkpt>
      <trkpt lat="31.2668685615062713623046875" lon="121.3925610668957233428955078125">
        <ele>5.19999980926513671875</ele>
        <time>2026-09-23T11:55:58.000Z</time>
        <extensions>
          <ns3:TrackPointExtension>
            <ns3:hr>122</ns3:hr>
          </ns3:TrackPointExtension>
        </extensions>
      </trkpt>
      <trkpt lat="31.2665874324738979339599609375" lon="121.39253181405365467071533203125">
        <ele>5.400000095367431640625</ele>
        <time>2026-09-23T11:56:05.000Z</time>
        <extensions>
          <ns3:TrackPointExtension>
            <ns3:hr>122</ns3:hr>
          </ns3:TrackPointExtension>
        </extensions>
      </trkpt>
      <trkpt lat="31.26654334366321563720703125" lon="121.39244916848838329315185546875">
        <ele>5.80000019073486328125</ele>
        <time>2026-09-23T11:56:08.000Z</time>
        <extensions>
          <ns3:TrackPointExtension>
            <ns3:hr>122</ns3:hr>
          </ns3:TrackPointExtension>
        </extensions>
      </trkpt>
      <trkpt lat="31.26654543913900852203369140625" lon="121.39241463504731655120849609375">
        <ele>5.80000019073486328125</ele>
        <time>2026-09-23T11:56:09.000Z</time>
        <extensions>
          <ns3:TrackPointExtension>
            <ns3:hr>123</ns3:hr>
          </ns3:TrackPointExtension>
        </extensions>
      </trkpt>
      <trkpt lat="31.266557089984416961669921875" lon="121.39230382628738880157470703125">
        <ele>6</ele>
        <time>2026-09-23T11:56:12.000Z</time>
        <extensions>
          <ns3:TrackPointExtension>
            <ns3:hr>126</ns3:hr>
          </ns3:TrackPointExtension>
        </extensions>
      </trkpt>
      <trkpt lat="31.26658223569393157958984375" lon="121.39213736169040203094482421875">
        <ele>7</ele>
        <time>2026-09-23T11:56:16.000Z</time>
        <extensions>
          <ns3:TrackPointExtension>
            <ns3:hr>127</ns3:hr>
          </ns3:TrackPointExtension>
        </extensions>
      </trkpt>
      <trkpt lat="31.2666320241987705230712890625" lon="121.3919015787541866302490234375">
        <ele>7.400000095367431640625</ele>
        <time>2026-09-23T11:56:22.000Z</time>
        <extensions>
          <ns3:TrackPointExtension>
            <ns3:hr>124</ns3:hr>
          </ns3:TrackPointExtension>
        </extensions>
      </trkpt>
      <trkpt lat="31.2666608579456806182861328125" lon="121.39157879166305065155029296875">
        <ele>7</ele>
        <time>2026-09-23T11:56:29.000Z</time>
        <extensions>
          <ns3:TrackPointExtension>
            <ns3:hr>123</ns3:hr>
          </ns3:TrackPointExtension>
        </extensions>
      </trkpt>
      <trkpt lat="31.2666499614715576171875" lon="121.39127050526440143585205078125">
        <ele>6</ele>
        <time>2026-09-23T11:56:34.000Z</time>
        <extensions>
          <ns3:TrackPointExtension>
            <ns3:hr>125</ns3:hr>
          </ns3:TrackPointExtension>
        </extensions>
      </trkpt>
      <trkpt lat="31.26666043885052204132080078125" lon="121.39120965264737606048583984375">
        <ele>5.80000019073486328125</ele>
        <time>2026-09-23T11:56:35.000Z</time>
        <extensions>
          <ns3:TrackPointExtension>
            <ns3:hr>125</ns3:hr>
          </ns3:TrackPointExtension>
        </extensions>
      </trkpt>
      <trkpt lat="31.26675850711762905120849609375" lon="121.39069919474422931671142578125">
        <ele>5.400000095367431640625</ele>
        <time>2026-09-23T11:56:44.000Z</time>
        <extensions>
          <ns3:TrackPointExtension>
            <ns3:hr>124</ns3:hr>
          </ns3:TrackPointExtension>
        </extensions>
      </trkpt>
      <trkpt lat="31.26686386764049530029296875" lon="121.3901883177459239959716796875">
        <ele>4.80000019073486328125</ele>
        <time>2026-09-23T11:56:53.000Z</time>
        <extensions>
          <ns3:TrackPointExtension>
            <ns3:hr>121</ns3:hr>
          </ns3:TrackPointExtension>
        </extensions>
      </trkpt>
      <trkpt lat="31.26687652431428432464599609375" lon="121.39012604020535945892333984375">
        <ele>4.80000019073486328125</ele>
        <time>2026-09-23T11:56:54.000Z</time>
        <extensions>
          <ns3:TrackPointExtension>
            <ns3:hr>121</ns3:hr>
          </ns3:TrackPointExtension>
        </extensions>
      </trkpt>
      <trkpt lat="31.266899406909942626953125" lon="121.38994616456329822540283203125">
        <ele>4.80000019073486328125</ele>
        <time>2026-09-23T11:56:57.000Z</time>
        <extensions>
          <ns3:TrackPointExtension>
            <ns3:hr>119</ns3:hr>
          </ns3:TrackPointExtension>
        </extensions>
      </trkpt>
      <trkpt lat="31.266917847096920013427734375" lon="121.389777772128582000732421875">
        <ele>4.80000019073486328125</ele>
        <time>2026-09-23T11:57:00.000Z</time>
        <extensions>
          <ns3:TrackPointExtension>
            <ns3:hr>118</ns3:hr>
          </ns3:TrackPointExtension>
        </extensions>
      </trkpt>
      <trkpt lat="31.26702371053397655487060546875" lon="121.38933755457401275634765625">
        <ele>5</ele>
        <time>2026-09-23T11:57:08.000Z</time>
        <extensions>
          <ns3:TrackPointExtension>
            <ns3:hr>117</ns3:hr>
          </ns3:TrackPointExtension>
        </extensions>
      </trkpt>
      <trkpt lat="31.26710954122245311737060546875" lon="121.388951651751995086669921875">
        <ele>5.400000095367431640625</ele>
        <time>2026-09-23T11:57:15.000Z</time>
        <extensions>
          <ns3:TrackPointExtension>
            <ns3:hr>120</ns3:hr>
          </ns3:TrackPointExtension>
        </extensions>
      </trkpt>
      <trkpt lat="31.26714038662612438201904296875" lon="121.3887883722782135009765625">
        <ele>5.400000095367431640625</ele>
        <time>2026-09-23T11:57:18.000Z</time>
        <extensions>
          <ns3:TrackPointExtension>
            <ns3:hr>120</ns3:hr>
          </ns3:TrackPointExtension>
        </extensions>
      </trkpt>
      <trkpt lat="31.2672180868685245513916015625" lon="121.388429291546344757080078125">
        <ele>5.80000019073486328125</ele>
        <time>2026-09-23T11:57:25.000Z</time>
        <extensions>
          <ns3:TrackPointExtension>
            <ns3:hr>120</ns3:hr>
          </ns3:TrackPointExtension>
        </extensions>
      </trkpt>
      <trkpt lat="31.2672318331897258758544921875" lon="121.38835544697940349578857421875">
        <ele>6</ele>
        <time>2026-09-23T11:57:26.000Z</time>
        <extensions>
          <ns3:TrackPointExtension>
            <ns3:hr>120</ns3:hr>
          </ns3:TrackPointExtension>
        </extensions>
      </trkpt>
      <trkpt lat="31.26725287176668643951416015625" lon="121.388279758393764495849609375">
        <ele>6</ele>
        <time>2026-09-23T11:57:28.000Z</time>
        <extensions>
          <ns3:TrackPointExtension>
            <ns3:hr>121</ns3:hr>
          </ns3:TrackPointExtension>
        </extensions>
      </trkpt>
      <trkpt lat="31.267280615866184234619140625" lon="121.38815528713166713714599609375">
        <ele>5.80000019073486328125</ele>
        <time>2026-09-23T11:57:30.000Z</time>
        <extensions>
          <ns3:TrackPointExtension>
            <ns3:hr>121</ns3:hr>
          </ns3:TrackPointExtension>
        </extensions>
      </trkpt>
      <trkpt lat="31.26738681457936763763427734375" lon="121.38775446452200412750244140625">
        <ele>5.400000095367431640625</ele>
        <time>2026-09-23T11:57:37.000Z</time>
        <extensions>
          <ns3:TrackPointExtension>
            <ns3:hr>122</ns3:hr>
          </ns3:TrackPointExtension>
        </extensions>
      </trkpt>
      <trkpt lat="31.267554871737957000732421875" lon="121.38710059225559234619140625">
        <ele>5.599999904632568359375</ele>
        <time>2026-09-23T11:57:48.000Z</time>
        <extensions>
          <ns3:TrackPointExtension>
            <ns3:hr>124</ns3:hr>
          </ns3:TrackPointExtension>
        </extensions>
      </trkpt>
      <trkpt lat="31.26769602298736572265625" lon="121.38665132224559783935546875">
        <ele>5.400000095367431640625</ele>
        <time>2026-09-23T11:57:56.000Z</time>
        <extensions>
          <ns3:TrackPointExtension>
            <ns3:hr>121</ns3:hr>
          </ns3:TrackPointExtension>
        </extensions>
      </trkpt>
      <trkpt lat="31.267757713794708251953125" lon="121.3865589536726474761962890625">
        <ele>5.400000095367431640625</ele>
        <time>2026-09-23T11:57:58.000Z</time>
        <extensions>
          <ns3:TrackPointExtension>
            <ns3:hr>120</ns3:hr>
          </ns3:TrackPointExtension>
        </extensions>
      </trkpt>
      <trkpt lat="31.26786123029887676239013671875" lon="121.386513523757457733154296875">
        <ele>5.400000095367431640625</ele>
        <time>2026-09-23T11:58:00.000Z</time>
        <extensions>
          <ns3:TrackPointExtension>
            <ns3:hr>118</ns3:hr>
          </ns3:TrackPointExtension>
        </extensions>
      </trkpt>
      <trkpt lat="31.267911605536937713623046875" lon="121.38651662506163120269775390625">
        <ele>5.400000095367431640625</ele>
        <time>2026-09-23T11:58:01.000Z</time>
        <extensions>
          <ns3:TrackPointExtension>
            <ns3:hr>119</ns3:hr>
          </ns3:TrackPointExtension>
        </extensions>
      </trkpt>
      <trkpt lat="31.2683882005512714385986328125" lon="121.38654411770403385162353515625">
        <ele>5</ele>
        <time>2026-09-23T11:58:11.000Z</time>
        <extensions>
          <ns3:TrackPointExtension>
            <ns3:hr>116</ns3:hr>
          </ns3:TrackPointExtension>
        </extensions>
      </trkpt>
      <trkpt lat="31.268436647951602935791015625" lon="121.38654462061822414398193359375">
        <ele>5</ele>
        <time>2026-09-23T11:58:12.000Z</time>
        <extensions>
          <ns3:TrackPointExtension>
            <ns3:hr>116</ns3:hr>
          </ns3:TrackPointExtension>
        </extensions>
      </trkpt>
      <trkpt lat="31.269000582396984100341796875" lon="121.3865458779036998748779296875">
        <ele>4.80000019073486328125</ele>
        <time>2026-09-23T11:58:24.000Z</time>
        <extensions>
          <ns3:TrackPointExtension>
            <ns3:hr>116</ns3:hr>
          </ns3:TrackPointExtension>
        </extensions>
      </trkpt>
      <trkpt lat="31.26945278607308864593505859375" lon="121.38653825037181377410888671875">
        <ele>4.80000019073486328125</ele>
        <time>2026-09-23T11:58:34.000Z</time>
        <extensions>
          <ns3:TrackPointExtension>
            <ns3:hr>118</ns3:hr>
          </ns3:TrackPointExtension>
        </extensions>
      </trkpt>
      <trkpt lat="31.26985293813049793243408203125" lon="121.38652768917381763458251953125">
        <ele>4.80000019073486328125</ele>
        <time>2026-09-23T11:58:43.000Z</time>
        <extensions>
          <ns3:TrackPointExtension>
            <ns3:hr>116</ns3:hr>
          </ns3:TrackPointExtension>
        </extensions>
      </trkpt>
      <trkpt lat="31.270135156810283660888671875" lon="121.3865257613360881805419921875">
        <ele>4.599999904632568359375</ele>
        <time>2026-09-23T11:58:49.000Z</time>
        <extensions>
          <ns3:TrackPointExtension>
            <ns3:hr>118</ns3:hr>
          </ns3:TrackPointExtension>
        </extensions>
      </trkpt>
      <trkpt lat="31.27039021812379360198974609375" lon="121.38650002889335155487060546875">
        <ele>4.80000019073486328125</ele>
        <time>2026-09-23T11:58:55.000Z</time>
        <extensions>
          <ns3:TrackPointExtension>
            <ns3:hr>118</ns3:hr>
          </ns3:TrackPointExtension>
        </extensions>
      </trkpt>
      <trkpt lat="31.2705584429204463958740234375" lon="121.38647287152707576751708984375">
        <ele>4.599999904632568359375</ele>
        <time>2026-09-23T11:58:59.000Z</time>
        <extensions>
          <ns3:TrackPointExtension>
            <ns3:hr>119</ns3:hr>
          </ns3:TrackPointExtension>
        </extensions>
      </trkpt>
      <trkpt lat="31.27068107016384601593017578125" lon="121.3864211551845073699951171875">
        <ele>4.80000019073486328125</ele>
        <time>2026-09-23T11:59:02.000Z</time>
        <extensions>
          <ns3:TrackPointExtension>
            <ns3:hr>120</ns3:hr>
          </ns3:TrackPointExtension>
        </extensions>
      </trkpt>
      <trkpt lat="31.2707448564469814300537109375" lon="121.386355943977832794189453125">
        <ele>4.80000019073486328125</ele>
        <time>2026-09-23T11:59:04.000Z</time>
        <extensions>
          <ns3:TrackPointExtension>
            <ns3:hr>120</ns3:hr>
          </ns3:TrackPointExtension>
        </extensions>
      </trkpt>
      <trkpt lat="31.27078131772577762603759765625" lon="121.3862649165093898773193359375">
        <ele>4.599999904632568359375</ele>
        <time>2026-09-23T11:59:06.000Z</time>
        <extensions>
          <ns3:TrackPointExtension>
            <ns3:hr>119</ns3:hr>
          </ns3:TrackPointExtension>
        </extensions>
      </trkpt>
      <trkpt lat="31.270804367959499359130859375" lon="121.3861673511564731597900390625">
        <ele>4.400000095367431640625</ele>
        <time>2026-09-23T11:59:08.000Z</time>
        <extensions>
          <ns3:TrackPointExtension>
            <ns3:hr>120</ns3:hr>
          </ns3:TrackPointExtension>
        </extensions>
      </trkpt>
      <trkpt lat="31.2708149291574954986572265625" lon="121.38600465841591358184814453125">
        <ele>4.400000095367431640625</ele>
        <time>2026-09-23T11:59:11.000Z</time>
        <extensions>
          <ns3:TrackPointExtension>
            <ns3:hr>120</ns3:hr>
          </ns3:TrackPointExtension>
        </extensions>
      </trkpt>
      <trkpt lat="31.2708756141364574432373046875" lon="121.3854414783418178558349609375">
        <ele>4.400000095367431640625</ele>
        <time>2026-09-23T11:59:21.000Z</time>
        <extensions>
          <ns3:TrackPointExtension>
            <ns3:hr>118</ns3:hr>
          </ns3:TrackPointExtension>
        </extensions>
      </trkpt>
      <trkpt lat="31.270931102335453033447265625" lon="121.385120451450347900390625">
        <ele>4.19999980926513671875</ele>
        <time>2026-09-23T11:59:27.000Z</time>
        <extensions>
          <ns3:TrackPointExtension>
            <ns3:hr>118</ns3:hr>
          </ns3:TrackPointExtension>
        </extensions>
      </trkpt>
      <trkpt lat="31.27097125165164470672607421875" lon="121.385020203888416290283203125">
        <ele>4.19999980926513671875</ele>
        <time>2026-09-23T11:59:29.000Z</time>
        <extensions>
          <ns3:TrackPointExtension>
            <ns3:hr>118</ns3:hr>
          </ns3:TrackPointExtension>
        </extensions>
      </trkpt>
      <trkpt lat="31.271066553890705108642578125" lon="121.38458057306706905364990234375">
        <ele>4.400000095367431640625</ele>
        <time>2026-09-23T11:59:37.000Z</time>
        <extensions>
          <ns3:TrackPointExtension>
            <ns3:hr>115</ns3:hr>
          </ns3:TrackPointExtension>
        </extensions>
      </trkpt>
      <trkpt lat="31.27116571180522441864013671875" lon="121.38412325643002986907958984375">
        <ele>4</ele>
        <time>2026-09-23T11:59:45.000Z</time>
        <extensions>
          <ns3:TrackPointExtension>
            <ns3:hr>115</ns3:hr>
          </ns3:TrackPointExtension>
        </extensions>
      </trkpt>
      <trkpt lat="31.27117644064128398895263671875" lon="121.38407212682068347930908203125">
        <ele>3.7999999523162841796875</ele>
        <time>2026-09-23T11:59:46.000Z</time>
        <extensions>
          <ns3:TrackPointExtension>
            <ns3:hr>115</ns3:hr>
          </ns3:TrackPointExtension>
        </extensions>
      </trkpt>
      <trkpt lat="31.271249614655971527099609375" lon="121.38367868028581142425537109375">
        <ele>4</ele>
        <time>2026-09-23T11:59:53.000Z</time>
        <extensions>
          <ns3:TrackPointExtension>
            <ns3:hr>115</ns3:hr>
          </ns3:TrackPointExtension>
        </extensions>
      </trkpt>
      <trkpt lat="31.27127568237483501434326171875" lon="121.38356544077396392822265625">
        <ele>3.7999999523162841796875</ele>
        <time>2026-09-23T11:59:55.000Z</time>
        <extensions>
          <ns3:TrackPointExtension>
            <ns3:hr>112</ns3:hr>
          </ns3:TrackPointExtension>
        </extensions>
      </trkpt>
      <trkpt lat="31.27129848115146160125732421875" lon="121.38345169834792613983154296875">
        <ele>3.7999999523162841796875</ele>
        <time>2026-09-23T11:59:57.000Z</time>
        <extensions>
          <ns3:TrackPointExtension>
            <ns3:hr>111</ns3:hr>
          </ns3:TrackPointExtension>
        </extensions>
      </trkpt>
      <trkpt lat="31.2713168375194072723388671875" lon="121.38333133421838283538818359375">
        <ele>3.7999999523162841796875</ele>
        <time>2026-09-23T11:59:59.000Z</time>
        <extensions>
          <ns3:TrackPointExtension>
            <ns3:hr>112</ns3:hr>
          </ns3:TrackPointExtension>
        </extensions>
      </trkpt>
      <trkpt lat="31.27136436291038990020751953125" lon="121.383091695606708526611328125">
        <ele>3.7999999523162841796875</ele>
        <time>2026-09-23T12:00:03.000Z</time>
        <extensions>
          <ns3:TrackPointExtension>
            <ns3:hr>115</ns3:hr>
          </ns3:TrackPointExtension>
        </extensions>
      </trkpt>
      <trkpt lat="31.271420605480670928955078125" lon="121.38281819410622119903564453125">
        <ele>3.7999999523162841796875</ele>
        <time>2026-09-23T12:00:08.000Z</time>
        <extensions>
          <ns3:TrackPointExtension>
            <ns3:hr>114</ns3:hr>
          </ns3:TrackPointExtension>
        </extensions>
      </trkpt>
      <trkpt lat="31.2714336812496185302734375" lon="121.382768489420413970947265625">
        <ele>3.599999904632568359375</ele>
        <time>2026-09-23T12:00:09.000Z</time>
        <extensions>
          <ns3:TrackPointExtension>
            <ns3:hr>114</ns3:hr>
          </ns3:TrackPointExtension>
        </extensions>
      </trkpt>
      <trkpt lat="31.27151238732039928436279296875" lon="121.38234897516667842864990234375">
        <ele>3.599999904632568359375</ele>
        <time>2026-09-23T12:00:17.000Z</time>
        <extensions>
          <ns3:TrackPointExtension>
            <ns3:hr>112</ns3:hr>
          </ns3:TrackPointExtension>
        </extensions>
      </trkpt>
      <trkpt lat="31.27162805758416652679443359375" lon="121.38180901296436786651611328125">
        <ele>3.7999999523162841796875</ele>
        <time>2026-09-23T12:00:27.000Z</time>
        <extensions>
          <ns3:TrackPointExtension>
            <ns3:hr>114</ns3:hr>
          </ns3:TrackPointExtension>
        </extensions>
      </trkpt>
      <trkpt lat="31.27171807922422885894775390625" lon="121.38136410154402256011962890625">
        <ele>4</ele>
        <time>2026-09-23T12:00:35.000Z</time>
        <extensions>
          <ns3:TrackPointExtension>
            <ns3:hr>114</ns3:hr>
          </ns3:TrackPointExtension>
        </extensions>
      </trkpt>
      <trkpt lat="31.27180323936045169830322265625" lon="121.38091332279145717620849609375">
        <ele>3.7999999523162841796875</ele>
        <time>2026-09-23T12:00:43.000Z</time>
        <extensions>
          <ns3:TrackPointExtension>
            <ns3:hr>117</ns3:hr>
          </ns3:TrackPointExtension>
        </extensions>
      </trkpt>
      <trkpt lat="31.271840035915374755859375" lon="121.38074778020381927490234375">
        <ele>3.7999999523162841796875</ele>
        <time>2026-09-23T12:00:46.000Z</time>
        <extensions>
          <ns3:TrackPointExtension>
            <ns3:hr>117</ns3:hr>
          </ns3:TrackPointExtension>
        </extensions>
      </trkpt>
      <trkpt lat="31.27193634398281574249267578125" lon="121.38029658235609531402587890625">
        <ele>4</ele>
        <time>2026-09-23T12:00:54.000Z</time>
        <extensions>
          <ns3:TrackPointExtension>
            <ns3:hr>120</ns3:hr>
          </ns3:TrackPointExtension>
        </extensions>
      </trkpt>
      <trkpt lat="31.27198529429733753204345703125" lon="121.3800716958940029144287109375">
        <ele>4.19999980926513671875</ele>
        <time>2026-09-23T12:00:58.000Z</time>
        <extensions>
          <ns3:TrackPointExtension>
            <ns3:hr>120</ns3:hr>
          </ns3:TrackPointExtension>
        </extensions>
      </trkpt>
      <trkpt lat="31.27210213802754878997802734375" lon="121.379517652094364166259765625">
        <ele>4.400000095367431640625</ele>
        <time>2026-09-23T12:01:08.000Z</time>
        <extensions>
          <ns3:TrackPointExtension>
            <ns3:hr>120</ns3:hr>
          </ns3:TrackPointExtension>
        </extensions>
      </trkpt>
      <trkpt lat="31.2721364200115203857421875" lon="121.37935462407767772674560546875">
        <ele>4.599999904632568359375</ele>
        <time>2026-09-23T12:01:11.000Z</time>
        <extensions>
          <ns3:TrackPointExtension>
            <ns3:hr>123</ns3:hr>
          </ns3:TrackPointExtension>
        </extensions>
      </trkpt>
      <trkpt lat="31.27223457209765911102294921875" lon="121.37898162938654422760009765625">
        <ele>4.400000095367431640625</ele>
        <time>2026-09-23T12:01:18.000Z</time>
        <extensions>
          <ns3:TrackPointExtension>
            <ns3:hr>123</ns3:hr>
          </ns3:TrackPointExtension>
        </extensions>
      </trkpt>
      <trkpt lat="31.2722582928836345672607421875" lon="121.37886696495115756988525390625">
        <ele>4.599999904632568359375</ele>
        <time>2026-09-23T12:01:20.000Z</time>
        <extensions>
          <ns3:TrackPointExtension>
            <ns3:hr>120</ns3:hr>
          </ns3:TrackPointExtension>
        </extensions>
      </trkpt>
      <trkpt lat="31.27232610248029232025146484375" lon="121.37851961888372898101806640625">
        <ele>4.19999980926513671875</ele>
        <time>2026-09-23T12:01:26.000Z</time>
        <extensions>
          <ns3:TrackPointExtension>
            <ns3:hr>119</ns3:hr>
          </ns3:TrackPointExtension>
        </extensions>
      </trkpt>
      <trkpt lat="31.2724416889250278472900390625" lon="121.37794512324035167694091796875">
        <ele>3.7999999523162841796875</ele>
        <time>2026-09-23T12:01:36.000Z</time>
        <extensions>
          <ns3:TrackPointExtension>
            <ns3:hr>119</ns3:hr>
          </ns3:TrackPointExtension>
        </extensions>
      </trkpt>
      <trkpt lat="31.27247043885290622711181640625" lon="121.37783498503267765045166015625">
        <ele>3.7999999523162841796875</ele>
        <time>2026-09-23T12:01:38.000Z</time>
        <extensions>
          <ns3:TrackPointExtension>
            <ns3:hr>117</ns3:hr>
          </ns3:TrackPointExtension>
        </extensions>
      </trkpt>
      <trkpt lat="31.27250195480883121490478515625" lon="121.37770422734320163726806640625">
        <ele>3.599999904632568359375</ele>
        <time>2026-09-23T12:01:40.000Z</time>
        <extensions>
          <ns3:TrackPointExtension>
            <ns3:hr>119</ns3:hr>
          </ns3:TrackPointExtension>
        </extensions>
      </trkpt>
      <trkpt lat="31.27251117490231990814208984375" lon="121.377647817134857177734375">
        <ele>3.7999999523162841796875</ele>
        <time>2026-09-23T12:01:41.000Z</time>
        <extensions>
          <ns3:TrackPointExtension>
            <ns3:hr>119</ns3:hr>
          </ns3:TrackPointExtension>
        </extensions>
      </trkpt>
      <trkpt lat="31.27257102169096469879150390625" lon="121.377314887940883636474609375">
        <ele>4.19999980926513671875</ele>
        <time>2026-09-23T12:01:47.000Z</time>
        <extensions>
          <ns3:TrackPointExtension>
            <ns3:hr>115</ns3:hr>
          </ns3:TrackPointExtension>
        </extensions>
      </trkpt>
      <trkpt lat="31.2725798226892948150634765625" lon="121.3772607408463954925537109375">
        <ele>4.19999980926513671875</ele>
        <time>2026-09-23T12:01:48.000Z</time>
        <extensions>
          <ns3:TrackPointExtension>
            <ns3:hr>114</ns3:hr>
          </ns3:TrackPointExtension>
        </extensions>
      </trkpt>
      <trkpt lat="31.272661127150058746337890625" lon="121.37675589881837368011474609375">
        <ele>4.599999904632568359375</ele>
        <time>2026-09-23T12:01:58.000Z</time>
        <extensions>
          <ns3:TrackPointExtension>
            <ns3:hr>112</ns3:hr>
          </ns3:TrackPointExtension>
        </extensions>
      </trkpt>
      <trkpt lat="31.27268962562084197998046875" lon="121.3765844888985157012939453125">
        <ele>4.599999904632568359375</ele>
        <time>2026-09-23T12:02:02.000Z</time>
        <extensions>
          <ns3:TrackPointExtension>
            <ns3:hr>117</ns3:hr>
          </ns3:TrackPointExtension>
        </extensions>
      </trkpt>
      <trkpt lat="31.27270211465656757354736328125" lon="121.37654333375394344329833984375">
        <ele>4.599999904632568359375</ele>
        <time>2026-09-23T12:02:04.000Z</time>
        <extensions>
          <ns3:TrackPointExtension>
            <ns3:hr>117</ns3:hr>
          </ns3:TrackPointExtension>
        </extensions>
      </trkpt>
      <trkpt lat="31.27274821512401103973388671875" lon="121.37636907398700714111328125">
        <ele>4.599999904632568359375</ele>
        <time>2026-09-23T12:02:11.000Z</time>
        <extensions>
          <ns3:TrackPointExtension>
            <ns3:hr>114</ns3:hr>
          </ns3:TrackPointExtension>
        </extensions>
      </trkpt>
      <trkpt lat="31.27278978936374187469482421875" lon="121.376044861972332000732421875">
        <ele>4.599999904632568359375</ele>
        <time>2026-09-23T12:02:19.000Z</time>
        <extensions>
          <ns3:TrackPointExtension>
            <ns3:hr>112</ns3:hr>
          </ns3:TrackPointExtension>
        </extensions>
      </trkpt>
      <trkpt lat="31.272864304482936859130859375" lon="121.37561394833028316497802734375">
        <ele>4.19999980926513671875</ele>
        <time>2026-09-23T12:02:28.000Z</time>
        <extensions>
          <ns3:TrackPointExtension>
            <ns3:hr>112</ns3:hr>
          </ns3:TrackPointExtension>
        </extensions>
      </trkpt>
      <trkpt lat="31.27293563447892665863037109375" lon="121.37520424090325832366943359375">
        <ele>3.7999999523162841796875</ele>
        <time>2026-09-23T12:02:36.000Z</time>
        <extensions>
          <ns3:TrackPointExtension>
            <ns3:hr>113</ns3:hr>
          </ns3:TrackPointExtension>
        </extensions>
      </trkpt>
      <trkpt lat="31.27302112989127635955810546875" lon="121.3747035898268222808837890625">
        <ele>3.400000095367431640625</ele>
        <time>2026-09-23T12:02:45.000Z</time>
        <extensions>
          <ns3:TrackPointExtension>
            <ns3:hr>116</ns3:hr>
          </ns3:TrackPointExtension>
        </extensions>
      </trkpt>
      <trkpt lat="31.2730706669390201568603515625" lon="121.37444383464753627777099609375">
        <ele>3.400000095367431640625</ele>
        <time>2026-09-23T12:02:50.000Z</time>
        <extensions>
          <ns3:TrackPointExtension>
            <ns3:hr>113</ns3:hr>
          </ns3:TrackPointExtension>
        </extensions>
      </trkpt>
      <trkpt lat="31.273115761578083038330078125" lon="121.374235711991786956787109375">
        <ele>3.400000095367431640625</ele>
        <time>2026-09-23T12:02:54.000Z</time>
        <extensions>
          <ns3:TrackPointExtension>
            <ns3:hr>112</ns3:hr>
          </ns3:TrackPointExtension>
        </extensions>
      </trkpt>
      <trkpt lat="31.2732389755547046661376953125" lon="121.37373405508697032928466796875">
        <ele>3.400000095367431640625</ele>
        <time>2026-09-23T12:03:04.000Z</time>
        <extensions>
          <ns3:TrackPointExtension>
            <ns3:hr>114</ns3:hr>
          </ns3:TrackPointExtension>
        </extensions>
      </trkpt>
      <trkpt lat="31.27333511598408222198486328125" lon="121.37333683669567108154296875">
        <ele>3.400000095367431640625</ele>
        <time>2026-09-23T12:03:12.000Z</time>
        <extensions>
          <ns3:TrackPointExtension>
            <ns3:hr>114</ns3:hr>
          </ns3:TrackPointExtension>
        </extensions>
      </trkpt>
      <trkpt lat="31.273397393524646759033203125" lon="121.37308663688600063323974609375">
        <ele>3.599999904632568359375</ele>
        <time>2026-09-23T12:03:18.000Z</time>
        <extensions>
          <ns3:TrackPointExtension>
            <ns3:hr>114</ns3:hr>
          </ns3:TrackPointExtension>
        </extensions>
      </trkpt>
      <trkpt lat="31.27342882566154003143310546875" lon="121.37294732965528964996337890625">
        <ele>3.599999904632568359375</ele>
        <time>2026-09-23T12:03:23.000Z</time>
        <extensions>
          <ns3:TrackPointExtension>
            <ns3:hr>112</ns3:hr>
          </ns3:TrackPointExtension>
        </extensions>
      </trkpt>
      <trkpt lat="31.27343402244150638580322265625" lon="121.3727522827684879302978515625">
        <ele>3.400000095367431640625</ele>
        <time>2026-09-23T12:03:28.000Z</time>
        <extensions>
          <ns3:TrackPointExtension>
            <ns3:hr>111</ns3:hr>
          </ns3:TrackPointExtension>
        </extensions>
      </trkpt>
      <trkpt lat="31.27342597581446170806884765625" lon="121.37270928360521793365478515625">
        <ele>3.599999904632568359375</ele>
        <time>2026-09-23T12:03:29.000Z</time>
        <extensions>
          <ns3:TrackPointExtension>
            <ns3:hr>111</ns3:hr>
          </ns3:TrackPointExtension>
        </extensions>
      </trkpt>
      <trkpt lat="31.273377947509288787841796875" lon="121.37257777154445648193359375">
        <ele>3.7999999523162841796875</ele>
        <time>2026-09-23T12:03:32.000Z</time>
        <extensions>
          <ns3:TrackPointExtension>
            <ns3:hr>112</ns3:hr>
          </ns3:TrackPointExtension>
        </extensions>
      </trkpt>
      <trkpt lat="31.27332941628992557525634765625" lon="121.3724874146282672882080078125">
        <ele>4</ele>
        <time>2026-09-23T12:03:34.000Z</time>
        <extensions>
          <ns3:TrackPointExtension>
            <ns3:hr>112</ns3:hr>
          </ns3:TrackPointExtension>
        </extensions>
      </trkpt>
      <trkpt lat="31.27322447486221790313720703125" lon="121.3722646236419677734375">
        <ele>3.7999999523162841796875</ele>
        <time>2026-09-23T12:03:40.000Z</time>
        <extensions>
          <ns3:TrackPointExtension>
            <ns3:hr>114</ns3:hr>
          </ns3:TrackPointExtension>
        </extensions>
      </trkpt>
      <trkpt lat="31.27319430001080036163330078125" lon="121.37224861420691013336181640625">
        <ele>3.7999999523162841796875</ele>
        <time>2026-09-23T12:03:41.000Z</time>
        <extensions>
          <ns3:TrackPointExtension>
            <ns3:hr>114</ns3:hr>
          </ns3:TrackPointExtension>
        </extensions>
      </trkpt>
      <trkpt lat="31.27314954064786434173583984375" lon="121.372256912291049957275390625">
        <ele>3.7999999523162841796875</ele>
        <time>2026-09-23T12:03:43.000Z</time>
        <extensions>
          <ns3:TrackPointExtension>
            <ns3:hr>114</ns3:hr>
          </ns3:TrackPointExtension>
        </extensions>
      </trkpt>
      <trkpt lat="31.27314434386789798736572265625" lon="121.3722751848399639129638671875">
        <ele>4</ele>
        <time>2026-09-23T12:03:44.000Z</time>
        <extensions>
          <ns3:TrackPointExtension>
            <ns3:hr>114</ns3:hr>
          </ns3:TrackPointExtension>
        </extensions>
      </trkpt>
      <trkpt lat="31.27314920537173748016357421875" lon="121.372289098799228668212890625">
        <ele>3.7999999523162841796875</ele>
        <time>2026-09-23T12:03:46.000Z</time>
        <extensions>
          <ns3:TrackPointExtension>
            <ns3:hr>114</ns3:hr>
          </ns3:TrackPointExtension>
        </extensions>
      </trkpt>
      <trkpt lat="31.273267976939678192138671875" lon="121.3722061179578304290771484375">
        <ele>3.599999904632568359375</ele>
        <time>2026-09-23T12:04:17.000Z</time>
        <extensions>
          <ns3:TrackPointExtension>
            <ns3:hr>109</ns3:hr>
          </ns3:TrackPointExtension>
        </extensions>
      </trkpt>
      <trkpt lat="31.273297481238842010498046875" lon="121.37219865806400775909423828125">
        <ele>3.599999904632568359375</ele>
        <time>2026-09-23T12:04:18.000Z</time>
        <extensions>
          <ns3:TrackPointExtension>
            <ns3:hr>109</ns3:hr>
          </ns3:TrackPointExtension>
        </extensions>
      </trkpt>
      <trkpt lat="31.2734719924628734588623046875" lon="121.3721692375838756561279296875">
        <ele>3.599999904632568359375</ele>
        <time>2026-09-23T12:04:24.000Z</time>
        <extensions>
          <ns3:TrackPointExtension>
            <ns3:hr>110</ns3:hr>
          </ns3:TrackPointExtension>
        </extensions>
      </trkpt>
      <trkpt lat="31.2735601700842380523681640625" lon="121.37214032001793384552001953125">
        <ele>3.7999999523162841796875</ele>
        <time>2026-09-23T12:04:28.000Z</time>
        <extensions>
          <ns3:TrackPointExtension>
            <ns3:hr>110</ns3:hr>
          </ns3:TrackPointExtension>
        </extensions>
      </trkpt>
      <trkpt lat="31.27362160943448543548583984375" lon="121.372131519019603729248046875">
        <ele>3.599999904632568359375</ele>
        <time>2026-09-23T12:04:32.000Z</time>
        <extensions>
          <ns3:TrackPointExtension>
            <ns3:hr>113</ns3:hr>
          </ns3:TrackPointExtension>
        </extensions>
      </trkpt>
    </trkseg>
  </trk>
</gpx>
