<?xml version="1.0" encoding="UTF-8"?>
<gpx creator="Garmin Connect" version="1.1"
  xsi:schemaLocation="http://www.topografix.com/GPX/1/1 http://www.topografix.com/GPX/11.xsd"
  xmlns:ns3="http://www.garmin.com/xmlschemas/TrackPointExtension/v1"
  xmlns="http://www.topografix.com/GPX/1/1"
  xmlns:xsi="http://www.w3.org/2001/XMLSchema-instance" xmlns:ns2="http://www.garmin.com/xmlschemas/GpxExtensions/v3">
  <metadata>
    <link href="connect.garmin.com">
      <text>Garmin Connect</text>
    </link>
    <time>2026-09-26T00:18:33.000Z</time>
  </metadata>
  <trk>
    <name>普陀区 跑步</name>
    <type>running</type>
    <trkseg>
      <trkpt lat="31.2324757687747478485107421875" lon="121.37950331903994083404541015625">
        <ele>8.6000003814697265625</ele>
        <time>2026-09-26T00:18:43.000Z</time>
        <extensions>
          <ns3:TrackPointExtension>
            <ns3:hr>100</ns3:hr>
            <ns3:cad>80</ns3:cad>
          </ns3:TrackPointExtension>
        </extensions>
      </trkpt>
      <trkpt lat="31.23246227391064167022705078125" lon="121.37950130738317966461181640625">
        <ele>8.6000003814697265625</ele>
        <time>2026-09-26T00:18:44.000Z</time>
        <extensions>
          <ns3:TrackPointExtension>
            <ns3:hr>100</ns3:hr>
            <ns3:cad>80</ns3:cad>
          </ns3:TrackPointExtension>
        </extensions>
      </trkpt>
      <trkpt lat="31.23244785703718662261962890625" lon="121.37949862517416477203369140625">
        <ele>8.6000003814697265625</ele>
        <time>2026-09-26T00:18:45.000Z</time>
        <extensions>
          <ns3:TrackPointExtension>
            <ns3:hr>100</ns3:hr>
            <ns3:cad>80</ns3:cad>
          </ns3:TrackPointExtension>
        </extensions>
      </trkpt>
      <trkpt lat="31.23243243433535099029541015625" lon="121.379496194422245025634765625">
        <ele>8.6000003814697265625</ele>
        <time>2026-09-26T00:18:46.000Z</time>
        <extensions>
          <ns3:TrackPointExtension>
            <ns3:hr>100</ns3:hr>
            <ns3:cad>80</ns3:cad>
          </ns3:TrackPointExtension>
        </extensions>
      </trkpt>
      <trkpt lat="31.2324170954525470733642578125" lon="121.3794930092990398406982421875">
        <ele>8.6000003814697265625</ele>
        <time>2026-09-26T00:18:47.000Z</time>
        <extensions>
          <ns3:TrackPointExtension>
            <ns3:hr>101</ns3:hr>
            <ns3:cad>79</ns3:cad>
          </ns3:TrackPointExtension>
        </extensions>
      </trkpt>
      <trkpt lat="31.2323999963700771331787109375" lon="121.37948772870004177093505859375">
        <ele>8.6000003814697265625</ele>
        <time>2026-09-26T00:18:48.000Z</time>
        <extensions>
          <ns3:TrackPointExtension>
            <ns3:hr>101</ns3:hr>
            <ns3:cad>79</ns3:cad>
          </ns3:TrackPointExtension>
        </extensions>
      </trkpt>
      <trkpt lat="31.2323782034218311309814453125" lon="121.37947901152074337005615234375">
        <ele>8.6000003814697265625</ele>
        <time>2026-09-26T00:18:49.000Z</time>
        <extensions>
          <ns3:TrackPointExtension>
            <ns3:hr>101</ns3:hr>
            <ns3:cad>80</ns3:cad>
          </ns3:TrackPointExtension>
        </extensions>
      </trkpt>
      <trkpt lat="31.2323577515780925750732421875" lon="121.379468701779842376708984375">
        <ele>8.6000003814697265625</ele>
        <time>2026-09-26T00:18:50.000Z</time>
        <extensions>
          <ns3:TrackPointExtension>
            <ns3:hr>102</ns3:hr>
            <ns3:cad>80</ns3:cad>
          </ns3:TrackPointExtension>
        </extensions>
      </trkpt>
      <trkpt lat="31.2323359586298465728759765625" lon="121.3794571347534656524658203125">
        <ele>8.6000003814697265625</ele>
        <time>2026-09-26T00:18:51.000Z</time>
        <extensions>
          <ns3:TrackPointExtension>
            <ns3:hr>102</ns3:hr>
            <ns3:cad>80</ns3:cad>
          </ns3:TrackPointExtension>
        </extensions>
      </trkpt>
      <trkpt lat="31.23231357894837856292724609375" lon="121.37944280169904232025146484375">
        <ele>8.6000003814697265625</ele>
        <time>2026-09-26T00:18:52.000Z</time>
        <extensions>
          <ns3:TrackPointExtension>
            <ns3:hr>102</ns3:hr>
            <ns3:cad>80</ns3:cad>
          </ns3:TrackPointExtension>
        </extensions>
      </trkpt>
      <trkpt lat="31.23229228891432285308837890625" lon="121.379430480301380157470703125">
        <ele>8.6000003814697265625</ele>
        <time>2026-09-26T00:18:53.000Z</time>
        <extensions>
          <ns3:TrackPointExtension>
            <ns3:hr>102</ns3:hr>
            <ns3:cad>80</ns3:cad>
          </ns3:TrackPointExtension>
        </extensions>
      </trkpt>
      <trkpt lat="31.23227351345121860504150390625" lon="121.37941849417984485626220703125">
        <ele>8.3999996185302734375</ele>
        <time>2026-09-26T00:18:54.000Z</time>
        <extensions>
          <ns3:TrackPointExtension>
            <ns3:hr>103</ns3:hr>
            <ns3:cad>80</ns3:cad>
          </ns3:TrackPointExtension>
        </extensions>
      </trkpt>
      <trkpt lat="31.2322544865310192108154296875" lon="121.379406340420246124267578125">
        <ele>8.3999996185302734375</ele>
        <time>2026-09-26T00:18:55.000Z</time>
        <extensions>
          <ns3:TrackPointExtension>
            <ns3:hr>103</ns3:hr>
            <ns3:cad>80</ns3:cad>
          </ns3:TrackPointExtension>
        </extensions>
      </trkpt>
      <trkpt lat="31.23223596252501010894775390625" lon="121.3793952763080596923828125">
        <ele>8.3999996185302734375</ele>
        <time>2026-09-26T00:18:56.000Z</time>
        <extensions>
          <ns3:TrackPointExtension>
            <ns3:hr>103</ns3:hr>
            <ns3:cad>80</ns3:cad>
          </ns3:TrackPointExtension>
        </extensions>
      </trkpt>
      <trkpt lat="31.23221836052834987640380859375" lon="121.37938521802425384521484375">
        <ele>8.3999996185302734375</ele>
        <time>2026-09-26T00:18:57.000Z</time>
        <extensions>
          <ns3:TrackPointExtension>
            <ns3:hr>103</ns3:hr>
            <ns3:cad>80</ns3:cad>
          </ns3:TrackPointExtension>
        </extensions>
      </trkpt>
      <trkpt lat="31.23219966888427734375" lon="121.37937591411173343658447265625">
        <ele>8.3999996185302734375</ele>
        <time>2026-09-26T00:18:58.000Z</time>
        <extensions>
          <ns3:TrackPointExtension>
            <ns3:hr>103</ns3:hr>
            <ns3:cad>81</ns3:cad>
          </ns3:TrackPointExtension>
        </extensions>
      </trkpt>
      <trkpt lat="31.23218080960214138031005859375" lon="121.37936568818986415863037109375">
        <ele>8.3999996185302734375</ele>
        <time>2026-09-26T00:18:59.000Z</time>
        <extensions>
          <ns3:TrackPointExtension>
            <ns3:hr>104</ns3:hr>
            <ns3:cad>81</ns3:cad>
          </ns3:TrackPointExtension>
        </extensions>
      </trkpt>
      <trkpt lat="31.23216303996741771697998046875" lon="121.379354037344455718994140625">
        <ele>8.3999996185302734375</ele>
        <time>2026-09-26T00:19:00.000Z</time>
        <extensions>
          <ns3:TrackPointExtension>
            <ns3:hr>104</ns3:hr>
            <ns3:cad>81</ns3:cad>
          </ns3:TrackPointExtension>
        </extensions>
      </trkpt>
      <trkpt lat="31.2321431748569011688232421875" lon="121.37934071011841297149658203125">
        <ele>8.3999996185302734375</ele>
        <time>2026-09-26T00:19:01.000Z</time>
        <extensions>
          <ns3:TrackPointExtension>
            <ns3:hr>105</ns3:hr>
            <ns3:cad>80</ns3:cad>
          </ns3:TrackPointExtension>
        </extensions>
      </trkpt>
      <trkpt lat="31.232121884822845458984375" lon="121.379326544702053070068359375">
        <ele>8.3999996185302734375</ele>
        <time>2026-09-26T00:19:02.000Z</time>
        <extensions>
          <ns3:TrackPointExtension>
            <ns3:hr>105</ns3:hr>
            <ns3:cad>79</ns3:cad>
          </ns3:TrackPointExtension>
        </extensions>
      </trkpt>
      <trkpt lat="31.23210302554070949554443359375" lon="121.37931422330439090728759765625">
        <ele>8.3999996185302734375</ele>
        <time>2026-09-26T00:19:03.000Z</time>
        <extensions>
          <ns3:TrackPointExtension>
            <ns3:hr>105</ns3:hr>
            <ns3:cad>79</ns3:cad>
          </ns3:TrackPointExtension>
        </extensions>
      </trkpt>
      <trkpt lat="31.23208458535373210906982421875" lon="121.37930450029671192169189453125">
        <ele>8.3999996185302734375</ele>
        <time>2026-09-26T00:19:04.000Z</time>
        <extensions>
          <ns3:TrackPointExtension>
            <ns3:hr>105</ns3:hr>
            <ns3:cad>79</ns3:cad>
          </ns3:TrackPointExtension>
        </extensions>
      </trkpt>
      <trkpt lat="31.23206966556608676910400390625" lon="121.379295028746128082275390625">
        <ele>8.3999996185302734375</ele>
        <time>2026-09-26T00:19:05.000Z</time>
        <extensions>
          <ns3:TrackPointExtension>
            <ns3:hr>106</ns3:hr>
            <ns3:cad>79</ns3:cad>
          </ns3:TrackPointExtension>
        </extensions>
      </trkpt>
      <trkpt lat="31.232052147388458251953125" lon="121.37928840704262256622314453125">
        <ele>8.3999996185302734375</ele>
        <time>2026-09-26T00:19:06.000Z</time>
        <extensions>
          <ns3:TrackPointExtension>
            <ns3:hr>106</ns3:hr>
            <ns3:cad>79</ns3:cad>
          </ns3:TrackPointExtension>
        </extensions>
      </trkpt>
      <trkpt lat="31.23203328810632228851318359375" lon="121.37928203679621219635009765625">
        <ele>8.3999996185302734375</ele>
        <time>2026-09-26T00:19:07.000Z</time>
        <extensions>
          <ns3:TrackPointExtension>
            <ns3:hr>106</ns3:hr>
            <ns3:cad>79</ns3:cad>
          </ns3:TrackPointExtension>
        </extensions>
      </trkpt>
      <trkpt lat="31.23201526701450347900390625" lon="121.37927516363561153411865234375">
        <ele>8.3999996185302734375</ele>
        <time>2026-09-26T00:19:08.000Z</time>
        <extensions>
          <ns3:TrackPointExtension>
            <ns3:hr>106</ns3:hr>
            <ns3:cad>79</ns3:cad>
          </ns3:TrackPointExtension>
        </extensions>
      </trkpt>
      <trkpt lat="31.23199607245624065399169921875" lon="121.3792707212269306182861328125">
        <ele>8.3999996185302734375</ele>
        <time>2026-09-26T00:19:09.000Z</time>
        <extensions>
          <ns3:TrackPointExtension>
            <ns3:hr>106</ns3:hr>
            <ns3:cad>79</ns3:cad>
          </ns3:TrackPointExtension>
        </extensions>
      </trkpt>
      <trkpt lat="31.2319765426218509674072265625" lon="121.3792687095701694488525390625">
        <ele>8.3999996185302734375</ele>
        <time>2026-09-26T00:19:10.000Z</time>
        <extensions>
          <ns3:TrackPointExtension>
            <ns3:hr>106</ns3:hr>
            <ns3:cad>79</ns3:cad>
          </ns3:TrackPointExtension>
        </extensions>
      </trkpt>
      <trkpt lat="31.23195827007293701171875" lon="121.37926611118018627166748046875">
        <ele>8.3999996185302734375</ele>
        <time>2026-09-26T00:19:11.000Z</time>
        <extensions>
          <ns3:TrackPointExtension>
            <ns3:hr>107</ns3:hr>
            <ns3:cad>80</ns3:cad>
          </ns3:TrackPointExtension>
        </extensions>
      </trkpt>
      <trkpt lat="31.23193882405757904052734375" lon="121.3792626745998859405517578125">
        <ele>8.3999996185302734375</ele>
        <time>2026-09-26T00:19:12.000Z</time>
        <extensions>
          <ns3:TrackPointExtension>
            <ns3:hr>106</ns3:hr>
            <ns3:cad>80</ns3:cad>
          </ns3:TrackPointExtension>
        </extensions>
      </trkpt>
      <trkpt lat="31.23191870748996734619140625" lon="121.37925772927701473236083984375">
        <ele>8.3999996185302734375</ele>
        <time>2026-09-26T00:19:13.000Z</time>
        <extensions>
          <ns3:TrackPointExtension>
            <ns3:hr>107</ns3:hr>
            <ns3:cad>80</ns3:cad>
          </ns3:TrackPointExtension>
        </extensions>
      </trkpt>
      <trkpt lat="31.23189984820783138275146484375" lon="121.3792519457638263702392578125">
        <ele>8.3999996185302734375</ele>
        <time>2026-09-26T00:19:14.000Z</time>
        <extensions>
          <ns3:TrackPointExtension>
            <ns3:hr>107</ns3:hr>
            <ns3:cad>79</ns3:cad>
          </ns3:TrackPointExtension>
        </extensions>
      </trkpt>
      <trkpt lat="31.23188090510666370391845703125" lon="121.37924767099320888519287109375">
        <ele>8.3999996185302734375</ele>
        <time>2026-09-26T00:19:15.000Z</time>
        <extensions>
          <ns3:TrackPointExtension>
            <ns3:hr>107</ns3:hr>
            <ns3:cad>79</ns3:cad>
          </ns3:TrackPointExtension>
        </extensions>
      </trkpt>
      <trkpt lat="31.23185777105391025543212890625" lon="121.37924264185130596160888671875">
        <ele>8.19999980926513671875</ele>
        <time>2026-09-26T00:19:16.000Z</time>
        <extensions>
          <ns3:TrackPointExtension>
            <ns3:hr>108</ns3:hr>
            <ns3:cad>79</ns3:cad>
          </ns3:TrackPointExtension>
        </extensions>
      </trkpt>
      <trkpt lat="31.2318350560963153839111328125" lon="121.379238031804561614990234375">
        <ele>8.19999980926513671875</ele>
        <time>2026-09-26T00:19:17.000Z</time>
        <extensions>
          <ns3:TrackPointExtension>
            <ns3:hr>109</ns3:hr>
            <ns3:cad>79</ns3:cad>
          </ns3:TrackPointExtension>
        </extensions>
      </trkpt>
      <trkpt lat="31.2318146042525768280029296875" lon="121.37923124246299266815185546875">
        <ele>8.19999980926513671875</ele>
        <time>2026-09-26T00:19:18.000Z</time>
        <extensions>
          <ns3:TrackPointExtension>
            <ns3:hr>109</ns3:hr>
            <ns3:cad>79</ns3:cad>
          </ns3:TrackPointExtension>
        </extensions>
      </trkpt>
      <trkpt lat="31.231794320046901702880859375" lon="121.37922520749270915985107421875">
        <ele>8.19999980926513671875</ele>
        <time>2026-09-26T00:19:19.000Z</time>
        <extensions>
          <ns3:TrackPointExtension>
            <ns3:hr>110</ns3:hr>
            <ns3:cad>79</ns3:cad>
          </ns3:TrackPointExtension>
        </extensions>
      </trkpt>
      <trkpt lat="31.2317718565464019775390625" lon="121.379219591617584228515625">
        <ele>8.19999980926513671875</ele>
        <time>2026-09-26T00:19:20.000Z</time>
        <extensions>
          <ns3:TrackPointExtension>
            <ns3:hr>110</ns3:hr>
            <ns3:cad>79</ns3:cad>
          </ns3:TrackPointExtension>
        </extensions>
      </trkpt>
      <trkpt lat="31.231752075254917144775390625" lon="121.37921397574245929718017578125">
        <ele>8.19999980926513671875</ele>
        <time>2026-09-26T00:19:21.000Z</time>
        <extensions>
          <ns3:TrackPointExtension>
            <ns3:hr>110</ns3:hr>
            <ns3:cad>79</ns3:cad>
          </ns3:TrackPointExtension>
        </extensions>
      </trkpt>
      <trkpt lat="31.23173254542052745819091796875" lon="121.3792075216770172119140625">
        <ele>8.19999980926513671875</ele>
        <time>2026-09-26T00:19:22.000Z</time>
        <extensions>
          <ns3:TrackPointExtension>
            <ns3:hr>110</ns3:hr>
            <ns3:cad>80</ns3:cad>
          </ns3:TrackPointExtension>
        </extensions>
      </trkpt>
      <trkpt lat="31.23171326704323291778564453125" lon="121.3791986368596553802490234375">
        <ele>8.19999980926513671875</ele>
        <time>2026-09-26T00:19:23.000Z</time>
        <extensions>
          <ns3:TrackPointExtension>
            <ns3:hr>111</ns3:hr>
            <ns3:cad>80</ns3:cad>
          </ns3:TrackPointExtension>
        </extensions>
      </trkpt>
      <trkpt lat="31.2316949106752872467041015625" lon="121.3791892491281032562255859375">
        <ele>8.19999980926513671875</ele>
        <time>2026-09-26T00:19:24.000Z</time>
        <extensions>
          <ns3:TrackPointExtension>
            <ns3:hr>110</ns3:hr>
            <ns3:cad>80</ns3:cad>
          </ns3:TrackPointExtension>
        </extensions>
      </trkpt>
      <trkpt lat="31.2316764704883098602294921875" lon="121.3791795261204242706298828125">
        <ele>8.19999980926513671875</ele>
        <time>2026-09-26T00:19:25.000Z</time>
        <extensions>
          <ns3:TrackPointExtension>
            <ns3:hr>110</ns3:hr>
            <ns3:cad>80</ns3:cad>
          </ns3:TrackPointExtension>
        </extensions>
      </trkpt>
      <trkpt lat="31.231658868491649627685546875" lon="121.37917038984596729278564453125">
        <ele>8.19999980926513671875</ele>
        <time>2026-09-26T00:19:26.000Z</time>
        <extensions>
          <ns3:TrackPointExtension>
            <ns3:hr>110</ns3:hr>
            <ns3:cad>80</ns3:cad>
          </ns3:TrackPointExtension>
        </extensions>
      </trkpt>
      <trkpt lat="31.2316432781517505645751953125" lon="121.37916301377117633819580078125">
        <ele>8.19999980926513671875</ele>
        <time>2026-09-26T00:19:27.000Z</time>
        <extensions>
          <ns3:TrackPointExtension>
            <ns3:hr>110</ns3:hr>
            <ns3:cad>80</ns3:cad>
          </ns3:TrackPointExtension>
        </extensions>
      </trkpt>
      <trkpt lat="31.23162693344056606292724609375" lon="121.37915647588670253753662109375">
        <ele>8.19999980926513671875</ele>
        <time>2026-09-26T00:19:28.000Z</time>
        <extensions>
          <ns3:TrackPointExtension>
            <ns3:hr>111</ns3:hr>
            <ns3:cad>79</ns3:cad>
          </ns3:TrackPointExtension>
        </extensions>
      </trkpt>
      <trkpt lat="31.2316110916435718536376953125" lon="121.3791525363922119140625">
        <ele>8.19999980926513671875</ele>
        <time>2026-09-26T00:19:29.000Z</time>
        <extensions>
          <ns3:TrackPointExtension>
            <ns3:hr>111</ns3:hr>
            <ns3:cad>79</ns3:cad>
          </ns3:TrackPointExtension>
        </extensions>
      </trkpt>
      <trkpt lat="31.23159340582787990570068359375" lon="121.3791493512690067291259765625">
        <ele>8.19999980926513671875</ele>
        <time>2026-09-26T00:19:30.000Z</time>
        <extensions>
          <ns3:TrackPointExtension>
            <ns3:hr>111</ns3:hr>
            <ns3:cad>79</ns3:cad>
          </ns3:TrackPointExtension>
        </extensions>
      </trkpt>
      <trkpt lat="31.23157580383121967315673828125" lon="121.37914641760289669036865234375">
        <ele>8.19999980926513671875</ele>
        <time>2026-09-26T00:19:31.000Z</time>
        <extensions>
          <ns3:TrackPointExtension>
            <ns3:hr>111</ns3:hr>
            <ns3:cad>79</ns3:cad>
          </ns3:TrackPointExtension>
        </extensions>
      </trkpt>
      <trkpt lat="31.2315591238439083099365234375" lon="121.37914180755615234375">
        <ele>8.19999980926513671875</ele>
        <time>2026-09-26T00:19:32.000Z</time>
        <extensions>
          <ns3:TrackPointExtension>
            <ns3:hr>112</ns3:hr>
            <ns3:cad>79</ns3:cad>
          </ns3:TrackPointExtension>
        </extensions>
      </trkpt>
      <trkpt lat="31.23154319822788238525390625" lon="121.3791369460523128509521484375">
        <ele>8.19999980926513671875</ele>
        <time>2026-09-26T00:19:33.000Z</time>
        <extensions>
          <ns3:TrackPointExtension>
            <ns3:hr>112</ns3:hr>
            <ns3:cad>79</ns3:cad>
          </ns3:TrackPointExtension>
        </extensions>
      </trkpt>
      <trkpt lat="31.231527440249919891357421875" lon="121.379132755100727081298828125">
        <ele>8</ele>
        <time>2026-09-26T00:19:34.000Z</time>
        <extensions>
          <ns3:TrackPointExtension>
            <ns3:hr>112</ns3:hr>
            <ns3:cad>79</ns3:cad>
          </ns3:TrackPointExtension>
        </extensions>
      </trkpt>
      <trkpt lat="31.2315125204622745513916015625" lon="121.3791258819401264190673828125">
        <ele>8</ele>
        <time>2026-09-26T00:19:35.000Z</time>
        <extensions>
          <ns3:TrackPointExtension>
            <ns3:hr>112</ns3:hr>
            <ns3:cad>79</ns3:cad>
          </ns3:TrackPointExtension>
        </extensions>
      </trkpt>
      <trkpt lat="31.231500618159770965576171875" lon="121.37911825440824031829833984375">
        <ele>8</ele>
        <time>2026-09-26T00:19:36.000Z</time>
        <extensions>
          <ns3:TrackPointExtension>
            <ns3:hr>112</ns3:hr>
            <ns3:cad>79</ns3:cad>
          </ns3:TrackPointExtension>
        </extensions>
      </trkpt>
      <trkpt lat="31.2314856983721256256103515625" lon="121.379107944667339324951171875">
        <ele>8</ele>
        <time>2026-09-26T00:19:37.000Z</time>
        <extensions>
          <ns3:TrackPointExtension>
            <ns3:hr>112</ns3:hr>
            <ns3:cad>79</ns3:cad>
          </ns3:TrackPointExtension>
        </extensions>
      </trkpt>
      <trkpt lat="31.231467090547084808349609375" lon="121.37909495271742343902587890625">
        <ele>8</ele>
        <time>2026-09-26T00:19:38.000Z</time>
        <extensions>
          <ns3:TrackPointExtension>
            <ns3:hr>112</ns3:hr>
            <ns3:cad>80</ns3:cad>
          </ns3:TrackPointExtension>
        </extensions>
      </trkpt>
      <trkpt lat="31.2314474768936634063720703125" lon="121.37908338569104671478271484375">
        <ele>8</ele>
        <time>2026-09-26T00:19:39.000Z</time>
        <extensions>
          <ns3:TrackPointExtension>
            <ns3:hr>112</ns3:hr>
            <ns3:cad>80</ns3:cad>
          </ns3:TrackPointExtension>
        </extensions>
      </trkpt>
      <trkpt lat="31.23142861761152744293212890625" lon="121.37907265685498714447021484375">
        <ele>8.19999980926513671875</ele>
        <time>2026-09-26T00:19:40.000Z</time>
        <extensions>
          <ns3:TrackPointExtension>
            <ns3:hr>112</ns3:hr>
            <ns3:cad>80</ns3:cad>
          </ns3:TrackPointExtension>
        </extensions>
      </trkpt>
      <trkpt lat="31.23141109943389892578125" lon="121.37906209565699100494384765625">
        <ele>8.19999980926513671875</ele>
        <time>2026-09-26T00:19:41.000Z</time>
        <extensions>
          <ns3:TrackPointExtension>
            <ns3:hr>112</ns3:hr>
            <ns3:cad>79</ns3:cad>
          </ns3:TrackPointExtension>
        </extensions>
      </trkpt>
      <trkpt lat="31.23139433562755584716796875" lon="121.37904952280223369598388671875">
        <ele>8.19999980926513671875</ele>
        <time>2026-09-26T00:19:42.000Z</time>
        <extensions>
          <ns3:TrackPointExtension>
            <ns3:hr>112</ns3:hr>
            <ns3:cad>79</ns3:cad>
          </ns3:TrackPointExtension>
        </extensions>
      </trkpt>
      <trkpt lat="31.23137547634541988372802734375" lon="121.37903929688036441802978515625">
        <ele>8.19999980926513671875</ele>
        <time>2026-09-26T00:19:43.000Z</time>
        <extensions>
          <ns3:TrackPointExtension>
            <ns3:hr>112</ns3:hr>
            <ns3:cad>78</ns3:cad>
          </ns3:TrackPointExtension>
        </extensions>
      </trkpt>
      <trkpt lat="31.23135720379650592803955078125" lon="121.37903074733912944793701171875">
        <ele>8.19999980926513671875</ele>
        <time>2026-09-26T00:19:44.000Z</time>
        <extensions>
          <ns3:TrackPointExtension>
            <ns3:hr>112</ns3:hr>
            <ns3:cad>77</ns3:cad>
          </ns3:TrackPointExtension>
        </extensions>
      </trkpt>
      <trkpt lat="31.2313324771821498870849609375" lon="121.37902018614113330841064453125">
        <ele>8.19999980926513671875</ele>
        <time>2026-09-26T00:19:45.000Z</time>
        <extensions>
          <ns3:TrackPointExtension>
            <ns3:hr>112</ns3:hr>
            <ns3:cad>77</ns3:cad>
          </ns3:TrackPointExtension>
        </extensions>
      </trkpt>
      <trkpt lat="31.2313096784055233001708984375" lon="121.37901146896183490753173828125">
        <ele>8.19999980926513671875</ele>
        <time>2026-09-26T00:19:46.000Z</time>
        <extensions>
          <ns3:TrackPointExtension>
            <ns3:hr>113</ns3:hr>
            <ns3:cad>77</ns3:cad>
          </ns3:TrackPointExtension>
        </extensions>
      </trkpt>
      <trkpt lat="31.23128863982856273651123046875" lon="121.37900442816317081451416015625">
        <ele>8</ele>
        <time>2026-09-26T00:19:47.000Z</time>
        <extensions>
          <ns3:TrackPointExtension>
            <ns3:hr>113</ns3:hr>
            <ns3:cad>77</ns3:cad>
          </ns3:TrackPointExtension>
        </extensions>
      </trkpt>
      <trkpt lat="31.2312676012516021728515625" lon="121.37899755500257015228271484375">
        <ele>8</ele>
        <time>2026-09-26T00:19:48.000Z</time>
        <extensions>
          <ns3:TrackPointExtension>
            <ns3:hr>112</ns3:hr>
            <ns3:cad>77</ns3:cad>
          </ns3:TrackPointExtension>
        </extensions>
      </trkpt>
      <trkpt lat="31.2312479875981807708740234375" lon="121.378988921642303466796875">
        <ele>8.19999980926513671875</ele>
        <time>2026-09-26T00:19:49.000Z</time>
        <extensions>
          <ns3:TrackPointExtension>
            <ns3:hr>112</ns3:hr>
            <ns3:cad>78</ns3:cad>
          </ns3:TrackPointExtension>
        </extensions>
      </trkpt>
      <trkpt lat="31.2312292121350765228271484375" lon="121.378981210291385650634765625">
        <ele>8.19999980926513671875</ele>
        <time>2026-09-26T00:19:50.000Z</time>
        <extensions>
          <ns3:TrackPointExtension>
            <ns3:hr>112</ns3:hr>
            <ns3:cad>78</ns3:cad>
          </ns3:TrackPointExtension>
        </extensions>
      </trkpt>
      <trkpt lat="31.2312104366719722747802734375" lon="121.378974504768848419189453125">
        <ele>8.19999980926513671875</ele>
        <time>2026-09-26T00:19:51.000Z</time>
        <extensions>
          <ns3:TrackPointExtension>
            <ns3:hr>112</ns3:hr>
            <ns3:cad>78</ns3:cad>
          </ns3:TrackPointExtension>
        </extensions>
      </trkpt>
      <trkpt lat="31.23119040392339229583740234375" lon="121.37896687723696231842041015625">
        <ele>8.19999980926513671875</ele>
        <time>2026-09-26T00:19:52.000Z</time>
        <extensions>
          <ns3:TrackPointExtension>
            <ns3:hr>113</ns3:hr>
            <ns3:cad>78</ns3:cad>
          </ns3:TrackPointExtension>
        </extensions>
      </trkpt>
      <trkpt lat="31.23117079026997089385986328125" lon="121.37896134518086910247802734375">
        <ele>8.19999980926513671875</ele>
        <time>2026-09-26T00:19:53.000Z</time>
        <extensions>
          <ns3:TrackPointExtension>
            <ns3:hr>113</ns3:hr>
            <ns3:cad>78</ns3:cad>
          </ns3:TrackPointExtension>
        </extensions>
      </trkpt>
      <trkpt lat="31.231150925159454345703125" lon="121.37895648367702960968017578125">
        <ele>8.19999980926513671875</ele>
        <time>2026-09-26T00:19:54.000Z</time>
        <extensions>
          <ns3:TrackPointExtension>
            <ns3:hr>112</ns3:hr>
            <ns3:cad>78</ns3:cad>
          </ns3:TrackPointExtension>
        </extensions>
      </trkpt>
      <trkpt lat="31.2311309762299060821533203125" lon="121.37895212508738040924072265625">
        <ele>8.3999996185302734375</ele>
        <time>2026-09-26T00:19:55.000Z</time>
        <extensions>
          <ns3:TrackPointExtension>
            <ns3:hr>112</ns3:hr>
            <ns3:cad>79</ns3:cad>
          </ns3:TrackPointExtension>
        </extensions>
      </trkpt>
      <trkpt lat="31.23111530207097530364990234375" lon="121.3789488561451435089111328125">
        <ele>8.19999980926513671875</ele>
        <time>2026-09-26T00:19:56.000Z</time>
        <extensions>
          <ns3:TrackPointExtension>
            <ns3:hr>112</ns3:hr>
            <ns3:cad>79</ns3:cad>
          </ns3:TrackPointExtension>
        </extensions>
      </trkpt>
      <trkpt lat="31.23109661042690277099609375" lon="121.378943659365177154541015625">
        <ele>8.19999980926513671875</ele>
        <time>2026-09-26T00:19:57.000Z</time>
        <extensions>
          <ns3:TrackPointExtension>
            <ns3:hr>112</ns3:hr>
            <ns3:cad>79</ns3:cad>
          </ns3:TrackPointExtension>
        </extensions>
      </trkpt>
      <trkpt lat="31.23107875697314739227294921875" lon="121.37893737293779850006103515625">
        <ele>8.19999980926513671875</ele>
        <time>2026-09-26T00:19:58.000Z</time>
        <extensions>
          <ns3:TrackPointExtension>
            <ns3:hr>113</ns3:hr>
            <ns3:cad>79</ns3:cad>
          </ns3:TrackPointExtension>
        </extensions>
      </trkpt>
      <trkpt lat="31.23106174170970916748046875" lon="121.37893058359622955322265625">
        <ele>8</ele>
        <time>2026-09-26T00:19:59.000Z</time>
        <extensions>
          <ns3:TrackPointExtension>
            <ns3:hr>112</ns3:hr>
            <ns3:cad>77</ns3:cad>
          </ns3:TrackPointExtension>
        </extensions>
      </trkpt>
      <trkpt lat="31.23104489408433437347412109375" lon="121.3789250515401363372802734375">
        <ele>8</ele>
        <time>2026-09-26T00:20:00.000Z</time>
        <extensions>
          <ns3:TrackPointExtension>
            <ns3:hr>112</ns3:hr>
            <ns3:cad>77</ns3:cad>
          </ns3:TrackPointExtension>
        </extensions>
      </trkpt>
      <trkpt lat="31.23102813027799129486083984375" lon="121.37891977094113826751708984375">
        <ele>8</ele>
        <time>2026-09-26T00:20:01.000Z</time>
        <extensions>
          <ns3:TrackPointExtension>
            <ns3:hr>112</ns3:hr>
            <ns3:cad>77</ns3:cad>
          </ns3:TrackPointExtension>
        </extensions>
      </trkpt>
      <trkpt lat="31.23101086355745792388916015625" lon="121.378912813961505889892578125">
        <ele>8</ele>
        <time>2026-09-26T00:20:02.000Z</time>
        <extensions>
          <ns3:TrackPointExtension>
            <ns3:hr>112</ns3:hr>
            <ns3:cad>78</ns3:cad>
          </ns3:TrackPointExtension>
        </extensions>
      </trkpt>
      <trkpt lat="31.2309928424656391143798828125" lon="121.37890434823930263519287109375">
        <ele>8</ele>
        <time>2026-09-26T00:20:03.000Z</time>
        <extensions>
          <ns3:TrackPointExtension>
            <ns3:hr>112</ns3:hr>
            <ns3:cad>78</ns3:cad>
          </ns3:TrackPointExtension>
        </extensions>
      </trkpt>
      <trkpt lat="31.2309752404689788818359375" lon="121.378895379602909088134765625">
        <ele>8</ele>
        <time>2026-09-26T00:20:04.000Z</time>
        <extensions>
          <ns3:TrackPointExtension>
            <ns3:hr>112</ns3:hr>
            <ns3:cad>78</ns3:cad>
          </ns3:TrackPointExtension>
        </extensions>
      </trkpt>
      <trkpt lat="31.2309579737484455108642578125" lon="121.37888741679489612579345703125">
        <ele>8</ele>
        <time>2026-09-26T00:20:05.000Z</time>
        <extensions>
          <ns3:TrackPointExtension>
            <ns3:hr>112</ns3:hr>
            <ns3:cad>79</ns3:cad>
          </ns3:TrackPointExtension>
        </extensions>
      </trkpt>
      <trkpt lat="31.230941712856292724609375" lon="121.378879956901073455810546875">
        <ele>8</ele>
        <time>2026-09-26T00:20:06.000Z</time>
        <extensions>
          <ns3:TrackPointExtension>
            <ns3:hr>113</ns3:hr>
            <ns3:cad>80</ns3:cad>
          </ns3:TrackPointExtension>
        </extensions>
      </trkpt>
      <trkpt lat="31.2309254519641399383544921875" lon="121.37887400574982166290283203125">
        <ele>8</ele>
        <time>2026-09-26T00:20:07.000Z</time>
        <extensions>
          <ns3:TrackPointExtension>
            <ns3:hr>113</ns3:hr>
            <ns3:cad>80</ns3:cad>
          </ns3:TrackPointExtension>
        </extensions>
      </trkpt>
      <trkpt lat="31.23090625740587711334228515625" lon="121.3788683898746967315673828125">
        <ele>8</ele>
        <time>2026-09-26T00:20:08.000Z</time>
        <extensions>
          <ns3:TrackPointExtension>
            <ns3:hr>113</ns3:hr>
            <ns3:cad>79</ns3:cad>
          </ns3:TrackPointExtension>
        </extensions>
      </trkpt>
      <trkpt lat="31.23088764958083629608154296875" lon="121.37886243872344493865966796875">
        <ele>8.19999980926513671875</ele>
        <time>2026-09-26T00:20:09.000Z</time>
        <extensions>
          <ns3:TrackPointExtension>
            <ns3:hr>113</ns3:hr>
            <ns3:cad>79</ns3:cad>
          </ns3:TrackPointExtension>
        </extensions>
      </trkpt>
      <trkpt lat="31.2308661080896854400634765625" lon="121.37885422445833683013916015625">
        <ele>8.19999980926513671875</ele>
        <time>2026-09-26T00:20:10.000Z</time>
        <extensions>
          <ns3:TrackPointExtension>
            <ns3:hr>113</ns3:hr>
            <ns3:cad>78</ns3:cad>
          </ns3:TrackPointExtension>
        </extensions>
      </trkpt>
      <trkpt lat="31.23084716498851776123046875" lon="121.3788442499935626983642578125">
        <ele>8.19999980926513671875</ele>
        <time>2026-09-26T00:20:11.000Z</time>
        <extensions>
          <ns3:TrackPointExtension>
            <ns3:hr>114</ns3:hr>
            <ns3:cad>78</ns3:cad>
          </ns3:TrackPointExtension>
        </extensions>
      </trkpt>
      <trkpt lat="31.23082964681088924407958984375" lon="121.37883394025266170501708984375">
        <ele>8.19999980926513671875</ele>
        <time>2026-09-26T00:20:12.000Z</time>
        <extensions>
          <ns3:TrackPointExtension>
            <ns3:hr>114</ns3:hr>
            <ns3:cad>78</ns3:cad>
          </ns3:TrackPointExtension>
        </extensions>
      </trkpt>
      <trkpt lat="31.23081120662391185760498046875" lon="121.37882237322628498077392578125">
        <ele>8.19999980926513671875</ele>
        <time>2026-09-26T00:20:13.000Z</time>
        <extensions>
          <ns3:TrackPointExtension>
            <ns3:hr>114</ns3:hr>
            <ns3:cad>78</ns3:cad>
          </ns3:TrackPointExtension>
        </extensions>
      </trkpt>
      <trkpt lat="31.2307923473417758941650390625" lon="121.378808207809925079345703125">
        <ele>8.19999980926513671875</ele>
        <time>2026-09-26T00:20:14.000Z</time>
        <extensions>
          <ns3:TrackPointExtension>
            <ns3:hr>114</ns3:hr>
            <ns3:cad>78</ns3:cad>
          </ns3:TrackPointExtension>
        </extensions>
      </trkpt>
      <trkpt lat="31.2307755835354328155517578125" lon="121.37879370711743831634521484375">
        <ele>8.19999980926513671875</ele>
        <time>2026-09-26T00:20:15.000Z</time>
        <extensions>
          <ns3:TrackPointExtension>
            <ns3:hr>114</ns3:hr>
            <ns3:cad>78</ns3:cad>
          </ns3:TrackPointExtension>
        </extensions>
      </trkpt>
      <trkpt lat="31.2307601608335971832275390625" lon="121.37877979315817356109619140625">
        <ele>8.19999980926513671875</ele>
        <time>2026-09-26T00:20:16.000Z</time>
        <extensions>
          <ns3:TrackPointExtension>
            <ns3:hr>114</ns3:hr>
            <ns3:cad>78</ns3:cad>
          </ns3:TrackPointExtension>
        </extensions>
      </trkpt>
      <trkpt lat="31.230743564665317535400390625" lon="121.37876621447503566741943359375">
        <ele>8.19999980926513671875</ele>
        <time>2026-09-26T00:20:17.000Z</time>
        <extensions>
          <ns3:TrackPointExtension>
            <ns3:hr>114</ns3:hr>
            <ns3:cad>78</ns3:cad>
          </ns3:TrackPointExtension>
        </extensions>
      </trkpt>
      <trkpt lat="31.2307276390492916107177734375" lon="121.37875447981059551239013671875">
        <ele>8.19999980926513671875</ele>
        <time>2026-09-26T00:20:18.000Z</time>
        <extensions>
          <ns3:TrackPointExtension>
            <ns3:hr>114</ns3:hr>
            <ns3:cad>79</ns3:cad>
          </ns3:TrackPointExtension>
        </extensions>
      </trkpt>
      <trkpt lat="31.230711042881011962890625" lon="121.3787440024316310882568359375">
        <ele>8.19999980926513671875</ele>
        <time>2026-09-26T00:20:19.000Z</time>
        <extensions>
          <ns3:TrackPointExtension>
            <ns3:hr>114</ns3:hr>
            <ns3:cad>79</ns3:cad>
          </ns3:TrackPointExtension>
        </extensions>
      </trkpt>
      <trkpt lat="31.23069318942725658416748046875" lon="121.378734111785888671875">
        <ele>8.19999980926513671875</ele>
        <time>2026-09-26T00:20:20.000Z</time>
        <extensions>
          <ns3:TrackPointExtension>
            <ns3:hr>114</ns3:hr>
            <ns3:cad>80</ns3:cad>
          </ns3:TrackPointExtension>
        </extensions>
      </trkpt>
      <trkpt lat="31.23067541979253292083740234375" lon="121.37872464023530483245849609375">
        <ele>8.19999980926513671875</ele>
        <time>2026-09-26T00:20:21.000Z</time>
        <extensions>
          <ns3:TrackPointExtension>
            <ns3:hr>114</ns3:hr>
            <ns3:cad>80</ns3:cad>
          </ns3:TrackPointExtension>
        </extensions>
      </trkpt>
      <trkpt lat="31.2306558899581432342529296875" lon="121.37871659360826015472412109375">
        <ele>8.19999980926513671875</ele>
        <time>2026-09-26T00:20:22.000Z</time>
        <extensions>
          <ns3:TrackPointExtension>
            <ns3:hr>115</ns3:hr>
            <ns3:cad>80</ns3:cad>
          </ns3:TrackPointExtension>
        </extensions>
      </trkpt>
      <trkpt lat="31.23063384555280208587646484375" lon="121.37870938517153263092041015625">
        <ele>8.19999980926513671875</ele>
        <time>2026-09-26T00:20:23.000Z</time>
        <extensions>
          <ns3:TrackPointExtension>
            <ns3:hr>115</ns3:hr>
            <ns3:cad>80</ns3:cad>
          </ns3:TrackPointExtension>
        </extensions>
      </trkpt>
      <trkpt lat="31.2306158244609832763671875" lon="121.378702931106090545654296875">
        <ele>8.19999980926513671875</ele>
        <time>2026-09-26T00:20:24.000Z</time>
        <extensions>
          <ns3:TrackPointExtension>
            <ns3:hr>115</ns3:hr>
            <ns3:cad>80</ns3:cad>
          </ns3:TrackPointExtension>
        </extensions>
      </trkpt>
      <trkpt lat="31.23059771955013275146484375" lon="121.37869630940258502960205078125">
        <ele>8.19999980926513671875</ele>
        <time>2026-09-26T00:20:25.000Z</time>
        <extensions>
          <ns3:TrackPointExtension>
            <ns3:hr>116</ns3:hr>
            <ns3:cad>80</ns3:cad>
          </ns3:TrackPointExtension>
        </extensions>
      </trkpt>
      <trkpt lat="31.2305781058967113494873046875" lon="121.37868893332779407501220703125">
        <ele>8.19999980926513671875</ele>
        <time>2026-09-26T00:20:26.000Z</time>
        <extensions>
          <ns3:TrackPointExtension>
            <ns3:hr>116</ns3:hr>
            <ns3:cad>80</ns3:cad>
          </ns3:TrackPointExtension>
        </extensions>
      </trkpt>
      <trkpt lat="31.23055790551006793975830078125" lon="121.378680802881717681884765625">
        <ele>8.19999980926513671875</ele>
        <time>2026-09-26T00:20:27.000Z</time>
        <extensions>
          <ns3:TrackPointExtension>
            <ns3:hr>116</ns3:hr>
            <ns3:cad>80</ns3:cad>
          </ns3:TrackPointExtension>
        </extensions>
      </trkpt>
      <trkpt lat="31.23054005205631256103515625" lon="121.37867200188338756561279296875">
        <ele>8.19999980926513671875</ele>
        <time>2026-09-26T00:20:28.000Z</time>
        <extensions>
          <ns3:TrackPointExtension>
            <ns3:hr>116</ns3:hr>
            <ns3:cad>80</ns3:cad>
          </ns3:TrackPointExtension>
        </extensions>
      </trkpt>
      <trkpt lat="31.23052136041224002838134765625" lon="121.378666050732135772705078125">
        <ele>8.19999980926513671875</ele>
        <time>2026-09-26T00:20:29.000Z</time>
        <extensions>
          <ns3:TrackPointExtension>
            <ns3:hr>117</ns3:hr>
            <ns3:cad>80</ns3:cad>
          </ns3:TrackPointExtension>
        </extensions>
      </trkpt>
      <trkpt lat="31.23050442896783351898193359375" lon="121.3786615245044231414794921875">
        <ele>8.19999980926513671875</ele>
        <time>2026-09-26T00:20:30.000Z</time>
        <extensions>
          <ns3:TrackPointExtension>
            <ns3:hr>117</ns3:hr>
            <ns3:cad>79</ns3:cad>
          </ns3:TrackPointExtension>
        </extensions>
      </trkpt>
      <trkpt lat="31.23048900626599788665771484375" lon="121.37865540571510791778564453125">
        <ele>8</ele>
        <time>2026-09-26T00:20:31.000Z</time>
        <extensions>
          <ns3:TrackPointExtension>
            <ns3:hr>117</ns3:hr>
            <ns3:cad>79</ns3:cad>
          </ns3:TrackPointExtension>
        </extensions>
      </trkpt>
      <trkpt lat="31.23047324828803539276123046875" lon="121.37865029275417327880859375">
        <ele>8</ele>
        <time>2026-09-26T00:20:32.000Z</time>
        <extensions>
          <ns3:TrackPointExtension>
            <ns3:hr>118</ns3:hr>
            <ns3:cad>79</ns3:cad>
          </ns3:TrackPointExtension>
        </extensions>
      </trkpt>
      <trkpt lat="31.230455897748470306396484375" lon="121.378645263612270355224609375">
        <ele>8</ele>
        <time>2026-09-26T00:20:33.000Z</time>
        <extensions>
          <ns3:TrackPointExtension>
            <ns3:hr>118</ns3:hr>
            <ns3:cad>78</ns3:cad>
          </ns3:TrackPointExtension>
        </extensions>
      </trkpt>
      <trkpt lat="31.230437792837619781494140625" lon="121.3786375522613525390625">
        <ele>8</ele>
        <time>2026-09-26T00:20:34.000Z</time>
        <extensions>
          <ns3:TrackPointExtension>
            <ns3:hr>118</ns3:hr>
            <ns3:cad>78</ns3:cad>
          </ns3:TrackPointExtension>
        </extensions>
      </trkpt>
      <trkpt lat="31.230421364307403564453125" lon="121.37862808071076869964599609375">
        <ele>8</ele>
        <time>2026-09-26T00:20:35.000Z</time>
        <extensions>
          <ns3:TrackPointExtension>
            <ns3:hr>117</ns3:hr>
            <ns3:cad>78</ns3:cad>
          </ns3:TrackPointExtension>
        </extensions>
      </trkpt>
      <trkpt lat="31.23040619306266307830810546875" lon="121.37861785478889942169189453125">
        <ele>8.19999980926513671875</ele>
        <time>2026-09-26T00:20:36.000Z</time>
        <extensions>
          <ns3:TrackPointExtension>
            <ns3:hr>117</ns3:hr>
            <ns3:cad>78</ns3:cad>
          </ns3:TrackPointExtension>
        </extensions>
      </trkpt>
      <trkpt lat="31.23038892634212970733642578125" lon="121.37860595248639583587646484375">
        <ele>8.19999980926513671875</ele>
        <time>2026-09-26T00:20:37.000Z</time>
        <extensions>
          <ns3:TrackPointExtension>
            <ns3:hr>116</ns3:hr>
            <ns3:cad>78</ns3:cad>
          </ns3:TrackPointExtension>
        </extensions>
      </trkpt>
      <trkpt lat="31.230372749269008636474609375" lon="121.37859405018389225006103515625">
        <ele>8.19999980926513671875</ele>
        <time>2026-09-26T00:20:38.000Z</time>
        <extensions>
          <ns3:TrackPointExtension>
            <ns3:hr>115</ns3:hr>
            <ns3:cad>79</ns3:cad>
          </ns3:TrackPointExtension>
        </extensions>
      </trkpt>
      <trkpt lat="31.23035573400557041168212890625" lon="121.37858181260526180267333984375">
        <ele>8.19999980926513671875</ele>
        <time>2026-09-26T00:20:39.000Z</time>
        <extensions>
          <ns3:TrackPointExtension>
            <ns3:hr>114</ns3:hr>
            <ns3:cad>79</ns3:cad>
          </ns3:TrackPointExtension>
        </extensions>
      </trkpt>
      <trkpt lat="31.23033829964697360992431640625" lon="121.37857007794082164764404296875">
        <ele>8.19999980926513671875</ele>
        <time>2026-09-26T00:20:40.000Z</time>
        <extensions>
          <ns3:TrackPointExtension>
            <ns3:hr>112</ns3:hr>
            <ns3:cad>79</ns3:cad>
          </ns3:TrackPointExtension>
        </extensions>
      </trkpt>
      <trkpt lat="31.2303212843835353851318359375" lon="121.37855800800025463104248046875">
        <ele>8.19999980926513671875</ele>
        <time>2026-09-26T00:20:41.000Z</time>
        <extensions>
          <ns3:TrackPointExtension>
            <ns3:hr>111</ns3:hr>
            <ns3:cad>77</ns3:cad>
          </ns3:TrackPointExtension>
        </extensions>
      </trkpt>
      <trkpt lat="31.230303011834621429443359375" lon="121.3785482011735439300537109375">
        <ele>8.19999980926513671875</ele>
        <time>2026-09-26T00:20:42.000Z</time>
        <extensions>
          <ns3:TrackPointExtension>
            <ns3:hr>110</ns3:hr>
            <ns3:cad>77</ns3:cad>
          </ns3:TrackPointExtension>
        </extensions>
      </trkpt>
      <trkpt lat="31.230282895267009735107421875" lon="121.3785378076136112213134765625">
        <ele>8.19999980926513671875</ele>
        <time>2026-09-26T00:20:43.000Z</time>
        <extensions>
          <ns3:TrackPointExtension>
            <ns3:hr>110</ns3:hr>
            <ns3:cad>76</ns3:cad>
          </ns3:TrackPointExtension>
        </extensions>
      </trkpt>
      <trkpt lat="31.23026420362293720245361328125" lon="121.37853018008172512054443359375">
        <ele>8.19999980926513671875</ele>
        <time>2026-09-26T00:20:44.000Z</time>
        <extensions>
          <ns3:TrackPointExtension>
            <ns3:hr>109</ns3:hr>
            <ns3:cad>76</ns3:cad>
          </ns3:TrackPointExtension>
        </extensions>
      </trkpt>
      <trkpt lat="31.230248026549816131591796875" lon="121.37852129526436328887939453125">
        <ele>8.19999980926513671875</ele>
        <time>2026-09-26T00:20:45.000Z</time>
        <extensions>
          <ns3:TrackPointExtension>
            <ns3:hr>109</ns3:hr>
            <ns3:cad>78</ns3:cad>
          </ns3:TrackPointExtension>
        </extensions>
      </trkpt>
      <trkpt lat="31.2302307598292827606201171875" lon="121.378511823713779449462890625">
        <ele>8.3999996185302734375</ele>
        <time>2026-09-26T00:20:46.000Z</time>
        <extensions>
          <ns3:TrackPointExtension>
            <ns3:hr>110</ns3:hr>
            <ns3:cad>78</ns3:cad>
          </ns3:TrackPointExtension>
        </extensions>
      </trkpt>
      <trkpt lat="31.2302143312990665435791015625" lon="121.37850151397287845611572265625">
        <ele>8.3999996185302734375</ele>
        <time>2026-09-26T00:20:47.000Z</time>
        <extensions>
          <ns3:TrackPointExtension>
            <ns3:hr>111</ns3:hr>
            <ns3:cad>78</ns3:cad>
          </ns3:TrackPointExtension>
        </extensions>
      </trkpt>
      <trkpt lat="31.23019731603562831878662109375" lon="121.37849078513681888580322265625">
        <ele>8.3999996185302734375</ele>
        <time>2026-09-26T00:20:48.000Z</time>
        <extensions>
          <ns3:TrackPointExtension>
            <ns3:hr>111</ns3:hr>
            <ns3:cad>77</ns3:cad>
          </ns3:TrackPointExtension>
        </extensions>
      </trkpt>
      <trkpt lat="31.2301801331341266632080078125" lon="121.3784794695675373077392578125">
        <ele>8.6000003814697265625</ele>
        <time>2026-09-26T00:20:49.000Z</time>
        <extensions>
          <ns3:TrackPointExtension>
            <ns3:hr>113</ns3:hr>
            <ns3:cad>77</ns3:cad>
          </ns3:TrackPointExtension>
        </extensions>
      </trkpt>
      <trkpt lat="31.2301620282232761383056640625" lon="121.378468908369541168212890625">
        <ele>8.6000003814697265625</ele>
        <time>2026-09-26T00:20:50.000Z</time>
        <extensions>
          <ns3:TrackPointExtension>
            <ns3:hr>115</ns3:hr>
            <ns3:cad>77</ns3:cad>
          </ns3:TrackPointExtension>
        </extensions>
      </trkpt>
      <trkpt lat="31.23014316894114017486572265625" lon="121.37845859862864017486572265625">
        <ele>8.3999996185302734375</ele>
        <time>2026-09-26T00:20:51.000Z</time>
        <extensions>
          <ns3:TrackPointExtension>
            <ns3:hr>115</ns3:hr>
            <ns3:cad>78</ns3:cad>
          </ns3:TrackPointExtension>
        </extensions>
      </trkpt>
      <trkpt lat="31.23012389056384563446044921875" lon="121.378448121249675750732421875">
        <ele>8.3999996185302734375</ele>
        <time>2026-09-26T00:20:52.000Z</time>
        <extensions>
          <ns3:TrackPointExtension>
            <ns3:hr>116</ns3:hr>
            <ns3:cad>78</ns3:cad>
          </ns3:TrackPointExtension>
        </extensions>
      </trkpt>
      <trkpt lat="31.230105869472026824951171875" lon="121.3784368894994258880615234375">
        <ele>8.3999996185302734375</ele>
        <time>2026-09-26T00:20:53.000Z</time>
        <extensions>
          <ns3:TrackPointExtension>
            <ns3:hr>116</ns3:hr>
            <ns3:cad>78</ns3:cad>
          </ns3:TrackPointExtension>
        </extensions>
      </trkpt>
      <trkpt lat="31.2300860881805419921875" lon="121.3784269988536834716796875">
        <ele>8.3999996185302734375</ele>
        <time>2026-09-26T00:20:54.000Z</time>
        <extensions>
          <ns3:TrackPointExtension>
            <ns3:hr>116</ns3:hr>
            <ns3:cad>79</ns3:cad>
          </ns3:TrackPointExtension>
        </extensions>
      </trkpt>
      <trkpt lat="31.2300654686987400054931640625" lon="121.37841534800827503204345703125">
        <ele>8.3999996185302734375</ele>
        <time>2026-09-26T00:20:55.000Z</time>
        <extensions>
          <ns3:TrackPointExtension>
            <ns3:hr>116</ns3:hr>
            <ns3:cad>79</ns3:cad>
          </ns3:TrackPointExtension>
        </extensions>
      </trkpt>
      <trkpt lat="31.23004627414047718048095703125" lon="121.37840428389608860015869140625">
        <ele>8.3999996185302734375</ele>
        <time>2026-09-26T00:20:56.000Z</time>
        <extensions>
          <ns3:TrackPointExtension>
            <ns3:hr>116</ns3:hr>
            <ns3:cad>78</ns3:cad>
          </ns3:TrackPointExtension>
        </extensions>
      </trkpt>
      <trkpt lat="31.23002766631543636322021484375" lon="121.37839305214583873748779296875">
        <ele>8.3999996185302734375</ele>
        <time>2026-09-26T00:20:57.000Z</time>
        <extensions>
          <ns3:TrackPointExtension>
            <ns3:hr>116</ns3:hr>
            <ns3:cad>78</ns3:cad>
          </ns3:TrackPointExtension>
        </extensions>
      </trkpt>
      <trkpt lat="31.23000872321426868438720703125" lon="121.3783808983862400054931640625">
        <ele>8.3999996185302734375</ele>
        <time>2026-09-26T00:20:58.000Z</time>
        <extensions>
          <ns3:TrackPointExtension>
            <ns3:hr>116</ns3:hr>
            <ns3:cad>77</ns3:cad>
          </ns3:TrackPointExtension>
        </extensions>
      </trkpt>
      <trkpt lat="31.2299910373985767364501953125" lon="121.3783694989979267120361328125">
        <ele>8.6000003814697265625</ele>
        <time>2026-09-26T00:20:59.000Z</time>
        <extensions>
          <ns3:TrackPointExtension>
            <ns3:hr>116</ns3:hr>
            <ns3:cad>77</ns3:cad>
          </ns3:TrackPointExtension>
        </extensions>
      </trkpt>
      <trkpt lat="31.2299739383161067962646484375" lon="121.378358267247676849365234375">
        <ele>8.6000003814697265625</ele>
        <time>2026-09-26T00:21:00.000Z</time>
        <extensions>
          <ns3:TrackPointExtension>
            <ns3:hr>116</ns3:hr>
            <ns3:cad>78</ns3:cad>
          </ns3:TrackPointExtension>
        </extensions>
      </trkpt>
      <trkpt lat="31.22995533049106597900390625" lon="121.37834929861128330230712890625">
        <ele>8.6000003814697265625</ele>
        <time>2026-09-26T00:21:01.000Z</time>
        <extensions>
          <ns3:TrackPointExtension>
            <ns3:hr>116</ns3:hr>
            <ns3:cad>78</ns3:cad>
          </ns3:TrackPointExtension>
        </extensions>
      </trkpt>
      <trkpt lat="31.229937560856342315673828125" lon="121.37833974324166774749755859375">
        <ele>8.6000003814697265625</ele>
        <time>2026-09-26T00:21:02.000Z</time>
        <extensions>
          <ns3:TrackPointExtension>
            <ns3:hr>116</ns3:hr>
            <ns3:cad>77</ns3:cad>
          </ns3:TrackPointExtension>
        </extensions>
      </trkpt>
      <trkpt lat="31.22992037795484066009521484375" lon="121.37833085842430591583251953125">
        <ele>8.6000003814697265625</ele>
        <time>2026-09-26T00:21:03.000Z</time>
        <extensions>
          <ns3:TrackPointExtension>
            <ns3:hr>116</ns3:hr>
            <ns3:cad>77</ns3:cad>
          </ns3:TrackPointExtension>
        </extensions>
      </trkpt>
      <trkpt lat="31.22990168631076812744140625" lon="121.37832130305469036102294921875">
        <ele>8.6000003814697265625</ele>
        <time>2026-09-26T00:21:04.000Z</time>
        <extensions>
          <ns3:TrackPointExtension>
            <ns3:hr>116</ns3:hr>
            <ns3:cad>78</ns3:cad>
          </ns3:TrackPointExtension>
        </extensions>
      </trkpt>
      <trkpt lat="31.229882575571537017822265625" lon="121.37831191532313823699951171875">
        <ele>8.3999996185302734375</ele>
        <time>2026-09-26T00:21:05.000Z</time>
        <extensions>
          <ns3:TrackPointExtension>
            <ns3:hr>116</ns3:hr>
            <ns3:cad>78</ns3:cad>
          </ns3:TrackPointExtension>
        </extensions>
      </trkpt>
      <trkpt lat="31.2298639677464962005615234375" lon="121.37830219231545925140380859375">
        <ele>8.3999996185302734375</ele>
        <time>2026-09-26T00:21:06.000Z</time>
        <extensions>
          <ns3:TrackPointExtension>
            <ns3:hr>117</ns3:hr>
            <ns3:cad>78</ns3:cad>
          </ns3:TrackPointExtension>
        </extensions>
      </trkpt>
      <trkpt lat="31.22984728775918483734130859375" lon="121.37829263694584369659423828125">
        <ele>8.3999996185302734375</ele>
        <time>2026-09-26T00:21:07.000Z</time>
        <extensions>
          <ns3:TrackPointExtension>
            <ns3:hr>116</ns3:hr>
            <ns3:cad>78</ns3:cad>
          </ns3:TrackPointExtension>
        </extensions>
      </trkpt>
      <trkpt lat="31.22983203269541263580322265625" lon="121.3782829977571964263916015625">
        <ele>8.3999996185302734375</ele>
        <time>2026-09-26T00:21:08.000Z</time>
        <extensions>
          <ns3:TrackPointExtension>
            <ns3:hr>117</ns3:hr>
            <ns3:cad>78</ns3:cad>
          </ns3:TrackPointExtension>
        </extensions>
      </trkpt>
      <trkpt lat="31.2298173643648624420166015625" lon="121.37827369384467601776123046875">
        <ele>8.3999996185302734375</ele>
        <time>2026-09-26T00:21:09.000Z</time>
        <extensions>
          <ns3:TrackPointExtension>
            <ns3:hr>117</ns3:hr>
            <ns3:cad>78</ns3:cad>
          </ns3:TrackPointExtension>
        </extensions>
      </trkpt>
      <trkpt lat="31.2298016063868999481201171875" lon="121.37826531194150447845458984375">
        <ele>8.6000003814697265625</ele>
        <time>2026-09-26T00:21:10.000Z</time>
        <extensions>
          <ns3:TrackPointExtension>
            <ns3:hr>117</ns3:hr>
            <ns3:cad>78</ns3:cad>
          </ns3:TrackPointExtension>
        </extensions>
      </trkpt>
      <trkpt lat="31.22978609986603260040283203125" lon="121.37825734913349151611328125">
        <ele>8.6000003814697265625</ele>
        <time>2026-09-26T00:21:11.000Z</time>
        <extensions>
          <ns3:TrackPointExtension>
            <ns3:hr>117</ns3:hr>
            <ns3:cad>79</ns3:cad>
          </ns3:TrackPointExtension>
        </extensions>
      </trkpt>
      <trkpt lat="31.2297697551548480987548828125" lon="121.37824905104935169219970703125">
        <ele>8.3999996185302734375</ele>
        <time>2026-09-26T00:21:12.000Z</time>
        <extensions>
          <ns3:TrackPointExtension>
            <ns3:hr>118</ns3:hr>
            <ns3:cad>79</ns3:cad>
          </ns3:TrackPointExtension>
        </extensions>
      </trkpt>
      <trkpt lat="31.22975290752947330474853515625" lon="121.37823991477489471435546875">
        <ele>8.19999980926513671875</ele>
        <time>2026-09-26T00:21:13.000Z</time>
        <extensions>
          <ns3:TrackPointExtension>
            <ns3:hr>118</ns3:hr>
            <ns3:cad>79</ns3:cad>
          </ns3:TrackPointExtension>
        </extensions>
      </trkpt>
      <trkpt lat="31.22973614372313022613525390625" lon="121.37823027558624744415283203125">
        <ele>8.19999980926513671875</ele>
        <time>2026-09-26T00:21:14.000Z</time>
        <extensions>
          <ns3:TrackPointExtension>
            <ns3:hr>118</ns3:hr>
            <ns3:cad>78</ns3:cad>
          </ns3:TrackPointExtension>
        </extensions>
      </trkpt>
      <trkpt lat="31.22971921227872371673583984375" lon="121.37822189368307590484619140625">
        <ele>8.19999980926513671875</ele>
        <time>2026-09-26T00:21:15.000Z</time>
        <extensions>
          <ns3:TrackPointExtension>
            <ns3:hr>118</ns3:hr>
            <ns3:cad>78</ns3:cad>
          </ns3:TrackPointExtension>
        </extensions>
      </trkpt>
      <trkpt lat="31.2297020293772220611572265625" lon="121.37821334414184093475341796875">
        <ele>8.19999980926513671875</ele>
        <time>2026-09-26T00:21:16.000Z</time>
        <extensions>
          <ns3:TrackPointExtension>
            <ns3:hr>118</ns3:hr>
            <ns3:cad>76</ns3:cad>
          </ns3:TrackPointExtension>
        </extensions>
      </trkpt>
      <trkpt lat="31.22968434356153011322021484375" lon="121.37820580042898654937744140625">
        <ele>8.19999980926513671875</ele>
        <time>2026-09-26T00:21:17.000Z</time>
        <extensions>
          <ns3:TrackPointExtension>
            <ns3:hr>118</ns3:hr>
            <ns3:cad>76</ns3:cad>
          </ns3:TrackPointExtension>
        </extensions>
      </trkpt>
      <trkpt lat="31.22966657392680644989013671875" lon="121.37819825671613216400146484375">
        <ele>8.19999980926513671875</ele>
        <time>2026-09-26T00:21:18.000Z</time>
        <extensions>
          <ns3:TrackPointExtension>
            <ns3:hr>118</ns3:hr>
            <ns3:cad>76</ns3:cad>
          </ns3:TrackPointExtension>
        </extensions>
      </trkpt>
      <trkpt lat="31.2296475470066070556640625" lon="121.37818886898458003997802734375">
        <ele>8.3999996185302734375</ele>
        <time>2026-09-26T00:21:19.000Z</time>
        <extensions>
          <ns3:TrackPointExtension>
            <ns3:hr>118</ns3:hr>
            <ns3:cad>77</ns3:cad>
          </ns3:TrackPointExtension>
        </extensions>
      </trkpt>
      <trkpt lat="31.2296289391815662384033203125" lon="121.37818031944334506988525390625">
        <ele>8.3999996185302734375</ele>
        <time>2026-09-26T00:21:20.000Z</time>
        <extensions>
          <ns3:TrackPointExtension>
            <ns3:hr>117</ns3:hr>
            <ns3:cad>78</ns3:cad>
          </ns3:TrackPointExtension>
        </extensions>
      </trkpt>
      <trkpt lat="31.229611001908779144287109375" lon="121.3781723566353321075439453125">
        <ele>8.3999996185302734375</ele>
        <time>2026-09-26T00:21:21.000Z</time>
        <extensions>
          <ns3:TrackPointExtension>
            <ns3:hr>117</ns3:hr>
            <ns3:cad>78</ns3:cad>
          </ns3:TrackPointExtension>
        </extensions>
      </trkpt>
      <trkpt lat="31.22959281317889690399169921875" lon="121.37816523201763629913330078125">
        <ele>8.3999996185302734375</ele>
        <time>2026-09-26T00:21:22.000Z</time>
        <extensions>
          <ns3:TrackPointExtension>
            <ns3:hr>117</ns3:hr>
            <ns3:cad>78</ns3:cad>
          </ns3:TrackPointExtension>
        </extensions>
      </trkpt>
      <trkpt lat="31.229574121534824371337890625" lon="121.378157436847686767578125">
        <ele>8.19999980926513671875</ele>
        <time>2026-09-26T00:21:23.000Z</time>
        <extensions>
          <ns3:TrackPointExtension>
            <ns3:hr>117</ns3:hr>
            <ns3:cad>78</ns3:cad>
          </ns3:TrackPointExtension>
        </extensions>
      </trkpt>
      <trkpt lat="31.22955626808106899261474609375" lon="121.37814880348742008209228515625">
        <ele>8.19999980926513671875</ele>
        <time>2026-09-26T00:21:24.000Z</time>
        <extensions>
          <ns3:TrackPointExtension>
            <ns3:hr>116</ns3:hr>
            <ns3:cad>78</ns3:cad>
          </ns3:TrackPointExtension>
        </extensions>
      </trkpt>
      <trkpt lat="31.2295394204556941986083984375" lon="121.37814008630812168121337890625">
        <ele>8</ele>
        <time>2026-09-26T00:21:25.000Z</time>
        <extensions>
          <ns3:TrackPointExtension>
            <ns3:hr>116</ns3:hr>
            <ns3:cad>78</ns3:cad>
          </ns3:TrackPointExtension>
        </extensions>
      </trkpt>
      <trkpt lat="31.2295216508209705352783203125" lon="121.37813338078558444976806640625">
        <ele>8.19999980926513671875</ele>
        <time>2026-09-26T00:21:26.000Z</time>
        <extensions>
          <ns3:TrackPointExtension>
            <ns3:hr>116</ns3:hr>
            <ns3:cad>78</ns3:cad>
          </ns3:TrackPointExtension>
        </extensions>
      </trkpt>
      <trkpt lat="31.22950337827205657958984375" lon="121.3781274296343326568603515625">
        <ele>8.19999980926513671875</ele>
        <time>2026-09-26T00:21:27.000Z</time>
        <extensions>
          <ns3:TrackPointExtension>
            <ns3:hr>116</ns3:hr>
            <ns3:cad>78</ns3:cad>
          </ns3:TrackPointExtension>
        </extensions>
      </trkpt>
      <trkpt lat="31.2294847704470157623291015625" lon="121.3781190477311611175537109375">
        <ele>8.19999980926513671875</ele>
        <time>2026-09-26T00:21:28.000Z</time>
        <extensions>
          <ns3:TrackPointExtension>
            <ns3:hr>117</ns3:hr>
            <ns3:cad>78</ns3:cad>
          </ns3:TrackPointExtension>
        </extensions>
      </trkpt>
      <trkpt lat="31.229466833174228668212890625" lon="121.37810982763767242431640625">
        <ele>8.3999996185302734375</ele>
        <time>2026-09-26T00:21:29.000Z</time>
        <extensions>
          <ns3:TrackPointExtension>
            <ns3:hr>117</ns3:hr>
            <ns3:cad>77</ns3:cad>
          </ns3:TrackPointExtension>
        </extensions>
      </trkpt>
      <trkpt lat="31.22944696806371212005615234375" lon="121.37809817679226398468017578125">
        <ele>8.3999996185302734375</ele>
        <time>2026-09-26T00:21:30.000Z</time>
        <extensions>
          <ns3:TrackPointExtension>
            <ns3:hr>117</ns3:hr>
            <ns3:cad>75</ns3:cad>
          </ns3:TrackPointExtension>
        </extensions>
      </trkpt>
      <trkpt lat="31.22942819260060787200927734375" lon="121.378086693584918975830078125">
        <ele>8.3999996185302734375</ele>
        <time>2026-09-26T00:21:31.000Z</time>
        <extensions>
          <ns3:TrackPointExtension>
            <ns3:hr>117</ns3:hr>
            <ns3:cad>75</ns3:cad>
          </ns3:TrackPointExtension>
        </extensions>
      </trkpt>
      <trkpt lat="31.2294083274900913238525390625" lon="121.3780764676630496978759765625">
        <ele>8.19999980926513671875</ele>
        <time>2026-09-26T00:21:32.000Z</time>
        <extensions>
          <ns3:TrackPointExtension>
            <ns3:hr>118</ns3:hr>
            <ns3:cad>75</ns3:cad>
          </ns3:TrackPointExtension>
        </extensions>
      </trkpt>
      <trkpt lat="31.2293868698179721832275390625" lon="121.37806649319827556610107421875">
        <ele>8.19999980926513671875</ele>
        <time>2026-09-26T00:21:33.000Z</time>
        <extensions>
          <ns3:TrackPointExtension>
            <ns3:hr>118</ns3:hr>
            <ns3:cad>76</ns3:cad>
          </ns3:TrackPointExtension>
        </extensions>
      </trkpt>
      <trkpt lat="31.2293667532503604888916015625" lon="121.3780570216476917266845703125">
        <ele>8.19999980926513671875</ele>
        <time>2026-09-26T00:21:34.000Z</time>
        <extensions>
          <ns3:TrackPointExtension>
            <ns3:hr>118</ns3:hr>
            <ns3:cad>77</ns3:cad>
          </ns3:TrackPointExtension>
        </extensions>
      </trkpt>
      <trkpt lat="31.22934672050178050994873046875" lon="121.3780493102967739105224609375">
        <ele>8.3999996185302734375</ele>
        <time>2026-09-26T00:21:35.000Z</time>
        <extensions>
          <ns3:TrackPointExtension>
            <ns3:hr>118</ns3:hr>
            <ns3:cad>77</ns3:cad>
          </ns3:TrackPointExtension>
        </extensions>
      </trkpt>
      <trkpt lat="31.22932970523834228515625" lon="121.37804268859326839447021484375">
        <ele>8.3999996185302734375</ele>
        <time>2026-09-26T00:21:36.000Z</time>
        <extensions>
          <ns3:TrackPointExtension>
            <ns3:hr>119</ns3:hr>
            <ns3:cad>77</ns3:cad>
          </ns3:TrackPointExtension>
        </extensions>
      </trkpt>
      <trkpt lat="31.22931302525103092193603515625" lon="121.3780365698039531707763671875">
        <ele>8.3999996185302734375</ele>
        <time>2026-09-26T00:21:37.000Z</time>
        <extensions>
          <ns3:TrackPointExtension>
            <ns3:hr>119</ns3:hr>
            <ns3:cad>78</ns3:cad>
          </ns3:TrackPointExtension>
        </extensions>
      </trkpt>
      <trkpt lat="31.22929458506405353546142578125" lon="121.37802978046238422393798828125">
        <ele>8.19999980926513671875</ele>
        <time>2026-09-26T00:21:38.000Z</time>
        <extensions>
          <ns3:TrackPointExtension>
            <ns3:hr>119</ns3:hr>
            <ns3:cad>79</ns3:cad>
          </ns3:TrackPointExtension>
        </extensions>
      </trkpt>
      <trkpt lat="31.2292758934199810028076171875" lon="121.378024332225322723388671875">
        <ele>8.19999980926513671875</ele>
        <time>2026-09-26T00:21:39.000Z</time>
        <extensions>
          <ns3:TrackPointExtension>
            <ns3:hr>119</ns3:hr>
            <ns3:cad>79</ns3:cad>
          </ns3:TrackPointExtension>
        </extensions>
      </trkpt>
      <trkpt lat="31.22925602830946445465087890625" lon="121.37801938690245151519775390625">
        <ele>8.19999980926513671875</ele>
        <time>2026-09-26T00:21:40.000Z</time>
        <extensions>
          <ns3:TrackPointExtension>
            <ns3:hr>118</ns3:hr>
            <ns3:cad>79</ns3:cad>
          </ns3:TrackPointExtension>
        </extensions>
      </trkpt>
      <trkpt lat="31.22923792339861392974853515625" lon="121.3780134357511997222900390625">
        <ele>8.19999980926513671875</ele>
        <time>2026-09-26T00:21:41.000Z</time>
        <extensions>
          <ns3:TrackPointExtension>
            <ns3:hr>118</ns3:hr>
            <ns3:cad>79</ns3:cad>
          </ns3:TrackPointExtension>
        </extensions>
      </trkpt>
      <trkpt lat="31.22921881265938282012939453125" lon="121.37800647877156734466552734375">
        <ele>8.19999980926513671875</ele>
        <time>2026-09-26T00:21:42.000Z</time>
        <extensions>
          <ns3:TrackPointExtension>
            <ns3:hr>118</ns3:hr>
            <ns3:cad>79</ns3:cad>
          </ns3:TrackPointExtension>
        </extensions>
      </trkpt>
      <trkpt lat="31.22920095920562744140625" lon="121.37800027616322040557861328125">
        <ele>8.19999980926513671875</ele>
        <time>2026-09-26T00:21:43.000Z</time>
        <extensions>
          <ns3:TrackPointExtension>
            <ns3:hr>118</ns3:hr>
            <ns3:cad>79</ns3:cad>
          </ns3:TrackPointExtension>
        </extensions>
      </trkpt>
      <trkpt lat="31.22918092645704746246337890625" lon="121.37799206189811229705810546875">
        <ele>8.19999980926513671875</ele>
        <time>2026-09-26T00:21:44.000Z</time>
        <extensions>
          <ns3:TrackPointExtension>
            <ns3:hr>118</ns3:hr>
            <ns3:cad>79</ns3:cad>
          </ns3:TrackPointExtension>
        </extensions>
      </trkpt>
      <trkpt lat="31.22916215099394321441650390625" lon="121.37798317708075046539306640625">
        <ele>8.19999980926513671875</ele>
        <time>2026-09-26T00:21:45.000Z</time>
        <extensions>
          <ns3:TrackPointExtension>
            <ns3:hr>118</ns3:hr>
            <ns3:cad>79</ns3:cad>
          </ns3:TrackPointExtension>
        </extensions>
      </trkpt>
      <trkpt lat="31.22914454899728298187255859375" lon="121.377974040806293487548828125">
        <ele>8.19999980926513671875</ele>
        <time>2026-09-26T00:21:46.000Z</time>
        <extensions>
          <ns3:TrackPointExtension>
            <ns3:hr>118</ns3:hr>
            <ns3:cad>79</ns3:cad>
          </ns3:TrackPointExtension>
        </extensions>
      </trkpt>
      <trkpt lat="31.2291256897151470184326171875" lon="121.37796507216989994049072265625">
        <ele>8.19999980926513671875</ele>
        <time>2026-09-26T00:21:47.000Z</time>
        <extensions>
          <ns3:TrackPointExtension>
            <ns3:hr>117</ns3:hr>
            <ns3:cad>79</ns3:cad>
          </ns3:TrackPointExtension>
        </extensions>
      </trkpt>
      <trkpt lat="31.229107081890106201171875" lon="121.3779550977051258087158203125">
        <ele>8.19999980926513671875</ele>
        <time>2026-09-26T00:21:48.000Z</time>
        <extensions>
          <ns3:TrackPointExtension>
            <ns3:hr>117</ns3:hr>
            <ns3:cad>80</ns3:cad>
          </ns3:TrackPointExtension>
        </extensions>
      </trkpt>
      <trkpt lat="31.22908989898860454559326171875" lon="121.37794679962098598480224609375">
        <ele>8.19999980926513671875</ele>
        <time>2026-09-26T00:21:49.000Z</time>
        <extensions>
          <ns3:TrackPointExtension>
            <ns3:hr>117</ns3:hr>
            <ns3:cad>80</ns3:cad>
          </ns3:TrackPointExtension>
        </extensions>
      </trkpt>
      <trkpt lat="31.2290723808109760284423828125" lon="121.3779403455555438995361328125">
        <ele>8.19999980926513671875</ele>
        <time>2026-09-26T00:21:50.000Z</time>
        <extensions>
          <ns3:TrackPointExtension>
            <ns3:hr>117</ns3:hr>
            <ns3:cad>80</ns3:cad>
          </ns3:TrackPointExtension>
        </extensions>
      </trkpt>
      <trkpt lat="31.22905570082366466522216796875" lon="121.3779334723949432373046875">
        <ele>8.19999980926513671875</ele>
        <time>2026-09-26T00:21:51.000Z</time>
        <extensions>
          <ns3:TrackPointExtension>
            <ns3:hr>118</ns3:hr>
            <ns3:cad>79</ns3:cad>
          </ns3:TrackPointExtension>
        </extensions>
      </trkpt>
      <trkpt lat="31.2290381826460361480712890625" lon="121.3779245875775814056396484375">
        <ele>8.19999980926513671875</ele>
        <time>2026-09-26T00:21:52.000Z</time>
        <extensions>
          <ns3:TrackPointExtension>
            <ns3:hr>118</ns3:hr>
            <ns3:cad>79</ns3:cad>
          </ns3:TrackPointExtension>
        </extensions>
      </trkpt>
      <trkpt lat="31.229021586477756500244140625" lon="121.37791494838893413543701171875">
        <ele>8.19999980926513671875</ele>
        <time>2026-09-26T00:21:53.000Z</time>
        <extensions>
          <ns3:TrackPointExtension>
            <ns3:hr>118</ns3:hr>
            <ns3:cad>79</ns3:cad>
          </ns3:TrackPointExtension>
        </extensions>
      </trkpt>
      <trkpt lat="31.2290033139288425445556640625" lon="121.37790505774319171905517578125">
        <ele>8.19999980926513671875</ele>
        <time>2026-09-26T00:21:54.000Z</time>
        <extensions>
          <ns3:TrackPointExtension>
            <ns3:hr>118</ns3:hr>
            <ns3:cad>79</ns3:cad>
          </ns3:TrackPointExtension>
        </extensions>
      </trkpt>
      <trkpt lat="31.22898747213184833526611328125" lon="121.3778957538306713104248046875">
        <ele>8.19999980926513671875</ele>
        <time>2026-09-26T00:21:55.000Z</time>
        <extensions>
          <ns3:TrackPointExtension>
            <ns3:hr>118</ns3:hr>
            <ns3:cad>79</ns3:cad>
          </ns3:TrackPointExtension>
        </extensions>
      </trkpt>
      <trkpt lat="31.22897104360163211822509765625" lon="121.37788720428943634033203125">
        <ele>8.19999980926513671875</ele>
        <time>2026-09-26T00:21:56.000Z</time>
        <extensions>
          <ns3:TrackPointExtension>
            <ns3:hr>118</ns3:hr>
            <ns3:cad>79</ns3:cad>
          </ns3:TrackPointExtension>
        </extensions>
      </trkpt>
      <trkpt lat="31.228955872356891632080078125" lon="121.377880163490772247314453125">
        <ele>8.19999980926513671875</ele>
        <time>2026-09-26T00:21:57.000Z</time>
        <extensions>
          <ns3:TrackPointExtension>
            <ns3:hr>118</ns3:hr>
            <ns3:cad>79</ns3:cad>
          </ns3:TrackPointExtension>
        </extensions>
      </trkpt>
      <trkpt lat="31.2289399467408657073974609375" lon="121.377874128520488739013671875">
        <ele>8.19999980926513671875</ele>
        <time>2026-09-26T00:21:58.000Z</time>
        <extensions>
          <ns3:TrackPointExtension>
            <ns3:hr>118</ns3:hr>
            <ns3:cad>79</ns3:cad>
          </ns3:TrackPointExtension>
        </extensions>
      </trkpt>
      <trkpt lat="31.22892242856323719024658203125" lon="121.37786700390279293060302734375">
        <ele>8.19999980926513671875</ele>
        <time>2026-09-26T00:21:59.000Z</time>
        <extensions>
          <ns3:TrackPointExtension>
            <ns3:hr>118</ns3:hr>
            <ns3:cad>79</ns3:cad>
          </ns3:TrackPointExtension>
        </extensions>
      </trkpt>
      <trkpt lat="31.22890600003302097320556640625" lon="121.377862058579921722412109375">
        <ele>8.19999980926513671875</ele>
        <time>2026-09-26T00:22:00.000Z</time>
        <extensions>
          <ns3:TrackPointExtension>
            <ns3:hr>118</ns3:hr>
            <ns3:cad>79</ns3:cad>
          </ns3:TrackPointExtension>
        </extensions>
      </trkpt>
      <trkpt lat="31.22888755984604358673095703125" lon="121.37785510160028934478759765625">
        <ele>8.19999980926513671875</ele>
        <time>2026-09-26T00:22:01.000Z</time>
        <extensions>
          <ns3:TrackPointExtension>
            <ns3:hr>118</ns3:hr>
            <ns3:cad>79</ns3:cad>
          </ns3:TrackPointExtension>
        </extensions>
      </trkpt>
      <trkpt lat="31.22887062840163707733154296875" lon="121.37784671969711780548095703125">
        <ele>8.19999980926513671875</ele>
        <time>2026-09-26T00:22:02.000Z</time>
        <extensions>
          <ns3:TrackPointExtension>
            <ns3:hr>118</ns3:hr>
            <ns3:cad>78</ns3:cad>
          </ns3:TrackPointExtension>
        </extensions>
      </trkpt>
      <trkpt lat="31.22885302640497684478759765625" lon="121.37783733196556568145751953125">
        <ele>8.19999980926513671875</ele>
        <time>2026-09-26T00:22:03.000Z</time>
        <extensions>
          <ns3:TrackPointExtension>
            <ns3:hr>118</ns3:hr>
            <ns3:cad>78</ns3:cad>
          </ns3:TrackPointExtension>
        </extensions>
      </trkpt>
      <trkpt lat="31.228835172951221466064453125" lon="121.37782744131982326507568359375">
        <ele>8.3999996185302734375</ele>
        <time>2026-09-26T00:22:04.000Z</time>
        <extensions>
          <ns3:TrackPointExtension>
            <ns3:hr>118</ns3:hr>
            <ns3:cad>78</ns3:cad>
          </ns3:TrackPointExtension>
        </extensions>
      </trkpt>
      <trkpt lat="31.22881731949746608734130859375" lon="121.37781788595020771026611328125">
        <ele>8.3999996185302734375</ele>
        <time>2026-09-26T00:22:05.000Z</time>
        <extensions>
          <ns3:TrackPointExtension>
            <ns3:hr>118</ns3:hr>
            <ns3:cad>78</ns3:cad>
          </ns3:TrackPointExtension>
        </extensions>
      </trkpt>
      <trkpt lat="31.22880122624337673187255859375" lon="121.3778082467615604400634765625">
        <ele>8.3999996185302734375</ele>
        <time>2026-09-26T00:22:06.000Z</time>
        <extensions>
          <ns3:TrackPointExtension>
            <ns3:hr>118</ns3:hr>
            <ns3:cad>77</ns3:cad>
          </ns3:TrackPointExtension>
        </extensions>
      </trkpt>
      <trkpt lat="31.22878546826541423797607421875" lon="121.37779843993484973907470703125">
        <ele>8.3999996185302734375</ele>
        <time>2026-09-26T00:22:07.000Z</time>
        <extensions>
          <ns3:TrackPointExtension>
            <ns3:hr>118</ns3:hr>
            <ns3:cad>77</ns3:cad>
          </ns3:TrackPointExtension>
        </extensions>
      </trkpt>
      <trkpt lat="31.22876954264938831329345703125" lon="121.3777884654700756072998046875">
        <ele>8.3999996185302734375</ele>
        <time>2026-09-26T00:22:08.000Z</time>
        <extensions>
          <ns3:TrackPointExtension>
            <ns3:hr>118</ns3:hr>
            <ns3:cad>77</ns3:cad>
          </ns3:TrackPointExtension>
        </extensions>
      </trkpt>
      <trkpt lat="31.22875428758561611175537109375" lon="121.3777792453765869140625">
        <ele>8.3999996185302734375</ele>
        <time>2026-09-26T00:22:09.000Z</time>
        <extensions>
          <ns3:TrackPointExtension>
            <ns3:hr>118</ns3:hr>
            <ns3:cad>78</ns3:cad>
          </ns3:TrackPointExtension>
        </extensions>
      </trkpt>
      <trkpt lat="31.22873601503670215606689453125" lon="121.377771534025669097900390625">
        <ele>8.3999996185302734375</ele>
        <time>2026-09-26T00:22:10.000Z</time>
        <extensions>
          <ns3:TrackPointExtension>
            <ns3:hr>118</ns3:hr>
            <ns3:cad>78</ns3:cad>
          </ns3:TrackPointExtension>
        </extensions>
      </trkpt>
      <trkpt lat="31.22871824540197849273681640625" lon="121.377766840159893035888671875">
        <ele>8.3999996185302734375</ele>
        <time>2026-09-26T00:22:11.000Z</time>
        <extensions>
          <ns3:TrackPointExtension>
            <ns3:hr>118</ns3:hr>
            <ns3:cad>78</ns3:cad>
          </ns3:TrackPointExtension>
        </extensions>
      </trkpt>
      <trkpt lat="31.2286988832056522369384765625" lon="121.3777609728276729583740234375">
        <ele>8.3999996185302734375</ele>
        <time>2026-09-26T00:22:12.000Z</time>
        <extensions>
          <ns3:TrackPointExtension>
            <ns3:hr>118</ns3:hr>
            <ns3:cad>77</ns3:cad>
          </ns3:TrackPointExtension>
        </extensions>
      </trkpt>
      <trkpt lat="31.22868102975189685821533203125" lon="121.377756781876087188720703125">
        <ele>8.3999996185302734375</ele>
        <time>2026-09-26T00:22:13.000Z</time>
        <extensions>
          <ns3:TrackPointExtension>
            <ns3:hr>118</ns3:hr>
            <ns3:cad>77</ns3:cad>
          </ns3:TrackPointExtension>
        </extensions>
      </trkpt>
      <trkpt lat="31.228662841022014617919921875" lon="121.37775099836289882659912109375">
        <ele>8.3999996185302734375</ele>
        <time>2026-09-26T00:22:14.000Z</time>
        <extensions>
          <ns3:TrackPointExtension>
            <ns3:hr>117</ns3:hr>
            <ns3:cad>77</ns3:cad>
          </ns3:TrackPointExtension>
        </extensions>
      </trkpt>
      <trkpt lat="31.2286449037492275238037109375" lon="121.377744376659393310546875">
        <ele>8.3999996185302734375</ele>
        <time>2026-09-26T00:22:15.000Z</time>
        <extensions>
          <ns3:TrackPointExtension>
            <ns3:hr>118</ns3:hr>
            <ns3:cad>78</ns3:cad>
          </ns3:TrackPointExtension>
        </extensions>
      </trkpt>
      <trkpt lat="31.22862637974321842193603515625" lon="121.377738676965236663818359375">
        <ele>8.6000003814697265625</ele>
        <time>2026-09-26T00:22:16.000Z</time>
        <extensions>
          <ns3:TrackPointExtension>
            <ns3:hr>118</ns3:hr>
            <ns3:cad>78</ns3:cad>
          </ns3:TrackPointExtension>
        </extensions>
      </trkpt>
      <trkpt lat="31.22860777191817760467529296875" lon="121.37773138470947742462158203125">
        <ele>8.6000003814697265625</ele>
        <time>2026-09-26T00:22:17.000Z</time>
        <extensions>
          <ns3:TrackPointExtension>
            <ns3:hr>118</ns3:hr>
            <ns3:cad>78</ns3:cad>
          </ns3:TrackPointExtension>
        </extensions>
      </trkpt>
      <trkpt lat="31.228591091930866241455078125" lon="121.37772501446306705474853515625">
        <ele>8.6000003814697265625</ele>
        <time>2026-09-26T00:22:18.000Z</time>
        <extensions>
          <ns3:TrackPointExtension>
            <ns3:hr>118</ns3:hr>
            <ns3:cad>78</ns3:cad>
          </ns3:TrackPointExtension>
        </extensions>
      </trkpt>
      <trkpt lat="31.2285724841058254241943359375" lon="121.3777173869311809539794921875">
        <ele>8.80000019073486328125</ele>
        <time>2026-09-26T00:22:19.000Z</time>
        <extensions>
          <ns3:TrackPointExtension>
            <ns3:hr>118</ns3:hr>
            <ns3:cad>79</ns3:cad>
          </ns3:TrackPointExtension>
        </extensions>
      </trkpt>
      <trkpt lat="31.22855446301400661468505859375" lon="121.3777090050280094146728515625">
        <ele>8.80000019073486328125</ele>
        <time>2026-09-26T00:22:20.000Z</time>
        <extensions>
          <ns3:TrackPointExtension>
            <ns3:hr>118</ns3:hr>
            <ns3:cad>79</ns3:cad>
          </ns3:TrackPointExtension>
        </extensions>
      </trkpt>
      <trkpt lat="31.22853669337928295135498046875" lon="121.37770079076290130615234375">
        <ele>8.80000019073486328125</ele>
        <time>2026-09-26T00:22:21.000Z</time>
        <extensions>
          <ns3:TrackPointExtension>
            <ns3:hr>118</ns3:hr>
            <ns3:cad>79</ns3:cad>
          </ns3:TrackPointExtension>
        </extensions>
      </trkpt>
      <trkpt lat="31.22851925902068614959716796875" lon="121.37769215740263462066650390625">
        <ele>8.80000019073486328125</ele>
        <time>2026-09-26T00:22:22.000Z</time>
        <extensions>
          <ns3:TrackPointExtension>
            <ns3:hr>118</ns3:hr>
            <ns3:cad>79</ns3:cad>
          </ns3:TrackPointExtension>
        </extensions>
      </trkpt>
      <trkpt lat="31.22850065119564533233642578125" lon="121.3776825182139873504638671875">
        <ele>8.80000019073486328125</ele>
        <time>2026-09-26T00:22:23.000Z</time>
        <extensions>
          <ns3:TrackPointExtension>
            <ns3:hr>118</ns3:hr>
            <ns3:cad>79</ns3:cad>
          </ns3:TrackPointExtension>
        </extensions>
      </trkpt>
      <trkpt lat="31.22848338447511196136474609375" lon="121.3776731304824352264404296875">
        <ele>8.6000003814697265625</ele>
        <time>2026-09-26T00:22:24.000Z</time>
        <extensions>
          <ns3:TrackPointExtension>
            <ns3:hr>118</ns3:hr>
            <ns3:cad>79</ns3:cad>
          </ns3:TrackPointExtension>
        </extensions>
      </trkpt>
      <trkpt lat="31.2284682132303714752197265625" lon="121.37766432948410511016845703125">
        <ele>8.6000003814697265625</ele>
        <time>2026-09-26T00:22:25.000Z</time>
        <extensions>
          <ns3:TrackPointExtension>
            <ns3:hr>118</ns3:hr>
            <ns3:cad>79</ns3:cad>
          </ns3:TrackPointExtension>
        </extensions>
      </trkpt>
      <trkpt lat="31.228452287614345550537109375" lon="121.37765510939061641693115234375">
        <ele>8.6000003814697265625</ele>
        <time>2026-09-26T00:22:26.000Z</time>
        <extensions>
          <ns3:TrackPointExtension>
            <ns3:hr>118</ns3:hr>
            <ns3:cad>79</ns3:cad>
          </ns3:TrackPointExtension>
        </extensions>
      </trkpt>
      <trkpt lat="31.22843577526509761810302734375" lon="121.3776456378400325775146484375">
        <ele>8.6000003814697265625</ele>
        <time>2026-09-26T00:22:27.000Z</time>
        <extensions>
          <ns3:TrackPointExtension>
            <ns3:hr>118</ns3:hr>
            <ns3:cad>79</ns3:cad>
          </ns3:TrackPointExtension>
        </extensions>
      </trkpt>
      <trkpt lat="31.2284202687442302703857421875" lon="121.37763641774654388427734375">
        <ele>8.80000019073486328125</ele>
        <time>2026-09-26T00:22:28.000Z</time>
        <extensions>
          <ns3:TrackPointExtension>
            <ns3:hr>118</ns3:hr>
            <ns3:cad>79</ns3:cad>
          </ns3:TrackPointExtension>
        </extensions>
      </trkpt>
      <trkpt lat="31.22840291820466518402099609375" lon="121.377626694738864898681640625">
        <ele>8.80000019073486328125</ele>
        <time>2026-09-26T00:22:29.000Z</time>
        <extensions>
          <ns3:TrackPointExtension>
            <ns3:hr>118</ns3:hr>
            <ns3:cad>78</ns3:cad>
          </ns3:TrackPointExtension>
        </extensions>
      </trkpt>
      <trkpt lat="31.2283854000270366668701171875" lon="121.37761688791215419769287109375">
        <ele>8.80000019073486328125</ele>
        <time>2026-09-26T00:22:30.000Z</time>
        <extensions>
          <ns3:TrackPointExtension>
            <ns3:hr>119</ns3:hr>
            <ns3:cad>78</ns3:cad>
          </ns3:TrackPointExtension>
        </extensions>
      </trkpt>
      <trkpt lat="31.2283694744110107421875" lon="121.3776077516376972198486328125">
        <ele>8.6000003814697265625</ele>
        <time>2026-09-26T00:22:31.000Z</time>
        <extensions>
          <ns3:TrackPointExtension>
            <ns3:hr>118</ns3:hr>
            <ns3:cad>78</ns3:cad>
          </ns3:TrackPointExtension>
        </extensions>
      </trkpt>
      <trkpt lat="31.22835078276693820953369140625" lon="121.3775983639061450958251953125">
        <ele>8.6000003814697265625</ele>
        <time>2026-09-26T00:22:32.000Z</time>
        <extensions>
          <ns3:TrackPointExtension>
            <ns3:hr>118</ns3:hr>
            <ns3:cad>78</ns3:cad>
          </ns3:TrackPointExtension>
        </extensions>
      </trkpt>
      <trkpt lat="31.22833267785608768463134765625" lon="121.37758939526975154876708984375">
        <ele>8.6000003814697265625</ele>
        <time>2026-09-26T00:22:33.000Z</time>
        <extensions>
          <ns3:TrackPointExtension>
            <ns3:hr>118</ns3:hr>
            <ns3:cad>79</ns3:cad>
          </ns3:TrackPointExtension>
        </extensions>
      </trkpt>
      <trkpt lat="31.22831541113555431365966796875" lon="121.37758143246173858642578125">
        <ele>8.6000003814697265625</ele>
        <time>2026-09-26T00:22:34.000Z</time>
        <extensions>
          <ns3:TrackPointExtension>
            <ns3:hr>118</ns3:hr>
            <ns3:cad>79</ns3:cad>
          </ns3:TrackPointExtension>
        </extensions>
      </trkpt>
      <trkpt lat="31.22829772531986236572265625" lon="121.37757414020597934722900390625">
        <ele>8.80000019073486328125</ele>
        <time>2026-09-26T00:22:35.000Z</time>
        <extensions>
          <ns3:TrackPointExtension>
            <ns3:hr>118</ns3:hr>
            <ns3:cad>79</ns3:cad>
          </ns3:TrackPointExtension>
        </extensions>
      </trkpt>
      <trkpt lat="31.2282797880470752716064453125" lon="121.377567350864410400390625">
        <ele>8.80000019073486328125</ele>
        <time>2026-09-26T00:22:36.000Z</time>
        <extensions>
          <ns3:TrackPointExtension>
            <ns3:hr>118</ns3:hr>
            <ns3:cad>79</ns3:cad>
          </ns3:TrackPointExtension>
        </extensions>
      </trkpt>
      <trkpt lat="31.2282633595168590545654296875" lon="121.37756156735122203826904296875">
        <ele>9</ele>
        <time>2026-09-26T00:22:37.000Z</time>
        <extensions>
          <ns3:TrackPointExtension>
            <ns3:hr>118</ns3:hr>
            <ns3:cad>79</ns3:cad>
          </ns3:TrackPointExtension>
        </extensions>
      </trkpt>
      <trkpt lat="31.2282465957105159759521484375" lon="121.37755603529512882232666015625">
        <ele>9</ele>
        <time>2026-09-26T00:22:38.000Z</time>
        <extensions>
          <ns3:TrackPointExtension>
            <ns3:hr>118</ns3:hr>
            <ns3:cad>79</ns3:cad>
          </ns3:TrackPointExtension>
        </extensions>
      </trkpt>
      <trkpt lat="31.22822932898998260498046875" lon="121.3775487430393695831298828125">
        <ele>9</ele>
        <time>2026-09-26T00:22:39.000Z</time>
        <extensions>
          <ns3:TrackPointExtension>
            <ns3:hr>118</ns3:hr>
            <ns3:cad>78</ns3:cad>
          </ns3:TrackPointExtension>
        </extensions>
      </trkpt>
      <trkpt lat="31.22821097262203693389892578125" lon="121.37754195369780063629150390625">
        <ele>8.80000019073486328125</ele>
        <time>2026-09-26T00:22:40.000Z</time>
        <extensions>
          <ns3:TrackPointExtension>
            <ns3:hr>118</ns3:hr>
            <ns3:cad>78</ns3:cad>
          </ns3:TrackPointExtension>
        </extensions>
      </trkpt>
      <trkpt lat="31.22819311916828155517578125" lon="121.37753625400364398956298828125">
        <ele>8.80000019073486328125</ele>
        <time>2026-09-26T00:22:41.000Z</time>
        <extensions>
          <ns3:TrackPointExtension>
            <ns3:hr>118</ns3:hr>
            <ns3:cad>78</ns3:cad>
          </ns3:TrackPointExtension>
        </extensions>
      </trkpt>
      <trkpt lat="31.228174008429050445556640625" lon="121.37752887792885303497314453125">
        <ele>8.80000019073486328125</ele>
        <time>2026-09-26T00:22:42.000Z</time>
        <extensions>
          <ns3:TrackPointExtension>
            <ns3:hr>118</ns3:hr>
            <ns3:cad>78</ns3:cad>
          </ns3:TrackPointExtension>
        </extensions>
      </trkpt>
      <trkpt lat="31.22815498150885105133056640625" lon="121.37752166949212551116943359375">
        <ele>8.80000019073486328125</ele>
        <time>2026-09-26T00:22:43.000Z</time>
        <extensions>
          <ns3:TrackPointExtension>
            <ns3:hr>118</ns3:hr>
            <ns3:cad>78</ns3:cad>
          </ns3:TrackPointExtension>
        </extensions>
      </trkpt>
      <trkpt lat="31.228136122226715087890625" lon="121.37751529924571514129638671875">
        <ele>8.80000019073486328125</ele>
        <time>2026-09-26T00:22:44.000Z</time>
        <extensions>
          <ns3:TrackPointExtension>
            <ns3:hr>118</ns3:hr>
            <ns3:cad>78</ns3:cad>
          </ns3:TrackPointExtension>
        </extensions>
      </trkpt>
      <trkpt lat="31.2281161732971668243408203125" lon="121.3775085099041461944580078125">
        <ele>8.80000019073486328125</ele>
        <time>2026-09-26T00:22:45.000Z</time>
        <extensions>
          <ns3:TrackPointExtension>
            <ns3:hr>118</ns3:hr>
            <ns3:cad>78</ns3:cad>
          </ns3:TrackPointExtension>
        </extensions>
      </trkpt>
      <trkpt lat="31.2280973978340625762939453125" lon="121.3775018043816089630126953125">
        <ele>8.80000019073486328125</ele>
        <time>2026-09-26T00:22:46.000Z</time>
        <extensions>
          <ns3:TrackPointExtension>
            <ns3:hr>118</ns3:hr>
            <ns3:cad>78</ns3:cad>
          </ns3:TrackPointExtension>
        </extensions>
      </trkpt>
      <trkpt lat="31.2280789576470851898193359375" lon="121.37749467976391315460205078125">
        <ele>8.80000019073486328125</ele>
        <time>2026-09-26T00:22:47.000Z</time>
        <extensions>
          <ns3:TrackPointExtension>
            <ns3:hr>118</ns3:hr>
            <ns3:cad>78</ns3:cad>
          </ns3:TrackPointExtension>
        </extensions>
      </trkpt>
      <trkpt lat="31.22806060127913951873779296875" lon="121.37748596258461475372314453125">
        <ele>8.80000019073486328125</ele>
        <time>2026-09-26T00:22:48.000Z</time>
        <extensions>
          <ns3:TrackPointExtension>
            <ns3:hr>118</ns3:hr>
            <ns3:cad>78</ns3:cad>
          </ns3:TrackPointExtension>
        </extensions>
      </trkpt>
      <trkpt lat="31.2280435860157012939453125" lon="121.37747691012918949127197265625">
        <ele>8.80000019073486328125</ele>
        <time>2026-09-26T00:22:49.000Z</time>
        <extensions>
          <ns3:TrackPointExtension>
            <ns3:hr>118</ns3:hr>
            <ns3:cad>79</ns3:cad>
          </ns3:TrackPointExtension>
        </extensions>
      </trkpt>
      <trkpt lat="31.22802673839032649993896484375" lon="121.37746886350214481353759765625">
        <ele>8.80000019073486328125</ele>
        <time>2026-09-26T00:22:50.000Z</time>
        <extensions>
          <ns3:TrackPointExtension>
            <ns3:hr>118</ns3:hr>
            <ns3:cad>79</ns3:cad>
          </ns3:TrackPointExtension>
        </extensions>
      </trkpt>
      <trkpt lat="31.22800997458398342132568359375" lon="121.37746098451316356658935546875">
        <ele>8.80000019073486328125</ele>
        <time>2026-09-26T00:22:51.000Z</time>
        <extensions>
          <ns3:TrackPointExtension>
            <ns3:hr>118</ns3:hr>
            <ns3:cad>79</ns3:cad>
          </ns3:TrackPointExtension>
        </extensions>
      </trkpt>
      <trkpt lat="31.22799287550151348114013671875" lon="121.3774533569812774658203125">
        <ele>8.80000019073486328125</ele>
        <time>2026-09-26T00:22:52.000Z</time>
        <extensions>
          <ns3:TrackPointExtension>
            <ns3:hr>118</ns3:hr>
            <ns3:cad>79</ns3:cad>
          </ns3:TrackPointExtension>
        </extensions>
      </trkpt>
      <trkpt lat="31.22797376476228237152099609375" lon="121.37744539417326450347900390625">
        <ele>8.80000019073486328125</ele>
        <time>2026-09-26T00:22:53.000Z</time>
        <extensions>
          <ns3:TrackPointExtension>
            <ns3:hr>118</ns3:hr>
            <ns3:cad>79</ns3:cad>
          </ns3:TrackPointExtension>
        </extensions>
      </trkpt>
      <trkpt lat="31.22795599512755870819091796875" lon="121.377436928451061248779296875">
        <ele>9</ele>
        <time>2026-09-26T00:22:54.000Z</time>
        <extensions>
          <ns3:TrackPointExtension>
            <ns3:hr>118</ns3:hr>
            <ns3:cad>79</ns3:cad>
          </ns3:TrackPointExtension>
        </extensions>
      </trkpt>
      <trkpt lat="31.2279403209686279296875" lon="121.37742846272885799407958984375">
        <ele>9</ele>
        <time>2026-09-26T00:22:55.000Z</time>
        <extensions>
          <ns3:TrackPointExtension>
            <ns3:hr>118</ns3:hr>
            <ns3:cad>79</ns3:cad>
          </ns3:TrackPointExtension>
        </extensions>
      </trkpt>
      <trkpt lat="31.2279243953526020050048828125" lon="121.37742091901600360870361328125">
        <ele>9</ele>
        <time>2026-09-26T00:22:56.000Z</time>
        <extensions>
          <ns3:TrackPointExtension>
            <ns3:hr>118</ns3:hr>
            <ns3:cad>79</ns3:cad>
          </ns3:TrackPointExtension>
        </extensions>
      </trkpt>
      <trkpt lat="31.2279083020985126495361328125" lon="121.37741320766508579254150390625">
        <ele>9</ele>
        <time>2026-09-26T00:22:57.000Z</time>
        <extensions>
          <ns3:TrackPointExtension>
            <ns3:hr>118</ns3:hr>
            <ns3:cad>78</ns3:cad>
          </ns3:TrackPointExtension>
        </extensions>
      </trkpt>
      <trkpt lat="31.22789204120635986328125" lon="121.3774039037525653839111328125">
        <ele>8.80000019073486328125</ele>
        <time>2026-09-26T00:22:58.000Z</time>
        <extensions>
          <ns3:TrackPointExtension>
            <ns3:hr>118</ns3:hr>
            <ns3:cad>78</ns3:cad>
          </ns3:TrackPointExtension>
        </extensions>
      </trkpt>
      <trkpt lat="31.2278751097619533538818359375" lon="121.37739543803036212921142578125">
        <ele>8.80000019073486328125</ele>
        <time>2026-09-26T00:22:59.000Z</time>
        <extensions>
          <ns3:TrackPointExtension>
            <ns3:hr>118</ns3:hr>
            <ns3:cad>79</ns3:cad>
          </ns3:TrackPointExtension>
        </extensions>
      </trkpt>
      <trkpt lat="31.22785842977464199066162109375" lon="121.37738755904138088226318359375">
        <ele>8.6000003814697265625</ele>
        <time>2026-09-26T00:23:00.000Z</time>
        <extensions>
          <ns3:TrackPointExtension>
            <ns3:hr>118</ns3:hr>
            <ns3:cad>79</ns3:cad>
          </ns3:TrackPointExtension>
        </extensions>
      </trkpt>
      <trkpt lat="31.227841079235076904296875" lon="121.37737900950014591217041015625">
        <ele>8.6000003814697265625</ele>
        <time>2026-09-26T00:23:01.000Z</time>
        <extensions>
          <ns3:TrackPointExtension>
            <ns3:hr>118</ns3:hr>
            <ns3:cad>79</ns3:cad>
          </ns3:TrackPointExtension>
        </extensions>
      </trkpt>
      <trkpt lat="31.2278251536190509796142578125" lon="121.37737113051116466522216796875">
        <ele>8.3999996185302734375</ele>
        <time>2026-09-26T00:23:02.000Z</time>
        <extensions>
          <ns3:TrackPointExtension>
            <ns3:hr>118</ns3:hr>
            <ns3:cad>77</ns3:cad>
          </ns3:TrackPointExtension>
        </extensions>
      </trkpt>
      <trkpt lat="31.2278087250888347625732421875" lon="121.377363167703151702880859375">
        <ele>8.3999996185302734375</ele>
        <time>2026-09-26T00:23:03.000Z</time>
        <extensions>
          <ns3:TrackPointExtension>
            <ns3:hr>118</ns3:hr>
            <ns3:cad>77</ns3:cad>
          </ns3:TrackPointExtension>
        </extensions>
      </trkpt>
      <trkpt lat="31.22779321856796741485595703125" lon="121.37735436670482158660888671875">
        <ele>8.3999996185302734375</ele>
        <time>2026-09-26T00:23:04.000Z</time>
        <extensions>
          <ns3:TrackPointExtension>
            <ns3:hr>118</ns3:hr>
            <ns3:cad>77</ns3:cad>
          </ns3:TrackPointExtension>
        </extensions>
      </trkpt>
      <trkpt lat="31.22777779586613178253173828125" lon="121.3773459009826183319091796875">
        <ele>8.3999996185302734375</ele>
        <time>2026-09-26T00:23:05.000Z</time>
        <extensions>
          <ns3:TrackPointExtension>
            <ns3:hr>117</ns3:hr>
            <ns3:cad>77</ns3:cad>
          </ns3:TrackPointExtension>
        </extensions>
      </trkpt>
      <trkpt lat="31.227761618793010711669921875" lon="121.37733743526041507720947265625">
        <ele>8.3999996185302734375</ele>
        <time>2026-09-26T00:23:06.000Z</time>
        <extensions>
          <ns3:TrackPointExtension>
            <ns3:hr>118</ns3:hr>
            <ns3:cad>77</ns3:cad>
          </ns3:TrackPointExtension>
        </extensions>
      </trkpt>
      <trkpt lat="31.22774594463407993316650390625" lon="121.37733022682368755340576171875">
        <ele>8.3999996185302734375</ele>
        <time>2026-09-26T00:23:07.000Z</time>
        <extensions>
          <ns3:TrackPointExtension>
            <ns3:hr>117</ns3:hr>
            <ns3:cad>79</ns3:cad>
          </ns3:TrackPointExtension>
        </extensions>
      </trkpt>
      <trkpt lat="31.2277295999228954315185546875" lon="121.37732352130115032196044921875">
        <ele>8.3999996185302734375</ele>
        <time>2026-09-26T00:23:08.000Z</time>
        <extensions>
          <ns3:TrackPointExtension>
            <ns3:hr>117</ns3:hr>
            <ns3:cad>79</ns3:cad>
          </ns3:TrackPointExtension>
        </extensions>
      </trkpt>
      <trkpt lat="31.22771157883107662200927734375" lon="121.37731564231216907501220703125">
        <ele>8.3999996185302734375</ele>
        <time>2026-09-26T00:23:09.000Z</time>
        <extensions>
          <ns3:TrackPointExtension>
            <ns3:hr>117</ns3:hr>
            <ns3:cad>78</ns3:cad>
          </ns3:TrackPointExtension>
        </extensions>
      </trkpt>
      <trkpt lat="31.22769447974860668182373046875" lon="121.3773066736757755279541015625">
        <ele>8.3999996185302734375</ele>
        <time>2026-09-26T00:23:10.000Z</time>
        <extensions>
          <ns3:TrackPointExtension>
            <ns3:hr>116</ns3:hr>
            <ns3:cad>76</ns3:cad>
          </ns3:TrackPointExtension>
        </extensions>
      </trkpt>
      <trkpt lat="31.22767620719969272613525390625" lon="121.3772966153919696807861328125">
        <ele>8.3999996185302734375</ele>
        <time>2026-09-26T00:23:11.000Z</time>
        <extensions>
          <ns3:TrackPointExtension>
            <ns3:hr>116</ns3:hr>
            <ns3:cad>76</ns3:cad>
          </ns3:TrackPointExtension>
        </extensions>
      </trkpt>
      <trkpt lat="31.22765759937465190887451171875" lon="121.3772848807275295257568359375">
        <ele>8.3999996185302734375</ele>
        <time>2026-09-26T00:23:12.000Z</time>
        <extensions>
          <ns3:TrackPointExtension>
            <ns3:hr>116</ns3:hr>
            <ns3:cad>77</ns3:cad>
          </ns3:TrackPointExtension>
        </extensions>
      </trkpt>
      <trkpt lat="31.227640248835086822509765625" lon="121.377275995910167694091796875">
        <ele>8.6000003814697265625</ele>
        <time>2026-09-26T00:23:13.000Z</time>
        <extensions>
          <ns3:TrackPointExtension>
            <ns3:hr>116</ns3:hr>
            <ns3:cad>77</ns3:cad>
          </ns3:TrackPointExtension>
        </extensions>
      </trkpt>
      <trkpt lat="31.2276216410100460052490234375" lon="121.37726702727377414703369140625">
        <ele>8.6000003814697265625</ele>
        <time>2026-09-26T00:23:14.000Z</time>
        <extensions>
          <ns3:TrackPointExtension>
            <ns3:hr>116</ns3:hr>
            <ns3:cad>77</ns3:cad>
          </ns3:TrackPointExtension>
        </extensions>
      </trkpt>
      <trkpt lat="31.2276037037372589111328125" lon="121.37725881300866603851318359375">
        <ele>8.6000003814697265625</ele>
        <time>2026-09-26T00:23:15.000Z</time>
        <extensions>
          <ns3:TrackPointExtension>
            <ns3:hr>116</ns3:hr>
            <ns3:cad>78</ns3:cad>
          </ns3:TrackPointExtension>
        </extensions>
      </trkpt>
      <trkpt lat="31.22758467681705951690673828125" lon="121.37725177221000194549560546875">
        <ele>8.6000003814697265625</ele>
        <time>2026-09-26T00:23:16.000Z</time>
        <extensions>
          <ns3:TrackPointExtension>
            <ns3:hr>116</ns3:hr>
            <ns3:cad>78</ns3:cad>
          </ns3:TrackPointExtension>
        </extensions>
      </trkpt>
      <trkpt lat="31.22756573371589183807373046875" lon="121.37724422849714756011962890625">
        <ele>8.6000003814697265625</ele>
        <time>2026-09-26T00:23:17.000Z</time>
        <extensions>
          <ns3:TrackPointExtension>
            <ns3:hr>116</ns3:hr>
            <ns3:cad>78</ns3:cad>
          </ns3:TrackPointExtension>
        </extensions>
      </trkpt>
      <trkpt lat="31.22754712589085102081298828125" lon="121.3772369362413883209228515625">
        <ele>8.6000003814697265625</ele>
        <time>2026-09-26T00:23:18.000Z</time>
        <extensions>
          <ns3:TrackPointExtension>
            <ns3:hr>116</ns3:hr>
            <ns3:cad>79</ns3:cad>
          </ns3:TrackPointExtension>
        </extensions>
      </trkpt>
      <trkpt lat="31.2275294400751590728759765625" lon="121.37723006308078765869140625">
        <ele>8.6000003814697265625</ele>
        <time>2026-09-26T00:23:19.000Z</time>
        <extensions>
          <ns3:TrackPointExtension>
            <ns3:hr>116</ns3:hr>
            <ns3:cad>79</ns3:cad>
          </ns3:TrackPointExtension>
        </extensions>
      </trkpt>
      <trkpt lat="31.2275098264217376708984375" lon="121.3772221840918064117431640625">
        <ele>8.6000003814697265625</ele>
        <time>2026-09-26T00:23:20.000Z</time>
        <extensions>
          <ns3:TrackPointExtension>
            <ns3:hr>117</ns3:hr>
            <ns3:cad>79</ns3:cad>
          </ns3:TrackPointExtension>
        </extensions>
      </trkpt>
      <trkpt lat="31.2274908833205699920654296875" lon="121.37721505947411060333251953125">
        <ele>8.6000003814697265625</ele>
        <time>2026-09-26T00:23:21.000Z</time>
        <extensions>
          <ns3:TrackPointExtension>
            <ns3:hr>117</ns3:hr>
            <ns3:cad>79</ns3:cad>
          </ns3:TrackPointExtension>
        </extensions>
      </trkpt>
      <trkpt lat="31.2274727784097194671630859375" lon="121.3772081024944782257080078125">
        <ele>8.6000003814697265625</ele>
        <time>2026-09-26T00:23:22.000Z</time>
        <extensions>
          <ns3:TrackPointExtension>
            <ns3:hr>117</ns3:hr>
            <ns3:cad>79</ns3:cad>
          </ns3:TrackPointExtension>
        </extensions>
      </trkpt>
      <trkpt lat="31.22745358385145664215087890625" lon="121.37720055878162384033203125">
        <ele>8.3999996185302734375</ele>
        <time>2026-09-26T00:23:23.000Z</time>
        <extensions>
          <ns3:TrackPointExtension>
            <ns3:hr>117</ns3:hr>
            <ns3:cad>79</ns3:cad>
          </ns3:TrackPointExtension>
        </extensions>
      </trkpt>
      <trkpt lat="31.2274348922073841094970703125" lon="121.37719360180199146270751953125">
        <ele>8.3999996185302734375</ele>
        <time>2026-09-26T00:23:24.000Z</time>
        <extensions>
          <ns3:TrackPointExtension>
            <ns3:hr>118</ns3:hr>
            <ns3:cad>79</ns3:cad>
          </ns3:TrackPointExtension>
        </extensions>
      </trkpt>
      <trkpt lat="31.22741653583943843841552734375" lon="121.37718555517494678497314453125">
        <ele>8.3999996185302734375</ele>
        <time>2026-09-26T00:23:25.000Z</time>
        <extensions>
          <ns3:TrackPointExtension>
            <ns3:hr>118</ns3:hr>
            <ns3:cad>80</ns3:cad>
          </ns3:TrackPointExtension>
        </extensions>
      </trkpt>
      <trkpt lat="31.2273993529379367828369140625" lon="121.37717667035758495330810546875">
        <ele>8.3999996185302734375</ele>
        <time>2026-09-26T00:23:26.000Z</time>
        <extensions>
          <ns3:TrackPointExtension>
            <ns3:hr>118</ns3:hr>
            <ns3:cad>80</ns3:cad>
          </ns3:TrackPointExtension>
        </extensions>
      </trkpt>
      <trkpt lat="31.22738233767449855804443359375" lon="121.377168036997318267822265625">
        <ele>8.3999996185302734375</ele>
        <time>2026-09-26T00:23:27.000Z</time>
        <extensions>
          <ns3:TrackPointExtension>
            <ns3:hr>118</ns3:hr>
            <ns3:cad>80</ns3:cad>
          </ns3:TrackPointExtension>
        </extensions>
      </trkpt>
      <trkpt lat="31.2273641489446163177490234375" lon="121.377159655094146728515625">
        <ele>8.3999996185302734375</ele>
        <time>2026-09-26T00:23:28.000Z</time>
        <extensions>
          <ns3:TrackPointExtension>
            <ns3:hr>118</ns3:hr>
            <ns3:cad>80</ns3:cad>
          </ns3:TrackPointExtension>
        </extensions>
      </trkpt>
      <trkpt lat="31.22734596021473407745361328125" lon="121.37715303339064121246337890625">
        <ele>8.3999996185302734375</ele>
        <time>2026-09-26T00:23:29.000Z</time>
        <extensions>
          <ns3:TrackPointExtension>
            <ns3:hr>118</ns3:hr>
            <ns3:cad>80</ns3:cad>
          </ns3:TrackPointExtension>
        </extensions>
      </trkpt>
      <trkpt lat="31.22732584364712238311767578125" lon="121.37714481912553310394287109375">
        <ele>8.3999996185302734375</ele>
        <time>2026-09-26T00:23:30.000Z</time>
        <extensions>
          <ns3:TrackPointExtension>
            <ns3:hr>118</ns3:hr>
            <ns3:cad>80</ns3:cad>
          </ns3:TrackPointExtension>
        </extensions>
      </trkpt>
      <trkpt lat="31.2273084931075572967529296875" lon="121.37713727541267871856689453125">
        <ele>8.3999996185302734375</ele>
        <time>2026-09-26T00:23:31.000Z</time>
        <extensions>
          <ns3:TrackPointExtension>
            <ns3:hr>118</ns3:hr>
            <ns3:cad>79</ns3:cad>
          </ns3:TrackPointExtension>
        </extensions>
      </trkpt>
      <trkpt lat="31.22729055583477020263671875" lon="121.3771286420524120330810546875">
        <ele>8.6000003814697265625</ele>
        <time>2026-09-26T00:23:32.000Z</time>
        <extensions>
          <ns3:TrackPointExtension>
            <ns3:hr>118</ns3:hr>
            <ns3:cad>79</ns3:cad>
          </ns3:TrackPointExtension>
        </extensions>
      </trkpt>
      <trkpt lat="31.2272729538381099700927734375" lon="121.3771195895969867706298828125">
        <ele>8.6000003814697265625</ele>
        <time>2026-09-26T00:23:33.000Z</time>
        <extensions>
          <ns3:TrackPointExtension>
            <ns3:hr>119</ns3:hr>
            <ns3:cad>79</ns3:cad>
          </ns3:TrackPointExtension>
        </extensions>
      </trkpt>
      <trkpt lat="31.2272555194795131683349609375" lon="121.3771105371415615081787109375">
        <ele>8.6000003814697265625</ele>
        <time>2026-09-26T00:23:34.000Z</time>
        <extensions>
          <ns3:TrackPointExtension>
            <ns3:hr>119</ns3:hr>
            <ns3:cad>79</ns3:cad>
          </ns3:TrackPointExtension>
        </extensions>
      </trkpt>
      <trkpt lat="31.2272370792925357818603515625" lon="121.37710131704807281494140625">
        <ele>8.6000003814697265625</ele>
        <time>2026-09-26T00:23:35.000Z</time>
        <extensions>
          <ns3:TrackPointExtension>
            <ns3:hr>119</ns3:hr>
            <ns3:cad>79</ns3:cad>
          </ns3:TrackPointExtension>
        </extensions>
      </trkpt>
      <trkpt lat="31.22721855528652667999267578125" lon="121.37709218077361583709716796875">
        <ele>8.6000003814697265625</ele>
        <time>2026-09-26T00:23:36.000Z</time>
        <extensions>
          <ns3:TrackPointExtension>
            <ns3:hr>120</ns3:hr>
            <ns3:cad>80</ns3:cad>
          </ns3:TrackPointExtension>
        </extensions>
      </trkpt>
      <trkpt lat="31.2272001989185810089111328125" lon="121.37708346359431743621826171875">
        <ele>8.6000003814697265625</ele>
        <time>2026-09-26T00:23:37.000Z</time>
        <extensions>
          <ns3:TrackPointExtension>
            <ns3:hr>120</ns3:hr>
            <ns3:cad>80</ns3:cad>
          </ns3:TrackPointExtension>
        </extensions>
      </trkpt>
      <trkpt lat="31.2271810881793498992919921875" lon="121.377074159681797027587890625">
        <ele>8.6000003814697265625</ele>
        <time>2026-09-26T00:23:38.000Z</time>
        <extensions>
          <ns3:TrackPointExtension>
            <ns3:hr>120</ns3:hr>
            <ns3:cad>80</ns3:cad>
          </ns3:TrackPointExtension>
        </extensions>
      </trkpt>
      <trkpt lat="31.22716189362108707427978515625" lon="121.377064771950244903564453125">
        <ele>8.3999996185302734375</ele>
        <time>2026-09-26T00:23:39.000Z</time>
        <extensions>
          <ns3:TrackPointExtension>
            <ns3:hr>120</ns3:hr>
            <ns3:cad>80</ns3:cad>
          </ns3:TrackPointExtension>
        </extensions>
      </trkpt>
      <trkpt lat="31.22714362107217311859130859375" lon="121.3770565576851367950439453125">
        <ele>8.3999996185302734375</ele>
        <time>2026-09-26T00:23:40.000Z</time>
        <extensions>
          <ns3:TrackPointExtension>
            <ns3:hr>120</ns3:hr>
            <ns3:cad>80</ns3:cad>
          </ns3:TrackPointExtension>
        </extensions>
      </trkpt>
      <trkpt lat="31.2271254323422908782958984375" lon="121.3770471699535846710205078125">
        <ele>8.3999996185302734375</ele>
        <time>2026-09-26T00:23:41.000Z</time>
        <extensions>
          <ns3:TrackPointExtension>
            <ns3:hr>119</ns3:hr>
            <ns3:cad>80</ns3:cad>
          </ns3:TrackPointExtension>
        </extensions>
      </trkpt>
      <trkpt lat="31.227107830345630645751953125" lon="121.37703736312687397003173828125">
        <ele>8.3999996185302734375</ele>
        <time>2026-09-26T00:23:42.000Z</time>
        <extensions>
          <ns3:TrackPointExtension>
            <ns3:hr>119</ns3:hr>
            <ns3:cad>80</ns3:cad>
          </ns3:TrackPointExtension>
        </extensions>
      </trkpt>
      <trkpt lat="31.2270885519683361053466796875" lon="121.377024538815021514892578125">
        <ele>8.3999996185302734375</ele>
        <time>2026-09-26T00:23:43.000Z</time>
        <extensions>
          <ns3:TrackPointExtension>
            <ns3:hr>119</ns3:hr>
            <ns3:cad>80</ns3:cad>
          </ns3:TrackPointExtension>
        </extensions>
      </trkpt>
      <trkpt lat="31.2270704470574855804443359375" lon="121.3770129717886447906494140625">
        <ele>8.6000003814697265625</ele>
        <time>2026-09-26T00:23:44.000Z</time>
        <extensions>
          <ns3:TrackPointExtension>
            <ns3:hr>118</ns3:hr>
            <ns3:cad>79</ns3:cad>
          </ns3:TrackPointExtension>
        </extensions>
      </trkpt>
      <trkpt lat="31.2270526774227619171142578125" lon="121.3770012371242046356201171875">
        <ele>8.6000003814697265625</ele>
        <time>2026-09-26T00:23:45.000Z</time>
        <extensions>
          <ns3:TrackPointExtension>
            <ns3:hr>118</ns3:hr>
            <ns3:cad>78</ns3:cad>
          </ns3:TrackPointExtension>
        </extensions>
      </trkpt>
      <trkpt lat="31.22703381814062595367431640625" lon="121.37699059210717678070068359375">
        <ele>8.6000003814697265625</ele>
        <time>2026-09-26T00:23:46.000Z</time>
        <extensions>
          <ns3:TrackPointExtension>
            <ns3:hr>118</ns3:hr>
            <ns3:cad>78</ns3:cad>
          </ns3:TrackPointExtension>
        </extensions>
      </trkpt>
      <trkpt lat="31.22701428830623626708984375" lon="121.37698086909949779510498046875">
        <ele>8.6000003814697265625</ele>
        <time>2026-09-26T00:23:47.000Z</time>
        <extensions>
          <ns3:TrackPointExtension>
            <ns3:hr>118</ns3:hr>
            <ns3:cad>78</ns3:cad>
          </ns3:TrackPointExtension>
        </extensions>
      </trkpt>
      <trkpt lat="31.226993165910243988037109375" lon="121.3769703917205333709716796875">
        <ele>8.80000019073486328125</ele>
        <time>2026-09-26T00:23:48.000Z</time>
        <extensions>
          <ns3:TrackPointExtension>
            <ns3:hr>118</ns3:hr>
            <ns3:cad>78</ns3:cad>
          </ns3:TrackPointExtension>
        </extensions>
      </trkpt>
      <trkpt lat="31.226974390447139739990234375" lon="121.37696050107479095458984375">
        <ele>8.80000019073486328125</ele>
        <time>2026-09-26T00:23:49.000Z</time>
        <extensions>
          <ns3:TrackPointExtension>
            <ns3:hr>119</ns3:hr>
            <ns3:cad>79</ns3:cad>
          </ns3:TrackPointExtension>
        </extensions>
      </trkpt>
      <trkpt lat="31.22695653699338436126708984375" lon="121.3769496046006679534912109375">
        <ele>8.80000019073486328125</ele>
        <time>2026-09-26T00:23:50.000Z</time>
        <extensions>
          <ns3:TrackPointExtension>
            <ns3:hr>119</ns3:hr>
            <ns3:cad>79</ns3:cad>
          </ns3:TrackPointExtension>
        </extensions>
      </trkpt>
      <trkpt lat="31.226938851177692413330078125" lon="121.37693703174591064453125">
        <ele>8.80000019073486328125</ele>
        <time>2026-09-26T00:23:51.000Z</time>
        <extensions>
          <ns3:TrackPointExtension>
            <ns3:hr>119</ns3:hr>
            <ns3:cad>79</ns3:cad>
          </ns3:TrackPointExtension>
        </extensions>
      </trkpt>
      <trkpt lat="31.22692116536200046539306640625" lon="121.37692538090050220489501953125">
        <ele>9</ele>
        <time>2026-09-26T00:23:52.000Z</time>
        <extensions>
          <ns3:TrackPointExtension>
            <ns3:hr>120</ns3:hr>
            <ns3:cad>79</ns3:cad>
          </ns3:TrackPointExtension>
        </extensions>
      </trkpt>
      <trkpt lat="31.2269038148224353790283203125" lon="121.37691331095993518829345703125">
        <ele>9</ele>
        <time>2026-09-26T00:23:53.000Z</time>
        <extensions>
          <ns3:TrackPointExtension>
            <ns3:hr>120</ns3:hr>
            <ns3:cad>79</ns3:cad>
          </ns3:TrackPointExtension>
        </extensions>
      </trkpt>
      <trkpt lat="31.22688596136868000030517578125" lon="121.37690090574324131011962890625">
        <ele>9</ele>
        <time>2026-09-26T00:23:54.000Z</time>
        <extensions>
          <ns3:TrackPointExtension>
            <ns3:hr>120</ns3:hr>
            <ns3:cad>79</ns3:cad>
          </ns3:TrackPointExtension>
        </extensions>
      </trkpt>
      <trkpt lat="31.226869784295558929443359375" lon="121.37689000926911830902099609375">
        <ele>9.19999980926513671875</ele>
        <time>2026-09-26T00:23:55.000Z</time>
        <extensions>
          <ns3:TrackPointExtension>
            <ns3:hr>120</ns3:hr>
            <ns3:cad>79</ns3:cad>
          </ns3:TrackPointExtension>
        </extensions>
      </trkpt>
      <trkpt lat="31.2268531881272792816162109375" lon="121.376878358423709869384765625">
        <ele>9.19999980926513671875</ele>
        <time>2026-09-26T00:23:56.000Z</time>
        <extensions>
          <ns3:TrackPointExtension>
            <ns3:hr>120</ns3:hr>
            <ns3:cad>79</ns3:cad>
          </ns3:TrackPointExtension>
        </extensions>
      </trkpt>
      <trkpt lat="31.22683684341609477996826171875" lon="121.3768659532070159912109375">
        <ele>9.19999980926513671875</ele>
        <time>2026-09-26T00:23:57.000Z</time>
        <extensions>
          <ns3:TrackPointExtension>
            <ns3:hr>120</ns3:hr>
            <ns3:cad>80</ns3:cad>
          </ns3:TrackPointExtension>
        </extensions>
      </trkpt>
      <trkpt lat="31.22681982815265655517578125" lon="121.37685379944741725921630859375">
        <ele>9.19999980926513671875</ele>
        <time>2026-09-26T00:23:58.000Z</time>
        <extensions>
          <ns3:TrackPointExtension>
            <ns3:hr>120</ns3:hr>
            <ns3:cad>80</ns3:cad>
          </ns3:TrackPointExtension>
        </extensions>
      </trkpt>
      <trkpt lat="31.2268015556037425994873046875" lon="121.37684256769716739654541015625">
        <ele>9.19999980926513671875</ele>
        <time>2026-09-26T00:23:59.000Z</time>
        <extensions>
          <ns3:TrackPointExtension>
            <ns3:hr>120</ns3:hr>
            <ns3:cad>80</ns3:cad>
          </ns3:TrackPointExtension>
        </extensions>
      </trkpt>
      <trkpt lat="31.2267834506928920745849609375" lon="121.3768329285085201263427734375">
        <ele>9.19999980926513671875</ele>
        <time>2026-09-26T00:24:00.000Z</time>
        <extensions>
          <ns3:TrackPointExtension>
            <ns3:hr>121</ns3:hr>
            <ns3:cad>78</ns3:cad>
          </ns3:TrackPointExtension>
        </extensions>
      </trkpt>
      <trkpt lat="31.22676551342010498046875" lon="121.37682479806244373321533203125">
        <ele>9.19999980926513671875</ele>
        <time>2026-09-26T00:24:01.000Z</time>
        <extensions>
          <ns3:TrackPointExtension>
            <ns3:hr>120</ns3:hr>
            <ns3:cad>78</ns3:cad>
          </ns3:TrackPointExtension>
        </extensions>
      </trkpt>
      <trkpt lat="31.22674883343279361724853515625" lon="121.37681700289249420166015625">
        <ele>9.19999980926513671875</ele>
        <time>2026-09-26T00:24:02.000Z</time>
        <extensions>
          <ns3:TrackPointExtension>
            <ns3:hr>120</ns3:hr>
            <ns3:cad>79</ns3:cad>
          </ns3:TrackPointExtension>
        </extensions>
      </trkpt>
      <trkpt lat="31.2267321534454822540283203125" lon="121.37680870480835437774658203125">
        <ele>9.19999980926513671875</ele>
        <time>2026-09-26T00:24:03.000Z</time>
        <extensions>
          <ns3:TrackPointExtension>
            <ns3:hr>120</ns3:hr>
            <ns3:cad>79</ns3:cad>
          </ns3:TrackPointExtension>
        </extensions>
      </trkpt>
      <trkpt lat="31.22671513818204402923583984375" lon="121.3768004067242145538330078125">
        <ele>9.19999980926513671875</ele>
        <time>2026-09-26T00:24:04.000Z</time>
        <extensions>
          <ns3:TrackPointExtension>
            <ns3:hr>121</ns3:hr>
            <ns3:cad>79</ns3:cad>
          </ns3:TrackPointExtension>
        </extensions>
      </trkpt>
      <trkpt lat="31.22669854201376438140869140625" lon="121.3767926953732967376708984375">
        <ele>9.19999980926513671875</ele>
        <time>2026-09-26T00:24:05.000Z</time>
        <extensions>
          <ns3:TrackPointExtension>
            <ns3:hr>120</ns3:hr>
            <ns3:cad>79</ns3:cad>
          </ns3:TrackPointExtension>
        </extensions>
      </trkpt>
      <trkpt lat="31.226681359112262725830078125" lon="121.37678456492722034454345703125">
        <ele>9.19999980926513671875</ele>
        <time>2026-09-26T00:24:06.000Z</time>
        <extensions>
          <ns3:TrackPointExtension>
            <ns3:hr>120</ns3:hr>
            <ns3:cad>79</ns3:cad>
          </ns3:TrackPointExtension>
        </extensions>
      </trkpt>
      <trkpt lat="31.226663924753665924072265625" lon="121.376776434481143951416015625">
        <ele>9.19999980926513671875</ele>
        <time>2026-09-26T00:24:07.000Z</time>
        <extensions>
          <ns3:TrackPointExtension>
            <ns3:hr>121</ns3:hr>
            <ns3:cad>79</ns3:cad>
          </ns3:TrackPointExtension>
        </extensions>
      </trkpt>
      <trkpt lat="31.22664607129991054534912109375" lon="121.37676947750151157379150390625">
        <ele>9.19999980926513671875</ele>
        <time>2026-09-26T00:24:08.000Z</time>
        <extensions>
          <ns3:TrackPointExtension>
            <ns3:hr>120</ns3:hr>
            <ns3:cad>79</ns3:cad>
          </ns3:TrackPointExtension>
        </extensions>
      </trkpt>
      <trkpt lat="31.22662603855133056640625" lon="121.37676193378865718841552734375">
        <ele>9.3999996185302734375</ele>
        <time>2026-09-26T00:24:09.000Z</time>
        <extensions>
          <ns3:TrackPointExtension>
            <ns3:hr>120</ns3:hr>
            <ns3:cad>79</ns3:cad>
          </ns3:TrackPointExtension>
        </extensions>
      </trkpt>
      <trkpt lat="31.22660701163113117218017578125" lon="121.37675422243773937225341796875">
        <ele>9.3999996185302734375</ele>
        <time>2026-09-26T00:24:10.000Z</time>
        <extensions>
          <ns3:TrackPointExtension>
            <ns3:hr>121</ns3:hr>
            <ns3:cad>79</ns3:cad>
          </ns3:TrackPointExtension>
        </extensions>
      </trkpt>
      <trkpt lat="31.226587481796741485595703125" lon="121.37674718163907527923583984375">
        <ele>9.3999996185302734375</ele>
        <time>2026-09-26T00:24:11.000Z</time>
        <extensions>
          <ns3:TrackPointExtension>
            <ns3:hr>120</ns3:hr>
            <ns3:cad>79</ns3:cad>
          </ns3:TrackPointExtension>
        </extensions>
      </trkpt>
      <trkpt lat="31.226567365229129791259765625" lon="121.37673896737396717071533203125">
        <ele>9.3999996185302734375</ele>
        <time>2026-09-26T00:24:12.000Z</time>
        <extensions>
          <ns3:TrackPointExtension>
            <ns3:hr>120</ns3:hr>
            <ns3:cad>79</ns3:cad>
          </ns3:TrackPointExtension>
        </extensions>
      </trkpt>
      <trkpt lat="31.22654817067086696624755859375" lon="121.3767303340137004852294921875">
        <ele>9.3999996185302734375</ele>
        <time>2026-09-26T00:24:13.000Z</time>
        <extensions>
          <ns3:TrackPointExtension>
            <ns3:hr>121</ns3:hr>
            <ns3:cad>79</ns3:cad>
          </ns3:TrackPointExtension>
        </extensions>
      </trkpt>
      <trkpt lat="31.2265299819409847259521484375" lon="121.37672253884375095367431640625">
        <ele>9.6000003814697265625</ele>
        <time>2026-09-26T00:24:14.000Z</time>
        <extensions>
          <ns3:TrackPointExtension>
            <ns3:hr>121</ns3:hr>
            <ns3:cad>79</ns3:cad>
          </ns3:TrackPointExtension>
        </extensions>
      </trkpt>
      <trkpt lat="31.2265135534107685089111328125" lon="121.3767139054834842681884765625">
        <ele>9.6000003814697265625</ele>
        <time>2026-09-26T00:24:15.000Z</time>
        <extensions>
          <ns3:TrackPointExtension>
            <ns3:hr>122</ns3:hr>
            <ns3:cad>79</ns3:cad>
          </ns3:TrackPointExtension>
        </extensions>
      </trkpt>
      <trkpt lat="31.22649871744215488433837890625" lon="121.37670510448515415191650390625">
        <ele>9.6000003814697265625</ele>
        <time>2026-09-26T00:24:16.000Z</time>
        <extensions>
          <ns3:TrackPointExtension>
            <ns3:hr>122</ns3:hr>
            <ns3:cad>79</ns3:cad>
          </ns3:TrackPointExtension>
        </extensions>
      </trkpt>
      <trkpt lat="31.226486898958683013916015625" lon="121.37669806368649005889892578125">
        <ele>9.80000019073486328125</ele>
        <time>2026-09-26T00:24:17.000Z</time>
        <extensions>
          <ns3:TrackPointExtension>
            <ns3:hr>122</ns3:hr>
            <ns3:cad>79</ns3:cad>
          </ns3:TrackPointExtension>
        </extensions>
      </trkpt>
      <trkpt lat="31.22647541575133800506591796875" lon="121.37669102288782596588134765625">
        <ele>9.80000019073486328125</ele>
        <time>2026-09-26T00:24:18.000Z</time>
        <extensions>
          <ns3:TrackPointExtension>
            <ns3:hr>123</ns3:hr>
            <ns3:cad>79</ns3:cad>
          </ns3:TrackPointExtension>
        </extensions>
      </trkpt>
      <trkpt lat="31.2264637649059295654296875" lon="121.37668381445109844207763671875">
        <ele>9.80000019073486328125</ele>
        <time>2026-09-26T00:24:19.000Z</time>
        <extensions>
          <ns3:TrackPointExtension>
            <ns3:hr>124</ns3:hr>
            <ns3:cad>80</ns3:cad>
          </ns3:TrackPointExtension>
        </extensions>
      </trkpt>
      <trkpt lat="31.226451694965362548828125" lon="121.37667677365243434906005859375">
        <ele>9.80000019073486328125</ele>
        <time>2026-09-26T00:24:20.000Z</time>
        <extensions>
          <ns3:TrackPointExtension>
            <ns3:hr>124</ns3:hr>
            <ns3:cad>80</ns3:cad>
          </ns3:TrackPointExtension>
        </extensions>
      </trkpt>
      <trkpt lat="31.22644021175801753997802734375" lon="121.37667040340602397918701171875">
        <ele>9.80000019073486328125</ele>
        <time>2026-09-26T00:24:21.000Z</time>
        <extensions>
          <ns3:TrackPointExtension>
            <ns3:hr>124</ns3:hr>
            <ns3:cad>80</ns3:cad>
          </ns3:TrackPointExtension>
        </extensions>
      </trkpt>
      <trkpt lat="31.22642881236970424652099609375" lon="121.3766649551689624786376953125">
        <ele>10</ele>
        <time>2026-09-26T00:24:22.000Z</time>
        <extensions>
          <ns3:TrackPointExtension>
            <ns3:hr>124</ns3:hr>
            <ns3:cad>70</ns3:cad>
          </ns3:TrackPointExtension>
        </extensions>
      </trkpt>
      <trkpt lat="31.2264179997146129608154296875" lon="121.3766592554748058319091796875">
        <ele>10</ele>
        <time>2026-09-26T00:24:23.000Z</time>
        <extensions>
          <ns3:TrackPointExtension>
            <ns3:hr>124</ns3:hr>
            <ns3:cad>70</ns3:cad>
          </ns3:TrackPointExtension>
        </extensions>
      </trkpt>
      <trkpt lat="31.22640819288790225982666015625" lon="121.3766522146761417388916015625">
        <ele>10</ele>
        <time>2026-09-26T00:24:24.000Z</time>
        <extensions>
          <ns3:TrackPointExtension>
            <ns3:hr>124</ns3:hr>
            <ns3:cad>70</ns3:cad>
          </ns3:TrackPointExtension>
        </extensions>
      </trkpt>
      <trkpt lat="31.22639947570860385894775390625" lon="121.37664475478231906890869140625">
        <ele>10</ele>
        <time>2026-09-26T00:24:25.000Z</time>
        <extensions>
          <ns3:TrackPointExtension>
            <ns3:hr>123</ns3:hr>
            <ns3:cad>70</ns3:cad>
          </ns3:TrackPointExtension>
        </extensions>
      </trkpt>
      <trkpt lat="31.22639075852930545806884765625" lon="121.37663737870752811431884765625">
        <ele>9.80000019073486328125</ele>
        <time>2026-09-26T00:24:26.000Z</time>
        <extensions>
          <ns3:TrackPointExtension>
            <ns3:hr>123</ns3:hr>
            <ns3:cad>70</ns3:cad>
          </ns3:TrackPointExtension>
        </extensions>
      </trkpt>
      <trkpt lat="31.2263814546167850494384765625" lon="121.37663067318499088287353515625">
        <ele>10</ele>
        <time>2026-09-26T00:24:27.000Z</time>
        <extensions>
          <ns3:TrackPointExtension>
            <ns3:hr>122</ns3:hr>
            <ns3:cad>70</ns3:cad>
          </ns3:TrackPointExtension>
        </extensions>
      </trkpt>
      <trkpt lat="31.22637298889458179473876953125" lon="121.3766245543956756591796875">
        <ele>10</ele>
        <time>2026-09-26T00:24:28.000Z</time>
        <extensions>
          <ns3:TrackPointExtension>
            <ns3:hr>121</ns3:hr>
            <ns3:cad>17</ns3:cad>
          </ns3:TrackPointExtension>
        </extensions>
      </trkpt>
      <trkpt lat="31.22636510990560054779052734375" lon="121.37661826796829700469970703125">
        <ele>10</ele>
        <time>2026-09-26T00:24:29.000Z</time>
        <extensions>
          <ns3:TrackPointExtension>
            <ns3:hr>121</ns3:hr>
            <ns3:cad>0</ns3:cad>
          </ns3:TrackPointExtension>
        </extensions>
      </trkpt>
      <trkpt lat="31.22635706327855587005615234375" lon="121.37661139480769634246826171875">
        <ele>10</ele>
        <time>2026-09-26T00:24:30.000Z</time>
        <extensions>
          <ns3:TrackPointExtension>
            <ns3:hr>120</ns3:hr>
            <ns3:cad>0</ns3:cad>
          </ns3:TrackPointExtension>
        </extensions>
      </trkpt>
      <trkpt lat="31.226349435746669769287109375" lon="121.3766030967235565185546875">
        <ele>10</ele>
        <time>2026-09-26T00:24:31.000Z</time>
        <extensions>
          <ns3:TrackPointExtension>
            <ns3:hr>119</ns3:hr>
            <ns3:cad>0</ns3:cad>
          </ns3:TrackPointExtension>
        </extensions>
      </trkpt>
      <trkpt lat="31.2263439036905765533447265625" lon="121.376596055924892425537109375">
        <ele>10</ele>
        <time>2026-09-26T00:24:32.000Z</time>
        <extensions>
          <ns3:TrackPointExtension>
            <ns3:hr>119</ns3:hr>
            <ns3:cad>0</ns3:cad>
          </ns3:TrackPointExtension>
        </extensions>
      </trkpt>
      <trkpt lat="31.2263382039964199066162109375" lon="121.37658943422138690948486328125">
        <ele>10</ele>
        <time>2026-09-26T00:24:33.000Z</time>
        <extensions>
          <ns3:TrackPointExtension>
            <ns3:hr>118</ns3:hr>
            <ns3:cad>0</ns3:cad>
          </ns3:TrackPointExtension>
        </extensions>
      </trkpt>
      <trkpt lat="31.2263323366641998291015625" lon="121.3765824772417545318603515625">
        <ele>10</ele>
        <time>2026-09-26T00:24:34.000Z</time>
        <extensions>
          <ns3:TrackPointExtension>
            <ns3:hr>117</ns3:hr>
            <ns3:cad>0</ns3:cad>
          </ns3:TrackPointExtension>
        </extensions>
      </trkpt>
      <trkpt lat="31.226326636970043182373046875" lon="121.37657719664275646209716796875">
        <ele>10</ele>
        <time>2026-09-26T00:24:35.000Z</time>
        <extensions>
          <ns3:TrackPointExtension>
            <ns3:hr>116</ns3:hr>
            <ns3:cad>0</ns3:cad>
          </ns3:TrackPointExtension>
        </extensions>
      </trkpt>
      <trkpt lat="31.22632227838039398193359375" lon="121.37657434679567813873291015625">
        <ele>10</ele>
        <time>2026-09-26T00:24:36.000Z</time>
        <extensions>
          <ns3:TrackPointExtension>
            <ns3:hr>115</ns3:hr>
            <ns3:cad>47</ns3:cad>
          </ns3:TrackPointExtension>
        </extensions>
      </trkpt>
      <trkpt lat="31.2263194285333156585693359375" lon="121.37657149694859981536865234375">
        <ele>10</ele>
        <time>2026-09-26T00:24:37.000Z</time>
        <extensions>
          <ns3:TrackPointExtension>
            <ns3:hr>114</ns3:hr>
            <ns3:cad>47</ns3:cad>
          </ns3:TrackPointExtension>
        </extensions>
      </trkpt>
      <trkpt lat="31.22631951235234737396240234375" lon="121.37657158076763153076171875">
        <ele>10</ele>
        <time>2026-09-26T00:24:38.000Z</time>
        <extensions>
          <ns3:TrackPointExtension>
            <ns3:hr>114</ns3:hr>
            <ns3:cad>47</ns3:cad>
          </ns3:TrackPointExtension>
        </extensions>
      </trkpt>
      <trkpt lat="31.22631959617137908935546875" lon="121.37657267041504383087158203125">
        <ele>10</ele>
        <time>2026-09-26T00:24:39.000Z</time>
        <extensions>
          <ns3:TrackPointExtension>
            <ns3:hr>114</ns3:hr>
            <ns3:cad>47</ns3:cad>
          </ns3:TrackPointExtension>
        </extensions>
      </trkpt>
      <trkpt lat="31.22632135637104511260986328125" lon="121.37657401151955127716064453125">
        <ele>10.19999980926513671875</ele>
        <time>2026-09-26T00:24:40.000Z</time>
        <extensions>
          <ns3:TrackPointExtension>
            <ns3:hr>113</ns3:hr>
            <ns3:cad>47</ns3:cad>
          </ns3:TrackPointExtension>
        </extensions>
      </trkpt>
      <trkpt lat="31.22632169164717197418212890625" lon="121.37657451443374156951904296875">
        <ele>10.19999980926513671875</ele>
        <time>2026-09-26T00:24:41.000Z</time>
        <extensions>
          <ns3:TrackPointExtension>
            <ns3:hr>112</ns3:hr>
            <ns3:cad>0</ns3:cad>
          </ns3:TrackPointExtension>
        </extensions>
      </trkpt>
      <trkpt lat="31.22629000805318355560302734375" lon="121.37655238620936870574951171875">
        <ele>9.6000003814697265625</ele>
        <time>2026-09-26T00:25:49.000Z</time>
        <extensions>
          <ns3:TrackPointExtension>
            <ns3:hr>74</ns3:hr>
            <ns3:cad>0</ns3:cad>
          </ns3:TrackPointExtension>
        </extensions>
      </trkpt>
      <trkpt lat="31.22627575881779193878173828125" lon="121.3765472732484340667724609375">
        <ele>9.3999996185302734375</ele>
        <time>2026-09-26T00:25:50.000Z</time>
        <extensions>
          <ns3:TrackPointExtension>
            <ns3:hr>74</ns3:hr>
            <ns3:cad>0</ns3:cad>
          </ns3:TrackPointExtension>
        </extensions>
      </trkpt>
      <trkpt lat="31.22625882737338542938232421875" lon="121.3765412382781505584716796875">
        <ele>9.3999996185302734375</ele>
        <time>2026-09-26T00:25:51.000Z</time>
        <extensions>
          <ns3:TrackPointExtension>
            <ns3:hr>74</ns3:hr>
            <ns3:cad>0</ns3:cad>
          </ns3:TrackPointExtension>
        </extensions>
      </trkpt>
      <trkpt lat="31.2262386269867420196533203125" lon="121.3765331916511058807373046875">
        <ele>9.19999980926513671875</ele>
        <time>2026-09-26T00:25:52.000Z</time>
        <extensions>
          <ns3:TrackPointExtension>
            <ns3:hr>74</ns3:hr>
            <ns3:cad>0</ns3:cad>
          </ns3:TrackPointExtension>
        </extensions>
      </trkpt>
      <trkpt lat="31.2262178398668766021728515625" lon="121.37652355246245861053466796875">
        <ele>9.19999980926513671875</ele>
        <time>2026-09-26T00:25:53.000Z</time>
        <extensions>
          <ns3:TrackPointExtension>
            <ns3:hr>74</ns3:hr>
            <ns3:cad>0</ns3:cad>
          </ns3:TrackPointExtension>
        </extensions>
      </trkpt>
      <trkpt lat="31.2261973880231380462646484375" lon="121.37651450000703334808349609375">
        <ele>9.3999996185302734375</ele>
        <time>2026-09-26T00:25:54.000Z</time>
        <extensions>
          <ns3:TrackPointExtension>
            <ns3:hr>73</ns3:hr>
            <ns3:cad>0</ns3:cad>
          </ns3:TrackPointExtension>
        </extensions>
      </trkpt>
      <trkpt lat="31.22617634944617748260498046875" lon="121.376505196094512939453125">
        <ele>9.3999996185302734375</ele>
        <time>2026-09-26T00:25:55.000Z</time>
        <extensions>
          <ns3:TrackPointExtension>
            <ns3:hr>73</ns3:hr>
            <ns3:cad>80</ns3:cad>
          </ns3:TrackPointExtension>
        </extensions>
      </trkpt>
      <trkpt lat="31.22615505941212177276611328125" lon="121.3764976523816585540771484375">
        <ele>9.6000003814697265625</ele>
        <time>2026-09-26T00:25:56.000Z</time>
        <extensions>
          <ns3:TrackPointExtension>
            <ns3:hr>74</ns3:hr>
            <ns3:cad>81</ns3:cad>
          </ns3:TrackPointExtension>
        </extensions>
      </trkpt>
      <trkpt lat="31.226132847368717193603515625" lon="121.37648935429751873016357421875">
        <ele>9.6000003814697265625</ele>
        <time>2026-09-26T00:25:57.000Z</time>
        <extensions>
          <ns3:TrackPointExtension>
            <ns3:hr>75</ns3:hr>
            <ns3:cad>81</ns3:cad>
          </ns3:TrackPointExtension>
        </extensions>
      </trkpt>
      <trkpt lat="31.2261097133159637451171875" lon="121.37648030184209346771240234375">
        <ele>9.6000003814697265625</ele>
        <time>2026-09-26T00:25:58.000Z</time>
        <extensions>
          <ns3:TrackPointExtension>
            <ns3:hr>76</ns3:hr>
            <ns3:cad>81</ns3:cad>
          </ns3:TrackPointExtension>
        </extensions>
      </trkpt>
      <trkpt lat="31.22608683072030544281005859375" lon="121.3764704950153827667236328125">
        <ele>9.80000019073486328125</ele>
        <time>2026-09-26T00:25:59.000Z</time>
        <extensions>
          <ns3:TrackPointExtension>
            <ns3:hr>76</ns3:hr>
            <ns3:cad>80</ns3:cad>
          </ns3:TrackPointExtension>
        </extensions>
      </trkpt>
      <trkpt lat="31.2260652892291545867919921875" lon="121.37646052055060863494873046875">
        <ele>9.80000019073486328125</ele>
        <time>2026-09-26T00:26:00.000Z</time>
        <extensions>
          <ns3:TrackPointExtension>
            <ns3:hr>76</ns3:hr>
            <ns3:cad>80</ns3:cad>
          </ns3:TrackPointExtension>
        </extensions>
      </trkpt>
      <trkpt lat="31.22604475356638431549072265625" lon="121.3764507137238979339599609375">
        <ele>9.80000019073486328125</ele>
        <time>2026-09-26T00:26:01.000Z</time>
        <extensions>
          <ns3:TrackPointExtension>
            <ns3:hr>76</ns3:hr>
            <ns3:cad>80</ns3:cad>
          </ns3:TrackPointExtension>
        </extensions>
      </trkpt>
      <trkpt lat="31.22602312825620174407958984375" lon="121.37643872760236263275146484375">
        <ele>9.80000019073486328125</ele>
        <time>2026-09-26T00:26:02.000Z</time>
        <extensions>
          <ns3:TrackPointExtension>
            <ns3:hr>77</ns3:hr>
            <ns3:cad>79</ns3:cad>
          </ns3:TrackPointExtension>
        </extensions>
      </trkpt>
      <trkpt lat="31.22600334696471691131591796875" lon="121.37642598710954189300537109375">
        <ele>9.80000019073486328125</ele>
        <time>2026-09-26T00:26:03.000Z</time>
        <extensions>
          <ns3:TrackPointExtension>
            <ns3:hr>77</ns3:hr>
            <ns3:cad>79</ns3:cad>
          </ns3:TrackPointExtension>
        </extensions>
      </trkpt>
      <trkpt lat="31.2259861640632152557373046875" lon="121.37641794048249721527099609375">
        <ele>9.80000019073486328125</ele>
        <time>2026-09-26T00:26:04.000Z</time>
        <extensions>
          <ns3:TrackPointExtension>
            <ns3:hr>77</ns3:hr>
            <ns3:cad>79</ns3:cad>
          </ns3:TrackPointExtension>
        </extensions>
      </trkpt>
      <trkpt lat="31.225969232618808746337890625" lon="121.3764148391783237457275390625">
        <ele>9.80000019073486328125</ele>
        <time>2026-09-26T00:26:05.000Z</time>
        <extensions>
          <ns3:TrackPointExtension>
            <ns3:hr>78</ns3:hr>
            <ns3:cad>79</ns3:cad>
          </ns3:TrackPointExtension>
        </extensions>
      </trkpt>
      <trkpt lat="31.22595121152698993682861328125" lon="121.376415006816387176513671875">
        <ele>9.80000019073486328125</ele>
        <time>2026-09-26T00:26:06.000Z</time>
        <extensions>
          <ns3:TrackPointExtension>
            <ns3:hr>78</ns3:hr>
            <ns3:cad>79</ns3:cad>
          </ns3:TrackPointExtension>
        </extensions>
      </trkpt>
      <trkpt lat="31.22593243606388568878173828125" lon="121.3764145039021968841552734375">
        <ele>9.80000019073486328125</ele>
        <time>2026-09-26T00:26:07.000Z</time>
        <extensions>
          <ns3:TrackPointExtension>
            <ns3:hr>79</ns3:hr>
            <ns3:cad>78</ns3:cad>
          </ns3:TrackPointExtension>
        </extensions>
      </trkpt>
      <trkpt lat="31.225913576781749725341796875" lon="121.37641274370253086090087890625">
        <ele>9.80000019073486328125</ele>
        <time>2026-09-26T00:26:08.000Z</time>
        <extensions>
          <ns3:TrackPointExtension>
            <ns3:hr>79</ns3:hr>
            <ns3:cad>76</ns3:cad>
          </ns3:TrackPointExtension>
        </extensions>
      </trkpt>
      <trkpt lat="31.225896142423152923583984375" lon="121.37641006149351596832275390625">
        <ele>9.6000003814697265625</ele>
        <time>2026-09-26T00:26:09.000Z</time>
        <extensions>
          <ns3:TrackPointExtension>
            <ns3:hr>80</ns3:hr>
            <ns3:cad>75</ns3:cad>
          </ns3:TrackPointExtension>
        </extensions>
      </trkpt>
      <trkpt lat="31.225877366960048675537109375" lon="121.37640654109418392181396484375">
        <ele>9.6000003814697265625</ele>
        <time>2026-09-26T00:26:10.000Z</time>
        <extensions>
          <ns3:TrackPointExtension>
            <ns3:hr>80</ns3:hr>
            <ns3:cad>75</ns3:cad>
          </ns3:TrackPointExtension>
        </extensions>
      </trkpt>
      <trkpt lat="31.22585968114435672760009765625" lon="121.3764004223048686981201171875">
        <ele>9.6000003814697265625</ele>
        <time>2026-09-26T00:26:11.000Z</time>
        <extensions>
          <ns3:TrackPointExtension>
            <ns3:hr>81</ns3:hr>
            <ns3:cad>76</ns3:cad>
          </ns3:TrackPointExtension>
        </extensions>
      </trkpt>
      <trkpt lat="31.22583721764385700225830078125" lon="121.37639229185879230499267578125">
        <ele>9.3999996185302734375</ele>
        <time>2026-09-26T00:26:12.000Z</time>
        <extensions>
          <ns3:TrackPointExtension>
            <ns3:hr>81</ns3:hr>
            <ns3:cad>77</ns3:cad>
          </ns3:TrackPointExtension>
        </extensions>
      </trkpt>
      <trkpt lat="31.22581559233367443084716796875" lon="121.376384161412715911865234375">
        <ele>9.3999996185302734375</ele>
        <time>2026-09-26T00:26:13.000Z</time>
        <extensions>
          <ns3:TrackPointExtension>
            <ns3:hr>81</ns3:hr>
            <ns3:cad>77</ns3:cad>
          </ns3:TrackPointExtension>
        </extensions>
      </trkpt>
      <trkpt lat="31.22579656541347503662109375" lon="121.3763772882521152496337890625">
        <ele>9.3999996185302734375</ele>
        <time>2026-09-26T00:26:14.000Z</time>
        <extensions>
          <ns3:TrackPointExtension>
            <ns3:hr>81</ns3:hr>
            <ns3:cad>77</ns3:cad>
          </ns3:TrackPointExtension>
        </extensions>
      </trkpt>
      <trkpt lat="31.2257771193981170654296875" lon="121.37637016363441944122314453125">
        <ele>9.3999996185302734375</ele>
        <time>2026-09-26T00:26:15.000Z</time>
        <extensions>
          <ns3:TrackPointExtension>
            <ns3:hr>82</ns3:hr>
            <ns3:cad>77</ns3:cad>
          </ns3:TrackPointExtension>
        </extensions>
      </trkpt>
      <trkpt lat="31.22575842775404453277587890625" lon="121.37636412866413593292236328125">
        <ele>9.3999996185302734375</ele>
        <time>2026-09-26T00:26:16.000Z</time>
        <extensions>
          <ns3:TrackPointExtension>
            <ns3:hr>82</ns3:hr>
            <ns3:cad>77</ns3:cad>
          </ns3:TrackPointExtension>
        </extensions>
      </trkpt>
      <trkpt lat="31.22574049048125743865966796875" lon="121.3763554953038692474365234375">
        <ele>9.3999996185302734375</ele>
        <time>2026-09-26T00:26:17.000Z</time>
        <extensions>
          <ns3:TrackPointExtension>
            <ns3:hr>82</ns3:hr>
            <ns3:cad>78</ns3:cad>
          </ns3:TrackPointExtension>
        </extensions>
      </trkpt>
      <trkpt lat="31.2257229723036289215087890625" lon="121.3763461075723171234130859375">
        <ele>9.3999996185302734375</ele>
        <time>2026-09-26T00:26:18.000Z</time>
        <extensions>
          <ns3:TrackPointExtension>
            <ns3:hr>82</ns3:hr>
            <ns3:cad>78</ns3:cad>
          </ns3:TrackPointExtension>
        </extensions>
      </trkpt>
      <trkpt lat="31.22570428065955638885498046875" lon="121.37633596546947956085205078125">
        <ele>9.3999996185302734375</ele>
        <time>2026-09-26T00:26:19.000Z</time>
        <extensions>
          <ns3:TrackPointExtension>
            <ns3:hr>82</ns3:hr>
            <ns3:cad>78</ns3:cad>
          </ns3:TrackPointExtension>
        </extensions>
      </trkpt>
      <trkpt lat="31.2256847508251667022705078125" lon="121.37632607482373714447021484375">
        <ele>9.3999996185302734375</ele>
        <time>2026-09-26T00:26:20.000Z</time>
        <extensions>
          <ns3:TrackPointExtension>
            <ns3:hr>82</ns3:hr>
            <ns3:cad>78</ns3:cad>
          </ns3:TrackPointExtension>
        </extensions>
      </trkpt>
      <trkpt lat="31.22566656209528446197509765625" lon="121.37631651945412158966064453125">
        <ele>9.3999996185302734375</ele>
        <time>2026-09-26T00:26:21.000Z</time>
        <extensions>
          <ns3:TrackPointExtension>
            <ns3:hr>82</ns3:hr>
            <ns3:cad>78</ns3:cad>
          </ns3:TrackPointExtension>
        </extensions>
      </trkpt>
      <trkpt lat="31.2256471998989582061767578125" lon="121.37630897574126720428466796875">
        <ele>9.3999996185302734375</ele>
        <time>2026-09-26T00:26:22.000Z</time>
        <extensions>
          <ns3:TrackPointExtension>
            <ns3:hr>82</ns3:hr>
            <ns3:cad>78</ns3:cad>
          </ns3:TrackPointExtension>
        </extensions>
      </trkpt>
      <trkpt lat="31.22562666423618793487548828125" lon="121.37630260549485683441162109375">
        <ele>9.3999996185302734375</ele>
        <time>2026-09-26T00:26:23.000Z</time>
        <extensions>
          <ns3:TrackPointExtension>
            <ns3:hr>83</ns3:hr>
            <ns3:cad>79</ns3:cad>
          </ns3:TrackPointExtension>
        </extensions>
      </trkpt>
      <trkpt lat="31.22560822404921054840087890625" lon="121.37629573233425617218017578125">
        <ele>9.19999980926513671875</ele>
        <time>2026-09-26T00:26:24.000Z</time>
        <extensions>
          <ns3:TrackPointExtension>
            <ns3:hr>83</ns3:hr>
            <ns3:cad>79</ns3:cad>
          </ns3:TrackPointExtension>
        </extensions>
      </trkpt>
      <trkpt lat="31.22558844275772571563720703125" lon="121.37628936208784580230712890625">
        <ele>9</ele>
        <time>2026-09-26T00:26:25.000Z</time>
        <extensions>
          <ns3:TrackPointExtension>
            <ns3:hr>83</ns3:hr>
            <ns3:cad>79</ns3:cad>
          </ns3:TrackPointExtension>
        </extensions>
      </trkpt>
      <trkpt lat="31.225567571818828582763671875" lon="121.37628315947949886322021484375">
        <ele>8.80000019073486328125</ele>
        <time>2026-09-26T00:26:26.000Z</time>
        <extensions>
          <ns3:TrackPointExtension>
            <ns3:hr>84</ns3:hr>
            <ns3:cad>79</ns3:cad>
          </ns3:TrackPointExtension>
        </extensions>
      </trkpt>
      <trkpt lat="31.2255472876131534576416015625" lon="121.37627628631889820098876953125">
        <ele>8.80000019073486328125</ele>
        <time>2026-09-26T00:26:27.000Z</time>
        <extensions>
          <ns3:TrackPointExtension>
            <ns3:hr>85</ns3:hr>
            <ns3:cad>79</ns3:cad>
          </ns3:TrackPointExtension>
        </extensions>
      </trkpt>
      <trkpt lat="31.22552759014070034027099609375" lon="121.37627075426280498504638671875">
        <ele>8.6000003814697265625</ele>
        <time>2026-09-26T00:26:28.000Z</time>
        <extensions>
          <ns3:TrackPointExtension>
            <ns3:hr>91</ns3:hr>
            <ns3:cad>79</ns3:cad>
          </ns3:TrackPointExtension>
        </extensions>
      </trkpt>
      <trkpt lat="31.2255067192018032073974609375" lon="121.37626354582607746124267578125">
        <ele>8.6000003814697265625</ele>
        <time>2026-09-26T00:26:29.000Z</time>
        <extensions>
          <ns3:TrackPointExtension>
            <ns3:hr>98</ns3:hr>
            <ns3:cad>79</ns3:cad>
          </ns3:TrackPointExtension>
        </extensions>
      </trkpt>
      <trkpt lat="31.225485764443874359130859375" lon="121.37625633738934993743896484375">
        <ele>8.80000019073486328125</ele>
        <time>2026-09-26T00:26:30.000Z</time>
        <extensions>
          <ns3:TrackPointExtension>
            <ns3:hr>101</ns3:hr>
            <ns3:cad>79</ns3:cad>
          </ns3:TrackPointExtension>
        </extensions>
      </trkpt>
      <trkpt lat="31.22546640224754810333251953125" lon="121.37624996714293956756591796875">
        <ele>8.80000019073486328125</ele>
        <time>2026-09-26T00:26:31.000Z</time>
        <extensions>
          <ns3:TrackPointExtension>
            <ns3:hr>102</ns3:hr>
            <ns3:cad>79</ns3:cad>
          </ns3:TrackPointExtension>
        </extensions>
      </trkpt>
      <trkpt lat="31.2254473753273487091064453125" lon="121.37624309398233890533447265625">
        <ele>8.80000019073486328125</ele>
        <time>2026-09-26T00:26:32.000Z</time>
        <extensions>
          <ns3:TrackPointExtension>
            <ns3:hr>102</ns3:hr>
            <ns3:cad>79</ns3:cad>
          </ns3:TrackPointExtension>
        </extensions>
      </trkpt>
      <trkpt lat="31.2254296056926250457763671875" lon="121.37623672373592853546142578125">
        <ele>8.80000019073486328125</ele>
        <time>2026-09-26T00:26:33.000Z</time>
        <extensions>
          <ns3:TrackPointExtension>
            <ns3:hr>102</ns3:hr>
            <ns3:cad>79</ns3:cad>
          </ns3:TrackPointExtension>
        </extensions>
      </trkpt>
      <trkpt lat="31.22541166841983795166015625" lon="121.3762294314801692962646484375">
        <ele>8.80000019073486328125</ele>
        <time>2026-09-26T00:26:34.000Z</time>
        <extensions>
          <ns3:TrackPointExtension>
            <ns3:hr>103</ns3:hr>
            <ns3:cad>79</ns3:cad>
          </ns3:TrackPointExtension>
        </extensions>
      </trkpt>
      <trkpt lat="31.225390546023845672607421875" lon="121.37622230686247348785400390625">
        <ele>8.80000019073486328125</ele>
        <time>2026-09-26T00:26:35.000Z</time>
        <extensions>
          <ns3:TrackPointExtension>
            <ns3:hr>102</ns3:hr>
            <ns3:cad>79</ns3:cad>
          </ns3:TrackPointExtension>
        </extensions>
      </trkpt>
      <trkpt lat="31.2253702618181705474853515625" lon="121.3762141764163970947265625">
        <ele>8.6000003814697265625</ele>
        <time>2026-09-26T00:26:36.000Z</time>
        <extensions>
          <ns3:TrackPointExtension>
            <ns3:hr>102</ns3:hr>
            <ns3:cad>79</ns3:cad>
          </ns3:TrackPointExtension>
        </extensions>
      </trkpt>
      <trkpt lat="31.2253508158028125762939453125" lon="121.37620705179870128631591796875">
        <ele>8.6000003814697265625</ele>
        <time>2026-09-26T00:26:37.000Z</time>
        <extensions>
          <ns3:TrackPointExtension>
            <ns3:hr>103</ns3:hr>
            <ns3:cad>79</ns3:cad>
          </ns3:TrackPointExtension>
        </extensions>
      </trkpt>
      <trkpt lat="31.225332878530025482177734375" lon="121.3762005977332592010498046875">
        <ele>8.6000003814697265625</ele>
        <time>2026-09-26T00:26:38.000Z</time>
        <extensions>
          <ns3:TrackPointExtension>
            <ns3:hr>102</ns3:hr>
            <ns3:cad>79</ns3:cad>
          </ns3:TrackPointExtension>
        </extensions>
      </trkpt>
      <trkpt lat="31.2253157794475555419921875" lon="121.3761938922107219696044921875">
        <ele>8.6000003814697265625</ele>
        <time>2026-09-26T00:26:39.000Z</time>
        <extensions>
          <ns3:TrackPointExtension>
            <ns3:hr>102</ns3:hr>
            <ns3:cad>79</ns3:cad>
          </ns3:TrackPointExtension>
        </extensions>
      </trkpt>
      <trkpt lat="31.225296668708324432373046875" lon="121.3761873543262481689453125">
        <ele>8.6000003814697265625</ele>
        <time>2026-09-26T00:26:40.000Z</time>
        <extensions>
          <ns3:TrackPointExtension>
            <ns3:hr>103</ns3:hr>
            <ns3:cad>79</ns3:cad>
          </ns3:TrackPointExtension>
        </extensions>
      </trkpt>
      <trkpt lat="31.22527847997844219207763671875" lon="121.37618090026080608367919921875">
        <ele>8.6000003814697265625</ele>
        <time>2026-09-26T00:26:41.000Z</time>
        <extensions>
          <ns3:TrackPointExtension>
            <ns3:hr>103</ns3:hr>
            <ns3:cad>80</ns3:cad>
          </ns3:TrackPointExtension>
        </extensions>
      </trkpt>
      <trkpt lat="31.225257106125354766845703125" lon="121.376176290214061737060546875">
        <ele>8.80000019073486328125</ele>
        <time>2026-09-26T00:26:42.000Z</time>
        <extensions>
          <ns3:TrackPointExtension>
            <ns3:hr>104</ns3:hr>
            <ns3:cad>80</ns3:cad>
          </ns3:TrackPointExtension>
        </extensions>
      </trkpt>
      <trkpt lat="31.22523606754839420318603515625" lon="121.37617050670087337493896484375">
        <ele>8.6000003814697265625</ele>
        <time>2026-09-26T00:26:43.000Z</time>
        <extensions>
          <ns3:TrackPointExtension>
            <ns3:hr>108</ns3:hr>
            <ns3:cad>79</ns3:cad>
          </ns3:TrackPointExtension>
        </extensions>
      </trkpt>
      <trkpt lat="31.2252130173146724700927734375" lon="121.376164220273494720458984375">
        <ele>8.6000003814697265625</ele>
        <time>2026-09-26T00:26:44.000Z</time>
        <extensions>
          <ns3:TrackPointExtension>
            <ns3:hr>109</ns3:hr>
            <ns3:cad>79</ns3:cad>
          </ns3:TrackPointExtension>
        </extensions>
      </trkpt>
      <trkpt lat="31.2251918949186801910400390625" lon="121.37615726329386234283447265625">
        <ele>8.6000003814697265625</ele>
        <time>2026-09-26T00:26:45.000Z</time>
        <extensions>
          <ns3:TrackPointExtension>
            <ns3:hr>110</ns3:hr>
            <ns3:cad>79</ns3:cad>
          </ns3:TrackPointExtension>
        </extensions>
      </trkpt>
      <trkpt lat="31.2251701019704341888427734375" lon="121.37614955194294452667236328125">
        <ele>8.3999996185302734375</ele>
        <time>2026-09-26T00:26:46.000Z</time>
        <extensions>
          <ns3:TrackPointExtension>
            <ns3:hr>110</ns3:hr>
            <ns3:cad>78</ns3:cad>
          </ns3:TrackPointExtension>
        </extensions>
      </trkpt>
      <trkpt lat="31.22514721937477588653564453125" lon="121.37614083476364612579345703125">
        <ele>8.3999996185302734375</ele>
        <time>2026-09-26T00:26:47.000Z</time>
        <extensions>
          <ns3:TrackPointExtension>
            <ns3:hr>110</ns3:hr>
            <ns3:cad>77</ns3:cad>
          </ns3:TrackPointExtension>
        </extensions>
      </trkpt>
      <trkpt lat="31.22512542642652988433837890625" lon="121.3761318661272525787353515625">
        <ele>8.3999996185302734375</ele>
        <time>2026-09-26T00:26:48.000Z</time>
        <extensions>
          <ns3:TrackPointExtension>
            <ns3:hr>110</ns3:hr>
            <ns3:cad>76</ns3:cad>
          </ns3:TrackPointExtension>
        </extensions>
      </trkpt>
      <trkpt lat="31.22510480694472789764404296875" lon="121.37612407095730304718017578125">
        <ele>8.6000003814697265625</ele>
        <time>2026-09-26T00:26:49.000Z</time>
        <extensions>
          <ns3:TrackPointExtension>
            <ns3:hr>111</ns3:hr>
            <ns3:cad>76</ns3:cad>
          </ns3:TrackPointExtension>
        </extensions>
      </trkpt>
      <trkpt lat="31.22508552856743335723876953125" lon="121.37611753307282924652099609375">
        <ele>8.6000003814697265625</ele>
        <time>2026-09-26T00:26:50.000Z</time>
        <extensions>
          <ns3:TrackPointExtension>
            <ns3:hr>111</ns3:hr>
            <ns3:cad>76</ns3:cad>
          </ns3:TrackPointExtension>
        </extensions>
      </trkpt>
      <trkpt lat="31.225066669285297393798828125" lon="121.37611099518835544586181640625">
        <ele>8.6000003814697265625</ele>
        <time>2026-09-26T00:26:51.000Z</time>
        <extensions>
          <ns3:TrackPointExtension>
            <ns3:hr>111</ns3:hr>
            <ns3:cad>76</ns3:cad>
          </ns3:TrackPointExtension>
        </extensions>
      </trkpt>
      <trkpt lat="31.22504864819347858428955078125" lon="121.376103200018405914306640625">
        <ele>8.6000003814697265625</ele>
        <time>2026-09-26T00:26:52.000Z</time>
        <extensions>
          <ns3:TrackPointExtension>
            <ns3:hr>112</ns3:hr>
            <ns3:cad>78</ns3:cad>
          </ns3:TrackPointExtension>
        </extensions>
      </trkpt>
      <trkpt lat="31.22503071092069149017333984375" lon="121.37609574012458324432373046875">
        <ele>8.3999996185302734375</ele>
        <time>2026-09-26T00:26:53.000Z</time>
        <extensions>
          <ns3:TrackPointExtension>
            <ns3:hr>112</ns3:hr>
            <ns3:cad>78</ns3:cad>
          </ns3:TrackPointExtension>
        </extensions>
      </trkpt>
      <trkpt lat="31.22501361183822154998779296875" lon="121.376087777316570281982421875">
        <ele>8.3999996185302734375</ele>
        <time>2026-09-26T00:26:54.000Z</time>
        <extensions>
          <ns3:TrackPointExtension>
            <ns3:hr>112</ns3:hr>
            <ns3:cad>78</ns3:cad>
          </ns3:TrackPointExtension>
        </extensions>
      </trkpt>
      <trkpt lat="31.22499458491802215576171875" lon="121.37607880868017673492431640625">
        <ele>8.19999980926513671875</ele>
        <time>2026-09-26T00:26:55.000Z</time>
        <extensions>
          <ns3:TrackPointExtension>
            <ns3:hr>113</ns3:hr>
            <ns3:cad>79</ns3:cad>
          </ns3:TrackPointExtension>
        </extensions>
      </trkpt>
      <trkpt lat="31.2249753065407276153564453125" lon="121.376070342957973480224609375">
        <ele>8.19999980926513671875</ele>
        <time>2026-09-26T00:26:56.000Z</time>
        <extensions>
          <ns3:TrackPointExtension>
            <ns3:hr>113</ns3:hr>
            <ns3:cad>79</ns3:cad>
          </ns3:TrackPointExtension>
        </extensions>
      </trkpt>
      <trkpt lat="31.224956698715686798095703125" lon="121.37606187723577022552490234375">
        <ele>8</ele>
        <time>2026-09-26T00:26:57.000Z</time>
        <extensions>
          <ns3:TrackPointExtension>
            <ns3:hr>114</ns3:hr>
            <ns3:cad>79</ns3:cad>
          </ns3:TrackPointExtension>
        </extensions>
      </trkpt>
      <trkpt lat="31.22493683360517024993896484375" lon="121.37605257332324981689453125">
        <ele>8.19999980926513671875</ele>
        <time>2026-09-26T00:26:58.000Z</time>
        <extensions>
          <ns3:TrackPointExtension>
            <ns3:hr>114</ns3:hr>
            <ns3:cad>77</ns3:cad>
          </ns3:TrackPointExtension>
        </extensions>
      </trkpt>
      <trkpt lat="31.22491671703755855560302734375" lon="121.376042850315570831298828125">
        <ele>8.19999980926513671875</ele>
        <time>2026-09-26T00:26:59.000Z</time>
        <extensions>
          <ns3:TrackPointExtension>
            <ns3:hr>114</ns3:hr>
            <ns3:cad>76</ns3:cad>
          </ns3:TrackPointExtension>
        </extensions>
      </trkpt>
      <trkpt lat="31.22489668428897857666015625" lon="121.37603337876498699188232421875">
        <ele>8.19999980926513671875</ele>
        <time>2026-09-26T00:27:00.000Z</time>
        <extensions>
          <ns3:TrackPointExtension>
            <ns3:hr>114</ns3:hr>
            <ns3:cad>77</ns3:cad>
          </ns3:TrackPointExtension>
        </extensions>
      </trkpt>
      <trkpt lat="31.224876902997493743896484375" lon="121.3760245777666568756103515625">
        <ele>8.3999996185302734375</ele>
        <time>2026-09-26T00:27:01.000Z</time>
        <extensions>
          <ns3:TrackPointExtension>
            <ns3:hr>114</ns3:hr>
            <ns3:cad>77</ns3:cad>
          </ns3:TrackPointExtension>
        </extensions>
      </trkpt>
      <trkpt lat="31.2248579598963260650634765625" lon="121.37601644732058048248291015625">
        <ele>8.3999996185302734375</ele>
        <time>2026-09-26T00:27:02.000Z</time>
        <extensions>
          <ns3:TrackPointExtension>
            <ns3:hr>114</ns3:hr>
            <ns3:cad>78</ns3:cad>
          </ns3:TrackPointExtension>
        </extensions>
      </trkpt>
      <trkpt lat="31.22483893297612667083740234375" lon="121.3760084845125675201416015625">
        <ele>8.3999996185302734375</ele>
        <time>2026-09-26T00:27:03.000Z</time>
        <extensions>
          <ns3:TrackPointExtension>
            <ns3:hr>114</ns3:hr>
            <ns3:cad>78</ns3:cad>
          </ns3:TrackPointExtension>
        </extensions>
      </trkpt>
      <trkpt lat="31.22481982223689556121826171875" lon="121.37599951587617397308349609375">
        <ele>8.3999996185302734375</ele>
        <time>2026-09-26T00:27:04.000Z</time>
        <extensions>
          <ns3:TrackPointExtension>
            <ns3:hr>114</ns3:hr>
            <ns3:cad>78</ns3:cad>
          </ns3:TrackPointExtension>
        </extensions>
      </trkpt>
      <trkpt lat="31.22479987330734729766845703125" lon="121.37598962523043155670166015625">
        <ele>8.3999996185302734375</ele>
        <time>2026-09-26T00:27:05.000Z</time>
        <extensions>
          <ns3:TrackPointExtension>
            <ns3:hr>114</ns3:hr>
            <ns3:cad>79</ns3:cad>
          </ns3:TrackPointExtension>
        </extensions>
      </trkpt>
      <trkpt lat="31.2247795052826404571533203125" lon="121.37597939930856227874755859375">
        <ele>8.3999996185302734375</ele>
        <time>2026-09-26T00:27:06.000Z</time>
        <extensions>
          <ns3:TrackPointExtension>
            <ns3:hr>114</ns3:hr>
            <ns3:cad>79</ns3:cad>
          </ns3:TrackPointExtension>
        </extensions>
      </trkpt>
      <trkpt lat="31.224759556353092193603515625" lon="121.3759699277579784393310546875">
        <ele>8.19999980926513671875</ele>
        <time>2026-09-26T00:27:07.000Z</time>
        <extensions>
          <ns3:TrackPointExtension>
            <ns3:hr>114</ns3:hr>
            <ns3:cad>80</ns3:cad>
          </ns3:TrackPointExtension>
        </extensions>
      </trkpt>
      <trkpt lat="31.2247402779757976531982421875" lon="121.3759608753025531768798828125">
        <ele>8.19999980926513671875</ele>
        <time>2026-09-26T00:27:08.000Z</time>
        <extensions>
          <ns3:TrackPointExtension>
            <ns3:hr>114</ns3:hr>
            <ns3:cad>80</ns3:cad>
          </ns3:TrackPointExtension>
        </extensions>
      </trkpt>
      <trkpt lat="31.224720664322376251220703125" lon="121.3759528286755084991455078125">
        <ele>8.19999980926513671875</ele>
        <time>2026-09-26T00:27:09.000Z</time>
        <extensions>
          <ns3:TrackPointExtension>
            <ns3:hr>114</ns3:hr>
            <ns3:cad>80</ns3:cad>
          </ns3:TrackPointExtension>
        </extensions>
      </trkpt>
      <trkpt lat="31.22470130212604999542236328125" lon="121.37594469822943210601806640625">
        <ele>8.19999980926513671875</ele>
        <time>2026-09-26T00:27:10.000Z</time>
        <extensions>
          <ns3:TrackPointExtension>
            <ns3:hr>114</ns3:hr>
            <ns3:cad>80</ns3:cad>
          </ns3:TrackPointExtension>
        </extensions>
      </trkpt>
      <trkpt lat="31.22468252666294574737548828125" lon="121.375936232507228851318359375">
        <ele>8.19999980926513671875</ele>
        <time>2026-09-26T00:27:11.000Z</time>
        <extensions>
          <ns3:TrackPointExtension>
            <ns3:hr>115</ns3:hr>
            <ns3:cad>80</ns3:cad>
          </ns3:TrackPointExtension>
        </extensions>
      </trkpt>
      <trkpt lat="31.2246624939143657684326171875" lon="121.37592642568051815032958984375">
        <ele>8.19999980926513671875</ele>
        <time>2026-09-26T00:27:12.000Z</time>
        <extensions>
          <ns3:TrackPointExtension>
            <ns3:hr>114</ns3:hr>
            <ns3:cad>80</ns3:cad>
          </ns3:TrackPointExtension>
        </extensions>
      </trkpt>
      <trkpt lat="31.22464296407997608184814453125" lon="121.3759172894060611724853515625">
        <ele>8.19999980926513671875</ele>
        <time>2026-09-26T00:27:13.000Z</time>
        <extensions>
          <ns3:TrackPointExtension>
            <ns3:hr>114</ns3:hr>
            <ns3:cad>80</ns3:cad>
          </ns3:TrackPointExtension>
        </extensions>
      </trkpt>
      <trkpt lat="31.22462284751236438751220703125" lon="121.37590848840773105621337890625">
        <ele>8.19999980926513671875</ele>
        <time>2026-09-26T00:27:14.000Z</time>
        <extensions>
          <ns3:TrackPointExtension>
            <ns3:hr>114</ns3:hr>
            <ns3:cad>80</ns3:cad>
          </ns3:TrackPointExtension>
        </extensions>
      </trkpt>
      <trkpt lat="31.2246031500399112701416015625" lon="121.37589968740940093994140625">
        <ele>8.19999980926513671875</ele>
        <time>2026-09-26T00:27:15.000Z</time>
        <extensions>
          <ns3:TrackPointExtension>
            <ns3:hr>115</ns3:hr>
            <ns3:cad>79</ns3:cad>
          </ns3:TrackPointExtension>
        </extensions>
      </trkpt>
      <trkpt lat="31.2245830334722995758056640625" lon="121.375889964401721954345703125">
        <ele>8.19999980926513671875</ele>
        <time>2026-09-26T00:27:16.000Z</time>
        <extensions>
          <ns3:TrackPointExtension>
            <ns3:hr>114</ns3:hr>
            <ns3:cad>79</ns3:cad>
          </ns3:TrackPointExtension>
        </extensions>
      </trkpt>
      <trkpt lat="31.22456367127597332000732421875" lon="121.3758800737559795379638671875">
        <ele>8.19999980926513671875</ele>
        <time>2026-09-26T00:27:17.000Z</time>
        <extensions>
          <ns3:TrackPointExtension>
            <ns3:hr>115</ns3:hr>
            <ns3:cad>79</ns3:cad>
          </ns3:TrackPointExtension>
        </extensions>
      </trkpt>
      <trkpt lat="31.22454523108899593353271484375" lon="121.3758706860244274139404296875">
        <ele>8</ele>
        <time>2026-09-26T00:27:18.000Z</time>
        <extensions>
          <ns3:TrackPointExtension>
            <ns3:hr>115</ns3:hr>
            <ns3:cad>79</ns3:cad>
          </ns3:TrackPointExtension>
        </extensions>
      </trkpt>
      <trkpt lat="31.2245270423591136932373046875" lon="121.37586104683578014373779296875">
        <ele>8</ele>
        <time>2026-09-26T00:27:19.000Z</time>
        <extensions>
          <ns3:TrackPointExtension>
            <ns3:hr>116</ns3:hr>
            <ns3:cad>79</ns3:cad>
          </ns3:TrackPointExtension>
        </extensions>
      </trkpt>
      <trkpt lat="31.2245072610676288604736328125" lon="121.375851072371006011962890625">
        <ele>8</ele>
        <time>2026-09-26T00:27:20.000Z</time>
        <extensions>
          <ns3:TrackPointExtension>
            <ns3:hr>116</ns3:hr>
            <ns3:cad>79</ns3:cad>
          </ns3:TrackPointExtension>
        </extensions>
      </trkpt>
      <trkpt lat="31.22448974289000034332275390625" lon="121.3758421875536441802978515625">
        <ele>8</ele>
        <time>2026-09-26T00:27:21.000Z</time>
        <extensions>
          <ns3:TrackPointExtension>
            <ns3:hr>116</ns3:hr>
            <ns3:cad>79</ns3:cad>
          </ns3:TrackPointExtension>
        </extensions>
      </trkpt>
      <trkpt lat="31.22447096742689609527587890625" lon="121.375834308564662933349609375">
        <ele>8</ele>
        <time>2026-09-26T00:27:22.000Z</time>
        <extensions>
          <ns3:TrackPointExtension>
            <ns3:hr>116</ns3:hr>
            <ns3:cad>79</ns3:cad>
          </ns3:TrackPointExtension>
        </extensions>
      </trkpt>
      <trkpt lat="31.22445168904960155487060546875" lon="121.375827603042125701904296875">
        <ele>8</ele>
        <time>2026-09-26T00:27:23.000Z</time>
        <extensions>
          <ns3:TrackPointExtension>
            <ns3:hr>116</ns3:hr>
            <ns3:cad>79</ns3:cad>
          </ns3:TrackPointExtension>
        </extensions>
      </trkpt>
      <trkpt lat="31.224432326853275299072265625" lon="121.3758214004337787628173828125">
        <ele>8</ele>
        <time>2026-09-26T00:27:24.000Z</time>
        <extensions>
          <ns3:TrackPointExtension>
            <ns3:hr>116</ns3:hr>
            <ns3:cad>80</ns3:cad>
          </ns3:TrackPointExtension>
        </extensions>
      </trkpt>
      <trkpt lat="31.2244120426476001739501953125" lon="121.37581544928252696990966796875">
        <ele>7.80000019073486328125</ele>
        <time>2026-09-26T00:27:25.000Z</time>
        <extensions>
          <ns3:TrackPointExtension>
            <ns3:hr>116</ns3:hr>
            <ns3:cad>80</ns3:cad>
          </ns3:TrackPointExtension>
        </extensions>
      </trkpt>
      <trkpt lat="31.22439167462289333343505859375" lon="121.37581075541675090789794921875">
        <ele>8</ele>
        <time>2026-09-26T00:27:26.000Z</time>
        <extensions>
          <ns3:TrackPointExtension>
            <ns3:hr>116</ns3:hr>
            <ns3:cad>80</ns3:cad>
          </ns3:TrackPointExtension>
        </extensions>
      </trkpt>
      <trkpt lat="31.22437172569334506988525390625" lon="121.3758049719035625457763671875">
        <ele>8</ele>
        <time>2026-09-26T00:27:27.000Z</time>
        <extensions>
          <ns3:TrackPointExtension>
            <ns3:hr>117</ns3:hr>
            <ns3:cad>80</ns3:cad>
          </ns3:TrackPointExtension>
        </extensions>
      </trkpt>
      <trkpt lat="31.22435211203992366790771484375" lon="121.37579767964780330657958984375">
        <ele>8</ele>
        <time>2026-09-26T00:27:28.000Z</time>
        <extensions>
          <ns3:TrackPointExtension>
            <ns3:hr>117</ns3:hr>
            <ns3:cad>80</ns3:cad>
          </ns3:TrackPointExtension>
        </extensions>
      </trkpt>
      <trkpt lat="31.2243325822055339813232421875" lon="121.37579063884913921356201171875">
        <ele>8</ele>
        <time>2026-09-26T00:27:29.000Z</time>
        <extensions>
          <ns3:TrackPointExtension>
            <ns3:hr>116</ns3:hr>
            <ns3:cad>80</ns3:cad>
          </ns3:TrackPointExtension>
        </extensions>
      </trkpt>
      <trkpt lat="31.2243138067424297332763671875" lon="121.375783346593379974365234375">
        <ele>8</ele>
        <time>2026-09-26T00:27:30.000Z</time>
        <extensions>
          <ns3:TrackPointExtension>
            <ns3:hr>116</ns3:hr>
            <ns3:cad>80</ns3:cad>
          </ns3:TrackPointExtension>
        </extensions>
      </trkpt>
      <trkpt lat="31.2242950312793254852294921875" lon="121.37577555142343044281005859375">
        <ele>8</ele>
        <time>2026-09-26T00:27:31.000Z</time>
        <extensions>
          <ns3:TrackPointExtension>
            <ns3:hr>116</ns3:hr>
            <ns3:cad>80</ns3:cad>
          </ns3:TrackPointExtension>
        </extensions>
      </trkpt>
      <trkpt lat="31.2242772616446018218994140625" lon="121.3757680915296077728271484375">
        <ele>8.19999980926513671875</ele>
        <time>2026-09-26T00:27:32.000Z</time>
        <extensions>
          <ns3:TrackPointExtension>
            <ns3:hr>117</ns3:hr>
            <ns3:cad>80</ns3:cad>
          </ns3:TrackPointExtension>
        </extensions>
      </trkpt>
      <trkpt lat="31.22426007874310016632080078125" lon="121.3757600449025630950927734375">
        <ele>8.19999980926513671875</ele>
        <time>2026-09-26T00:27:33.000Z</time>
        <extensions>
          <ns3:TrackPointExtension>
            <ns3:hr>117</ns3:hr>
            <ns3:cad>80</ns3:cad>
          </ns3:TrackPointExtension>
        </extensions>
      </trkpt>
      <trkpt lat="31.224243231117725372314453125" lon="121.37575157918035984039306640625">
        <ele>8.19999980926513671875</ele>
        <time>2026-09-26T00:27:34.000Z</time>
        <extensions>
          <ns3:TrackPointExtension>
            <ns3:hr>117</ns3:hr>
            <ns3:cad>79</ns3:cad>
          </ns3:TrackPointExtension>
        </extensions>
      </trkpt>
      <trkpt lat="31.22422403655946254730224609375" lon="121.37574302963912487030029296875">
        <ele>8.19999980926513671875</ele>
        <time>2026-09-26T00:27:35.000Z</time>
        <extensions>
          <ns3:TrackPointExtension>
            <ns3:hr>118</ns3:hr>
            <ns3:cad>79</ns3:cad>
          </ns3:TrackPointExtension>
        </extensions>
      </trkpt>
      <trkpt lat="31.2242045067250728607177734375" lon="121.3757352344691753387451171875">
        <ele>8.19999980926513671875</ele>
        <time>2026-09-26T00:27:36.000Z</time>
        <extensions>
          <ns3:TrackPointExtension>
            <ns3:hr>118</ns3:hr>
            <ns3:cad>79</ns3:cad>
          </ns3:TrackPointExtension>
        </extensions>
      </trkpt>
      <trkpt lat="31.22418447397649288177490234375" lon="121.375726349651813507080078125">
        <ele>8.19999980926513671875</ele>
        <time>2026-09-26T00:27:37.000Z</time>
        <extensions>
          <ns3:TrackPointExtension>
            <ns3:hr>118</ns3:hr>
            <ns3:cad>79</ns3:cad>
          </ns3:TrackPointExtension>
        </extensions>
      </trkpt>
      <trkpt lat="31.2241651117801666259765625" lon="121.375718303024768829345703125">
        <ele>8.3999996185302734375</ele>
        <time>2026-09-26T00:27:38.000Z</time>
        <extensions>
          <ns3:TrackPointExtension>
            <ns3:hr>118</ns3:hr>
            <ns3:cad>80</ns3:cad>
          </ns3:TrackPointExtension>
        </extensions>
      </trkpt>
      <trkpt lat="31.22414432466030120849609375" lon="121.3757094182074069976806640625">
        <ele>8.3999996185302734375</ele>
        <time>2026-09-26T00:27:39.000Z</time>
        <extensions>
          <ns3:TrackPointExtension>
            <ns3:hr>118</ns3:hr>
            <ns3:cad>80</ns3:cad>
          </ns3:TrackPointExtension>
        </extensions>
      </trkpt>
      <trkpt lat="31.224123872816562652587890625" lon="121.37569986283779144287109375">
        <ele>8.3999996185302734375</ele>
        <time>2026-09-26T00:27:40.000Z</time>
        <extensions>
          <ns3:TrackPointExtension>
            <ns3:hr>118</ns3:hr>
            <ns3:cad>80</ns3:cad>
          </ns3:TrackPointExtension>
        </extensions>
      </trkpt>
      <trkpt lat="31.22410384006798267364501953125" lon="121.37569106183946132659912109375">
        <ele>8.3999996185302734375</ele>
        <time>2026-09-26T00:27:41.000Z</time>
        <extensions>
          <ns3:TrackPointExtension>
            <ns3:hr>118</ns3:hr>
            <ns3:cad>80</ns3:cad>
          </ns3:TrackPointExtension>
        </extensions>
      </trkpt>
      <trkpt lat="31.2240838073194026947021484375" lon="121.3756829313933849334716796875">
        <ele>8.3999996185302734375</ele>
        <time>2026-09-26T00:27:42.000Z</time>
        <extensions>
          <ns3:TrackPointExtension>
            <ns3:hr>118</ns3:hr>
            <ns3:cad>79</ns3:cad>
          </ns3:TrackPointExtension>
        </extensions>
      </trkpt>
      <trkpt lat="31.22406360693275928497314453125" lon="121.37567329220473766326904296875">
        <ele>8.3999996185302734375</ele>
        <time>2026-09-26T00:27:43.000Z</time>
        <extensions>
          <ns3:TrackPointExtension>
            <ns3:hr>118</ns3:hr>
            <ns3:cad>79</ns3:cad>
          </ns3:TrackPointExtension>
        </extensions>
      </trkpt>
      <trkpt lat="31.2240444123744964599609375" lon="121.375663988292217254638671875">
        <ele>8.3999996185302734375</ele>
        <time>2026-09-26T00:27:44.000Z</time>
        <extensions>
          <ns3:TrackPointExtension>
            <ns3:hr>118</ns3:hr>
            <ns3:cad>78</ns3:cad>
          </ns3:TrackPointExtension>
        </extensions>
      </trkpt>
      <trkpt lat="31.2240251339972019195556640625" lon="121.3756544329226016998291015625">
        <ele>8.3999996185302734375</ele>
        <time>2026-09-26T00:27:45.000Z</time>
        <extensions>
          <ns3:TrackPointExtension>
            <ns3:hr>118</ns3:hr>
            <ns3:cad>78</ns3:cad>
          </ns3:TrackPointExtension>
        </extensions>
      </trkpt>
      <trkpt lat="31.22400627471506595611572265625" lon="121.3756443746387958526611328125">
        <ele>8.3999996185302734375</ele>
        <time>2026-09-26T00:27:46.000Z</time>
        <extensions>
          <ns3:TrackPointExtension>
            <ns3:hr>118</ns3:hr>
            <ns3:cad>78</ns3:cad>
          </ns3:TrackPointExtension>
        </extensions>
      </trkpt>
      <trkpt lat="31.22398766689002513885498046875" lon="121.37563473545014858245849609375">
        <ele>8.3999996185302734375</ele>
        <time>2026-09-26T00:27:47.000Z</time>
        <extensions>
          <ns3:TrackPointExtension>
            <ns3:hr>118</ns3:hr>
            <ns3:cad>78</ns3:cad>
          </ns3:TrackPointExtension>
        </extensions>
      </trkpt>
      <trkpt lat="31.22396905906498432159423828125" lon="121.37562551535665988922119140625">
        <ele>8.3999996185302734375</ele>
        <time>2026-09-26T00:27:48.000Z</time>
        <extensions>
          <ns3:TrackPointExtension>
            <ns3:hr>118</ns3:hr>
            <ns3:cad>78</ns3:cad>
          </ns3:TrackPointExtension>
        </extensions>
      </trkpt>
      <trkpt lat="31.2239476852118968963623046875" lon="121.37561629526317119598388671875">
        <ele>8.3999996185302734375</ele>
        <time>2026-09-26T00:27:49.000Z</time>
        <extensions>
          <ns3:TrackPointExtension>
            <ns3:hr>118</ns3:hr>
            <ns3:cad>79</ns3:cad>
          </ns3:TrackPointExtension>
        </extensions>
      </trkpt>
      <trkpt lat="31.22392631135880947113037109375" lon="121.3756081648170948028564453125">
        <ele>8.3999996185302734375</ele>
        <time>2026-09-26T00:27:50.000Z</time>
        <extensions>
          <ns3:TrackPointExtension>
            <ns3:hr>118</ns3:hr>
            <ns3:cad>79</ns3:cad>
          </ns3:TrackPointExtension>
        </extensions>
      </trkpt>
      <trkpt lat="31.22390451841056346893310546875" lon="121.3756001181900501251220703125">
        <ele>8.3999996185302734375</ele>
        <time>2026-09-26T00:27:51.000Z</time>
        <extensions>
          <ns3:TrackPointExtension>
            <ns3:hr>119</ns3:hr>
            <ns3:cad>79</ns3:cad>
          </ns3:TrackPointExtension>
        </extensions>
      </trkpt>
      <trkpt lat="31.22388641349971294403076171875" lon="121.37559332884848117828369140625">
        <ele>8.3999996185302734375</ele>
        <time>2026-09-26T00:27:52.000Z</time>
        <extensions>
          <ns3:TrackPointExtension>
            <ns3:hr>118</ns3:hr>
            <ns3:cad>79</ns3:cad>
          </ns3:TrackPointExtension>
        </extensions>
      </trkpt>
      <trkpt lat="31.22386797331273555755615234375" lon="121.3755853660404682159423828125">
        <ele>8.3999996185302734375</ele>
        <time>2026-09-26T00:27:53.000Z</time>
        <extensions>
          <ns3:TrackPointExtension>
            <ns3:hr>118</ns3:hr>
            <ns3:cad>80</ns3:cad>
          </ns3:TrackPointExtension>
        </extensions>
      </trkpt>
      <trkpt lat="31.22384768910706043243408203125" lon="121.3755783252418041229248046875">
        <ele>8.3999996185302734375</ele>
        <time>2026-09-26T00:27:54.000Z</time>
        <extensions>
          <ns3:TrackPointExtension>
            <ns3:hr>118</ns3:hr>
            <ns3:cad>80</ns3:cad>
          </ns3:TrackPointExtension>
        </extensions>
      </trkpt>
      <trkpt lat="31.22382790781557559967041015625" lon="121.37557036243379116058349609375">
        <ele>8.19999980926513671875</ele>
        <time>2026-09-26T00:27:55.000Z</time>
        <extensions>
          <ns3:TrackPointExtension>
            <ns3:hr>119</ns3:hr>
            <ns3:cad>80</ns3:cad>
          </ns3:TrackPointExtension>
        </extensions>
      </trkpt>
      <trkpt lat="31.22380795888602733612060546875" lon="121.37556315399706363677978515625">
        <ele>8.19999980926513671875</ele>
        <time>2026-09-26T00:27:56.000Z</time>
        <extensions>
          <ns3:TrackPointExtension>
            <ns3:hr>119</ns3:hr>
            <ns3:cad>80</ns3:cad>
          </ns3:TrackPointExtension>
        </extensions>
      </trkpt>
      <trkpt lat="31.22378817759454250335693359375" lon="121.375556029379367828369140625">
        <ele>8.19999980926513671875</ele>
        <time>2026-09-26T00:27:57.000Z</time>
        <extensions>
          <ns3:TrackPointExtension>
            <ns3:hr>120</ns3:hr>
            <ns3:cad>80</ns3:cad>
          </ns3:TrackPointExtension>
        </extensions>
      </trkpt>
      <trkpt lat="31.2237689830362796783447265625" lon="121.37554890476167201995849609375">
        <ele>8.19999980926513671875</ele>
        <time>2026-09-26T00:27:58.000Z</time>
        <extensions>
          <ns3:TrackPointExtension>
            <ns3:hr>120</ns3:hr>
            <ns3:cad>79</ns3:cad>
          </ns3:TrackPointExtension>
        </extensions>
      </trkpt>
      <trkpt lat="31.22374911792576313018798828125" lon="121.37554027140140533447265625">
        <ele>8</ele>
        <time>2026-09-26T00:27:59.000Z</time>
        <extensions>
          <ns3:TrackPointExtension>
            <ns3:hr>120</ns3:hr>
            <ns3:cad>79</ns3:cad>
          </ns3:TrackPointExtension>
        </extensions>
      </trkpt>
      <trkpt lat="31.2237300910055637359619140625" lon="121.37553197331726551055908203125">
        <ele>8</ele>
        <time>2026-09-26T00:28:00.000Z</time>
        <extensions>
          <ns3:TrackPointExtension>
            <ns3:hr>121</ns3:hr>
            <ns3:cad>80</ns3:cad>
          </ns3:TrackPointExtension>
        </extensions>
      </trkpt>
      <trkpt lat="31.22371156699955463409423828125" lon="121.37552258558571338653564453125">
        <ele>8</ele>
        <time>2026-09-26T00:28:01.000Z</time>
        <extensions>
          <ns3:TrackPointExtension>
            <ns3:hr>120</ns3:hr>
            <ns3:cad>80</ns3:cad>
          </ns3:TrackPointExtension>
        </extensions>
      </trkpt>
      <trkpt lat="31.223693378269672393798828125" lon="121.37551303021609783172607421875">
        <ele>8</ele>
        <time>2026-09-26T00:28:02.000Z</time>
        <extensions>
          <ns3:TrackPointExtension>
            <ns3:hr>120</ns3:hr>
            <ns3:cad>80</ns3:cad>
          </ns3:TrackPointExtension>
        </extensions>
      </trkpt>
      <trkpt lat="31.22367535717785358428955078125" lon="121.37550481595098972320556640625">
        <ele>8</ele>
        <time>2026-09-26T00:28:03.000Z</time>
        <extensions>
          <ns3:TrackPointExtension>
            <ns3:hr>120</ns3:hr>
            <ns3:cad>79</ns3:cad>
          </ns3:TrackPointExtension>
        </extensions>
      </trkpt>
      <trkpt lat="31.2236576713621616363525390625" lon="121.37549643404781818389892578125">
        <ele>7.80000019073486328125</ele>
        <time>2026-09-26T00:28:04.000Z</time>
        <extensions>
          <ns3:TrackPointExtension>
            <ns3:hr>120</ns3:hr>
            <ns3:cad>79</ns3:cad>
          </ns3:TrackPointExtension>
        </extensions>
      </trkpt>
      <trkpt lat="31.2236393988132476806640625" lon="121.375486962497234344482421875">
        <ele>7.80000019073486328125</ele>
        <time>2026-09-26T00:28:05.000Z</time>
        <extensions>
          <ns3:TrackPointExtension>
            <ns3:hr>120</ns3:hr>
            <ns3:cad>79</ns3:cad>
          </ns3:TrackPointExtension>
        </extensions>
      </trkpt>
      <trkpt lat="31.22362121008336544036865234375" lon="121.37547782622277736663818359375">
        <ele>7.80000019073486328125</ele>
        <time>2026-09-26T00:28:06.000Z</time>
        <extensions>
          <ns3:TrackPointExtension>
            <ns3:hr>120</ns3:hr>
            <ns3:cad>79</ns3:cad>
          </ns3:TrackPointExtension>
        </extensions>
      </trkpt>
      <trkpt lat="31.22360251843929290771484375" lon="121.37546760030090808868408203125">
        <ele>7.80000019073486328125</ele>
        <time>2026-09-26T00:28:07.000Z</time>
        <extensions>
          <ns3:TrackPointExtension>
            <ns3:hr>121</ns3:hr>
            <ns3:cad>79</ns3:cad>
          </ns3:TrackPointExtension>
        </extensions>
      </trkpt>
      <trkpt lat="31.22358315624296665191650390625" lon="121.37545787729322910308837890625">
        <ele>7.80000019073486328125</ele>
        <time>2026-09-26T00:28:08.000Z</time>
        <extensions>
          <ns3:TrackPointExtension>
            <ns3:hr>121</ns3:hr>
            <ns3:cad>79</ns3:cad>
          </ns3:TrackPointExtension>
        </extensions>
      </trkpt>
      <trkpt lat="31.22356371022760868072509765625" lon="121.37544848956167697906494140625">
        <ele>7.80000019073486328125</ele>
        <time>2026-09-26T00:28:09.000Z</time>
        <extensions>
          <ns3:TrackPointExtension>
            <ns3:hr>122</ns3:hr>
            <ns3:cad>79</ns3:cad>
          </ns3:TrackPointExtension>
        </extensions>
      </trkpt>
      <trkpt lat="31.223545186221599578857421875" lon="121.37543926946818828582763671875">
        <ele>7.80000019073486328125</ele>
        <time>2026-09-26T00:28:10.000Z</time>
        <extensions>
          <ns3:TrackPointExtension>
            <ns3:hr>122</ns3:hr>
            <ns3:cad>79</ns3:cad>
          </ns3:TrackPointExtension>
        </extensions>
      </trkpt>
      <trkpt lat="31.22352783568203449249267578125" lon="121.3754309713840484619140625">
        <ele>7.599999904632568359375</ele>
        <time>2026-09-26T00:28:11.000Z</time>
        <extensions>
          <ns3:TrackPointExtension>
            <ns3:hr>122</ns3:hr>
            <ns3:cad>79</ns3:cad>
          </ns3:TrackPointExtension>
        </extensions>
      </trkpt>
      <trkpt lat="31.22350989840924739837646484375" lon="121.37542225420475006103515625">
        <ele>7.80000019073486328125</ele>
        <time>2026-09-26T00:28:12.000Z</time>
        <extensions>
          <ns3:TrackPointExtension>
            <ns3:hr>122</ns3:hr>
            <ns3:cad>79</ns3:cad>
          </ns3:TrackPointExtension>
        </extensions>
      </trkpt>
      <trkpt lat="31.2234920449554920196533203125" lon="121.37541462667286396026611328125">
        <ele>7.80000019073486328125</ele>
        <time>2026-09-26T00:28:13.000Z</time>
        <extensions>
          <ns3:TrackPointExtension>
            <ns3:hr>123</ns3:hr>
            <ns3:cad>79</ns3:cad>
          </ns3:TrackPointExtension>
        </extensions>
      </trkpt>
      <trkpt lat="31.22347352094948291778564453125" lon="121.375407837331295013427734375">
        <ele>7.80000019073486328125</ele>
        <time>2026-09-26T00:28:14.000Z</time>
        <extensions>
          <ns3:TrackPointExtension>
            <ns3:hr>123</ns3:hr>
            <ns3:cad>79</ns3:cad>
          </ns3:TrackPointExtension>
        </extensions>
      </trkpt>
      <trkpt lat="31.22345541603863239288330078125" lon="121.37540121562778949737548828125">
        <ele>7.80000019073486328125</ele>
        <time>2026-09-26T00:28:15.000Z</time>
        <extensions>
          <ns3:TrackPointExtension>
            <ns3:hr>123</ns3:hr>
            <ns3:cad>79</ns3:cad>
          </ns3:TrackPointExtension>
        </extensions>
      </trkpt>
      <trkpt lat="31.22343865223228931427001953125" lon="121.37539534829556941986083984375">
        <ele>8</ele>
        <time>2026-09-26T00:28:16.000Z</time>
        <extensions>
          <ns3:TrackPointExtension>
            <ns3:hr>123</ns3:hr>
            <ns3:cad>79</ns3:cad>
          </ns3:TrackPointExtension>
        </extensions>
      </trkpt>
      <trkpt lat="31.22342306189239025115966796875" lon="121.37538964860141277313232421875">
        <ele>8</ele>
        <time>2026-09-26T00:28:17.000Z</time>
        <extensions>
          <ns3:TrackPointExtension>
            <ns3:hr>123</ns3:hr>
            <ns3:cad>79</ns3:cad>
          </ns3:TrackPointExtension>
        </extensions>
      </trkpt>
      <trkpt lat="31.22340981848537921905517578125" lon="121.3753828592598438262939453125">
        <ele>8</ele>
        <time>2026-09-26T00:28:18.000Z</time>
        <extensions>
          <ns3:TrackPointExtension>
            <ns3:hr>122</ns3:hr>
            <ns3:cad>79</ns3:cad>
          </ns3:TrackPointExtension>
        </extensions>
      </trkpt>
      <trkpt lat="31.22339774854481220245361328125" lon="121.37537623755633831024169921875">
        <ele>8</ele>
        <time>2026-09-26T00:28:19.000Z</time>
        <extensions>
          <ns3:TrackPointExtension>
            <ns3:hr>122</ns3:hr>
            <ns3:cad>79</ns3:cad>
          </ns3:TrackPointExtension>
        </extensions>
      </trkpt>
      <trkpt lat="31.22338618151843547821044921875" lon="121.37536995112895965576171875">
        <ele>8</ele>
        <time>2026-09-26T00:28:20.000Z</time>
        <extensions>
          <ns3:TrackPointExtension>
            <ns3:hr>122</ns3:hr>
            <ns3:cad>78</ns3:cad>
          </ns3:TrackPointExtension>
        </extensions>
      </trkpt>
      <trkpt lat="31.22337612323462963104248046875" lon="121.37536383233964443206787109375">
        <ele>8</ele>
        <time>2026-09-26T00:28:21.000Z</time>
        <extensions>
          <ns3:TrackPointExtension>
            <ns3:hr>122</ns3:hr>
            <ns3:cad>78</ns3:cad>
          </ns3:TrackPointExtension>
        </extensions>
      </trkpt>
      <trkpt lat="31.2233663164079189300537109375" lon="121.37535662390291690826416015625">
        <ele>8</ele>
        <time>2026-09-26T00:28:22.000Z</time>
        <extensions>
          <ns3:TrackPointExtension>
            <ns3:hr>122</ns3:hr>
            <ns3:cad>78</ns3:cad>
          </ns3:TrackPointExtension>
        </extensions>
      </trkpt>
      <trkpt lat="31.2233575992286205291748046875" lon="121.37534983456134796142578125">
        <ele>8</ele>
        <time>2026-09-26T00:28:23.000Z</time>
        <extensions>
          <ns3:TrackPointExtension>
            <ns3:hr>122</ns3:hr>
            <ns3:cad>78</ns3:cad>
          </ns3:TrackPointExtension>
        </extensions>
      </trkpt>
      <trkpt lat="31.2233485467731952667236328125" lon="121.3753424584865570068359375">
        <ele>8.19999980926513671875</ele>
        <time>2026-09-26T00:28:24.000Z</time>
        <extensions>
          <ns3:TrackPointExtension>
            <ns3:hr>122</ns3:hr>
            <ns3:cad>0</ns3:cad>
          </ns3:TrackPointExtension>
        </extensions>
      </trkpt>
      <trkpt lat="31.22333890758454799652099609375" lon="121.3753342442214488983154296875">
        <ele>8.19999980926513671875</ele>
        <time>2026-09-26T00:28:25.000Z</time>
        <extensions>
          <ns3:TrackPointExtension>
            <ns3:hr>122</ns3:hr>
            <ns3:cad>0</ns3:cad>
          </ns3:TrackPointExtension>
        </extensions>
      </trkpt>
      <trkpt lat="31.22332901693880558013916015625" lon="121.37532644905149936676025390625">
        <ele>8.3999996185302734375</ele>
        <time>2026-09-26T00:28:26.000Z</time>
        <extensions>
          <ns3:TrackPointExtension>
            <ns3:hr>122</ns3:hr>
            <ns3:cad>0</ns3:cad>
          </ns3:TrackPointExtension>
        </extensions>
      </trkpt>
      <trkpt lat="31.223320551216602325439453125" lon="121.375318653881549835205078125">
        <ele>8.3999996185302734375</ele>
        <time>2026-09-26T00:28:27.000Z</time>
        <extensions>
          <ns3:TrackPointExtension>
            <ns3:hr>121</ns3:hr>
            <ns3:cad>0</ns3:cad>
          </ns3:TrackPointExtension>
        </extensions>
      </trkpt>
      <trkpt lat="31.2233133427798748016357421875" lon="121.37531152926385402679443359375">
        <ele>8.3999996185302734375</ele>
        <time>2026-09-26T00:28:28.000Z</time>
        <extensions>
          <ns3:TrackPointExtension>
            <ns3:hr>121</ns3:hr>
            <ns3:cad>54</ns3:cad>
          </ns3:TrackPointExtension>
        </extensions>
      </trkpt>
      <trkpt lat="31.22330856509506702423095703125" lon="121.37530448846518993377685546875">
        <ele>8.6000003814697265625</ele>
        <time>2026-09-26T00:28:29.000Z</time>
        <extensions>
          <ns3:TrackPointExtension>
            <ns3:hr>121</ns3:hr>
            <ns3:cad>54</ns3:cad>
          </ns3:TrackPointExtension>
        </extensions>
      </trkpt>
      <trkpt lat="31.2233032844960689544677734375" lon="121.3752983696758747100830078125">
        <ele>8.6000003814697265625</ele>
        <time>2026-09-26T00:28:30.000Z</time>
        <extensions>
          <ns3:TrackPointExtension>
            <ns3:hr>122</ns3:hr>
            <ns3:cad>54</ns3:cad>
          </ns3:TrackPointExtension>
        </extensions>
      </trkpt>
      <trkpt lat="31.22329833917319774627685546875" lon="121.3752913288772106170654296875">
        <ele>8.6000003814697265625</ele>
        <time>2026-09-26T00:28:31.000Z</time>
        <extensions>
          <ns3:TrackPointExtension>
            <ns3:hr>122</ns3:hr>
            <ns3:cad>54</ns3:cad>
          </ns3:TrackPointExtension>
        </extensions>
      </trkpt>
      <trkpt lat="31.223292052745819091796875" lon="121.37528588064014911651611328125">
        <ele>8.6000003814697265625</ele>
        <time>2026-09-26T00:28:32.000Z</time>
        <extensions>
          <ns3:TrackPointExtension>
            <ns3:hr>122</ns3:hr>
            <ns3:cad>53</ns3:cad>
          </ns3:TrackPointExtension>
        </extensions>
      </trkpt>
      <trkpt lat="31.2232881970703601837158203125" lon="121.37528252787888050079345703125">
        <ele>8.6000003814697265625</ele>
        <time>2026-09-26T00:28:33.000Z</time>
        <extensions>
          <ns3:TrackPointExtension>
            <ns3:hr>121</ns3:hr>
            <ns3:cad>53</ns3:cad>
          </ns3:TrackPointExtension>
        </extensions>
      </trkpt>
      <trkpt lat="31.22328610159456729888916015625" lon="121.37528068386018276214599609375">
        <ele>8.80000019073486328125</ele>
        <time>2026-09-26T00:28:34.000Z</time>
        <extensions>
          <ns3:TrackPointExtension>
            <ns3:hr>120</ns3:hr>
            <ns3:cad>53</ns3:cad>
          </ns3:TrackPointExtension>
        </extensions>
      </trkpt>
      <trkpt lat="31.2232853472232818603515625" lon="121.3752792589366436004638671875">
        <ele>9</ele>
        <time>2026-09-26T00:28:35.000Z</time>
        <extensions>
          <ns3:TrackPointExtension>
            <ns3:hr>118</ns3:hr>
            <ns3:cad>48</ns3:cad>
          </ns3:TrackPointExtension>
        </extensions>
      </trkpt>
      <trkpt lat="31.22324486263096332550048828125" lon="121.37527246959507465362548828125">
        <ele>10.19999980926513671875</ele>
        <time>2026-09-26T00:29:57.000Z</time>
        <extensions>
          <ns3:TrackPointExtension>
            <ns3:hr>82</ns3:hr>
            <ns3:cad>0</ns3:cad>
          </ns3:TrackPointExtension>
        </extensions>
      </trkpt>
      <trkpt lat="31.22322659008204936981201171875" lon="121.37527196668088436126708984375">
        <ele>10.3999996185302734375</ele>
        <time>2026-09-26T00:29:58.000Z</time>
        <extensions>
          <ns3:TrackPointExtension>
            <ns3:hr>83</ns3:hr>
            <ns3:cad>0</ns3:cad>
          </ns3:TrackPointExtension>
        </extensions>
      </trkpt>
      <trkpt lat="31.223205886781215667724609375" lon="121.37527179904282093048095703125">
        <ele>10.3999996185302734375</ele>
        <time>2026-09-26T00:29:59.000Z</time>
        <extensions>
          <ns3:TrackPointExtension>
            <ns3:hr>82</ns3:hr>
            <ns3:cad>0</ns3:cad>
          </ns3:TrackPointExtension>
        </extensions>
      </trkpt>
      <trkpt lat="31.223186440765857696533203125" lon="121.3752727210521697998046875">
        <ele>10.3999996185302734375</ele>
        <time>2026-09-26T00:30:00.000Z</time>
        <extensions>
          <ns3:TrackPointExtension>
            <ns3:hr>82</ns3:hr>
            <ns3:cad>0</ns3:cad>
          </ns3:TrackPointExtension>
        </extensions>
      </trkpt>
      <trkpt lat="31.22316800057888031005859375" lon="121.37527498416602611541748046875">
        <ele>10.6000003814697265625</ele>
        <time>2026-09-26T00:30:01.000Z</time>
        <extensions>
          <ns3:TrackPointExtension>
            <ns3:hr>82</ns3:hr>
            <ns3:cad>0</ns3:cad>
          </ns3:TrackPointExtension>
        </extensions>
      </trkpt>
      <trkpt lat="31.22315199114382266998291015625" lon="121.375278420746326446533203125">
        <ele>10.6000003814697265625</ele>
        <time>2026-09-26T00:30:02.000Z</time>
        <extensions>
          <ns3:TrackPointExtension>
            <ns3:hr>82</ns3:hr>
            <ns3:cad>0</ns3:cad>
          </ns3:TrackPointExtension>
        </extensions>
      </trkpt>
      <trkpt lat="31.2231359817087650299072265625" lon="121.37527733109891414642333984375">
        <ele>10.6000003814697265625</ele>
        <time>2026-09-26T00:30:03.000Z</time>
        <extensions>
          <ns3:TrackPointExtension>
            <ns3:hr>82</ns3:hr>
            <ns3:cad>79</ns3:cad>
          </ns3:TrackPointExtension>
        </extensions>
      </trkpt>
      <trkpt lat="31.2231229059398174285888671875" lon="121.37527414597570896148681640625">
        <ele>10.6000003814697265625</ele>
        <time>2026-09-26T00:30:04.000Z</time>
        <extensions>
          <ns3:TrackPointExtension>
            <ns3:hr>83</ns3:hr>
            <ns3:cad>79</ns3:cad>
          </ns3:TrackPointExtension>
        </extensions>
      </trkpt>
      <trkpt lat="31.22310907579958438873291015625" lon="121.37526878155767917633056640625">
        <ele>10.6000003814697265625</ele>
        <time>2026-09-26T00:30:05.000Z</time>
        <extensions>
          <ns3:TrackPointExtension>
            <ns3:hr>84</ns3:hr>
            <ns3:cad>81</ns3:cad>
          </ns3:TrackPointExtension>
        </extensions>
      </trkpt>
      <trkpt lat="31.22309683822095394134521484375" lon="121.3752591423690319061279296875">
        <ele>10.6000003814697265625</ele>
        <time>2026-09-26T00:30:06.000Z</time>
        <extensions>
          <ns3:TrackPointExtension>
            <ns3:hr>85</ns3:hr>
            <ns3:cad>81</ns3:cad>
          </ns3:TrackPointExtension>
        </extensions>
      </trkpt>
      <trkpt lat="31.22308560647070407867431640625" lon="121.37524799443781375885009765625">
        <ele>10.6000003814697265625</ele>
        <time>2026-09-26T00:30:07.000Z</time>
        <extensions>
          <ns3:TrackPointExtension>
            <ns3:hr>84</ns3:hr>
            <ns3:cad>81</ns3:cad>
          </ns3:TrackPointExtension>
        </extensions>
      </trkpt>
      <trkpt lat="31.2230742909014225006103515625" lon="121.3752366788685321807861328125">
        <ele>10.80000019073486328125</ele>
        <time>2026-09-26T00:30:08.000Z</time>
        <extensions>
          <ns3:TrackPointExtension>
            <ns3:hr>84</ns3:hr>
            <ns3:cad>81</ns3:cad>
          </ns3:TrackPointExtension>
        </extensions>
      </trkpt>
      <trkpt lat="31.22306205332279205322265625" lon="121.37522536329925060272216796875">
        <ele>10.80000019073486328125</ele>
        <time>2026-09-26T00:30:09.000Z</time>
        <extensions>
          <ns3:TrackPointExtension>
            <ns3:hr>84</ns3:hr>
            <ns3:cad>81</ns3:cad>
          </ns3:TrackPointExtension>
        </extensions>
      </trkpt>
      <trkpt lat="31.22304671443998813629150390625" lon="121.37521572411060333251953125">
        <ele>10.80000019073486328125</ele>
        <time>2026-09-26T00:30:10.000Z</time>
        <extensions>
          <ns3:TrackPointExtension>
            <ns3:hr>84</ns3:hr>
            <ns3:cad>59</ns3:cad>
          </ns3:TrackPointExtension>
        </extensions>
      </trkpt>
      <trkpt lat="31.22303028590977191925048828125" lon="121.37520767748355865478515625">
        <ele>10.80000019073486328125</ele>
        <time>2026-09-26T00:30:11.000Z</time>
        <extensions>
          <ns3:TrackPointExtension>
            <ns3:hr>84</ns3:hr>
            <ns3:cad>56</ns3:cad>
          </ns3:TrackPointExtension>
        </extensions>
      </trkpt>
      <trkpt lat="31.22301377356052398681640625" lon="121.37520088814198970794677734375">
        <ele>10.80000019073486328125</ele>
        <time>2026-09-26T00:30:12.000Z</time>
        <extensions>
          <ns3:TrackPointExtension>
            <ns3:hr>84</ns3:hr>
            <ns3:cad>56</ns3:cad>
          </ns3:TrackPointExtension>
        </extensions>
      </trkpt>
      <trkpt lat="31.22299742884933948516845703125" lon="121.3751954399049282073974609375">
        <ele>10.80000019073486328125</ele>
        <time>2026-09-26T00:30:13.000Z</time>
        <extensions>
          <ns3:TrackPointExtension>
            <ns3:hr>85</ns3:hr>
            <ns3:cad>56</ns3:cad>
          </ns3:TrackPointExtension>
        </extensions>
      </trkpt>
      <trkpt lat="31.222980916500091552734375" lon="121.37519217096269130706787109375">
        <ele>10.80000019073486328125</ele>
        <time>2026-09-26T00:30:14.000Z</time>
        <extensions>
          <ns3:TrackPointExtension>
            <ns3:hr>85</ns3:hr>
            <ns3:cad>79</ns3:cad>
          </ns3:TrackPointExtension>
        </extensions>
      </trkpt>
      <trkpt lat="31.2229634821414947509765625" lon="121.37518680654466152191162109375">
        <ele>11</ele>
        <time>2026-09-26T00:30:15.000Z</time>
        <extensions>
          <ns3:TrackPointExtension>
            <ns3:hr>86</ns3:hr>
            <ns3:cad>79</ns3:cad>
          </ns3:TrackPointExtension>
        </extensions>
      </trkpt>
      <trkpt lat="31.2229468859732151031494140625" lon="121.37518093921244144439697265625">
        <ele>10.80000019073486328125</ele>
        <time>2026-09-26T00:30:16.000Z</time>
        <extensions>
          <ns3:TrackPointExtension>
            <ns3:hr>86</ns3:hr>
            <ns3:cad>77</ns3:cad>
          </ns3:TrackPointExtension>
        </extensions>
      </trkpt>
      <trkpt lat="31.22292869724333286285400390625" lon="121.37517683207988739013671875">
        <ele>11</ele>
        <time>2026-09-26T00:30:17.000Z</time>
        <extensions>
          <ns3:TrackPointExtension>
            <ns3:hr>86</ns3:hr>
            <ns3:cad>77</ns3:cad>
          </ns3:TrackPointExtension>
        </extensions>
      </trkpt>
      <trkpt lat="31.22291109524667263031005859375" lon="121.37517171911895275115966796875">
        <ele>11</ele>
        <time>2026-09-26T00:30:18.000Z</time>
        <extensions>
          <ns3:TrackPointExtension>
            <ns3:hr>86</ns3:hr>
            <ns3:cad>77</ns3:cad>
          </ns3:TrackPointExtension>
        </extensions>
      </trkpt>
      <trkpt lat="31.2228939123451709747314453125" lon="121.3751679472625255584716796875">
        <ele>11</ele>
        <time>2026-09-26T00:30:19.000Z</time>
        <extensions>
          <ns3:TrackPointExtension>
            <ns3:hr>85</ns3:hr>
            <ns3:cad>77</ns3:cad>
          </ns3:TrackPointExtension>
        </extensions>
      </trkpt>
      <trkpt lat="31.222877986729145050048828125" lon="121.37516534887254238128662109375">
        <ele>11</ele>
        <time>2026-09-26T00:30:20.000Z</time>
        <extensions>
          <ns3:TrackPointExtension>
            <ns3:hr>86</ns3:hr>
            <ns3:cad>76</ns3:cad>
          </ns3:TrackPointExtension>
        </extensions>
      </trkpt>
      <trkpt lat="31.222862899303436279296875" lon="121.3751659356057643890380859375">
        <ele>11</ele>
        <time>2026-09-26T00:30:21.000Z</time>
        <extensions>
          <ns3:TrackPointExtension>
            <ns3:hr>86</ns3:hr>
            <ns3:cad>76</ns3:cad>
          </ns3:TrackPointExtension>
        </extensions>
      </trkpt>
      <trkpt lat="31.2228508293628692626953125" lon="121.375171802937984466552734375">
        <ele>11</ele>
        <time>2026-09-26T00:30:22.000Z</time>
        <extensions>
          <ns3:TrackPointExtension>
            <ns3:hr>86</ns3:hr>
            <ns3:cad>75</ns3:cad>
          </ns3:TrackPointExtension>
        </extensions>
      </trkpt>
      <trkpt lat="31.22284404002130031585693359375" lon="121.375186555087566375732421875">
        <ele>11</ele>
        <time>2026-09-26T00:30:23.000Z</time>
        <extensions>
          <ns3:TrackPointExtension>
            <ns3:hr>86</ns3:hr>
            <ns3:cad>75</ns3:cad>
          </ns3:TrackPointExtension>
        </extensions>
      </trkpt>
      <trkpt lat="31.222841106355190277099609375" lon="121.3752068392932415008544921875">
        <ele>11.19999980926513671875</ele>
        <time>2026-09-26T00:30:24.000Z</time>
        <extensions>
          <ns3:TrackPointExtension>
            <ns3:hr>87</ns3:hr>
            <ns3:cad>77</ns3:cad>
          </ns3:TrackPointExtension>
        </extensions>
      </trkpt>
      <trkpt lat="31.2228389270603656768798828125" lon="121.375228464603424072265625">
        <ele>11.19999980926513671875</ele>
        <time>2026-09-26T00:30:25.000Z</time>
        <extensions>
          <ns3:TrackPointExtension>
            <ns3:hr>87</ns3:hr>
            <ns3:cad>77</ns3:cad>
          </ns3:TrackPointExtension>
        </extensions>
      </trkpt>
      <trkpt lat="31.22283683158457279205322265625" lon="121.3752497546374797821044921875">
        <ele>11.19999980926513671875</ele>
        <time>2026-09-26T00:30:26.000Z</time>
        <extensions>
          <ns3:TrackPointExtension>
            <ns3:hr>87</ns3:hr>
            <ns3:cad>77</ns3:cad>
          </ns3:TrackPointExtension>
        </extensions>
      </trkpt>
      <trkpt lat="31.22283582575619220733642578125" lon="121.3752728886902332305908203125">
        <ele>11.19999980926513671875</ele>
        <time>2026-09-26T00:30:27.000Z</time>
        <extensions>
          <ns3:TrackPointExtension>
            <ns3:hr>87</ns3:hr>
            <ns3:cad>76</ns3:cad>
          </ns3:TrackPointExtension>
        </extensions>
      </trkpt>
      <trkpt lat="31.22283406555652618408203125" lon="121.37529476545751094818115234375">
        <ele>11.3999996185302734375</ele>
        <time>2026-09-26T00:30:28.000Z</time>
        <extensions>
          <ns3:TrackPointExtension>
            <ns3:hr>87</ns3:hr>
            <ns3:cad>76</ns3:cad>
          </ns3:TrackPointExtension>
        </extensions>
      </trkpt>
      <trkpt lat="31.22283213771879673004150390625" lon="121.3753181509673595428466796875">
        <ele>11.3999996185302734375</ele>
        <time>2026-09-26T00:30:29.000Z</time>
        <extensions>
          <ns3:TrackPointExtension>
            <ns3:hr>87</ns3:hr>
            <ns3:cad>76</ns3:cad>
          </ns3:TrackPointExtension>
        </extensions>
      </trkpt>
      <trkpt lat="31.2228308804333209991455078125" lon="121.3753419555723667144775390625">
        <ele>11.3999996185302734375</ele>
        <time>2026-09-26T00:30:30.000Z</time>
        <extensions>
          <ns3:TrackPointExtension>
            <ns3:hr>87</ns3:hr>
            <ns3:cad>76</ns3:cad>
          </ns3:TrackPointExtension>
        </extensions>
      </trkpt>
      <trkpt lat="31.222828365862369537353515625" lon="121.375368274748325347900390625">
        <ele>11.3999996185302734375</ele>
        <time>2026-09-26T00:30:31.000Z</time>
        <extensions>
          <ns3:TrackPointExtension>
            <ns3:hr>87</ns3:hr>
            <ns3:cad>76</ns3:cad>
          </ns3:TrackPointExtension>
        </extensions>
      </trkpt>
      <trkpt lat="31.222825348377227783203125" lon="121.37539006769657135009765625">
        <ele>11.6000003814697265625</ele>
        <time>2026-09-26T00:30:32.000Z</time>
        <extensions>
          <ns3:TrackPointExtension>
            <ns3:hr>87</ns3:hr>
            <ns3:cad>76</ns3:cad>
          </ns3:TrackPointExtension>
        </extensions>
      </trkpt>
      <trkpt lat="31.222823001444339752197265625" lon="121.37541211210191249847412109375">
        <ele>11.80000019073486328125</ele>
        <time>2026-09-26T00:30:33.000Z</time>
        <extensions>
          <ns3:TrackPointExtension>
            <ns3:hr>88</ns3:hr>
            <ns3:cad>76</ns3:cad>
          </ns3:TrackPointExtension>
        </extensions>
      </trkpt>
      <trkpt lat="31.22281939722597599029541015625" lon="121.37543776072561740875244140625">
        <ele>11.80000019073486328125</ele>
        <time>2026-09-26T00:30:34.000Z</time>
        <extensions>
          <ns3:TrackPointExtension>
            <ns3:hr>88</ns3:hr>
            <ns3:cad>76</ns3:cad>
          </ns3:TrackPointExtension>
        </extensions>
      </trkpt>
      <trkpt lat="31.222815625369548797607421875" lon="121.37546307407319545745849609375">
        <ele>12</ele>
        <time>2026-09-26T00:30:35.000Z</time>
        <extensions>
          <ns3:TrackPointExtension>
            <ns3:hr>88</ns3:hr>
            <ns3:cad>78</ns3:cad>
          </ns3:TrackPointExtension>
        </extensions>
      </trkpt>
      <trkpt lat="31.2228104285895824432373046875" lon="121.37548721395432949066162109375">
        <ele>12</ele>
        <time>2026-09-26T00:30:36.000Z</time>
        <extensions>
          <ns3:TrackPointExtension>
            <ns3:hr>89</ns3:hr>
            <ns3:cad>78</ns3:cad>
          </ns3:TrackPointExtension>
        </extensions>
      </trkpt>
      <trkpt lat="31.222804896533489227294921875" lon="121.3755112700164318084716796875">
        <ele>12</ele>
        <time>2026-09-26T00:30:37.000Z</time>
        <extensions>
          <ns3:TrackPointExtension>
            <ns3:hr>91</ns3:hr>
            <ns3:cad>79</ns3:cad>
          </ns3:TrackPointExtension>
        </extensions>
      </trkpt>
      <trkpt lat="31.222799532115459442138671875" lon="121.3755354098975658416748046875">
        <ele>12</ele>
        <time>2026-09-26T00:30:38.000Z</time>
        <extensions>
          <ns3:TrackPointExtension>
            <ns3:hr>94</ns3:hr>
            <ns3:cad>79</ns3:cad>
          </ns3:TrackPointExtension>
        </extensions>
      </trkpt>
      <trkpt lat="31.2227963469922542572021484375" lon="121.37556080706417560577392578125">
        <ele>12</ele>
        <time>2026-09-26T00:30:39.000Z</time>
        <extensions>
          <ns3:TrackPointExtension>
            <ns3:hr>100</ns3:hr>
            <ns3:cad>79</ns3:cad>
          </ns3:TrackPointExtension>
        </extensions>
      </trkpt>
      <trkpt lat="31.22279676608741283416748046875" lon="121.3755830191075801849365234375">
        <ele>12.19999980926513671875</ele>
        <time>2026-09-26T00:30:40.000Z</time>
        <extensions>
          <ns3:TrackPointExtension>
            <ns3:hr>103</ns3:hr>
            <ns3:cad>79</ns3:cad>
          </ns3:TrackPointExtension>
        </extensions>
      </trkpt>
      <trkpt lat="31.22279810719192028045654296875" lon="121.3756068237125873565673828125">
        <ele>12.19999980926513671875</ele>
        <time>2026-09-26T00:30:41.000Z</time>
        <extensions>
          <ns3:TrackPointExtension>
            <ns3:hr>107</ns3:hr>
            <ns3:cad>80</ns3:cad>
          </ns3:TrackPointExtension>
        </extensions>
      </trkpt>
      <trkpt lat="31.2228003703057765960693359375" lon="121.3756282813847064971923828125">
        <ele>12.3999996185302734375</ele>
        <time>2026-09-26T00:30:42.000Z</time>
        <extensions>
          <ns3:TrackPointExtension>
            <ns3:hr>109</ns3:hr>
            <ns3:cad>80</ns3:cad>
          </ns3:TrackPointExtension>
        </extensions>
      </trkpt>
      <trkpt lat="31.2228027172386646270751953125" lon="121.3756497390568256378173828125">
        <ele>12.3999996185302734375</ele>
        <time>2026-09-26T00:30:43.000Z</time>
        <extensions>
          <ns3:TrackPointExtension>
            <ns3:hr>111</ns3:hr>
            <ns3:cad>80</ns3:cad>
          </ns3:TrackPointExtension>
        </extensions>
      </trkpt>
      <trkpt lat="31.222803890705108642578125" lon="121.37567278929054737091064453125">
        <ele>12.3999996185302734375</ele>
        <time>2026-09-26T00:30:44.000Z</time>
        <extensions>
          <ns3:TrackPointExtension>
            <ns3:hr>111</ns3:hr>
            <ns3:cad>79</ns3:cad>
          </ns3:TrackPointExtension>
        </extensions>
      </trkpt>
      <trkpt lat="31.2228030525147914886474609375" lon="121.37569625861942768096923828125">
        <ele>12.3999996185302734375</ele>
        <time>2026-09-26T00:30:45.000Z</time>
        <extensions>
          <ns3:TrackPointExtension>
            <ns3:hr>112</ns3:hr>
            <ns3:cad>79</ns3:cad>
          </ns3:TrackPointExtension>
        </extensions>
      </trkpt>
      <trkpt lat="31.2228010408580303192138671875" lon="121.3757211528718471527099609375">
        <ele>12.3999996185302734375</ele>
        <time>2026-09-26T00:30:46.000Z</time>
        <extensions>
          <ns3:TrackPointExtension>
            <ns3:hr>112</ns3:hr>
            <ns3:cad>79</ns3:cad>
          </ns3:TrackPointExtension>
        </extensions>
      </trkpt>
      <trkpt lat="31.2227960117161273956298828125" lon="121.37574546039104461669921875">
        <ele>12.3999996185302734375</ele>
        <time>2026-09-26T00:30:47.000Z</time>
        <extensions>
          <ns3:TrackPointExtension>
            <ns3:hr>112</ns3:hr>
            <ns3:cad>79</ns3:cad>
          </ns3:TrackPointExtension>
        </extensions>
      </trkpt>
      <trkpt lat="31.22278804890811443328857421875" lon="121.37576951645314693450927734375">
        <ele>12.6000003814697265625</ele>
        <time>2026-09-26T00:30:48.000Z</time>
        <extensions>
          <ns3:TrackPointExtension>
            <ns3:hr>112</ns3:hr>
            <ns3:cad>77</ns3:cad>
          </ns3:TrackPointExtension>
        </extensions>
      </trkpt>
      <trkpt lat="31.222780086100101470947265625" lon="121.3757908903062343597412109375">
        <ele>12.6000003814697265625</ele>
        <time>2026-09-26T00:30:49.000Z</time>
        <extensions>
          <ns3:TrackPointExtension>
            <ns3:hr>113</ns3:hr>
            <ns3:cad>77</ns3:cad>
          </ns3:TrackPointExtension>
        </extensions>
      </trkpt>
      <trkpt lat="31.2227725423872470855712890625" lon="121.375810839235782623291015625">
        <ele>12.6000003814697265625</ele>
        <time>2026-09-26T00:30:50.000Z</time>
        <extensions>
          <ns3:TrackPointExtension>
            <ns3:hr>112</ns3:hr>
            <ns3:cad>77</ns3:cad>
          </ns3:TrackPointExtension>
        </extensions>
      </trkpt>
      <trkpt lat="31.2227655015885829925537109375" lon="121.3758314587175846099853515625">
        <ele>12.6000003814697265625</ele>
        <time>2026-09-26T00:30:51.000Z</time>
        <extensions>
          <ns3:TrackPointExtension>
            <ns3:hr>113</ns3:hr>
            <ns3:cad>77</ns3:cad>
          </ns3:TrackPointExtension>
        </extensions>
      </trkpt>
      <trkpt lat="31.2227587960660457611083984375" lon="121.37585132382810115814208984375">
        <ele>12.3999996185302734375</ele>
        <time>2026-09-26T00:30:52.000Z</time>
        <extensions>
          <ns3:TrackPointExtension>
            <ns3:hr>113</ns3:hr>
            <ns3:cad>78</ns3:cad>
          </ns3:TrackPointExtension>
        </extensions>
      </trkpt>
      <trkpt lat="31.222751922905445098876953125" lon="121.37587311677634716033935546875">
        <ele>12.3999996185302734375</ele>
        <time>2026-09-26T00:30:53.000Z</time>
        <extensions>
          <ns3:TrackPointExtension>
            <ns3:hr>113</ns3:hr>
            <ns3:cad>78</ns3:cad>
          </ns3:TrackPointExtension>
        </extensions>
      </trkpt>
      <trkpt lat="31.22274613939225673675537109375" lon="121.3758961670100688934326171875">
        <ele>12.6000003814697265625</ele>
        <time>2026-09-26T00:30:54.000Z</time>
        <extensions>
          <ns3:TrackPointExtension>
            <ns3:hr>112</ns3:hr>
            <ns3:cad>78</ns3:cad>
          </ns3:TrackPointExtension>
        </extensions>
      </trkpt>
      <trkpt lat="31.2227416969835758209228515625" lon="121.3759179599583148956298828125">
        <ele>12.6000003814697265625</ele>
        <time>2026-09-26T00:30:55.000Z</time>
        <extensions>
          <ns3:TrackPointExtension>
            <ns3:hr>113</ns3:hr>
            <ns3:cad>78</ns3:cad>
          </ns3:TrackPointExtension>
        </extensions>
      </trkpt>
      <trkpt lat="31.22273859567940235137939453125" lon="121.3759384118020534515380859375">
        <ele>12.6000003814697265625</ele>
        <time>2026-09-26T00:30:56.000Z</time>
        <extensions>
          <ns3:TrackPointExtension>
            <ns3:hr>113</ns3:hr>
            <ns3:cad>80</ns3:cad>
          </ns3:TrackPointExtension>
        </extensions>
      </trkpt>
      <trkpt lat="31.222736500203609466552734375" lon="121.375961042940616607666015625">
        <ele>12.80000019073486328125</ele>
        <time>2026-09-26T00:30:57.000Z</time>
        <extensions>
          <ns3:TrackPointExtension>
            <ns3:hr>112</ns3:hr>
            <ns3:cad>80</ns3:cad>
          </ns3:TrackPointExtension>
        </extensions>
      </trkpt>
      <trkpt lat="31.22273608110845088958740234375" lon="121.3759819976985454559326171875">
        <ele>12.80000019073486328125</ele>
        <time>2026-09-26T00:30:58.000Z</time>
        <extensions>
          <ns3:TrackPointExtension>
            <ns3:hr>113</ns3:hr>
            <ns3:cad>78</ns3:cad>
          </ns3:TrackPointExtension>
        </extensions>
      </trkpt>
      <trkpt lat="31.2227353267371654510498046875" lon="121.3760037906467914581298828125">
        <ele>12.80000019073486328125</ele>
        <time>2026-09-26T00:30:59.000Z</time>
        <extensions>
          <ns3:TrackPointExtension>
            <ns3:hr>114</ns3:hr>
            <ns3:cad>78</ns3:cad>
          </ns3:TrackPointExtension>
        </extensions>
      </trkpt>
      <trkpt lat="31.22273348271846771240234375" lon="121.37602549977600574493408203125">
        <ele>12.80000019073486328125</ele>
        <time>2026-09-26T00:31:00.000Z</time>
        <extensions>
          <ns3:TrackPointExtension>
            <ns3:hr>115</ns3:hr>
            <ns3:cad>78</ns3:cad>
          </ns3:TrackPointExtension>
        </extensions>
      </trkpt>
      <trkpt lat="31.22273214161396026611328125" lon="121.376049220561981201171875">
        <ele>12.80000019073486328125</ele>
        <time>2026-09-26T00:31:01.000Z</time>
        <extensions>
          <ns3:TrackPointExtension>
            <ns3:hr>115</ns3:hr>
            <ns3:cad>78</ns3:cad>
          </ns3:TrackPointExtension>
        </extensions>
      </trkpt>
      <trkpt lat="31.2227309681475162506103515625" lon="121.3760711811482906341552734375">
        <ele>12.80000019073486328125</ele>
        <time>2026-09-26T00:31:02.000Z</time>
        <extensions>
          <ns3:TrackPointExtension>
            <ns3:hr>116</ns3:hr>
            <ns3:cad>78</ns3:cad>
          </ns3:TrackPointExtension>
        </extensions>
      </trkpt>
      <trkpt lat="31.2227289564907550811767578125" lon="121.37609506957232952117919921875">
        <ele>12.80000019073486328125</ele>
        <time>2026-09-26T00:31:03.000Z</time>
        <extensions>
          <ns3:TrackPointExtension>
            <ns3:hr>116</ns3:hr>
            <ns3:cad>78</ns3:cad>
          </ns3:TrackPointExtension>
        </extensions>
      </trkpt>
      <trkpt lat="31.22272677719593048095703125" lon="121.376117281615734100341796875">
        <ele>12.80000019073486328125</ele>
        <time>2026-09-26T00:31:04.000Z</time>
        <extensions>
          <ns3:TrackPointExtension>
            <ns3:hr>116</ns3:hr>
            <ns3:cad>78</ns3:cad>
          </ns3:TrackPointExtension>
        </extensions>
      </trkpt>
      <trkpt lat="31.22272451408207416534423828125" lon="121.3761389069259166717529296875">
        <ele>12.80000019073486328125</ele>
        <time>2026-09-26T00:31:05.000Z</time>
        <extensions>
          <ns3:TrackPointExtension>
            <ns3:hr>117</ns3:hr>
            <ns3:cad>78</ns3:cad>
          </ns3:TrackPointExtension>
        </extensions>
      </trkpt>
      <trkpt lat="31.22272283770143985748291015625" lon="121.3761620409786701202392578125">
        <ele>12.80000019073486328125</ele>
        <time>2026-09-26T00:31:06.000Z</time>
        <extensions>
          <ns3:TrackPointExtension>
            <ns3:hr>116</ns3:hr>
            <ns3:cad>78</ns3:cad>
          </ns3:TrackPointExtension>
        </extensions>
      </trkpt>
      <trkpt lat="31.22272233478724956512451171875" lon="121.37618492357432842254638671875">
        <ele>12.80000019073486328125</ele>
        <time>2026-09-26T00:31:07.000Z</time>
        <extensions>
          <ns3:TrackPointExtension>
            <ns3:hr>116</ns3:hr>
            <ns3:cad>78</ns3:cad>
          </ns3:TrackPointExtension>
        </extensions>
      </trkpt>
      <trkpt lat="31.22272199951112270355224609375" lon="121.37620906345546245574951171875">
        <ele>12.80000019073486328125</ele>
        <time>2026-09-26T00:31:08.000Z</time>
        <extensions>
          <ns3:TrackPointExtension>
            <ns3:hr>116</ns3:hr>
            <ns3:cad>78</ns3:cad>
          </ns3:TrackPointExtension>
        </extensions>
      </trkpt>
      <trkpt lat="31.22271998785436153411865234375" lon="121.3762321136891841888427734375">
        <ele>12.80000019073486328125</ele>
        <time>2026-09-26T00:31:09.000Z</time>
        <extensions>
          <ns3:TrackPointExtension>
            <ns3:hr>116</ns3:hr>
            <ns3:cad>79</ns3:cad>
          </ns3:TrackPointExtension>
        </extensions>
      </trkpt>
      <trkpt lat="31.2227178923785686492919921875" lon="121.3762555830180644989013671875">
        <ele>12.80000019073486328125</ele>
        <time>2026-09-26T00:31:10.000Z</time>
        <extensions>
          <ns3:TrackPointExtension>
            <ns3:hr>116</ns3:hr>
            <ns3:cad>79</ns3:cad>
          </ns3:TrackPointExtension>
        </extensions>
      </trkpt>
      <trkpt lat="31.22271629981696605682373046875" lon="121.3762790523469448089599609375">
        <ele>12.80000019073486328125</ele>
        <time>2026-09-26T00:31:11.000Z</time>
        <extensions>
          <ns3:TrackPointExtension>
            <ns3:hr>116</ns3:hr>
            <ns3:cad>79</ns3:cad>
          </ns3:TrackPointExtension>
        </extensions>
      </trkpt>
      <trkpt lat="31.22271361760795116424560546875" lon="121.3763015158474445343017578125">
        <ele>12.80000019073486328125</ele>
        <time>2026-09-26T00:31:12.000Z</time>
        <extensions>
          <ns3:TrackPointExtension>
            <ns3:hr>116</ns3:hr>
            <ns3:cad>79</ns3:cad>
          </ns3:TrackPointExtension>
        </extensions>
      </trkpt>
      <trkpt lat="31.22271160595118999481201171875" lon="121.3763253204524517059326171875">
        <ele>12.80000019073486328125</ele>
        <time>2026-09-26T00:31:13.000Z</time>
        <extensions>
          <ns3:TrackPointExtension>
            <ns3:hr>116</ns3:hr>
            <ns3:cad>80</ns3:cad>
          </ns3:TrackPointExtension>
        </extensions>
      </trkpt>
      <trkpt lat="31.222709007561206817626953125" lon="121.3763494603335857391357421875">
        <ele>12.80000019073486328125</ele>
        <time>2026-09-26T00:31:14.000Z</time>
        <extensions>
          <ns3:TrackPointExtension>
            <ns3:hr>117</ns3:hr>
            <ns3:cad>79</ns3:cad>
          </ns3:TrackPointExtension>
        </extensions>
      </trkpt>
      <trkpt lat="31.22270406223833560943603515625" lon="121.3763725943863391876220703125">
        <ele>12.80000019073486328125</ele>
        <time>2026-09-26T00:31:15.000Z</time>
        <extensions>
          <ns3:TrackPointExtension>
            <ns3:hr>117</ns3:hr>
            <ns3:cad>79</ns3:cad>
          </ns3:TrackPointExtension>
        </extensions>
      </trkpt>
      <trkpt lat="31.2226979434490203857421875" lon="121.37639631517231464385986328125">
        <ele>12.80000019073486328125</ele>
        <time>2026-09-26T00:31:16.000Z</time>
        <extensions>
          <ns3:TrackPointExtension>
            <ns3:hr>118</ns3:hr>
            <ns3:cad>78</ns3:cad>
          </ns3:TrackPointExtension>
        </extensions>
      </trkpt>
      <trkpt lat="31.22269098646938800811767578125" lon="121.37641928158700466156005859375">
        <ele>12.80000019073486328125</ele>
        <time>2026-09-26T00:31:17.000Z</time>
        <extensions>
          <ns3:TrackPointExtension>
            <ns3:hr>118</ns3:hr>
            <ns3:cad>78</ns3:cad>
          </ns3:TrackPointExtension>
        </extensions>
      </trkpt>
      <trkpt lat="31.22268243692815303802490234375" lon="121.37644140981137752532958984375">
        <ele>12.80000019073486328125</ele>
        <time>2026-09-26T00:31:18.000Z</time>
        <extensions>
          <ns3:TrackPointExtension>
            <ns3:hr>118</ns3:hr>
            <ns3:cad>79</ns3:cad>
          </ns3:TrackPointExtension>
        </extensions>
      </trkpt>
      <trkpt lat="31.2226733006536960601806640625" lon="121.3764631189405918121337890625">
        <ele>12.80000019073486328125</ele>
        <time>2026-09-26T00:31:19.000Z</time>
        <extensions>
          <ns3:TrackPointExtension>
            <ns3:hr>118</ns3:hr>
            <ns3:cad>79</ns3:cad>
          </ns3:TrackPointExtension>
        </extensions>
      </trkpt>
      <trkpt lat="31.22266567312180995941162109375" lon="121.3764852471649646759033203125">
        <ele>12.6000003814697265625</ele>
        <time>2026-09-26T00:31:20.000Z</time>
        <extensions>
          <ns3:TrackPointExtension>
            <ns3:hr>118</ns3:hr>
            <ns3:cad>79</ns3:cad>
          </ns3:TrackPointExtension>
        </extensions>
      </trkpt>
      <trkpt lat="31.2226568721234798431396484375" lon="121.376507543027400970458984375">
        <ele>12.3999996185302734375</ele>
        <time>2026-09-26T00:31:21.000Z</time>
        <extensions>
          <ns3:TrackPointExtension>
            <ns3:hr>118</ns3:hr>
            <ns3:cad>79</ns3:cad>
          </ns3:TrackPointExtension>
        </extensions>
      </trkpt>
      <trkpt lat="31.22264807112514972686767578125" lon="121.37652925215661525726318359375">
        <ele>12.3999996185302734375</ele>
        <time>2026-09-26T00:31:22.000Z</time>
        <extensions>
          <ns3:TrackPointExtension>
            <ns3:hr>118</ns3:hr>
            <ns3:cad>79</ns3:cad>
          </ns3:TrackPointExtension>
        </extensions>
      </trkpt>
      <trkpt lat="31.22263935394585132598876953125" lon="121.376551799476146697998046875">
        <ele>12.19999980926513671875</ele>
        <time>2026-09-26T00:31:23.000Z</time>
        <extensions>
          <ns3:TrackPointExtension>
            <ns3:hr>118</ns3:hr>
            <ns3:cad>79</ns3:cad>
          </ns3:TrackPointExtension>
        </extensions>
      </trkpt>
      <trkpt lat="31.2226310558617115020751953125" lon="121.3765751011669635772705078125">
        <ele>12.19999980926513671875</ele>
        <time>2026-09-26T00:31:24.000Z</time>
        <extensions>
          <ns3:TrackPointExtension>
            <ns3:hr>117</ns3:hr>
            <ns3:cad>78</ns3:cad>
          </ns3:TrackPointExtension>
        </extensions>
      </trkpt>
      <trkpt lat="31.22262208722531795501708984375" lon="121.3765985704958438873291015625">
        <ele>12</ele>
        <time>2026-09-26T00:31:25.000Z</time>
        <extensions>
          <ns3:TrackPointExtension>
            <ns3:hr>117</ns3:hr>
            <ns3:cad>78</ns3:cad>
          </ns3:TrackPointExtension>
        </extensions>
      </trkpt>
      <trkpt lat="31.222613789141178131103515625" lon="121.37662027962505817413330078125">
        <ele>12</ele>
        <time>2026-09-26T00:31:26.000Z</time>
        <extensions>
          <ns3:TrackPointExtension>
            <ns3:hr>116</ns3:hr>
            <ns3:cad>78</ns3:cad>
          </ns3:TrackPointExtension>
        </extensions>
      </trkpt>
      <trkpt lat="31.222606413066387176513671875" lon="121.37664265930652618408203125">
        <ele>11.80000019073486328125</ele>
        <time>2026-09-26T00:31:27.000Z</time>
        <extensions>
          <ns3:TrackPointExtension>
            <ns3:hr>116</ns3:hr>
            <ns3:cad>78</ns3:cad>
          </ns3:TrackPointExtension>
        </extensions>
      </trkpt>
      <trkpt lat="31.22259878553450107574462890625" lon="121.37666587717831134796142578125">
        <ele>11.80000019073486328125</ele>
        <time>2026-09-26T00:31:28.000Z</time>
        <extensions>
          <ns3:TrackPointExtension>
            <ns3:hr>116</ns3:hr>
            <ns3:cad>78</ns3:cad>
          </ns3:TrackPointExtension>
        </extensions>
      </trkpt>
      <trkpt lat="31.22259140945971012115478515625" lon="121.376688592135906219482421875">
        <ele>11.80000019073486328125</ele>
        <time>2026-09-26T00:31:29.000Z</time>
        <extensions>
          <ns3:TrackPointExtension>
            <ns3:hr>116</ns3:hr>
            <ns3:cad>79</ns3:cad>
          </ns3:TrackPointExtension>
        </extensions>
      </trkpt>
      <trkpt lat="31.222584284842014312744140625" lon="121.37670996598899364471435546875">
        <ele>11.80000019073486328125</ele>
        <time>2026-09-26T00:31:30.000Z</time>
        <extensions>
          <ns3:TrackPointExtension>
            <ns3:hr>117</ns3:hr>
            <ns3:cad>79</ns3:cad>
          </ns3:TrackPointExtension>
        </extensions>
      </trkpt>
      <trkpt lat="31.2225770764052867889404296875" lon="121.37673108838498592376708984375">
        <ele>11.80000019073486328125</ele>
        <time>2026-09-26T00:31:31.000Z</time>
        <extensions>
          <ns3:TrackPointExtension>
            <ns3:hr>116</ns3:hr>
            <ns3:cad>80</ns3:cad>
          </ns3:TrackPointExtension>
        </extensions>
      </trkpt>
      <trkpt lat="31.22256961651146411895751953125" lon="121.37675221078097820281982421875">
        <ele>11.80000019073486328125</ele>
        <time>2026-09-26T00:31:32.000Z</time>
        <extensions>
          <ns3:TrackPointExtension>
            <ns3:hr>116</ns3:hr>
            <ns3:cad>80</ns3:cad>
          </ns3:TrackPointExtension>
        </extensions>
      </trkpt>
      <trkpt lat="31.22256274335086345672607421875" lon="121.3767719082534313201904296875">
        <ele>11.80000019073486328125</ele>
        <time>2026-09-26T00:31:33.000Z</time>
        <extensions>
          <ns3:TrackPointExtension>
            <ns3:hr>116</ns3:hr>
            <ns3:cad>80</ns3:cad>
          </ns3:TrackPointExtension>
        </extensions>
      </trkpt>
      <trkpt lat="31.222554780542850494384765625" lon="121.37679177336394786834716796875">
        <ele>11.80000019073486328125</ele>
        <time>2026-09-26T00:31:34.000Z</time>
        <extensions>
          <ns3:TrackPointExtension>
            <ns3:hr>116</ns3:hr>
            <ns3:cad>79</ns3:cad>
          </ns3:TrackPointExtension>
        </extensions>
      </trkpt>
      <trkpt lat="31.2225465662777423858642578125" lon="121.376810967922210693359375">
        <ele>11.80000019073486328125</ele>
        <time>2026-09-26T00:31:35.000Z</time>
        <extensions>
          <ns3:TrackPointExtension>
            <ns3:hr>117</ns3:hr>
            <ns3:cad>79</ns3:cad>
          </ns3:TrackPointExtension>
        </extensions>
      </trkpt>
      <trkpt lat="31.222536675631999969482421875" lon="121.3768302462995052337646484375">
        <ele>11.80000019073486328125</ele>
        <time>2026-09-26T00:31:36.000Z</time>
        <extensions>
          <ns3:TrackPointExtension>
            <ns3:hr>117</ns3:hr>
            <ns3:cad>80</ns3:cad>
          </ns3:TrackPointExtension>
        </extensions>
      </trkpt>
      <trkpt lat="31.22252561151981353759765625" lon="121.37684893794357776641845703125">
        <ele>12</ele>
        <time>2026-09-26T00:31:37.000Z</time>
        <extensions>
          <ns3:TrackPointExtension>
            <ns3:hr>117</ns3:hr>
            <ns3:cad>80</ns3:cad>
          </ns3:TrackPointExtension>
        </extensions>
      </trkpt>
      <trkpt lat="31.2225147150456905364990234375" lon="121.37686603702604770660400390625">
        <ele>12</ele>
        <time>2026-09-26T00:31:38.000Z</time>
        <extensions>
          <ns3:TrackPointExtension>
            <ns3:hr>117</ns3:hr>
            <ns3:cad>80</ns3:cad>
          </ns3:TrackPointExtension>
        </extensions>
      </trkpt>
      <trkpt lat="31.22250339947640895843505859375" lon="121.37688263319432735443115234375">
        <ele>12</ele>
        <time>2026-09-26T00:31:39.000Z</time>
        <extensions>
          <ns3:TrackPointExtension>
            <ns3:hr>118</ns3:hr>
            <ns3:cad>79</ns3:cad>
          </ns3:TrackPointExtension>
        </extensions>
      </trkpt>
      <trkpt lat="31.22249049134552478790283203125" lon="121.37689956463873386383056640625">
        <ele>12</ele>
        <time>2026-09-26T00:31:40.000Z</time>
        <extensions>
          <ns3:TrackPointExtension>
            <ns3:hr>118</ns3:hr>
            <ns3:cad>78</ns3:cad>
          </ns3:TrackPointExtension>
        </extensions>
      </trkpt>
      <trkpt lat="31.2224774993956089019775390625" lon="121.37691549025475978851318359375">
        <ele>12</ele>
        <time>2026-09-26T00:31:41.000Z</time>
        <extensions>
          <ns3:TrackPointExtension>
            <ns3:hr>118</ns3:hr>
            <ns3:cad>78</ns3:cad>
          </ns3:TrackPointExtension>
        </extensions>
      </trkpt>
      <trkpt lat="31.2224647589027881622314453125" lon="121.37693041004240512847900390625">
        <ele>12</ele>
        <time>2026-09-26T00:31:42.000Z</time>
        <extensions>
          <ns3:TrackPointExtension>
            <ns3:hr>118</ns3:hr>
            <ns3:cad>78</ns3:cad>
          </ns3:TrackPointExtension>
        </extensions>
      </trkpt>
      <trkpt lat="31.2224516831338405609130859375" lon="121.37694600038230419158935546875">
        <ele>12.19999980926513671875</ele>
        <time>2026-09-26T00:31:43.000Z</time>
        <extensions>
          <ns3:TrackPointExtension>
            <ns3:hr>118</ns3:hr>
            <ns3:cad>79</ns3:cad>
          </ns3:TrackPointExtension>
        </extensions>
      </trkpt>
      <trkpt lat="31.22243969701230525970458984375" lon="121.3769626803696155548095703125">
        <ele>12.19999980926513671875</ele>
        <time>2026-09-26T00:31:44.000Z</time>
        <extensions>
          <ns3:TrackPointExtension>
            <ns3:hr>118</ns3:hr>
            <ns3:cad>79</ns3:cad>
          </ns3:TrackPointExtension>
        </extensions>
      </trkpt>
      <trkpt lat="31.22242905199527740478515625" lon="121.3769801147282123565673828125">
        <ele>12.3999996185302734375</ele>
        <time>2026-09-26T00:31:45.000Z</time>
        <extensions>
          <ns3:TrackPointExtension>
            <ns3:hr>118</ns3:hr>
            <ns3:cad>78</ns3:cad>
          </ns3:TrackPointExtension>
        </extensions>
      </trkpt>
      <trkpt lat="31.2224178202450275421142578125" lon="121.3769972138106822967529296875">
        <ele>12.3999996185302734375</ele>
        <time>2026-09-26T00:31:46.000Z</time>
        <extensions>
          <ns3:TrackPointExtension>
            <ns3:hr>118</ns3:hr>
            <ns3:cad>78</ns3:cad>
          </ns3:TrackPointExtension>
        </extensions>
      </trkpt>
      <trkpt lat="31.2224060855805873870849609375" lon="121.37701540254056453704833984375">
        <ele>12.3999996185302734375</ele>
        <time>2026-09-26T00:31:47.000Z</time>
        <extensions>
          <ns3:TrackPointExtension>
            <ns3:hr>118</ns3:hr>
            <ns3:cad>78</ns3:cad>
          </ns3:TrackPointExtension>
        </extensions>
      </trkpt>
      <trkpt lat="31.2223953567445278167724609375" lon="121.3770330883562564849853515625">
        <ele>12.3999996185302734375</ele>
        <time>2026-09-26T00:31:48.000Z</time>
        <extensions>
          <ns3:TrackPointExtension>
            <ns3:hr>118</ns3:hr>
            <ns3:cad>78</ns3:cad>
          </ns3:TrackPointExtension>
        </extensions>
      </trkpt>
      <trkpt lat="31.22238370589911937713623046875" lon="121.37705161236226558685302734375">
        <ele>12.3999996185302734375</ele>
        <time>2026-09-26T00:31:49.000Z</time>
        <extensions>
          <ns3:TrackPointExtension>
            <ns3:hr>118</ns3:hr>
            <ns3:cad>78</ns3:cad>
          </ns3:TrackPointExtension>
        </extensions>
      </trkpt>
      <trkpt lat="31.22237146832048892974853515625" lon="121.37707038782536983489990234375">
        <ele>12.3999996185302734375</ele>
        <time>2026-09-26T00:31:50.000Z</time>
        <extensions>
          <ns3:TrackPointExtension>
            <ns3:hr>118</ns3:hr>
            <ns3:cad>78</ns3:cad>
          </ns3:TrackPointExtension>
        </extensions>
      </trkpt>
      <trkpt lat="31.22235856018960475921630859375" lon="121.3770884089171886444091796875">
        <ele>12.3999996185302734375</ele>
        <time>2026-09-26T00:31:51.000Z</time>
        <extensions>
          <ns3:TrackPointExtension>
            <ns3:hr>118</ns3:hr>
            <ns3:cad>78</ns3:cad>
          </ns3:TrackPointExtension>
        </extensions>
      </trkpt>
      <trkpt lat="31.22234565205872058868408203125" lon="121.3771065138280391693115234375">
        <ele>12.3999996185302734375</ele>
        <time>2026-09-26T00:31:52.000Z</time>
        <extensions>
          <ns3:TrackPointExtension>
            <ns3:hr>118</ns3:hr>
            <ns3:cad>79</ns3:cad>
          </ns3:TrackPointExtension>
        </extensions>
      </trkpt>
      <trkpt lat="31.222332827746868133544921875" lon="121.377125121653079986572265625">
        <ele>12.6000003814697265625</ele>
        <time>2026-09-26T00:31:53.000Z</time>
        <extensions>
          <ns3:TrackPointExtension>
            <ns3:hr>118</ns3:hr>
            <ns3:cad>79</ns3:cad>
          </ns3:TrackPointExtension>
        </extensions>
      </trkpt>
      <trkpt lat="31.22232134453952312469482421875" lon="121.3771437294781208038330078125">
        <ele>12.80000019073486328125</ele>
        <time>2026-09-26T00:31:54.000Z</time>
        <extensions>
          <ns3:TrackPointExtension>
            <ns3:hr>118</ns3:hr>
            <ns3:cad>79</ns3:cad>
          </ns3:TrackPointExtension>
        </extensions>
      </trkpt>
      <trkpt lat="31.22231028042733669281005859375" lon="121.37716300785541534423828125">
        <ele>13</ele>
        <time>2026-09-26T00:31:55.000Z</time>
        <extensions>
          <ns3:TrackPointExtension>
            <ns3:hr>118</ns3:hr>
            <ns3:cad>80</ns3:cad>
          </ns3:TrackPointExtension>
        </extensions>
      </trkpt>
      <trkpt lat="31.22229955159127712249755859375" lon="121.37718220241367816925048828125">
        <ele>13</ele>
        <time>2026-09-26T00:31:56.000Z</time>
        <extensions>
          <ns3:TrackPointExtension>
            <ns3:hr>118</ns3:hr>
            <ns3:cad>80</ns3:cad>
          </ns3:TrackPointExtension>
        </extensions>
      </trkpt>
      <trkpt lat="31.2222890742123126983642578125" lon="121.377202235162258148193359375">
        <ele>13.19999980926513671875</ele>
        <time>2026-09-26T00:31:57.000Z</time>
        <extensions>
          <ns3:TrackPointExtension>
            <ns3:hr>118</ns3:hr>
            <ns3:cad>80</ns3:cad>
          </ns3:TrackPointExtension>
        </extensions>
      </trkpt>
      <trkpt lat="31.22227943502366542816162109375" lon="121.3772218488156795501708984375">
        <ele>13.19999980926513671875</ele>
        <time>2026-09-26T00:31:58.000Z</time>
        <extensions>
          <ns3:TrackPointExtension>
            <ns3:hr>118</ns3:hr>
            <ns3:cad>80</ns3:cad>
          </ns3:TrackPointExtension>
        </extensions>
      </trkpt>
      <trkpt lat="31.22227021493017673492431640625" lon="121.37724204920232295989990234375">
        <ele>13.3999996185302734375</ele>
        <time>2026-09-26T00:31:59.000Z</time>
        <extensions>
          <ns3:TrackPointExtension>
            <ns3:hr>119</ns3:hr>
            <ns3:cad>80</ns3:cad>
          </ns3:TrackPointExtension>
        </extensions>
      </trkpt>
      <trkpt lat="31.22226116247475147247314453125" lon="121.37726166285574436187744140625">
        <ele>13.3999996185302734375</ele>
        <time>2026-09-26T00:32:00.000Z</time>
        <extensions>
          <ns3:TrackPointExtension>
            <ns3:hr>119</ns3:hr>
            <ns3:cad>80</ns3:cad>
          </ns3:TrackPointExtension>
        </extensions>
      </trkpt>
      <trkpt lat="31.22225177474319934844970703125" lon="121.37728228233754634857177734375">
        <ele>13.3999996185302734375</ele>
        <time>2026-09-26T00:32:01.000Z</time>
        <extensions>
          <ns3:TrackPointExtension>
            <ns3:hr>120</ns3:hr>
            <ns3:cad>80</ns3:cad>
          </ns3:TrackPointExtension>
        </extensions>
      </trkpt>
      <trkpt lat="31.22224272228777408599853515625" lon="121.37730181217193603515625">
        <ele>13.3999996185302734375</ele>
        <time>2026-09-26T00:32:02.000Z</time>
        <extensions>
          <ns3:TrackPointExtension>
            <ns3:hr>122</ns3:hr>
            <ns3:cad>80</ns3:cad>
          </ns3:TrackPointExtension>
        </extensions>
      </trkpt>
      <trkpt lat="31.22223584912717342376708984375" lon="121.37732067145407199859619140625">
        <ele>13.19999980926513671875</ele>
        <time>2026-09-26T00:32:03.000Z</time>
        <extensions>
          <ns3:TrackPointExtension>
            <ns3:hr>123</ns3:hr>
            <ns3:cad>80</ns3:cad>
          </ns3:TrackPointExtension>
        </extensions>
      </trkpt>
      <trkpt lat="31.2222290597856044769287109375" lon="121.37734045274555683135986328125">
        <ele>13.19999980926513671875</ele>
        <time>2026-09-26T00:32:04.000Z</time>
        <extensions>
          <ns3:TrackPointExtension>
            <ns3:hr>124</ns3:hr>
            <ns3:cad>80</ns3:cad>
          </ns3:TrackPointExtension>
        </extensions>
      </trkpt>
      <trkpt lat="31.22222277335822582244873046875" lon="121.377360485494136810302734375">
        <ele>13.19999980926513671875</ele>
        <time>2026-09-26T00:32:05.000Z</time>
        <extensions>
          <ns3:TrackPointExtension>
            <ns3:hr>125</ns3:hr>
            <ns3:cad>79</ns3:cad>
          </ns3:TrackPointExtension>
        </extensions>
      </trkpt>
      <trkpt lat="31.22221724130213260650634765625" lon="121.377379931509494781494140625">
        <ele>13.19999980926513671875</ele>
        <time>2026-09-26T00:32:06.000Z</time>
        <extensions>
          <ns3:TrackPointExtension>
            <ns3:hr>125</ns3:hr>
            <ns3:cad>79</ns3:cad>
          </ns3:TrackPointExtension>
        </extensions>
      </trkpt>
      <trkpt lat="31.22221170924603939056396484375" lon="121.377401053905487060546875">
        <ele>13.19999980926513671875</ele>
        <time>2026-09-26T00:32:07.000Z</time>
        <extensions>
          <ns3:TrackPointExtension>
            <ns3:hr>125</ns3:hr>
            <ns3:cad>79</ns3:cad>
          </ns3:TrackPointExtension>
        </extensions>
      </trkpt>
      <trkpt lat="31.22220735065639019012451171875" lon="121.3774230144917964935302734375">
        <ele>13.19999980926513671875</ele>
        <time>2026-09-26T00:32:08.000Z</time>
        <extensions>
          <ns3:TrackPointExtension>
            <ns3:hr>125</ns3:hr>
            <ns3:cad>79</ns3:cad>
          </ns3:TrackPointExtension>
        </extensions>
      </trkpt>
      <trkpt lat="31.2222035787999629974365234375" lon="121.37744455598294734954833984375">
        <ele>13.19999980926513671875</ele>
        <time>2026-09-26T00:32:09.000Z</time>
        <extensions>
          <ns3:TrackPointExtension>
            <ns3:hr>125</ns3:hr>
            <ns3:cad>79</ns3:cad>
          </ns3:TrackPointExtension>
        </extensions>
      </trkpt>
      <trkpt lat="31.22220064513385295867919921875" lon="121.377465762197971343994140625">
        <ele>13.19999980926513671875</ele>
        <time>2026-09-26T00:32:10.000Z</time>
        <extensions>
          <ns3:TrackPointExtension>
            <ns3:hr>125</ns3:hr>
            <ns3:cad>79</ns3:cad>
          </ns3:TrackPointExtension>
        </extensions>
      </trkpt>
      <trkpt lat="31.22219829820096492767333984375" lon="121.3774873875081539154052734375">
        <ele>13.19999980926513671875</ele>
        <time>2026-09-26T00:32:11.000Z</time>
        <extensions>
          <ns3:TrackPointExtension>
            <ns3:hr>125</ns3:hr>
            <ns3:cad>79</ns3:cad>
          </ns3:TrackPointExtension>
        </extensions>
      </trkpt>
      <trkpt lat="31.22219628654420375823974609375" lon="121.377510018646717071533203125">
        <ele>13.19999980926513671875</ele>
        <time>2026-09-26T00:32:12.000Z</time>
        <extensions>
          <ns3:TrackPointExtension>
            <ns3:hr>125</ns3:hr>
            <ns3:cad>79</ns3:cad>
          </ns3:TrackPointExtension>
        </extensions>
      </trkpt>
      <trkpt lat="31.2221938557922840118408203125" lon="121.37753340415656566619873046875">
        <ele>13.19999980926513671875</ele>
        <time>2026-09-26T00:32:13.000Z</time>
        <extensions>
          <ns3:TrackPointExtension>
            <ns3:hr>125</ns3:hr>
            <ns3:cad>80</ns3:cad>
          </ns3:TrackPointExtension>
        </extensions>
      </trkpt>
      <trkpt lat="31.22219209559261798858642578125" lon="121.37755754403769969940185546875">
        <ele>13.3999996185302734375</ele>
        <time>2026-09-26T00:32:14.000Z</time>
        <extensions>
          <ns3:TrackPointExtension>
            <ns3:hr>124</ns3:hr>
            <ns3:cad>80</ns3:cad>
          </ns3:TrackPointExtension>
        </extensions>
      </trkpt>
      <trkpt lat="31.222190670669078826904296875" lon="121.37757916934788227081298828125">
        <ele>13.3999996185302734375</ele>
        <time>2026-09-26T00:32:15.000Z</time>
        <extensions>
          <ns3:TrackPointExtension>
            <ns3:hr>124</ns3:hr>
            <ns3:cad>80</ns3:cad>
          </ns3:TrackPointExtension>
        </extensions>
      </trkpt>
      <trkpt lat="31.2221888266503810882568359375" lon="121.3776007108390331268310546875">
        <ele>13.6000003814697265625</ele>
        <time>2026-09-26T00:32:16.000Z</time>
        <extensions>
          <ns3:TrackPointExtension>
            <ns3:hr>124</ns3:hr>
            <ns3:cad>79</ns3:cad>
          </ns3:TrackPointExtension>
        </extensions>
      </trkpt>
      <trkpt lat="31.22218765318393707275390625" lon="121.37762208469212055206298828125">
        <ele>13.6000003814697265625</ele>
        <time>2026-09-26T00:32:17.000Z</time>
        <extensions>
          <ns3:TrackPointExtension>
            <ns3:hr>124</ns3:hr>
            <ns3:cad>79</ns3:cad>
          </ns3:TrackPointExtension>
        </extensions>
      </trkpt>
      <trkpt lat="31.222187317907810211181640625" lon="121.37764287181198596954345703125">
        <ele>13.6000003814697265625</ele>
        <time>2026-09-26T00:32:18.000Z</time>
        <extensions>
          <ns3:TrackPointExtension>
            <ns3:hr>124</ns3:hr>
            <ns3:cad>79</ns3:cad>
          </ns3:TrackPointExtension>
        </extensions>
      </trkpt>
      <trkpt lat="31.22218673117458820343017578125" lon="121.37766458094120025634765625">
        <ele>13.6000003814697265625</ele>
        <time>2026-09-26T00:32:19.000Z</time>
        <extensions>
          <ns3:TrackPointExtension>
            <ns3:hr>124</ns3:hr>
            <ns3:cad>80</ns3:cad>
          </ns3:TrackPointExtension>
        </extensions>
      </trkpt>
      <trkpt lat="31.2221868149936199188232421875" lon="121.37768595479428768157958984375">
        <ele>13.6000003814697265625</ele>
        <time>2026-09-26T00:32:20.000Z</time>
        <extensions>
          <ns3:TrackPointExtension>
            <ns3:hr>123</ns3:hr>
            <ns3:cad>80</ns3:cad>
          </ns3:TrackPointExtension>
        </extensions>
      </trkpt>
      <trkpt lat="31.2221871502697467803955078125" lon="121.37770690955221652984619140625">
        <ele>13.6000003814697265625</ele>
        <time>2026-09-26T00:32:21.000Z</time>
        <extensions>
          <ns3:TrackPointExtension>
            <ns3:hr>123</ns3:hr>
            <ns3:cad>80</ns3:cad>
          </ns3:TrackPointExtension>
        </extensions>
      </trkpt>
      <trkpt lat="31.2221878208220005035400390625" lon="121.3777297921478748321533203125">
        <ele>13.3999996185302734375</ele>
        <time>2026-09-26T00:32:22.000Z</time>
        <extensions>
          <ns3:TrackPointExtension>
            <ns3:hr>122</ns3:hr>
            <ns3:cad>79</ns3:cad>
          </ns3:TrackPointExtension>
        </extensions>
      </trkpt>
      <trkpt lat="31.2221883237361907958984375" lon="121.377751417458057403564453125">
        <ele>13.3999996185302734375</ele>
        <time>2026-09-26T00:32:23.000Z</time>
        <extensions>
          <ns3:TrackPointExtension>
            <ns3:hr>122</ns3:hr>
            <ns3:cad>79</ns3:cad>
          </ns3:TrackPointExtension>
        </extensions>
      </trkpt>
      <trkpt lat="31.22218840755522251129150390625" lon="121.3777730427682399749755859375">
        <ele>13.3999996185302734375</ele>
        <time>2026-09-26T00:32:24.000Z</time>
        <extensions>
          <ns3:TrackPointExtension>
            <ns3:hr>122</ns3:hr>
            <ns3:cad>79</ns3:cad>
          </ns3:TrackPointExtension>
        </extensions>
      </trkpt>
      <trkpt lat="31.22218773700296878814697265625" lon="121.37779475189745426177978515625">
        <ele>13.3999996185302734375</ele>
        <time>2026-09-26T00:32:25.000Z</time>
        <extensions>
          <ns3:TrackPointExtension>
            <ns3:hr>122</ns3:hr>
            <ns3:cad>78</ns3:cad>
          </ns3:TrackPointExtension>
        </extensions>
      </trkpt>
      <trkpt lat="31.2221864797174930572509765625" lon="121.37781746685504913330078125">
        <ele>13.3999996185302734375</ele>
        <time>2026-09-26T00:32:26.000Z</time>
        <extensions>
          <ns3:TrackPointExtension>
            <ns3:hr>122</ns3:hr>
            <ns3:cad>79</ns3:cad>
          </ns3:TrackPointExtension>
        </extensions>
      </trkpt>
      <trkpt lat="31.222186647355556488037109375" lon="121.37784034945070743560791015625">
        <ele>13.3999996185302734375</ele>
        <time>2026-09-26T00:32:27.000Z</time>
        <extensions>
          <ns3:TrackPointExtension>
            <ns3:hr>122</ns3:hr>
            <ns3:cad>79</ns3:cad>
          </ns3:TrackPointExtension>
        </extensions>
      </trkpt>
      <trkpt lat="31.2221871502697467803955078125" lon="121.37786172330379486083984375">
        <ele>13.6000003814697265625</ele>
        <time>2026-09-26T00:32:28.000Z</time>
        <extensions>
          <ns3:TrackPointExtension>
            <ns3:hr>122</ns3:hr>
            <ns3:cad>79</ns3:cad>
          </ns3:TrackPointExtension>
        </extensions>
      </trkpt>
      <trkpt lat="31.222187317907810211181640625" lon="121.37788410298526287078857421875">
        <ele>13.3999996185302734375</ele>
        <time>2026-09-26T00:32:29.000Z</time>
        <extensions>
          <ns3:TrackPointExtension>
            <ns3:hr>122</ns3:hr>
            <ns3:cad>78</ns3:cad>
          </ns3:TrackPointExtension>
        </extensions>
      </trkpt>
      <trkpt lat="31.22218723408877849578857421875" lon="121.37790572829544544219970703125">
        <ele>13.3999996185302734375</ele>
        <time>2026-09-26T00:32:30.000Z</time>
        <extensions>
          <ns3:TrackPointExtension>
            <ns3:hr>122</ns3:hr>
            <ns3:cad>77</ns3:cad>
          </ns3:TrackPointExtension>
        </extensions>
      </trkpt>
      <trkpt lat="31.22218631207942962646484375" lon="121.3779279403388500213623046875">
        <ele>13.3999996185302734375</ele>
        <time>2026-09-26T00:32:31.000Z</time>
        <extensions>
          <ns3:TrackPointExtension>
            <ns3:hr>122</ns3:hr>
            <ns3:cad>77</ns3:cad>
          </ns3:TrackPointExtension>
        </extensions>
      </trkpt>
      <trkpt lat="31.22218404896557331085205078125" lon="121.37794931419193744659423828125">
        <ele>13.3999996185302734375</ele>
        <time>2026-09-26T00:32:32.000Z</time>
        <extensions>
          <ns3:TrackPointExtension>
            <ns3:hr>122</ns3:hr>
            <ns3:cad>78</ns3:cad>
          </ns3:TrackPointExtension>
        </extensions>
      </trkpt>
      <trkpt lat="31.22218170203268527984619140625" lon="121.37797127477824687957763671875">
        <ele>13.19999980926513671875</ele>
        <time>2026-09-26T00:32:33.000Z</time>
        <extensions>
          <ns3:TrackPointExtension>
            <ns3:hr>122</ns3:hr>
            <ns3:cad>78</ns3:cad>
          </ns3:TrackPointExtension>
        </extensions>
      </trkpt>
      <trkpt lat="31.22218002565205097198486328125" lon="121.3779929839074611663818359375">
        <ele>13.19999980926513671875</ele>
        <time>2026-09-26T00:32:34.000Z</time>
        <extensions>
          <ns3:TrackPointExtension>
            <ns3:hr>122</ns3:hr>
            <ns3:cad>78</ns3:cad>
          </ns3:TrackPointExtension>
        </extensions>
      </trkpt>
      <trkpt lat="31.2221775949001312255859375" lon="121.37801335193216800689697265625">
        <ele>13.19999980926513671875</ele>
        <time>2026-09-26T00:32:35.000Z</time>
        <extensions>
          <ns3:TrackPointExtension>
            <ns3:hr>121</ns3:hr>
            <ns3:cad>78</ns3:cad>
          </ns3:TrackPointExtension>
        </extensions>
      </trkpt>
      <trkpt lat="31.22217482887208461761474609375" lon="121.378035061061382293701171875">
        <ele>13.19999980926513671875</ele>
        <time>2026-09-26T00:32:36.000Z</time>
        <extensions>
          <ns3:TrackPointExtension>
            <ns3:hr>121</ns3:hr>
            <ns3:cad>79</ns3:cad>
          </ns3:TrackPointExtension>
        </extensions>
      </trkpt>
      <trkpt lat="31.222171895205974578857421875" lon="121.37805744074285030364990234375">
        <ele>13.19999980926513671875</ele>
        <time>2026-09-26T00:32:37.000Z</time>
        <extensions>
          <ns3:TrackPointExtension>
            <ns3:hr>121</ns3:hr>
            <ns3:cad>79</ns3:cad>
          </ns3:TrackPointExtension>
        </extensions>
      </trkpt>
      <trkpt lat="31.2221680395305156707763671875" lon="121.3780809938907623291015625">
        <ele>13</ele>
        <time>2026-09-26T00:32:38.000Z</time>
        <extensions>
          <ns3:TrackPointExtension>
            <ns3:hr>121</ns3:hr>
            <ns3:cad>79</ns3:cad>
          </ns3:TrackPointExtension>
        </extensions>
      </trkpt>
      <trkpt lat="31.2221613340079784393310546875" lon="121.37810287065804004669189453125">
        <ele>13</ele>
        <time>2026-09-26T00:32:39.000Z</time>
        <extensions>
          <ns3:TrackPointExtension>
            <ns3:hr>121</ns3:hr>
            <ns3:cad>79</ns3:cad>
          </ns3:TrackPointExtension>
        </extensions>
      </trkpt>
      <trkpt lat="31.22215135954320430755615234375" lon="121.37812298722565174102783203125">
        <ele>12.80000019073486328125</ele>
        <time>2026-09-26T00:32:40.000Z</time>
        <extensions>
          <ns3:TrackPointExtension>
            <ns3:hr>121</ns3:hr>
            <ns3:cad>79</ns3:cad>
          </ns3:TrackPointExtension>
        </extensions>
      </trkpt>
      <trkpt lat="31.22214130125939846038818359375" lon="121.37814226560294628143310546875">
        <ele>12.80000019073486328125</ele>
        <time>2026-09-26T00:32:41.000Z</time>
        <extensions>
          <ns3:TrackPointExtension>
            <ns3:hr>122</ns3:hr>
            <ns3:cad>79</ns3:cad>
          </ns3:TrackPointExtension>
        </extensions>
      </trkpt>
      <trkpt lat="31.22213107533752918243408203125" lon="121.37816087342798709869384765625">
        <ele>12.80000019073486328125</ele>
        <time>2026-09-26T00:32:42.000Z</time>
        <extensions>
          <ns3:TrackPointExtension>
            <ns3:hr>121</ns3:hr>
            <ns3:cad>78</ns3:cad>
          </ns3:TrackPointExtension>
        </extensions>
      </trkpt>
      <trkpt lat="31.22212252579629421234130859375" lon="121.3781793974339962005615234375">
        <ele>13</ele>
        <time>2026-09-26T00:32:43.000Z</time>
        <extensions>
          <ns3:TrackPointExtension>
            <ns3:hr>121</ns3:hr>
            <ns3:cad>78</ns3:cad>
          </ns3:TrackPointExtension>
        </extensions>
      </trkpt>
      <trkpt lat="31.22211598791182041168212890625" lon="121.37819766998291015625">
        <ele>13</ele>
        <time>2026-09-26T00:32:44.000Z</time>
        <extensions>
          <ns3:TrackPointExtension>
            <ns3:hr>121</ns3:hr>
            <ns3:cad>77</ns3:cad>
          </ns3:TrackPointExtension>
        </extensions>
      </trkpt>
      <trkpt lat="31.222110874950885772705078125" lon="121.37821577489376068115234375">
        <ele>13.19999980926513671875</ele>
        <time>2026-09-26T00:32:45.000Z</time>
        <extensions>
          <ns3:TrackPointExtension>
            <ns3:hr>120</ns3:hr>
            <ns3:cad>77</ns3:cad>
          </ns3:TrackPointExtension>
        </extensions>
      </trkpt>
      <trkpt lat="31.22210609726607799530029296875" lon="121.378236226737499237060546875">
        <ele>13.19999980926513671875</ele>
        <time>2026-09-26T00:32:46.000Z</time>
        <extensions>
          <ns3:TrackPointExtension>
            <ns3:hr>120</ns3:hr>
            <ns3:cad>78</ns3:cad>
          </ns3:TrackPointExtension>
        </extensions>
      </trkpt>
      <trkpt lat="31.22210090048611164093017578125" lon="121.378258354961872100830078125">
        <ele>13.19999980926513671875</ele>
        <time>2026-09-26T00:32:47.000Z</time>
        <extensions>
          <ns3:TrackPointExtension>
            <ns3:hr>120</ns3:hr>
            <ns3:cad>78</ns3:cad>
          </ns3:TrackPointExtension>
        </extensions>
      </trkpt>
      <trkpt lat="31.22209645807743072509765625" lon="121.3782783038914203643798828125">
        <ele>13.19999980926513671875</ele>
        <time>2026-09-26T00:32:48.000Z</time>
        <extensions>
          <ns3:TrackPointExtension>
            <ns3:hr>120</ns3:hr>
            <ns3:cad>78</ns3:cad>
          </ns3:TrackPointExtension>
        </extensions>
      </trkpt>
      <trkpt lat="31.222092099487781524658203125" lon="121.378298588097095489501953125">
        <ele>13.19999980926513671875</ele>
        <time>2026-09-26T00:32:49.000Z</time>
        <extensions>
          <ns3:TrackPointExtension>
            <ns3:hr>120</ns3:hr>
            <ns3:cad>78</ns3:cad>
          </ns3:TrackPointExtension>
        </extensions>
      </trkpt>
      <trkpt lat="31.22208782471716403961181640625" lon="121.37831744737923145294189453125">
        <ele>13.19999980926513671875</ele>
        <time>2026-09-26T00:32:50.000Z</time>
        <extensions>
          <ns3:TrackPointExtension>
            <ns3:hr>120</ns3:hr>
            <ns3:cad>78</ns3:cad>
          </ns3:TrackPointExtension>
        </extensions>
      </trkpt>
      <trkpt lat="31.22208430431783199310302734375" lon="121.37833655811846256256103515625">
        <ele>13.19999980926513671875</ele>
        <time>2026-09-26T00:32:51.000Z</time>
        <extensions>
          <ns3:TrackPointExtension>
            <ns3:hr>120</ns3:hr>
            <ns3:cad>78</ns3:cad>
          </ns3:TrackPointExtension>
        </extensions>
      </trkpt>
      <trkpt lat="31.22207927517592906951904296875" lon="121.378359608352184295654296875">
        <ele>13.3999996185302734375</ele>
        <time>2026-09-26T00:32:52.000Z</time>
        <extensions>
          <ns3:TrackPointExtension>
            <ns3:hr>120</ns3:hr>
            <ns3:cad>78</ns3:cad>
          </ns3:TrackPointExtension>
        </extensions>
      </trkpt>
      <trkpt lat="31.22207290492951869964599609375" lon="121.3783819042146205902099609375">
        <ele>13.3999996185302734375</ele>
        <time>2026-09-26T00:32:53.000Z</time>
        <extensions>
          <ns3:TrackPointExtension>
            <ns3:hr>120</ns3:hr>
            <ns3:cad>78</ns3:cad>
          </ns3:TrackPointExtension>
        </extensions>
      </trkpt>
      <trkpt lat="31.22206619940698146820068359375" lon="121.37840445153415203094482421875">
        <ele>13.3999996185302734375</ele>
        <time>2026-09-26T00:32:54.000Z</time>
        <extensions>
          <ns3:TrackPointExtension>
            <ns3:hr>120</ns3:hr>
            <ns3:cad>78</ns3:cad>
          </ns3:TrackPointExtension>
        </extensions>
      </trkpt>
      <trkpt lat="31.2220604158937931060791015625" lon="121.37843010015785694122314453125">
        <ele>13.19999980926513671875</ele>
        <time>2026-09-26T00:32:55.000Z</time>
        <extensions>
          <ns3:TrackPointExtension>
            <ns3:hr>120</ns3:hr>
            <ns3:cad>78</ns3:cad>
          </ns3:TrackPointExtension>
        </extensions>
      </trkpt>
      <trkpt lat="31.22205496765673160552978515625" lon="121.37845859862864017486572265625">
        <ele>13.19999980926513671875</ele>
        <time>2026-09-26T00:32:56.000Z</time>
        <extensions>
          <ns3:TrackPointExtension>
            <ns3:hr>120</ns3:hr>
            <ns3:cad>79</ns3:cad>
          </ns3:TrackPointExtension>
        </extensions>
      </trkpt>
      <trkpt lat="31.2220520339906215667724609375" lon="121.37848458252847194671630859375">
        <ele>13.19999980926513671875</ele>
        <time>2026-09-26T00:32:57.000Z</time>
        <extensions>
          <ns3:TrackPointExtension>
            <ns3:hr>119</ns3:hr>
            <ns3:cad>79</ns3:cad>
          </ns3:TrackPointExtension>
        </extensions>
      </trkpt>
      <trkpt lat="31.222050525248050689697265625" lon="121.3785109855234622955322265625">
        <ele>13</ele>
        <time>2026-09-26T00:32:58.000Z</time>
        <extensions>
          <ns3:TrackPointExtension>
            <ns3:hr>120</ns3:hr>
            <ns3:cad>79</ns3:cad>
          </ns3:TrackPointExtension>
        </extensions>
      </trkpt>
      <trkpt lat="31.2220500223338603973388671875" lon="121.378536634147167205810546875">
        <ele>13</ele>
        <time>2026-09-26T00:32:59.000Z</time>
        <extensions>
          <ns3:TrackPointExtension>
            <ns3:hr>120</ns3:hr>
            <ns3:cad>79</ns3:cad>
          </ns3:TrackPointExtension>
        </extensions>
      </trkpt>
      <trkpt lat="31.2220500223338603973388671875" lon="121.37855834327638149261474609375">
        <ele>13</ele>
        <time>2026-09-26T00:33:00.000Z</time>
        <extensions>
          <ns3:TrackPointExtension>
            <ns3:hr>120</ns3:hr>
            <ns3:cad>78</ns3:cad>
          </ns3:TrackPointExtension>
        </extensions>
      </trkpt>
      <trkpt lat="31.22205060906708240509033203125" lon="121.37857996858656406402587890625">
        <ele>13</ele>
        <time>2026-09-26T00:33:01.000Z</time>
        <extensions>
          <ns3:TrackPointExtension>
            <ns3:hr>120</ns3:hr>
            <ns3:cad>78</ns3:cad>
          </ns3:TrackPointExtension>
        </extensions>
      </trkpt>
      <trkpt lat="31.22205077670514583587646484375" lon="121.37860310263931751251220703125">
        <ele>13</ele>
        <time>2026-09-26T00:33:02.000Z</time>
        <extensions>
          <ns3:TrackPointExtension>
            <ns3:hr>120</ns3:hr>
            <ns3:cad>78</ns3:cad>
          </ns3:TrackPointExtension>
        </extensions>
      </trkpt>
      <trkpt lat="31.222051866352558135986328125" lon="121.37862472794950008392333984375">
        <ele>13</ele>
        <time>2026-09-26T00:33:03.000Z</time>
        <extensions>
          <ns3:TrackPointExtension>
            <ns3:hr>119</ns3:hr>
            <ns3:cad>78</ns3:cad>
          </ns3:TrackPointExtension>
        </extensions>
      </trkpt>
      <trkpt lat="31.22205345891416072845458984375" lon="121.37864618562161922454833984375">
        <ele>13</ele>
        <time>2026-09-26T00:33:04.000Z</time>
        <extensions>
          <ns3:TrackPointExtension>
            <ns3:hr>119</ns3:hr>
            <ns3:cad>79</ns3:cad>
          </ns3:TrackPointExtension>
        </extensions>
      </trkpt>
      <trkpt lat="31.22205446474254131317138671875" lon="121.37866898439824581146240234375">
        <ele>13</ele>
        <time>2026-09-26T00:33:05.000Z</time>
        <extensions>
          <ns3:TrackPointExtension>
            <ns3:hr>119</ns3:hr>
            <ns3:cad>79</ns3:cad>
          </ns3:TrackPointExtension>
        </extensions>
      </trkpt>
      <trkpt lat="31.22205563820898532867431640625" lon="121.3786896876990795135498046875">
        <ele>13</ele>
        <time>2026-09-26T00:33:06.000Z</time>
        <extensions>
          <ns3:TrackPointExtension>
            <ns3:hr>118</ns3:hr>
            <ns3:cad>79</ns3:cad>
          </ns3:TrackPointExtension>
        </extensions>
      </trkpt>
      <trkpt lat="31.2220557220280170440673828125" lon="121.3787118159234523773193359375">
        <ele>13</ele>
        <time>2026-09-26T00:33:07.000Z</time>
        <extensions>
          <ns3:TrackPointExtension>
            <ns3:hr>118</ns3:hr>
            <ns3:cad>80</ns3:cad>
          </ns3:TrackPointExtension>
        </extensions>
      </trkpt>
      <trkpt lat="31.22205555438995361328125" lon="121.3787359558045864105224609375">
        <ele>13</ele>
        <time>2026-09-26T00:33:08.000Z</time>
        <extensions>
          <ns3:TrackPointExtension>
            <ns3:hr>118</ns3:hr>
            <ns3:cad>80</ns3:cad>
          </ns3:TrackPointExtension>
        </extensions>
      </trkpt>
      <trkpt lat="31.22205463238060474395751953125" lon="121.37876026332378387451171875">
        <ele>12.80000019073486328125</ele>
        <time>2026-09-26T00:33:09.000Z</time>
        <extensions>
          <ns3:TrackPointExtension>
            <ns3:hr>119</ns3:hr>
            <ns3:cad>80</ns3:cad>
          </ns3:TrackPointExtension>
        </extensions>
      </trkpt>
      <trkpt lat="31.22205412946641445159912109375" lon="121.37878649868071079254150390625">
        <ele>12.80000019073486328125</ele>
        <time>2026-09-26T00:33:10.000Z</time>
        <extensions>
          <ns3:TrackPointExtension>
            <ns3:hr>119</ns3:hr>
            <ns3:cad>80</ns3:cad>
          </ns3:TrackPointExtension>
        </extensions>
      </trkpt>
      <trkpt lat="31.22205429710447788238525390625" lon="121.37881281785666942596435546875">
        <ele>12.80000019073486328125</ele>
        <time>2026-09-26T00:33:11.000Z</time>
        <extensions>
          <ns3:TrackPointExtension>
            <ns3:hr>119</ns3:hr>
            <ns3:cad>80</ns3:cad>
          </ns3:TrackPointExtension>
        </extensions>
      </trkpt>
      <trkpt lat="31.2220547161996364593505859375" lon="121.3788362033665180206298828125">
        <ele>12.80000019073486328125</ele>
        <time>2026-09-26T00:33:12.000Z</time>
        <extensions>
          <ns3:TrackPointExtension>
            <ns3:hr>119</ns3:hr>
            <ns3:cad>80</ns3:cad>
          </ns3:TrackPointExtension>
        </extensions>
      </trkpt>
      <trkpt lat="31.22205463238060474395751953125" lon="121.37886126525700092315673828125">
        <ele>12.80000019073486328125</ele>
        <time>2026-09-26T00:33:13.000Z</time>
        <extensions>
          <ns3:TrackPointExtension>
            <ns3:hr>119</ns3:hr>
            <ns3:cad>80</ns3:cad>
          </ns3:TrackPointExtension>
        </extensions>
      </trkpt>
      <trkpt lat="31.22205496765673160552978515625" lon="121.378886662423610687255859375">
        <ele>12.80000019073486328125</ele>
        <time>2026-09-26T00:33:14.000Z</time>
        <extensions>
          <ns3:TrackPointExtension>
            <ns3:hr>120</ns3:hr>
            <ns3:cad>80</ns3:cad>
          </ns3:TrackPointExtension>
        </extensions>
      </trkpt>
      <trkpt lat="31.222053878009319305419921875" lon="121.37891273014247417449951171875">
        <ele>12.80000019073486328125</ele>
        <time>2026-09-26T00:33:15.000Z</time>
        <extensions>
          <ns3:TrackPointExtension>
            <ns3:hr>120</ns3:hr>
            <ns3:cad>80</ns3:cad>
          </ns3:TrackPointExtension>
        </extensions>
      </trkpt>
      <trkpt lat="31.22205077670514583587646484375" lon="121.37893821112811565399169921875">
        <ele>12.80000019073486328125</ele>
        <time>2026-09-26T00:33:16.000Z</time>
        <extensions>
          <ns3:TrackPointExtension>
            <ns3:hr>120</ns3:hr>
            <ns3:cad>79</ns3:cad>
          </ns3:TrackPointExtension>
        </extensions>
      </trkpt>
      <trkpt lat="31.2220461666584014892578125" lon="121.378962099552154541015625">
        <ele>12.80000019073486328125</ele>
        <time>2026-09-26T00:33:17.000Z</time>
        <extensions>
          <ns3:TrackPointExtension>
            <ns3:hr>120</ns3:hr>
            <ns3:cad>79</ns3:cad>
          </ns3:TrackPointExtension>
        </extensions>
      </trkpt>
      <trkpt lat="31.22204105369746685028076171875" lon="121.37898297049105167388916015625">
        <ele>12.80000019073486328125</ele>
        <time>2026-09-26T00:33:18.000Z</time>
        <extensions>
          <ns3:TrackPointExtension>
            <ns3:hr>120</ns3:hr>
            <ns3:cad>79</ns3:cad>
          </ns3:TrackPointExtension>
        </extensions>
      </trkpt>
      <trkpt lat="31.22203451581299304962158203125" lon="121.37900174595415592193603515625">
        <ele>12.80000019073486328125</ele>
        <time>2026-09-26T00:33:19.000Z</time>
        <extensions>
          <ns3:TrackPointExtension>
            <ns3:hr>121</ns3:hr>
            <ns3:cad>80</ns3:cad>
          </ns3:TrackPointExtension>
        </extensions>
      </trkpt>
      <trkpt lat="31.22202663682401180267333984375" lon="121.37901850976049900054931640625">
        <ele>12.80000019073486328125</ele>
        <time>2026-09-26T00:33:20.000Z</time>
        <extensions>
          <ns3:TrackPointExtension>
            <ns3:hr>120</ns3:hr>
            <ns3:cad>80</ns3:cad>
          </ns3:TrackPointExtension>
        </extensions>
      </trkpt>
      <trkpt lat="31.22201523743569850921630859375" lon="121.37903443537652492523193359375">
        <ele>12.80000019073486328125</ele>
        <time>2026-09-26T00:33:21.000Z</time>
        <extensions>
          <ns3:TrackPointExtension>
            <ns3:hr>120</ns3:hr>
            <ns3:cad>80</ns3:cad>
          </ns3:TrackPointExtension>
        </extensions>
      </trkpt>
      <trkpt lat="31.22199914418160915374755859375" lon="121.3790531270205974578857421875">
        <ele>12.80000019073486328125</ele>
        <time>2026-09-26T00:33:22.000Z</time>
        <extensions>
          <ns3:TrackPointExtension>
            <ns3:hr>120</ns3:hr>
            <ns3:cad>79</ns3:cad>
          </ns3:TrackPointExtension>
        </extensions>
      </trkpt>
      <trkpt lat="31.221981458365917205810546875" lon="121.3790692202746868133544921875">
        <ele>12.80000019073486328125</ele>
        <time>2026-09-26T00:33:23.000Z</time>
        <extensions>
          <ns3:TrackPointExtension>
            <ns3:hr>120</ns3:hr>
            <ns3:cad>79</ns3:cad>
          </ns3:TrackPointExtension>
        </extensions>
      </trkpt>
      <trkpt lat="31.2219625152647495269775390625" lon="121.37908472679555416107177734375">
        <ele>12.80000019073486328125</ele>
        <time>2026-09-26T00:33:24.000Z</time>
        <extensions>
          <ns3:TrackPointExtension>
            <ns3:hr>120</ns3:hr>
            <ns3:cad>78</ns3:cad>
          </ns3:TrackPointExtension>
        </extensions>
      </trkpt>
      <trkpt lat="31.22194600291550159454345703125" lon="121.37909964658319950103759765625">
        <ele>12.80000019073486328125</ele>
        <time>2026-09-26T00:33:25.000Z</time>
        <extensions>
          <ns3:TrackPointExtension>
            <ns3:hr>120</ns3:hr>
            <ns3:cad>78</ns3:cad>
          </ns3:TrackPointExtension>
        </extensions>
      </trkpt>
      <trkpt lat="31.2219316698610782623291015625" lon="121.37911339290440082550048828125">
        <ele>12.6000003814697265625</ele>
        <time>2026-09-26T00:33:26.000Z</time>
        <extensions>
          <ns3:TrackPointExtension>
            <ns3:hr>119</ns3:hr>
            <ns3:cad>78</ns3:cad>
          </ns3:TrackPointExtension>
        </extensions>
      </trkpt>
      <trkpt lat="31.22192077338695526123046875" lon="121.37912864796817302703857421875">
        <ele>12.3999996185302734375</ele>
        <time>2026-09-26T00:33:27.000Z</time>
        <extensions>
          <ns3:TrackPointExtension>
            <ns3:hr>119</ns3:hr>
            <ns3:cad>78</ns3:cad>
          </ns3:TrackPointExtension>
        </extensions>
      </trkpt>
      <trkpt lat="31.2219115532934665679931640625" lon="121.37914524413645267486572265625">
        <ele>12.3999996185302734375</ele>
        <time>2026-09-26T00:33:28.000Z</time>
        <extensions>
          <ns3:TrackPointExtension>
            <ns3:hr>118</ns3:hr>
            <ns3:cad>78</ns3:cad>
          </ns3:TrackPointExtension>
        </extensions>
      </trkpt>
      <trkpt lat="31.2219041772186756134033203125" lon="121.37916251085698604583740234375">
        <ele>12.19999980926513671875</ele>
        <time>2026-09-26T00:33:29.000Z</time>
        <extensions>
          <ns3:TrackPointExtension>
            <ns3:hr>118</ns3:hr>
            <ns3:cad>78</ns3:cad>
          </ns3:TrackPointExtension>
        </extensions>
      </trkpt>
      <trkpt lat="31.22190065681934356689453125" lon="121.3791806995868682861328125">
        <ele>12</ele>
        <time>2026-09-26T00:33:30.000Z</time>
        <extensions>
          <ns3:TrackPointExtension>
            <ns3:hr>118</ns3:hr>
            <ns3:cad>79</ns3:cad>
          </ns3:TrackPointExtension>
        </extensions>
      </trkpt>
      <trkpt lat="31.22189906425774097442626953125" lon="121.37919788248836994171142578125">
        <ele>11.80000019073486328125</ele>
        <time>2026-09-26T00:33:31.000Z</time>
        <extensions>
          <ns3:TrackPointExtension>
            <ns3:hr>118</ns3:hr>
            <ns3:cad>79</ns3:cad>
          </ns3:TrackPointExtension>
        </extensions>
      </trkpt>
      <trkpt lat="31.2218978069722652435302734375" lon="121.37921766377985477447509765625">
        <ele>11.80000019073486328125</ele>
        <time>2026-09-26T00:33:32.000Z</time>
        <extensions>
          <ns3:TrackPointExtension>
            <ns3:hr>118</ns3:hr>
            <ns3:cad>79</ns3:cad>
          </ns3:TrackPointExtension>
        </extensions>
      </trkpt>
      <trkpt lat="31.221896298229694366455078125" lon="121.37923861853778362274169921875">
        <ele>11.6000003814697265625</ele>
        <time>2026-09-26T00:33:33.000Z</time>
        <extensions>
          <ns3:TrackPointExtension>
            <ns3:hr>118</ns3:hr>
            <ns3:cad>79</ns3:cad>
          </ns3:TrackPointExtension>
        </extensions>
      </trkpt>
      <trkpt lat="31.22189437039196491241455078125" lon="121.3792603276669979095458984375">
        <ele>11.6000003814697265625</ele>
        <time>2026-09-26T00:33:34.000Z</time>
        <extensions>
          <ns3:TrackPointExtension>
            <ns3:hr>119</ns3:hr>
            <ns3:cad>79</ns3:cad>
          </ns3:TrackPointExtension>
        </extensions>
      </trkpt>
      <trkpt lat="31.22189269401133060455322265625" lon="121.37928237207233905792236328125">
        <ele>11.6000003814697265625</ele>
        <time>2026-09-26T00:33:35.000Z</time>
        <extensions>
          <ns3:TrackPointExtension>
            <ns3:hr>119</ns3:hr>
            <ns3:cad>79</ns3:cad>
          </ns3:TrackPointExtension>
        </extensions>
      </trkpt>
      <trkpt lat="31.221890933811664581298828125" lon="121.379305087029933929443359375">
        <ele>11.6000003814697265625</ele>
        <time>2026-09-26T00:33:36.000Z</time>
        <extensions>
          <ns3:TrackPointExtension>
            <ns3:hr>120</ns3:hr>
            <ns3:cad>79</ns3:cad>
          </ns3:TrackPointExtension>
        </extensions>
      </trkpt>
      <trkpt lat="31.2218892574310302734375" lon="121.37932830490171909332275390625">
        <ele>11.80000019073486328125</ele>
        <time>2026-09-26T00:33:37.000Z</time>
        <extensions>
          <ns3:TrackPointExtension>
            <ns3:hr>120</ns3:hr>
            <ns3:cad>77</ns3:cad>
          </ns3:TrackPointExtension>
        </extensions>
      </trkpt>
      <trkpt lat="31.2218880839645862579345703125" lon="121.3793505169451236724853515625">
        <ele>11.80000019073486328125</ele>
        <time>2026-09-26T00:33:38.000Z</time>
        <extensions>
          <ns3:TrackPointExtension>
            <ns3:hr>120</ns3:hr>
            <ns3:cad>77</ns3:cad>
          </ns3:TrackPointExtension>
        </extensions>
      </trkpt>
      <trkpt lat="31.22188531793653964996337890625" lon="121.37937373481690883636474609375">
        <ele>11.80000019073486328125</ele>
        <time>2026-09-26T00:33:39.000Z</time>
        <extensions>
          <ns3:TrackPointExtension>
            <ns3:hr>120</ns3:hr>
            <ns3:cad>77</ns3:cad>
          </ns3:TrackPointExtension>
        </extensions>
      </trkpt>
      <trkpt lat="31.22188280336558818817138671875" lon="121.37939929962158203125">
        <ele>11.80000019073486328125</ele>
        <time>2026-09-26T00:33:40.000Z</time>
        <extensions>
          <ns3:TrackPointExtension>
            <ns3:hr>120</ns3:hr>
            <ns3:cad>77</ns3:cad>
          </ns3:TrackPointExtension>
        </extensions>
      </trkpt>
      <trkpt lat="31.22187928296625614166259765625" lon="121.37942519970238208770751953125">
        <ele>11.6000003814697265625</ele>
        <time>2026-09-26T00:33:41.000Z</time>
        <extensions>
          <ns3:TrackPointExtension>
            <ns3:hr>120</ns3:hr>
            <ns3:cad>77</ns3:cad>
          </ns3:TrackPointExtension>
        </extensions>
      </trkpt>
      <trkpt lat="31.22187517583370208740234375" lon="121.37945093214511871337890625">
        <ele>11.6000003814697265625</ele>
        <time>2026-09-26T00:33:42.000Z</time>
        <extensions>
          <ns3:TrackPointExtension>
            <ns3:hr>120</ns3:hr>
            <ns3:cad>77</ns3:cad>
          </ns3:TrackPointExtension>
        </extensions>
      </trkpt>
      <trkpt lat="31.221870146691799163818359375" lon="121.379475407302379608154296875">
        <ele>11.6000003814697265625</ele>
        <time>2026-09-26T00:33:43.000Z</time>
        <extensions>
          <ns3:TrackPointExtension>
            <ns3:hr>121</ns3:hr>
            <ns3:cad>78</ns3:cad>
          </ns3:TrackPointExtension>
        </extensions>
      </trkpt>
      <trkpt lat="31.22186419554054737091064453125" lon="121.37949963100254535675048828125">
        <ele>11.6000003814697265625</ele>
        <time>2026-09-26T00:33:44.000Z</time>
        <extensions>
          <ns3:TrackPointExtension>
            <ns3:hr>121</ns3:hr>
            <ns3:cad>79</ns3:cad>
          </ns3:TrackPointExtension>
        </extensions>
      </trkpt>
      <trkpt lat="31.22185774147510528564453125" lon="121.3795245252549648284912109375">
        <ele>11.80000019073486328125</ele>
        <time>2026-09-26T00:33:45.000Z</time>
        <extensions>
          <ns3:TrackPointExtension>
            <ns3:hr>121</ns3:hr>
            <ns3:cad>79</ns3:cad>
          </ns3:TrackPointExtension>
        </extensions>
      </trkpt>
      <trkpt lat="31.22185044921934604644775390625" lon="121.37954757548868656158447265625">
        <ele>11.80000019073486328125</ele>
        <time>2026-09-26T00:33:46.000Z</time>
        <extensions>
          <ns3:TrackPointExtension>
            <ns3:hr>121</ns3:hr>
            <ns3:cad>79</ns3:cad>
          </ns3:TrackPointExtension>
        </extensions>
      </trkpt>
      <trkpt lat="31.22184156440198421478271484375" lon="121.3795697875320911407470703125">
        <ele>12</ele>
        <time>2026-09-26T00:33:47.000Z</time>
        <extensions>
          <ns3:TrackPointExtension>
            <ns3:hr>120</ns3:hr>
            <ns3:cad>81</ns3:cad>
          </ns3:TrackPointExtension>
        </extensions>
      </trkpt>
      <trkpt lat="31.2218315899372100830078125" lon="121.3795909099280834197998046875">
        <ele>12</ele>
        <time>2026-09-26T00:33:48.000Z</time>
        <extensions>
          <ns3:TrackPointExtension>
            <ns3:hr>121</ns3:hr>
            <ns3:cad>81</ns3:cad>
          </ns3:TrackPointExtension>
        </extensions>
      </trkpt>
      <trkpt lat="31.221822202205657958984375" lon="121.37961094267666339874267578125">
        <ele>12</ele>
        <time>2026-09-26T00:33:49.000Z</time>
        <extensions>
          <ns3:TrackPointExtension>
            <ns3:hr>121</ns3:hr>
            <ns3:cad>81</ns3:cad>
          </ns3:TrackPointExtension>
        </extensions>
      </trkpt>
      <trkpt lat="31.22181348502635955810546875" lon="121.37963022105395793914794921875">
        <ele>12</ele>
        <time>2026-09-26T00:33:50.000Z</time>
        <extensions>
          <ns3:TrackPointExtension>
            <ns3:hr>121</ns3:hr>
            <ns3:cad>80</ns3:cad>
          </ns3:TrackPointExtension>
        </extensions>
      </trkpt>
      <trkpt lat="31.2218052707612514495849609375" lon="121.37965067289769649505615234375">
        <ele>12</ele>
        <time>2026-09-26T00:33:51.000Z</time>
        <extensions>
          <ns3:TrackPointExtension>
            <ns3:hr>121</ns3:hr>
            <ns3:cad>80</ns3:cad>
          </ns3:TrackPointExtension>
        </extensions>
      </trkpt>
      <trkpt lat="31.22179764322936534881591796875" lon="121.37967045418918132781982421875">
        <ele>12</ele>
        <time>2026-09-26T00:33:52.000Z</time>
        <extensions>
          <ns3:TrackPointExtension>
            <ns3:hr>121</ns3:hr>
            <ns3:cad>79</ns3:cad>
          </ns3:TrackPointExtension>
        </extensions>
      </trkpt>
      <trkpt lat="31.22179060243070125579833984375" lon="121.3796894811093807220458984375">
        <ele>12.19999980926513671875</ele>
        <time>2026-09-26T00:33:53.000Z</time>
        <extensions>
          <ns3:TrackPointExtension>
            <ns3:hr>122</ns3:hr>
            <ns3:cad>79</ns3:cad>
          </ns3:TrackPointExtension>
        </extensions>
      </trkpt>
      <trkpt lat="31.2217834778130054473876953125" lon="121.3797104358673095703125">
        <ele>12.3999996185302734375</ele>
        <time>2026-09-26T00:33:54.000Z</time>
        <extensions>
          <ns3:TrackPointExtension>
            <ns3:hr>122</ns3:hr>
            <ns3:cad>79</ns3:cad>
          </ns3:TrackPointExtension>
        </extensions>
      </trkpt>
      <trkpt lat="31.22177568264305591583251953125" lon="121.379732228815555572509765625">
        <ele>12.6000003814697265625</ele>
        <time>2026-09-26T00:33:55.000Z</time>
        <extensions>
          <ns3:TrackPointExtension>
            <ns3:hr>122</ns3:hr>
            <ns3:cad>78</ns3:cad>
          </ns3:TrackPointExtension>
        </extensions>
      </trkpt>
      <trkpt lat="31.22176847420632839202880859375" lon="121.3797521777451038360595703125">
        <ele>12.6000003814697265625</ele>
        <time>2026-09-26T00:33:56.000Z</time>
        <extensions>
          <ns3:TrackPointExtension>
            <ns3:hr>122</ns3:hr>
            <ns3:cad>78</ns3:cad>
          </ns3:TrackPointExtension>
        </extensions>
      </trkpt>
      <trkpt lat="31.22176042757928371429443359375" lon="121.3797733001410961151123046875">
        <ele>12.80000019073486328125</ele>
        <time>2026-09-26T00:33:57.000Z</time>
        <extensions>
          <ns3:TrackPointExtension>
            <ns3:hr>122</ns3:hr>
            <ns3:cad>78</ns3:cad>
          </ns3:TrackPointExtension>
        </extensions>
      </trkpt>
      <trkpt lat="31.221752464771270751953125" lon="121.37979618273675441741943359375">
        <ele>13</ele>
        <time>2026-09-26T00:33:58.000Z</time>
        <extensions>
          <ns3:TrackPointExtension>
            <ns3:hr>122</ns3:hr>
            <ns3:cad>78</ns3:cad>
          </ns3:TrackPointExtension>
        </extensions>
      </trkpt>
      <trkpt lat="31.22174450196325778961181640625" lon="121.37981831096112728118896484375">
        <ele>13</ele>
        <time>2026-09-26T00:33:59.000Z</time>
        <extensions>
          <ns3:TrackPointExtension>
            <ns3:hr>122</ns3:hr>
            <ns3:cad>78</ns3:cad>
          </ns3:TrackPointExtension>
        </extensions>
      </trkpt>
      <trkpt lat="31.22173662297427654266357421875" lon="121.379841864109039306640625">
        <ele>13</ele>
        <time>2026-09-26T00:34:00.000Z</time>
        <extensions>
          <ns3:TrackPointExtension>
            <ns3:hr>122</ns3:hr>
            <ns3:cad>77</ns3:cad>
          </ns3:TrackPointExtension>
        </extensions>
      </trkpt>
      <trkpt lat="31.22172807343304157257080078125" lon="121.37986424379050731658935546875">
        <ele>13.19999980926513671875</ele>
        <time>2026-09-26T00:34:01.000Z</time>
        <extensions>
          <ns3:TrackPointExtension>
            <ns3:hr>122</ns3:hr>
            <ns3:cad>78</ns3:cad>
          </ns3:TrackPointExtension>
        </extensions>
      </trkpt>
      <trkpt lat="31.22171960771083831787109375" lon="121.37988553382456302642822265625">
        <ele>13.19999980926513671875</ele>
        <time>2026-09-26T00:34:02.000Z</time>
        <extensions>
          <ns3:TrackPointExtension>
            <ns3:hr>122</ns3:hr>
            <ns3:cad>78</ns3:cad>
          </ns3:TrackPointExtension>
        </extensions>
      </trkpt>
      <trkpt lat="31.2217108905315399169921875" lon="121.37990715913474559783935546875">
        <ele>13.19999980926513671875</ele>
        <time>2026-09-26T00:34:03.000Z</time>
        <extensions>
          <ns3:TrackPointExtension>
            <ns3:hr>123</ns3:hr>
            <ns3:cad>80</ns3:cad>
          </ns3:TrackPointExtension>
        </extensions>
      </trkpt>
      <trkpt lat="31.22170376591384410858154296875" lon="121.37992727570235729217529296875">
        <ele>13.19999980926513671875</ele>
        <time>2026-09-26T00:34:04.000Z</time>
        <extensions>
          <ns3:TrackPointExtension>
            <ns3:hr>123</ns3:hr>
            <ns3:cad>80</ns3:cad>
          </ns3:TrackPointExtension>
        </extensions>
      </trkpt>
      <trkpt lat="31.22169739566743373870849609375" lon="121.3799483142793178558349609375">
        <ele>13.19999980926513671875</ele>
        <time>2026-09-26T00:34:05.000Z</time>
        <extensions>
          <ns3:TrackPointExtension>
            <ns3:hr>124</ns3:hr>
            <ns3:cad>80</ns3:cad>
          </ns3:TrackPointExtension>
        </extensions>
      </trkpt>
      <trkpt lat="31.2216912768781185150146484375" lon="121.37996935285627841949462890625">
        <ele>13.19999980926513671875</ele>
        <time>2026-09-26T00:34:06.000Z</time>
        <extensions>
          <ns3:TrackPointExtension>
            <ns3:hr>124</ns3:hr>
            <ns3:cad>79</ns3:cad>
          </ns3:TrackPointExtension>
        </extensions>
      </trkpt>
      <trkpt lat="31.2216845713555812835693359375" lon="121.37999005615711212158203125">
        <ele>13</ele>
        <time>2026-09-26T00:34:07.000Z</time>
        <extensions>
          <ns3:TrackPointExtension>
            <ns3:hr>124</ns3:hr>
            <ns3:cad>80</ns3:cad>
          </ns3:TrackPointExtension>
        </extensions>
      </trkpt>
      <trkpt lat="31.2216788716614246368408203125" lon="121.38001092709600925445556640625">
        <ele>13</ele>
        <time>2026-09-26T00:34:08.000Z</time>
        <extensions>
          <ns3:TrackPointExtension>
            <ns3:hr>124</ns3:hr>
            <ns3:cad>79</ns3:cad>
          </ns3:TrackPointExtension>
        </extensions>
      </trkpt>
      <trkpt lat="31.22167342342436313629150390625" lon="121.38003305532038211822509765625">
        <ele>12.80000019073486328125</ele>
        <time>2026-09-26T00:34:09.000Z</time>
        <extensions>
          <ns3:TrackPointExtension>
            <ns3:hr>124</ns3:hr>
            <ns3:cad>79</ns3:cad>
          </ns3:TrackPointExtension>
        </extensions>
      </trkpt>
      <trkpt lat="31.2216671369969844818115234375" lon="121.38005518354475498199462890625">
        <ele>12.6000003814697265625</ele>
        <time>2026-09-26T00:34:10.000Z</time>
        <extensions>
          <ns3:TrackPointExtension>
            <ns3:hr>125</ns3:hr>
            <ns3:cad>79</ns3:cad>
          </ns3:TrackPointExtension>
        </extensions>
      </trkpt>
      <trkpt lat="31.221661269664764404296875" lon="121.3800773955881595611572265625">
        <ele>12.6000003814697265625</ele>
        <time>2026-09-26T00:34:11.000Z</time>
        <extensions>
          <ns3:TrackPointExtension>
            <ns3:hr>124</ns3:hr>
            <ns3:cad>79</ns3:cad>
          </ns3:TrackPointExtension>
        </extensions>
      </trkpt>
      <trkpt lat="31.22165565378963947296142578125" lon="121.3800988532602787017822265625">
        <ele>12.3999996185302734375</ele>
        <time>2026-09-26T00:34:12.000Z</time>
        <extensions>
          <ns3:TrackPointExtension>
            <ns3:hr>124</ns3:hr>
            <ns3:cad>79</ns3:cad>
          </ns3:TrackPointExtension>
        </extensions>
      </trkpt>
      <trkpt lat="31.2216500379145145416259765625" lon="121.380120813846588134765625">
        <ele>12.3999996185302734375</ele>
        <time>2026-09-26T00:34:13.000Z</time>
        <extensions>
          <ns3:TrackPointExtension>
            <ns3:hr>125</ns3:hr>
            <ns3:cad>79</ns3:cad>
          </ns3:TrackPointExtension>
        </extensions>
      </trkpt>
      <trkpt lat="31.22164375148713588714599609375" lon="121.38014319352805614471435546875">
        <ele>12.3999996185302734375</ele>
        <time>2026-09-26T00:34:14.000Z</time>
        <extensions>
          <ns3:TrackPointExtension>
            <ns3:hr>124</ns3:hr>
            <ns3:cad>79</ns3:cad>
          </ns3:TrackPointExtension>
        </extensions>
      </trkpt>
      <trkpt lat="31.22163738124072551727294921875" lon="121.38016565702855587005615234375">
        <ele>12.3999996185302734375</ele>
        <time>2026-09-26T00:34:15.000Z</time>
        <extensions>
          <ns3:TrackPointExtension>
            <ns3:hr>124</ns3:hr>
            <ns3:cad>79</ns3:cad>
          </ns3:TrackPointExtension>
        </extensions>
      </trkpt>
      <trkpt lat="31.2216309271752834320068359375" lon="121.38018895871937274932861328125">
        <ele>12.3999996185302734375</ele>
        <time>2026-09-26T00:34:16.000Z</time>
        <extensions>
          <ns3:TrackPointExtension>
            <ns3:hr>124</ns3:hr>
            <ns3:cad>79</ns3:cad>
          </ns3:TrackPointExtension>
        </extensions>
      </trkpt>
      <trkpt lat="31.22162397019565105438232421875" lon="121.3802111707627773284912109375">
        <ele>12.3999996185302734375</ele>
        <time>2026-09-26T00:34:17.000Z</time>
        <extensions>
          <ns3:TrackPointExtension>
            <ns3:hr>124</ns3:hr>
            <ns3:cad>79</ns3:cad>
          </ns3:TrackPointExtension>
        </extensions>
      </trkpt>
      <trkpt lat="31.22161642648279666900634765625" lon="121.3802326284348964691162109375">
        <ele>12.19999980926513671875</ele>
        <time>2026-09-26T00:34:18.000Z</time>
        <extensions>
          <ns3:TrackPointExtension>
            <ns3:hr>124</ns3:hr>
            <ns3:cad>79</ns3:cad>
          </ns3:TrackPointExtension>
        </extensions>
      </trkpt>
      <trkpt lat="31.221608631312847137451171875" lon="121.38025400228798389434814453125">
        <ele>12.19999980926513671875</ele>
        <time>2026-09-26T00:34:19.000Z</time>
        <extensions>
          <ns3:TrackPointExtension>
            <ns3:hr>124</ns3:hr>
            <ns3:cad>79</ns3:cad>
          </ns3:TrackPointExtension>
        </extensions>
      </trkpt>
      <trkpt lat="31.22160167433321475982666015625" lon="121.38027646578848361968994140625">
        <ele>12</ele>
        <time>2026-09-26T00:34:20.000Z</time>
        <extensions>
          <ns3:TrackPointExtension>
            <ns3:hr>124</ns3:hr>
            <ns3:cad>80</ns3:cad>
          </ns3:TrackPointExtension>
        </extensions>
      </trkpt>
      <trkpt lat="31.22159463353455066680908203125" lon="121.38029851019382476806640625">
        <ele>12</ele>
        <time>2026-09-26T00:34:21.000Z</time>
        <extensions>
          <ns3:TrackPointExtension>
            <ns3:hr>124</ns3:hr>
            <ns3:cad>80</ns3:cad>
          </ns3:TrackPointExtension>
        </extensions>
      </trkpt>
      <trkpt lat="31.22158742509782314300537109375" lon="121.38032105751335620880126953125">
        <ele>12</ele>
        <time>2026-09-26T00:34:22.000Z</time>
        <extensions>
          <ns3:TrackPointExtension>
            <ns3:hr>124</ns3:hr>
            <ns3:cad>80</ns3:cad>
          </ns3:TrackPointExtension>
        </extensions>
      </trkpt>
      <trkpt lat="31.2215794622898101806640625" lon="121.38034301809966564178466796875">
        <ele>11.80000019073486328125</ele>
        <time>2026-09-26T00:34:23.000Z</time>
        <extensions>
          <ns3:TrackPointExtension>
            <ns3:hr>124</ns3:hr>
            <ns3:cad>80</ns3:cad>
          </ns3:TrackPointExtension>
        </extensions>
      </trkpt>
      <trkpt lat="31.2215722538530826568603515625" lon="121.38036514632403850555419921875">
        <ele>11.80000019073486328125</ele>
        <time>2026-09-26T00:34:24.000Z</time>
        <extensions>
          <ns3:TrackPointExtension>
            <ns3:hr>125</ns3:hr>
            <ns3:cad>80</ns3:cad>
          </ns3:TrackPointExtension>
        </extensions>
      </trkpt>
      <trkpt lat="31.22156579978764057159423828125" lon="121.38038878329098224639892578125">
        <ele>11.80000019073486328125</ele>
        <time>2026-09-26T00:34:25.000Z</time>
        <extensions>
          <ns3:TrackPointExtension>
            <ns3:hr>126</ns3:hr>
            <ns3:cad>80</ns3:cad>
          </ns3:TrackPointExtension>
        </extensions>
      </trkpt>
      <trkpt lat="31.22156001627445220947265625" lon="121.38041116297245025634765625">
        <ele>11.80000019073486328125</ele>
        <time>2026-09-26T00:34:26.000Z</time>
        <extensions>
          <ns3:TrackPointExtension>
            <ns3:hr>127</ns3:hr>
            <ns3:cad>80</ns3:cad>
          </ns3:TrackPointExtension>
        </extensions>
      </trkpt>
      <trkpt lat="31.22155372984707355499267578125" lon="121.3804327882826328277587890625">
        <ele>11.80000019073486328125</ele>
        <time>2026-09-26T00:34:27.000Z</time>
        <extensions>
          <ns3:TrackPointExtension>
            <ns3:hr>127</ns3:hr>
            <ns3:cad>80</ns3:cad>
          </ns3:TrackPointExtension>
        </extensions>
      </trkpt>
      <trkpt lat="31.221547611057758331298828125" lon="121.38045500032603740692138671875">
        <ele>11.80000019073486328125</ele>
        <time>2026-09-26T00:34:28.000Z</time>
        <extensions>
          <ns3:TrackPointExtension>
            <ns3:hr>127</ns3:hr>
            <ns3:cad>80</ns3:cad>
          </ns3:TrackPointExtension>
        </extensions>
      </trkpt>
      <trkpt lat="31.2215414084494113922119140625" lon="121.38047754764556884765625">
        <ele>11.6000003814697265625</ele>
        <time>2026-09-26T00:34:29.000Z</time>
        <extensions>
          <ns3:TrackPointExtension>
            <ns3:hr>127</ns3:hr>
            <ns3:cad>80</ns3:cad>
          </ns3:TrackPointExtension>
        </extensions>
      </trkpt>
      <trkpt lat="31.22153428383171558380126953125" lon="121.38049959205090999603271484375">
        <ele>11.6000003814697265625</ele>
        <time>2026-09-26T00:34:30.000Z</time>
        <extensions>
          <ns3:TrackPointExtension>
            <ns3:hr>128</ns3:hr>
            <ns3:cad>80</ns3:cad>
          </ns3:TrackPointExtension>
        </extensions>
      </trkpt>
      <trkpt lat="31.22152782976627349853515625" lon="121.3805206306278705596923828125">
        <ele>11.6000003814697265625</ele>
        <time>2026-09-26T00:34:31.000Z</time>
        <extensions>
          <ns3:TrackPointExtension>
            <ns3:hr>127</ns3:hr>
            <ns3:cad>80</ns3:cad>
          </ns3:TrackPointExtension>
        </extensions>
      </trkpt>
      <trkpt lat="31.221521794795989990234375" lon="121.38054150156676769256591796875">
        <ele>11.6000003814697265625</ele>
        <time>2026-09-26T00:34:32.000Z</time>
        <extensions>
          <ns3:TrackPointExtension>
            <ns3:hr>126</ns3:hr>
            <ns3:cad>80</ns3:cad>
          </ns3:TrackPointExtension>
        </extensions>
      </trkpt>
      <trkpt lat="31.22151584364473819732666015625" lon="121.38056337833404541015625">
        <ele>11.6000003814697265625</ele>
        <time>2026-09-26T00:34:33.000Z</time>
        <extensions>
          <ns3:TrackPointExtension>
            <ns3:hr>126</ns3:hr>
            <ns3:cad>79</ns3:cad>
          </ns3:TrackPointExtension>
        </extensions>
      </trkpt>
      <trkpt lat="31.2215095572173595428466796875" lon="121.38058357872068881988525390625">
        <ele>11.6000003814697265625</ele>
        <time>2026-09-26T00:34:34.000Z</time>
        <extensions>
          <ns3:TrackPointExtension>
            <ns3:hr>125</ns3:hr>
            <ns3:cad>78</ns3:cad>
          </ns3:TrackPointExtension>
        </extensions>
      </trkpt>
      <trkpt lat="31.22150368988513946533203125" lon="121.38060386292636394500732421875">
        <ele>11.6000003814697265625</ele>
        <time>2026-09-26T00:34:35.000Z</time>
        <extensions>
          <ns3:TrackPointExtension>
            <ns3:hr>125</ns3:hr>
            <ns3:cad>79</ns3:cad>
          </ns3:TrackPointExtension>
        </extensions>
      </trkpt>
      <trkpt lat="31.22149757109582424163818359375" lon="121.3806237280368804931640625">
        <ele>11.6000003814697265625</ele>
        <time>2026-09-26T00:34:36.000Z</time>
        <extensions>
          <ns3:TrackPointExtension>
            <ns3:hr>125</ns3:hr>
            <ns3:cad>79</ns3:cad>
          </ns3:TrackPointExtension>
        </extensions>
      </trkpt>
      <trkpt lat="31.22149103321135044097900390625" lon="121.38064376078546047210693359375">
        <ele>11.6000003814697265625</ele>
        <time>2026-09-26T00:34:37.000Z</time>
        <extensions>
          <ns3:TrackPointExtension>
            <ns3:hr>125</ns3:hr>
            <ns3:cad>79</ns3:cad>
          </ns3:TrackPointExtension>
        </extensions>
      </trkpt>
      <trkpt lat="31.2214850820600986480712890625" lon="121.38066320680081844329833984375">
        <ele>11.3999996185302734375</ele>
        <time>2026-09-26T00:34:38.000Z</time>
        <extensions>
          <ns3:TrackPointExtension>
            <ns3:hr>124</ns3:hr>
            <ns3:cad>79</ns3:cad>
          </ns3:TrackPointExtension>
        </extensions>
      </trkpt>
      <trkpt lat="31.2214787118136882781982421875" lon="121.38068131171166896820068359375">
        <ele>11.3999996185302734375</ele>
        <time>2026-09-26T00:34:39.000Z</time>
        <extensions>
          <ns3:TrackPointExtension>
            <ns3:hr>124</ns3:hr>
            <ns3:cad>79</ns3:cad>
          </ns3:TrackPointExtension>
        </extensions>
      </trkpt>
      <trkpt lat="31.2214713357388973236083984375" lon="121.3807020150125026702880859375">
        <ele>11.3999996185302734375</ele>
        <time>2026-09-26T00:34:40.000Z</time>
        <extensions>
          <ns3:TrackPointExtension>
            <ns3:hr>124</ns3:hr>
            <ns3:cad>79</ns3:cad>
          </ns3:TrackPointExtension>
        </extensions>
      </trkpt>
      <trkpt lat="31.22146454639732837677001953125" lon="121.3807229697704315185546875">
        <ele>11.3999996185302734375</ele>
        <time>2026-09-26T00:34:41.000Z</time>
        <extensions>
          <ns3:TrackPointExtension>
            <ns3:hr>124</ns3:hr>
            <ns3:cad>80</ns3:cad>
          </ns3:TrackPointExtension>
        </extensions>
      </trkpt>
      <trkpt lat="31.221457421779632568359375" lon="121.38074534945189952850341796875">
        <ele>11.3999996185302734375</ele>
        <time>2026-09-26T00:34:42.000Z</time>
        <extensions>
          <ns3:TrackPointExtension>
            <ns3:hr>124</ns3:hr>
            <ns3:cad>80</ns3:cad>
          </ns3:TrackPointExtension>
        </extensions>
      </trkpt>
      <trkpt lat="31.22145063243806362152099609375" lon="121.3807667233049869537353515625">
        <ele>11.19999980926513671875</ele>
        <time>2026-09-26T00:34:43.000Z</time>
        <extensions>
          <ns3:TrackPointExtension>
            <ns3:hr>124</ns3:hr>
            <ns3:cad>80</ns3:cad>
          </ns3:TrackPointExtension>
        </extensions>
      </trkpt>
      <trkpt lat="31.221443675458431243896484375" lon="121.38078776188194751739501953125">
        <ele>11.19999980926513671875</ele>
        <time>2026-09-26T00:34:44.000Z</time>
        <extensions>
          <ns3:TrackPointExtension>
            <ns3:hr>124</ns3:hr>
            <ns3:cad>80</ns3:cad>
          </ns3:TrackPointExtension>
        </extensions>
      </trkpt>
      <trkpt lat="31.22143722139298915863037109375" lon="121.3808089680969715118408203125">
        <ele>11.19999980926513671875</ele>
        <time>2026-09-26T00:34:45.000Z</time>
        <extensions>
          <ns3:TrackPointExtension>
            <ns3:hr>124</ns3:hr>
            <ns3:cad>80</ns3:cad>
          </ns3:TrackPointExtension>
        </extensions>
      </trkpt>
      <trkpt lat="31.22143127024173736572265625" lon="121.38083034195005893707275390625">
        <ele>11.19999980926513671875</ele>
        <time>2026-09-26T00:34:46.000Z</time>
        <extensions>
          <ns3:TrackPointExtension>
            <ns3:hr>124</ns3:hr>
            <ns3:cad>79</ns3:cad>
          </ns3:TrackPointExtension>
        </extensions>
      </trkpt>
      <trkpt lat="31.22142456471920013427734375" lon="121.3808508776128292083740234375">
        <ele>11.19999980926513671875</ele>
        <time>2026-09-26T00:34:47.000Z</time>
        <extensions>
          <ns3:TrackPointExtension>
            <ns3:hr>123</ns3:hr>
            <ns3:cad>77</ns3:cad>
          </ns3:TrackPointExtension>
        </extensions>
      </trkpt>
      <trkpt lat="31.22141777537763118743896484375" lon="121.38087023980915546417236328125">
        <ele>11.19999980926513671875</ele>
        <time>2026-09-26T00:34:48.000Z</time>
        <extensions>
          <ns3:TrackPointExtension>
            <ns3:hr>123</ns3:hr>
            <ns3:cad>78</ns3:cad>
          </ns3:TrackPointExtension>
        </extensions>
      </trkpt>
      <trkpt lat="31.22141073457896709442138671875" lon="121.38088985346257686614990234375">
        <ele>11.19999980926513671875</ele>
        <time>2026-09-26T00:34:49.000Z</time>
        <extensions>
          <ns3:TrackPointExtension>
            <ns3:hr>122</ns3:hr>
            <ns3:cad>78</ns3:cad>
          </ns3:TrackPointExtension>
        </extensions>
      </trkpt>
      <trkpt lat="31.22140285558998584747314453125" lon="121.3809102214872837066650390625">
        <ele>11.19999980926513671875</ele>
        <time>2026-09-26T00:34:50.000Z</time>
        <extensions>
          <ns3:TrackPointExtension>
            <ns3:hr>122</ns3:hr>
            <ns3:cad>78</ns3:cad>
          </ns3:TrackPointExtension>
        </extensions>
      </trkpt>
      <trkpt lat="31.22139497660100460052490234375" lon="121.380929835140705108642578125">
        <ele>11.19999980926513671875</ele>
        <time>2026-09-26T00:34:51.000Z</time>
        <extensions>
          <ns3:TrackPointExtension>
            <ns3:hr>122</ns3:hr>
            <ns3:cad>79</ns3:cad>
          </ns3:TrackPointExtension>
        </extensions>
      </trkpt>
      <trkpt lat="31.22138776816427707672119140625" lon="121.3809511251747608184814453125">
        <ele>11.19999980926513671875</ele>
        <time>2026-09-26T00:34:52.000Z</time>
        <extensions>
          <ns3:TrackPointExtension>
            <ns3:hr>122</ns3:hr>
            <ns3:cad>79</ns3:cad>
          </ns3:TrackPointExtension>
        </extensions>
      </trkpt>
      <trkpt lat="31.22138089500367641448974609375" lon="121.38096948154270648956298828125">
        <ele>11.19999980926513671875</ele>
        <time>2026-09-26T00:34:53.000Z</time>
        <extensions>
          <ns3:TrackPointExtension>
            <ns3:hr>122</ns3:hr>
            <ns3:cad>79</ns3:cad>
          </ns3:TrackPointExtension>
        </extensions>
      </trkpt>
      <trkpt lat="31.22137418948113918304443359375" lon="121.3809896819293498992919921875">
        <ele>11.19999980926513671875</ele>
        <time>2026-09-26T00:34:54.000Z</time>
        <extensions>
          <ns3:TrackPointExtension>
            <ns3:hr>122</ns3:hr>
            <ns3:cad>79</ns3:cad>
          </ns3:TrackPointExtension>
        </extensions>
      </trkpt>
      <trkpt lat="31.2213680706918239593505859375" lon="121.381009630858898162841796875">
        <ele>11.19999980926513671875</ele>
        <time>2026-09-26T00:34:55.000Z</time>
        <extensions>
          <ns3:TrackPointExtension>
            <ns3:hr>122</ns3:hr>
            <ns3:cad>79</ns3:cad>
          </ns3:TrackPointExtension>
        </extensions>
      </trkpt>
      <trkpt lat="31.22136161662638187408447265625" lon="121.3810309208929538726806640625">
        <ele>11</ele>
        <time>2026-09-26T00:34:56.000Z</time>
        <extensions>
          <ns3:TrackPointExtension>
            <ns3:hr>122</ns3:hr>
            <ns3:cad>80</ns3:cad>
          </ns3:TrackPointExtension>
        </extensions>
      </trkpt>
      <trkpt lat="31.22135491110384464263916015625" lon="121.38105162419378757476806640625">
        <ele>11</ele>
        <time>2026-09-26T00:34:57.000Z</time>
        <extensions>
          <ns3:TrackPointExtension>
            <ns3:hr>121</ns3:hr>
            <ns3:cad>80</ns3:cad>
          </ns3:TrackPointExtension>
        </extensions>
      </trkpt>
      <trkpt lat="31.221347786486148834228515625" lon="121.38107442297041416168212890625">
        <ele>11</ele>
        <time>2026-09-26T00:34:58.000Z</time>
        <extensions>
          <ns3:TrackPointExtension>
            <ns3:hr>122</ns3:hr>
            <ns3:cad>80</ns3:cad>
          </ns3:TrackPointExtension>
        </extensions>
      </trkpt>
      <trkpt lat="31.22134116478264331817626953125" lon="121.38109621591866016387939453125">
        <ele>11</ele>
        <time>2026-09-26T00:34:59.000Z</time>
        <extensions>
          <ns3:TrackPointExtension>
            <ns3:hr>122</ns3:hr>
            <ns3:cad>80</ns3:cad>
          </ns3:TrackPointExtension>
        </extensions>
      </trkpt>
      <trkpt lat="31.2213345430791378021240234375" lon="121.38111700303852558135986328125">
        <ele>11</ele>
        <time>2026-09-26T00:35:00.000Z</time>
        <extensions>
          <ns3:TrackPointExtension>
            <ns3:hr>122</ns3:hr>
            <ns3:cad>79</ns3:cad>
          </ns3:TrackPointExtension>
        </extensions>
      </trkpt>
      <trkpt lat="31.22132808901369571685791015625" lon="121.38113846071064472198486328125">
        <ele>10.80000019073486328125</ele>
        <time>2026-09-26T00:35:01.000Z</time>
        <extensions>
          <ns3:TrackPointExtension>
            <ns3:hr>122</ns3:hr>
            <ns3:cad>79</ns3:cad>
          </ns3:TrackPointExtension>
        </extensions>
      </trkpt>
      <trkpt lat="31.221320964395999908447265625" lon="121.38115958310663700103759765625">
        <ele>10.80000019073486328125</ele>
        <time>2026-09-26T00:35:02.000Z</time>
        <extensions>
          <ns3:TrackPointExtension>
            <ns3:hr>122</ns3:hr>
            <ns3:cad>79</ns3:cad>
          </ns3:TrackPointExtension>
        </extensions>
      </trkpt>
      <trkpt lat="31.221313588321208953857421875" lon="121.38118204660713672637939453125">
        <ele>10.80000019073486328125</ele>
        <time>2026-09-26T00:35:03.000Z</time>
        <extensions>
          <ns3:TrackPointExtension>
            <ns3:hr>122</ns3:hr>
            <ns3:cad>79</ns3:cad>
          </ns3:TrackPointExtension>
        </extensions>
      </trkpt>
      <trkpt lat="31.22130746953189373016357421875" lon="121.38120333664119243621826171875">
        <ele>10.80000019073486328125</ele>
        <time>2026-09-26T00:35:04.000Z</time>
        <extensions>
          <ns3:TrackPointExtension>
            <ns3:hr>122</ns3:hr>
            <ns3:cad>79</ns3:cad>
          </ns3:TrackPointExtension>
        </extensions>
      </trkpt>
      <trkpt lat="31.221300177276134490966796875" lon="121.381226219236850738525390625">
        <ele>10.80000019073486328125</ele>
        <time>2026-09-26T00:35:05.000Z</time>
        <extensions>
          <ns3:TrackPointExtension>
            <ns3:hr>122</ns3:hr>
            <ns3:cad>80</ns3:cad>
          </ns3:TrackPointExtension>
        </extensions>
      </trkpt>
      <trkpt lat="31.22129338793456554412841796875" lon="121.3812488503754138946533203125">
        <ele>11</ele>
        <time>2026-09-26T00:35:06.000Z</time>
        <extensions>
          <ns3:TrackPointExtension>
            <ns3:hr>123</ns3:hr>
            <ns3:cad>80</ns3:cad>
          </ns3:TrackPointExtension>
        </extensions>
      </trkpt>
      <trkpt lat="31.22128668241202831268310546875" lon="121.38127106241881847381591796875">
        <ele>11</ele>
        <time>2026-09-26T00:35:07.000Z</time>
        <extensions>
          <ns3:TrackPointExtension>
            <ns3:hr>123</ns3:hr>
            <ns3:cad>80</ns3:cad>
          </ns3:TrackPointExtension>
        </extensions>
      </trkpt>
      <trkpt lat="31.22127947397530078887939453125" lon="121.3812934421002864837646484375">
        <ele>11.19999980926513671875</ele>
        <time>2026-09-26T00:35:08.000Z</time>
        <extensions>
          <ns3:TrackPointExtension>
            <ns3:hr>123</ns3:hr>
            <ns3:cad>80</ns3:cad>
          </ns3:TrackPointExtension>
        </extensions>
      </trkpt>
      <trkpt lat="31.22127276845276355743408203125" lon="121.3813128881156444549560546875">
        <ele>11.19999980926513671875</ele>
        <time>2026-09-26T00:35:09.000Z</time>
        <extensions>
          <ns3:TrackPointExtension>
            <ns3:hr>124</ns3:hr>
            <ns3:cad>80</ns3:cad>
          </ns3:TrackPointExtension>
        </extensions>
      </trkpt>
      <trkpt lat="31.221266649663448333740234375" lon="121.38133384287357330322265625">
        <ele>11.19999980926513671875</ele>
        <time>2026-09-26T00:35:10.000Z</time>
        <extensions>
          <ns3:TrackPointExtension>
            <ns3:hr>124</ns3:hr>
            <ns3:cad>80</ns3:cad>
          </ns3:TrackPointExtension>
        </extensions>
      </trkpt>
      <trkpt lat="31.22126103378832340240478515625" lon="121.381355635821819305419921875">
        <ele>11.19999980926513671875</ele>
        <time>2026-09-26T00:35:11.000Z</time>
        <extensions>
          <ns3:TrackPointExtension>
            <ns3:hr>124</ns3:hr>
            <ns3:cad>80</ns3:cad>
          </ns3:TrackPointExtension>
        </extensions>
      </trkpt>
      <trkpt lat="31.2212557531893253326416015625" lon="121.3813755847513675689697265625">
        <ele>11.19999980926513671875</ele>
        <time>2026-09-26T00:35:12.000Z</time>
        <extensions>
          <ns3:TrackPointExtension>
            <ns3:hr>123</ns3:hr>
            <ns3:cad>80</ns3:cad>
          </ns3:TrackPointExtension>
        </extensions>
      </trkpt>
      <trkpt lat="31.22125013731420040130615234375" lon="121.381396539509296417236328125">
        <ele>11.19999980926513671875</ele>
        <time>2026-09-26T00:35:13.000Z</time>
        <extensions>
          <ns3:TrackPointExtension>
            <ns3:hr>122</ns3:hr>
            <ns3:cad>80</ns3:cad>
          </ns3:TrackPointExtension>
        </extensions>
      </trkpt>
      <trkpt lat="31.22124527581036090850830078125" lon="121.3814168237149715423583984375">
        <ele>11.19999980926513671875</ele>
        <time>2026-09-26T00:35:14.000Z</time>
        <extensions>
          <ns3:TrackPointExtension>
            <ns3:hr>122</ns3:hr>
            <ns3:cad>80</ns3:cad>
          </ns3:TrackPointExtension>
        </extensions>
      </trkpt>
      <trkpt lat="31.2212396599352359771728515625" lon="121.38143710792064666748046875">
        <ele>11</ele>
        <time>2026-09-26T00:35:15.000Z</time>
        <extensions>
          <ns3:TrackPointExtension>
            <ns3:hr>122</ns3:hr>
            <ns3:cad>80</ns3:cad>
          </ns3:TrackPointExtension>
        </extensions>
      </trkpt>
      <trkpt lat="31.221233792603015899658203125" lon="121.3814578950405120849609375">
        <ele>11</ele>
        <time>2026-09-26T00:35:16.000Z</time>
        <extensions>
          <ns3:TrackPointExtension>
            <ns3:hr>122</ns3:hr>
            <ns3:cad>80</ns3:cad>
          </ns3:TrackPointExtension>
        </extensions>
      </trkpt>
      <trkpt lat="31.22122918255627155303955078125" lon="121.381480693817138671875">
        <ele>11</ele>
        <time>2026-09-26T00:35:17.000Z</time>
        <extensions>
          <ns3:TrackPointExtension>
            <ns3:hr>122</ns3:hr>
            <ns3:cad>79</ns3:cad>
          </ns3:TrackPointExtension>
        </extensions>
      </trkpt>
      <trkpt lat="31.2212254106998443603515625" lon="121.3815013132989406585693359375">
        <ele>10.80000019073486328125</ele>
        <time>2026-09-26T00:35:18.000Z</time>
        <extensions>
          <ns3:TrackPointExtension>
            <ns3:hr>122</ns3:hr>
            <ns3:cad>80</ns3:cad>
          </ns3:TrackPointExtension>
        </extensions>
      </trkpt>
      <trkpt lat="31.22121979482471942901611328125" lon="121.381519250571727752685546875">
        <ele>10.80000019073486328125</ele>
        <time>2026-09-26T00:35:19.000Z</time>
        <extensions>
          <ns3:TrackPointExtension>
            <ns3:hr>122</ns3:hr>
            <ns3:cad>79</ns3:cad>
          </ns3:TrackPointExtension>
        </extensions>
      </trkpt>
      <trkpt lat="31.221215017139911651611328125" lon="121.38153643347322940826416015625">
        <ele>10.6000003814697265625</ele>
        <time>2026-09-26T00:35:20.000Z</time>
        <extensions>
          <ns3:TrackPointExtension>
            <ns3:hr>122</ns3:hr>
            <ns3:cad>78</ns3:cad>
          </ns3:TrackPointExtension>
        </extensions>
      </trkpt>
      <trkpt lat="31.22120990417897701263427734375" lon="121.38155504129827022552490234375">
        <ele>10.6000003814697265625</ele>
        <time>2026-09-26T00:35:21.000Z</time>
        <extensions>
          <ns3:TrackPointExtension>
            <ns3:hr>122</ns3:hr>
            <ns3:cad>78</ns3:cad>
          </ns3:TrackPointExtension>
        </extensions>
      </trkpt>
      <trkpt lat="31.22120353393256664276123046875" lon="121.38157348148524761199951171875">
        <ele>10.6000003814697265625</ele>
        <time>2026-09-26T00:35:22.000Z</time>
        <extensions>
          <ns3:TrackPointExtension>
            <ns3:hr>122</ns3:hr>
            <ns3:cad>78</ns3:cad>
          </ns3:TrackPointExtension>
        </extensions>
      </trkpt>
      <trkpt lat="31.22119615785777568817138671875" lon="121.38159275986254215240478515625">
        <ele>10.6000003814697265625</ele>
        <time>2026-09-26T00:35:23.000Z</time>
        <extensions>
          <ns3:TrackPointExtension>
            <ns3:hr>121</ns3:hr>
            <ns3:cad>78</ns3:cad>
          </ns3:TrackPointExtension>
        </extensions>
      </trkpt>
      <trkpt lat="31.22118945233523845672607421875" lon="121.3816136308014392852783203125">
        <ele>10.3999996185302734375</ele>
        <time>2026-09-26T00:35:24.000Z</time>
        <extensions>
          <ns3:TrackPointExtension>
            <ns3:hr>122</ns3:hr>
            <ns3:cad>79</ns3:cad>
          </ns3:TrackPointExtension>
        </extensions>
      </trkpt>
      <trkpt lat="31.22118174098432064056396484375" lon="121.38163835741579532623291015625">
        <ele>10.3999996185302734375</ele>
        <time>2026-09-26T00:35:25.000Z</time>
        <extensions>
          <ns3:TrackPointExtension>
            <ns3:hr>122</ns3:hr>
            <ns3:cad>79</ns3:cad>
          </ns3:TrackPointExtension>
        </extensions>
      </trkpt>
      <trkpt lat="31.22117235325276851654052734375" lon="121.38166450895369052886962890625">
        <ele>10.3999996185302734375</ele>
        <time>2026-09-26T00:35:26.000Z</time>
        <extensions>
          <ns3:TrackPointExtension>
            <ns3:hr>122</ns3:hr>
            <ns3:cad>79</ns3:cad>
          </ns3:TrackPointExtension>
        </extensions>
      </trkpt>
      <trkpt lat="31.22116397134959697723388671875" lon="121.381690241396427154541015625">
        <ele>10.3999996185302734375</ele>
        <time>2026-09-26T00:35:27.000Z</time>
        <extensions>
          <ns3:TrackPointExtension>
            <ns3:hr>122</ns3:hr>
            <ns3:cad>79</ns3:cad>
          </ns3:TrackPointExtension>
        </extensions>
      </trkpt>
      <trkpt lat="31.221156008541584014892578125" lon="121.3817162252962589263916015625">
        <ele>10.3999996185302734375</ele>
        <time>2026-09-26T00:35:28.000Z</time>
        <extensions>
          <ns3:TrackPointExtension>
            <ns3:hr>122</ns3:hr>
            <ns3:cad>80</ns3:cad>
          </ns3:TrackPointExtension>
        </extensions>
      </trkpt>
      <trkpt lat="31.22114754281938076019287109375" lon="121.38174019753932952880859375">
        <ele>10.3999996185302734375</ele>
        <time>2026-09-26T00:35:29.000Z</time>
        <extensions>
          <ns3:TrackPointExtension>
            <ns3:hr>122</ns3:hr>
            <ns3:cad>80</ns3:cad>
          </ns3:TrackPointExtension>
        </extensions>
      </trkpt>
      <trkpt lat="31.22113865800201892852783203125" lon="121.38176157139241695404052734375">
        <ele>10.3999996185302734375</ele>
        <time>2026-09-26T00:35:30.000Z</time>
        <extensions>
          <ns3:TrackPointExtension>
            <ns3:hr>122</ns3:hr>
            <ns3:cad>79</ns3:cad>
          </ns3:TrackPointExtension>
        </extensions>
      </trkpt>
      <trkpt lat="31.2211303599178791046142578125" lon="121.38178235851228237152099609375">
        <ele>10.3999996185302734375</ele>
        <time>2026-09-26T00:35:31.000Z</time>
        <extensions>
          <ns3:TrackPointExtension>
            <ns3:hr>122</ns3:hr>
            <ns3:cad>79</ns3:cad>
          </ns3:TrackPointExtension>
        </extensions>
      </trkpt>
      <trkpt lat="31.22112155891954898834228515625" lon="121.38180213980376720428466796875">
        <ele>10.3999996185302734375</ele>
        <time>2026-09-26T00:35:32.000Z</time>
        <extensions>
          <ns3:TrackPointExtension>
            <ns3:hr>121</ns3:hr>
            <ns3:cad>79</ns3:cad>
          </ns3:TrackPointExtension>
        </extensions>
      </trkpt>
      <trkpt lat="31.22111317701637744903564453125" lon="121.38182192109525203704833984375">
        <ele>10.3999996185302734375</ele>
        <time>2026-09-26T00:35:33.000Z</time>
        <extensions>
          <ns3:TrackPointExtension>
            <ns3:hr>122</ns3:hr>
            <ns3:cad>79</ns3:cad>
          </ns3:TrackPointExtension>
        </extensions>
      </trkpt>
      <trkpt lat="31.22110672295093536376953125" lon="121.38184002600610256195068359375">
        <ele>10.3999996185302734375</ele>
        <time>2026-09-26T00:35:34.000Z</time>
        <extensions>
          <ns3:TrackPointExtension>
            <ns3:hr>122</ns3:hr>
            <ns3:cad>80</ns3:cad>
          </ns3:TrackPointExtension>
        </extensions>
      </trkpt>
      <trkpt lat="31.2211001850664615631103515625" lon="121.38185796327888965606689453125">
        <ele>10.3999996185302734375</ele>
        <time>2026-09-26T00:35:35.000Z</time>
        <extensions>
          <ns3:TrackPointExtension>
            <ns3:hr>122</ns3:hr>
            <ns3:cad>80</ns3:cad>
          </ns3:TrackPointExtension>
        </extensions>
      </trkpt>
      <trkpt lat="31.22109356336295604705810546875" lon="121.38187690638005733489990234375">
        <ele>10.3999996185302734375</ele>
        <time>2026-09-26T00:35:36.000Z</time>
        <extensions>
          <ns3:TrackPointExtension>
            <ns3:hr>122</ns3:hr>
            <ns3:cad>80</ns3:cad>
          </ns3:TrackPointExtension>
        </extensions>
      </trkpt>
      <trkpt lat="31.22108794748783111572265625" lon="121.3818959333002567291259765625">
        <ele>10.3999996185302734375</ele>
        <time>2026-09-26T00:35:37.000Z</time>
        <extensions>
          <ns3:TrackPointExtension>
            <ns3:hr>122</ns3:hr>
            <ns3:cad>80</ns3:cad>
          </ns3:TrackPointExtension>
        </extensions>
      </trkpt>
      <trkpt lat="31.2210817448794841766357421875" lon="121.38191496022045612335205078125">
        <ele>10.3999996185302734375</ele>
        <time>2026-09-26T00:35:38.000Z</time>
        <extensions>
          <ns3:TrackPointExtension>
            <ns3:hr>122</ns3:hr>
            <ns3:cad>80</ns3:cad>
          </ns3:TrackPointExtension>
        </extensions>
      </trkpt>
      <trkpt lat="31.22107512317597866058349609375" lon="121.381934992969036102294921875">
        <ele>10.3999996185302734375</ele>
        <time>2026-09-26T00:35:39.000Z</time>
        <extensions>
          <ns3:TrackPointExtension>
            <ns3:hr>122</ns3:hr>
            <ns3:cad>80</ns3:cad>
          </ns3:TrackPointExtension>
        </extensions>
      </trkpt>
      <trkpt lat="31.22106925584375858306884765625" lon="121.38195536099374294281005859375">
        <ele>10.6000003814697265625</ele>
        <time>2026-09-26T00:35:40.000Z</time>
        <extensions>
          <ns3:TrackPointExtension>
            <ns3:hr>122</ns3:hr>
            <ns3:cad>80</ns3:cad>
          </ns3:TrackPointExtension>
        </extensions>
      </trkpt>
      <trkpt lat="31.2210643105208873748779296875" lon="121.3819755613803863525390625">
        <ele>10.6000003814697265625</ele>
        <time>2026-09-26T00:35:41.000Z</time>
        <extensions>
          <ns3:TrackPointExtension>
            <ns3:hr>122</ns3:hr>
            <ns3:cad>79</ns3:cad>
          </ns3:TrackPointExtension>
        </extensions>
      </trkpt>
      <trkpt lat="31.22105819173157215118408203125" lon="121.38199861161410808563232421875">
        <ele>10.6000003814697265625</ele>
        <time>2026-09-26T00:35:42.000Z</time>
        <extensions>
          <ns3:TrackPointExtension>
            <ns3:hr>122</ns3:hr>
            <ns3:cad>79</ns3:cad>
          </ns3:TrackPointExtension>
        </extensions>
      </trkpt>
      <trkpt lat="31.2210535816848278045654296875" lon="121.382020153105258941650390625">
        <ele>10.6000003814697265625</ele>
        <time>2026-09-26T00:35:43.000Z</time>
        <extensions>
          <ns3:TrackPointExtension>
            <ns3:hr>122</ns3:hr>
            <ns3:cad>78</ns3:cad>
          </ns3:TrackPointExtension>
        </extensions>
      </trkpt>
      <trkpt lat="31.2210495583713054656982421875" lon="121.382040940225124359130859375">
        <ele>10.6000003814697265625</ele>
        <time>2026-09-26T00:35:44.000Z</time>
        <extensions>
          <ns3:TrackPointExtension>
            <ns3:hr>121</ns3:hr>
            <ns3:cad>78</ns3:cad>
          </ns3:TrackPointExtension>
        </extensions>
      </trkpt>
      <trkpt lat="31.22104427777230739593505859375" lon="121.3820615597069263458251953125">
        <ele>10.6000003814697265625</ele>
        <time>2026-09-26T00:35:45.000Z</time>
        <extensions>
          <ns3:TrackPointExtension>
            <ns3:hr>121</ns3:hr>
            <ns3:cad>78</ns3:cad>
          </ns3:TrackPointExtension>
        </extensions>
      </trkpt>
      <trkpt lat="31.22103966772556304931640625" lon="121.38208360411226749420166015625">
        <ele>10.3999996185302734375</ele>
        <time>2026-09-26T00:35:46.000Z</time>
        <extensions>
          <ns3:TrackPointExtension>
            <ns3:hr>120</ns3:hr>
            <ns3:cad>78</ns3:cad>
          </ns3:TrackPointExtension>
        </extensions>
      </trkpt>
      <trkpt lat="31.2210351414978504180908203125" lon="121.38210573233664035797119140625">
        <ele>10.3999996185302734375</ele>
        <time>2026-09-26T00:35:47.000Z</time>
        <extensions>
          <ns3:TrackPointExtension>
            <ns3:hr>120</ns3:hr>
            <ns3:cad>78</ns3:cad>
          </ns3:TrackPointExtension>
        </extensions>
      </trkpt>
      <trkpt lat="31.2210301123559474945068359375" lon="121.3821284472942352294921875">
        <ele>10.19999980926513671875</ele>
        <time>2026-09-26T00:35:48.000Z</time>
        <extensions>
          <ns3:TrackPointExtension>
            <ns3:hr>120</ns3:hr>
            <ns3:cad>78</ns3:cad>
          </ns3:TrackPointExtension>
        </extensions>
      </trkpt>
      <trkpt lat="31.2210250832140445709228515625" lon="121.382150910794734954833984375">
        <ele>10.19999980926513671875</ele>
        <time>2026-09-26T00:35:49.000Z</time>
        <extensions>
          <ns3:TrackPointExtension>
            <ns3:hr>120</ns3:hr>
            <ns3:cad>77</ns3:cad>
          </ns3:TrackPointExtension>
        </extensions>
      </trkpt>
      <trkpt lat="31.22102097608149051666259765625" lon="121.38217261992394924163818359375">
        <ele>10.19999980926513671875</ele>
        <time>2026-09-26T00:35:50.000Z</time>
        <extensions>
          <ns3:TrackPointExtension>
            <ns3:hr>120</ns3:hr>
            <ns3:cad>77</ns3:cad>
          </ns3:TrackPointExtension>
        </extensions>
      </trkpt>
      <trkpt lat="31.2210160307586193084716796875" lon="121.3821936585009098052978515625">
        <ele>10.19999980926513671875</ele>
        <time>2026-09-26T00:35:51.000Z</time>
        <extensions>
          <ns3:TrackPointExtension>
            <ns3:hr>120</ns3:hr>
            <ns3:cad>77</ns3:cad>
          </ns3:TrackPointExtension>
        </extensions>
      </trkpt>
      <trkpt lat="31.2210116721689701080322265625" lon="121.38221302069723606109619140625">
        <ele>10.19999980926513671875</ele>
        <time>2026-09-26T00:35:52.000Z</time>
        <extensions>
          <ns3:TrackPointExtension>
            <ns3:hr>120</ns3:hr>
            <ns3:cad>78</ns3:cad>
          </ns3:TrackPointExtension>
        </extensions>
      </trkpt>
      <trkpt lat="31.22100739739835262298583984375" lon="121.3822330534458160400390625">
        <ele>10.19999980926513671875</ele>
        <time>2026-09-26T00:35:53.000Z</time>
        <extensions>
          <ns3:TrackPointExtension>
            <ns3:hr>121</ns3:hr>
            <ns3:cad>78</ns3:cad>
          </ns3:TrackPointExtension>
        </extensions>
      </trkpt>
      <trkpt lat="31.22100287117063999176025390625" lon="121.38225291855633258819580078125">
        <ele>10.19999980926513671875</ele>
        <time>2026-09-26T00:35:54.000Z</time>
        <extensions>
          <ns3:TrackPointExtension>
            <ns3:hr>121</ns3:hr>
            <ns3:cad>78</ns3:cad>
          </ns3:TrackPointExtension>
        </extensions>
      </trkpt>
      <trkpt lat="31.2209969200193881988525390625" lon="121.38227471150457859039306640625">
        <ele>10.3999996185302734375</ele>
        <time>2026-09-26T00:35:55.000Z</time>
        <extensions>
          <ns3:TrackPointExtension>
            <ns3:hr>121</ns3:hr>
            <ns3:cad>78</ns3:cad>
          </ns3:TrackPointExtension>
        </extensions>
      </trkpt>
      <trkpt lat="31.220991723239421844482421875" lon="121.3822952471673488616943359375">
        <ele>10.3999996185302734375</ele>
        <time>2026-09-26T00:35:56.000Z</time>
        <extensions>
          <ns3:TrackPointExtension>
            <ns3:hr>121</ns3:hr>
            <ns3:cad>78</ns3:cad>
          </ns3:TrackPointExtension>
        </extensions>
      </trkpt>
      <trkpt lat="31.220986358821392059326171875" lon="121.38231729157269001007080078125">
        <ele>10.3999996185302734375</ele>
        <time>2026-09-26T00:35:57.000Z</time>
        <extensions>
          <ns3:TrackPointExtension>
            <ns3:hr>122</ns3:hr>
            <ns3:cad>78</ns3:cad>
          </ns3:TrackPointExtension>
        </extensions>
      </trkpt>
      <trkpt lat="31.22098057530820369720458984375" lon="121.3823395036160945892333984375">
        <ele>10.3999996185302734375</ele>
        <time>2026-09-26T00:35:58.000Z</time>
        <extensions>
          <ns3:TrackPointExtension>
            <ns3:hr>122</ns3:hr>
            <ns3:cad>78</ns3:cad>
          </ns3:TrackPointExtension>
        </extensions>
      </trkpt>
      <trkpt lat="31.22097521089017391204833984375" lon="121.382362134754657745361328125">
        <ele>10.3999996185302734375</ele>
        <time>2026-09-26T00:35:59.000Z</time>
        <extensions>
          <ns3:TrackPointExtension>
            <ns3:hr>122</ns3:hr>
            <ns3:cad>78</ns3:cad>
          </ns3:TrackPointExtension>
        </extensions>
      </trkpt>
      <trkpt lat="31.22096967883408069610595703125" lon="121.38238568790256977081298828125">
        <ele>10.3999996185302734375</ele>
        <time>2026-09-26T00:36:00.000Z</time>
        <extensions>
          <ns3:TrackPointExtension>
            <ns3:hr>122</ns3:hr>
            <ns3:cad>78</ns3:cad>
          </ns3:TrackPointExtension>
        </extensions>
      </trkpt>
      <trkpt lat="31.22096464969217777252197265625" lon="121.38240848667919635772705078125">
        <ele>10.3999996185302734375</ele>
        <time>2026-09-26T00:36:01.000Z</time>
        <extensions>
          <ns3:TrackPointExtension>
            <ns3:hr>122</ns3:hr>
            <ns3:cad>78</ns3:cad>
          </ns3:TrackPointExtension>
        </extensions>
      </trkpt>
      <trkpt lat="31.22095945291221141815185546875" lon="121.3824315369129180908203125">
        <ele>10.3999996185302734375</ele>
        <time>2026-09-26T00:36:02.000Z</time>
        <extensions>
          <ns3:TrackPointExtension>
            <ns3:hr>122</ns3:hr>
            <ns3:cad>78</ns3:cad>
          </ns3:TrackPointExtension>
        </extensions>
      </trkpt>
      <trkpt lat="31.2209553457796573638916015625" lon="121.38245391659438610076904296875">
        <ele>10.3999996185302734375</ele>
        <time>2026-09-26T00:36:03.000Z</time>
        <extensions>
          <ns3:TrackPointExtension>
            <ns3:hr>122</ns3:hr>
            <ns3:cad>79</ns3:cad>
          </ns3:TrackPointExtension>
        </extensions>
      </trkpt>
      <trkpt lat="31.22095090337097644805908203125" lon="121.38247738592326641082763671875">
        <ele>10.3999996185302734375</ele>
        <time>2026-09-26T00:36:04.000Z</time>
        <extensions>
          <ns3:TrackPointExtension>
            <ns3:hr>123</ns3:hr>
            <ns3:cad>79</ns3:cad>
          </ns3:TrackPointExtension>
        </extensions>
      </trkpt>
      <trkpt lat="31.22094587422907352447509765625" lon="121.382500268518924713134765625">
        <ele>10.3999996185302734375</ele>
        <time>2026-09-26T00:36:05.000Z</time>
        <extensions>
          <ns3:TrackPointExtension>
            <ns3:hr>123</ns3:hr>
            <ns3:cad>79</ns3:cad>
          </ns3:TrackPointExtension>
        </extensions>
      </trkpt>
      <trkpt lat="31.22094168327748775482177734375" lon="121.3825228996574878692626953125">
        <ele>10.3999996185302734375</ele>
        <time>2026-09-26T00:36:06.000Z</time>
        <extensions>
          <ns3:TrackPointExtension>
            <ns3:hr>123</ns3:hr>
            <ns3:cad>79</ns3:cad>
          </ns3:TrackPointExtension>
        </extensions>
      </trkpt>
      <trkpt lat="31.2209369055926799774169921875" lon="121.3825470395386219024658203125">
        <ele>10.6000003814697265625</ele>
        <time>2026-09-26T00:36:07.000Z</time>
        <extensions>
          <ns3:TrackPointExtension>
            <ns3:hr>124</ns3:hr>
            <ns3:cad>79</ns3:cad>
          </ns3:TrackPointExtension>
        </extensions>
      </trkpt>
      <trkpt lat="31.22093263082206249237060546875" lon="121.382570005953311920166015625">
        <ele>10.6000003814697265625</ele>
        <time>2026-09-26T00:36:08.000Z</time>
        <extensions>
          <ns3:TrackPointExtension>
            <ns3:hr>124</ns3:hr>
            <ns3:cad>79</ns3:cad>
          </ns3:TrackPointExtension>
        </extensions>
      </trkpt>
      <trkpt lat="31.22092961333692073822021484375" lon="121.38259255327284336090087890625">
        <ele>10.3999996185302734375</ele>
        <time>2026-09-26T00:36:09.000Z</time>
        <extensions>
          <ns3:TrackPointExtension>
            <ns3:hr>124</ns3:hr>
            <ns3:cad>79</ns3:cad>
          </ns3:TrackPointExtension>
        </extensions>
      </trkpt>
      <trkpt lat="31.22092659585177898406982421875" lon="121.3826154358685016632080078125">
        <ele>10.3999996185302734375</ele>
        <time>2026-09-26T00:36:10.000Z</time>
        <extensions>
          <ns3:TrackPointExtension>
            <ns3:hr>124</ns3:hr>
            <ns3:cad>79</ns3:cad>
          </ns3:TrackPointExtension>
        </extensions>
      </trkpt>
      <trkpt lat="31.22092391364276409149169921875" lon="121.38263831846415996551513671875">
        <ele>10.19999980926513671875</ele>
        <time>2026-09-26T00:36:11.000Z</time>
        <extensions>
          <ns3:TrackPointExtension>
            <ns3:hr>124</ns3:hr>
            <ns3:cad>80</ns3:cad>
          </ns3:TrackPointExtension>
        </extensions>
      </trkpt>
      <trkpt lat="31.22092039324343204498291015625" lon="121.38266019523143768310546875">
        <ele>10.19999980926513671875</ele>
        <time>2026-09-26T00:36:12.000Z</time>
        <extensions>
          <ns3:TrackPointExtension>
            <ns3:hr>124</ns3:hr>
            <ns3:cad>80</ns3:cad>
          </ns3:TrackPointExtension>
        </extensions>
      </trkpt>
      <trkpt lat="31.22091628611087799072265625" lon="121.382683329284191131591796875">
        <ele>10</ele>
        <time>2026-09-26T00:36:13.000Z</time>
        <extensions>
          <ns3:TrackPointExtension>
            <ns3:hr>124</ns3:hr>
            <ns3:cad>80</ns3:cad>
          </ns3:TrackPointExtension>
        </extensions>
      </trkpt>
      <trkpt lat="31.22091268189251422882080078125" lon="121.38270579278469085693359375">
        <ele>9.80000019073486328125</ele>
        <time>2026-09-26T00:36:14.000Z</time>
        <extensions>
          <ns3:TrackPointExtension>
            <ns3:hr>124</ns3:hr>
            <ns3:cad>79</ns3:cad>
          </ns3:TrackPointExtension>
        </extensions>
      </trkpt>
      <trkpt lat="31.22090899385511875152587890625" lon="121.38272725045680999755859375">
        <ele>9.80000019073486328125</ele>
        <time>2026-09-26T00:36:15.000Z</time>
        <extensions>
          <ns3:TrackPointExtension>
            <ns3:hr>124</ns3:hr>
            <ns3:cad>79</ns3:cad>
          </ns3:TrackPointExtension>
        </extensions>
      </trkpt>
      <trkpt lat="31.22090513817965984344482421875" lon="121.38274929486215114593505859375">
        <ele>9.80000019073486328125</ele>
        <time>2026-09-26T00:36:16.000Z</time>
        <extensions>
          <ns3:TrackPointExtension>
            <ns3:hr>124</ns3:hr>
            <ns3:cad>78</ns3:cad>
          </ns3:TrackPointExtension>
        </extensions>
      </trkpt>
      <trkpt lat="31.22090195305645465850830078125" lon="121.38277150690555572509765625">
        <ele>9.80000019073486328125</ele>
        <time>2026-09-26T00:36:17.000Z</time>
        <extensions>
          <ns3:TrackPointExtension>
            <ns3:hr>124</ns3:hr>
            <ns3:cad>78</ns3:cad>
          </ns3:TrackPointExtension>
        </extensions>
      </trkpt>
      <trkpt lat="31.22089910320937633514404296875" lon="121.38279355131089687347412109375">
        <ele>10</ele>
        <time>2026-09-26T00:36:18.000Z</time>
        <extensions>
          <ns3:TrackPointExtension>
            <ns3:hr>124</ns3:hr>
            <ns3:cad>78</ns3:cad>
          </ns3:TrackPointExtension>
        </extensions>
      </trkpt>
      <trkpt lat="31.22089591808617115020751953125" lon="121.38281635008752346038818359375">
        <ele>10</ele>
        <time>2026-09-26T00:36:19.000Z</time>
        <extensions>
          <ns3:TrackPointExtension>
            <ns3:hr>124</ns3:hr>
            <ns3:cad>78</ns3:cad>
          </ns3:TrackPointExtension>
        </extensions>
      </trkpt>
      <trkpt lat="31.22089223004877567291259765625" lon="121.382840238511562347412109375">
        <ele>10</ele>
        <time>2026-09-26T00:36:20.000Z</time>
        <extensions>
          <ns3:TrackPointExtension>
            <ns3:hr>124</ns3:hr>
            <ns3:cad>79</ns3:cad>
          </ns3:TrackPointExtension>
        </extensions>
      </trkpt>
      <trkpt lat="31.22088887728750705718994140625" lon="121.382864378392696380615234375">
        <ele>10</ele>
        <time>2026-09-26T00:36:21.000Z</time>
        <extensions>
          <ns3:TrackPointExtension>
            <ns3:hr>124</ns3:hr>
            <ns3:cad>79</ns3:cad>
          </ns3:TrackPointExtension>
        </extensions>
      </trkpt>
      <trkpt lat="31.22088518925011157989501953125" lon="121.3828873448073863983154296875">
        <ele>10</ele>
        <time>2026-09-26T00:36:22.000Z</time>
        <extensions>
          <ns3:TrackPointExtension>
            <ns3:hr>124</ns3:hr>
            <ns3:cad>79</ns3:cad>
          </ns3:TrackPointExtension>
        </extensions>
      </trkpt>
      <trkpt lat="31.22088099829852581024169921875" lon="121.38291257433593273162841796875">
        <ele>10</ele>
        <time>2026-09-26T00:36:23.000Z</time>
        <extensions>
          <ns3:TrackPointExtension>
            <ns3:hr>124</ns3:hr>
            <ns3:cad>79</ns3:cad>
          </ns3:TrackPointExtension>
        </extensions>
      </trkpt>
      <trkpt lat="31.220878064632415771484375" lon="121.38293621130287647247314453125">
        <ele>10</ele>
        <time>2026-09-26T00:36:24.000Z</time>
        <extensions>
          <ns3:TrackPointExtension>
            <ns3:hr>124</ns3:hr>
            <ns3:cad>79</ns3:cad>
          </ns3:TrackPointExtension>
        </extensions>
      </trkpt>
      <trkpt lat="31.2208745442330837249755859375" lon="121.38295867480337619781494140625">
        <ele>10</ele>
        <time>2026-09-26T00:36:25.000Z</time>
        <extensions>
          <ns3:TrackPointExtension>
            <ns3:hr>124</ns3:hr>
            <ns3:cad>79</ns3:cad>
          </ns3:TrackPointExtension>
        </extensions>
      </trkpt>
      <trkpt lat="31.22087127529084682464599609375" lon="121.3829815573990345001220703125">
        <ele>9.80000019073486328125</ele>
        <time>2026-09-26T00:36:26.000Z</time>
        <extensions>
          <ns3:TrackPointExtension>
            <ns3:hr>124</ns3:hr>
            <ns3:cad>79</ns3:cad>
          </ns3:TrackPointExtension>
        </extensions>
      </trkpt>
      <trkpt lat="31.22086758725345134735107421875" lon="121.38300460763275623321533203125">
        <ele>9.80000019073486328125</ele>
        <time>2026-09-26T00:36:27.000Z</time>
        <extensions>
          <ns3:TrackPointExtension>
            <ns3:hr>124</ns3:hr>
            <ns3:cad>79</ns3:cad>
          </ns3:TrackPointExtension>
        </extensions>
      </trkpt>
      <trkpt lat="31.22086339630186557769775390625" lon="121.38302656821906566619873046875">
        <ele>10</ele>
        <time>2026-09-26T00:36:28.000Z</time>
        <extensions>
          <ns3:TrackPointExtension>
            <ns3:hr>124</ns3:hr>
            <ns3:cad>79</ns3:cad>
          </ns3:TrackPointExtension>
        </extensions>
      </trkpt>
      <trkpt lat="31.2208584509789943695068359375" lon="121.38304911553859710693359375">
        <ele>10</ele>
        <time>2026-09-26T00:36:29.000Z</time>
        <extensions>
          <ns3:TrackPointExtension>
            <ns3:hr>124</ns3:hr>
            <ns3:cad>79</ns3:cad>
          </ns3:TrackPointExtension>
        </extensions>
      </trkpt>
      <trkpt lat="31.220854260027408599853515625" lon="121.38307233341038227081298828125">
        <ele>10</ele>
        <time>2026-09-26T00:36:30.000Z</time>
        <extensions>
          <ns3:TrackPointExtension>
            <ns3:hr>124</ns3:hr>
            <ns3:cad>79</ns3:cad>
          </ns3:TrackPointExtension>
        </extensions>
      </trkpt>
      <trkpt lat="31.22085182927548885345458984375" lon="121.38309563510119915008544921875">
        <ele>10</ele>
        <time>2026-09-26T00:36:31.000Z</time>
        <extensions>
          <ns3:TrackPointExtension>
            <ns3:hr>124</ns3:hr>
            <ns3:cad>79</ns3:cad>
          </ns3:TrackPointExtension>
        </extensions>
      </trkpt>
      <trkpt lat="31.220848895609378814697265625" lon="121.38311809860169887542724609375">
        <ele>10</ele>
        <time>2026-09-26T00:36:32.000Z</time>
        <extensions>
          <ns3:TrackPointExtension>
            <ns3:hr>124</ns3:hr>
            <ns3:cad>79</ns3:cad>
          </ns3:TrackPointExtension>
        </extensions>
      </trkpt>
      <trkpt lat="31.22084562666714191436767578125" lon="121.38314190320670604705810546875">
        <ele>10</ele>
        <time>2026-09-26T00:36:33.000Z</time>
        <extensions>
          <ns3:TrackPointExtension>
            <ns3:hr>124</ns3:hr>
            <ns3:cad>79</ns3:cad>
          </ns3:TrackPointExtension>
        </extensions>
      </trkpt>
      <trkpt lat="31.220842860639095306396484375" lon="121.38316604308784008026123046875">
        <ele>10</ele>
        <time>2026-09-26T00:36:34.000Z</time>
        <extensions>
          <ns3:TrackPointExtension>
            <ns3:hr>124</ns3:hr>
            <ns3:cad>80</ns3:cad>
          </ns3:TrackPointExtension>
        </extensions>
      </trkpt>
      <trkpt lat="31.22084042988717555999755859375" lon="121.38319001533091068267822265625">
        <ele>10</ele>
        <time>2026-09-26T00:36:35.000Z</time>
        <extensions>
          <ns3:TrackPointExtension>
            <ns3:hr>124</ns3:hr>
            <ns3:cad>80</ns3:cad>
          </ns3:TrackPointExtension>
        </extensions>
      </trkpt>
      <trkpt lat="31.2208379991352558135986328125" lon="121.3832147419452667236328125">
        <ele>10</ele>
        <time>2026-09-26T00:36:36.000Z</time>
        <extensions>
          <ns3:TrackPointExtension>
            <ns3:hr>125</ns3:hr>
            <ns3:cad>79</ns3:cad>
          </ns3:TrackPointExtension>
        </extensions>
      </trkpt>
      <trkpt lat="31.22083590365946292877197265625" lon="121.38323762454092502593994140625">
        <ele>10</ele>
        <time>2026-09-26T00:36:37.000Z</time>
        <extensions>
          <ns3:TrackPointExtension>
            <ns3:hr>125</ns3:hr>
            <ns3:cad>79</ns3:cad>
          </ns3:TrackPointExtension>
        </extensions>
      </trkpt>
      <trkpt lat="31.22083355672657489776611328125" lon="121.38326168060302734375">
        <ele>9.80000019073486328125</ele>
        <time>2026-09-26T00:36:38.000Z</time>
        <extensions>
          <ns3:TrackPointExtension>
            <ns3:hr>125</ns3:hr>
            <ns3:cad>79</ns3:cad>
          </ns3:TrackPointExtension>
        </extensions>
      </trkpt>
      <trkpt lat="31.22083087451756000518798828125" lon="121.38328758068382740020751953125">
        <ele>9.80000019073486328125</ele>
        <time>2026-09-26T00:36:39.000Z</time>
        <extensions>
          <ns3:TrackPointExtension>
            <ns3:hr>126</ns3:hr>
            <ns3:cad>79</ns3:cad>
          </ns3:TrackPointExtension>
        </extensions>
      </trkpt>
      <trkpt lat="31.2208282761275768280029296875" lon="121.38331088237464427947998046875">
        <ele>9.80000019073486328125</ele>
        <time>2026-09-26T00:36:40.000Z</time>
        <extensions>
          <ns3:TrackPointExtension>
            <ns3:hr>126</ns3:hr>
            <ns3:cad>79</ns3:cad>
          </ns3:TrackPointExtension>
        </extensions>
      </trkpt>
      <trkpt lat="31.220826096832752227783203125" lon="121.38333552516996860504150390625">
        <ele>9.80000019073486328125</ele>
        <time>2026-09-26T00:36:41.000Z</time>
        <extensions>
          <ns3:TrackPointExtension>
            <ns3:hr>126</ns3:hr>
            <ns3:cad>79</ns3:cad>
          </ns3:TrackPointExtension>
        </extensions>
      </trkpt>
      <trkpt lat="31.2208230793476104736328125" lon="121.3833590783178806304931640625">
        <ele>9.80000019073486328125</ele>
        <time>2026-09-26T00:36:42.000Z</time>
        <extensions>
          <ns3:TrackPointExtension>
            <ns3:hr>126</ns3:hr>
            <ns3:cad>79</ns3:cad>
          </ns3:TrackPointExtension>
        </extensions>
      </trkpt>
      <trkpt lat="31.220819056034088134765625" lon="121.38338363729417324066162109375">
        <ele>9.80000019073486328125</ele>
        <time>2026-09-26T00:36:43.000Z</time>
        <extensions>
          <ns3:TrackPointExtension>
            <ns3:hr>126</ns3:hr>
            <ns3:cad>79</ns3:cad>
          </ns3:TrackPointExtension>
        </extensions>
      </trkpt>
      <trkpt lat="31.220815367996692657470703125" lon="121.383406184613704681396484375">
        <ele>9.80000019073486328125</ele>
        <time>2026-09-26T00:36:44.000Z</time>
        <extensions>
          <ns3:TrackPointExtension>
            <ns3:hr>126</ns3:hr>
            <ns3:cad>79</ns3:cad>
          </ns3:TrackPointExtension>
        </extensions>
      </trkpt>
      <trkpt lat="31.22081226669251918792724609375" lon="121.38343024067580699920654296875">
        <ele>9.6000003814697265625</ele>
        <time>2026-09-26T00:36:45.000Z</time>
        <extensions>
          <ns3:TrackPointExtension>
            <ns3:hr>126</ns3:hr>
            <ns3:cad>80</ns3:cad>
          </ns3:TrackPointExtension>
        </extensions>
      </trkpt>
      <trkpt lat="31.2208098359405994415283203125" lon="121.383452452719211578369140625">
        <ele>9.6000003814697265625</ele>
        <time>2026-09-26T00:36:46.000Z</time>
        <extensions>
          <ns3:TrackPointExtension>
            <ns3:hr>126</ns3:hr>
            <ns3:cad>80</ns3:cad>
          </ns3:TrackPointExtension>
        </extensions>
      </trkpt>
      <trkpt lat="31.2208074890077114105224609375" lon="121.3834760896861553192138671875">
        <ele>9.6000003814697265625</ele>
        <time>2026-09-26T00:36:47.000Z</time>
        <extensions>
          <ns3:TrackPointExtension>
            <ns3:hr>126</ns3:hr>
            <ns3:cad>80</ns3:cad>
          </ns3:TrackPointExtension>
        </extensions>
      </trkpt>
      <trkpt lat="31.220805644989013671875" lon="121.383498720824718475341796875">
        <ele>9.6000003814697265625</ele>
        <time>2026-09-26T00:36:48.000Z</time>
        <extensions>
          <ns3:TrackPointExtension>
            <ns3:hr>126</ns3:hr>
            <ns3:cad>80</ns3:cad>
          </ns3:TrackPointExtension>
        </extensions>
      </trkpt>
      <trkpt lat="31.22080422006547451019287109375" lon="121.3835206814110279083251953125">
        <ele>9.6000003814697265625</ele>
        <time>2026-09-26T00:36:49.000Z</time>
        <extensions>
          <ns3:TrackPointExtension>
            <ns3:hr>126</ns3:hr>
            <ns3:cad>79</ns3:cad>
          </ns3:TrackPointExtension>
        </extensions>
      </trkpt>
      <trkpt lat="31.22080354951322078704833984375" lon="121.3835444860160350799560546875">
        <ele>9.6000003814697265625</ele>
        <time>2026-09-26T00:36:50.000Z</time>
        <extensions>
          <ns3:TrackPointExtension>
            <ns3:hr>126</ns3:hr>
            <ns3:cad>79</ns3:cad>
          </ns3:TrackPointExtension>
        </extensions>
      </trkpt>
      <trkpt lat="31.220803298056125640869140625" lon="121.38356619514524936676025390625">
        <ele>9.6000003814697265625</ele>
        <time>2026-09-26T00:36:51.000Z</time>
        <extensions>
          <ns3:TrackPointExtension>
            <ns3:hr>126</ns3:hr>
            <ns3:cad>79</ns3:cad>
          </ns3:TrackPointExtension>
        </extensions>
      </trkpt>
      <trkpt lat="31.22080455534160137176513671875" lon="121.38358966447412967681884765625">
        <ele>9.3999996185302734375</ele>
        <time>2026-09-26T00:36:52.000Z</time>
        <extensions>
          <ns3:TrackPointExtension>
            <ns3:hr>126</ns3:hr>
            <ns3:cad>79</ns3:cad>
          </ns3:TrackPointExtension>
        </extensions>
      </trkpt>
      <trkpt lat="31.22080656699836254119873046875" lon="121.38361313380300998687744140625">
        <ele>9.3999996185302734375</ele>
        <time>2026-09-26T00:36:53.000Z</time>
        <extensions>
          <ns3:TrackPointExtension>
            <ns3:hr>126</ns3:hr>
            <ns3:cad>79</ns3:cad>
          </ns3:TrackPointExtension>
        </extensions>
      </trkpt>
      <trkpt lat="31.2208091653883457183837890625" lon="121.38363475911319255828857421875">
        <ele>9.3999996185302734375</ele>
        <time>2026-09-26T00:36:54.000Z</time>
        <extensions>
          <ns3:TrackPointExtension>
            <ns3:hr>126</ns3:hr>
            <ns3:cad>80</ns3:cad>
          </ns3:TrackPointExtension>
        </extensions>
      </trkpt>
      <trkpt lat="31.2208131887018680572509765625" lon="121.383656300604343414306640625">
        <ele>9.3999996185302734375</ele>
        <time>2026-09-26T00:36:55.000Z</time>
        <extensions>
          <ns3:TrackPointExtension>
            <ns3:hr>126</ns3:hr>
            <ns3:cad>80</ns3:cad>
          </ns3:TrackPointExtension>
        </extensions>
      </trkpt>
      <trkpt lat="31.22081813402473926544189453125" lon="121.3836779259145259857177734375">
        <ele>9.3999996185302734375</ele>
        <time>2026-09-26T00:36:56.000Z</time>
        <extensions>
          <ns3:TrackPointExtension>
            <ns3:hr>126</ns3:hr>
            <ns3:cad>79</ns3:cad>
          </ns3:TrackPointExtension>
        </extensions>
      </trkpt>
      <trkpt lat="31.2208239175379276275634765625" lon="121.3836990483105182647705078125">
        <ele>9.3999996185302734375</ele>
        <time>2026-09-26T00:36:57.000Z</time>
        <extensions>
          <ns3:TrackPointExtension>
            <ns3:hr>126</ns3:hr>
            <ns3:cad>79</ns3:cad>
          </ns3:TrackPointExtension>
        </extensions>
      </trkpt>
      <trkpt lat="31.2208302877843379974365234375" lon="121.38371975161135196685791015625">
        <ele>9.6000003814697265625</ele>
        <time>2026-09-26T00:36:58.000Z</time>
        <extensions>
          <ns3:TrackPointExtension>
            <ns3:hr>126</ns3:hr>
            <ns3:cad>79</ns3:cad>
          </ns3:TrackPointExtension>
        </extensions>
      </trkpt>
      <trkpt lat="31.2208366580307483673095703125" lon="121.38374070636928081512451171875">
        <ele>9.6000003814697265625</ele>
        <time>2026-09-26T00:36:59.000Z</time>
        <extensions>
          <ns3:TrackPointExtension>
            <ns3:hr>126</ns3:hr>
            <ns3:cad>79</ns3:cad>
          </ns3:TrackPointExtension>
        </extensions>
      </trkpt>
      <trkpt lat="31.2208440341055393218994140625" lon="121.3837607391178607940673828125">
        <ele>9.6000003814697265625</ele>
        <time>2026-09-26T00:37:00.000Z</time>
        <extensions>
          <ns3:TrackPointExtension>
            <ns3:hr>126</ns3:hr>
            <ns3:cad>79</ns3:cad>
          </ns3:TrackPointExtension>
        </extensions>
      </trkpt>
      <trkpt lat="31.22085132636129856109619140625" lon="121.38378060422837734222412109375">
        <ele>9.6000003814697265625</ele>
        <time>2026-09-26T00:37:01.000Z</time>
        <extensions>
          <ns3:TrackPointExtension>
            <ns3:hr>126</ns3:hr>
            <ns3:cad>79</ns3:cad>
          </ns3:TrackPointExtension>
        </extensions>
      </trkpt>
      <trkpt lat="31.22085861861705780029296875" lon="121.3837999664247035980224609375">
        <ele>9.80000019073486328125</ele>
        <time>2026-09-26T00:37:02.000Z</time>
        <extensions>
          <ns3:TrackPointExtension>
            <ns3:hr>126</ns3:hr>
            <ns3:cad>79</ns3:cad>
          </ns3:TrackPointExtension>
        </extensions>
      </trkpt>
      <trkpt lat="31.2208659946918487548828125" lon="121.38382025063037872314453125">
        <ele>9.80000019073486328125</ele>
        <time>2026-09-26T00:37:03.000Z</time>
        <extensions>
          <ns3:TrackPointExtension>
            <ns3:hr>126</ns3:hr>
            <ns3:cad>79</ns3:cad>
          </ns3:TrackPointExtension>
        </extensions>
      </trkpt>
      <trkpt lat="31.22087479569017887115478515625" lon="121.38384036719799041748046875">
        <ele>9.80000019073486328125</ele>
        <time>2026-09-26T00:37:04.000Z</time>
        <extensions>
          <ns3:TrackPointExtension>
            <ns3:hr>126</ns3:hr>
            <ns3:cad>79</ns3:cad>
          </ns3:TrackPointExtension>
        </extensions>
      </trkpt>
      <trkpt lat="31.2208829261362552642822265625" lon="121.38386257924139499664306640625">
        <ele>10</ele>
        <time>2026-09-26T00:37:05.000Z</time>
        <extensions>
          <ns3:TrackPointExtension>
            <ns3:hr>126</ns3:hr>
            <ns3:cad>79</ns3:cad>
          </ns3:TrackPointExtension>
        </extensions>
      </trkpt>
      <trkpt lat="31.2208906374871730804443359375" lon="121.38388336636126041412353515625">
        <ele>10</ele>
        <time>2026-09-26T00:37:06.000Z</time>
        <extensions>
          <ns3:TrackPointExtension>
            <ns3:hr>126</ns3:hr>
            <ns3:cad>78</ns3:cad>
          </ns3:TrackPointExtension>
        </extensions>
      </trkpt>
      <trkpt lat="31.22089910320937633514404296875" lon="121.38390482403337955474853515625">
        <ele>10.19999980926513671875</ele>
        <time>2026-09-26T00:37:07.000Z</time>
        <extensions>
          <ns3:TrackPointExtension>
            <ns3:hr>126</ns3:hr>
            <ns3:cad>77</ns3:cad>
          </ns3:TrackPointExtension>
        </extensions>
      </trkpt>
      <trkpt lat="31.22090664692223072052001953125" lon="121.383924521505832672119140625">
        <ele>10.19999980926513671875</ele>
        <time>2026-09-26T00:37:08.000Z</time>
        <extensions>
          <ns3:TrackPointExtension>
            <ns3:hr>126</ns3:hr>
            <ns3:cad>77</ns3:cad>
          </ns3:TrackPointExtension>
        </extensions>
      </trkpt>
      <trkpt lat="31.22091402299702167510986328125" lon="121.3839461468160152435302734375">
        <ele>10.19999980926513671875</ele>
        <time>2026-09-26T00:37:09.000Z</time>
        <extensions>
          <ns3:TrackPointExtension>
            <ns3:hr>126</ns3:hr>
            <ns3:cad>78</ns3:cad>
          </ns3:TrackPointExtension>
        </extensions>
      </trkpt>
      <trkpt lat="31.22092139907181262969970703125" lon="121.38396567665040493011474609375">
        <ele>10.19999980926513671875</ele>
        <time>2026-09-26T00:37:10.000Z</time>
        <extensions>
          <ns3:TrackPointExtension>
            <ns3:hr>126</ns3:hr>
            <ns3:cad>78</ns3:cad>
          </ns3:TrackPointExtension>
        </extensions>
      </trkpt>
      <trkpt lat="31.2209291942417621612548828125" lon="121.3839877210557460784912109375">
        <ele>10.3999996185302734375</ele>
        <time>2026-09-26T00:37:11.000Z</time>
        <extensions>
          <ns3:TrackPointExtension>
            <ns3:hr>126</ns3:hr>
            <ns3:cad>78</ns3:cad>
          </ns3:TrackPointExtension>
        </extensions>
      </trkpt>
      <trkpt lat="31.22093564830720424652099609375" lon="121.38400842435657978057861328125">
        <ele>10.3999996185302734375</ele>
        <time>2026-09-26T00:37:12.000Z</time>
        <extensions>
          <ns3:TrackPointExtension>
            <ns3:hr>127</ns3:hr>
            <ns3:cad>78</ns3:cad>
          </ns3:TrackPointExtension>
        </extensions>
      </trkpt>
      <trkpt lat="31.2209415994584560394287109375" lon="121.3840292952954769134521484375">
        <ele>10.6000003814697265625</ele>
        <time>2026-09-26T00:37:13.000Z</time>
        <extensions>
          <ns3:TrackPointExtension>
            <ns3:hr>126</ns3:hr>
            <ns3:cad>78</ns3:cad>
          </ns3:TrackPointExtension>
        </extensions>
      </trkpt>
      <trkpt lat="31.220947466790676116943359375" lon="121.38404916040599346160888671875">
        <ele>10.6000003814697265625</ele>
        <time>2026-09-26T00:37:14.000Z</time>
        <extensions>
          <ns3:TrackPointExtension>
            <ns3:hr>127</ns3:hr>
            <ns3:cad>78</ns3:cad>
          </ns3:TrackPointExtension>
        </extensions>
      </trkpt>
      <trkpt lat="31.2209540046751499176025390625" lon="121.3840701989829540252685546875">
        <ele>10.6000003814697265625</ele>
        <time>2026-09-26T00:37:15.000Z</time>
        <extensions>
          <ns3:TrackPointExtension>
            <ns3:hr>127</ns3:hr>
            <ns3:cad>78</ns3:cad>
          </ns3:TrackPointExtension>
        </extensions>
      </trkpt>
      <trkpt lat="31.2209593690931797027587890625" lon="121.38409123755991458892822265625">
        <ele>10.6000003814697265625</ele>
        <time>2026-09-26T00:37:16.000Z</time>
        <extensions>
          <ns3:TrackPointExtension>
            <ns3:hr>127</ns3:hr>
            <ns3:cad>77</ns3:cad>
          </ns3:TrackPointExtension>
        </extensions>
      </trkpt>
      <trkpt lat="31.2209640629589557647705078125" lon="121.38411504216492176055908203125">
        <ele>10.80000019073486328125</ele>
        <time>2026-09-26T00:37:17.000Z</time>
        <extensions>
          <ns3:TrackPointExtension>
            <ns3:hr>128</ns3:hr>
            <ns3:cad>78</ns3:cad>
          </ns3:TrackPointExtension>
        </extensions>
      </trkpt>
      <trkpt lat="31.22096582315862178802490234375" lon="121.3841379247605800628662109375">
        <ele>10.80000019073486328125</ele>
        <time>2026-09-26T00:37:18.000Z</time>
        <extensions>
          <ns3:TrackPointExtension>
            <ns3:hr>128</ns3:hr>
            <ns3:cad>78</ns3:cad>
          </ns3:TrackPointExtension>
        </extensions>
      </trkpt>
      <trkpt lat="31.22096749953925609588623046875" lon="121.3841590471565723419189453125">
        <ele>10.80000019073486328125</ele>
        <time>2026-09-26T00:37:19.000Z</time>
        <extensions>
          <ns3:TrackPointExtension>
            <ns3:hr>128</ns3:hr>
            <ns3:cad>78</ns3:cad>
          </ns3:TrackPointExtension>
        </extensions>
      </trkpt>
      <trkpt lat="31.220969595015048980712890625" lon="121.38418159447610378265380859375">
        <ele>10.80000019073486328125</ele>
        <time>2026-09-26T00:37:20.000Z</time>
        <extensions>
          <ns3:TrackPointExtension>
            <ns3:hr>128</ns3:hr>
            <ns3:cad>78</ns3:cad>
          </ns3:TrackPointExtension>
        </extensions>
      </trkpt>
      <trkpt lat="31.22097219340503215789794921875" lon="121.384203471243381500244140625">
        <ele>11</ele>
        <time>2026-09-26T00:37:21.000Z</time>
        <extensions>
          <ns3:TrackPointExtension>
            <ns3:hr>128</ns3:hr>
            <ns3:cad>78</ns3:cad>
          </ns3:TrackPointExtension>
        </extensions>
      </trkpt>
      <trkpt lat="31.2209747917950153350830078125" lon="121.38422618620097637176513671875">
        <ele>11</ele>
        <time>2026-09-26T00:37:22.000Z</time>
        <extensions>
          <ns3:TrackPointExtension>
            <ns3:hr>128</ns3:hr>
            <ns3:cad>77</ns3:cad>
          </ns3:TrackPointExtension>
        </extensions>
      </trkpt>
      <trkpt lat="31.2209764681756496429443359375" lon="121.384249739348888397216796875">
        <ele>11</ele>
        <time>2026-09-26T00:37:23.000Z</time>
        <extensions>
          <ns3:TrackPointExtension>
            <ns3:hr>128</ns3:hr>
            <ns3:cad>77</ns3:cad>
          </ns3:TrackPointExtension>
        </extensions>
      </trkpt>
      <trkpt lat="31.2209786474704742431640625" lon="121.38427144847810268402099609375">
        <ele>11</ele>
        <time>2026-09-26T00:37:24.000Z</time>
        <extensions>
          <ns3:TrackPointExtension>
            <ns3:hr>129</ns3:hr>
            <ns3:cad>78</ns3:cad>
          </ns3:TrackPointExtension>
        </extensions>
      </trkpt>
      <trkpt lat="31.22098065912723541259765625" lon="121.384293995797634124755859375">
        <ele>11</ele>
        <time>2026-09-26T00:37:25.000Z</time>
        <extensions>
          <ns3:TrackPointExtension>
            <ns3:hr>128</ns3:hr>
            <ns3:cad>78</ns3:cad>
          </ns3:TrackPointExtension>
        </extensions>
      </trkpt>
      <trkpt lat="31.22098158113658428192138671875" lon="121.3843171298503875732421875">
        <ele>10.80000019073486328125</ele>
        <time>2026-09-26T00:37:26.000Z</time>
        <extensions>
          <ns3:TrackPointExtension>
            <ns3:hr>128</ns3:hr>
            <ns3:cad>78</ns3:cad>
          </ns3:TrackPointExtension>
        </extensions>
      </trkpt>
      <trkpt lat="31.2209811620414257049560546875" lon="121.3843394257128238677978515625">
        <ele>10.80000019073486328125</ele>
        <time>2026-09-26T00:37:27.000Z</time>
        <extensions>
          <ns3:TrackPointExtension>
            <ns3:hr>129</ns3:hr>
            <ns3:cad>78</ns3:cad>
          </ns3:TrackPointExtension>
        </extensions>
      </trkpt>
      <trkpt lat="31.2209794856607913970947265625" lon="121.38436079956591129302978515625">
        <ele>10.80000019073486328125</ele>
        <time>2026-09-26T00:37:28.000Z</time>
        <extensions>
          <ns3:TrackPointExtension>
            <ns3:hr>128</ns3:hr>
            <ns3:cad>78</ns3:cad>
          </ns3:TrackPointExtension>
        </extensions>
      </trkpt>
      <trkpt lat="31.22097604908049106597900390625" lon="121.3843816705048084259033203125">
        <ele>10.80000019073486328125</ele>
        <time>2026-09-26T00:37:29.000Z</time>
        <extensions>
          <ns3:TrackPointExtension>
            <ns3:hr>128</ns3:hr>
            <ns3:cad>78</ns3:cad>
          </ns3:TrackPointExtension>
        </extensions>
      </trkpt>
      <trkpt lat="31.22097202576696872711181640625" lon="121.3844029605388641357421875">
        <ele>10.6000003814697265625</ele>
        <time>2026-09-26T00:37:30.000Z</time>
        <extensions>
          <ns3:TrackPointExtension>
            <ns3:hr>129</ns3:hr>
            <ns3:cad>78</ns3:cad>
          </ns3:TrackPointExtension>
        </extensions>
      </trkpt>
      <trkpt lat="31.220967583358287811279296875" lon="121.38442349620163440704345703125">
        <ele>10.6000003814697265625</ele>
        <time>2026-09-26T00:37:31.000Z</time>
        <extensions>
          <ns3:TrackPointExtension>
            <ns3:hr>128</ns3:hr>
            <ns3:cad>78</ns3:cad>
          </ns3:TrackPointExtension>
        </extensions>
      </trkpt>
      <trkpt lat="31.22096062637865543365478515625" lon="121.3844450376927852630615234375">
        <ele>10.6000003814697265625</ele>
        <time>2026-09-26T00:37:32.000Z</time>
        <extensions>
          <ns3:TrackPointExtension>
            <ns3:hr>128</ns3:hr>
            <ns3:cad>78</ns3:cad>
          </ns3:TrackPointExtension>
        </extensions>
      </trkpt>
      <trkpt lat="31.22095442377030849456787109375" lon="121.3844654895365238189697265625">
        <ele>10.6000003814697265625</ele>
        <time>2026-09-26T00:37:33.000Z</time>
        <extensions>
          <ns3:TrackPointExtension>
            <ns3:hr>127</ns3:hr>
            <ns3:cad>78</ns3:cad>
          </ns3:TrackPointExtension>
        </extensions>
      </trkpt>
      <trkpt lat="31.2209469638764858245849609375" lon="121.38448770157992839813232421875">
        <ele>10.6000003814697265625</ele>
        <time>2026-09-26T00:37:34.000Z</time>
        <extensions>
          <ns3:TrackPointExtension>
            <ns3:hr>127</ns3:hr>
            <ns3:cad>78</ns3:cad>
          </ns3:TrackPointExtension>
        </extensions>
      </trkpt>
      <trkpt lat="31.2209382466971874237060546875" lon="121.384509913623332977294921875">
        <ele>10.6000003814697265625</ele>
        <time>2026-09-26T00:37:35.000Z</time>
        <extensions>
          <ns3:TrackPointExtension>
            <ns3:hr>126</ns3:hr>
            <ns3:cad>78</ns3:cad>
          </ns3:TrackPointExtension>
        </extensions>
      </trkpt>
      <trkpt lat="31.220928691327571868896484375" lon="121.38452977873384952545166015625">
        <ele>10.6000003814697265625</ele>
        <time>2026-09-26T00:37:36.000Z</time>
        <extensions>
          <ns3:TrackPointExtension>
            <ns3:hr>125</ns3:hr>
            <ns3:cad>78</ns3:cad>
          </ns3:TrackPointExtension>
        </extensions>
      </trkpt>
      <trkpt lat="31.22091888450086116790771484375" lon="121.38455023057758808135986328125">
        <ele>10.6000003814697265625</ele>
        <time>2026-09-26T00:37:37.000Z</time>
        <extensions>
          <ns3:TrackPointExtension>
            <ns3:hr>124</ns3:hr>
            <ns3:cad>78</ns3:cad>
          </ns3:TrackPointExtension>
        </extensions>
      </trkpt>
      <trkpt lat="31.22090932913124561309814453125" lon="121.38456992805004119873046875">
        <ele>10.6000003814697265625</ele>
        <time>2026-09-26T00:37:38.000Z</time>
        <extensions>
          <ns3:TrackPointExtension>
            <ns3:hr>124</ns3:hr>
            <ns3:cad>79</ns3:cad>
          </ns3:TrackPointExtension>
        </extensions>
      </trkpt>
      <trkpt lat="31.220899187028408050537109375" lon="121.38458962552249431610107421875">
        <ele>10.6000003814697265625</ele>
        <time>2026-09-26T00:37:39.000Z</time>
        <extensions>
          <ns3:TrackPointExtension>
            <ns3:hr>124</ns3:hr>
            <ns3:cad>79</ns3:cad>
          </ns3:TrackPointExtension>
        </extensions>
      </trkpt>
      <trkpt lat="31.2208886258304119110107421875" lon="121.38461007736623287200927734375">
        <ele>10.6000003814697265625</ele>
        <time>2026-09-26T00:37:40.000Z</time>
        <extensions>
          <ns3:TrackPointExtension>
            <ns3:hr>124</ns3:hr>
            <ns3:cad>78</ns3:cad>
          </ns3:TrackPointExtension>
        </extensions>
      </trkpt>
      <trkpt lat="31.22087915427982807159423828125" lon="121.3846301101148128509521484375">
        <ele>10.6000003814697265625</ele>
        <time>2026-09-26T00:37:41.000Z</time>
        <extensions>
          <ns3:TrackPointExtension>
            <ns3:hr>124</ns3:hr>
            <ns3:cad>78</ns3:cad>
          </ns3:TrackPointExtension>
        </extensions>
      </trkpt>
      <trkpt lat="31.220869682729244232177734375" lon="121.38465148396790027618408203125">
        <ele>10.6000003814697265625</ele>
        <time>2026-09-26T00:37:42.000Z</time>
        <extensions>
          <ns3:TrackPointExtension>
            <ns3:hr>124</ns3:hr>
            <ns3:cad>77</ns3:cad>
          </ns3:TrackPointExtension>
        </extensions>
      </trkpt>
      <trkpt lat="31.22086104936897754669189453125" lon="121.38467327691614627838134765625">
        <ele>10.3999996185302734375</ele>
        <time>2026-09-26T00:37:43.000Z</time>
        <extensions>
          <ns3:TrackPointExtension>
            <ns3:hr>124</ns3:hr>
            <ns3:cad>78</ns3:cad>
          </ns3:TrackPointExtension>
        </extensions>
      </trkpt>
      <trkpt lat="31.2208544276654720306396484375" lon="121.384693644940853118896484375">
        <ele>10.3999996185302734375</ele>
        <time>2026-09-26T00:37:44.000Z</time>
        <extensions>
          <ns3:TrackPointExtension>
            <ns3:hr>125</ns3:hr>
            <ns3:cad>78</ns3:cad>
          </ns3:TrackPointExtension>
        </extensions>
      </trkpt>
      <trkpt lat="31.22084814123809337615966796875" lon="121.3847139291465282440185546875">
        <ele>10.3999996185302734375</ele>
        <time>2026-09-26T00:37:45.000Z</time>
        <extensions>
          <ns3:TrackPointExtension>
            <ns3:hr>125</ns3:hr>
            <ns3:cad>78</ns3:cad>
          </ns3:TrackPointExtension>
        </extensions>
      </trkpt>
      <trkpt lat="31.22084227390587329864501953125" lon="121.384734213352203369140625">
        <ele>10.3999996185302734375</ele>
        <time>2026-09-26T00:37:46.000Z</time>
        <extensions>
          <ns3:TrackPointExtension>
            <ns3:hr>126</ns3:hr>
            <ns3:cad>79</ns3:cad>
          </ns3:TrackPointExtension>
        </extensions>
      </trkpt>
      <trkpt lat="31.22083674184978008270263671875" lon="121.384754665195941925048828125">
        <ele>10.3999996185302734375</ele>
        <time>2026-09-26T00:37:47.000Z</time>
        <extensions>
          <ns3:TrackPointExtension>
            <ns3:hr>126</ns3:hr>
            <ns3:cad>79</ns3:cad>
          </ns3:TrackPointExtension>
        </extensions>
      </trkpt>
      <trkpt lat="31.22083137743175029754638671875" lon="121.38477620668709278106689453125">
        <ele>10.3999996185302734375</ele>
        <time>2026-09-26T00:37:48.000Z</time>
        <extensions>
          <ns3:TrackPointExtension>
            <ns3:hr>126</ns3:hr>
            <ns3:cad>79</ns3:cad>
          </ns3:TrackPointExtension>
        </extensions>
      </trkpt>
      <trkpt lat="31.22082651592791080474853515625" lon="121.38479732908308506011962890625">
        <ele>10.3999996185302734375</ele>
        <time>2026-09-26T00:37:49.000Z</time>
        <extensions>
          <ns3:TrackPointExtension>
            <ns3:hr>126</ns3:hr>
            <ns3:cad>79</ns3:cad>
          </ns3:TrackPointExtension>
        </extensions>
      </trkpt>
      <trkpt lat="31.2208235822618007659912109375" lon="121.38481878675520420074462890625">
        <ele>10.3999996185302734375</ele>
        <time>2026-09-26T00:37:50.000Z</time>
        <extensions>
          <ns3:TrackPointExtension>
            <ns3:hr>126</ns3:hr>
            <ns3:cad>79</ns3:cad>
          </ns3:TrackPointExtension>
        </extensions>
      </trkpt>
      <trkpt lat="31.2208198942244052886962890625" lon="121.38483957387506961822509765625">
        <ele>10.3999996185302734375</ele>
        <time>2026-09-26T00:37:51.000Z</time>
        <extensions>
          <ns3:TrackPointExtension>
            <ns3:hr>126</ns3:hr>
            <ns3:cad>80</ns3:cad>
          </ns3:TrackPointExtension>
        </extensions>
      </trkpt>
      <trkpt lat="31.22081494890153408050537109375" lon="121.38486228883266448974609375">
        <ele>10.3999996185302734375</ele>
        <time>2026-09-26T00:37:52.000Z</time>
        <extensions>
          <ns3:TrackPointExtension>
            <ns3:hr>127</ns3:hr>
            <ns3:cad>80</ns3:cad>
          </ns3:TrackPointExtension>
        </extensions>
      </trkpt>
      <trkpt lat="31.22080874629318714141845703125" lon="121.38488383032381534576416015625">
        <ele>10.19999980926513671875</ele>
        <time>2026-09-26T00:37:53.000Z</time>
        <extensions>
          <ns3:TrackPointExtension>
            <ns3:hr>127</ns3:hr>
            <ns3:cad>80</ns3:cad>
          </ns3:TrackPointExtension>
        </extensions>
      </trkpt>
      <trkpt lat="31.22080220840871334075927734375" lon="121.38490646146237850189208984375">
        <ele>10.19999980926513671875</ele>
        <time>2026-09-26T00:37:54.000Z</time>
        <extensions>
          <ns3:TrackPointExtension>
            <ns3:hr>127</ns3:hr>
            <ns3:cad>79</ns3:cad>
          </ns3:TrackPointExtension>
        </extensions>
      </trkpt>
      <trkpt lat="31.2207962572574615478515625" lon="121.38492926023900508880615234375">
        <ele>10.19999980926513671875</ele>
        <time>2026-09-26T00:37:55.000Z</time>
        <extensions>
          <ns3:TrackPointExtension>
            <ns3:hr>128</ns3:hr>
            <ns3:cad>79</ns3:cad>
          </ns3:TrackPointExtension>
        </extensions>
      </trkpt>
      <trkpt lat="31.2207913957536220550537109375" lon="121.38495289720594882965087890625">
        <ele>10.19999980926513671875</ele>
        <time>2026-09-26T00:37:56.000Z</time>
        <extensions>
          <ns3:TrackPointExtension>
            <ns3:hr>128</ns3:hr>
            <ns3:cad>78</ns3:cad>
          </ns3:TrackPointExtension>
        </extensions>
      </trkpt>
      <trkpt lat="31.22078695334494113922119140625" lon="121.38497552834451198577880859375">
        <ele>10.19999980926513671875</ele>
        <time>2026-09-26T00:37:57.000Z</time>
        <extensions>
          <ns3:TrackPointExtension>
            <ns3:hr>128</ns3:hr>
            <ns3:cad>77</ns3:cad>
          </ns3:TrackPointExtension>
        </extensions>
      </trkpt>
      <trkpt lat="31.2207828462123870849609375" lon="121.3849995844066143035888671875">
        <ele>10.19999980926513671875</ele>
        <time>2026-09-26T00:37:58.000Z</time>
        <extensions>
          <ns3:TrackPointExtension>
            <ns3:hr>128</ns3:hr>
            <ns3:cad>77</ns3:cad>
          </ns3:TrackPointExtension>
        </extensions>
      </trkpt>
      <trkpt lat="31.22077940963208675384521484375" lon="121.38502322137355804443359375">
        <ele>10.19999980926513671875</ele>
        <time>2026-09-26T00:37:59.000Z</time>
        <extensions>
          <ns3:TrackPointExtension>
            <ns3:hr>128</ns3:hr>
            <ns3:cad>77</ns3:cad>
          </ns3:TrackPointExtension>
        </extensions>
      </trkpt>
      <trkpt lat="31.22077588923275470733642578125" lon="121.3850458525121212005615234375">
        <ele>10</ele>
        <time>2026-09-26T00:38:00.000Z</time>
        <extensions>
          <ns3:TrackPointExtension>
            <ns3:hr>128</ns3:hr>
            <ns3:cad>78</ns3:cad>
          </ns3:TrackPointExtension>
        </extensions>
      </trkpt>
      <trkpt lat="31.22077287174761295318603515625" lon="121.3850669749081134796142578125">
        <ele>10</ele>
        <time>2026-09-26T00:38:01.000Z</time>
        <extensions>
          <ns3:TrackPointExtension>
            <ns3:hr>128</ns3:hr>
            <ns3:cad>78</ns3:cad>
          </ns3:TrackPointExtension>
        </extensions>
      </trkpt>
      <trkpt lat="31.22076951898634433746337890625" lon="121.38508968986570835113525390625">
        <ele>9.80000019073486328125</ele>
        <time>2026-09-26T00:38:02.000Z</time>
        <extensions>
          <ns3:TrackPointExtension>
            <ns3:hr>128</ns3:hr>
            <ns3:cad>78</ns3:cad>
          </ns3:TrackPointExtension>
        </extensions>
      </trkpt>
      <trkpt lat="31.2207667529582977294921875" lon="121.3851108960807323455810546875">
        <ele>9.6000003814697265625</ele>
        <time>2026-09-26T00:38:03.000Z</time>
        <extensions>
          <ns3:TrackPointExtension>
            <ns3:hr>127</ns3:hr>
            <ns3:cad>77</ns3:cad>
          </ns3:TrackPointExtension>
        </extensions>
      </trkpt>
      <trkpt lat="31.22076482512056827545166015625" lon="121.38513143174350261688232421875">
        <ele>9.6000003814697265625</ele>
        <time>2026-09-26T00:38:04.000Z</time>
        <extensions>
          <ns3:TrackPointExtension>
            <ns3:hr>128</ns3:hr>
            <ns3:cad>77</ns3:cad>
          </ns3:TrackPointExtension>
        </extensions>
      </trkpt>
      <trkpt lat="31.220763064920902252197265625" lon="121.38515272177755832672119140625">
        <ele>9.3999996185302734375</ele>
        <time>2026-09-26T00:38:05.000Z</time>
        <extensions>
          <ns3:TrackPointExtension>
            <ns3:hr>128</ns3:hr>
            <ns3:cad>77</ns3:cad>
          </ns3:TrackPointExtension>
        </extensions>
      </trkpt>
      <trkpt lat="31.22076298110187053680419921875" lon="121.38517317362129688262939453125">
        <ele>9.3999996185302734375</ele>
        <time>2026-09-26T00:38:06.000Z</time>
        <extensions>
          <ns3:TrackPointExtension>
            <ns3:hr>128</ns3:hr>
            <ns3:cad>77</ns3:cad>
          </ns3:TrackPointExtension>
        </extensions>
      </trkpt>
      <trkpt lat="31.22076340019702911376953125" lon="121.38519312255084514617919921875">
        <ele>9.19999980926513671875</ele>
        <time>2026-09-26T00:38:07.000Z</time>
        <extensions>
          <ns3:TrackPointExtension>
            <ns3:hr>127</ns3:hr>
            <ns3:cad>77</ns3:cad>
          </ns3:TrackPointExtension>
        </extensions>
      </trkpt>
      <trkpt lat="31.22076474130153656005859375" lon="121.3852134905755519866943359375">
        <ele>9.19999980926513671875</ele>
        <time>2026-09-26T00:38:08.000Z</time>
        <extensions>
          <ns3:TrackPointExtension>
            <ns3:hr>127</ns3:hr>
            <ns3:cad>76</ns3:cad>
          </ns3:TrackPointExtension>
        </extensions>
      </trkpt>
      <trkpt lat="31.22076633386313915252685546875" lon="121.38523721136152744293212890625">
        <ele>9.19999980926513671875</ele>
        <time>2026-09-26T00:38:09.000Z</time>
        <extensions>
          <ns3:TrackPointExtension>
            <ns3:hr>127</ns3:hr>
            <ns3:cad>76</ns3:cad>
          </ns3:TrackPointExtension>
        </extensions>
      </trkpt>
      <trkpt lat="31.22076851315796375274658203125" lon="121.3852607645094394683837890625">
        <ele>9.19999980926513671875</ele>
        <time>2026-09-26T00:38:10.000Z</time>
        <extensions>
          <ns3:TrackPointExtension>
            <ns3:hr>127</ns3:hr>
            <ns3:cad>77</ns3:cad>
          </ns3:TrackPointExtension>
        </extensions>
      </trkpt>
      <trkpt lat="31.2207706086337566375732421875" lon="121.38528280891478061676025390625">
        <ele>9.19999980926513671875</ele>
        <time>2026-09-26T00:38:11.000Z</time>
        <extensions>
          <ns3:TrackPointExtension>
            <ns3:hr>127</ns3:hr>
            <ns3:cad>77</ns3:cad>
          </ns3:TrackPointExtension>
        </extensions>
      </trkpt>
      <trkpt lat="31.2207729555666446685791015625" lon="121.3853050209581851959228515625">
        <ele>9.19999980926513671875</ele>
        <time>2026-09-26T00:38:12.000Z</time>
        <extensions>
          <ns3:TrackPointExtension>
            <ns3:hr>127</ns3:hr>
            <ns3:cad>78</ns3:cad>
          </ns3:TrackPointExtension>
        </extensions>
      </trkpt>
      <trkpt lat="31.22077454812824726104736328125" lon="121.38532756827771663665771484375">
        <ele>9.19999980926513671875</ele>
        <time>2026-09-26T00:38:13.000Z</time>
        <extensions>
          <ns3:TrackPointExtension>
            <ns3:hr>126</ns3:hr>
            <ns3:cad>78</ns3:cad>
          </ns3:TrackPointExtension>
        </extensions>
      </trkpt>
      <trkpt lat="31.22077605687081813812255859375" lon="121.3853499479591846466064453125">
        <ele>9.19999980926513671875</ele>
        <time>2026-09-26T00:38:14.000Z</time>
        <extensions>
          <ns3:TrackPointExtension>
            <ns3:hr>126</ns3:hr>
            <ns3:cad>78</ns3:cad>
          </ns3:TrackPointExtension>
        </extensions>
      </trkpt>
      <trkpt lat="31.22077723033726215362548828125" lon="121.38537383638322353363037109375">
        <ele>9.19999980926513671875</ele>
        <time>2026-09-26T00:38:15.000Z</time>
        <extensions>
          <ns3:TrackPointExtension>
            <ns3:hr>126</ns3:hr>
            <ns3:cad>79</ns3:cad>
          </ns3:TrackPointExtension>
        </extensions>
      </trkpt>
      <trkpt lat="31.22077907435595989227294921875" lon="121.3853955455124378204345703125">
        <ele>9.19999980926513671875</ele>
        <time>2026-09-26T00:38:16.000Z</time>
        <extensions>
          <ns3:TrackPointExtension>
            <ns3:hr>126</ns3:hr>
            <ns3:cad>79</ns3:cad>
          </ns3:TrackPointExtension>
        </extensions>
      </trkpt>
      <trkpt lat="31.22078158892691135406494140625" lon="121.38541758991777896881103515625">
        <ele>9</ele>
        <time>2026-09-26T00:38:17.000Z</time>
        <extensions>
          <ns3:TrackPointExtension>
            <ns3:hr>126</ns3:hr>
            <ns3:cad>79</ns3:cad>
          </ns3:TrackPointExtension>
        </extensions>
      </trkpt>
      <trkpt lat="31.22078510932624340057373046875" lon="121.385440640151500701904296875">
        <ele>9</ele>
        <time>2026-09-26T00:38:18.000Z</time>
        <extensions>
          <ns3:TrackPointExtension>
            <ns3:hr>125</ns3:hr>
            <ns3:cad>79</ns3:cad>
          </ns3:TrackPointExtension>
        </extensions>
      </trkpt>
      <trkpt lat="31.2207882106304168701171875" lon="121.38546310365200042724609375">
        <ele>9</ele>
        <time>2026-09-26T00:38:19.000Z</time>
        <extensions>
          <ns3:TrackPointExtension>
            <ns3:hr>125</ns3:hr>
            <ns3:cad>79</ns3:cad>
          </ns3:TrackPointExtension>
        </extensions>
      </trkpt>
      <trkpt lat="31.22079097665846347808837890625" lon="121.38548464514315128326416015625">
        <ele>9</ele>
        <time>2026-09-26T00:38:20.000Z</time>
        <extensions>
          <ns3:TrackPointExtension>
            <ns3:hr>125</ns3:hr>
            <ns3:cad>79</ns3:cad>
          </ns3:TrackPointExtension>
        </extensions>
      </trkpt>
      <trkpt lat="31.2207934074103832244873046875" lon="121.38550744391977787017822265625">
        <ele>9</ele>
        <time>2026-09-26T00:38:21.000Z</time>
        <extensions>
          <ns3:TrackPointExtension>
            <ns3:hr>124</ns3:hr>
            <ns3:cad>79</ns3:cad>
          </ns3:TrackPointExtension>
        </extensions>
      </trkpt>
      <trkpt lat="31.22079533524811267852783203125" lon="121.385528147220611572265625">
        <ele>9</ele>
        <time>2026-09-26T00:38:22.000Z</time>
        <extensions>
          <ns3:TrackPointExtension>
            <ns3:hr>124</ns3:hr>
            <ns3:cad>79</ns3:cad>
          </ns3:TrackPointExtension>
        </extensions>
      </trkpt>
      <trkpt lat="31.220797263085842132568359375" lon="121.385550610721111297607421875">
        <ele>9.19999980926513671875</ele>
        <time>2026-09-26T00:38:23.000Z</time>
        <extensions>
          <ns3:TrackPointExtension>
            <ns3:hr>124</ns3:hr>
            <ns3:cad>79</ns3:cad>
          </ns3:TrackPointExtension>
        </extensions>
      </trkpt>
      <trkpt lat="31.220798604190349578857421875" lon="121.38557265512645244598388671875">
        <ele>9.19999980926513671875</ele>
        <time>2026-09-26T00:38:24.000Z</time>
        <extensions>
          <ns3:TrackPointExtension>
            <ns3:hr>124</ns3:hr>
            <ns3:cad>79</ns3:cad>
          </ns3:TrackPointExtension>
        </extensions>
      </trkpt>
      <trkpt lat="31.22080028057098388671875" lon="121.38559444807469844818115234375">
        <ele>9.3999996185302734375</ele>
        <time>2026-09-26T00:38:25.000Z</time>
        <extensions>
          <ns3:TrackPointExtension>
            <ns3:hr>125</ns3:hr>
            <ns3:cad>79</ns3:cad>
          </ns3:TrackPointExtension>
        </extensions>
      </trkpt>
      <trkpt lat="31.2208021245896816253662109375" lon="121.3856144808232784271240234375">
        <ele>9.3999996185302734375</ele>
        <time>2026-09-26T00:38:26.000Z</time>
        <extensions>
          <ns3:TrackPointExtension>
            <ns3:hr>125</ns3:hr>
            <ns3:cad>79</ns3:cad>
          </ns3:TrackPointExtension>
        </extensions>
      </trkpt>
      <trkpt lat="31.22080455534160137176513671875" lon="121.38563535176217555999755859375">
        <ele>9.6000003814697265625</ele>
        <time>2026-09-26T00:38:27.000Z</time>
        <extensions>
          <ns3:TrackPointExtension>
            <ns3:hr>126</ns3:hr>
            <ns3:cad>79</ns3:cad>
          </ns3:TrackPointExtension>
        </extensions>
      </trkpt>
      <trkpt lat="31.22080723755061626434326171875" lon="121.3856555521488189697265625">
        <ele>9.6000003814697265625</ele>
        <time>2026-09-26T00:38:28.000Z</time>
        <extensions>
          <ns3:TrackPointExtension>
            <ns3:hr>126</ns3:hr>
            <ns3:cad>78</ns3:cad>
          </ns3:TrackPointExtension>
        </extensions>
      </trkpt>
      <trkpt lat="31.2208095006644725799560546875" lon="121.3856765069067478179931640625">
        <ele>9.80000019073486328125</ele>
        <time>2026-09-26T00:38:29.000Z</time>
        <extensions>
          <ns3:TrackPointExtension>
            <ns3:hr>126</ns3:hr>
            <ns3:cad>77</ns3:cad>
          </ns3:TrackPointExtension>
        </extensions>
      </trkpt>
      <trkpt lat="31.2208108417689800262451171875" lon="121.38569788075983524322509765625">
        <ele>9.80000019073486328125</ele>
        <time>2026-09-26T00:38:30.000Z</time>
        <extensions>
          <ns3:TrackPointExtension>
            <ns3:hr>126</ns3:hr>
            <ns3:cad>77</ns3:cad>
          </ns3:TrackPointExtension>
        </extensions>
      </trkpt>
      <trkpt lat="31.22081126086413860321044921875" lon="121.38571984134614467620849609375">
        <ele>9.80000019073486328125</ele>
        <time>2026-09-26T00:38:31.000Z</time>
        <extensions>
          <ns3:TrackPointExtension>
            <ns3:hr>126</ns3:hr>
            <ns3:cad>77</ns3:cad>
          </ns3:TrackPointExtension>
        </extensions>
      </trkpt>
      <trkpt lat="31.2208123505115509033203125" lon="121.3857422210276126861572265625">
        <ele>9.80000019073486328125</ele>
        <time>2026-09-26T00:38:32.000Z</time>
        <extensions>
          <ns3:TrackPointExtension>
            <ns3:hr>126</ns3:hr>
            <ns3:cad>78</ns3:cad>
          </ns3:TrackPointExtension>
        </extensions>
      </trkpt>
      <trkpt lat="31.22081411071121692657470703125" lon="121.38576543889939785003662109375">
        <ele>9.6000003814697265625</ele>
        <time>2026-09-26T00:38:33.000Z</time>
        <extensions>
          <ns3:TrackPointExtension>
            <ns3:hr>126</ns3:hr>
            <ns3:cad>79</ns3:cad>
          </ns3:TrackPointExtension>
        </extensions>
      </trkpt>
      <trkpt lat="31.22081595472991466522216796875" lon="121.38578874059021472930908203125">
        <ele>9.6000003814697265625</ele>
        <time>2026-09-26T00:38:34.000Z</time>
        <extensions>
          <ns3:TrackPointExtension>
            <ns3:hr>125</ns3:hr>
            <ns3:cad>79</ns3:cad>
          </ns3:TrackPointExtension>
        </extensions>
      </trkpt>
      <trkpt lat="31.220817379653453826904296875" lon="121.38581204228103160858154296875">
        <ele>9.6000003814697265625</ele>
        <time>2026-09-26T00:38:35.000Z</time>
        <extensions>
          <ns3:TrackPointExtension>
            <ns3:hr>126</ns3:hr>
            <ns3:cad>79</ns3:cad>
          </ns3:TrackPointExtension>
        </extensions>
      </trkpt>
      <trkpt lat="31.22081763111054897308349609375" lon="121.38583593070507049560546875">
        <ele>9.3999996185302734375</ele>
        <time>2026-09-26T00:38:36.000Z</time>
        <extensions>
          <ns3:TrackPointExtension>
            <ns3:hr>126</ns3:hr>
            <ns3:cad>79</ns3:cad>
          </ns3:TrackPointExtension>
        </extensions>
      </trkpt>
      <trkpt lat="31.22081729583442211151123046875" lon="121.38586032204329967498779296875">
        <ele>9.3999996185302734375</ele>
        <time>2026-09-26T00:38:37.000Z</time>
        <extensions>
          <ns3:TrackPointExtension>
            <ns3:hr>126</ns3:hr>
            <ns3:cad>79</ns3:cad>
          </ns3:TrackPointExtension>
        </extensions>
      </trkpt>
      <trkpt lat="31.22081570327281951904296875" lon="121.385886557400226593017578125">
        <ele>9.3999996185302734375</ele>
        <time>2026-09-26T00:38:38.000Z</time>
        <extensions>
          <ns3:TrackPointExtension>
            <ns3:hr>126</ns3:hr>
            <ns3:cad>79</ns3:cad>
          </ns3:TrackPointExtension>
        </extensions>
      </trkpt>
      <trkpt lat="31.22081360779702663421630859375" lon="121.38591296039521694183349609375">
        <ele>9.3999996185302734375</ele>
        <time>2026-09-26T00:38:39.000Z</time>
        <extensions>
          <ns3:TrackPointExtension>
            <ns3:hr>126</ns3:hr>
            <ns3:cad>79</ns3:cad>
          </ns3:TrackPointExtension>
        </extensions>
      </trkpt>
      <trkpt lat="31.22081092558801174163818359375" lon="121.38593852519989013671875">
        <ele>9.3999996185302734375</ele>
        <time>2026-09-26T00:38:40.000Z</time>
        <extensions>
          <ns3:TrackPointExtension>
            <ns3:hr>126</ns3:hr>
            <ns3:cad>79</ns3:cad>
          </ns3:TrackPointExtension>
        </extensions>
      </trkpt>
      <trkpt lat="31.2208088301122188568115234375" lon="121.38596207834780216217041015625">
        <ele>9.3999996185302734375</ele>
        <time>2026-09-26T00:38:41.000Z</time>
        <extensions>
          <ns3:TrackPointExtension>
            <ns3:hr>126</ns3:hr>
            <ns3:cad>80</ns3:cad>
          </ns3:TrackPointExtension>
        </extensions>
      </trkpt>
      <trkpt lat="31.22080606408417224884033203125" lon="121.38598613440990447998046875">
        <ele>9.3999996185302734375</ele>
        <time>2026-09-26T00:38:42.000Z</time>
        <extensions>
          <ns3:TrackPointExtension>
            <ns3:hr>125</ns3:hr>
            <ns3:cad>80</ns3:cad>
          </ns3:TrackPointExtension>
        </extensions>
      </trkpt>
      <trkpt lat="31.22080220840871334075927734375" lon="121.38601102866232395172119140625">
        <ele>9.3999996185302734375</ele>
        <time>2026-09-26T00:38:43.000Z</time>
        <extensions>
          <ns3:TrackPointExtension>
            <ns3:hr>125</ns3:hr>
            <ns3:cad>80</ns3:cad>
          </ns3:TrackPointExtension>
        </extensions>
      </trkpt>
      <trkpt lat="31.2207977660000324249267578125" lon="121.38603801839053630828857421875">
        <ele>9.3999996185302734375</ele>
        <time>2026-09-26T00:38:44.000Z</time>
        <extensions>
          <ns3:TrackPointExtension>
            <ns3:hr>125</ns3:hr>
            <ns3:cad>80</ns3:cad>
          </ns3:TrackPointExtension>
        </extensions>
      </trkpt>
      <trkpt lat="31.2207927368581295013427734375" lon="121.38606484048068523406982421875">
        <ele>9.3999996185302734375</ele>
        <time>2026-09-26T00:38:45.000Z</time>
        <extensions>
          <ns3:TrackPointExtension>
            <ns3:hr>124</ns3:hr>
            <ns3:cad>80</ns3:cad>
          </ns3:TrackPointExtension>
        </extensions>
      </trkpt>
      <trkpt lat="31.2207882106304168701171875" lon="121.3860909081995487213134765625">
        <ele>9.19999980926513671875</ele>
        <time>2026-09-26T00:38:46.000Z</time>
        <extensions>
          <ns3:TrackPointExtension>
            <ns3:hr>124</ns3:hr>
            <ns3:cad>80</ns3:cad>
          </ns3:TrackPointExtension>
        </extensions>
      </trkpt>
      <trkpt lat="31.2207828462123870849609375" lon="121.3861160539090633392333984375">
        <ele>9.19999980926513671875</ele>
        <time>2026-09-26T00:38:47.000Z</time>
        <extensions>
          <ns3:TrackPointExtension>
            <ns3:hr>124</ns3:hr>
            <ns3:cad>79</ns3:cad>
          </ns3:TrackPointExtension>
        </extensions>
      </trkpt>
      <trkpt lat="31.2207773141562938690185546875" lon="121.386142708361148834228515625">
        <ele>9</ele>
        <time>2026-09-26T00:38:48.000Z</time>
        <extensions>
          <ns3:TrackPointExtension>
            <ns3:hr>124</ns3:hr>
            <ns3:cad>79</ns3:cad>
          </ns3:TrackPointExtension>
        </extensions>
      </trkpt>
      <trkpt lat="31.2207722850143909454345703125" lon="121.386167518794536590576171875">
        <ele>9</ele>
        <time>2026-09-26T00:38:49.000Z</time>
        <extensions>
          <ns3:TrackPointExtension>
            <ns3:hr>124</ns3:hr>
            <ns3:cad>79</ns3:cad>
          </ns3:TrackPointExtension>
        </extensions>
      </trkpt>
      <trkpt lat="31.2207675911486148834228515625" lon="121.38619534671306610107421875">
        <ele>8.80000019073486328125</ele>
        <time>2026-09-26T00:38:50.000Z</time>
        <extensions>
          <ns3:TrackPointExtension>
            <ns3:hr>124</ns3:hr>
            <ns3:cad>80</ns3:cad>
          </ns3:TrackPointExtension>
        </extensions>
      </trkpt>
      <trkpt lat="31.22076415456831455230712890625" lon="121.3862213306128978729248046875">
        <ele>8.6000003814697265625</ele>
        <time>2026-09-26T00:38:51.000Z</time>
        <extensions>
          <ns3:TrackPointExtension>
            <ns3:hr>124</ns3:hr>
            <ns3:cad>80</ns3:cad>
          </ns3:TrackPointExtension>
        </extensions>
      </trkpt>
      <trkpt lat="31.220760047435760498046875" lon="121.3862488232553005218505859375">
        <ele>8.6000003814697265625</ele>
        <time>2026-09-26T00:38:52.000Z</time>
        <extensions>
          <ns3:TrackPointExtension>
            <ns3:hr>124</ns3:hr>
            <ns3:cad>80</ns3:cad>
          </ns3:TrackPointExtension>
        </extensions>
      </trkpt>
      <trkpt lat="31.2207560241222381591796875" lon="121.38627690263092517852783203125">
        <ele>8.3999996185302734375</ele>
        <time>2026-09-26T00:38:53.000Z</time>
        <extensions>
          <ns3:TrackPointExtension>
            <ns3:hr>125</ns3:hr>
            <ns3:cad>80</ns3:cad>
          </ns3:TrackPointExtension>
        </extensions>
      </trkpt>
      <trkpt lat="31.2207525037229061126708984375" lon="121.38630657456815242767333984375">
        <ele>8.19999980926513671875</ele>
        <time>2026-09-26T00:38:54.000Z</time>
        <extensions>
          <ns3:TrackPointExtension>
            <ns3:hr>124</ns3:hr>
            <ns3:cad>80</ns3:cad>
          </ns3:TrackPointExtension>
        </extensions>
      </trkpt>
      <trkpt lat="31.2207498215138912200927734375" lon="121.386336497962474822998046875">
        <ele>8.19999980926513671875</ele>
        <time>2026-09-26T00:38:55.000Z</time>
        <extensions>
          <ns3:TrackPointExtension>
            <ns3:hr>125</ns3:hr>
            <ns3:cad>79</ns3:cad>
          </ns3:TrackPointExtension>
        </extensions>
      </trkpt>
      <trkpt lat="31.22074772603809833526611328125" lon="121.3863654993474483489990234375">
        <ele>8.19999980926513671875</ele>
        <time>2026-09-26T00:38:56.000Z</time>
        <extensions>
          <ns3:TrackPointExtension>
            <ns3:hr>125</ns3:hr>
            <ns3:cad>78</ns3:cad>
          </ns3:TrackPointExtension>
        </extensions>
      </trkpt>
      <trkpt lat="31.22074688784778118133544921875" lon="121.3863919861614704132080078125">
        <ele>8</ele>
        <time>2026-09-26T00:38:57.000Z</time>
        <extensions>
          <ns3:TrackPointExtension>
            <ns3:hr>125</ns3:hr>
            <ns3:cad>78</ns3:cad>
          </ns3:TrackPointExtension>
        </extensions>
      </trkpt>
      <trkpt lat="31.22074730694293975830078125" lon="121.38641654513776302337646484375">
        <ele>8</ele>
        <time>2026-09-26T00:38:58.000Z</time>
        <extensions>
          <ns3:TrackPointExtension>
            <ns3:hr>125</ns3:hr>
            <ns3:cad>78</ns3:cad>
          </ns3:TrackPointExtension>
        </extensions>
      </trkpt>
      <trkpt lat="31.22074873186647891998291015625" lon="121.3864399306476116180419921875">
        <ele>8</ele>
        <time>2026-09-26T00:38:59.000Z</time>
        <extensions>
          <ns3:TrackPointExtension>
            <ns3:hr>125</ns3:hr>
            <ns3:cad>81</ns3:cad>
          </ns3:TrackPointExtension>
        </extensions>
      </trkpt>
      <trkpt lat="31.2207508273422718048095703125" lon="121.3864627294242382049560546875">
        <ele>8</ele>
        <time>2026-09-26T00:39:00.000Z</time>
        <extensions>
          <ns3:TrackPointExtension>
            <ns3:hr>125</ns3:hr>
            <ns3:cad>81</ns3:cad>
          </ns3:TrackPointExtension>
        </extensions>
      </trkpt>
      <trkpt lat="31.22075258754193782806396484375" lon="121.38648645021021366119384765625">
        <ele>8</ele>
        <time>2026-09-26T00:39:01.000Z</time>
        <extensions>
          <ns3:TrackPointExtension>
            <ns3:hr>125</ns3:hr>
            <ns3:cad>81</ns3:cad>
          </ns3:TrackPointExtension>
        </extensions>
      </trkpt>
      <trkpt lat="31.2207545153796672821044921875" lon="121.386510170996189117431640625">
        <ele>8</ele>
        <time>2026-09-26T00:39:02.000Z</time>
        <extensions>
          <ns3:TrackPointExtension>
            <ns3:hr>125</ns3:hr>
            <ns3:cad>81</ns3:cad>
          </ns3:TrackPointExtension>
        </extensions>
      </trkpt>
      <trkpt lat="31.22075577266514301300048828125" lon="121.38653405942022800445556640625">
        <ele>8</ele>
        <time>2026-09-26T00:39:03.000Z</time>
        <extensions>
          <ns3:TrackPointExtension>
            <ns3:hr>125</ns3:hr>
            <ns3:cad>81</ns3:cad>
          </ns3:TrackPointExtension>
        </extensions>
      </trkpt>
      <trkpt lat="31.22075895778834819793701171875" lon="121.38655878603458404541015625">
        <ele>8</ele>
        <time>2026-09-26T00:39:04.000Z</time>
        <extensions>
          <ns3:TrackPointExtension>
            <ns3:hr>125</ns3:hr>
            <ns3:cad>79</ns3:cad>
          </ns3:TrackPointExtension>
        </extensions>
      </trkpt>
      <trkpt lat="31.2207618914544582366943359375" lon="121.38658426702022552490234375">
        <ele>8.19999980926513671875</ele>
        <time>2026-09-26T00:39:05.000Z</time>
        <extensions>
          <ns3:TrackPointExtension>
            <ns3:hr>126</ns3:hr>
            <ns3:cad>79</ns3:cad>
          </ns3:TrackPointExtension>
        </extensions>
      </trkpt>
      <trkpt lat="31.22076298110187053680419921875" lon="121.38661083765327930450439453125">
        <ele>8</ele>
        <time>2026-09-26T00:39:06.000Z</time>
        <extensions>
          <ns3:TrackPointExtension>
            <ns3:hr>126</ns3:hr>
            <ns3:cad>79</ns3:cad>
          </ns3:TrackPointExtension>
        </extensions>
      </trkpt>
      <trkpt lat="31.2207635678350925445556640625" lon="121.3866370730102062225341796875">
        <ele>8</ele>
        <time>2026-09-26T00:39:07.000Z</time>
        <extensions>
          <ns3:TrackPointExtension>
            <ns3:hr>126</ns3:hr>
            <ns3:cad>79</ns3:cad>
          </ns3:TrackPointExtension>
        </extensions>
      </trkpt>
      <trkpt lat="31.22076499275863170623779296875" lon="121.3866586983203887939453125">
        <ele>8</ele>
        <time>2026-09-26T00:39:08.000Z</time>
        <extensions>
          <ns3:TrackPointExtension>
            <ns3:hr>126</ns3:hr>
            <ns3:cad>79</ns3:cad>
          </ns3:TrackPointExtension>
        </extensions>
      </trkpt>
      <trkpt lat="31.2207672558724880218505859375" lon="121.3866840116679668426513671875">
        <ele>8</ele>
        <time>2026-09-26T00:39:09.000Z</time>
        <extensions>
          <ns3:TrackPointExtension>
            <ns3:hr>126</ns3:hr>
            <ns3:cad>79</ns3:cad>
          </ns3:TrackPointExtension>
        </extensions>
      </trkpt>
      <trkpt lat="31.22076851315796375274658203125" lon="121.38670790009200572967529296875">
        <ele>8</ele>
        <time>2026-09-26T00:39:10.000Z</time>
        <extensions>
          <ns3:TrackPointExtension>
            <ns3:hr>126</ns3:hr>
            <ns3:cad>79</ns3:cad>
          </ns3:TrackPointExtension>
        </extensions>
      </trkpt>
      <trkpt lat="31.22076968662440776824951171875" lon="121.38673069886863231658935546875">
        <ele>8</ele>
        <time>2026-09-26T00:39:11.000Z</time>
        <extensions>
          <ns3:TrackPointExtension>
            <ns3:hr>126</ns3:hr>
            <ns3:cad>79</ns3:cad>
          </ns3:TrackPointExtension>
        </extensions>
      </trkpt>
      <trkpt lat="31.22077052481472492218017578125" lon="121.38675265945494174957275390625">
        <ele>8</ele>
        <time>2026-09-26T00:39:12.000Z</time>
        <extensions>
          <ns3:TrackPointExtension>
            <ns3:hr>126</ns3:hr>
            <ns3:cad>80</ns3:cad>
          </ns3:TrackPointExtension>
        </extensions>
      </trkpt>
      <trkpt lat="31.22077086009085178375244140625" lon="121.3867738656699657440185546875">
        <ele>8</ele>
        <time>2026-09-26T00:39:13.000Z</time>
        <extensions>
          <ns3:TrackPointExtension>
            <ns3:hr>126</ns3:hr>
            <ns3:cad>80</ns3:cad>
          </ns3:TrackPointExtension>
        </extensions>
      </trkpt>
      <trkpt lat="31.220770776271820068359375" lon="121.38679624535143375396728515625">
        <ele>8</ele>
        <time>2026-09-26T00:39:14.000Z</time>
        <extensions>
          <ns3:TrackPointExtension>
            <ns3:hr>126</ns3:hr>
            <ns3:cad>80</ns3:cad>
          </ns3:TrackPointExtension>
        </extensions>
      </trkpt>
      <trkpt lat="31.2207706086337566375732421875" lon="121.386819295585155487060546875">
        <ele>8</ele>
        <time>2026-09-26T00:39:15.000Z</time>
        <extensions>
          <ns3:TrackPointExtension>
            <ns3:hr>126</ns3:hr>
            <ns3:cad>80</ns3:cad>
          </ns3:TrackPointExtension>
        </extensions>
      </trkpt>
      <trkpt lat="31.22077018953859806060791015625" lon="121.38684268109500408172607421875">
        <ele>7.80000019073486328125</ele>
        <time>2026-09-26T00:39:16.000Z</time>
        <extensions>
          <ns3:TrackPointExtension>
            <ns3:hr>126</ns3:hr>
            <ns3:cad>78</ns3:cad>
          </ns3:TrackPointExtension>
        </extensions>
      </trkpt>
      <trkpt lat="31.2207706086337566375732421875" lon="121.38686724007129669189453125">
        <ele>7.80000019073486328125</ele>
        <time>2026-09-26T00:39:17.000Z</time>
        <extensions>
          <ns3:TrackPointExtension>
            <ns3:hr>126</ns3:hr>
            <ns3:cad>79</ns3:cad>
          </ns3:TrackPointExtension>
        </extensions>
      </trkpt>
      <trkpt lat="31.22077102772891521453857421875" lon="121.3868912123143672943115234375">
        <ele>8</ele>
        <time>2026-09-26T00:39:18.000Z</time>
        <extensions>
          <ns3:TrackPointExtension>
            <ns3:hr>126</ns3:hr>
            <ns3:cad>79</ns3:cad>
          </ns3:TrackPointExtension>
        </extensions>
      </trkpt>
      <trkpt lat="31.22077052481472492218017578125" lon="121.38691551983356475830078125">
        <ele>8</ele>
        <time>2026-09-26T00:39:19.000Z</time>
        <extensions>
          <ns3:TrackPointExtension>
            <ns3:hr>126</ns3:hr>
            <ns3:cad>79</ns3:cad>
          </ns3:TrackPointExtension>
        </extensions>
      </trkpt>
      <trkpt lat="31.22077052481472492218017578125" lon="121.38694007880985736846923828125">
        <ele>8</ele>
        <time>2026-09-26T00:39:20.000Z</time>
        <extensions>
          <ns3:TrackPointExtension>
            <ns3:hr>126</ns3:hr>
            <ns3:cad>80</ns3:cad>
          </ns3:TrackPointExtension>
        </extensions>
      </trkpt>
      <trkpt lat="31.2207709439098834991455078125" lon="121.38696388341486454010009765625">
        <ele>8</ele>
        <time>2026-09-26T00:39:21.000Z</time>
        <extensions>
          <ns3:TrackPointExtension>
            <ns3:hr>126</ns3:hr>
            <ns3:cad>80</ns3:cad>
          </ns3:TrackPointExtension>
        </extensions>
      </trkpt>
      <trkpt lat="31.2207722850143909454345703125" lon="121.38698768801987171173095703125">
        <ele>8</ele>
        <time>2026-09-26T00:39:22.000Z</time>
        <extensions>
          <ns3:TrackPointExtension>
            <ns3:hr>126</ns3:hr>
            <ns3:cad>80</ns3:cad>
          </ns3:TrackPointExtension>
        </extensions>
      </trkpt>
      <trkpt lat="31.2207746319472789764404296875" lon="121.3870112411677837371826171875">
        <ele>8</ele>
        <time>2026-09-26T00:39:23.000Z</time>
        <extensions>
          <ns3:TrackPointExtension>
            <ns3:hr>126</ns3:hr>
            <ns3:cad>80</ns3:cad>
          </ns3:TrackPointExtension>
        </extensions>
      </trkpt>
      <trkpt lat="31.220777146518230438232421875" lon="121.38703362084925174713134765625">
        <ele>8</ele>
        <time>2026-09-26T00:39:24.000Z</time>
        <extensions>
          <ns3:TrackPointExtension>
            <ns3:hr>126</ns3:hr>
            <ns3:cad>80</ns3:cad>
          </ns3:TrackPointExtension>
        </extensions>
      </trkpt>
      <trkpt lat="31.2207774817943572998046875" lon="121.38705901801586151123046875">
        <ele>8</ele>
        <time>2026-09-26T00:39:25.000Z</time>
        <extensions>
          <ns3:TrackPointExtension>
            <ns3:hr>126</ns3:hr>
            <ns3:cad>81</ns3:cad>
          </ns3:TrackPointExtension>
        </extensions>
      </trkpt>
      <trkpt lat="31.22077672742307186126708984375" lon="121.3870839960873126983642578125">
        <ele>8</ele>
        <time>2026-09-26T00:39:26.000Z</time>
        <extensions>
          <ns3:TrackPointExtension>
            <ns3:hr>126</ns3:hr>
            <ns3:cad>81</ns3:cad>
          </ns3:TrackPointExtension>
        </extensions>
      </trkpt>
      <trkpt lat="31.2207756377756595611572265625" lon="121.38710922561585903167724609375">
        <ele>8</ele>
        <time>2026-09-26T00:39:27.000Z</time>
        <extensions>
          <ns3:TrackPointExtension>
            <ns3:hr>126</ns3:hr>
            <ns3:cad>81</ns3:cad>
          </ns3:TrackPointExtension>
        </extensions>
      </trkpt>
      <trkpt lat="31.2207747995853424072265625" lon="121.38713571242988109588623046875">
        <ele>8</ele>
        <time>2026-09-26T00:39:28.000Z</time>
        <extensions>
          <ns3:TrackPointExtension>
            <ns3:hr>126</ns3:hr>
            <ns3:cad>81</ns3:cad>
          </ns3:TrackPointExtension>
        </extensions>
      </trkpt>
      <trkpt lat="31.22077488340437412261962890625" lon="121.38716136105358600616455078125">
        <ele>8.19999980926513671875</ele>
        <time>2026-09-26T00:39:29.000Z</time>
        <extensions>
          <ns3:TrackPointExtension>
            <ns3:hr>126</ns3:hr>
            <ns3:cad>81</ns3:cad>
          </ns3:TrackPointExtension>
        </extensions>
      </trkpt>
      <trkpt lat="31.220775134861469268798828125" lon="121.38718717731535434722900390625">
        <ele>8.19999980926513671875</ele>
        <time>2026-09-26T00:39:30.000Z</time>
        <extensions>
          <ns3:TrackPointExtension>
            <ns3:hr>126</ns3:hr>
            <ns3:cad>80</ns3:cad>
          </ns3:TrackPointExtension>
        </extensions>
      </trkpt>
      <trkpt lat="31.22077538631856441497802734375" lon="121.38721265830099582672119140625">
        <ele>8.19999980926513671875</ele>
        <time>2026-09-26T00:39:31.000Z</time>
        <extensions>
          <ns3:TrackPointExtension>
            <ns3:hr>126</ns3:hr>
            <ns3:cad>80</ns3:cad>
          </ns3:TrackPointExtension>
        </extensions>
      </trkpt>
      <trkpt lat="31.2207763083279132843017578125" lon="121.3872378878295421600341796875">
        <ele>8.19999980926513671875</ele>
        <time>2026-09-26T00:39:32.000Z</time>
        <extensions>
          <ns3:TrackPointExtension>
            <ns3:hr>126</ns3:hr>
            <ns3:cad>80</ns3:cad>
          </ns3:TrackPointExtension>
        </extensions>
      </trkpt>
      <trkpt lat="31.22077739797532558441162109375" lon="121.38726294972002506256103515625">
        <ele>8.19999980926513671875</ele>
        <time>2026-09-26T00:39:33.000Z</time>
        <extensions>
          <ns3:TrackPointExtension>
            <ns3:hr>126</ns3:hr>
            <ns3:cad>80</ns3:cad>
          </ns3:TrackPointExtension>
        </extensions>
      </trkpt>
      <trkpt lat="31.22077806852757930755615234375" lon="121.387288682162761688232421875">
        <ele>8.19999980926513671875</ele>
        <time>2026-09-26T00:39:34.000Z</time>
        <extensions>
          <ns3:TrackPointExtension>
            <ns3:hr>126</ns3:hr>
            <ns3:cad>80</ns3:cad>
          </ns3:TrackPointExtension>
        </extensions>
      </trkpt>
      <trkpt lat="31.2207783199846744537353515625" lon="121.3873116485774517059326171875">
        <ele>8.19999980926513671875</ele>
        <time>2026-09-26T00:39:35.000Z</time>
        <extensions>
          <ns3:TrackPointExtension>
            <ns3:hr>127</ns3:hr>
            <ns3:cad>79</ns3:cad>
          </ns3:TrackPointExtension>
        </extensions>
      </trkpt>
      <trkpt lat="31.22077924199402332305908203125" lon="121.387338303029537200927734375">
        <ele>8.19999980926513671875</ele>
        <time>2026-09-26T00:39:36.000Z</time>
        <extensions>
          <ns3:TrackPointExtension>
            <ns3:hr>126</ns3:hr>
            <ns3:cad>79</ns3:cad>
          </ns3:TrackPointExtension>
        </extensions>
      </trkpt>
      <trkpt lat="31.22077924199402332305908203125" lon="121.3873641192913055419921875">
        <ele>8.19999980926513671875</ele>
        <time>2026-09-26T00:39:37.000Z</time>
        <extensions>
          <ns3:TrackPointExtension>
            <ns3:hr>126</ns3:hr>
            <ns3:cad>79</ns3:cad>
          </ns3:TrackPointExtension>
        </extensions>
      </trkpt>
      <trkpt lat="31.220779158174991607666015625" lon="121.38738892972469329833984375">
        <ele>8.19999980926513671875</ele>
        <time>2026-09-26T00:39:38.000Z</time>
        <extensions>
          <ns3:TrackPointExtension>
            <ns3:hr>127</ns3:hr>
            <ns3:cad>80</ns3:cad>
          </ns3:TrackPointExtension>
        </extensions>
      </trkpt>
      <trkpt lat="31.22077873907983303070068359375" lon="121.38741147704422473907470703125">
        <ele>8.19999980926513671875</ele>
        <time>2026-09-26T00:39:39.000Z</time>
        <extensions>
          <ns3:TrackPointExtension>
            <ns3:hr>126</ns3:hr>
            <ns3:cad>80</ns3:cad>
          </ns3:TrackPointExtension>
        </extensions>
      </trkpt>
      <trkpt lat="31.220778487622737884521484375" lon="121.38743595220148563385009765625">
        <ele>8.19999980926513671875</ele>
        <time>2026-09-26T00:39:40.000Z</time>
        <extensions>
          <ns3:TrackPointExtension>
            <ns3:hr>126</ns3:hr>
            <ns3:cad>80</ns3:cad>
          </ns3:TrackPointExtension>
        </extensions>
      </trkpt>
      <trkpt lat="31.22077815234661102294921875" lon="121.3874618522822856903076171875">
        <ele>8.19999980926513671875</ele>
        <time>2026-09-26T00:39:41.000Z</time>
        <extensions>
          <ns3:TrackPointExtension>
            <ns3:hr>126</ns3:hr>
            <ns3:cad>80</ns3:cad>
          </ns3:TrackPointExtension>
        </extensions>
      </trkpt>
      <trkpt lat="31.22077739797532558441162109375" lon="121.38748657889664173126220703125">
        <ele>8.19999980926513671875</ele>
        <time>2026-09-26T00:39:42.000Z</time>
        <extensions>
          <ns3:TrackPointExtension>
            <ns3:hr>127</ns3:hr>
            <ns3:cad>80</ns3:cad>
          </ns3:TrackPointExtension>
        </extensions>
      </trkpt>
      <trkpt lat="31.22077756561338901519775390625" lon="121.38751122169196605682373046875">
        <ele>8.19999980926513671875</ele>
        <time>2026-09-26T00:39:43.000Z</time>
        <extensions>
          <ns3:TrackPointExtension>
            <ns3:hr>126</ns3:hr>
            <ns3:cad>80</ns3:cad>
          </ns3:TrackPointExtension>
        </extensions>
      </trkpt>
      <trkpt lat="31.22077806852757930755615234375" lon="121.38753653503954410552978515625">
        <ele>8.19999980926513671875</ele>
        <time>2026-09-26T00:39:44.000Z</time>
        <extensions>
          <ns3:TrackPointExtension>
            <ns3:hr>126</ns3:hr>
            <ns3:cad>80</ns3:cad>
          </ns3:TrackPointExtension>
        </extensions>
      </trkpt>
      <trkpt lat="31.22077890671789646148681640625" lon="121.3875597529113292694091796875">
        <ele>8.19999980926513671875</ele>
        <time>2026-09-26T00:39:45.000Z</time>
        <extensions>
          <ns3:TrackPointExtension>
            <ns3:hr>126</ns3:hr>
            <ns3:cad>80</ns3:cad>
          </ns3:TrackPointExtension>
        </extensions>
      </trkpt>
      <trkpt lat="31.22078008018434047698974609375" lon="121.38758347369730472564697265625">
        <ele>8.19999980926513671875</ele>
        <time>2026-09-26T00:39:46.000Z</time>
        <extensions>
          <ns3:TrackPointExtension>
            <ns3:hr>127</ns3:hr>
            <ns3:cad>79</ns3:cad>
          </ns3:TrackPointExtension>
        </extensions>
      </trkpt>
      <trkpt lat="31.22078242711722850799560546875" lon="121.3876082003116607666015625">
        <ele>8.19999980926513671875</ele>
        <time>2026-09-26T00:39:47.000Z</time>
        <extensions>
          <ns3:TrackPointExtension>
            <ns3:hr>126</ns3:hr>
            <ns3:cad>79</ns3:cad>
          </ns3:TrackPointExtension>
        </extensions>
      </trkpt>
      <trkpt lat="31.22078485786914825439453125" lon="121.38763259164988994598388671875">
        <ele>8.19999980926513671875</ele>
        <time>2026-09-26T00:39:48.000Z</time>
        <extensions>
          <ns3:TrackPointExtension>
            <ns3:hr>126</ns3:hr>
            <ns3:cad>79</ns3:cad>
          </ns3:TrackPointExtension>
        </extensions>
      </trkpt>
      <trkpt lat="31.22078862972557544708251953125" lon="121.3876573182642459869384765625">
        <ele>8.19999980926513671875</ele>
        <time>2026-09-26T00:39:49.000Z</time>
        <extensions>
          <ns3:TrackPointExtension>
            <ns3:hr>126</ns3:hr>
            <ns3:cad>80</ns3:cad>
          </ns3:TrackPointExtension>
        </extensions>
      </trkpt>
      <trkpt lat="31.22079248540103435516357421875" lon="121.387680284678936004638671875">
        <ele>8.19999980926513671875</ele>
        <time>2026-09-26T00:39:50.000Z</time>
        <extensions>
          <ns3:TrackPointExtension>
            <ns3:hr>127</ns3:hr>
            <ns3:cad>80</ns3:cad>
          </ns3:TrackPointExtension>
        </extensions>
      </trkpt>
      <trkpt lat="31.2207944132387638092041015625" lon="121.38770283199846744537353515625">
        <ele>8.19999980926513671875</ele>
        <time>2026-09-26T00:39:51.000Z</time>
        <extensions>
          <ns3:TrackPointExtension>
            <ns3:hr>126</ns3:hr>
            <ns3:cad>80</ns3:cad>
          </ns3:TrackPointExtension>
        </extensions>
      </trkpt>
      <trkpt lat="31.22079424560070037841796875" lon="121.38772596605122089385986328125">
        <ele>8</ele>
        <time>2026-09-26T00:39:52.000Z</time>
        <extensions>
          <ns3:TrackPointExtension>
            <ns3:hr>126</ns3:hr>
            <ns3:cad>80</ns3:cad>
          </ns3:TrackPointExtension>
        </extensions>
      </trkpt>
      <trkpt lat="31.22079290449619293212890625" lon="121.38774968683719635009765625">
        <ele>8</ele>
        <time>2026-09-26T00:39:53.000Z</time>
        <extensions>
          <ns3:TrackPointExtension>
            <ns3:hr>126</ns3:hr>
            <ns3:cad>79</ns3:cad>
          </ns3:TrackPointExtension>
        </extensions>
      </trkpt>
      <trkpt lat="31.2207907252013683319091796875" lon="121.38777290470898151397705078125">
        <ele>8</ele>
        <time>2026-09-26T00:39:54.000Z</time>
        <extensions>
          <ns3:TrackPointExtension>
            <ns3:hr>127</ns3:hr>
            <ns3:cad>78</ns3:cad>
          </ns3:TrackPointExtension>
        </extensions>
      </trkpt>
      <trkpt lat="31.22078762389719486236572265625" lon="121.387796960771083831787109375">
        <ele>8</ele>
        <time>2026-09-26T00:39:55.000Z</time>
        <extensions>
          <ns3:TrackPointExtension>
            <ns3:hr>126</ns3:hr>
            <ns3:cad>78</ns3:cad>
          </ns3:TrackPointExtension>
        </extensions>
      </trkpt>
      <trkpt lat="31.2207860313355922698974609375" lon="121.38781984336674213409423828125">
        <ele>8</ele>
        <time>2026-09-26T00:39:56.000Z</time>
        <extensions>
          <ns3:TrackPointExtension>
            <ns3:hr>127</ns3:hr>
            <ns3:cad>78</ns3:cad>
          </ns3:TrackPointExtension>
        </extensions>
      </trkpt>
      <trkpt lat="31.22078577987849712371826171875" lon="121.38784431852400302886962890625">
        <ele>8</ele>
        <time>2026-09-26T00:39:57.000Z</time>
        <extensions>
          <ns3:TrackPointExtension>
            <ns3:hr>127</ns3:hr>
            <ns3:cad>78</ns3:cad>
          </ns3:TrackPointExtension>
        </extensions>
      </trkpt>
      <trkpt lat="31.220785863697528839111328125" lon="121.38786879368126392364501953125">
        <ele>7.80000019073486328125</ele>
        <time>2026-09-26T00:39:58.000Z</time>
        <extensions>
          <ns3:TrackPointExtension>
            <ns3:hr>127</ns3:hr>
            <ns3:cad>78</ns3:cad>
          </ns3:TrackPointExtension>
        </extensions>
      </trkpt>
      <trkpt lat="31.22078561224043369293212890625" lon="121.3878940232098102569580078125">
        <ele>7.80000019073486328125</ele>
        <time>2026-09-26T00:39:59.000Z</time>
        <extensions>
          <ns3:TrackPointExtension>
            <ns3:hr>128</ns3:hr>
            <ns3:cad>79</ns3:cad>
          </ns3:TrackPointExtension>
        </extensions>
      </trkpt>
      <trkpt lat="31.22078611515462398529052734375" lon="121.38791657052934169769287109375">
        <ele>7.80000019073486328125</ele>
        <time>2026-09-26T00:40:00.000Z</time>
        <extensions>
          <ns3:TrackPointExtension>
            <ns3:hr>128</ns3:hr>
            <ns3:cad>79</ns3:cad>
          </ns3:TrackPointExtension>
        </extensions>
      </trkpt>
      <trkpt lat="31.220786534249782562255859375" lon="121.38794003985822200775146484375">
        <ele>7.80000019073486328125</ele>
        <time>2026-09-26T00:40:01.000Z</time>
        <extensions>
          <ns3:TrackPointExtension>
            <ns3:hr>128</ns3:hr>
            <ns3:cad>80</ns3:cad>
          </ns3:TrackPointExtension>
        </extensions>
      </trkpt>
      <trkpt lat="31.2207877077162265777587890625" lon="121.38796568848192691802978515625">
        <ele>7.599999904632568359375</ele>
        <time>2026-09-26T00:40:02.000Z</time>
        <extensions>
          <ns3:TrackPointExtension>
            <ns3:hr>128</ns3:hr>
            <ns3:cad>80</ns3:cad>
          </ns3:TrackPointExtension>
        </extensions>
      </trkpt>
      <trkpt lat="31.220789887011051177978515625" lon="121.387988068163394927978515625">
        <ele>7.599999904632568359375</ele>
        <time>2026-09-26T00:40:03.000Z</time>
        <extensions>
          <ns3:TrackPointExtension>
            <ns3:hr>128</ns3:hr>
            <ns3:cad>80</ns3:cad>
          </ns3:TrackPointExtension>
        </extensions>
      </trkpt>
      <trkpt lat="31.220792569220066070556640625" lon="121.38801128603518009185791015625">
        <ele>7.599999904632568359375</ele>
        <time>2026-09-26T00:40:04.000Z</time>
        <extensions>
          <ns3:TrackPointExtension>
            <ns3:hr>128</ns3:hr>
            <ns3:cad>80</ns3:cad>
          </ns3:TrackPointExtension>
        </extensions>
      </trkpt>
      <trkpt lat="31.22079483233392238616943359375" lon="121.3880348391830921173095703125">
        <ele>7.80000019073486328125</ele>
        <time>2026-09-26T00:40:05.000Z</time>
        <extensions>
          <ns3:TrackPointExtension>
            <ns3:hr>128</ns3:hr>
            <ns3:cad>80</ns3:cad>
          </ns3:TrackPointExtension>
        </extensions>
      </trkpt>
      <trkpt lat="31.22079835273325443267822265625" lon="121.38805755414068698883056640625">
        <ele>7.80000019073486328125</ele>
        <time>2026-09-26T00:40:06.000Z</time>
        <extensions>
          <ns3:TrackPointExtension>
            <ns3:hr>128</ns3:hr>
            <ns3:cad>80</ns3:cad>
          </ns3:TrackPointExtension>
        </extensions>
      </trkpt>
      <trkpt lat="31.220801956951618194580078125" lon="121.38808035291731357574462890625">
        <ele>8</ele>
        <time>2026-09-26T00:40:07.000Z</time>
        <extensions>
          <ns3:TrackPointExtension>
            <ns3:hr>128</ns3:hr>
            <ns3:cad>80</ns3:cad>
          </ns3:TrackPointExtension>
        </extensions>
      </trkpt>
      <trkpt lat="31.22080489061772823333740234375" lon="121.38810181058943271636962890625">
        <ele>8.19999980926513671875</ele>
        <time>2026-09-26T00:40:08.000Z</time>
        <extensions>
          <ns3:TrackPointExtension>
            <ns3:hr>128</ns3:hr>
            <ns3:cad>80</ns3:cad>
          </ns3:TrackPointExtension>
        </extensions>
      </trkpt>
      <trkpt lat="31.22080899775028228759765625" lon="121.3881243579089641571044921875">
        <ele>8.3999996185302734375</ele>
        <time>2026-09-26T00:40:09.000Z</time>
        <extensions>
          <ns3:TrackPointExtension>
            <ns3:hr>128</ns3:hr>
            <ns3:cad>80</ns3:cad>
          </ns3:TrackPointExtension>
        </extensions>
      </trkpt>
      <trkpt lat="31.2208150327205657958984375" lon="121.38814556412398815155029296875">
        <ele>8.6000003814697265625</ele>
        <time>2026-09-26T00:40:10.000Z</time>
        <extensions>
          <ns3:TrackPointExtension>
            <ns3:hr>128</ns3:hr>
            <ns3:cad>79</ns3:cad>
          </ns3:TrackPointExtension>
        </extensions>
      </trkpt>
      <trkpt lat="31.22082232497632503509521484375" lon="121.38816433958709239959716796875">
        <ele>8.6000003814697265625</ele>
        <time>2026-09-26T00:40:11.000Z</time>
        <extensions>
          <ns3:TrackPointExtension>
            <ns3:hr>128</ns3:hr>
            <ns3:cad>77</ns3:cad>
          </ns3:TrackPointExtension>
        </extensions>
      </trkpt>
      <trkpt lat="31.2208306230604648590087890625" lon="121.3881821930408477783203125">
        <ele>8.80000019073486328125</ele>
        <time>2026-09-26T00:40:12.000Z</time>
        <extensions>
          <ns3:TrackPointExtension>
            <ns3:hr>128</ns3:hr>
            <ns3:cad>76</ns3:cad>
          </ns3:TrackPointExtension>
        </extensions>
      </trkpt>
      <trkpt lat="31.22083959169685840606689453125" lon="121.38820054940879344940185546875">
        <ele>9</ele>
        <time>2026-09-26T00:40:13.000Z</time>
        <extensions>
          <ns3:TrackPointExtension>
            <ns3:hr>128</ns3:hr>
            <ns3:cad>76</ns3:cad>
          </ns3:TrackPointExtension>
        </extensions>
      </trkpt>
      <trkpt lat="31.22084864415228366851806640625" lon="121.38821798376739025115966796875">
        <ele>9.19999980926513671875</ele>
        <time>2026-09-26T00:40:14.000Z</time>
        <extensions>
          <ns3:TrackPointExtension>
            <ns3:hr>128</ns3:hr>
            <ns3:cad>76</ns3:cad>
          </ns3:TrackPointExtension>
        </extensions>
      </trkpt>
      <trkpt lat="31.22085819952189922332763671875" lon="121.38823575340211391448974609375">
        <ele>9.3999996185302734375</ele>
        <time>2026-09-26T00:40:15.000Z</time>
        <extensions>
          <ns3:TrackPointExtension>
            <ns3:hr>128</ns3:hr>
            <ns3:cad>76</ns3:cad>
          </ns3:TrackPointExtension>
        </extensions>
      </trkpt>
      <trkpt lat="31.2208686769008636474609375" lon="121.3882567919790744781494140625">
        <ele>9.3999996185302734375</ele>
        <time>2026-09-26T00:40:16.000Z</time>
        <extensions>
          <ns3:TrackPointExtension>
            <ns3:hr>128</ns3:hr>
            <ns3:cad>76</ns3:cad>
          </ns3:TrackPointExtension>
        </extensions>
      </trkpt>
      <trkpt lat="31.22087898664176464080810546875" lon="121.388274729251861572265625">
        <ele>9.6000003814697265625</ele>
        <time>2026-09-26T00:40:17.000Z</time>
        <extensions>
          <ns3:TrackPointExtension>
            <ns3:hr>128</ns3:hr>
            <ns3:cad>76</ns3:cad>
          </ns3:TrackPointExtension>
        </extensions>
      </trkpt>
      <trkpt lat="31.22088770382106304168701171875" lon="121.3882916606962680816650390625">
        <ele>9.3999996185302734375</ele>
        <time>2026-09-26T00:40:18.000Z</time>
        <extensions>
          <ns3:TrackPointExtension>
            <ns3:hr>128</ns3:hr>
            <ns3:cad>75</ns3:cad>
          </ns3:TrackPointExtension>
        </extensions>
      </trkpt>
      <trkpt lat="31.2208976782858371734619140625" lon="121.38831169344484806060791015625">
        <ele>9.3999996185302734375</ele>
        <time>2026-09-26T00:40:19.000Z</time>
        <extensions>
          <ns3:TrackPointExtension>
            <ns3:hr>128</ns3:hr>
            <ns3:cad>75</ns3:cad>
          </ns3:TrackPointExtension>
        </extensions>
      </trkpt>
      <trkpt lat="31.22090798802673816680908203125" lon="121.38833315111696720123291015625">
        <ele>9.3999996185302734375</ele>
        <time>2026-09-26T00:40:20.000Z</time>
        <extensions>
          <ns3:TrackPointExtension>
            <ns3:hr>129</ns3:hr>
            <ns3:cad>75</ns3:cad>
          </ns3:TrackPointExtension>
        </extensions>
      </trkpt>
      <trkpt lat="31.22091704048216342926025390625" lon="121.38835360296070575714111328125">
        <ele>9.19999980926513671875</ele>
        <time>2026-09-26T00:40:21.000Z</time>
        <extensions>
          <ns3:TrackPointExtension>
            <ns3:hr>129</ns3:hr>
            <ns3:cad>75</ns3:cad>
          </ns3:TrackPointExtension>
        </extensions>
      </trkpt>
      <trkpt lat="31.22092491947114467620849609375" lon="121.3883751444518566131591796875">
        <ele>9</ele>
        <time>2026-09-26T00:40:22.000Z</time>
        <extensions>
          <ns3:TrackPointExtension>
            <ns3:hr>129</ns3:hr>
            <ns3:cad>75</ns3:cad>
          </ns3:TrackPointExtension>
        </extensions>
      </trkpt>
      <trkpt lat="31.22092894278466701507568359375" lon="121.38839802704751491546630859375">
        <ele>9</ele>
        <time>2026-09-26T00:40:23.000Z</time>
        <extensions>
          <ns3:TrackPointExtension>
            <ns3:hr>130</ns3:hr>
            <ns3:cad>76</ns3:cad>
          </ns3:TrackPointExtension>
        </extensions>
      </trkpt>
      <trkpt lat="31.22093095444142818450927734375" lon="121.388420574367046356201171875">
        <ele>8.80000019073486328125</ele>
        <time>2026-09-26T00:40:24.000Z</time>
        <extensions>
          <ns3:TrackPointExtension>
            <ns3:hr>130</ns3:hr>
            <ns3:cad>76</ns3:cad>
          </ns3:TrackPointExtension>
        </extensions>
      </trkpt>
      <trkpt lat="31.22093296609818935394287109375" lon="121.38844261877238750457763671875">
        <ele>8.6000003814697265625</ele>
        <time>2026-09-26T00:40:25.000Z</time>
        <extensions>
          <ns3:TrackPointExtension>
            <ns3:hr>130</ns3:hr>
            <ns3:cad>76</ns3:cad>
          </ns3:TrackPointExtension>
        </extensions>
      </trkpt>
      <trkpt lat="31.2209342233836650848388671875" lon="121.388463489711284637451171875">
        <ele>8.6000003814697265625</ele>
        <time>2026-09-26T00:40:26.000Z</time>
        <extensions>
          <ns3:TrackPointExtension>
            <ns3:hr>130</ns3:hr>
            <ns3:cad>76</ns3:cad>
          </ns3:TrackPointExtension>
        </extensions>
      </trkpt>
      <trkpt lat="31.22093506157398223876953125" lon="121.3884857855737209320068359375">
        <ele>8.6000003814697265625</ele>
        <time>2026-09-26T00:40:27.000Z</time>
        <extensions>
          <ns3:TrackPointExtension>
            <ns3:hr>130</ns3:hr>
            <ns3:cad>76</ns3:cad>
          </ns3:TrackPointExtension>
        </extensions>
      </trkpt>
      <trkpt lat="31.22093497775495052337646484375" lon="121.38850699178874492645263671875">
        <ele>8.6000003814697265625</ele>
        <time>2026-09-26T00:40:28.000Z</time>
        <extensions>
          <ns3:TrackPointExtension>
            <ns3:hr>130</ns3:hr>
            <ns3:cad>76</ns3:cad>
          </ns3:TrackPointExtension>
        </extensions>
      </trkpt>
      <trkpt lat="31.220934726297855377197265625" lon="121.3885270245373249053955078125">
        <ele>8.6000003814697265625</ele>
        <time>2026-09-26T00:40:29.000Z</time>
        <extensions>
          <ns3:TrackPointExtension>
            <ns3:hr>130</ns3:hr>
            <ns3:cad>76</ns3:cad>
          </ns3:TrackPointExtension>
        </extensions>
      </trkpt>
      <trkpt lat="31.2209352292120456695556640625" lon="121.38854764401912689208984375">
        <ele>8.6000003814697265625</ele>
        <time>2026-09-26T00:40:30.000Z</time>
        <extensions>
          <ns3:TrackPointExtension>
            <ns3:hr>130</ns3:hr>
            <ns3:cad>77</ns3:cad>
          </ns3:TrackPointExtension>
        </extensions>
      </trkpt>
      <trkpt lat="31.22093665413558483123779296875" lon="121.38856968842446804046630859375">
        <ele>8.3999996185302734375</ele>
        <time>2026-09-26T00:40:31.000Z</time>
        <extensions>
          <ns3:TrackPointExtension>
            <ns3:hr>130</ns3:hr>
            <ns3:cad>77</ns3:cad>
          </ns3:TrackPointExtension>
        </extensions>
      </trkpt>
      <trkpt lat="31.22093749232590198516845703125" lon="121.38859148137271404266357421875">
        <ele>8.3999996185302734375</ele>
        <time>2026-09-26T00:40:32.000Z</time>
        <extensions>
          <ns3:TrackPointExtension>
            <ns3:hr>130</ns3:hr>
            <ns3:cad>78</ns3:cad>
          </ns3:TrackPointExtension>
        </extensions>
      </trkpt>
      <trkpt lat="31.2209379114210605621337890625" lon="121.3886148668825626373291015625">
        <ele>8.3999996185302734375</ele>
        <time>2026-09-26T00:40:33.000Z</time>
        <extensions>
          <ns3:TrackPointExtension>
            <ns3:hr>130</ns3:hr>
            <ns3:cad>77</ns3:cad>
          </ns3:TrackPointExtension>
        </extensions>
      </trkpt>
      <trkpt lat="31.22093799524009227752685546875" lon="121.38863724656403064727783203125">
        <ele>8.3999996185302734375</ele>
        <time>2026-09-26T00:40:34.000Z</time>
        <extensions>
          <ns3:TrackPointExtension>
            <ns3:hr>130</ns3:hr>
            <ns3:cad>77</ns3:cad>
          </ns3:TrackPointExtension>
        </extensions>
      </trkpt>
      <trkpt lat="31.22093816287815570831298828125" lon="121.3886601291596889495849609375">
        <ele>8.3999996185302734375</ele>
        <time>2026-09-26T00:40:35.000Z</time>
        <extensions>
          <ns3:TrackPointExtension>
            <ns3:hr>130</ns3:hr>
            <ns3:cad>77</ns3:cad>
          </ns3:TrackPointExtension>
        </extensions>
      </trkpt>
      <trkpt lat="31.22093816287815570831298828125" lon="121.38868452049791812896728515625">
        <ele>8.3999996185302734375</ele>
        <time>2026-09-26T00:40:36.000Z</time>
        <extensions>
          <ns3:TrackPointExtension>
            <ns3:hr>129</ns3:hr>
            <ns3:cad>77</ns3:cad>
          </ns3:TrackPointExtension>
        </extensions>
      </trkpt>
      <trkpt lat="31.2209382466971874237060546875" lon="121.38870857656002044677734375">
        <ele>8.3999996185302734375</ele>
        <time>2026-09-26T00:40:37.000Z</time>
        <extensions>
          <ns3:TrackPointExtension>
            <ns3:hr>130</ns3:hr>
            <ns3:cad>78</ns3:cad>
          </ns3:TrackPointExtension>
        </extensions>
      </trkpt>
      <trkpt lat="31.2209379114210605621337890625" lon="121.3887305371463298797607421875">
        <ele>8.6000003814697265625</ele>
        <time>2026-09-26T00:40:38.000Z</time>
        <extensions>
          <ns3:TrackPointExtension>
            <ns3:hr>130</ns3:hr>
            <ns3:cad>77</ns3:cad>
          </ns3:TrackPointExtension>
        </extensions>
      </trkpt>
      <trkpt lat="31.22093732468783855438232421875" lon="121.3887556828558444976806640625">
        <ele>8.6000003814697265625</ele>
        <time>2026-09-26T00:40:39.000Z</time>
        <extensions>
          <ns3:TrackPointExtension>
            <ns3:hr>130</ns3:hr>
            <ns3:cad>77</ns3:cad>
          </ns3:TrackPointExtension>
        </extensions>
      </trkpt>
      <trkpt lat="31.22093581594526767730712890625" lon="121.38877755962312221527099609375">
        <ele>8.6000003814697265625</ele>
        <time>2026-09-26T00:40:40.000Z</time>
        <extensions>
          <ns3:TrackPointExtension>
            <ns3:hr>129</ns3:hr>
            <ns3:cad>77</ns3:cad>
          </ns3:TrackPointExtension>
        </extensions>
      </trkpt>
      <trkpt lat="31.22093397192656993865966796875" lon="121.38879968784749507904052734375">
        <ele>8.6000003814697265625</ele>
        <time>2026-09-26T00:40:41.000Z</time>
        <extensions>
          <ns3:TrackPointExtension>
            <ns3:hr>130</ns3:hr>
            <ns3:cad>79</ns3:cad>
          </ns3:TrackPointExtension>
        </extensions>
      </trkpt>
      <trkpt lat="31.2209332175552845001220703125" lon="121.38882081024348735809326171875">
        <ele>8.6000003814697265625</ele>
        <time>2026-09-26T00:40:42.000Z</time>
        <extensions>
          <ns3:TrackPointExtension>
            <ns3:hr>130</ns3:hr>
            <ns3:cad>79</ns3:cad>
          </ns3:TrackPointExtension>
        </extensions>
      </trkpt>
      <trkpt lat="31.2209330499172210693359375" lon="121.3888420164585113525390625">
        <ele>8.6000003814697265625</ele>
        <time>2026-09-26T00:40:43.000Z</time>
        <extensions>
          <ns3:TrackPointExtension>
            <ns3:hr>130</ns3:hr>
            <ns3:cad>79</ns3:cad>
          </ns3:TrackPointExtension>
        </extensions>
      </trkpt>
      <trkpt lat="31.22093296609818935394287109375" lon="121.3888634741306304931640625">
        <ele>8.6000003814697265625</ele>
        <time>2026-09-26T00:40:44.000Z</time>
        <extensions>
          <ns3:TrackPointExtension>
            <ns3:hr>129</ns3:hr>
            <ns3:cad>77</ns3:cad>
          </ns3:TrackPointExtension>
        </extensions>
      </trkpt>
      <trkpt lat="31.2209335528314113616943359375" lon="121.388887278735637664794921875">
        <ele>8.6000003814697265625</ele>
        <time>2026-09-26T00:40:45.000Z</time>
        <extensions>
          <ns3:TrackPointExtension>
            <ns3:hr>130</ns3:hr>
            <ns3:cad>77</ns3:cad>
          </ns3:TrackPointExtension>
        </extensions>
      </trkpt>
      <trkpt lat="31.2209348939359188079833984375" lon="121.3889089040458202362060546875">
        <ele>8.6000003814697265625</ele>
        <time>2026-09-26T00:40:46.000Z</time>
        <extensions>
          <ns3:TrackPointExtension>
            <ns3:hr>129</ns3:hr>
            <ns3:cad>77</ns3:cad>
          </ns3:TrackPointExtension>
        </extensions>
      </trkpt>
      <trkpt lat="31.22093648649752140045166015625" lon="121.3889293558895587921142578125">
        <ele>8.6000003814697265625</ele>
        <time>2026-09-26T00:40:47.000Z</time>
        <extensions>
          <ns3:TrackPointExtension>
            <ns3:hr>129</ns3:hr>
            <ns3:cad>77</ns3:cad>
          </ns3:TrackPointExtension>
        </extensions>
      </trkpt>
      <trkpt lat="31.2209372408688068389892578125" lon="121.38894938863813877105712890625">
        <ele>8.6000003814697265625</ele>
        <time>2026-09-26T00:40:48.000Z</time>
        <extensions>
          <ns3:TrackPointExtension>
            <ns3:hr>129</ns3:hr>
            <ns3:cad>78</ns3:cad>
          </ns3:TrackPointExtension>
        </extensions>
      </trkpt>
      <trkpt lat="31.2209379114210605621337890625" lon="121.38896900229156017303466796875">
        <ele>8.6000003814697265625</ele>
        <time>2026-09-26T00:40:49.000Z</time>
        <extensions>
          <ns3:TrackPointExtension>
            <ns3:hr>128</ns3:hr>
            <ns3:cad>78</ns3:cad>
          </ns3:TrackPointExtension>
        </extensions>
      </trkpt>
      <trkpt lat="31.2209392525255680084228515625" lon="121.38898945413529872894287109375">
        <ele>8.6000003814697265625</ele>
        <time>2026-09-26T00:40:50.000Z</time>
        <extensions>
          <ns3:TrackPointExtension>
            <ns3:hr>128</ns3:hr>
            <ns3:cad>78</ns3:cad>
          </ns3:TrackPointExtension>
        </extensions>
      </trkpt>
      <trkpt lat="31.22094017453491687774658203125" lon="121.389008648693561553955078125">
        <ele>8.6000003814697265625</ele>
        <time>2026-09-26T00:40:51.000Z</time>
        <extensions>
          <ns3:TrackPointExtension>
            <ns3:hr>128</ns3:hr>
            <ns3:cad>78</ns3:cad>
          </ns3:TrackPointExtension>
        </extensions>
      </trkpt>
      <trkpt lat="31.2209405936300754547119140625" lon="121.38902985490858554840087890625">
        <ele>8.80000019073486328125</ele>
        <time>2026-09-26T00:40:52.000Z</time>
        <extensions>
          <ns3:TrackPointExtension>
            <ns3:hr>128</ns3:hr>
            <ns3:cad>78</ns3:cad>
          </ns3:TrackPointExtension>
        </extensions>
      </trkpt>
      <trkpt lat="31.2209412641823291778564453125" lon="121.38905248604714870452880859375">
        <ele>8.80000019073486328125</ele>
        <time>2026-09-26T00:40:53.000Z</time>
        <extensions>
          <ns3:TrackPointExtension>
            <ns3:hr>128</ns3:hr>
            <ns3:cad>78</ns3:cad>
          </ns3:TrackPointExtension>
        </extensions>
      </trkpt>
      <trkpt lat="31.2209422700107097625732421875" lon="121.389075703918933868408203125">
        <ele>8.6000003814697265625</ele>
        <time>2026-09-26T00:40:54.000Z</time>
        <extensions>
          <ns3:TrackPointExtension>
            <ns3:hr>128</ns3:hr>
            <ns3:cad>78</ns3:cad>
          </ns3:TrackPointExtension>
        </extensions>
      </trkpt>
      <trkpt lat="31.220943443477153778076171875" lon="121.38909925706684589385986328125">
        <ele>8.6000003814697265625</ele>
        <time>2026-09-26T00:40:55.000Z</time>
        <extensions>
          <ns3:TrackPointExtension>
            <ns3:hr>128</ns3:hr>
            <ns3:cad>78</ns3:cad>
          </ns3:TrackPointExtension>
        </extensions>
      </trkpt>
      <trkpt lat="31.22094352729618549346923828125" lon="121.38912389986217021942138671875">
        <ele>8.6000003814697265625</ele>
        <time>2026-09-26T00:40:56.000Z</time>
        <extensions>
          <ns3:TrackPointExtension>
            <ns3:hr>128</ns3:hr>
            <ns3:cad>79</ns3:cad>
          </ns3:TrackPointExtension>
        </extensions>
      </trkpt>
      <trkpt lat="31.22094268910586833953857421875" lon="121.3891482912003993988037109375">
        <ele>8.80000019073486328125</ele>
        <time>2026-09-26T00:40:57.000Z</time>
        <extensions>
          <ns3:TrackPointExtension>
            <ns3:hr>128</ns3:hr>
            <ns3:cad>79</ns3:cad>
          </ns3:TrackPointExtension>
        </extensions>
      </trkpt>
      <trkpt lat="31.22094000689685344696044921875" lon="121.38917083851993083953857421875">
        <ele>8.80000019073486328125</ele>
        <time>2026-09-26T00:40:58.000Z</time>
        <extensions>
          <ns3:TrackPointExtension>
            <ns3:hr>128</ns3:hr>
            <ns3:cad>79</ns3:cad>
          </ns3:TrackPointExtension>
        </extensions>
      </trkpt>
      <trkpt lat="31.2209365703165531158447265625" lon="121.38919137418270111083984375">
        <ele>8.80000019073486328125</ele>
        <time>2026-09-26T00:40:59.000Z</time>
        <extensions>
          <ns3:TrackPointExtension>
            <ns3:hr>128</ns3:hr>
            <ns3:cad>78</ns3:cad>
          </ns3:TrackPointExtension>
        </extensions>
      </trkpt>
      <trkpt lat="31.22093372046947479248046875" lon="121.38921358622610569000244140625">
        <ele>9</ele>
        <time>2026-09-26T00:41:00.000Z</time>
        <extensions>
          <ns3:TrackPointExtension>
            <ns3:hr>128</ns3:hr>
            <ns3:cad>78</ns3:cad>
          </ns3:TrackPointExtension>
        </extensions>
      </trkpt>
      <trkpt lat="31.22093145735561847686767578125" lon="121.38923470862209796905517578125">
        <ele>9</ele>
        <time>2026-09-26T00:41:01.000Z</time>
        <extensions>
          <ns3:TrackPointExtension>
            <ns3:hr>128</ns3:hr>
            <ns3:cad>78</ns3:cad>
          </ns3:TrackPointExtension>
        </extensions>
      </trkpt>
      <trkpt lat="31.22092810459434986114501953125" lon="121.38925801031291484832763671875">
        <ele>9</ele>
        <time>2026-09-26T00:41:02.000Z</time>
        <extensions>
          <ns3:TrackPointExtension>
            <ns3:hr>128</ns3:hr>
            <ns3:cad>79</ns3:cad>
          </ns3:TrackPointExtension>
        </extensions>
      </trkpt>
      <trkpt lat="31.22092408128082752227783203125" lon="121.38927963562309741973876953125">
        <ele>9.19999980926513671875</ele>
        <time>2026-09-26T00:41:03.000Z</time>
        <extensions>
          <ns3:TrackPointExtension>
            <ns3:hr>128</ns3:hr>
            <ns3:cad>80</ns3:cad>
          </ns3:TrackPointExtension>
        </extensions>
      </trkpt>
      <trkpt lat="31.2209191359579563140869140625" lon="121.389301680028438568115234375">
        <ele>9.19999980926513671875</ele>
        <time>2026-09-26T00:41:04.000Z</time>
        <extensions>
          <ns3:TrackPointExtension>
            <ns3:hr>128</ns3:hr>
            <ns3:cad>80</ns3:cad>
          </ns3:TrackPointExtension>
        </extensions>
      </trkpt>
      <trkpt lat="31.2209134362637996673583984375" lon="121.3893236406147480010986328125">
        <ele>9.19999980926513671875</ele>
        <time>2026-09-26T00:41:05.000Z</time>
        <extensions>
          <ns3:TrackPointExtension>
            <ns3:hr>128</ns3:hr>
            <ns3:cad>79</ns3:cad>
          </ns3:TrackPointExtension>
        </extensions>
      </trkpt>
      <trkpt lat="31.22090480290353298187255859375" lon="121.38934585265815258026123046875">
        <ele>9.19999980926513671875</ele>
        <time>2026-09-26T00:41:06.000Z</time>
        <extensions>
          <ns3:TrackPointExtension>
            <ns3:hr>128</ns3:hr>
            <ns3:cad>78</ns3:cad>
          </ns3:TrackPointExtension>
        </extensions>
      </trkpt>
      <trkpt lat="31.22089357115328311920166015625" lon="121.389364711940288543701171875">
        <ele>9.19999980926513671875</ele>
        <time>2026-09-26T00:41:07.000Z</time>
        <extensions>
          <ns3:TrackPointExtension>
            <ns3:hr>128</ns3:hr>
            <ns3:cad>77</ns3:cad>
          </ns3:TrackPointExtension>
        </extensions>
      </trkpt>
      <trkpt lat="31.22088007628917694091796875" lon="121.3893839903175830841064453125">
        <ele>9</ele>
        <time>2026-09-26T00:41:08.000Z</time>
        <extensions>
          <ns3:TrackPointExtension>
            <ns3:hr>128</ns3:hr>
            <ns3:cad>77</ns3:cad>
          </ns3:TrackPointExtension>
        </extensions>
      </trkpt>
      <trkpt lat="31.22086641378700733184814453125" lon="121.3894024305045604705810546875">
        <ele>9</ele>
        <time>2026-09-26T00:41:09.000Z</time>
        <extensions>
          <ns3:TrackPointExtension>
            <ns3:hr>128</ns3:hr>
            <ns3:cad>77</ns3:cad>
          </ns3:TrackPointExtension>
        </extensions>
      </trkpt>
      <trkpt lat="31.220853589475154876708984375" lon="121.3894218765199184417724609375">
        <ele>8.80000019073486328125</ele>
        <time>2026-09-26T00:41:10.000Z</time>
        <extensions>
          <ns3:TrackPointExtension>
            <ns3:hr>128</ns3:hr>
            <ns3:cad>78</ns3:cad>
          </ns3:TrackPointExtension>
        </extensions>
      </trkpt>
      <trkpt lat="31.220840513706207275390625" lon="121.38943822123110294342041015625">
        <ele>8.6000003814697265625</ele>
        <time>2026-09-26T00:41:11.000Z</time>
        <extensions>
          <ns3:TrackPointExtension>
            <ns3:hr>129</ns3:hr>
            <ns3:cad>78</ns3:cad>
          </ns3:TrackPointExtension>
        </extensions>
      </trkpt>
      <trkpt lat="31.2208265997469425201416015625" lon="121.3894543983042240142822265625">
        <ele>8.3999996185302734375</ele>
        <time>2026-09-26T00:41:12.000Z</time>
        <extensions>
          <ns3:TrackPointExtension>
            <ns3:hr>129</ns3:hr>
            <ns3:cad>80</ns3:cad>
          </ns3:TrackPointExtension>
        </extensions>
      </trkpt>
      <trkpt lat="31.22081327252089977264404296875" lon="121.38947032392024993896484375">
        <ele>8.3999996185302734375</ele>
        <time>2026-09-26T00:41:13.000Z</time>
        <extensions>
          <ns3:TrackPointExtension>
            <ns3:hr>129</ns3:hr>
            <ns3:cad>80</ns3:cad>
          </ns3:TrackPointExtension>
        </extensions>
      </trkpt>
      <trkpt lat="31.220801286399364471435546875" lon="121.3894882611930370330810546875">
        <ele>8.3999996185302734375</ele>
        <time>2026-09-26T00:41:14.000Z</time>
        <extensions>
          <ns3:TrackPointExtension>
            <ns3:hr>130</ns3:hr>
            <ns3:cad>80</ns3:cad>
          </ns3:TrackPointExtension>
        </extensions>
      </trkpt>
      <trkpt lat="31.2207908928394317626953125" lon="121.38950728811323642730712890625">
        <ele>8.19999980926513671875</ele>
        <time>2026-09-26T00:41:15.000Z</time>
        <extensions>
          <ns3:TrackPointExtension>
            <ns3:hr>130</ns3:hr>
            <ns3:cad>79</ns3:cad>
          </ns3:TrackPointExtension>
        </extensions>
      </trkpt>
      <trkpt lat="31.22078351676464080810546875" lon="121.38952623121440410614013671875">
        <ele>8.19999980926513671875</ele>
        <time>2026-09-26T00:41:16.000Z</time>
        <extensions>
          <ns3:TrackPointExtension>
            <ns3:hr>130</ns3:hr>
            <ns3:cad>77</ns3:cad>
          </ns3:TrackPointExtension>
        </extensions>
      </trkpt>
      <trkpt lat="31.22077949345111846923828125" lon="121.389549113810062408447265625">
        <ele>8</ele>
        <time>2026-09-26T00:41:17.000Z</time>
        <extensions>
          <ns3:TrackPointExtension>
            <ns3:hr>130</ns3:hr>
            <ns3:cad>77</ns3:cad>
          </ns3:TrackPointExtension>
        </extensions>
      </trkpt>
      <trkpt lat="31.22077723033726215362548828125" lon="121.38957283459603786468505859375">
        <ele>8</ele>
        <time>2026-09-26T00:41:18.000Z</time>
        <extensions>
          <ns3:TrackPointExtension>
            <ns3:hr>129</ns3:hr>
            <ns3:cad>77</ns3:cad>
          </ns3:TrackPointExtension>
        </extensions>
      </trkpt>
      <trkpt lat="31.22077639214694499969482421875" lon="121.38959596864879131317138671875">
        <ele>7.80000019073486328125</ele>
        <time>2026-09-26T00:41:19.000Z</time>
        <extensions>
          <ns3:TrackPointExtension>
            <ns3:hr>129</ns3:hr>
            <ns3:cad>77</ns3:cad>
          </ns3:TrackPointExtension>
        </extensions>
      </trkpt>
      <trkpt lat="31.2207759730517864227294921875" lon="121.38961918652057647705078125">
        <ele>7.80000019073486328125</ele>
        <time>2026-09-26T00:41:20.000Z</time>
        <extensions>
          <ns3:TrackPointExtension>
            <ns3:hr>128</ns3:hr>
            <ns3:cad>78</ns3:cad>
          </ns3:TrackPointExtension>
        </extensions>
      </trkpt>
      <trkpt lat="31.22077588923275470733642578125" lon="121.38964391313493251800537109375">
        <ele>7.80000019073486328125</ele>
        <time>2026-09-26T00:41:21.000Z</time>
        <extensions>
          <ns3:TrackPointExtension>
            <ns3:hr>128</ns3:hr>
            <ns3:cad>78</ns3:cad>
          </ns3:TrackPointExtension>
        </extensions>
      </trkpt>
      <trkpt lat="31.22077655978500843048095703125" lon="121.38966889120638370513916015625">
        <ele>7.80000019073486328125</ele>
        <time>2026-09-26T00:41:22.000Z</time>
        <extensions>
          <ns3:TrackPointExtension>
            <ns3:hr>128</ns3:hr>
            <ns3:cad>79</ns3:cad>
          </ns3:TrackPointExtension>
        </extensions>
      </trkpt>
      <trkpt lat="31.220777146518230438232421875" lon="121.38969403691589832305908203125">
        <ele>7.80000019073486328125</ele>
        <time>2026-09-26T00:41:23.000Z</time>
        <extensions>
          <ns3:TrackPointExtension>
            <ns3:hr>128</ns3:hr>
            <ns3:cad>79</ns3:cad>
          </ns3:TrackPointExtension>
        </extensions>
      </trkpt>
      <trkpt lat="31.2207774817943572998046875" lon="121.3897192664444446563720703125">
        <ele>7.80000019073486328125</ele>
        <time>2026-09-26T00:41:24.000Z</time>
        <extensions>
          <ns3:TrackPointExtension>
            <ns3:hr>128</ns3:hr>
            <ns3:cad>80</ns3:cad>
          </ns3:TrackPointExtension>
        </extensions>
      </trkpt>
      <trkpt lat="31.2207783199846744537353515625" lon="121.3897440768778324127197265625">
        <ele>7.80000019073486328125</ele>
        <time>2026-09-26T00:41:25.000Z</time>
        <extensions>
          <ns3:TrackPointExtension>
            <ns3:hr>128</ns3:hr>
            <ns3:cad>81</ns3:cad>
          </ns3:TrackPointExtension>
        </extensions>
      </trkpt>
      <trkpt lat="31.22077949345111846923828125" lon="121.38976871967315673828125">
        <ele>7.80000019073486328125</ele>
        <time>2026-09-26T00:41:26.000Z</time>
        <extensions>
          <ns3:TrackPointExtension>
            <ns3:hr>128</ns3:hr>
            <ns3:cad>81</ns3:cad>
          </ns3:TrackPointExtension>
        </extensions>
      </trkpt>
      <trkpt lat="31.22078075073659420013427734375" lon="121.3897933624684810638427734375">
        <ele>7.80000019073486328125</ele>
        <time>2026-09-26T00:41:27.000Z</time>
        <extensions>
          <ns3:TrackPointExtension>
            <ns3:hr>128</ns3:hr>
            <ns3:cad>81</ns3:cad>
          </ns3:TrackPointExtension>
        </extensions>
      </trkpt>
      <trkpt lat="31.220781840384006500244140625" lon="121.38981926254928112030029296875">
        <ele>7.80000019073486328125</ele>
        <time>2026-09-26T00:41:28.000Z</time>
        <extensions>
          <ns3:TrackPointExtension>
            <ns3:hr>128</ns3:hr>
            <ns3:cad>80</ns3:cad>
          </ns3:TrackPointExtension>
        </extensions>
      </trkpt>
      <trkpt lat="31.2207826785743236541748046875" lon="121.38984524644911289215087890625">
        <ele>7.80000019073486328125</ele>
        <time>2026-09-26T00:41:29.000Z</time>
        <extensions>
          <ns3:TrackPointExtension>
            <ns3:hr>128</ns3:hr>
            <ns3:cad>80</ns3:cad>
          </ns3:TrackPointExtension>
        </extensions>
      </trkpt>
      <trkpt lat="31.2207826785743236541748046875" lon="121.38987089507281780242919921875">
        <ele>7.599999904632568359375</ele>
        <time>2026-09-26T00:41:30.000Z</time>
        <extensions>
          <ns3:TrackPointExtension>
            <ns3:hr>128</ns3:hr>
            <ns3:cad>80</ns3:cad>
          </ns3:TrackPointExtension>
        </extensions>
      </trkpt>
      <trkpt lat="31.22078225947916507720947265625" lon="121.389894448220729827880859375">
        <ele>7.599999904632568359375</ele>
        <time>2026-09-26T00:41:31.000Z</time>
        <extensions>
          <ns3:TrackPointExtension>
            <ns3:hr>128</ns3:hr>
            <ns3:cad>81</ns3:cad>
          </ns3:TrackPointExtension>
        </extensions>
      </trkpt>
      <trkpt lat="31.2207820080220699310302734375" lon="121.38991850428283214569091796875">
        <ele>7.599999904632568359375</ele>
        <time>2026-09-26T00:41:32.000Z</time>
        <extensions>
          <ns3:TrackPointExtension>
            <ns3:hr>128</ns3:hr>
            <ns3:cad>81</ns3:cad>
          </ns3:TrackPointExtension>
        </extensions>
      </trkpt>
      <trkpt lat="31.220781505107879638671875" lon="121.38994432054460048675537109375">
        <ele>7.599999904632568359375</ele>
        <time>2026-09-26T00:41:33.000Z</time>
        <extensions>
          <ns3:TrackPointExtension>
            <ns3:hr>128</ns3:hr>
            <ns3:cad>80</ns3:cad>
          </ns3:TrackPointExtension>
        </extensions>
      </trkpt>
      <trkpt lat="31.220781505107879638671875" lon="121.3899683766067028045654296875">
        <ele>7.599999904632568359375</ele>
        <time>2026-09-26T00:41:34.000Z</time>
        <extensions>
          <ns3:TrackPointExtension>
            <ns3:hr>128</ns3:hr>
            <ns3:cad>80</ns3:cad>
          </ns3:TrackPointExtension>
        </extensions>
      </trkpt>
      <trkpt lat="31.220781840384006500244140625" lon="121.38999360613524913787841796875">
        <ele>7.599999904632568359375</ele>
        <time>2026-09-26T00:41:35.000Z</time>
        <extensions>
          <ns3:TrackPointExtension>
            <ns3:hr>128</ns3:hr>
            <ns3:cad>81</ns3:cad>
          </ns3:TrackPointExtension>
        </extensions>
      </trkpt>
      <trkpt lat="31.22078225947916507720947265625" lon="121.39001674018800258636474609375">
        <ele>7.599999904632568359375</ele>
        <time>2026-09-26T00:41:36.000Z</time>
        <extensions>
          <ns3:TrackPointExtension>
            <ns3:hr>128</ns3:hr>
            <ns3:cad>81</ns3:cad>
          </ns3:TrackPointExtension>
        </extensions>
      </trkpt>
      <trkpt lat="31.22078351676464080810546875" lon="121.39004155062139034271240234375">
        <ele>7.599999904632568359375</ele>
        <time>2026-09-26T00:41:37.000Z</time>
        <extensions>
          <ns3:TrackPointExtension>
            <ns3:hr>128</ns3:hr>
            <ns3:cad>80</ns3:cad>
          </ns3:TrackPointExtension>
        </extensions>
      </trkpt>
      <trkpt lat="31.22078485786914825439453125" lon="121.39006845653057098388671875">
        <ele>7.599999904632568359375</ele>
        <time>2026-09-26T00:41:38.000Z</time>
        <extensions>
          <ns3:TrackPointExtension>
            <ns3:hr>128</ns3:hr>
            <ns3:cad>80</ns3:cad>
          </ns3:TrackPointExtension>
        </extensions>
      </trkpt>
      <trkpt lat="31.22078510932624340057373046875" lon="121.39009393751621246337890625">
        <ele>7.599999904632568359375</ele>
        <time>2026-09-26T00:41:39.000Z</time>
        <extensions>
          <ns3:TrackPointExtension>
            <ns3:hr>127</ns3:hr>
            <ns3:cad>80</ns3:cad>
          </ns3:TrackPointExtension>
        </extensions>
      </trkpt>
      <trkpt lat="31.220785863697528839111328125" lon="121.39012000523507595062255859375">
        <ele>7.599999904632568359375</ele>
        <time>2026-09-26T00:41:40.000Z</time>
        <extensions>
          <ns3:TrackPointExtension>
            <ns3:hr>127</ns3:hr>
            <ns3:cad>80</ns3:cad>
          </ns3:TrackPointExtension>
        </extensions>
      </trkpt>
      <trkpt lat="31.22078795917332172393798828125" lon="121.3901443965733051300048828125">
        <ele>7.599999904632568359375</ele>
        <time>2026-09-26T00:41:41.000Z</time>
        <extensions>
          <ns3:TrackPointExtension>
            <ns3:hr>126</ns3:hr>
            <ns3:cad>80</ns3:cad>
          </ns3:TrackPointExtension>
        </extensions>
      </trkpt>
      <trkpt lat="31.22079080902040004730224609375" lon="121.3901708833873271942138671875">
        <ele>7.599999904632568359375</ele>
        <time>2026-09-26T00:41:42.000Z</time>
        <extensions>
          <ns3:TrackPointExtension>
            <ns3:hr>126</ns3:hr>
            <ns3:cad>80</ns3:cad>
          </ns3:TrackPointExtension>
        </extensions>
      </trkpt>
      <trkpt lat="31.22079432941973209381103515625" lon="121.39019929803907871246337890625">
        <ele>7.599999904632568359375</ele>
        <time>2026-09-26T00:41:43.000Z</time>
        <extensions>
          <ns3:TrackPointExtension>
            <ns3:hr>126</ns3:hr>
            <ns3:cad>80</ns3:cad>
          </ns3:TrackPointExtension>
        </extensions>
      </trkpt>
      <trkpt lat="31.2207991071045398712158203125" lon="121.39022402465343475341796875">
        <ele>7.599999904632568359375</ele>
        <time>2026-09-26T00:41:44.000Z</time>
        <extensions>
          <ns3:TrackPointExtension>
            <ns3:hr>126</ns3:hr>
            <ns3:cad>80</ns3:cad>
          </ns3:TrackPointExtension>
        </extensions>
      </trkpt>
      <trkpt lat="31.22080497443675994873046875" lon="121.39024925418198108673095703125">
        <ele>7.599999904632568359375</ele>
        <time>2026-09-26T00:41:45.000Z</time>
        <extensions>
          <ns3:TrackPointExtension>
            <ns3:hr>126</ns3:hr>
            <ns3:cad>81</ns3:cad>
          </ns3:TrackPointExtension>
        </extensions>
      </trkpt>
      <trkpt lat="31.2208108417689800262451171875" lon="121.39027188532054424285888671875">
        <ele>7.599999904632568359375</ele>
        <time>2026-09-26T00:41:46.000Z</time>
        <extensions>
          <ns3:TrackPointExtension>
            <ns3:hr>126</ns3:hr>
            <ns3:cad>81</ns3:cad>
          </ns3:TrackPointExtension>
        </extensions>
      </trkpt>
      <trkpt lat="31.2208158709108829498291015625" lon="121.39029552228748798370361328125">
        <ele>7.599999904632568359375</ele>
        <time>2026-09-26T00:41:47.000Z</time>
        <extensions>
          <ns3:TrackPointExtension>
            <ns3:hr>126</ns3:hr>
            <ns3:cad>81</ns3:cad>
          </ns3:TrackPointExtension>
        </extensions>
      </trkpt>
      <trkpt lat="31.22082106769084930419921875" lon="121.390319578349590301513671875">
        <ele>7.599999904632568359375</ele>
        <time>2026-09-26T00:41:48.000Z</time>
        <extensions>
          <ns3:TrackPointExtension>
            <ns3:hr>126</ns3:hr>
            <ns3:cad>81</ns3:cad>
          </ns3:TrackPointExtension>
        </extensions>
      </trkpt>
      <trkpt lat="31.22082701884210109710693359375" lon="121.3903432153165340423583984375">
        <ele>7.599999904632568359375</ele>
        <time>2026-09-26T00:41:49.000Z</time>
        <extensions>
          <ns3:TrackPointExtension>
            <ns3:hr>127</ns3:hr>
            <ns3:cad>81</ns3:cad>
          </ns3:TrackPointExtension>
        </extensions>
      </trkpt>
      <trkpt lat="31.22083221562206745147705078125" lon="121.39036743901669979095458984375">
        <ele>7.599999904632568359375</ele>
        <time>2026-09-26T00:41:50.000Z</time>
        <extensions>
          <ns3:TrackPointExtension>
            <ns3:hr>127</ns3:hr>
            <ns3:cad>81</ns3:cad>
          </ns3:TrackPointExtension>
        </extensions>
      </trkpt>
      <trkpt lat="31.220837496221065521240234375" lon="121.390391997992992401123046875">
        <ele>7.599999904632568359375</ele>
        <time>2026-09-26T00:41:51.000Z</time>
        <extensions>
          <ns3:TrackPointExtension>
            <ns3:hr>127</ns3:hr>
            <ns3:cad>81</ns3:cad>
          </ns3:TrackPointExtension>
        </extensions>
      </trkpt>
      <trkpt lat="31.22084277682006359100341796875" lon="121.39041622169315814971923828125">
        <ele>7.599999904632568359375</ele>
        <time>2026-09-26T00:41:52.000Z</time>
        <extensions>
          <ns3:TrackPointExtension>
            <ns3:hr>127</ns3:hr>
            <ns3:cad>80</ns3:cad>
          </ns3:TrackPointExtension>
        </extensions>
      </trkpt>
      <trkpt lat="31.2208477221429347991943359375" lon="121.390439607203006744384765625">
        <ele>7.599999904632568359375</ele>
        <time>2026-09-26T00:41:53.000Z</time>
        <extensions>
          <ns3:TrackPointExtension>
            <ns3:hr>127</ns3:hr>
            <ns3:cad>80</ns3:cad>
          </ns3:TrackPointExtension>
        </extensions>
      </trkpt>
      <trkpt lat="31.22085233218967914581298828125" lon="121.390463076531887054443359375">
        <ele>7.599999904632568359375</ele>
        <time>2026-09-26T00:41:54.000Z</time>
        <extensions>
          <ns3:TrackPointExtension>
            <ns3:hr>127</ns3:hr>
            <ns3:cad>81</ns3:cad>
          </ns3:TrackPointExtension>
        </extensions>
      </trkpt>
      <trkpt lat="31.2208577804267406463623046875" lon="121.39048545621335506439208984375">
        <ele>7.599999904632568359375</ele>
        <time>2026-09-26T00:41:55.000Z</time>
        <extensions>
          <ns3:TrackPointExtension>
            <ns3:hr>127</ns3:hr>
            <ns3:cad>81</ns3:cad>
          </ns3:TrackPointExtension>
        </extensions>
      </trkpt>
      <trkpt lat="31.22086239047348499298095703125" lon="121.39050833880901336669921875">
        <ele>7.599999904632568359375</ele>
        <time>2026-09-26T00:41:56.000Z</time>
        <extensions>
          <ns3:TrackPointExtension>
            <ns3:hr>126</ns3:hr>
            <ns3:cad>81</ns3:cad>
          </ns3:TrackPointExtension>
        </extensions>
      </trkpt>
      <trkpt lat="31.2208668328821659088134765625" lon="121.39053205959498882293701171875">
        <ele>7.400000095367431640625</ele>
        <time>2026-09-26T00:41:57.000Z</time>
        <extensions>
          <ns3:TrackPointExtension>
            <ns3:hr>127</ns3:hr>
            <ns3:cad>80</ns3:cad>
          </ns3:TrackPointExtension>
        </extensions>
      </trkpt>
      <trkpt lat="31.22087077237665653228759765625" lon="121.3905561156570911407470703125">
        <ele>7.400000095367431640625</ele>
        <time>2026-09-26T00:41:58.000Z</time>
        <extensions>
          <ns3:TrackPointExtension>
            <ns3:hr>127</ns3:hr>
            <ns3:cad>80</ns3:cad>
          </ns3:TrackPointExtension>
        </extensions>
      </trkpt>
      <trkpt lat="31.22087161056697368621826171875" lon="121.39057866297662258148193359375">
        <ele>7.19999980926513671875</ele>
        <time>2026-09-26T00:41:59.000Z</time>
        <extensions>
          <ns3:TrackPointExtension>
            <ns3:hr>127</ns3:hr>
            <ns3:cad>80</ns3:cad>
          </ns3:TrackPointExtension>
        </extensions>
      </trkpt>
      <trkpt lat="31.220870353281497955322265625" lon="121.39060489833354949951171875">
        <ele>7.19999980926513671875</ele>
        <time>2026-09-26T00:42:00.000Z</time>
        <extensions>
          <ns3:TrackPointExtension>
            <ns3:hr>127</ns3:hr>
            <ns3:cad>80</ns3:cad>
          </ns3:TrackPointExtension>
        </extensions>
      </trkpt>
      <trkpt lat="31.22086800634860992431640625" lon="121.3906295411288738250732421875">
        <ele>7.19999980926513671875</ele>
        <time>2026-09-26T00:42:01.000Z</time>
        <extensions>
          <ns3:TrackPointExtension>
            <ns3:hr>128</ns3:hr>
            <ns3:cad>80</ns3:cad>
          </ns3:TrackPointExtension>
        </extensions>
      </trkpt>
      <trkpt lat="31.22086398303508758544921875" lon="121.39065158553421497344970703125">
        <ele>7.19999980926513671875</ele>
        <time>2026-09-26T00:42:02.000Z</time>
        <extensions>
          <ns3:TrackPointExtension>
            <ns3:hr>128</ns3:hr>
            <ns3:cad>80</ns3:cad>
          </ns3:TrackPointExtension>
        </extensions>
      </trkpt>
      <trkpt lat="31.2208592891693115234375" lon="121.3906751386821269989013671875">
        <ele>7.19999980926513671875</ele>
        <time>2026-09-26T00:42:03.000Z</time>
        <extensions>
          <ns3:TrackPointExtension>
            <ns3:hr>128</ns3:hr>
            <ns3:cad>80</ns3:cad>
          </ns3:TrackPointExtension>
        </extensions>
      </trkpt>
      <trkpt lat="31.220854930579662322998046875" lon="121.39070003293454647064208984375">
        <ele>7.400000095367431640625</ele>
        <time>2026-09-26T00:42:04.000Z</time>
        <extensions>
          <ns3:TrackPointExtension>
            <ns3:hr>128</ns3:hr>
            <ns3:cad>80</ns3:cad>
          </ns3:TrackPointExtension>
        </extensions>
      </trkpt>
      <trkpt lat="31.22085099108517169952392578125" lon="121.3907237537205219268798828125">
        <ele>7.400000095367431640625</ele>
        <time>2026-09-26T00:42:05.000Z</time>
        <extensions>
          <ns3:TrackPointExtension>
            <ns3:hr>128</ns3:hr>
            <ns3:cad>80</ns3:cad>
          </ns3:TrackPointExtension>
        </extensions>
      </trkpt>
      <trkpt lat="31.2208477221429347991943359375" lon="121.3907468877732753753662109375">
        <ele>7.400000095367431640625</ele>
        <time>2026-09-26T00:42:06.000Z</time>
        <extensions>
          <ns3:TrackPointExtension>
            <ns3:hr>128</ns3:hr>
            <ns3:cad>80</ns3:cad>
          </ns3:TrackPointExtension>
        </extensions>
      </trkpt>
      <trkpt lat="31.22084596194326877593994140625" lon="121.3907690159976482391357421875">
        <ele>7.19999980926513671875</ele>
        <time>2026-09-26T00:42:07.000Z</time>
        <extensions>
          <ns3:TrackPointExtension>
            <ns3:hr>128</ns3:hr>
            <ns3:cad>80</ns3:cad>
          </ns3:TrackPointExtension>
        </extensions>
      </trkpt>
      <trkpt lat="31.2208433635532855987548828125" lon="121.39079273678362369537353515625">
        <ele>7.19999980926513671875</ele>
        <time>2026-09-26T00:42:08.000Z</time>
        <extensions>
          <ns3:TrackPointExtension>
            <ns3:hr>128</ns3:hr>
            <ns3:cad>80</ns3:cad>
          </ns3:TrackPointExtension>
        </extensions>
      </trkpt>
      <trkpt lat="31.2208418548107147216796875" lon="121.39081872068345546722412109375">
        <ele>7.19999980926513671875</ele>
        <time>2026-09-26T00:42:09.000Z</time>
        <extensions>
          <ns3:TrackPointExtension>
            <ns3:hr>128</ns3:hr>
            <ns3:cad>80</ns3:cad>
          </ns3:TrackPointExtension>
        </extensions>
      </trkpt>
      <trkpt lat="31.22084160335361957550048828125" lon="121.3908411003649234771728515625">
        <ele>7.19999980926513671875</ele>
        <time>2026-09-26T00:42:10.000Z</time>
        <extensions>
          <ns3:TrackPointExtension>
            <ns3:hr>128</ns3:hr>
            <ns3:cad>80</ns3:cad>
          </ns3:TrackPointExtension>
        </extensions>
      </trkpt>
      <trkpt lat="31.2208426930010318756103515625" lon="121.3908649049699306488037109375">
        <ele>7.19999980926513671875</ele>
        <time>2026-09-26T00:42:11.000Z</time>
        <extensions>
          <ns3:TrackPointExtension>
            <ns3:hr>128</ns3:hr>
            <ns3:cad>80</ns3:cad>
          </ns3:TrackPointExtension>
        </extensions>
      </trkpt>
      <trkpt lat="31.22084512375295162200927734375" lon="121.39088929630815982818603515625">
        <ele>7.400000095367431640625</ele>
        <time>2026-09-26T00:42:12.000Z</time>
        <extensions>
          <ns3:TrackPointExtension>
            <ns3:hr>128</ns3:hr>
            <ns3:cad>79</ns3:cad>
          </ns3:TrackPointExtension>
        </extensions>
      </trkpt>
      <trkpt lat="31.22084964998066425323486328125" lon="121.39091335237026214599609375">
        <ele>7.400000095367431640625</ele>
        <time>2026-09-26T00:42:13.000Z</time>
        <extensions>
          <ns3:TrackPointExtension>
            <ns3:hr>128</ns3:hr>
            <ns3:cad>79</ns3:cad>
          </ns3:TrackPointExtension>
        </extensions>
      </trkpt>
      <trkpt lat="31.22085434384644031524658203125" lon="121.39093573205173015594482421875">
        <ele>7.400000095367431640625</ele>
        <time>2026-09-26T00:42:14.000Z</time>
        <extensions>
          <ns3:TrackPointExtension>
            <ns3:hr>128</ns3:hr>
            <ns3:cad>79</ns3:cad>
          </ns3:TrackPointExtension>
        </extensions>
      </trkpt>
      <trkpt lat="31.22086054645478725433349609375" lon="121.39095735736191272735595703125">
        <ele>7.400000095367431640625</ele>
        <time>2026-09-26T00:42:15.000Z</time>
        <extensions>
          <ns3:TrackPointExtension>
            <ns3:hr>128</ns3:hr>
            <ns3:cad>79</ns3:cad>
          </ns3:TrackPointExtension>
        </extensions>
      </trkpt>
      <trkpt lat="31.2208685092628002166748046875" lon="121.39097864739596843719482421875">
        <ele>7.400000095367431640625</ele>
        <time>2026-09-26T00:42:16.000Z</time>
        <extensions>
          <ns3:TrackPointExtension>
            <ns3:hr>128</ns3:hr>
            <ns3:cad>79</ns3:cad>
          </ns3:TrackPointExtension>
        </extensions>
      </trkpt>
      <trkpt lat="31.2208778969943523406982421875" lon="121.3910006918013095855712890625">
        <ele>7.400000095367431640625</ele>
        <time>2026-09-26T00:42:17.000Z</time>
        <extensions>
          <ns3:TrackPointExtension>
            <ns3:hr>128</ns3:hr>
            <ns3:cad>80</ns3:cad>
          </ns3:TrackPointExtension>
        </extensions>
      </trkpt>
      <trkpt lat="31.22088887728750705718994140625" lon="121.39102089218795299530029296875">
        <ele>7.400000095367431640625</ele>
        <time>2026-09-26T00:42:18.000Z</time>
        <extensions>
          <ns3:TrackPointExtension>
            <ns3:hr>128</ns3:hr>
            <ns3:cad>80</ns3:cad>
          </ns3:TrackPointExtension>
        </extensions>
      </trkpt>
      <trkpt lat="31.220901198685169219970703125" lon="121.39104075729846954345703125">
        <ele>7.400000095367431640625</ele>
        <time>2026-09-26T00:42:19.000Z</time>
        <extensions>
          <ns3:TrackPointExtension>
            <ns3:hr>128</ns3:hr>
            <ns3:cad>80</ns3:cad>
          </ns3:TrackPointExtension>
        </extensions>
      </trkpt>
      <trkpt lat="31.22091335244476795196533203125" lon="121.3910586945712566375732421875">
        <ele>7.400000095367431640625</ele>
        <time>2026-09-26T00:42:20.000Z</time>
        <extensions>
          <ns3:TrackPointExtension>
            <ns3:hr>128</ns3:hr>
            <ns3:cad>80</ns3:cad>
          </ns3:TrackPointExtension>
        </extensions>
      </trkpt>
      <trkpt lat="31.22092776931822299957275390625" lon="121.39107537455856800079345703125">
        <ele>7.400000095367431640625</ele>
        <time>2026-09-26T00:42:21.000Z</time>
        <extensions>
          <ns3:TrackPointExtension>
            <ns3:hr>128</ns3:hr>
            <ns3:cad>80</ns3:cad>
          </ns3:TrackPointExtension>
        </extensions>
      </trkpt>
      <trkpt lat="31.2209426052868366241455078125" lon="121.39109130017459392547607421875">
        <ele>7.599999904632568359375</ele>
        <time>2026-09-26T00:42:22.000Z</time>
        <extensions>
          <ns3:TrackPointExtension>
            <ns3:hr>128</ns3:hr>
            <ns3:cad>80</ns3:cad>
          </ns3:TrackPointExtension>
        </extensions>
      </trkpt>
      <trkpt lat="31.22095760889351367950439453125" lon="121.3911069743335247039794921875">
        <ele>7.599999904632568359375</ele>
        <time>2026-09-26T00:42:23.000Z</time>
        <extensions>
          <ns3:TrackPointExtension>
            <ns3:hr>129</ns3:hr>
            <ns3:cad>80</ns3:cad>
          </ns3:TrackPointExtension>
        </extensions>
      </trkpt>
      <trkpt lat="31.2209732830524444580078125" lon="121.39112248085439205169677734375">
        <ele>7.599999904632568359375</ele>
        <time>2026-09-26T00:42:24.000Z</time>
        <extensions>
          <ns3:TrackPointExtension>
            <ns3:hr>129</ns3:hr>
            <ns3:cad>79</ns3:cad>
          </ns3:TrackPointExtension>
        </extensions>
      </trkpt>
      <trkpt lat="31.22098845429718494415283203125" lon="121.39113689772784709930419921875">
        <ele>7.599999904632568359375</ele>
        <time>2026-09-26T00:42:25.000Z</time>
        <extensions>
          <ns3:TrackPointExtension>
            <ns3:hr>130</ns3:hr>
            <ns3:cad>79</ns3:cad>
          </ns3:TrackPointExtension>
        </extensions>
      </trkpt>
      <trkpt lat="31.2210039608180522918701171875" lon="121.391154415905475616455078125">
        <ele>7.599999904632568359375</ele>
        <time>2026-09-26T00:42:26.000Z</time>
        <extensions>
          <ns3:TrackPointExtension>
            <ns3:hr>130</ns3:hr>
            <ns3:cad>78</ns3:cad>
          </ns3:TrackPointExtension>
        </extensions>
      </trkpt>
      <trkpt lat="31.2210177071392536163330078125" lon="121.391172520816326141357421875">
        <ele>7.599999904632568359375</ele>
        <time>2026-09-26T00:42:27.000Z</time>
        <extensions>
          <ns3:TrackPointExtension>
            <ns3:hr>130</ns3:hr>
            <ns3:cad>78</ns3:cad>
          </ns3:TrackPointExtension>
        </extensions>
      </trkpt>
      <trkpt lat="31.2210304476320743560791015625" lon="121.3911921344697475433349609375">
        <ele>7.599999904632568359375</ele>
        <time>2026-09-26T00:42:28.000Z</time>
        <extensions>
          <ns3:TrackPointExtension>
            <ns3:hr>130</ns3:hr>
            <ns3:cad>78</ns3:cad>
          </ns3:TrackPointExtension>
        </extensions>
      </trkpt>
      <trkpt lat="31.2210401706397533416748046875" lon="121.39121216721832752227783203125">
        <ele>7.80000019073486328125</ele>
        <time>2026-09-26T00:42:29.000Z</time>
        <extensions>
          <ns3:TrackPointExtension>
            <ns3:hr>130</ns3:hr>
            <ns3:cad>78</ns3:cad>
          </ns3:TrackPointExtension>
        </extensions>
      </trkpt>
      <trkpt lat="31.22104913927614688873291015625" lon="121.39123328961431980133056640625">
        <ele>7.80000019073486328125</ele>
        <time>2026-09-26T00:42:30.000Z</time>
        <extensions>
          <ns3:TrackPointExtension>
            <ns3:hr>130</ns3:hr>
            <ns3:cad>79</ns3:cad>
          </ns3:TrackPointExtension>
        </extensions>
      </trkpt>
      <trkpt lat="31.2210552580654621124267578125" lon="121.391254998743534088134765625">
        <ele>8</ele>
        <time>2026-09-26T00:42:31.000Z</time>
        <extensions>
          <ns3:TrackPointExtension>
            <ns3:hr>130</ns3:hr>
            <ns3:cad>79</ns3:cad>
          </ns3:TrackPointExtension>
        </extensions>
      </trkpt>
      <trkpt lat="31.22105970047414302825927734375" lon="121.39127536676824092864990234375">
        <ele>8.19999980926513671875</ele>
        <time>2026-09-26T00:42:32.000Z</time>
        <extensions>
          <ns3:TrackPointExtension>
            <ns3:hr>130</ns3:hr>
            <ns3:cad>77</ns3:cad>
          </ns3:TrackPointExtension>
        </extensions>
      </trkpt>
      <trkpt lat="31.22106255032122135162353515625" lon="121.39129900373518466949462890625">
        <ele>8.19999980926513671875</ele>
        <time>2026-09-26T00:42:33.000Z</time>
        <extensions>
          <ns3:TrackPointExtension>
            <ns3:hr>130</ns3:hr>
            <ns3:cad>77</ns3:cad>
          </ns3:TrackPointExtension>
        </extensions>
      </trkpt>
      <trkpt lat="31.2210646457970142364501953125" lon="121.39132238924503326416015625">
        <ele>8.19999980926513671875</ele>
        <time>2026-09-26T00:42:34.000Z</time>
        <extensions>
          <ns3:TrackPointExtension>
            <ns3:hr>130</ns3:hr>
            <ns3:cad>77</ns3:cad>
          </ns3:TrackPointExtension>
        </extensions>
      </trkpt>
      <trkpt lat="31.22106540016829967498779296875" lon="121.39134661294519901275634765625">
        <ele>8.19999980926513671875</ele>
        <time>2026-09-26T00:42:35.000Z</time>
        <extensions>
          <ns3:TrackPointExtension>
            <ns3:hr>130</ns3:hr>
            <ns3:cad>77</ns3:cad>
          </ns3:TrackPointExtension>
        </extensions>
      </trkpt>
      <trkpt lat="31.22106590308248996734619140625" lon="121.39137226156890392303466796875">
        <ele>8</ele>
        <time>2026-09-26T00:42:36.000Z</time>
        <extensions>
          <ns3:TrackPointExtension>
            <ns3:hr>130</ns3:hr>
            <ns3:cad>77</ns3:cad>
          </ns3:TrackPointExtension>
        </extensions>
      </trkpt>
      <trkpt lat="31.22106540016829967498779296875" lon="121.3913983292877674102783203125">
        <ele>8</ele>
        <time>2026-09-26T00:42:37.000Z</time>
        <extensions>
          <ns3:TrackPointExtension>
            <ns3:hr>130</ns3:hr>
            <ns3:cad>77</ns3:cad>
          </ns3:TrackPointExtension>
        </extensions>
      </trkpt>
      <trkpt lat="31.22106439433991909027099609375" lon="121.39142255298793315887451171875">
        <ele>7.80000019073486328125</ele>
        <time>2026-09-26T00:42:38.000Z</time>
        <extensions>
          <ns3:TrackPointExtension>
            <ns3:hr>130</ns3:hr>
            <ns3:cad>77</ns3:cad>
          </ns3:TrackPointExtension>
        </extensions>
      </trkpt>
      <trkpt lat="31.221063137054443359375" lon="121.39144702814519405364990234375">
        <ele>7.80000019073486328125</ele>
        <time>2026-09-26T00:42:39.000Z</time>
        <extensions>
          <ns3:TrackPointExtension>
            <ns3:hr>131</ns3:hr>
            <ns3:cad>77</ns3:cad>
          </ns3:TrackPointExtension>
        </extensions>
      </trkpt>
      <trkpt lat="31.22106154449284076690673828125" lon="121.3914717547595500946044921875">
        <ele>7.80000019073486328125</ele>
        <time>2026-09-26T00:42:40.000Z</time>
        <extensions>
          <ns3:TrackPointExtension>
            <ns3:hr>130</ns3:hr>
            <ns3:cad>78</ns3:cad>
          </ns3:TrackPointExtension>
        </extensions>
      </trkpt>
      <trkpt lat="31.2210599519312381744384765625" lon="121.3914975710213184356689453125">
        <ele>7.80000019073486328125</ele>
        <time>2026-09-26T00:42:41.000Z</time>
        <extensions>
          <ns3:TrackPointExtension>
            <ns3:hr>130</ns3:hr>
            <ns3:cad>79</ns3:cad>
          </ns3:TrackPointExtension>
        </extensions>
      </trkpt>
      <trkpt lat="31.22105869464576244354248046875" lon="121.391522884368896484375">
        <ele>7.599999904632568359375</ele>
        <time>2026-09-26T00:42:42.000Z</time>
        <extensions>
          <ns3:TrackPointExtension>
            <ns3:hr>131</ns3:hr>
            <ns3:cad>79</ns3:cad>
          </ns3:TrackPointExtension>
        </extensions>
      </trkpt>
      <trkpt lat="31.22105768881738185882568359375" lon="121.39154694043099880218505859375">
        <ele>7.599999904632568359375</ele>
        <time>2026-09-26T00:42:43.000Z</time>
        <extensions>
          <ns3:TrackPointExtension>
            <ns3:hr>131</ns3:hr>
            <ns3:cad>79</ns3:cad>
          </ns3:TrackPointExtension>
        </extensions>
      </trkpt>
      <trkpt lat="31.2210572697222232818603515625" lon="121.39157175086438655853271484375">
        <ele>7.599999904632568359375</ele>
        <time>2026-09-26T00:42:44.000Z</time>
        <extensions>
          <ns3:TrackPointExtension>
            <ns3:hr>132</ns3:hr>
            <ns3:cad>79</ns3:cad>
          </ns3:TrackPointExtension>
        </extensions>
      </trkpt>
      <trkpt lat="31.22105768881738185882568359375" lon="121.39159421436488628387451171875">
        <ele>7.400000095367431640625</ele>
        <time>2026-09-26T00:42:45.000Z</time>
        <extensions>
          <ns3:TrackPointExtension>
            <ns3:hr>132</ns3:hr>
            <ns3:cad>79</ns3:cad>
          </ns3:TrackPointExtension>
        </extensions>
      </trkpt>
      <trkpt lat="31.2210579402744770050048828125" lon="121.391618438065052032470703125">
        <ele>7.19999980926513671875</ele>
        <time>2026-09-26T00:42:46.000Z</time>
        <extensions>
          <ns3:TrackPointExtension>
            <ns3:hr>132</ns3:hr>
            <ns3:cad>79</ns3:cad>
          </ns3:TrackPointExtension>
        </extensions>
      </trkpt>
      <trkpt lat="31.22105902992188930511474609375" lon="121.39164157211780548095703125">
        <ele>7.19999980926513671875</ele>
        <time>2026-09-26T00:42:47.000Z</time>
        <extensions>
          <ns3:TrackPointExtension>
            <ns3:hr>132</ns3:hr>
            <ns3:cad>80</ns3:cad>
          </ns3:TrackPointExtension>
        </extensions>
      </trkpt>
      <trkpt lat="31.221060454845428466796875" lon="121.39166512526571750640869140625">
        <ele>7.19999980926513671875</ele>
        <time>2026-09-26T00:42:48.000Z</time>
        <extensions>
          <ns3:TrackPointExtension>
            <ns3:hr>132</ns3:hr>
            <ns3:cad>80</ns3:cad>
          </ns3:TrackPointExtension>
        </extensions>
      </trkpt>
      <trkpt lat="31.221060454845428466796875" lon="121.3916890136897563934326171875">
        <ele>7.19999980926513671875</ele>
        <time>2026-09-26T00:42:49.000Z</time>
        <extensions>
          <ns3:TrackPointExtension>
            <ns3:hr>132</ns3:hr>
            <ns3:cad>80</ns3:cad>
          </ns3:TrackPointExtension>
        </extensions>
      </trkpt>
      <trkpt lat="31.22106171213090419769287109375" lon="121.39170996844768524169921875">
        <ele>7</ele>
        <time>2026-09-26T00:42:50.000Z</time>
        <extensions>
          <ns3:TrackPointExtension>
            <ns3:hr>132</ns3:hr>
            <ns3:cad>80</ns3:cad>
          </ns3:TrackPointExtension>
        </extensions>
      </trkpt>
      <trkpt lat="31.22106380760669708251953125" lon="121.39173301868140697479248046875">
        <ele>7</ele>
        <time>2026-09-26T00:42:51.000Z</time>
        <extensions>
          <ns3:TrackPointExtension>
            <ns3:hr>132</ns3:hr>
            <ns3:cad>80</ns3:cad>
          </ns3:TrackPointExtension>
        </extensions>
      </trkpt>
      <trkpt lat="31.2210649810731410980224609375" lon="121.391756571829319000244140625">
        <ele>7</ele>
        <time>2026-09-26T00:42:52.000Z</time>
        <extensions>
          <ns3:TrackPointExtension>
            <ns3:hr>132</ns3:hr>
            <ns3:cad>80</ns3:cad>
          </ns3:TrackPointExtension>
        </extensions>
      </trkpt>
      <trkpt lat="31.2210663221776485443115234375" lon="121.3917792029678821563720703125">
        <ele>7</ele>
        <time>2026-09-26T00:42:53.000Z</time>
        <extensions>
          <ns3:TrackPointExtension>
            <ns3:hr>132</ns3:hr>
            <ns3:cad>80</ns3:cad>
          </ns3:TrackPointExtension>
        </extensions>
      </trkpt>
      <trkpt lat="31.2210676632821559906005859375" lon="121.3918026722967624664306640625">
        <ele>7</ele>
        <time>2026-09-26T00:42:54.000Z</time>
        <extensions>
          <ns3:TrackPointExtension>
            <ns3:hr>132</ns3:hr>
            <ns3:cad>80</ns3:cad>
          </ns3:TrackPointExtension>
        </extensions>
      </trkpt>
      <trkpt lat="31.2210686691105365753173828125" lon="121.39182622544467449188232421875">
        <ele>7.19999980926513671875</ele>
        <time>2026-09-26T00:42:55.000Z</time>
        <extensions>
          <ns3:TrackPointExtension>
            <ns3:hr>132</ns3:hr>
            <ns3:cad>80</ns3:cad>
          </ns3:TrackPointExtension>
        </extensions>
      </trkpt>
      <trkpt lat="31.22106992639601230621337890625" lon="121.3918492756783962249755859375">
        <ele>7.19999980926513671875</ele>
        <time>2026-09-26T00:42:56.000Z</time>
        <extensions>
          <ns3:TrackPointExtension>
            <ns3:hr>132</ns3:hr>
            <ns3:cad>80</ns3:cad>
          </ns3:TrackPointExtension>
        </extensions>
      </trkpt>
      <trkpt lat="31.2210725247859954833984375" lon="121.3918727450072765350341796875">
        <ele>7.19999980926513671875</ele>
        <time>2026-09-26T00:42:57.000Z</time>
        <extensions>
          <ns3:TrackPointExtension>
            <ns3:hr>132</ns3:hr>
            <ns3:cad>80</ns3:cad>
          </ns3:TrackPointExtension>
        </extensions>
      </trkpt>
      <trkpt lat="31.2210753746330738067626953125" lon="121.39189512468874454498291015625">
        <ele>7</ele>
        <time>2026-09-26T00:42:58.000Z</time>
        <extensions>
          <ns3:TrackPointExtension>
            <ns3:hr>132</ns3:hr>
            <ns3:cad>80</ns3:cad>
          </ns3:TrackPointExtension>
        </extensions>
      </trkpt>
      <trkpt lat="31.2210778892040252685546875" lon="121.39191876165568828582763671875">
        <ele>7</ele>
        <time>2026-09-26T00:42:59.000Z</time>
        <extensions>
          <ns3:TrackPointExtension>
            <ns3:hr>132</ns3:hr>
            <ns3:cad>80</ns3:cad>
          </ns3:TrackPointExtension>
        </extensions>
      </trkpt>
      <trkpt lat="31.2210800684988498687744140625" lon="121.39194122515618801116943359375">
        <ele>7</ele>
        <time>2026-09-26T00:43:00.000Z</time>
        <extensions>
          <ns3:TrackPointExtension>
            <ns3:hr>132</ns3:hr>
            <ns3:cad>80</ns3:cad>
          </ns3:TrackPointExtension>
        </extensions>
      </trkpt>
      <trkpt lat="31.2210817448794841766357421875" lon="121.39196502976119518280029296875">
        <ele>7</ele>
        <time>2026-09-26T00:43:01.000Z</time>
        <extensions>
          <ns3:TrackPointExtension>
            <ns3:hr>132</ns3:hr>
            <ns3:cad>80</ns3:cad>
          </ns3:TrackPointExtension>
        </extensions>
      </trkpt>
      <trkpt lat="31.221083588898181915283203125" lon="121.3919884152710437774658203125">
        <ele>6.80000019073486328125</ele>
        <time>2026-09-26T00:43:02.000Z</time>
        <extensions>
          <ns3:TrackPointExtension>
            <ns3:hr>131</ns3:hr>
            <ns3:cad>80</ns3:cad>
          </ns3:TrackPointExtension>
        </extensions>
      </trkpt>
      <trkpt lat="31.22108526527881622314453125" lon="121.39201330952346324920654296875">
        <ele>6.80000019073486328125</ele>
        <time>2026-09-26T00:43:03.000Z</time>
        <extensions>
          <ns3:TrackPointExtension>
            <ns3:hr>130</ns3:hr>
            <ns3:cad>80</ns3:cad>
          </ns3:TrackPointExtension>
        </extensions>
      </trkpt>
      <trkpt lat="31.22108660638332366943359375" lon="121.39203719794750213623046875">
        <ele>6.80000019073486328125</ele>
        <time>2026-09-26T00:43:04.000Z</time>
        <extensions>
          <ns3:TrackPointExtension>
            <ns3:hr>130</ns3:hr>
            <ns3:cad>78</ns3:cad>
          </ns3:TrackPointExtension>
        </extensions>
      </trkpt>
      <trkpt lat="31.22108803130686283111572265625" lon="121.392061673104763031005859375">
        <ele>6.80000019073486328125</ele>
        <time>2026-09-26T00:43:05.000Z</time>
        <extensions>
          <ns3:TrackPointExtension>
            <ns3:hr>130</ns3:hr>
            <ns3:cad>78</ns3:cad>
          </ns3:TrackPointExtension>
        </extensions>
      </trkpt>
      <trkpt lat="31.2210897915065288543701171875" lon="121.39208505861461162567138671875">
        <ele>6.80000019073486328125</ele>
        <time>2026-09-26T00:43:06.000Z</time>
        <extensions>
          <ns3:TrackPointExtension>
            <ns3:hr>130</ns3:hr>
            <ns3:cad>78</ns3:cad>
          </ns3:TrackPointExtension>
        </extensions>
      </trkpt>
      <trkpt lat="31.22109138406813144683837890625" lon="121.3921089470386505126953125">
        <ele>6.80000019073486328125</ele>
        <time>2026-09-26T00:43:07.000Z</time>
        <extensions>
          <ns3:TrackPointExtension>
            <ns3:hr>130</ns3:hr>
            <ns3:cad>79</ns3:cad>
          </ns3:TrackPointExtension>
        </extensions>
      </trkpt>
      <trkpt lat="31.2210913002490997314453125" lon="121.3921319134533405303955078125">
        <ele>6.80000019073486328125</ele>
        <time>2026-09-26T00:43:08.000Z</time>
        <extensions>
          <ns3:TrackPointExtension>
            <ns3:hr>129</ns3:hr>
            <ns3:cad>79</ns3:cad>
          </ns3:TrackPointExtension>
        </extensions>
      </trkpt>
      <trkpt lat="31.2210913002490997314453125" lon="121.39215496368706226348876953125">
        <ele>7</ele>
        <time>2026-09-26T00:43:09.000Z</time>
        <extensions>
          <ns3:TrackPointExtension>
            <ns3:hr>129</ns3:hr>
            <ns3:cad>80</ns3:cad>
          </ns3:TrackPointExtension>
        </extensions>
      </trkpt>
      <trkpt lat="31.2210913002490997314453125" lon="121.39217675663530826568603515625">
        <ele>7</ele>
        <time>2026-09-26T00:43:10.000Z</time>
        <extensions>
          <ns3:TrackPointExtension>
            <ns3:hr>128</ns3:hr>
            <ns3:cad>80</ns3:cad>
          </ns3:TrackPointExtension>
        </extensions>
      </trkpt>
      <trkpt lat="31.22109104879200458526611328125" lon="121.3921988010406494140625">
        <ele>7</ele>
        <time>2026-09-26T00:43:11.000Z</time>
        <extensions>
          <ns3:TrackPointExtension>
            <ns3:hr>128</ns3:hr>
            <ns3:cad>80</ns3:cad>
          </ns3:TrackPointExtension>
        </extensions>
      </trkpt>
      <trkpt lat="31.221090964972972869873046875" lon="121.3922215998172760009765625">
        <ele>7.19999980926513671875</ele>
        <time>2026-09-26T00:43:12.000Z</time>
        <extensions>
          <ns3:TrackPointExtension>
            <ns3:hr>128</ns3:hr>
            <ns3:cad>79</ns3:cad>
          </ns3:TrackPointExtension>
        </extensions>
      </trkpt>
      <trkpt lat="31.22109104879200458526611328125" lon="121.39224230311810970306396484375">
        <ele>7</ele>
        <time>2026-09-26T00:43:13.000Z</time>
        <extensions>
          <ns3:TrackPointExtension>
            <ns3:hr>128</ns3:hr>
            <ns3:cad>79</ns3:cad>
          </ns3:TrackPointExtension>
        </extensions>
      </trkpt>
      <trkpt lat="31.2210911326110363006591796875" lon="121.3922630064189434051513671875">
        <ele>7</ele>
        <time>2026-09-26T00:43:14.000Z</time>
        <extensions>
          <ns3:TrackPointExtension>
            <ns3:hr>128</ns3:hr>
            <ns3:cad>79</ns3:cad>
          </ns3:TrackPointExtension>
        </extensions>
      </trkpt>
      <trkpt lat="31.2210901267826557159423828125" lon="121.392285637557506561279296875">
        <ele>7</ele>
        <time>2026-09-26T00:43:15.000Z</time>
        <extensions>
          <ns3:TrackPointExtension>
            <ns3:hr>128</ns3:hr>
            <ns3:cad>79</ns3:cad>
          </ns3:TrackPointExtension>
        </extensions>
      </trkpt>
      <trkpt lat="31.221088953316211700439453125" lon="121.39230734668672084808349609375">
        <ele>7</ele>
        <time>2026-09-26T00:43:16.000Z</time>
        <extensions>
          <ns3:TrackPointExtension>
            <ns3:hr>128</ns3:hr>
            <ns3:cad>78</ns3:cad>
          </ns3:TrackPointExtension>
        </extensions>
      </trkpt>
      <trkpt lat="31.221087612211704254150390625" lon="121.392330229282379150390625">
        <ele>7</ele>
        <time>2026-09-26T00:43:17.000Z</time>
        <extensions>
          <ns3:TrackPointExtension>
            <ns3:hr>128</ns3:hr>
            <ns3:cad>77</ns3:cad>
          </ns3:TrackPointExtension>
        </extensions>
      </trkpt>
      <trkpt lat="31.22108618728816509246826171875" lon="121.3923535309731960296630859375">
        <ele>7</ele>
        <time>2026-09-26T00:43:18.000Z</time>
        <extensions>
          <ns3:TrackPointExtension>
            <ns3:hr>128</ns3:hr>
            <ns3:cad>77</ns3:cad>
          </ns3:TrackPointExtension>
        </extensions>
      </trkpt>
      <trkpt lat="31.221084930002689361572265625" lon="121.39237624593079090118408203125">
        <ele>7</ele>
        <time>2026-09-26T00:43:19.000Z</time>
        <extensions>
          <ns3:TrackPointExtension>
            <ns3:hr>128</ns3:hr>
            <ns3:cad>77</ns3:cad>
          </ns3:TrackPointExtension>
        </extensions>
      </trkpt>
      <trkpt lat="31.22108300216495990753173828125" lon="121.39239653013646602630615234375">
        <ele>7.19999980926513671875</ele>
        <time>2026-09-26T00:43:20.000Z</time>
        <extensions>
          <ns3:TrackPointExtension>
            <ns3:hr>128</ns3:hr>
            <ns3:cad>77</ns3:cad>
          </ns3:TrackPointExtension>
        </extensions>
      </trkpt>
      <trkpt lat="31.22108182869851589202880859375" lon="121.39241874217987060546875">
        <ele>7.19999980926513671875</ele>
        <time>2026-09-26T00:43:21.000Z</time>
        <extensions>
          <ns3:TrackPointExtension>
            <ns3:hr>128</ns3:hr>
            <ns3:cad>77</ns3:cad>
          </ns3:TrackPointExtension>
        </extensions>
      </trkpt>
      <trkpt lat="31.22108065523207187652587890625" lon="121.3924383558332920074462890625">
        <ele>7.19999980926513671875</ele>
        <time>2026-09-26T00:43:22.000Z</time>
        <extensions>
          <ns3:TrackPointExtension>
            <ns3:hr>128</ns3:hr>
            <ns3:cad>77</ns3:cad>
          </ns3:TrackPointExtension>
        </extensions>
      </trkpt>
      <trkpt lat="31.221081577241420745849609375" lon="121.39245905913412570953369140625">
        <ele>7.19999980926513671875</ele>
        <time>2026-09-26T00:43:23.000Z</time>
        <extensions>
          <ns3:TrackPointExtension>
            <ns3:hr>128</ns3:hr>
            <ns3:cad>77</ns3:cad>
          </ns3:TrackPointExtension>
        </extensions>
      </trkpt>
      <trkpt lat="31.22108400799334049224853515625" lon="121.39247900806367397308349609375">
        <ele>7.19999980926513671875</ele>
        <time>2026-09-26T00:43:24.000Z</time>
        <extensions>
          <ns3:TrackPointExtension>
            <ns3:hr>128</ns3:hr>
            <ns3:cad>77</ns3:cad>
          </ns3:TrackPointExtension>
        </extensions>
      </trkpt>
      <trkpt lat="31.22108685784041881561279296875" lon="121.39249853789806365966796875">
        <ele>7.19999980926513671875</ele>
        <time>2026-09-26T00:43:25.000Z</time>
        <extensions>
          <ns3:TrackPointExtension>
            <ns3:hr>128</ns3:hr>
            <ns3:cad>78</ns3:cad>
          </ns3:TrackPointExtension>
        </extensions>
      </trkpt>
      <trkpt lat="31.22109021060168743133544921875" lon="121.39251488260924816131591796875">
        <ele>7.19999980926513671875</ele>
        <time>2026-09-26T00:43:26.000Z</time>
        <extensions>
          <ns3:TrackPointExtension>
            <ns3:hr>128</ns3:hr>
            <ns3:cad>78</ns3:cad>
          </ns3:TrackPointExtension>
        </extensions>
      </trkpt>
      <trkpt lat="31.22109691612422466278076171875" lon="121.39252938330173492431640625">
        <ele>7.19999980926513671875</ele>
        <time>2026-09-26T00:43:27.000Z</time>
        <extensions>
          <ns3:TrackPointExtension>
            <ns3:hr>128</ns3:hr>
            <ns3:cad>78</ns3:cad>
          </ns3:TrackPointExtension>
        </extensions>
      </trkpt>
      <trkpt lat="31.22110747732222080230712890625" lon="121.39254321344196796417236328125">
        <ele>7.400000095367431640625</ele>
        <time>2026-09-26T00:43:28.000Z</time>
        <extensions>
          <ns3:TrackPointExtension>
            <ns3:hr>128</ns3:hr>
            <ns3:cad>78</ns3:cad>
          </ns3:TrackPointExtension>
        </extensions>
      </trkpt>
      <trkpt lat="31.2211213074624538421630859375" lon="121.39255528338253498077392578125">
        <ele>7.400000095367431640625</ele>
        <time>2026-09-26T00:43:29.000Z</time>
        <extensions>
          <ns3:TrackPointExtension>
            <ns3:hr>128</ns3:hr>
            <ns3:cad>78</ns3:cad>
          </ns3:TrackPointExtension>
        </extensions>
      </trkpt>
      <trkpt lat="31.22113748453557491302490234375" lon="121.3925657607614994049072265625">
        <ele>7.400000095367431640625</ele>
        <time>2026-09-26T00:43:30.000Z</time>
        <extensions>
          <ns3:TrackPointExtension>
            <ns3:hr>128</ns3:hr>
            <ns3:cad>77</ns3:cad>
          </ns3:TrackPointExtension>
        </extensions>
      </trkpt>
      <trkpt lat="31.22115408070385456085205078125" lon="121.39257456175982952117919921875">
        <ele>7.19999980926513671875</ele>
        <time>2026-09-26T00:43:31.000Z</time>
        <extensions>
          <ns3:TrackPointExtension>
            <ns3:hr>127</ns3:hr>
            <ns3:cad>77</ns3:cad>
          </ns3:TrackPointExtension>
        </extensions>
      </trkpt>
      <trkpt lat="31.221172772347927093505859375" lon="121.3925821892917156219482421875">
        <ele>7.19999980926513671875</ele>
        <time>2026-09-26T00:43:32.000Z</time>
        <extensions>
          <ns3:TrackPointExtension>
            <ns3:hr>127</ns3:hr>
            <ns3:cad>77</ns3:cad>
          </ns3:TrackPointExtension>
        </extensions>
      </trkpt>
      <trkpt lat="31.221189200878143310546875" lon="121.39258797280490398406982421875">
        <ele>7.19999980926513671875</ele>
        <time>2026-09-26T00:43:33.000Z</time>
        <extensions>
          <ns3:TrackPointExtension>
            <ns3:hr>127</ns3:hr>
            <ns3:cad>77</ns3:cad>
          </ns3:TrackPointExtension>
        </extensions>
      </trkpt>
      <trkpt lat="31.22120319865643978118896484375" lon="121.392592750489711761474609375">
        <ele>7.19999980926513671875</ele>
        <time>2026-09-26T00:43:34.000Z</time>
        <extensions>
          <ns3:TrackPointExtension>
            <ns3:hr>127</ns3:hr>
            <ns3:cad>79</ns3:cad>
          </ns3:TrackPointExtension>
        </extensions>
      </trkpt>
      <trkpt lat="31.221219040453433990478515625" lon="121.39259551651775836944580078125">
        <ele>7.400000095367431640625</ele>
        <time>2026-09-26T00:43:35.000Z</time>
        <extensions>
          <ns3:TrackPointExtension>
            <ns3:hr>127</ns3:hr>
            <ns3:cad>79</ns3:cad>
          </ns3:TrackPointExtension>
        </extensions>
      </trkpt>
      <trkpt lat="31.22123270295560359954833984375" lon="121.3925935886800289154052734375">
        <ele>7.400000095367431640625</ele>
        <time>2026-09-26T00:43:36.000Z</time>
        <extensions>
          <ns3:TrackPointExtension>
            <ns3:hr>127</ns3:hr>
            <ns3:cad>79</ns3:cad>
          </ns3:TrackPointExtension>
        </extensions>
      </trkpt>
      <trkpt lat="31.2212463654577732086181640625" lon="121.39258839190006256103515625">
        <ele>7.400000095367431640625</ele>
        <time>2026-09-26T00:43:37.000Z</time>
        <extensions>
          <ns3:TrackPointExtension>
            <ns3:hr>126</ns3:hr>
            <ns3:cad>79</ns3:cad>
          </ns3:TrackPointExtension>
        </extensions>
      </trkpt>
      <trkpt lat="31.22126170434057712554931640625" lon="121.39258327893912792205810546875">
        <ele>7.400000095367431640625</ele>
        <time>2026-09-26T00:43:38.000Z</time>
        <extensions>
          <ns3:TrackPointExtension>
            <ns3:hr>126</ns3:hr>
            <ns3:cad>79</ns3:cad>
          </ns3:TrackPointExtension>
        </extensions>
      </trkpt>
      <trkpt lat="31.22127712704241275787353515625" lon="121.39257824979722499847412109375">
        <ele>7.400000095367431640625</ele>
        <time>2026-09-26T00:43:39.000Z</time>
        <extensions>
          <ns3:TrackPointExtension>
            <ns3:hr>126</ns3:hr>
            <ns3:cad>78</ns3:cad>
          </ns3:TrackPointExtension>
        </extensions>
      </trkpt>
      <trkpt lat="31.22129154391586780548095703125" lon="121.39257204718887805938720703125">
        <ele>7.19999980926513671875</ele>
        <time>2026-09-26T00:43:40.000Z</time>
        <extensions>
          <ns3:TrackPointExtension>
            <ns3:hr>126</ns3:hr>
            <ns3:cad>78</ns3:cad>
          </ns3:TrackPointExtension>
        </extensions>
      </trkpt>
      <trkpt lat="31.22130512259900569915771484375" lon="121.392565257847309112548828125">
        <ele>7.19999980926513671875</ele>
        <time>2026-09-26T00:43:41.000Z</time>
        <extensions>
          <ns3:TrackPointExtension>
            <ns3:hr>126</ns3:hr>
            <ns3:cad>77</ns3:cad>
          </ns3:TrackPointExtension>
        </extensions>
      </trkpt>
      <trkpt lat="31.221317946910858154296875" lon="121.39255763031542301177978515625">
        <ele>7.19999980926513671875</ele>
        <time>2026-09-26T00:43:42.000Z</time>
        <extensions>
          <ns3:TrackPointExtension>
            <ns3:hr>126</ns3:hr>
            <ns3:cad>77</ns3:cad>
          </ns3:TrackPointExtension>
        </extensions>
      </trkpt>
      <trkpt lat="31.22133043594658374786376953125" lon="121.39254874549806118011474609375">
        <ele>7.400000095367431640625</ele>
        <time>2026-09-26T00:43:43.000Z</time>
        <extensions>
          <ns3:TrackPointExtension>
            <ns3:hr>126</ns3:hr>
            <ns3:cad>77</ns3:cad>
          </ns3:TrackPointExtension>
        </extensions>
      </trkpt>
      <trkpt lat="31.22134284116327762603759765625" lon="121.39253868721425533294677734375">
        <ele>7.400000095367431640625</ele>
        <time>2026-09-26T00:43:44.000Z</time>
        <extensions>
          <ns3:TrackPointExtension>
            <ns3:hr>126</ns3:hr>
            <ns3:cad>77</ns3:cad>
          </ns3:TrackPointExtension>
        </extensions>
      </trkpt>
      <trkpt lat="31.22135491110384464263916015625" lon="121.3925272040069103240966796875">
        <ele>7.19999980926513671875</ele>
        <time>2026-09-26T00:43:45.000Z</time>
        <extensions>
          <ns3:TrackPointExtension>
            <ns3:hr>126</ns3:hr>
            <ns3:cad>77</ns3:cad>
          </ns3:TrackPointExtension>
        </extensions>
      </trkpt>
      <trkpt lat="31.221367232501506805419921875" lon="121.39251236803829669952392578125">
        <ele>7.19999980926513671875</ele>
        <time>2026-09-26T00:43:46.000Z</time>
        <extensions>
          <ns3:TrackPointExtension>
            <ns3:hr>126</ns3:hr>
            <ns3:cad>76</ns3:cad>
          </ns3:TrackPointExtension>
        </extensions>
      </trkpt>
      <trkpt lat="31.22137921862304210662841796875" lon="121.39249241910874843597412109375">
        <ele>7.400000095367431640625</ele>
        <time>2026-09-26T00:43:47.000Z</time>
        <extensions>
          <ns3:TrackPointExtension>
            <ns3:hr>126</ns3:hr>
            <ns3:cad>77</ns3:cad>
          </ns3:TrackPointExtension>
        </extensions>
      </trkpt>
      <trkpt lat="31.2213868461549282073974609375" lon="121.39247196726500988006591796875">
        <ele>7.400000095367431640625</ele>
        <time>2026-09-26T00:43:48.000Z</time>
        <extensions>
          <ns3:TrackPointExtension>
            <ns3:hr>126</ns3:hr>
            <ns3:cad>79</ns3:cad>
          </ns3:TrackPointExtension>
        </extensions>
      </trkpt>
      <trkpt lat="31.2213925458490848541259765625" lon="121.3924507610499858856201171875">
        <ele>7.400000095367431640625</ele>
        <time>2026-09-26T00:43:49.000Z</time>
        <extensions>
          <ns3:TrackPointExtension>
            <ns3:hr>126</ns3:hr>
            <ns3:cad>79</ns3:cad>
          </ns3:TrackPointExtension>
        </extensions>
      </trkpt>
      <trkpt lat="31.2213979102671146392822265625" lon="121.39242888428270816802978515625">
        <ele>7.19999980926513671875</ele>
        <time>2026-09-26T00:43:50.000Z</time>
        <extensions>
          <ns3:TrackPointExtension>
            <ns3:hr>126</ns3:hr>
            <ns3:cad>77</ns3:cad>
          </ns3:TrackPointExtension>
        </extensions>
      </trkpt>
      <trkpt lat="31.22140285558998584747314453125" lon="121.39240600168704986572265625">
        <ele>7.19999980926513671875</ele>
        <time>2026-09-26T00:43:51.000Z</time>
        <extensions>
          <ns3:TrackPointExtension>
            <ns3:hr>126</ns3:hr>
            <ns3:cad>77</ns3:cad>
          </ns3:TrackPointExtension>
        </extensions>
      </trkpt>
      <trkpt lat="31.22140754945576190948486328125" lon="121.392383538186550140380859375">
        <ele>7.19999980926513671875</ele>
        <time>2026-09-26T00:43:52.000Z</time>
        <extensions>
          <ns3:TrackPointExtension>
            <ns3:hr>125</ns3:hr>
            <ns3:cad>77</ns3:cad>
          </ns3:TrackPointExtension>
        </extensions>
      </trkpt>
      <trkpt lat="31.2214136682450771331787109375" lon="121.3923632539808750152587890625">
        <ele>7.19999980926513671875</ele>
        <time>2026-09-26T00:43:53.000Z</time>
        <extensions>
          <ns3:TrackPointExtension>
            <ns3:hr>126</ns3:hr>
            <ns3:cad>77</ns3:cad>
          </ns3:TrackPointExtension>
        </extensions>
      </trkpt>
      <trkpt lat="31.22142196632921695709228515625" lon="121.3923424668610095977783203125">
        <ele>7.19999980926513671875</ele>
        <time>2026-09-26T00:43:54.000Z</time>
        <extensions>
          <ns3:TrackPointExtension>
            <ns3:hr>125</ns3:hr>
            <ns3:cad>77</ns3:cad>
          </ns3:TrackPointExtension>
        </extensions>
      </trkpt>
      <trkpt lat="31.22142967768013477325439453125" lon="121.39232377521693706512451171875">
        <ele>7.400000095367431640625</ele>
        <time>2026-09-26T00:43:55.000Z</time>
        <extensions>
          <ns3:TrackPointExtension>
            <ns3:hr>125</ns3:hr>
            <ns3:cad>77</ns3:cad>
          </ns3:TrackPointExtension>
        </extensions>
      </trkpt>
      <trkpt lat="31.2214386463165283203125" lon="121.39230365864932537078857421875">
        <ele>7.400000095367431640625</ele>
        <time>2026-09-26T00:43:56.000Z</time>
        <extensions>
          <ns3:TrackPointExtension>
            <ns3:hr>124</ns3:hr>
            <ns3:cad>77</ns3:cad>
          </ns3:TrackPointExtension>
        </extensions>
      </trkpt>
      <trkpt lat="31.22144795022904872894287109375" lon="121.39228387735784053802490234375">
        <ele>7.400000095367431640625</ele>
        <time>2026-09-26T00:43:57.000Z</time>
        <extensions>
          <ns3:TrackPointExtension>
            <ns3:hr>124</ns3:hr>
            <ns3:cad>77</ns3:cad>
          </ns3:TrackPointExtension>
        </extensions>
      </trkpt>
      <trkpt lat="31.22145582921802997589111328125" lon="121.39226594008505344390869140625">
        <ele>7.400000095367431640625</ele>
        <time>2026-09-26T00:43:58.000Z</time>
        <extensions>
          <ns3:TrackPointExtension>
            <ns3:hr>124</ns3:hr>
            <ns3:cad>77</ns3:cad>
          </ns3:TrackPointExtension>
        </extensions>
      </trkpt>
      <trkpt lat="31.22146437875926494598388671875" lon="121.39224783517420291900634765625">
        <ele>7.400000095367431640625</ele>
        <time>2026-09-26T00:43:59.000Z</time>
        <extensions>
          <ns3:TrackPointExtension>
            <ns3:hr>124</ns3:hr>
            <ns3:cad>77</ns3:cad>
          </ns3:TrackPointExtension>
        </extensions>
      </trkpt>
      <trkpt lat="31.221473515033721923828125" lon="121.39222956262528896331787109375">
        <ele>7.400000095367431640625</ele>
        <time>2026-09-26T00:44:00.000Z</time>
        <extensions>
          <ns3:TrackPointExtension>
            <ns3:hr>124</ns3:hr>
            <ns3:cad>79</ns3:cad>
          </ns3:TrackPointExtension>
        </extensions>
      </trkpt>
      <trkpt lat="31.22148265130817890167236328125" lon="121.3922117091715335845947265625">
        <ele>7.19999980926513671875</ele>
        <time>2026-09-26T00:44:01.000Z</time>
        <extensions>
          <ns3:TrackPointExtension>
            <ns3:hr>124</ns3:hr>
            <ns3:cad>79</ns3:cad>
          </ns3:TrackPointExtension>
        </extensions>
      </trkpt>
      <trkpt lat="31.2214911170303821563720703125" lon="121.39219519682228565216064453125">
        <ele>7.19999980926513671875</ele>
        <time>2026-09-26T00:44:02.000Z</time>
        <extensions>
          <ns3:TrackPointExtension>
            <ns3:hr>124</ns3:hr>
            <ns3:cad>77</ns3:cad>
          </ns3:TrackPointExtension>
        </extensions>
      </trkpt>
      <trkpt lat="31.22149857692420482635498046875" lon="121.39217893593013286590576171875">
        <ele>7.400000095367431640625</ele>
        <time>2026-09-26T00:44:03.000Z</time>
        <extensions>
          <ns3:TrackPointExtension>
            <ns3:hr>124</ns3:hr>
            <ns3:cad>77</ns3:cad>
          </ns3:TrackPointExtension>
        </extensions>
      </trkpt>
      <trkpt lat="31.2215058691799640655517578125" lon="121.39216284267604351043701171875">
        <ele>7.599999904632568359375</ele>
        <time>2026-09-26T00:44:04.000Z</time>
        <extensions>
          <ns3:TrackPointExtension>
            <ns3:hr>124</ns3:hr>
            <ns3:cad>77</ns3:cad>
          </ns3:TrackPointExtension>
        </extensions>
      </trkpt>
      <trkpt lat="31.22151215560734272003173828125" lon="121.392144821584224700927734375">
        <ele>7.599999904632568359375</ele>
        <time>2026-09-26T00:44:05.000Z</time>
        <extensions>
          <ns3:TrackPointExtension>
            <ns3:hr>124</ns3:hr>
            <ns3:cad>77</ns3:cad>
          </ns3:TrackPointExtension>
        </extensions>
      </trkpt>
      <trkpt lat="31.22151684947311878204345703125" lon="121.3921285606920719146728515625">
        <ele>7.80000019073486328125</ele>
        <time>2026-09-26T00:44:06.000Z</time>
        <extensions>
          <ns3:TrackPointExtension>
            <ns3:hr>125</ns3:hr>
            <ns3:cad>77</ns3:cad>
          </ns3:TrackPointExtension>
        </extensions>
      </trkpt>
      <trkpt lat="31.22152137570083141326904296875" lon="121.39211121015250682830810546875">
        <ele>7.80000019073486328125</ele>
        <time>2026-09-26T00:44:07.000Z</time>
        <extensions>
          <ns3:TrackPointExtension>
            <ns3:hr>125</ns3:hr>
            <ns3:cad>77</ns3:cad>
          </ns3:TrackPointExtension>
        </extensions>
      </trkpt>
      <trkpt lat="31.22152489610016345977783203125" lon="121.39209142886102199554443359375">
        <ele>7.80000019073486328125</ele>
        <time>2026-09-26T00:44:08.000Z</time>
        <extensions>
          <ns3:TrackPointExtension>
            <ns3:hr>125</ns3:hr>
            <ns3:cad>77</ns3:cad>
          </ns3:TrackPointExtension>
        </extensions>
      </trkpt>
      <trkpt lat="31.22152782976627349853515625" lon="121.39207047410309314727783203125">
        <ele>7.80000019073486328125</ele>
        <time>2026-09-26T00:44:09.000Z</time>
        <extensions>
          <ns3:TrackPointExtension>
            <ns3:hr>125</ns3:hr>
            <ns3:cad>77</ns3:cad>
          </ns3:TrackPointExtension>
        </extensions>
      </trkpt>
      <trkpt lat="31.22153026051819324493408203125" lon="121.392050944268703460693359375">
        <ele>7.80000019073486328125</ele>
        <time>2026-09-26T00:44:10.000Z</time>
        <extensions>
          <ns3:TrackPointExtension>
            <ns3:hr>124</ns3:hr>
            <ns3:cad>77</ns3:cad>
          </ns3:TrackPointExtension>
        </extensions>
      </trkpt>
      <trkpt lat="31.22153176926076412200927734375" lon="121.39203124679625034332275390625">
        <ele>8</ele>
        <time>2026-09-26T00:44:11.000Z</time>
        <extensions>
          <ns3:TrackPointExtension>
            <ns3:hr>125</ns3:hr>
            <ns3:cad>77</ns3:cad>
          </ns3:TrackPointExtension>
        </extensions>
      </trkpt>
      <trkpt lat="31.22153260745108127593994140625" lon="121.3920115493237972259521484375">
        <ele>8</ele>
        <time>2026-09-26T00:44:12.000Z</time>
        <extensions>
          <ns3:TrackPointExtension>
            <ns3:hr>124</ns3:hr>
            <ns3:cad>77</ns3:cad>
          </ns3:TrackPointExtension>
        </extensions>
      </trkpt>
      <trkpt lat="31.22153361327946186065673828125" lon="121.39199160039424896240234375">
        <ele>8</ele>
        <time>2026-09-26T00:44:13.000Z</time>
        <extensions>
          <ns3:TrackPointExtension>
            <ns3:hr>124</ns3:hr>
            <ns3:cad>77</ns3:cad>
          </ns3:TrackPointExtension>
        </extensions>
      </trkpt>
      <trkpt lat="31.2215343676507472991943359375" lon="121.3919709809124469757080078125">
        <ele>8</ele>
        <time>2026-09-26T00:44:14.000Z</time>
        <extensions>
          <ns3:TrackPointExtension>
            <ns3:hr>124</ns3:hr>
            <ns3:cad>77</ns3:cad>
          </ns3:TrackPointExtension>
        </extensions>
      </trkpt>
      <trkpt lat="31.2215338647365570068359375" lon="121.39195145107805728912353515625">
        <ele>8</ele>
        <time>2026-09-26T00:44:15.000Z</time>
        <extensions>
          <ns3:TrackPointExtension>
            <ns3:hr>124</ns3:hr>
            <ns3:cad>78</ns3:cad>
          </ns3:TrackPointExtension>
        </extensions>
      </trkpt>
      <trkpt lat="31.221532858908176422119140625" lon="121.3919280655682086944580078125">
        <ele>8.19999980926513671875</ele>
        <time>2026-09-26T00:44:16.000Z</time>
        <extensions>
          <ns3:TrackPointExtension>
            <ns3:hr>124</ns3:hr>
            <ns3:cad>79</ns3:cad>
          </ns3:TrackPointExtension>
        </extensions>
      </trkpt>
      <trkpt lat="31.22153076343238353729248046875" lon="121.39190442860126495361328125">
        <ele>8.19999980926513671875</ele>
        <time>2026-09-26T00:44:17.000Z</time>
        <extensions>
          <ns3:TrackPointExtension>
            <ns3:hr>124</ns3:hr>
            <ns3:cad>79</ns3:cad>
          </ns3:TrackPointExtension>
        </extensions>
      </trkpt>
      <trkpt lat="31.22152774594724178314208984375" lon="121.3918801210820674896240234375">
        <ele>8.19999980926513671875</ele>
        <time>2026-09-26T00:44:18.000Z</time>
        <extensions>
          <ns3:TrackPointExtension>
            <ns3:hr>124</ns3:hr>
            <ns3:cad>79</ns3:cad>
          </ns3:TrackPointExtension>
        </extensions>
      </trkpt>
      <trkpt lat="31.22152472846210002899169921875" lon="121.3918563164770603179931640625">
        <ele>8.19999980926513671875</ele>
        <time>2026-09-26T00:44:19.000Z</time>
        <extensions>
          <ns3:TrackPointExtension>
            <ns3:hr>125</ns3:hr>
            <ns3:cad>78</ns3:cad>
          </ns3:TrackPointExtension>
        </extensions>
      </trkpt>
      <trkpt lat="31.2215216271579265594482421875" lon="121.39183276332914829254150390625">
        <ele>8.19999980926513671875</ele>
        <time>2026-09-26T00:44:20.000Z</time>
        <extensions>
          <ns3:TrackPointExtension>
            <ns3:hr>125</ns3:hr>
            <ns3:cad>78</ns3:cad>
          </ns3:TrackPointExtension>
        </extensions>
      </trkpt>
      <trkpt lat="31.221518777310848236083984375" lon="121.3918087072670459747314453125">
        <ele>8.19999980926513671875</ele>
        <time>2026-09-26T00:44:21.000Z</time>
        <extensions>
          <ns3:TrackPointExtension>
            <ns3:hr>126</ns3:hr>
            <ns3:cad>78</ns3:cad>
          </ns3:TrackPointExtension>
        </extensions>
      </trkpt>
      <trkpt lat="31.22151651419699192047119140625" lon="121.39178548939526081085205078125">
        <ele>8.19999980926513671875</ele>
        <time>2026-09-26T00:44:22.000Z</time>
        <extensions>
          <ns3:TrackPointExtension>
            <ns3:hr>126</ns3:hr>
            <ns3:cad>78</ns3:cad>
          </ns3:TrackPointExtension>
        </extensions>
      </trkpt>
      <trkpt lat="31.221515424549579620361328125" lon="121.39176495373249053955078125">
        <ele>8</ele>
        <time>2026-09-26T00:44:23.000Z</time>
        <extensions>
          <ns3:TrackPointExtension>
            <ns3:hr>126</ns3:hr>
            <ns3:cad>79</ns3:cad>
          </ns3:TrackPointExtension>
        </extensions>
      </trkpt>
      <trkpt lat="31.2215150892734527587890625" lon="121.39174483716487884521484375">
        <ele>8</ele>
        <time>2026-09-26T00:44:24.000Z</time>
        <extensions>
          <ns3:TrackPointExtension>
            <ns3:hr>126</ns3:hr>
            <ns3:cad>79</ns3:cad>
          </ns3:TrackPointExtension>
        </extensions>
      </trkpt>
      <trkpt lat="31.2215145863592624664306640625" lon="121.3917245529592037200927734375">
        <ele>8</ele>
        <time>2026-09-26T00:44:25.000Z</time>
        <extensions>
          <ns3:TrackPointExtension>
            <ns3:hr>126</ns3:hr>
            <ns3:cad>78</ns3:cad>
          </ns3:TrackPointExtension>
        </extensions>
      </trkpt>
      <trkpt lat="31.22151383198797702789306640625" lon="121.39170502312481403350830078125">
        <ele>8</ele>
        <time>2026-09-26T00:44:26.000Z</time>
        <extensions>
          <ns3:TrackPointExtension>
            <ns3:hr>126</ns3:hr>
            <ns3:cad>78</ns3:cad>
          </ns3:TrackPointExtension>
        </extensions>
      </trkpt>
      <trkpt lat="31.22151232324540615081787109375" lon="121.3916838169097900390625">
        <ele>8</ele>
        <time>2026-09-26T00:44:27.000Z</time>
        <extensions>
          <ns3:TrackPointExtension>
            <ns3:hr>126</ns3:hr>
            <ns3:cad>78</ns3:cad>
          </ns3:TrackPointExtension>
        </extensions>
      </trkpt>
      <trkpt lat="31.22151316143572330474853515625" lon="121.39166395179927349090576171875">
        <ele>8</ele>
        <time>2026-09-26T00:44:28.000Z</time>
        <extensions>
          <ns3:TrackPointExtension>
            <ns3:hr>126</ns3:hr>
            <ns3:cad>79</ns3:cad>
          </ns3:TrackPointExtension>
        </extensions>
      </trkpt>
      <trkpt lat="31.22152087278664112091064453125" lon="121.39164333231747150421142578125">
        <ele>8</ele>
        <time>2026-09-26T00:44:29.000Z</time>
        <extensions>
          <ns3:TrackPointExtension>
            <ns3:hr>126</ns3:hr>
            <ns3:cad>79</ns3:cad>
          </ns3:TrackPointExtension>
        </extensions>
      </trkpt>
      <trkpt lat="31.22153277508914470672607421875" lon="121.391623131930828094482421875">
        <ele>8</ele>
        <time>2026-09-26T00:44:30.000Z</time>
        <extensions>
          <ns3:TrackPointExtension>
            <ns3:hr>125</ns3:hr>
            <ns3:cad>78</ns3:cad>
          </ns3:TrackPointExtension>
        </extensions>
      </trkpt>
      <trkpt lat="31.22154534794390201568603515625" lon="121.3916035182774066925048828125">
        <ele>8</ele>
        <time>2026-09-26T00:44:31.000Z</time>
        <extensions>
          <ns3:TrackPointExtension>
            <ns3:hr>125</ns3:hr>
            <ns3:cad>77</ns3:cad>
          </ns3:TrackPointExtension>
        </extensions>
      </trkpt>
      <trkpt lat="31.221555657684803009033203125" lon="121.39158449135720729827880859375">
        <ele>8</ele>
        <time>2026-09-26T00:44:32.000Z</time>
        <extensions>
          <ns3:TrackPointExtension>
            <ns3:hr>124</ns3:hr>
            <ns3:cad>77</ns3:cad>
          </ns3:TrackPointExtension>
        </extensions>
      </trkpt>
      <trkpt lat="31.2215673923492431640625" lon="121.39156588353216648101806640625">
        <ele>8.19999980926513671875</ele>
        <time>2026-09-26T00:44:33.000Z</time>
        <extensions>
          <ns3:TrackPointExtension>
            <ns3:hr>123</ns3:hr>
            <ns3:cad>77</ns3:cad>
          </ns3:TrackPointExtension>
        </extensions>
      </trkpt>
      <trkpt lat="31.22157837264239788055419921875" lon="121.39154828153550624847412109375">
        <ele>8.3999996185302734375</ele>
        <time>2026-09-26T00:44:34.000Z</time>
        <extensions>
          <ns3:TrackPointExtension>
            <ns3:hr>122</ns3:hr>
            <ns3:cad>76</ns3:cad>
          </ns3:TrackPointExtension>
        </extensions>
      </trkpt>
      <trkpt lat="31.22158943675458431243896484375" lon="121.391530595719814300537109375">
        <ele>8.6000003814697265625</ele>
        <time>2026-09-26T00:44:35.000Z</time>
        <extensions>
          <ns3:TrackPointExtension>
            <ns3:hr>122</ns3:hr>
            <ns3:cad>76</ns3:cad>
          </ns3:TrackPointExtension>
        </extensions>
      </trkpt>
      <trkpt lat="31.221601255238056182861328125" lon="121.3915106467902660369873046875">
        <ele>8.80000019073486328125</ele>
        <time>2026-09-26T00:44:36.000Z</time>
        <extensions>
          <ns3:TrackPointExtension>
            <ns3:hr>121</ns3:hr>
            <ns3:cad>77</ns3:cad>
          </ns3:TrackPointExtension>
        </extensions>
      </trkpt>
      <trkpt lat="31.22161257080733776092529296875" lon="121.391491703689098358154296875">
        <ele>8.80000019073486328125</ele>
        <time>2026-09-26T00:44:37.000Z</time>
        <extensions>
          <ns3:TrackPointExtension>
            <ns3:hr>121</ns3:hr>
            <ns3:cad>77</ns3:cad>
          </ns3:TrackPointExtension>
        </extensions>
      </trkpt>
      <trkpt lat="31.22162380255758762359619140625" lon="121.3914732635021209716796875">
        <ele>9</ele>
        <time>2026-09-26T00:44:38.000Z</time>
        <extensions>
          <ns3:TrackPointExtension>
            <ns3:hr>121</ns3:hr>
            <ns3:cad>77</ns3:cad>
          </ns3:TrackPointExtension>
        </extensions>
      </trkpt>
      <trkpt lat="31.2216336093842983245849609375" lon="121.391457505524158477783203125">
        <ele>9</ele>
        <time>2026-09-26T00:44:39.000Z</time>
        <extensions>
          <ns3:TrackPointExtension>
            <ns3:hr>121</ns3:hr>
            <ns3:cad>76</ns3:cad>
          </ns3:TrackPointExtension>
        </extensions>
      </trkpt>
      <trkpt lat="31.221643500030040740966796875" lon="121.3914402388036251068115234375">
        <ele>9</ele>
        <time>2026-09-26T00:44:40.000Z</time>
        <extensions>
          <ns3:TrackPointExtension>
            <ns3:hr>122</ns3:hr>
            <ns3:cad>76</ns3:cad>
          </ns3:TrackPointExtension>
        </extensions>
      </trkpt>
      <trkpt lat="31.2216532230377197265625" lon="121.39142171479761600494384765625">
        <ele>9</ele>
        <time>2026-09-26T00:44:41.000Z</time>
        <extensions>
          <ns3:TrackPointExtension>
            <ns3:hr>122</ns3:hr>
            <ns3:cad>76</ns3:cad>
          </ns3:TrackPointExtension>
        </extensions>
      </trkpt>
      <trkpt lat="31.22166059911251068115234375" lon="121.3914033584296703338623046875">
        <ele>9</ele>
        <time>2026-09-26T00:44:42.000Z</time>
        <extensions>
          <ns3:TrackPointExtension>
            <ns3:hr>123</ns3:hr>
            <ns3:cad>77</ns3:cad>
          </ns3:TrackPointExtension>
        </extensions>
      </trkpt>
      <trkpt lat="31.2216652929782867431640625" lon="121.39138332568109035491943359375">
        <ele>8.80000019073486328125</ele>
        <time>2026-09-26T00:44:43.000Z</time>
        <extensions>
          <ns3:TrackPointExtension>
            <ns3:hr>123</ns3:hr>
            <ns3:cad>77</ns3:cad>
          </ns3:TrackPointExtension>
        </extensions>
      </trkpt>
      <trkpt lat="31.221668981015682220458984375" lon="121.3913631252944469451904296875">
        <ele>8.6000003814697265625</ele>
        <time>2026-09-26T00:44:44.000Z</time>
        <extensions>
          <ns3:TrackPointExtension>
            <ns3:hr>124</ns3:hr>
            <ns3:cad>77</ns3:cad>
          </ns3:TrackPointExtension>
        </extensions>
      </trkpt>
      <trkpt lat="31.22167057357728481292724609375" lon="121.3913404941558837890625">
        <ele>8.6000003814697265625</ele>
        <time>2026-09-26T00:44:45.000Z</time>
        <extensions>
          <ns3:TrackPointExtension>
            <ns3:hr>125</ns3:hr>
            <ns3:cad>77</ns3:cad>
          </ns3:TrackPointExtension>
        </extensions>
      </trkpt>
      <trkpt lat="31.2216706573963165283203125" lon="121.39131761156022548675537109375">
        <ele>8.3999996185302734375</ele>
        <time>2026-09-26T00:44:46.000Z</time>
        <extensions>
          <ns3:TrackPointExtension>
            <ns3:hr>125</ns3:hr>
            <ns3:cad>78</ns3:cad>
          </ns3:TrackPointExtension>
        </extensions>
      </trkpt>
      <trkpt lat="31.221670322120189666748046875" lon="121.391294561326503753662109375">
        <ele>8.19999980926513671875</ele>
        <time>2026-09-26T00:44:47.000Z</time>
        <extensions>
          <ns3:TrackPointExtension>
            <ns3:hr>126</ns3:hr>
            <ns3:cad>77</ns3:cad>
          </ns3:TrackPointExtension>
        </extensions>
      </trkpt>
      <trkpt lat="31.22167023830115795135498046875" lon="121.39127084054052829742431640625">
        <ele>8.19999980926513671875</ele>
        <time>2026-09-26T00:44:48.000Z</time>
        <extensions>
          <ns3:TrackPointExtension>
            <ns3:hr>126</ns3:hr>
            <ns3:cad>77</ns3:cad>
          </ns3:TrackPointExtension>
        </extensions>
      </trkpt>
      <trkpt lat="31.2216701544821262359619140625" lon="121.39124636538326740264892578125">
        <ele>8.19999980926513671875</ele>
        <time>2026-09-26T00:44:49.000Z</time>
        <extensions>
          <ns3:TrackPointExtension>
            <ns3:hr>126</ns3:hr>
            <ns3:cad>77</ns3:cad>
          </ns3:TrackPointExtension>
        </extensions>
      </trkpt>
      <trkpt lat="31.2216711603105068206787109375" lon="121.39122205786406993865966796875">
        <ele>8</ele>
        <time>2026-09-26T00:44:50.000Z</time>
        <extensions>
          <ns3:TrackPointExtension>
            <ns3:hr>127</ns3:hr>
            <ns3:cad>77</ns3:cad>
          </ns3:TrackPointExtension>
        </extensions>
      </trkpt>
      <trkpt lat="31.22167308814823627471923828125" lon="121.39119607396423816680908203125">
        <ele>8.19999980926513671875</ele>
        <time>2026-09-26T00:44:51.000Z</time>
        <extensions>
          <ns3:TrackPointExtension>
            <ns3:hr>127</ns3:hr>
            <ns3:cad>77</ns3:cad>
          </ns3:TrackPointExtension>
        </extensions>
      </trkpt>
      <trkpt lat="31.2216751836240291595458984375" lon="121.39117218554019927978515625">
        <ele>8.19999980926513671875</ele>
        <time>2026-09-26T00:44:52.000Z</time>
        <extensions>
          <ns3:TrackPointExtension>
            <ns3:hr>128</ns3:hr>
            <ns3:cad>78</ns3:cad>
          </ns3:TrackPointExtension>
        </extensions>
      </trkpt>
      <trkpt lat="31.22167803347110748291015625" lon="121.39114762656390666961669921875">
        <ele>8.3999996185302734375</ele>
        <time>2026-09-26T00:44:53.000Z</time>
        <extensions>
          <ns3:TrackPointExtension>
            <ns3:hr>128</ns3:hr>
            <ns3:cad>79</ns3:cad>
          </ns3:TrackPointExtension>
        </extensions>
      </trkpt>
      <trkpt lat="31.22168230824172496795654296875" lon="121.39112315140664577484130859375">
        <ele>8.3999996185302734375</ele>
        <time>2026-09-26T00:44:54.000Z</time>
        <extensions>
          <ns3:TrackPointExtension>
            <ns3:hr>129</ns3:hr>
            <ns3:cad>79</ns3:cad>
          </ns3:TrackPointExtension>
        </extensions>
      </trkpt>
      <trkpt lat="31.22168767265975475311279296875" lon="121.39110135845839977264404296875">
        <ele>8.3999996185302734375</ele>
        <time>2026-09-26T00:44:55.000Z</time>
        <extensions>
          <ns3:TrackPointExtension>
            <ns3:hr>129</ns3:hr>
            <ns3:cad>79</ns3:cad>
          </ns3:TrackPointExtension>
        </extensions>
      </trkpt>
      <trkpt lat="31.22169437818229198455810546875" lon="121.39108040370047092437744140625">
        <ele>8.3999996185302734375</ele>
        <time>2026-09-26T00:44:56.000Z</time>
        <extensions>
          <ns3:TrackPointExtension>
            <ns3:hr>129</ns3:hr>
            <ns3:cad>79</ns3:cad>
          </ns3:TrackPointExtension>
        </extensions>
      </trkpt>
      <trkpt lat="31.22170158661901950836181640625" lon="121.3910593651235103607177734375">
        <ele>8.19999980926513671875</ele>
        <time>2026-09-26T00:44:57.000Z</time>
        <extensions>
          <ns3:TrackPointExtension>
            <ns3:hr>130</ns3:hr>
            <ns3:cad>79</ns3:cad>
          </ns3:TrackPointExtension>
        </extensions>
      </trkpt>
      <trkpt lat="31.2217093817889690399169921875" lon="121.39103882946074008941650390625">
        <ele>8.19999980926513671875</ele>
        <time>2026-09-26T00:44:58.000Z</time>
        <extensions>
          <ns3:TrackPointExtension>
            <ns3:hr>130</ns3:hr>
            <ns3:cad>79</ns3:cad>
          </ns3:TrackPointExtension>
        </extensions>
      </trkpt>
      <trkpt lat="31.22171784751117229461669921875" lon="121.39101770706474781036376953125">
        <ele>8.19999980926513671875</ele>
        <time>2026-09-26T00:44:59.000Z</time>
        <extensions>
          <ns3:TrackPointExtension>
            <ns3:hr>130</ns3:hr>
            <ns3:cad>79</ns3:cad>
          </ns3:TrackPointExtension>
        </extensions>
      </trkpt>
      <trkpt lat="31.22172689996659755706787109375" lon="121.39099784195423126220703125">
        <ele>8.19999980926513671875</ele>
        <time>2026-09-26T00:45:00.000Z</time>
        <extensions>
          <ns3:TrackPointExtension>
            <ns3:hr>130</ns3:hr>
            <ns3:cad>79</ns3:cad>
          </ns3:TrackPointExtension>
        </extensions>
      </trkpt>
      <trkpt lat="31.22173662297427654266357421875" lon="121.3909772224724292755126953125">
        <ele>8.19999980926513671875</ele>
        <time>2026-09-26T00:45:01.000Z</time>
        <extensions>
          <ns3:TrackPointExtension>
            <ns3:hr>130</ns3:hr>
            <ns3:cad>79</ns3:cad>
          </ns3:TrackPointExtension>
        </extensions>
      </trkpt>
      <trkpt lat="31.22174508869647979736328125" lon="121.3909577764570713043212890625">
        <ele>8.19999980926513671875</ele>
        <time>2026-09-26T00:45:02.000Z</time>
        <extensions>
          <ns3:TrackPointExtension>
            <ns3:hr>131</ns3:hr>
            <ns3:cad>79</ns3:cad>
          </ns3:TrackPointExtension>
        </extensions>
      </trkpt>
      <trkpt lat="31.221754141151905059814453125" lon="121.39093874953687191009521484375">
        <ele>8.19999980926513671875</ele>
        <time>2026-09-26T00:45:03.000Z</time>
        <extensions>
          <ns3:TrackPointExtension>
            <ns3:hr>132</ns3:hr>
            <ns3:cad>79</ns3:cad>
          </ns3:TrackPointExtension>
        </extensions>
      </trkpt>
      <trkpt lat="31.2217606790363788604736328125" lon="121.39092005789279937744140625">
        <ele>8.19999980926513671875</ele>
        <time>2026-09-26T00:45:04.000Z</time>
        <extensions>
          <ns3:TrackPointExtension>
            <ns3:hr>132</ns3:hr>
            <ns3:cad>79</ns3:cad>
          </ns3:TrackPointExtension>
        </extensions>
      </trkpt>
      <trkpt lat="31.22176679782569408416748046875" lon="121.39089885167777538299560546875">
        <ele>8.19999980926513671875</ele>
        <time>2026-09-26T00:45:05.000Z</time>
        <extensions>
          <ns3:TrackPointExtension>
            <ns3:hr>132</ns3:hr>
            <ns3:cad>79</ns3:cad>
          </ns3:TrackPointExtension>
        </extensions>
      </trkpt>
      <trkpt lat="31.22177350334823131561279296875" lon="121.390875466167926788330078125">
        <ele>8.19999980926513671875</ele>
        <time>2026-09-26T00:45:06.000Z</time>
        <extensions>
          <ns3:TrackPointExtension>
            <ns3:hr>132</ns3:hr>
            <ns3:cad>80</ns3:cad>
          </ns3:TrackPointExtension>
        </extensions>
      </trkpt>
      <trkpt lat="31.22177995741367340087890625" lon="121.39085241593420505523681640625">
        <ele>8.19999980926513671875</ele>
        <time>2026-09-26T00:45:07.000Z</time>
        <extensions>
          <ns3:TrackPointExtension>
            <ns3:hr>132</ns3:hr>
            <ns3:cad>80</ns3:cad>
          </ns3:TrackPointExtension>
        </extensions>
      </trkpt>
      <trkpt lat="31.22178532183170318603515625" lon="121.39082944951951503753662109375">
        <ele>8.19999980926513671875</ele>
        <time>2026-09-26T00:45:08.000Z</time>
        <extensions>
          <ns3:TrackPointExtension>
            <ns3:hr>131</ns3:hr>
            <ns3:cad>77</ns3:cad>
          </ns3:TrackPointExtension>
        </extensions>
      </trkpt>
      <trkpt lat="31.22178976424038410186767578125" lon="121.39080530963838100433349609375">
        <ele>8</ele>
        <time>2026-09-26T00:45:09.000Z</time>
        <extensions>
          <ns3:TrackPointExtension>
            <ns3:hr>130</ns3:hr>
            <ns3:cad>77</ns3:cad>
          </ns3:TrackPointExtension>
        </extensions>
      </trkpt>
      <trkpt lat="31.22179412283003330230712890625" lon="121.390780247747898101806640625">
        <ele>8</ele>
        <time>2026-09-26T00:45:10.000Z</time>
        <extensions>
          <ns3:TrackPointExtension>
            <ns3:hr>130</ns3:hr>
            <ns3:cad>77</ns3:cad>
          </ns3:TrackPointExtension>
        </extensions>
      </trkpt>
      <trkpt lat="31.221796385943889617919921875" lon="121.39075577259063720703125">
        <ele>8.19999980926513671875</ele>
        <time>2026-09-26T00:45:11.000Z</time>
        <extensions>
          <ns3:TrackPointExtension>
            <ns3:hr>130</ns3:hr>
            <ns3:cad>78</ns3:cad>
          </ns3:TrackPointExtension>
        </extensions>
      </trkpt>
      <trkpt lat="31.22179814614355564117431640625" lon="121.39072936959564685821533203125">
        <ele>8.19999980926513671875</ele>
        <time>2026-09-26T00:45:12.000Z</time>
        <extensions>
          <ns3:TrackPointExtension>
            <ns3:hr>129</ns3:hr>
            <ns3:cad>79</ns3:cad>
          </ns3:TrackPointExtension>
        </extensions>
      </trkpt>
      <trkpt lat="31.22180116362869739532470703125" lon="121.3907046429812908172607421875">
        <ele>8</ele>
        <time>2026-09-26T00:45:13.000Z</time>
        <extensions>
          <ns3:TrackPointExtension>
            <ns3:hr>129</ns3:hr>
            <ns3:cad>80</ns3:cad>
          </ns3:TrackPointExtension>
        </extensions>
      </trkpt>
      <trkpt lat="31.22180334292352199554443359375" lon="121.39068209566175937652587890625">
        <ele>8</ele>
        <time>2026-09-26T00:45:14.000Z</time>
        <extensions>
          <ns3:TrackPointExtension>
            <ns3:hr>129</ns3:hr>
            <ns3:cad>80</ns3:cad>
          </ns3:TrackPointExtension>
        </extensions>
      </trkpt>
      <trkpt lat="31.2218059413135051727294921875" lon="121.39065921306610107421875">
        <ele>8</ele>
        <time>2026-09-26T00:45:15.000Z</time>
        <extensions>
          <ns3:TrackPointExtension>
            <ns3:hr>128</ns3:hr>
            <ns3:cad>80</ns3:cad>
          </ns3:TrackPointExtension>
        </extensions>
      </trkpt>
      <trkpt lat="31.22180971316993236541748046875" lon="121.390636079013347625732421875">
        <ele>8</ele>
        <time>2026-09-26T00:45:16.000Z</time>
        <extensions>
          <ns3:TrackPointExtension>
            <ns3:hr>128</ns3:hr>
            <ns3:cad>80</ns3:cad>
          </ns3:TrackPointExtension>
        </extensions>
      </trkpt>
      <trkpt lat="31.22181390412151813507080078125" lon="121.39061336405575275421142578125">
        <ele>8</ele>
        <time>2026-09-26T00:45:17.000Z</time>
        <extensions>
          <ns3:TrackPointExtension>
            <ns3:hr>128</ns3:hr>
            <ns3:cad>80</ns3:cad>
          </ns3:TrackPointExtension>
        </extensions>
      </trkpt>
      <trkpt lat="31.22181792743504047393798828125" lon="121.39059039764106273651123046875">
        <ele>8</ele>
        <time>2026-09-26T00:45:18.000Z</time>
        <extensions>
          <ns3:TrackPointExtension>
            <ns3:hr>128</ns3:hr>
            <ns3:cad>79</ns3:cad>
          </ns3:TrackPointExtension>
        </extensions>
      </trkpt>
      <trkpt lat="31.22182161547243595123291015625" lon="121.39056776650249958038330078125">
        <ele>7.80000019073486328125</ele>
        <time>2026-09-26T00:45:19.000Z</time>
        <extensions>
          <ns3:TrackPointExtension>
            <ns3:hr>128</ns3:hr>
            <ns3:cad>79</ns3:cad>
          </ns3:TrackPointExtension>
        </extensions>
      </trkpt>
      <trkpt lat="31.22182446531951427459716796875" lon="121.3905440457165241241455078125">
        <ele>7.80000019073486328125</ele>
        <time>2026-09-26T00:45:20.000Z</time>
        <extensions>
          <ns3:TrackPointExtension>
            <ns3:hr>128</ns3:hr>
            <ns3:cad>76</ns3:cad>
          </ns3:TrackPointExtension>
        </extensions>
      </trkpt>
      <trkpt lat="31.22182580642402172088623046875" lon="121.39052116312086582183837890625">
        <ele>7.599999904632568359375</ele>
        <time>2026-09-26T00:45:21.000Z</time>
        <extensions>
          <ns3:TrackPointExtension>
            <ns3:hr>128</ns3:hr>
            <ns3:cad>77</ns3:cad>
          </ns3:TrackPointExtension>
        </extensions>
      </trkpt>
      <trkpt lat="31.22182547114789485931396484375" lon="121.39049886725842952728271484375">
        <ele>7.599999904632568359375</ele>
        <time>2026-09-26T00:45:22.000Z</time>
        <extensions>
          <ns3:TrackPointExtension>
            <ns3:hr>128</ns3:hr>
            <ns3:cad>77</ns3:cad>
          </ns3:TrackPointExtension>
        </extensions>
      </trkpt>
      <trkpt lat="31.22182463295757770538330078125" lon="121.39047506265342235565185546875">
        <ele>7.400000095367431640625</ele>
        <time>2026-09-26T00:45:23.000Z</time>
        <extensions>
          <ns3:TrackPointExtension>
            <ns3:hr>128</ns3:hr>
            <ns3:cad>78</ns3:cad>
          </ns3:TrackPointExtension>
        </extensions>
      </trkpt>
      <trkpt lat="31.22182262130081653594970703125" lon="121.39045360498130321502685546875">
        <ele>7.19999980926513671875</ele>
        <time>2026-09-26T00:45:24.000Z</time>
        <extensions>
          <ns3:TrackPointExtension>
            <ns3:hr>128</ns3:hr>
            <ns3:cad>78</ns3:cad>
          </ns3:TrackPointExtension>
        </extensions>
      </trkpt>
      <trkpt lat="31.22181960381567478179931640625" lon="121.3904327340424060821533203125">
        <ele>7.19999980926513671875</ele>
        <time>2026-09-26T00:45:25.000Z</time>
        <extensions>
          <ns3:TrackPointExtension>
            <ns3:hr>128</ns3:hr>
            <ns3:cad>79</ns3:cad>
          </ns3:TrackPointExtension>
        </extensions>
      </trkpt>
      <trkpt lat="31.221817173063755035400390625" lon="121.390412114560604095458984375">
        <ele>7</ele>
        <time>2026-09-26T00:45:26.000Z</time>
        <extensions>
          <ns3:TrackPointExtension>
            <ns3:hr>128</ns3:hr>
            <ns3:cad>79</ns3:cad>
          </ns3:TrackPointExtension>
        </extensions>
      </trkpt>
      <trkpt lat="31.221813820302486419677734375" lon="121.390390656888484954833984375">
        <ele>7</ele>
        <time>2026-09-26T00:45:27.000Z</time>
        <extensions>
          <ns3:TrackPointExtension>
            <ns3:hr>128</ns3:hr>
            <ns3:cad>79</ns3:cad>
          </ns3:TrackPointExtension>
        </extensions>
      </trkpt>
      <trkpt lat="31.22180904261767864227294921875" lon="121.39036995358765125274658203125">
        <ele>7</ele>
        <time>2026-09-26T00:45:28.000Z</time>
        <extensions>
          <ns3:TrackPointExtension>
            <ns3:hr>128</ns3:hr>
            <ns3:cad>79</ns3:cad>
          </ns3:TrackPointExtension>
        </extensions>
      </trkpt>
      <trkpt lat="31.2218039296567440032958984375" lon="121.39034681953489780426025390625">
        <ele>7</ele>
        <time>2026-09-26T00:45:29.000Z</time>
        <extensions>
          <ns3:TrackPointExtension>
            <ns3:hr>128</ns3:hr>
            <ns3:cad>78</ns3:cad>
          </ns3:TrackPointExtension>
        </extensions>
      </trkpt>
      <trkpt lat="31.22179848141968250274658203125" lon="121.3903241045773029327392578125">
        <ele>7</ele>
        <time>2026-09-26T00:45:30.000Z</time>
        <extensions>
          <ns3:TrackPointExtension>
            <ns3:hr>128</ns3:hr>
            <ns3:cad>78</ns3:cad>
          </ns3:TrackPointExtension>
        </extensions>
      </trkpt>
      <trkpt lat="31.221793033182621002197265625" lon="121.39030180871486663818359375">
        <ele>7</ele>
        <time>2026-09-26T00:45:31.000Z</time>
        <extensions>
          <ns3:TrackPointExtension>
            <ns3:hr>128</ns3:hr>
            <ns3:cad>78</ns3:cad>
          </ns3:TrackPointExtension>
        </extensions>
      </trkpt>
      <trkpt lat="31.22178808785974979400634765625" lon="121.39027959667146205902099609375">
        <ele>7</ele>
        <time>2026-09-26T00:45:32.000Z</time>
        <extensions>
          <ns3:TrackPointExtension>
            <ns3:hr>128</ns3:hr>
            <ns3:cad>78</ns3:cad>
          </ns3:TrackPointExtension>
        </extensions>
      </trkpt>
      <trkpt lat="31.22178272344172000885009765625" lon="121.39025847427546977996826171875">
        <ele>7</ele>
        <time>2026-09-26T00:45:33.000Z</time>
        <extensions>
          <ns3:TrackPointExtension>
            <ns3:hr>128</ns3:hr>
            <ns3:cad>78</ns3:cad>
          </ns3:TrackPointExtension>
        </extensions>
      </trkpt>
      <trkpt lat="31.22177551500499248504638671875" lon="121.39023735187947750091552734375">
        <ele>7.19999980926513671875</ele>
        <time>2026-09-26T00:45:34.000Z</time>
        <extensions>
          <ns3:TrackPointExtension>
            <ns3:hr>127</ns3:hr>
            <ns3:cad>79</ns3:cad>
          </ns3:TrackPointExtension>
        </extensions>
      </trkpt>
      <trkpt lat="31.221768558025360107421875" lon="121.39021757058799266815185546875">
        <ele>7.19999980926513671875</ele>
        <time>2026-09-26T00:45:35.000Z</time>
        <extensions>
          <ns3:TrackPointExtension>
            <ns3:hr>127</ns3:hr>
            <ns3:cad>79</ns3:cad>
          </ns3:TrackPointExtension>
        </extensions>
      </trkpt>
      <trkpt lat="31.22176260687410831451416015625" lon="121.39019561000168323516845703125">
        <ele>7.19999980926513671875</ele>
        <time>2026-09-26T00:45:36.000Z</time>
        <extensions>
          <ns3:TrackPointExtension>
            <ns3:hr>127</ns3:hr>
            <ns3:cad>79</ns3:cad>
          </ns3:TrackPointExtension>
        </extensions>
      </trkpt>
      <trkpt lat="31.2217556498944759368896484375" lon="121.39017364941537380218505859375">
        <ele>7.19999980926513671875</ele>
        <time>2026-09-26T00:45:37.000Z</time>
        <extensions>
          <ns3:TrackPointExtension>
            <ns3:hr>126</ns3:hr>
            <ns3:cad>79</ns3:cad>
          </ns3:TrackPointExtension>
        </extensions>
      </trkpt>
      <trkpt lat="31.221748106181621551513671875" lon="121.39015294611454010009765625">
        <ele>7.19999980926513671875</ele>
        <time>2026-09-26T00:45:38.000Z</time>
        <extensions>
          <ns3:TrackPointExtension>
            <ns3:hr>126</ns3:hr>
            <ns3:cad>78</ns3:cad>
          </ns3:TrackPointExtension>
        </extensions>
      </trkpt>
      <trkpt lat="31.221741735935211181640625" lon="121.390131823718547821044921875">
        <ele>7.19999980926513671875</ele>
        <time>2026-09-26T00:45:39.000Z</time>
        <extensions>
          <ns3:TrackPointExtension>
            <ns3:hr>126</ns3:hr>
            <ns3:cad>78</ns3:cad>
          </ns3:TrackPointExtension>
        </extensions>
      </trkpt>
      <trkpt lat="31.221736036241054534912109375" lon="121.39011246152222156524658203125">
        <ele>7.19999980926513671875</ele>
        <time>2026-09-26T00:45:40.000Z</time>
        <extensions>
          <ns3:TrackPointExtension>
            <ns3:hr>126</ns3:hr>
            <ns3:cad>78</ns3:cad>
          </ns3:TrackPointExtension>
        </extensions>
      </trkpt>
      <trkpt lat="31.221731342375278472900390625" lon="121.39009234495460987091064453125">
        <ele>7</ele>
        <time>2026-09-26T00:45:41.000Z</time>
        <extensions>
          <ns3:TrackPointExtension>
            <ns3:hr>126</ns3:hr>
            <ns3:cad>78</ns3:cad>
          </ns3:TrackPointExtension>
        </extensions>
      </trkpt>
      <trkpt lat="31.22172622941434383392333984375" lon="121.39007172547280788421630859375">
        <ele>7</ele>
        <time>2026-09-26T00:45:42.000Z</time>
        <extensions>
          <ns3:TrackPointExtension>
            <ns3:hr>126</ns3:hr>
            <ns3:cad>79</ns3:cad>
          </ns3:TrackPointExtension>
        </extensions>
      </trkpt>
      <trkpt lat="31.22172103263437747955322265625" lon="121.39005110599100589752197265625">
        <ele>7</ele>
        <time>2026-09-26T00:45:43.000Z</time>
        <extensions>
          <ns3:TrackPointExtension>
            <ns3:hr>126</ns3:hr>
            <ns3:cad>79</ns3:cad>
          </ns3:TrackPointExtension>
        </extensions>
      </trkpt>
      <trkpt lat="31.22171566821634769439697265625" lon="121.3900315761566162109375">
        <ele>7</ele>
        <time>2026-09-26T00:45:44.000Z</time>
        <extensions>
          <ns3:TrackPointExtension>
            <ns3:hr>126</ns3:hr>
            <ns3:cad>79</ns3:cad>
          </ns3:TrackPointExtension>
        </extensions>
      </trkpt>
      <trkpt lat="31.22170913033187389373779296875" lon="121.39001053757965564727783203125">
        <ele>7</ele>
        <time>2026-09-26T00:45:45.000Z</time>
        <extensions>
          <ns3:TrackPointExtension>
            <ns3:hr>126</ns3:hr>
            <ns3:cad>78</ns3:cad>
          </ns3:TrackPointExtension>
        </extensions>
      </trkpt>
      <trkpt lat="31.221702508628368377685546875" lon="121.38998975045979022979736328125">
        <ele>7</ele>
        <time>2026-09-26T00:45:46.000Z</time>
        <extensions>
          <ns3:TrackPointExtension>
            <ns3:hr>126</ns3:hr>
            <ns3:cad>78</ns3:cad>
          </ns3:TrackPointExtension>
        </extensions>
      </trkpt>
      <trkpt lat="31.2216956354677677154541015625" lon="121.38996929861605167388916015625">
        <ele>7</ele>
        <time>2026-09-26T00:45:47.000Z</time>
        <extensions>
          <ns3:TrackPointExtension>
            <ns3:hr>126</ns3:hr>
            <ns3:cad>77</ns3:cad>
          </ns3:TrackPointExtension>
        </extensions>
      </trkpt>
      <trkpt lat="31.22168834321200847625732421875" lon="121.3899479247629642486572265625">
        <ele>7</ele>
        <time>2026-09-26T00:45:48.000Z</time>
        <extensions>
          <ns3:TrackPointExtension>
            <ns3:hr>126</ns3:hr>
            <ns3:cad>77</ns3:cad>
          </ns3:TrackPointExtension>
        </extensions>
      </trkpt>
      <trkpt lat="31.22168046422302722930908203125" lon="121.38992722146213054656982421875">
        <ele>7</ele>
        <time>2026-09-26T00:45:49.000Z</time>
        <extensions>
          <ns3:TrackPointExtension>
            <ns3:hr>126</ns3:hr>
            <ns3:cad>77</ns3:cad>
          </ns3:TrackPointExtension>
        </extensions>
      </trkpt>
      <trkpt lat="31.22167258523404598236083984375" lon="121.38990576379001140594482421875">
        <ele>6.80000019073486328125</ele>
        <time>2026-09-26T00:45:50.000Z</time>
        <extensions>
          <ns3:TrackPointExtension>
            <ns3:hr>126</ns3:hr>
            <ns3:cad>77</ns3:cad>
          </ns3:TrackPointExtension>
        </extensions>
      </trkpt>
      <trkpt lat="31.2216652929782867431640625" lon="121.389884389936923980712890625">
        <ele>6.80000019073486328125</ele>
        <time>2026-09-26T00:45:51.000Z</time>
        <extensions>
          <ns3:TrackPointExtension>
            <ns3:hr>126</ns3:hr>
            <ns3:cad>77</ns3:cad>
          </ns3:TrackPointExtension>
        </extensions>
      </trkpt>
      <trkpt lat="31.22165783308446407318115234375" lon="121.3898641057312488555908203125">
        <ele>6.80000019073486328125</ele>
        <time>2026-09-26T00:45:52.000Z</time>
        <extensions>
          <ns3:TrackPointExtension>
            <ns3:hr>126</ns3:hr>
            <ns3:cad>78</ns3:cad>
          </ns3:TrackPointExtension>
        </extensions>
      </trkpt>
      <trkpt lat="31.2216503731906414031982421875" lon="121.38984340243041515350341796875">
        <ele>6.80000019073486328125</ele>
        <time>2026-09-26T00:45:53.000Z</time>
        <extensions>
          <ns3:TrackPointExtension>
            <ns3:hr>126</ns3:hr>
            <ns3:cad>78</ns3:cad>
          </ns3:TrackPointExtension>
        </extensions>
      </trkpt>
      <trkpt lat="31.2216433323919773101806640625" lon="121.38982395641505718231201171875">
        <ele>6.80000019073486328125</ele>
        <time>2026-09-26T00:45:54.000Z</time>
        <extensions>
          <ns3:TrackPointExtension>
            <ns3:hr>126</ns3:hr>
            <ns3:cad>78</ns3:cad>
          </ns3:TrackPointExtension>
        </extensions>
      </trkpt>
      <trkpt lat="31.22163738124072551727294921875" lon="121.38980350457131862640380859375">
        <ele>6.80000019073486328125</ele>
        <time>2026-09-26T00:45:55.000Z</time>
        <extensions>
          <ns3:TrackPointExtension>
            <ns3:hr>126</ns3:hr>
            <ns3:cad>78</ns3:cad>
          </ns3:TrackPointExtension>
        </extensions>
      </trkpt>
      <trkpt lat="31.22163268737494945526123046875" lon="121.3897829689085483551025390625">
        <ele>6.80000019073486328125</ele>
        <time>2026-09-26T00:45:56.000Z</time>
        <extensions>
          <ns3:TrackPointExtension>
            <ns3:hr>126</ns3:hr>
            <ns3:cad>78</ns3:cad>
          </ns3:TrackPointExtension>
        </extensions>
      </trkpt>
      <trkpt lat="31.22162765823304653167724609375" lon="121.3897618465125560760498046875">
        <ele>6.80000019073486328125</ele>
        <time>2026-09-26T00:45:57.000Z</time>
        <extensions>
          <ns3:TrackPointExtension>
            <ns3:hr>126</ns3:hr>
            <ns3:cad>77</ns3:cad>
          </ns3:TrackPointExtension>
        </extensions>
      </trkpt>
      <trkpt lat="31.2216223776340484619140625" lon="121.3897400535643100738525390625">
        <ele>6.80000019073486328125</ele>
        <time>2026-09-26T00:45:58.000Z</time>
        <extensions>
          <ns3:TrackPointExtension>
            <ns3:hr>126</ns3:hr>
            <ns3:cad>77</ns3:cad>
          </ns3:TrackPointExtension>
        </extensions>
      </trkpt>
      <trkpt lat="31.22161625884473323822021484375" lon="121.3897192664444446563720703125">
        <ele>6.80000019073486328125</ele>
        <time>2026-09-26T00:45:59.000Z</time>
        <extensions>
          <ns3:TrackPointExtension>
            <ns3:hr>126</ns3:hr>
            <ns3:cad>77</ns3:cad>
          </ns3:TrackPointExtension>
        </extensions>
      </trkpt>
      <trkpt lat="31.22161005623638629913330078125" lon="121.38969822786748409271240234375">
        <ele>6.80000019073486328125</ele>
        <time>2026-09-26T00:46:00.000Z</time>
        <extensions>
          <ns3:TrackPointExtension>
            <ns3:hr>126</ns3:hr>
            <ns3:cad>77</ns3:cad>
          </ns3:TrackPointExtension>
        </extensions>
      </trkpt>
      <trkpt lat="31.2216024287045001983642578125" lon="121.38967643491923809051513671875">
        <ele>7</ele>
        <time>2026-09-26T00:46:01.000Z</time>
        <extensions>
          <ns3:TrackPointExtension>
            <ns3:hr>126</ns3:hr>
            <ns3:cad>77</ns3:cad>
          </ns3:TrackPointExtension>
        </extensions>
      </trkpt>
      <trkpt lat="31.22159446589648723602294921875" lon="121.389655061066150665283203125">
        <ele>7</ele>
        <time>2026-09-26T00:46:02.000Z</time>
        <extensions>
          <ns3:TrackPointExtension>
            <ns3:hr>126</ns3:hr>
            <ns3:cad>77</ns3:cad>
          </ns3:TrackPointExtension>
        </extensions>
      </trkpt>
      <trkpt lat="31.221587173640727996826171875" lon="121.38963435776531696319580078125">
        <ele>7</ele>
        <time>2026-09-26T00:46:03.000Z</time>
        <extensions>
          <ns3:TrackPointExtension>
            <ns3:hr>126</ns3:hr>
            <ns3:cad>77</ns3:cad>
          </ns3:TrackPointExtension>
        </extensions>
      </trkpt>
      <trkpt lat="31.22157954610884189605712890625" lon="121.38961424119770526885986328125">
        <ele>7</ele>
        <time>2026-09-26T00:46:04.000Z</time>
        <extensions>
          <ns3:TrackPointExtension>
            <ns3:hr>125</ns3:hr>
            <ns3:cad>77</ns3:cad>
          </ns3:TrackPointExtension>
        </extensions>
      </trkpt>
      <trkpt lat="31.22157066129148006439208984375" lon="121.3895935378968715667724609375">
        <ele>7</ele>
        <time>2026-09-26T00:46:05.000Z</time>
        <extensions>
          <ns3:TrackPointExtension>
            <ns3:hr>126</ns3:hr>
            <ns3:cad>77</ns3:cad>
          </ns3:TrackPointExtension>
        </extensions>
      </trkpt>
      <trkpt lat="31.22156110592186450958251953125" lon="121.3895754329860210418701171875">
        <ele>6.80000019073486328125</ele>
        <time>2026-09-26T00:46:06.000Z</time>
        <extensions>
          <ns3:TrackPointExtension>
            <ns3:hr>126</ns3:hr>
            <ns3:cad>78</ns3:cad>
          </ns3:TrackPointExtension>
        </extensions>
      </trkpt>
      <trkpt lat="31.22154920361936092376708984375" lon="121.38955456204712390899658203125">
        <ele>7</ele>
        <time>2026-09-26T00:46:07.000Z</time>
        <extensions>
          <ns3:TrackPointExtension>
            <ns3:hr>126</ns3:hr>
            <ns3:cad>78</ns3:cad>
          </ns3:TrackPointExtension>
        </extensions>
      </trkpt>
      <trkpt lat="31.22153746895492076873779296875" lon="121.38953528366982936859130859375">
        <ele>7</ele>
        <time>2026-09-26T00:46:08.000Z</time>
        <extensions>
          <ns3:TrackPointExtension>
            <ns3:hr>126</ns3:hr>
            <ns3:cad>78</ns3:cad>
          </ns3:TrackPointExtension>
        </extensions>
      </trkpt>
      <trkpt lat="31.221525482833385467529296875" lon="121.38951634056866168975830078125">
        <ele>7</ele>
        <time>2026-09-26T00:46:09.000Z</time>
        <extensions>
          <ns3:TrackPointExtension>
            <ns3:hr>126</ns3:hr>
            <ns3:cad>78</ns3:cad>
          </ns3:TrackPointExtension>
        </extensions>
      </trkpt>
      <trkpt lat="31.22151433490216732025146484375" lon="121.3894976489245891571044921875">
        <ele>7</ele>
        <time>2026-09-26T00:46:10.000Z</time>
        <extensions>
          <ns3:TrackPointExtension>
            <ns3:hr>126</ns3:hr>
            <ns3:cad>78</ns3:cad>
          </ns3:TrackPointExtension>
        </extensions>
      </trkpt>
      <trkpt lat="31.2215030193328857421875" lon="121.38947862200438976287841796875">
        <ele>7</ele>
        <time>2026-09-26T00:46:11.000Z</time>
        <extensions>
          <ns3:TrackPointExtension>
            <ns3:hr>126</ns3:hr>
            <ns3:cad>78</ns3:cad>
          </ns3:TrackPointExtension>
        </extensions>
      </trkpt>
      <trkpt lat="31.2214921228587627410888671875" lon="121.3894590921700000762939453125">
        <ele>7</ele>
        <time>2026-09-26T00:46:12.000Z</time>
        <extensions>
          <ns3:TrackPointExtension>
            <ns3:hr>126</ns3:hr>
            <ns3:cad>78</ns3:cad>
          </ns3:TrackPointExtension>
        </extensions>
      </trkpt>
      <trkpt lat="31.2214829027652740478515625" lon="121.38943922705948352813720703125">
        <ele>7.19999980926513671875</ele>
        <time>2026-09-26T00:46:13.000Z</time>
        <extensions>
          <ns3:TrackPointExtension>
            <ns3:hr>126</ns3:hr>
            <ns3:cad>78</ns3:cad>
          </ns3:TrackPointExtension>
        </extensions>
      </trkpt>
      <trkpt lat="31.22147418558597564697265625" lon="121.3894195295870304107666015625">
        <ele>7.19999980926513671875</ele>
        <time>2026-09-26T00:46:14.000Z</time>
        <extensions>
          <ns3:TrackPointExtension>
            <ns3:hr>126</ns3:hr>
            <ns3:cad>78</ns3:cad>
          </ns3:TrackPointExtension>
        </extensions>
      </trkpt>
      <trkpt lat="31.22146706096827983856201171875" lon="121.3893994130194187164306640625">
        <ele>7.19999980926513671875</ele>
        <time>2026-09-26T00:46:15.000Z</time>
        <extensions>
          <ns3:TrackPointExtension>
            <ns3:hr>126</ns3:hr>
            <ns3:cad>78</ns3:cad>
          </ns3:TrackPointExtension>
        </extensions>
      </trkpt>
      <trkpt lat="31.22146085835993289947509765625" lon="121.38937921263277530670166015625">
        <ele>7.19999980926513671875</ele>
        <time>2026-09-26T00:46:16.000Z</time>
        <extensions>
          <ns3:TrackPointExtension>
            <ns3:hr>127</ns3:hr>
            <ns3:cad>78</ns3:cad>
          </ns3:TrackPointExtension>
        </extensions>
      </trkpt>
      <trkpt lat="31.22145465575158596038818359375" lon="121.38935725204646587371826171875">
        <ele>7.19999980926513671875</ele>
        <time>2026-09-26T00:46:17.000Z</time>
        <extensions>
          <ns3:TrackPointExtension>
            <ns3:hr>127</ns3:hr>
            <ns3:cad>78</ns3:cad>
          </ns3:TrackPointExtension>
        </extensions>
      </trkpt>
      <trkpt lat="31.2214502133429050445556640625" lon="121.3893383927643299102783203125">
        <ele>7.19999980926513671875</ele>
        <time>2026-09-26T00:46:18.000Z</time>
        <extensions>
          <ns3:TrackPointExtension>
            <ns3:hr>126</ns3:hr>
            <ns3:cad>78</ns3:cad>
          </ns3:TrackPointExtension>
        </extensions>
      </trkpt>
      <trkpt lat="31.22144560329616069793701171875" lon="121.3893192820250988006591796875">
        <ele>7.19999980926513671875</ele>
        <time>2026-09-26T00:46:19.000Z</time>
        <extensions>
          <ns3:TrackPointExtension>
            <ns3:hr>126</ns3:hr>
            <ns3:cad>78</ns3:cad>
          </ns3:TrackPointExtension>
        </extensions>
      </trkpt>
      <trkpt lat="31.22144141234457492828369140625" lon="121.38929690234363079071044921875">
        <ele>7</ele>
        <time>2026-09-26T00:46:20.000Z</time>
        <extensions>
          <ns3:TrackPointExtension>
            <ns3:hr>126</ns3:hr>
            <ns3:cad>78</ns3:cad>
          </ns3:TrackPointExtension>
        </extensions>
      </trkpt>
      <trkpt lat="31.221437640488147735595703125" lon="121.3892750255763530731201171875">
        <ele>7.19999980926513671875</ele>
        <time>2026-09-26T00:46:21.000Z</time>
        <extensions>
          <ns3:TrackPointExtension>
            <ns3:hr>127</ns3:hr>
            <ns3:cad>78</ns3:cad>
          </ns3:TrackPointExtension>
        </extensions>
      </trkpt>
      <trkpt lat="31.2214341200888156890869140625" lon="121.3892532326281070709228515625">
        <ele>7.400000095367431640625</ele>
        <time>2026-09-26T00:46:22.000Z</time>
        <extensions>
          <ns3:TrackPointExtension>
            <ns3:hr>127</ns3:hr>
            <ns3:cad>78</ns3:cad>
          </ns3:TrackPointExtension>
        </extensions>
      </trkpt>
      <trkpt lat="31.22143101878464221954345703125" lon="121.389231272041797637939453125">
        <ele>7.400000095367431640625</ele>
        <time>2026-09-26T00:46:23.000Z</time>
        <extensions>
          <ns3:TrackPointExtension>
            <ns3:hr>127</ns3:hr>
            <ns3:cad>78</ns3:cad>
          </ns3:TrackPointExtension>
        </extensions>
      </trkpt>
      <trkpt lat="31.221428252756595611572265625" lon="121.38921056874096393585205078125">
        <ele>7.599999904632568359375</ele>
        <time>2026-09-26T00:46:24.000Z</time>
        <extensions>
          <ns3:TrackPointExtension>
            <ns3:hr>127</ns3:hr>
            <ns3:cad>78</ns3:cad>
          </ns3:TrackPointExtension>
        </extensions>
      </trkpt>
      <trkpt lat="31.2214267440140247344970703125" lon="121.38918844051659107208251953125">
        <ele>7.599999904632568359375</ele>
        <time>2026-09-26T00:46:25.000Z</time>
        <extensions>
          <ns3:TrackPointExtension>
            <ns3:hr>128</ns3:hr>
            <ns3:cad>78</ns3:cad>
          </ns3:TrackPointExtension>
        </extensions>
      </trkpt>
      <trkpt lat="31.22142632491886615753173828125" lon="121.38916597701609134674072265625">
        <ele>7.599999904632568359375</ele>
        <time>2026-09-26T00:46:26.000Z</time>
        <extensions>
          <ns3:TrackPointExtension>
            <ns3:hr>128</ns3:hr>
            <ns3:cad>77</ns3:cad>
          </ns3:TrackPointExtension>
        </extensions>
      </trkpt>
      <trkpt lat="31.2214254029095172882080078125" lon="121.3891429267823696136474609375">
        <ele>7.599999904632568359375</ele>
        <time>2026-09-26T00:46:27.000Z</time>
        <extensions>
          <ns3:TrackPointExtension>
            <ns3:hr>128</ns3:hr>
            <ns3:cad>77</ns3:cad>
          </ns3:TrackPointExtension>
        </extensions>
      </trkpt>
      <trkpt lat="31.22142481617629528045654296875" lon="121.38912037946283817291259765625">
        <ele>7.400000095367431640625</ele>
        <time>2026-09-26T00:46:28.000Z</time>
        <extensions>
          <ns3:TrackPointExtension>
            <ns3:hr>128</ns3:hr>
            <ns3:cad>78</ns3:cad>
          </ns3:TrackPointExtension>
        </extensions>
      </trkpt>
      <trkpt lat="31.22142414562404155731201171875" lon="121.389099173247814178466796875">
        <ele>7.400000095367431640625</ele>
        <time>2026-09-26T00:46:29.000Z</time>
        <extensions>
          <ns3:TrackPointExtension>
            <ns3:hr>128</ns3:hr>
            <ns3:cad>79</ns3:cad>
          </ns3:TrackPointExtension>
        </extensions>
      </trkpt>
      <trkpt lat="31.22142381034791469573974609375" lon="121.38907461427152156829833984375">
        <ele>7.400000095367431640625</ele>
        <time>2026-09-26T00:46:30.000Z</time>
        <extensions>
          <ns3:TrackPointExtension>
            <ns3:hr>128</ns3:hr>
            <ns3:cad>79</ns3:cad>
          </ns3:TrackPointExtension>
        </extensions>
      </trkpt>
      <trkpt lat="31.22142322361469268798828125" lon="121.38904963620007038116455078125">
        <ele>7.400000095367431640625</ele>
        <time>2026-09-26T00:46:31.000Z</time>
        <extensions>
          <ns3:TrackPointExtension>
            <ns3:hr>128</ns3:hr>
            <ns3:cad>79</ns3:cad>
          </ns3:TrackPointExtension>
        </extensions>
      </trkpt>
      <trkpt lat="31.221422888338565826416015625" lon="121.3890239037573337554931640625">
        <ele>7.400000095367431640625</ele>
        <time>2026-09-26T00:46:32.000Z</time>
        <extensions>
          <ns3:TrackPointExtension>
            <ns3:hr>128</ns3:hr>
            <ns3:cad>79</ns3:cad>
          </ns3:TrackPointExtension>
        </extensions>
      </trkpt>
      <trkpt lat="31.22142213396728038787841796875" lon="121.38899934478104114532470703125">
        <ele>7.400000095367431640625</ele>
        <time>2026-09-26T00:46:33.000Z</time>
        <extensions>
          <ns3:TrackPointExtension>
            <ns3:hr>128</ns3:hr>
            <ns3:cad>79</ns3:cad>
          </ns3:TrackPointExtension>
        </extensions>
      </trkpt>
      <trkpt lat="31.221422217786312103271484375" lon="121.3889766298234462738037109375">
        <ele>7.400000095367431640625</ele>
        <time>2026-09-26T00:46:34.000Z</time>
        <extensions>
          <ns3:TrackPointExtension>
            <ns3:hr>128</ns3:hr>
            <ns3:cad>78</ns3:cad>
          </ns3:TrackPointExtension>
        </extensions>
      </trkpt>
      <trkpt lat="31.2214233912527561187744140625" lon="121.38895441778004169464111328125">
        <ele>7.400000095367431640625</ele>
        <time>2026-09-26T00:46:35.000Z</time>
        <extensions>
          <ns3:TrackPointExtension>
            <ns3:hr>128</ns3:hr>
            <ns3:cad>78</ns3:cad>
          </ns3:TrackPointExtension>
        </extensions>
      </trkpt>
      <trkpt lat="31.22142565436661243438720703125" lon="121.38893178664147853851318359375">
        <ele>7.400000095367431640625</ele>
        <time>2026-09-26T00:46:36.000Z</time>
        <extensions>
          <ns3:TrackPointExtension>
            <ns3:hr>128</ns3:hr>
            <ns3:cad>78</ns3:cad>
          </ns3:TrackPointExtension>
        </extensions>
      </trkpt>
      <trkpt lat="31.22143051587045192718505859375" lon="121.3889095745980739593505859375">
        <ele>7.400000095367431640625</ele>
        <time>2026-09-26T00:46:37.000Z</time>
        <extensions>
          <ns3:TrackPointExtension>
            <ns3:hr>128</ns3:hr>
            <ns3:cad>78</ns3:cad>
          </ns3:TrackPointExtension>
        </extensions>
      </trkpt>
      <trkpt lat="31.2214373052120208740234375" lon="121.38888786546885967254638671875">
        <ele>7.400000095367431640625</ele>
        <time>2026-09-26T00:46:38.000Z</time>
        <extensions>
          <ns3:TrackPointExtension>
            <ns3:hr>128</ns3:hr>
            <ns3:cad>78</ns3:cad>
          </ns3:TrackPointExtension>
        </extensions>
      </trkpt>
      <trkpt lat="31.2214451842010021209716796875" lon="121.38886691071093082427978515625">
        <ele>7.599999904632568359375</ele>
        <time>2026-09-26T00:46:39.000Z</time>
        <extensions>
          <ns3:TrackPointExtension>
            <ns3:hr>129</ns3:hr>
            <ns3:cad>78</ns3:cad>
          </ns3:TrackPointExtension>
        </extensions>
      </trkpt>
      <trkpt lat="31.22145448811352252960205078125" lon="121.3888462074100971221923828125">
        <ele>7.599999904632568359375</ele>
        <time>2026-09-26T00:46:40.000Z</time>
        <extensions>
          <ns3:TrackPointExtension>
            <ns3:hr>129</ns3:hr>
            <ns3:cad>79</ns3:cad>
          </ns3:TrackPointExtension>
        </extensions>
      </trkpt>
      <trkpt lat="31.22146471403539180755615234375" lon="121.38882617466151714324951171875">
        <ele>7.599999904632568359375</ele>
        <time>2026-09-26T00:46:41.000Z</time>
        <extensions>
          <ns3:TrackPointExtension>
            <ns3:hr>129</ns3:hr>
            <ns3:cad>79</ns3:cad>
          </ns3:TrackPointExtension>
        </extensions>
      </trkpt>
      <trkpt lat="31.2214748561382293701171875" lon="121.388805471360683441162109375">
        <ele>7.599999904632568359375</ele>
        <time>2026-09-26T00:46:42.000Z</time>
        <extensions>
          <ns3:TrackPointExtension>
            <ns3:hr>130</ns3:hr>
            <ns3:cad>79</ns3:cad>
          </ns3:TrackPointExtension>
        </extensions>
      </trkpt>
      <trkpt lat="31.2214837409555912017822265625" lon="121.38878367841243743896484375">
        <ele>7.599999904632568359375</ele>
        <time>2026-09-26T00:46:43.000Z</time>
        <extensions>
          <ns3:TrackPointExtension>
            <ns3:hr>130</ns3:hr>
            <ns3:cad>79</ns3:cad>
          </ns3:TrackPointExtension>
        </extensions>
      </trkpt>
      <trkpt lat="31.2214911170303821563720703125" lon="121.38876247219741344451904296875">
        <ele>7.599999904632568359375</ele>
        <time>2026-09-26T00:46:44.000Z</time>
        <extensions>
          <ns3:TrackPointExtension>
            <ns3:hr>130</ns3:hr>
            <ns3:cad>79</ns3:cad>
          </ns3:TrackPointExtension>
        </extensions>
      </trkpt>
      <trkpt lat="31.22149622999131679534912109375" lon="121.388739757239818572998046875">
        <ele>7.599999904632568359375</ele>
        <time>2026-09-26T00:46:45.000Z</time>
        <extensions>
          <ns3:TrackPointExtension>
            <ns3:hr>130</ns3:hr>
            <ns3:cad>80</ns3:cad>
          </ns3:TrackPointExtension>
        </extensions>
      </trkpt>
      <trkpt lat="31.22149874456226825714111328125" lon="121.38871528208255767822265625">
        <ele>7.599999904632568359375</ele>
        <time>2026-09-26T00:46:46.000Z</time>
        <extensions>
          <ns3:TrackPointExtension>
            <ns3:hr>130</ns3:hr>
            <ns3:cad>80</ns3:cad>
          </ns3:TrackPointExtension>
        </extensions>
      </trkpt>
      <trkpt lat="31.22149966657161712646484375" lon="121.3886913098394870758056640625">
        <ele>7.599999904632568359375</ele>
        <time>2026-09-26T00:46:47.000Z</time>
        <extensions>
          <ns3:TrackPointExtension>
            <ns3:hr>130</ns3:hr>
            <ns3:cad>79</ns3:cad>
          </ns3:TrackPointExtension>
        </extensions>
      </trkpt>
      <trkpt lat="31.221500001847743988037109375" lon="121.38866725377738475799560546875">
        <ele>7.599999904632568359375</ele>
        <time>2026-09-26T00:46:48.000Z</time>
        <extensions>
          <ns3:TrackPointExtension>
            <ns3:hr>130</ns3:hr>
            <ns3:cad>79</ns3:cad>
          </ns3:TrackPointExtension>
        </extensions>
      </trkpt>
      <trkpt lat="31.221500337123870849609375" lon="121.38864361681044101715087890625">
        <ele>7.599999904632568359375</ele>
        <time>2026-09-26T00:46:49.000Z</time>
        <extensions>
          <ns3:TrackPointExtension>
            <ns3:hr>130</ns3:hr>
            <ns3:cad>78</ns3:cad>
          </ns3:TrackPointExtension>
        </extensions>
      </trkpt>
      <trkpt lat="31.22150058858096599578857421875" lon="121.38861813582479953765869140625">
        <ele>7.599999904632568359375</ele>
        <time>2026-09-26T00:46:50.000Z</time>
        <extensions>
          <ns3:TrackPointExtension>
            <ns3:hr>130</ns3:hr>
            <ns3:cad>78</ns3:cad>
          </ns3:TrackPointExtension>
        </extensions>
      </trkpt>
      <trkpt lat="31.22150042094290256500244140625" lon="121.38859349302947521209716796875">
        <ele>7.599999904632568359375</ele>
        <time>2026-09-26T00:46:51.000Z</time>
        <extensions>
          <ns3:TrackPointExtension>
            <ns3:hr>130</ns3:hr>
            <ns3:cad>78</ns3:cad>
          </ns3:TrackPointExtension>
        </extensions>
      </trkpt>
      <trkpt lat="31.22150008566677570343017578125" lon="121.38857002370059490203857421875">
        <ele>7.400000095367431640625</ele>
        <time>2026-09-26T00:46:52.000Z</time>
        <extensions>
          <ns3:TrackPointExtension>
            <ns3:hr>130</ns3:hr>
            <ns3:cad>79</ns3:cad>
          </ns3:TrackPointExtension>
        </extensions>
      </trkpt>
      <trkpt lat="31.2214994989335536956787109375" lon="121.38854739256203174591064453125">
        <ele>7.400000095367431640625</ele>
        <time>2026-09-26T00:46:53.000Z</time>
        <extensions>
          <ns3:TrackPointExtension>
            <ns3:hr>130</ns3:hr>
            <ns3:cad>79</ns3:cad>
          </ns3:TrackPointExtension>
        </extensions>
      </trkpt>
      <trkpt lat="31.2215011753141880035400390625" lon="121.38852417469024658203125">
        <ele>7.19999980926513671875</ele>
        <time>2026-09-26T00:46:54.000Z</time>
        <extensions>
          <ns3:TrackPointExtension>
            <ns3:hr>130</ns3:hr>
            <ns3:cad>79</ns3:cad>
          </ns3:TrackPointExtension>
        </extensions>
      </trkpt>
      <trkpt lat="31.22150226496160030364990234375" lon="121.388500370085239410400390625">
        <ele>7.19999980926513671875</ele>
        <time>2026-09-26T00:46:55.000Z</time>
        <extensions>
          <ns3:TrackPointExtension>
            <ns3:hr>130</ns3:hr>
            <ns3:cad>79</ns3:cad>
          </ns3:TrackPointExtension>
        </extensions>
      </trkpt>
      <trkpt lat="31.2215048633515834808349609375" lon="121.3884794153273105621337890625">
        <ele>7.19999980926513671875</ele>
        <time>2026-09-26T00:46:56.000Z</time>
        <extensions>
          <ns3:TrackPointExtension>
            <ns3:hr>130</ns3:hr>
            <ns3:cad>79</ns3:cad>
          </ns3:TrackPointExtension>
        </extensions>
      </trkpt>
      <trkpt lat="31.22150662355124950408935546875" lon="121.3884596340358257293701171875">
        <ele>7.19999980926513671875</ele>
        <time>2026-09-26T00:46:57.000Z</time>
        <extensions>
          <ns3:TrackPointExtension>
            <ns3:hr>130</ns3:hr>
            <ns3:cad>79</ns3:cad>
          </ns3:TrackPointExtension>
        </extensions>
      </trkpt>
      <trkpt lat="31.22150561772286891937255859375" lon="121.3884385116398334503173828125">
        <ele>7.19999980926513671875</ele>
        <time>2026-09-26T00:46:58.000Z</time>
        <extensions>
          <ns3:TrackPointExtension>
            <ns3:hr>130</ns3:hr>
            <ns3:cad>78</ns3:cad>
          </ns3:TrackPointExtension>
        </extensions>
      </trkpt>
      <trkpt lat="31.221502684056758880615234375" lon="121.3884180597960948944091796875">
        <ele>7.19999980926513671875</ele>
        <time>2026-09-26T00:46:59.000Z</time>
        <extensions>
          <ns3:TrackPointExtension>
            <ns3:hr>130</ns3:hr>
            <ns3:cad>78</ns3:cad>
          </ns3:TrackPointExtension>
        </extensions>
      </trkpt>
      <trkpt lat="31.22149975039064884185791015625" lon="121.38839802704751491546630859375">
        <ele>7.19999980926513671875</ele>
        <time>2026-09-26T00:47:00.000Z</time>
        <extensions>
          <ns3:TrackPointExtension>
            <ns3:hr>130</ns3:hr>
            <ns3:cad>78</ns3:cad>
          </ns3:TrackPointExtension>
        </extensions>
      </trkpt>
      <trkpt lat="31.22149698436260223388671875" lon="121.3883798383176326751708984375">
        <ele>7.19999980926513671875</ele>
        <time>2026-09-26T00:47:01.000Z</time>
        <extensions>
          <ns3:TrackPointExtension>
            <ns3:hr>130</ns3:hr>
            <ns3:cad>78</ns3:cad>
          </ns3:TrackPointExtension>
        </extensions>
      </trkpt>
      <trkpt lat="31.22149304486811161041259765625" lon="121.3883617334067821502685546875">
        <ele>7.19999980926513671875</ele>
        <time>2026-09-26T00:47:02.000Z</time>
        <extensions>
          <ns3:TrackPointExtension>
            <ns3:hr>130</ns3:hr>
            <ns3:cad>78</ns3:cad>
          </ns3:TrackPointExtension>
        </extensions>
      </trkpt>
      <trkpt lat="31.2214880995452404022216796875" lon="121.38834488578140735626220703125">
        <ele>7.19999980926513671875</ele>
        <time>2026-09-26T00:47:03.000Z</time>
        <extensions>
          <ns3:TrackPointExtension>
            <ns3:hr>130</ns3:hr>
            <ns3:cad>78</ns3:cad>
          </ns3:TrackPointExtension>
        </extensions>
      </trkpt>
      <trkpt lat="31.22147846035659313201904296875" lon="121.38832845725119113922119140625">
        <ele>7</ele>
        <time>2026-09-26T00:47:04.000Z</time>
        <extensions>
          <ns3:TrackPointExtension>
            <ns3:hr>130</ns3:hr>
            <ns3:cad>78</ns3:cad>
          </ns3:TrackPointExtension>
        </extensions>
      </trkpt>
      <trkpt lat="31.22146706096827983856201171875" lon="121.38830959796905517578125">
        <ele>7</ele>
        <time>2026-09-26T00:47:05.000Z</time>
        <extensions>
          <ns3:TrackPointExtension>
            <ns3:hr>130</ns3:hr>
            <ns3:cad>77</ns3:cad>
          </ns3:TrackPointExtension>
        </extensions>
      </trkpt>
      <trkpt lat="31.22145582921802997589111328125" lon="121.388292498886585235595703125">
        <ele>7</ele>
        <time>2026-09-26T00:47:06.000Z</time>
        <extensions>
          <ns3:TrackPointExtension>
            <ns3:hr>130</ns3:hr>
            <ns3:cad>76</ns3:cad>
          </ns3:TrackPointExtension>
        </extensions>
      </trkpt>
      <trkpt lat="31.22144468128681182861328125" lon="121.3882735557854175567626953125">
        <ele>7.19999980926513671875</ele>
        <time>2026-09-26T00:47:07.000Z</time>
        <extensions>
          <ns3:TrackPointExtension>
            <ns3:hr>130</ns3:hr>
            <ns3:cad>76</ns3:cad>
          </ns3:TrackPointExtension>
        </extensions>
      </trkpt>
      <trkpt lat="31.2214346230030059814453125" lon="121.38825234957039356231689453125">
        <ele>7.400000095367431640625</ele>
        <time>2026-09-26T00:47:08.000Z</time>
        <extensions>
          <ns3:TrackPointExtension>
            <ns3:hr>130</ns3:hr>
            <ns3:cad>76</ns3:cad>
          </ns3:TrackPointExtension>
        </extensions>
      </trkpt>
      <trkpt lat="31.22142456471920013427734375" lon="121.38823055662214756011962890625">
        <ele>7.400000095367431640625</ele>
        <time>2026-09-26T00:47:09.000Z</time>
        <extensions>
          <ns3:TrackPointExtension>
            <ns3:hr>130</ns3:hr>
            <ns3:cad>77</ns3:cad>
          </ns3:TrackPointExtension>
        </extensions>
      </trkpt>
      <trkpt lat="31.2214158475399017333984375" lon="121.388209350407123565673828125">
        <ele>7.599999904632568359375</ele>
        <time>2026-09-26T00:47:10.000Z</time>
        <extensions>
          <ns3:TrackPointExtension>
            <ns3:hr>130</ns3:hr>
            <ns3:cad>77</ns3:cad>
          </ns3:TrackPointExtension>
        </extensions>
      </trkpt>
      <trkpt lat="31.22140847146511077880859375" lon="121.38818780891597270965576171875">
        <ele>7.599999904632568359375</ele>
        <time>2026-09-26T00:47:11.000Z</time>
        <extensions>
          <ns3:TrackPointExtension>
            <ns3:hr>130</ns3:hr>
            <ns3:cad>78</ns3:cad>
          </ns3:TrackPointExtension>
        </extensions>
      </trkpt>
      <trkpt lat="31.22140201739966869354248046875" lon="121.38816735707223415374755859375">
        <ele>7.599999904632568359375</ele>
        <time>2026-09-26T00:47:12.000Z</time>
        <extensions>
          <ns3:TrackPointExtension>
            <ns3:hr>130</ns3:hr>
            <ns3:cad>78</ns3:cad>
          </ns3:TrackPointExtension>
        </extensions>
      </trkpt>
      <trkpt lat="31.221396066248416900634765625" lon="121.38814589940011501312255859375">
        <ele>7.599999904632568359375</ele>
        <time>2026-09-26T00:47:13.000Z</time>
        <extensions>
          <ns3:TrackPointExtension>
            <ns3:hr>129</ns3:hr>
            <ns3:cad>78</ns3:cad>
          </ns3:TrackPointExtension>
        </extensions>
      </trkpt>
      <trkpt lat="31.221390701830387115478515625" lon="121.38812444172799587249755859375">
        <ele>7.599999904632568359375</ele>
        <time>2026-09-26T00:47:14.000Z</time>
        <extensions>
          <ns3:TrackPointExtension>
            <ns3:hr>130</ns3:hr>
            <ns3:cad>79</ns3:cad>
          </ns3:TrackPointExtension>
        </extensions>
      </trkpt>
      <trkpt lat="31.22138676233589649200439453125" lon="121.38810281641781330108642578125">
        <ele>7.80000019073486328125</ele>
        <time>2026-09-26T00:47:15.000Z</time>
        <extensions>
          <ns3:TrackPointExtension>
            <ns3:hr>130</ns3:hr>
            <ns3:cad>79</ns3:cad>
          </ns3:TrackPointExtension>
        </extensions>
      </trkpt>
      <trkpt lat="31.22138340957462787628173828125" lon="121.3880814425647258758544921875">
        <ele>7.80000019073486328125</ele>
        <time>2026-09-26T00:47:16.000Z</time>
        <extensions>
          <ns3:TrackPointExtension>
            <ns3:hr>130</ns3:hr>
            <ns3:cad>79</ns3:cad>
          </ns3:TrackPointExtension>
        </extensions>
      </trkpt>
      <trkpt lat="31.221380643546581268310546875" lon="121.3880583085119724273681640625">
        <ele>8</ele>
        <time>2026-09-26T00:47:17.000Z</time>
        <extensions>
          <ns3:TrackPointExtension>
            <ns3:hr>130</ns3:hr>
            <ns3:cad>79</ns3:cad>
          </ns3:TrackPointExtension>
        </extensions>
      </trkpt>
      <trkpt lat="31.2213782966136932373046875" lon="121.3880355097353458404541015625">
        <ele>8</ele>
        <time>2026-09-26T00:47:18.000Z</time>
        <extensions>
          <ns3:TrackPointExtension>
            <ns3:hr>130</ns3:hr>
            <ns3:cad>79</ns3:cad>
          </ns3:TrackPointExtension>
        </extensions>
      </trkpt>
      <trkpt lat="31.2213761173188686370849609375" lon="121.38801329769194126129150390625">
        <ele>8</ele>
        <time>2026-09-26T00:47:19.000Z</time>
        <extensions>
          <ns3:TrackPointExtension>
            <ns3:hr>130</ns3:hr>
            <ns3:cad>79</ns3:cad>
          </ns3:TrackPointExtension>
        </extensions>
      </trkpt>
      <trkpt lat="31.22137418948113918304443359375" lon="121.3879899121820926666259765625">
        <ele>8</ele>
        <time>2026-09-26T00:47:20.000Z</time>
        <extensions>
          <ns3:TrackPointExtension>
            <ns3:hr>130</ns3:hr>
            <ns3:cad>79</ns3:cad>
          </ns3:TrackPointExtension>
        </extensions>
      </trkpt>
      <trkpt lat="31.22137201018631458282470703125" lon="121.38796568848192691802978515625">
        <ele>8.19999980926513671875</ele>
        <time>2026-09-26T00:47:21.000Z</time>
        <extensions>
          <ns3:TrackPointExtension>
            <ns3:hr>130</ns3:hr>
            <ns3:cad>79</ns3:cad>
          </ns3:TrackPointExtension>
        </extensions>
      </trkpt>
      <trkpt lat="31.22136957943439483642578125" lon="121.38794423080980777740478515625">
        <ele>8.19999980926513671875</ele>
        <time>2026-09-26T00:47:22.000Z</time>
        <extensions>
          <ns3:TrackPointExtension>
            <ns3:hr>130</ns3:hr>
            <ns3:cad>79</ns3:cad>
          </ns3:TrackPointExtension>
        </extensions>
      </trkpt>
      <trkpt lat="31.22136714868247509002685546875" lon="121.3879235275089740753173828125">
        <ele>8.19999980926513671875</ele>
        <time>2026-09-26T00:47:23.000Z</time>
        <extensions>
          <ns3:TrackPointExtension>
            <ns3:hr>130</ns3:hr>
            <ns3:cad>79</ns3:cad>
          </ns3:TrackPointExtension>
        </extensions>
      </trkpt>
      <trkpt lat="31.2213648855686187744140625" lon="121.387899219989776611328125">
        <ele>8.19999980926513671875</ele>
        <time>2026-09-26T00:47:24.000Z</time>
        <extensions>
          <ns3:TrackPointExtension>
            <ns3:hr>130</ns3:hr>
            <ns3:cad>79</ns3:cad>
          </ns3:TrackPointExtension>
        </extensions>
      </trkpt>
      <trkpt lat="31.22136295773088932037353515625" lon="121.3878762535750865936279296875">
        <ele>8.19999980926513671875</ele>
        <time>2026-09-26T00:47:25.000Z</time>
        <extensions>
          <ns3:TrackPointExtension>
            <ns3:hr>130</ns3:hr>
            <ns3:cad>79</ns3:cad>
          </ns3:TrackPointExtension>
        </extensions>
      </trkpt>
      <trkpt lat="31.22136111371219158172607421875" lon="121.38785236515104770660400390625">
        <ele>8.19999980926513671875</ele>
        <time>2026-09-26T00:47:26.000Z</time>
        <extensions>
          <ns3:TrackPointExtension>
            <ns3:hr>130</ns3:hr>
            <ns3:cad>79</ns3:cad>
          </ns3:TrackPointExtension>
        </extensions>
      </trkpt>
      <trkpt lat="31.22135960496962070465087890625" lon="121.387827806174755096435546875">
        <ele>8.19999980926513671875</ele>
        <time>2026-09-26T00:47:27.000Z</time>
        <extensions>
          <ns3:TrackPointExtension>
            <ns3:hr>130</ns3:hr>
            <ns3:cad>79</ns3:cad>
          </ns3:TrackPointExtension>
        </extensions>
      </trkpt>
      <trkpt lat="31.22135759331285953521728515625" lon="121.38780442066490650177001953125">
        <ele>8.3999996185302734375</ele>
        <time>2026-09-26T00:47:28.000Z</time>
        <extensions>
          <ns3:TrackPointExtension>
            <ns3:hr>130</ns3:hr>
            <ns3:cad>79</ns3:cad>
          </ns3:TrackPointExtension>
        </extensions>
      </trkpt>
      <trkpt lat="31.221355162560939788818359375" lon="121.387780196964740753173828125">
        <ele>8.3999996185302734375</ele>
        <time>2026-09-26T00:47:29.000Z</time>
        <extensions>
          <ns3:TrackPointExtension>
            <ns3:hr>130</ns3:hr>
            <ns3:cad>79</ns3:cad>
          </ns3:TrackPointExtension>
        </extensions>
      </trkpt>
      <trkpt lat="31.22135289944708347320556640625" lon="121.38775614090263843536376953125">
        <ele>8.3999996185302734375</ele>
        <time>2026-09-26T00:47:30.000Z</time>
        <extensions>
          <ns3:TrackPointExtension>
            <ns3:hr>130</ns3:hr>
            <ns3:cad>78</ns3:cad>
          </ns3:TrackPointExtension>
        </extensions>
      </trkpt>
      <trkpt lat="31.2213499657809734344482421875" lon="121.387732587754726409912109375">
        <ele>8.3999996185302734375</ele>
        <time>2026-09-26T00:47:31.000Z</time>
        <extensions>
          <ns3:TrackPointExtension>
            <ns3:hr>131</ns3:hr>
            <ns3:cad>79</ns3:cad>
          </ns3:TrackPointExtension>
        </extensions>
      </trkpt>
      <trkpt lat="31.2213462777435779571533203125" lon="121.3877086155116558074951171875">
        <ele>8.3999996185302734375</ele>
        <time>2026-09-26T00:47:32.000Z</time>
        <extensions>
          <ns3:TrackPointExtension>
            <ns3:hr>130</ns3:hr>
            <ns3:cad>79</ns3:cad>
          </ns3:TrackPointExtension>
        </extensions>
      </trkpt>
      <trkpt lat="31.22134300880134105682373046875" lon="121.38768455944955348968505859375">
        <ele>8.19999980926513671875</ele>
        <time>2026-09-26T00:47:33.000Z</time>
        <extensions>
          <ns3:TrackPointExtension>
            <ns3:hr>130</ns3:hr>
            <ns3:cad>79</ns3:cad>
          </ns3:TrackPointExtension>
        </extensions>
      </trkpt>
      <trkpt lat="31.2213407456874847412109375" lon="121.3876613415777683258056640625">
        <ele>8.3999996185302734375</ele>
        <time>2026-09-26T00:47:34.000Z</time>
        <extensions>
          <ns3:TrackPointExtension>
            <ns3:hr>130</ns3:hr>
            <ns3:cad>79</ns3:cad>
          </ns3:TrackPointExtension>
        </extensions>
      </trkpt>
      <trkpt lat="31.2213389016687870025634765625" lon="121.387637369334697723388671875">
        <ele>8.3999996185302734375</ele>
        <time>2026-09-26T00:47:35.000Z</time>
        <extensions>
          <ns3:TrackPointExtension>
            <ns3:hr>130</ns3:hr>
            <ns3:cad>79</ns3:cad>
          </ns3:TrackPointExtension>
        </extensions>
      </trkpt>
      <trkpt lat="31.2213368900120258331298828125" lon="121.38761381618678569793701171875">
        <ele>8.3999996185302734375</ele>
        <time>2026-09-26T00:47:36.000Z</time>
        <extensions>
          <ns3:TrackPointExtension>
            <ns3:hr>131</ns3:hr>
            <ns3:cad>79</ns3:cad>
          </ns3:TrackPointExtension>
        </extensions>
      </trkpt>
      <trkpt lat="31.2213352136313915252685546875" lon="121.3875905983150005340576171875">
        <ele>8.3999996185302734375</ele>
        <time>2026-09-26T00:47:37.000Z</time>
        <extensions>
          <ns3:TrackPointExtension>
            <ns3:hr>130</ns3:hr>
            <ns3:cad>79</ns3:cad>
          </ns3:TrackPointExtension>
        </extensions>
      </trkpt>
      <trkpt lat="31.2213353812694549560546875" lon="121.387567631900310516357421875">
        <ele>8.3999996185302734375</ele>
        <time>2026-09-26T00:47:38.000Z</time>
        <extensions>
          <ns3:TrackPointExtension>
            <ns3:hr>130</ns3:hr>
            <ns3:cad>79</ns3:cad>
          </ns3:TrackPointExtension>
        </extensions>
      </trkpt>
      <trkpt lat="31.2213362194597721099853515625" lon="121.387544162571430206298828125">
        <ele>8.3999996185302734375</ele>
        <time>2026-09-26T00:47:39.000Z</time>
        <extensions>
          <ns3:TrackPointExtension>
            <ns3:hr>131</ns3:hr>
            <ns3:cad>79</ns3:cad>
          </ns3:TrackPointExtension>
        </extensions>
      </trkpt>
      <trkpt lat="31.22133680619299411773681640625" lon="121.387521363794803619384765625">
        <ele>8.3999996185302734375</ele>
        <time>2026-09-26T00:47:40.000Z</time>
        <extensions>
          <ns3:TrackPointExtension>
            <ns3:hr>130</ns3:hr>
            <ns3:cad>79</ns3:cad>
          </ns3:TrackPointExtension>
        </extensions>
      </trkpt>
      <trkpt lat="31.2213368900120258331298828125" lon="121.3874983973801136016845703125">
        <ele>8.19999980926513671875</ele>
        <time>2026-09-26T00:47:41.000Z</time>
        <extensions>
          <ns3:TrackPointExtension>
            <ns3:hr>130</ns3:hr>
            <ns3:cad>80</ns3:cad>
          </ns3:TrackPointExtension>
        </extensions>
      </trkpt>
      <trkpt lat="31.2213382311165332794189453125" lon="121.38747434131801128387451171875">
        <ele>8.19999980926513671875</ele>
        <time>2026-09-26T00:47:42.000Z</time>
        <extensions>
          <ns3:TrackPointExtension>
            <ns3:hr>131</ns3:hr>
            <ns3:cad>80</ns3:cad>
          </ns3:TrackPointExtension>
        </extensions>
      </trkpt>
      <trkpt lat="31.221338398754596710205078125" lon="121.3874507881700992584228515625">
        <ele>8</ele>
        <time>2026-09-26T00:47:43.000Z</time>
        <extensions>
          <ns3:TrackPointExtension>
            <ns3:hr>130</ns3:hr>
            <ns3:cad>80</ns3:cad>
          </ns3:TrackPointExtension>
        </extensions>
      </trkpt>
      <trkpt lat="31.22133747674524784088134765625" lon="121.38742874376475811004638671875">
        <ele>8</ele>
        <time>2026-09-26T00:47:44.000Z</time>
        <extensions>
          <ns3:TrackPointExtension>
            <ns3:hr>130</ns3:hr>
            <ns3:cad>79</ns3:cad>
          </ns3:TrackPointExtension>
        </extensions>
      </trkpt>
      <trkpt lat="31.22133596800267696380615234375" lon="121.38740577735006809234619140625">
        <ele>8</ele>
        <time>2026-09-26T00:47:45.000Z</time>
        <extensions>
          <ns3:TrackPointExtension>
            <ns3:hr>130</ns3:hr>
            <ns3:cad>79</ns3:cad>
          </ns3:TrackPointExtension>
        </extensions>
      </trkpt>
      <trkpt lat="31.2213352136313915252685546875" lon="121.3873830623924732208251953125">
        <ele>8</ele>
        <time>2026-09-26T00:47:46.000Z</time>
        <extensions>
          <ns3:TrackPointExtension>
            <ns3:hr>130</ns3:hr>
            <ns3:cad>79</ns3:cad>
          </ns3:TrackPointExtension>
        </extensions>
      </trkpt>
      <trkpt lat="31.22133529745042324066162109375" lon="121.38736076653003692626953125">
        <ele>8</ele>
        <time>2026-09-26T00:47:47.000Z</time>
        <extensions>
          <ns3:TrackPointExtension>
            <ns3:hr>130</ns3:hr>
            <ns3:cad>78</ns3:cad>
          </ns3:TrackPointExtension>
        </extensions>
      </trkpt>
      <trkpt lat="31.2213358841836452484130859375" lon="121.38733721338212490081787109375">
        <ele>8.19999980926513671875</ele>
        <time>2026-09-26T00:47:48.000Z</time>
        <extensions>
          <ns3:TrackPointExtension>
            <ns3:hr>130</ns3:hr>
            <ns3:cad>78</ns3:cad>
          </ns3:TrackPointExtension>
        </extensions>
      </trkpt>
      <trkpt lat="31.22133605182170867919921875" lon="121.387310810387134552001953125">
        <ele>8.19999980926513671875</ele>
        <time>2026-09-26T00:47:49.000Z</time>
        <extensions>
          <ns3:TrackPointExtension>
            <ns3:hr>130</ns3:hr>
            <ns3:cad>79</ns3:cad>
          </ns3:TrackPointExtension>
        </extensions>
      </trkpt>
      <trkpt lat="31.2213353812694549560546875" lon="121.387286670506000518798828125">
        <ele>8.19999980926513671875</ele>
        <time>2026-09-26T00:47:50.000Z</time>
        <extensions>
          <ns3:TrackPointExtension>
            <ns3:hr>130</ns3:hr>
            <ns3:cad>79</ns3:cad>
          </ns3:TrackPointExtension>
        </extensions>
      </trkpt>
      <trkpt lat="31.22133479453623294830322265625" lon="121.38726412318646907806396484375">
        <ele>8.19999980926513671875</ele>
        <time>2026-09-26T00:47:51.000Z</time>
        <extensions>
          <ns3:TrackPointExtension>
            <ns3:hr>130</ns3:hr>
            <ns3:cad>79</ns3:cad>
          </ns3:TrackPointExtension>
        </extensions>
      </trkpt>
      <trkpt lat="31.2213342078030109405517578125" lon="121.38724082149565219879150390625">
        <ele>8.19999980926513671875</ele>
        <time>2026-09-26T00:47:52.000Z</time>
        <extensions>
          <ns3:TrackPointExtension>
            <ns3:hr>130</ns3:hr>
            <ns3:cad>79</ns3:cad>
          </ns3:TrackPointExtension>
        </extensions>
      </trkpt>
      <trkpt lat="31.22133378870785236358642578125" lon="121.38721852563321590423583984375">
        <ele>8</ele>
        <time>2026-09-26T00:47:53.000Z</time>
        <extensions>
          <ns3:TrackPointExtension>
            <ns3:hr>130</ns3:hr>
            <ns3:cad>79</ns3:cad>
          </ns3:TrackPointExtension>
        </extensions>
      </trkpt>
      <trkpt lat="31.22133345343172550201416015625" lon="121.38719539158046245574951171875">
        <ele>8</ele>
        <time>2026-09-26T00:47:54.000Z</time>
        <extensions>
          <ns3:TrackPointExtension>
            <ns3:hr>130</ns3:hr>
            <ns3:cad>79</ns3:cad>
          </ns3:TrackPointExtension>
        </extensions>
      </trkpt>
      <trkpt lat="31.22133244760334491729736328125" lon="121.38717259280383586883544921875">
        <ele>8</ele>
        <time>2026-09-26T00:47:55.000Z</time>
        <extensions>
          <ns3:TrackPointExtension>
            <ns3:hr>130</ns3:hr>
            <ns3:cad>80</ns3:cad>
          </ns3:TrackPointExtension>
        </extensions>
      </trkpt>
      <trkpt lat="31.22133144177496433258056640625" lon="121.38714778237044811248779296875">
        <ele>8</ele>
        <time>2026-09-26T00:47:56.000Z</time>
        <extensions>
          <ns3:TrackPointExtension>
            <ns3:hr>130</ns3:hr>
            <ns3:cad>80</ns3:cad>
          </ns3:TrackPointExtension>
        </extensions>
      </trkpt>
      <trkpt lat="31.22133110649883747100830078125" lon="121.38712070882320404052734375">
        <ele>8</ele>
        <time>2026-09-26T00:47:57.000Z</time>
        <extensions>
          <ns3:TrackPointExtension>
            <ns3:hr>130</ns3:hr>
            <ns3:cad>79</ns3:cad>
          </ns3:TrackPointExtension>
        </extensions>
      </trkpt>
      <trkpt lat="31.221330352127552032470703125" lon="121.38709464110434055328369140625">
        <ele>8</ele>
        <time>2026-09-26T00:47:58.000Z</time>
        <extensions>
          <ns3:TrackPointExtension>
            <ns3:hr>130</ns3:hr>
            <ns3:cad>79</ns3:cad>
          </ns3:TrackPointExtension>
        </extensions>
      </trkpt>
      <trkpt lat="31.2213300168514251708984375" lon="121.3870702497661113739013671875">
        <ele>8</ele>
        <time>2026-09-26T00:47:59.000Z</time>
        <extensions>
          <ns3:TrackPointExtension>
            <ns3:hr>130</ns3:hr>
            <ns3:cad>79</ns3:cad>
          </ns3:TrackPointExtension>
        </extensions>
      </trkpt>
      <trkpt lat="31.2213291786611080169677734375" lon="121.3870457746088504791259765625">
        <ele>8</ele>
        <time>2026-09-26T00:48:00.000Z</time>
        <extensions>
          <ns3:TrackPointExtension>
            <ns3:hr>130</ns3:hr>
            <ns3:cad>79</ns3:cad>
          </ns3:TrackPointExtension>
        </extensions>
      </trkpt>
      <trkpt lat="31.22132825665175914764404296875" lon="121.387021802365779876708984375">
        <ele>7.80000019073486328125</ele>
        <time>2026-09-26T00:48:01.000Z</time>
        <extensions>
          <ns3:TrackPointExtension>
            <ns3:hr>130</ns3:hr>
            <ns3:cad>80</ns3:cad>
          </ns3:TrackPointExtension>
        </extensions>
      </trkpt>
      <trkpt lat="31.22132808901369571685791015625" lon="121.3869988359510898590087890625">
        <ele>7.80000019073486328125</ele>
        <time>2026-09-26T00:48:02.000Z</time>
        <extensions>
          <ns3:TrackPointExtension>
            <ns3:hr>130</ns3:hr>
            <ns3:cad>80</ns3:cad>
          </ns3:TrackPointExtension>
        </extensions>
      </trkpt>
      <trkpt lat="31.2213281728327274322509765625" lon="121.3869751989841461181640625">
        <ele>7.80000019073486328125</ele>
        <time>2026-09-26T00:48:03.000Z</time>
        <extensions>
          <ns3:TrackPointExtension>
            <ns3:hr>130</ns3:hr>
            <ns3:cad>80</ns3:cad>
          </ns3:TrackPointExtension>
        </extensions>
      </trkpt>
      <trkpt lat="31.2213275022804737091064453125" lon="121.38695240020751953125">
        <ele>7.599999904632568359375</ele>
        <time>2026-09-26T00:48:04.000Z</time>
        <extensions>
          <ns3:TrackPointExtension>
            <ns3:hr>130</ns3:hr>
            <ns3:cad>80</ns3:cad>
          </ns3:TrackPointExtension>
        </extensions>
      </trkpt>
      <trkpt lat="31.2213264964520931243896484375" lon="121.38692884705960750579833984375">
        <ele>7.599999904632568359375</ele>
        <time>2026-09-26T00:48:05.000Z</time>
        <extensions>
          <ns3:TrackPointExtension>
            <ns3:hr>130</ns3:hr>
            <ns3:cad>80</ns3:cad>
          </ns3:TrackPointExtension>
        </extensions>
      </trkpt>
      <trkpt lat="31.2213246524333953857421875" lon="121.38690638355910778045654296875">
        <ele>7.599999904632568359375</ele>
        <time>2026-09-26T00:48:06.000Z</time>
        <extensions>
          <ns3:TrackPointExtension>
            <ns3:hr>130</ns3:hr>
            <ns3:cad>80</ns3:cad>
          </ns3:TrackPointExtension>
        </extensions>
      </trkpt>
      <trkpt lat="31.2213231436908245086669921875" lon="121.3868840038776397705078125">
        <ele>7.599999904632568359375</ele>
        <time>2026-09-26T00:48:07.000Z</time>
        <extensions>
          <ns3:TrackPointExtension>
            <ns3:hr>130</ns3:hr>
            <ns3:cad>80</ns3:cad>
          </ns3:TrackPointExtension>
        </extensions>
      </trkpt>
      <trkpt lat="31.2213214673101902008056640625" lon="121.3868627138435840606689453125">
        <ele>7.599999904632568359375</ele>
        <time>2026-09-26T00:48:08.000Z</time>
        <extensions>
          <ns3:TrackPointExtension>
            <ns3:hr>131</ns3:hr>
            <ns3:cad>80</ns3:cad>
          </ns3:TrackPointExtension>
        </extensions>
      </trkpt>
      <trkpt lat="31.22132021002471446990966796875" lon="121.386840753257274627685546875">
        <ele>7.400000095367431640625</ele>
        <time>2026-09-26T00:48:09.000Z</time>
        <extensions>
          <ns3:TrackPointExtension>
            <ns3:hr>131</ns3:hr>
            <ns3:cad>79</ns3:cad>
          </ns3:TrackPointExtension>
        </extensions>
      </trkpt>
      <trkpt lat="31.22131803072988986968994140625" lon="121.38681954704225063323974609375">
        <ele>7.400000095367431640625</ele>
        <time>2026-09-26T00:48:10.000Z</time>
        <extensions>
          <ns3:TrackPointExtension>
            <ns3:hr>131</ns3:hr>
            <ns3:cad>79</ns3:cad>
          </ns3:TrackPointExtension>
        </extensions>
      </trkpt>
      <trkpt lat="31.22131501324474811553955078125" lon="121.38679624535143375396728515625">
        <ele>7.599999904632568359375</ele>
        <time>2026-09-26T00:48:11.000Z</time>
        <extensions>
          <ns3:TrackPointExtension>
            <ns3:hr>132</ns3:hr>
            <ns3:cad>79</ns3:cad>
          </ns3:TrackPointExtension>
        </extensions>
      </trkpt>
      <trkpt lat="31.22131233103573322296142578125" lon="121.38677193783223628997802734375">
        <ele>7.599999904632568359375</ele>
        <time>2026-09-26T00:48:12.000Z</time>
        <extensions>
          <ns3:TrackPointExtension>
            <ns3:hr>132</ns3:hr>
            <ns3:cad>79</ns3:cad>
          </ns3:TrackPointExtension>
        </extensions>
      </trkpt>
      <trkpt lat="31.2213100679218769073486328125" lon="121.38674897141754627227783203125">
        <ele>7.599999904632568359375</ele>
        <time>2026-09-26T00:48:13.000Z</time>
        <extensions>
          <ns3:TrackPointExtension>
            <ns3:hr>132</ns3:hr>
            <ns3:cad>80</ns3:cad>
          </ns3:TrackPointExtension>
        </extensions>
      </trkpt>
      <trkpt lat="31.22130847536027431488037109375" lon="121.38672516681253910064697265625">
        <ele>7.599999904632568359375</ele>
        <time>2026-09-26T00:48:14.000Z</time>
        <extensions>
          <ns3:TrackPointExtension>
            <ns3:hr>132</ns3:hr>
            <ns3:cad>80</ns3:cad>
          </ns3:TrackPointExtension>
        </extensions>
      </trkpt>
      <trkpt lat="31.22130696661770343780517578125" lon="121.386700607836246490478515625">
        <ele>7.599999904632568359375</ele>
        <time>2026-09-26T00:48:15.000Z</time>
        <extensions>
          <ns3:TrackPointExtension>
            <ns3:hr>132</ns3:hr>
            <ns3:cad>80</ns3:cad>
          </ns3:TrackPointExtension>
        </extensions>
      </trkpt>
      <trkpt lat="31.2213047035038471221923828125" lon="121.3866769708693027496337890625">
        <ele>7.599999904632568359375</ele>
        <time>2026-09-26T00:48:16.000Z</time>
        <extensions>
          <ns3:TrackPointExtension>
            <ns3:hr>132</ns3:hr>
            <ns3:cad>80</ns3:cad>
          </ns3:TrackPointExtension>
        </extensions>
      </trkpt>
      <trkpt lat="31.22130294330418109893798828125" lon="121.38665341772139072418212890625">
        <ele>7.599999904632568359375</ele>
        <time>2026-09-26T00:48:17.000Z</time>
        <extensions>
          <ns3:TrackPointExtension>
            <ns3:hr>132</ns3:hr>
            <ns3:cad>80</ns3:cad>
          </ns3:TrackPointExtension>
        </extensions>
      </trkpt>
      <trkpt lat="31.2213010154664516448974609375" lon="121.3866296969354152679443359375">
        <ele>7.599999904632568359375</ele>
        <time>2026-09-26T00:48:18.000Z</time>
        <extensions>
          <ns3:TrackPointExtension>
            <ns3:hr>132</ns3:hr>
            <ns3:cad>80</ns3:cad>
          </ns3:TrackPointExtension>
        </extensions>
      </trkpt>
      <trkpt lat="31.2212990038096904754638671875" lon="121.3866079039871692657470703125">
        <ele>7.599999904632568359375</ele>
        <time>2026-09-26T00:48:19.000Z</time>
        <extensions>
          <ns3:TrackPointExtension>
            <ns3:hr>132</ns3:hr>
            <ns3:cad>80</ns3:cad>
          </ns3:TrackPointExtension>
        </extensions>
      </trkpt>
      <trkpt lat="31.2212963216006755828857421875" lon="121.38658602721989154815673828125">
        <ele>7.599999904632568359375</ele>
        <time>2026-09-26T00:48:20.000Z</time>
        <extensions>
          <ns3:TrackPointExtension>
            <ns3:hr>132</ns3:hr>
            <ns3:cad>80</ns3:cad>
          </ns3:TrackPointExtension>
        </extensions>
      </trkpt>
      <trkpt lat="31.22129288502037525177001953125" lon="121.38656339608132839202880859375">
        <ele>7.80000019073486328125</ele>
        <time>2026-09-26T00:48:21.000Z</time>
        <extensions>
          <ns3:TrackPointExtension>
            <ns3:hr>132</ns3:hr>
            <ns3:cad>80</ns3:cad>
          </ns3:TrackPointExtension>
        </extensions>
      </trkpt>
      <trkpt lat="31.22128986753523349761962890625" lon="121.3865401782095432281494140625">
        <ele>7.80000019073486328125</ele>
        <time>2026-09-26T00:48:22.000Z</time>
        <extensions>
          <ns3:TrackPointExtension>
            <ns3:hr>132</ns3:hr>
            <ns3:cad>79</ns3:cad>
          </ns3:TrackPointExtension>
        </extensions>
      </trkpt>
      <trkpt lat="31.22128718532621860504150390625" lon="121.38651746325194835662841796875">
        <ele>8</ele>
        <time>2026-09-26T00:48:23.000Z</time>
        <extensions>
          <ns3:TrackPointExtension>
            <ns3:hr>132</ns3:hr>
            <ns3:cad>79</ns3:cad>
          </ns3:TrackPointExtension>
        </extensions>
      </trkpt>
      <trkpt lat="31.22128450311720371246337890625" lon="121.3864942453801631927490234375">
        <ele>8.19999980926513671875</ele>
        <time>2026-09-26T00:48:24.000Z</time>
        <extensions>
          <ns3:TrackPointExtension>
            <ns3:hr>132</ns3:hr>
            <ns3:cad>80</ns3:cad>
          </ns3:TrackPointExtension>
        </extensions>
      </trkpt>
      <trkpt lat="31.2212808988988399505615234375" lon="121.38647169806063175201416015625">
        <ele>8.19999980926513671875</ele>
        <time>2026-09-26T00:48:25.000Z</time>
        <extensions>
          <ns3:TrackPointExtension>
            <ns3:hr>132</ns3:hr>
            <ns3:cad>80</ns3:cad>
          </ns3:TrackPointExtension>
        </extensions>
      </trkpt>
      <trkpt lat="31.22127746231853961944580078125" lon="121.38644772581756114959716796875">
        <ele>8.19999980926513671875</ele>
        <time>2026-09-26T00:48:26.000Z</time>
        <extensions>
          <ns3:TrackPointExtension>
            <ns3:hr>132</ns3:hr>
            <ns3:cad>81</ns3:cad>
          </ns3:TrackPointExtension>
        </extensions>
      </trkpt>
      <trkpt lat="31.22127410955727100372314453125" lon="121.38642559759318828582763671875">
        <ele>8.19999980926513671875</ele>
        <time>2026-09-26T00:48:27.000Z</time>
        <extensions>
          <ns3:TrackPointExtension>
            <ns3:hr>132</ns3:hr>
            <ns3:cad>81</ns3:cad>
          </ns3:TrackPointExtension>
        </extensions>
      </trkpt>
      <trkpt lat="31.221271343529224395751953125" lon="121.3864040561020374298095703125">
        <ele>8</ele>
        <time>2026-09-26T00:48:28.000Z</time>
        <extensions>
          <ns3:TrackPointExtension>
            <ns3:hr>132</ns3:hr>
            <ns3:cad>81</ns3:cad>
          </ns3:TrackPointExtension>
        </extensions>
      </trkpt>
      <trkpt lat="31.2212684936821460723876953125" lon="121.386381089687347412109375">
        <ele>8</ele>
        <time>2026-09-26T00:48:29.000Z</time>
        <extensions>
          <ns3:TrackPointExtension>
            <ns3:hr>132</ns3:hr>
            <ns3:cad>81</ns3:cad>
          </ns3:TrackPointExtension>
        </extensions>
      </trkpt>
      <trkpt lat="31.22126572765409946441650390625" lon="121.3863571174442768096923828125">
        <ele>7.80000019073486328125</ele>
        <time>2026-09-26T00:48:30.000Z</time>
        <extensions>
          <ns3:TrackPointExtension>
            <ns3:hr>132</ns3:hr>
            <ns3:cad>81</ns3:cad>
          </ns3:TrackPointExtension>
        </extensions>
      </trkpt>
      <trkpt lat="31.22126203961670398712158203125" lon="121.38633423484861850738525390625">
        <ele>7.80000019073486328125</ele>
        <time>2026-09-26T00:48:31.000Z</time>
        <extensions>
          <ns3:TrackPointExtension>
            <ns3:hr>132</ns3:hr>
            <ns3:cad>81</ns3:cad>
          </ns3:TrackPointExtension>
        </extensions>
      </trkpt>
      <trkpt lat="31.22125902213156223297119140625" lon="121.3863100111484527587890625">
        <ele>8</ele>
        <time>2026-09-26T00:48:32.000Z</time>
        <extensions>
          <ns3:TrackPointExtension>
            <ns3:hr>132</ns3:hr>
            <ns3:cad>81</ns3:cad>
          </ns3:TrackPointExtension>
        </extensions>
      </trkpt>
      <trkpt lat="31.221256256103515625" lon="121.3862850330770015716552734375">
        <ele>8</ele>
        <time>2026-09-26T00:48:33.000Z</time>
        <extensions>
          <ns3:TrackPointExtension>
            <ns3:hr>132</ns3:hr>
            <ns3:cad>81</ns3:cad>
          </ns3:TrackPointExtension>
        </extensions>
      </trkpt>
      <trkpt lat="31.22125281952321529388427734375" lon="121.3862572051584720611572265625">
        <ele>7.80000019073486328125</ele>
        <time>2026-09-26T00:48:34.000Z</time>
        <extensions>
          <ns3:TrackPointExtension>
            <ns3:hr>132</ns3:hr>
            <ns3:cad>81</ns3:cad>
          </ns3:TrackPointExtension>
        </extensions>
      </trkpt>
      <trkpt lat="31.22125047259032726287841796875" lon="121.3862320594489574432373046875">
        <ele>7.80000019073486328125</ele>
        <time>2026-09-26T00:48:35.000Z</time>
        <extensions>
          <ns3:TrackPointExtension>
            <ns3:hr>132</ns3:hr>
            <ns3:cad>81</ns3:cad>
          </ns3:TrackPointExtension>
        </extensions>
      </trkpt>
      <trkpt lat="31.22124779038131237030029296875" lon="121.38620875775814056396484375">
        <ele>7.80000019073486328125</ele>
        <time>2026-09-26T00:48:36.000Z</time>
        <extensions>
          <ns3:TrackPointExtension>
            <ns3:hr>132</ns3:hr>
            <ns3:cad>80</ns3:cad>
          </ns3:TrackPointExtension>
        </extensions>
      </trkpt>
      <trkpt lat="31.22124485671520233154296875" lon="121.3861847855150699615478515625">
        <ele>7.80000019073486328125</ele>
        <time>2026-09-26T00:48:37.000Z</time>
        <extensions>
          <ns3:TrackPointExtension>
            <ns3:hr>132</ns3:hr>
            <ns3:cad>80</ns3:cad>
          </ns3:TrackPointExtension>
        </extensions>
      </trkpt>
      <trkpt lat="31.22124225832521915435791015625" lon="121.38616039417684078216552734375">
        <ele>7.80000019073486328125</ele>
        <time>2026-09-26T00:48:38.000Z</time>
        <extensions>
          <ns3:TrackPointExtension>
            <ns3:hr>132</ns3:hr>
            <ns3:cad>80</ns3:cad>
          </ns3:TrackPointExtension>
        </extensions>
      </trkpt>
      <trkpt lat="31.2212396599352359771728515625" lon="121.38613508082926273345947265625">
        <ele>7.80000019073486328125</ele>
        <time>2026-09-26T00:48:39.000Z</time>
        <extensions>
          <ns3:TrackPointExtension>
            <ns3:hr>132</ns3:hr>
            <ns3:cad>81</ns3:cad>
          </ns3:TrackPointExtension>
        </extensions>
      </trkpt>
      <trkpt lat="31.22123689390718936920166015625" lon="121.38610959984362125396728515625">
        <ele>7.80000019073486328125</ele>
        <time>2026-09-26T00:48:40.000Z</time>
        <extensions>
          <ns3:TrackPointExtension>
            <ns3:hr>132</ns3:hr>
            <ns3:cad>81</ns3:cad>
          </ns3:TrackPointExtension>
        </extensions>
      </trkpt>
      <trkpt lat="31.22123387642204761505126953125" lon="121.38608478941023349761962890625">
        <ele>8</ele>
        <time>2026-09-26T00:48:41.000Z</time>
        <extensions>
          <ns3:TrackPointExtension>
            <ns3:hr>132</ns3:hr>
            <ns3:cad>81</ns3:cad>
          </ns3:TrackPointExtension>
        </extensions>
      </trkpt>
      <trkpt lat="31.2212309427559375762939453125" lon="121.38606048189103603363037109375">
        <ele>8</ele>
        <time>2026-09-26T00:48:42.000Z</time>
        <extensions>
          <ns3:TrackPointExtension>
            <ns3:hr>132</ns3:hr>
            <ns3:cad>80</ns3:cad>
          </ns3:TrackPointExtension>
        </extensions>
      </trkpt>
      <trkpt lat="31.221226751804351806640625" lon="121.38603516854345798492431640625">
        <ele>8</ele>
        <time>2026-09-26T00:48:43.000Z</time>
        <extensions>
          <ns3:TrackPointExtension>
            <ns3:hr>132</ns3:hr>
            <ns3:cad>80</ns3:cad>
          </ns3:TrackPointExtension>
        </extensions>
      </trkpt>
      <trkpt lat="31.22122365050017833709716796875" lon="121.386010944843292236328125">
        <ele>8</ele>
        <time>2026-09-26T00:48:44.000Z</time>
        <extensions>
          <ns3:TrackPointExtension>
            <ns3:hr>132</ns3:hr>
            <ns3:cad>80</ns3:cad>
          </ns3:TrackPointExtension>
        </extensions>
      </trkpt>
      <trkpt lat="31.22122046537697315216064453125" lon="121.3859856314957141876220703125">
        <ele>8</ele>
        <time>2026-09-26T00:48:45.000Z</time>
        <extensions>
          <ns3:TrackPointExtension>
            <ns3:hr>132</ns3:hr>
            <ns3:cad>81</ns3:cad>
          </ns3:TrackPointExtension>
        </extensions>
      </trkpt>
      <trkpt lat="31.2212161906063556671142578125" lon="121.38596199452877044677734375">
        <ele>8</ele>
        <time>2026-09-26T00:48:46.000Z</time>
        <extensions>
          <ns3:TrackPointExtension>
            <ns3:hr>132</ns3:hr>
            <ns3:cad>81</ns3:cad>
          </ns3:TrackPointExtension>
        </extensions>
      </trkpt>
      <trkpt lat="31.22121258638799190521240234375" lon="121.38593877665698528289794921875">
        <ele>8</ele>
        <time>2026-09-26T00:48:47.000Z</time>
        <extensions>
          <ns3:TrackPointExtension>
            <ns3:hr>132</ns3:hr>
            <ns3:cad>81</ns3:cad>
          </ns3:TrackPointExtension>
        </extensions>
      </trkpt>
      <trkpt lat="31.22120990417897701263427734375" lon="121.385914385318756103515625">
        <ele>8.19999980926513671875</ele>
        <time>2026-09-26T00:48:48.000Z</time>
        <extensions>
          <ns3:TrackPointExtension>
            <ns3:hr>132</ns3:hr>
            <ns3:cad>80</ns3:cad>
          </ns3:TrackPointExtension>
        </extensions>
      </trkpt>
      <trkpt lat="31.22120596468448638916015625" lon="121.385887898504734039306640625">
        <ele>8.19999980926513671875</ele>
        <time>2026-09-26T00:48:49.000Z</time>
        <extensions>
          <ns3:TrackPointExtension>
            <ns3:hr>132</ns3:hr>
            <ns3:cad>80</ns3:cad>
          </ns3:TrackPointExtension>
        </extensions>
      </trkpt>
      <trkpt lat="31.22120252810418605804443359375" lon="121.3858642615377902984619140625">
        <ele>8</ele>
        <time>2026-09-26T00:48:50.000Z</time>
        <extensions>
          <ns3:TrackPointExtension>
            <ns3:hr>132</ns3:hr>
            <ns3:cad>80</ns3:cad>
          </ns3:TrackPointExtension>
        </extensions>
      </trkpt>
      <trkpt lat="31.22119867242872714996337890625" lon="121.38584171421825885772705078125">
        <ele>8</ele>
        <time>2026-09-26T00:48:51.000Z</time>
        <extensions>
          <ns3:TrackPointExtension>
            <ns3:hr>132</ns3:hr>
            <ns3:cad>80</ns3:cad>
          </ns3:TrackPointExtension>
        </extensions>
      </trkpt>
      <trkpt lat="31.221194900572299957275390625" lon="121.3858189992606639862060546875">
        <ele>7.80000019073486328125</ele>
        <time>2026-09-26T00:48:52.000Z</time>
        <extensions>
          <ns3:TrackPointExtension>
            <ns3:hr>132</ns3:hr>
            <ns3:cad>80</ns3:cad>
          </ns3:TrackPointExtension>
        </extensions>
      </trkpt>
      <trkpt lat="31.22119121253490447998046875" lon="121.3857958652079105377197265625">
        <ele>7.599999904632568359375</ele>
        <time>2026-09-26T00:48:53.000Z</time>
        <extensions>
          <ns3:TrackPointExtension>
            <ns3:hr>132</ns3:hr>
            <ns3:cad>80</ns3:cad>
          </ns3:TrackPointExtension>
        </extensions>
      </trkpt>
      <trkpt lat="31.22118744067847728729248046875" lon="121.38577281497418880462646484375">
        <ele>7.599999904632568359375</ele>
        <time>2026-09-26T00:48:54.000Z</time>
        <extensions>
          <ns3:TrackPointExtension>
            <ns3:hr>133</ns3:hr>
            <ns3:cad>80</ns3:cad>
          </ns3:TrackPointExtension>
        </extensions>
      </trkpt>
      <trkpt lat="31.221183836460113525390625" lon="121.38575035147368907928466796875">
        <ele>7.599999904632568359375</ele>
        <time>2026-09-26T00:48:55.000Z</time>
        <extensions>
          <ns3:TrackPointExtension>
            <ns3:hr>132</ns3:hr>
            <ns3:cad>80</ns3:cad>
          </ns3:TrackPointExtension>
        </extensions>
      </trkpt>
      <trkpt lat="31.221180148422718048095703125" lon="121.3857279717922210693359375">
        <ele>7.599999904632568359375</ele>
        <time>2026-09-26T00:48:56.000Z</time>
        <extensions>
          <ns3:TrackPointExtension>
            <ns3:hr>132</ns3:hr>
            <ns3:cad>80</ns3:cad>
          </ns3:TrackPointExtension>
        </extensions>
      </trkpt>
      <trkpt lat="31.22117721475660800933837890625" lon="121.38570643030107021331787109375">
        <ele>7.599999904632568359375</ele>
        <time>2026-09-26T00:48:57.000Z</time>
        <extensions>
          <ns3:TrackPointExtension>
            <ns3:hr>132</ns3:hr>
            <ns3:cad>80</ns3:cad>
          </ns3:TrackPointExtension>
        </extensions>
      </trkpt>
      <trkpt lat="31.221173107624053955078125" lon="121.385684721171855926513671875">
        <ele>7.599999904632568359375</ele>
        <time>2026-09-26T00:48:58.000Z</time>
        <extensions>
          <ns3:TrackPointExtension>
            <ns3:hr>132</ns3:hr>
            <ns3:cad>80</ns3:cad>
          </ns3:TrackPointExtension>
        </extensions>
      </trkpt>
      <trkpt lat="31.2211689166724681854248046875" lon="121.38566284440457820892333984375">
        <ele>7.599999904632568359375</ele>
        <time>2026-09-26T00:48:59.000Z</time>
        <extensions>
          <ns3:TrackPointExtension>
            <ns3:hr>132</ns3:hr>
            <ns3:cad>80</ns3:cad>
          </ns3:TrackPointExtension>
        </extensions>
      </trkpt>
      <trkpt lat="31.221165396273136138916015625" lon="121.38563971035182476043701171875">
        <ele>7.80000019073486328125</ele>
        <time>2026-09-26T00:49:00.000Z</time>
        <extensions>
          <ns3:TrackPointExtension>
            <ns3:hr>133</ns3:hr>
            <ns3:cad>80</ns3:cad>
          </ns3:TrackPointExtension>
        </extensions>
      </trkpt>
      <trkpt lat="31.2211632169783115386962890625" lon="121.38561733067035675048828125">
        <ele>7.80000019073486328125</ele>
        <time>2026-09-26T00:49:01.000Z</time>
        <extensions>
          <ns3:TrackPointExtension>
            <ns3:hr>133</ns3:hr>
            <ns3:cad>79</ns3:cad>
          </ns3:TrackPointExtension>
        </extensions>
      </trkpt>
      <trkpt lat="31.22116095386445522308349609375" lon="121.3855938613414764404296875">
        <ele>7.80000019073486328125</ele>
        <time>2026-09-26T00:49:02.000Z</time>
        <extensions>
          <ns3:TrackPointExtension>
            <ns3:hr>134</ns3:hr>
            <ns3:cad>79</ns3:cad>
          </ns3:TrackPointExtension>
        </extensions>
      </trkpt>
      <trkpt lat="31.221158020198345184326171875" lon="121.38557064346969127655029296875">
        <ele>7.80000019073486328125</ele>
        <time>2026-09-26T00:49:03.000Z</time>
        <extensions>
          <ns3:TrackPointExtension>
            <ns3:hr>134</ns3:hr>
            <ns3:cad>80</ns3:cad>
          </ns3:TrackPointExtension>
        </extensions>
      </trkpt>
      <trkpt lat="31.221154667437076568603515625" lon="121.3855474255979061126708984375">
        <ele>7.80000019073486328125</ele>
        <time>2026-09-26T00:49:04.000Z</time>
        <extensions>
          <ns3:TrackPointExtension>
            <ns3:hr>134</ns3:hr>
            <ns3:cad>80</ns3:cad>
          </ns3:TrackPointExtension>
        </extensions>
      </trkpt>
      <trkpt lat="31.2211514823138713836669921875" lon="121.38552487827837467193603515625">
        <ele>8</ele>
        <time>2026-09-26T00:49:05.000Z</time>
        <extensions>
          <ns3:TrackPointExtension>
            <ns3:hr>134</ns3:hr>
            <ns3:cad>79</ns3:cad>
          </ns3:TrackPointExtension>
        </extensions>
      </trkpt>
      <trkpt lat="31.221149303019046783447265625" lon="121.3855031691491603851318359375">
        <ele>8</ele>
        <time>2026-09-26T00:49:06.000Z</time>
        <extensions>
          <ns3:TrackPointExtension>
            <ns3:hr>134</ns3:hr>
            <ns3:cad>79</ns3:cad>
          </ns3:TrackPointExtension>
        </extensions>
      </trkpt>
      <trkpt lat="31.221146285533905029296875" lon="121.3854823820292949676513671875">
        <ele>8</ele>
        <time>2026-09-26T00:49:07.000Z</time>
        <extensions>
          <ns3:TrackPointExtension>
            <ns3:hr>134</ns3:hr>
            <ns3:cad>79</ns3:cad>
          </ns3:TrackPointExtension>
        </extensions>
      </trkpt>
      <trkpt lat="31.22114293277263641357421875" lon="121.38545882888138294219970703125">
        <ele>8</ele>
        <time>2026-09-26T00:49:08.000Z</time>
        <extensions>
          <ns3:TrackPointExtension>
            <ns3:hr>134</ns3:hr>
            <ns3:cad>79</ns3:cad>
          </ns3:TrackPointExtension>
        </extensions>
      </trkpt>
      <trkpt lat="31.22114100493490695953369140625" lon="121.38543586246669292449951171875">
        <ele>8</ele>
        <time>2026-09-26T00:49:09.000Z</time>
        <extensions>
          <ns3:TrackPointExtension>
            <ns3:hr>134</ns3:hr>
            <ns3:cad>79</ns3:cad>
          </ns3:TrackPointExtension>
        </extensions>
      </trkpt>
      <trkpt lat="31.22113899327814579010009765625" lon="121.38541524298489093780517578125">
        <ele>8.19999980926513671875</ele>
        <time>2026-09-26T00:49:10.000Z</time>
        <extensions>
          <ns3:TrackPointExtension>
            <ns3:hr>134</ns3:hr>
            <ns3:cad>79</ns3:cad>
          </ns3:TrackPointExtension>
        </extensions>
      </trkpt>
      <trkpt lat="31.221136562526226043701171875" lon="121.38539462350308895111083984375">
        <ele>8.19999980926513671875</ele>
        <time>2026-09-26T00:49:11.000Z</time>
        <extensions>
          <ns3:TrackPointExtension>
            <ns3:hr>134</ns3:hr>
            <ns3:cad>79</ns3:cad>
          </ns3:TrackPointExtension>
        </extensions>
      </trkpt>
      <trkpt lat="31.22113279066979885101318359375" lon="121.38537249527871608734130859375">
        <ele>8.19999980926513671875</ele>
        <time>2026-09-26T00:49:12.000Z</time>
        <extensions>
          <ns3:TrackPointExtension>
            <ns3:hr>134</ns3:hr>
            <ns3:cad>79</ns3:cad>
          </ns3:TrackPointExtension>
        </extensions>
      </trkpt>
      <trkpt lat="31.221128515899181365966796875" lon="121.38535137288272380828857421875">
        <ele>8.19999980926513671875</ele>
        <time>2026-09-26T00:49:13.000Z</time>
        <extensions>
          <ns3:TrackPointExtension>
            <ns3:hr>134</ns3:hr>
            <ns3:cad>79</ns3:cad>
          </ns3:TrackPointExtension>
        </extensions>
      </trkpt>
      <trkpt lat="31.2211234867572784423828125" lon="121.38532991521060466766357421875">
        <ele>8.19999980926513671875</ele>
        <time>2026-09-26T00:49:14.000Z</time>
        <extensions>
          <ns3:TrackPointExtension>
            <ns3:hr>134</ns3:hr>
            <ns3:cad>79</ns3:cad>
          </ns3:TrackPointExtension>
        </extensions>
      </trkpt>
      <trkpt lat="31.22111988253891468048095703125" lon="121.385306529700756072998046875">
        <ele>8.19999980926513671875</ele>
        <time>2026-09-26T00:49:15.000Z</time>
        <extensions>
          <ns3:TrackPointExtension>
            <ns3:hr>134</ns3:hr>
            <ns3:cad>79</ns3:cad>
          </ns3:TrackPointExtension>
        </extensions>
      </trkpt>
      <trkpt lat="31.22111602686345577239990234375" lon="121.3852838985621929168701171875">
        <ele>8.19999980926513671875</ele>
        <time>2026-09-26T00:49:16.000Z</time>
        <extensions>
          <ns3:TrackPointExtension>
            <ns3:hr>134</ns3:hr>
            <ns3:cad>79</ns3:cad>
          </ns3:TrackPointExtension>
        </extensions>
      </trkpt>
      <trkpt lat="31.22111267410218715667724609375" lon="121.38526252470910549163818359375">
        <ele>8</ele>
        <time>2026-09-26T00:49:17.000Z</time>
        <extensions>
          <ns3:TrackPointExtension>
            <ns3:hr>134</ns3:hr>
            <ns3:cad>79</ns3:cad>
          </ns3:TrackPointExtension>
        </extensions>
      </trkpt>
      <trkpt lat="31.2211089022457599639892578125" lon="121.385239474475383758544921875">
        <ele>8</ele>
        <time>2026-09-26T00:49:18.000Z</time>
        <extensions>
          <ns3:TrackPointExtension>
            <ns3:hr>134</ns3:hr>
            <ns3:cad>79</ns3:cad>
          </ns3:TrackPointExtension>
        </extensions>
      </trkpt>
      <trkpt lat="31.22110546566545963287353515625" lon="121.38521642424166202545166015625">
        <ele>8.19999980926513671875</ele>
        <time>2026-09-26T00:49:19.000Z</time>
        <extensions>
          <ns3:TrackPointExtension>
            <ns3:hr>134</ns3:hr>
            <ns3:cad>79</ns3:cad>
          </ns3:TrackPointExtension>
        </extensions>
      </trkpt>
      <trkpt lat="31.221102364361286163330078125" lon="121.385192535817623138427734375">
        <ele>8.19999980926513671875</ele>
        <time>2026-09-26T00:49:20.000Z</time>
        <extensions>
          <ns3:TrackPointExtension>
            <ns3:hr>134</ns3:hr>
            <ns3:cad>79</ns3:cad>
          </ns3:TrackPointExtension>
        </extensions>
      </trkpt>
      <trkpt lat="31.2210991792380809783935546875" lon="121.38516797684133052825927734375">
        <ele>8.19999980926513671875</ele>
        <time>2026-09-26T00:49:21.000Z</time>
        <extensions>
          <ns3:TrackPointExtension>
            <ns3:hr>134</ns3:hr>
            <ns3:cad>79</ns3:cad>
          </ns3:TrackPointExtension>
        </extensions>
      </trkpt>
      <trkpt lat="31.22109607793390750885009765625" lon="121.3851454295217990875244140625">
        <ele>8.19999980926513671875</ele>
        <time>2026-09-26T00:49:22.000Z</time>
        <extensions>
          <ns3:TrackPointExtension>
            <ns3:hr>134</ns3:hr>
            <ns3:cad>79</ns3:cad>
          </ns3:TrackPointExtension>
        </extensions>
      </trkpt>
      <trkpt lat="31.22109306044876575469970703125" lon="121.38512313365936279296875">
        <ele>8.19999980926513671875</ele>
        <time>2026-09-26T00:49:23.000Z</time>
        <extensions>
          <ns3:TrackPointExtension>
            <ns3:hr>134</ns3:hr>
            <ns3:cad>79</ns3:cad>
          </ns3:TrackPointExtension>
        </extensions>
      </trkpt>
      <trkpt lat="31.22109054587781429290771484375" lon="121.3851008377969264984130859375">
        <ele>8.19999980926513671875</ele>
        <time>2026-09-26T00:49:24.000Z</time>
        <extensions>
          <ns3:TrackPointExtension>
            <ns3:hr>134</ns3:hr>
            <ns3:cad>79</ns3:cad>
          </ns3:TrackPointExtension>
        </extensions>
      </trkpt>
      <trkpt lat="31.22108803130686283111572265625" lon="121.3850780390202999114990234375">
        <ele>8.19999980926513671875</ele>
        <time>2026-09-26T00:49:25.000Z</time>
        <extensions>
          <ns3:TrackPointExtension>
            <ns3:hr>134</ns3:hr>
            <ns3:cad>79</ns3:cad>
          </ns3:TrackPointExtension>
        </extensions>
      </trkpt>
      <trkpt lat="31.2210854329168796539306640625" lon="121.385056413710117340087890625">
        <ele>8.19999980926513671875</ele>
        <time>2026-09-26T00:49:26.000Z</time>
        <extensions>
          <ns3:TrackPointExtension>
            <ns3:hr>134</ns3:hr>
            <ns3:cad>79</ns3:cad>
          </ns3:TrackPointExtension>
        </extensions>
      </trkpt>
      <trkpt lat="31.22108300216495990753173828125" lon="121.38503185473382472991943359375">
        <ele>8</ele>
        <time>2026-09-26T00:49:27.000Z</time>
        <extensions>
          <ns3:TrackPointExtension>
            <ns3:hr>134</ns3:hr>
            <ns3:cad>79</ns3:cad>
          </ns3:TrackPointExtension>
        </extensions>
      </trkpt>
      <trkpt lat="31.221080906689167022705078125" lon="121.385008804500102996826171875">
        <ele>8</ele>
        <time>2026-09-26T00:49:28.000Z</time>
        <extensions>
          <ns3:TrackPointExtension>
            <ns3:hr>134</ns3:hr>
            <ns3:cad>78</ns3:cad>
          </ns3:TrackPointExtension>
        </extensions>
      </trkpt>
      <trkpt lat="31.22107864357531070709228515625" lon="121.38498692773282527923583984375">
        <ele>8</ele>
        <time>2026-09-26T00:49:29.000Z</time>
        <extensions>
          <ns3:TrackPointExtension>
            <ns3:hr>134</ns3:hr>
            <ns3:cad>78</ns3:cad>
          </ns3:TrackPointExtension>
        </extensions>
      </trkpt>
      <trkpt lat="31.22107562609016895294189453125" lon="121.384962536394596099853515625">
        <ele>8</ele>
        <time>2026-09-26T00:49:30.000Z</time>
        <extensions>
          <ns3:TrackPointExtension>
            <ns3:hr>134</ns3:hr>
            <ns3:cad>79</ns3:cad>
          </ns3:TrackPointExtension>
        </extensions>
      </trkpt>
      <trkpt lat="31.2210720218718051910400390625" lon="121.38493881560862064361572265625">
        <ele>8</ele>
        <time>2026-09-26T00:49:31.000Z</time>
        <extensions>
          <ns3:TrackPointExtension>
            <ns3:hr>134</ns3:hr>
            <ns3:cad>80</ns3:cad>
          </ns3:TrackPointExtension>
        </extensions>
      </trkpt>
      <trkpt lat="31.22106917202472686767578125" lon="121.38491400517523288726806640625">
        <ele>8.19999980926513671875</ele>
        <time>2026-09-26T00:49:32.000Z</time>
        <extensions>
          <ns3:TrackPointExtension>
            <ns3:hr>134</ns3:hr>
            <ns3:cad>80</ns3:cad>
          </ns3:TrackPointExtension>
        </extensions>
      </trkpt>
      <trkpt lat="31.22106690891087055206298828125" lon="121.3848882727324962615966796875">
        <ele>8.19999980926513671875</ele>
        <time>2026-09-26T00:49:33.000Z</time>
        <extensions>
          <ns3:TrackPointExtension>
            <ns3:hr>134</ns3:hr>
            <ns3:cad>80</ns3:cad>
          </ns3:TrackPointExtension>
        </extensions>
      </trkpt>
      <trkpt lat="31.2210636399686336517333984375" lon="121.38486321084201335906982421875">
        <ele>8.19999980926513671875</ele>
        <time>2026-09-26T00:49:34.000Z</time>
        <extensions>
          <ns3:TrackPointExtension>
            <ns3:hr>134</ns3:hr>
            <ns3:cad>80</ns3:cad>
          </ns3:TrackPointExtension>
        </extensions>
      </trkpt>
      <trkpt lat="31.2210606224834918975830078125" lon="121.3848373107612133026123046875">
        <ele>8.19999980926513671875</ele>
        <time>2026-09-26T00:49:35.000Z</time>
        <extensions>
          <ns3:TrackPointExtension>
            <ns3:hr>134</ns3:hr>
            <ns3:cad>80</ns3:cad>
          </ns3:TrackPointExtension>
        </extensions>
      </trkpt>
      <trkpt lat="31.22105768881738185882568359375" lon="121.3848121650516986846923828125">
        <ele>8.19999980926513671875</ele>
        <time>2026-09-26T00:49:36.000Z</time>
        <extensions>
          <ns3:TrackPointExtension>
            <ns3:hr>134</ns3:hr>
            <ns3:cad>80</ns3:cad>
          </ns3:TrackPointExtension>
        </extensions>
      </trkpt>
      <trkpt lat="31.2210542522370815277099609375" lon="121.38478710316121578216552734375">
        <ele>8.19999980926513671875</ele>
        <time>2026-09-26T00:49:37.000Z</time>
        <extensions>
          <ns3:TrackPointExtension>
            <ns3:hr>135</ns3:hr>
            <ns3:cad>80</ns3:cad>
          </ns3:TrackPointExtension>
        </extensions>
      </trkpt>
      <trkpt lat="31.22105131857097148895263671875" lon="121.3847615383565425872802734375">
        <ele>8.3999996185302734375</ele>
        <time>2026-09-26T00:49:38.000Z</time>
        <extensions>
          <ns3:TrackPointExtension>
            <ns3:hr>134</ns3:hr>
            <ns3:cad>80</ns3:cad>
          </ns3:TrackPointExtension>
        </extensions>
      </trkpt>
      <trkpt lat="31.2210485525429248809814453125" lon="121.3847363926470279693603515625">
        <ele>8.19999980926513671875</ele>
        <time>2026-09-26T00:49:39.000Z</time>
        <extensions>
          <ns3:TrackPointExtension>
            <ns3:hr>134</ns3:hr>
            <ns3:cad>80</ns3:cad>
          </ns3:TrackPointExtension>
        </extensions>
      </trkpt>
      <trkpt lat="31.22104545123875141143798828125" lon="121.38470931909978389739990234375">
        <ele>8.19999980926513671875</ele>
        <time>2026-09-26T00:49:40.000Z</time>
        <extensions>
          <ns3:TrackPointExtension>
            <ns3:hr>134</ns3:hr>
            <ns3:cad>80</ns3:cad>
          </ns3:TrackPointExtension>
        </extensions>
      </trkpt>
      <trkpt lat="31.221042014658451080322265625" lon="121.38468325138092041015625">
        <ele>8.3999996185302734375</ele>
        <time>2026-09-26T00:49:41.000Z</time>
        <extensions>
          <ns3:TrackPointExtension>
            <ns3:hr>134</ns3:hr>
            <ns3:cad>80</ns3:cad>
          </ns3:TrackPointExtension>
        </extensions>
      </trkpt>
      <trkpt lat="31.2210381589829921722412109375" lon="121.3846577703952789306640625">
        <ele>8.3999996185302734375</ele>
        <time>2026-09-26T00:49:42.000Z</time>
        <extensions>
          <ns3:TrackPointExtension>
            <ns3:hr>134</ns3:hr>
            <ns3:cad>79</ns3:cad>
          </ns3:TrackPointExtension>
        </extensions>
      </trkpt>
      <trkpt lat="31.22103505767881870269775390625" lon="121.38463161885738372802734375">
        <ele>8.3999996185302734375</ele>
        <time>2026-09-26T00:49:43.000Z</time>
        <extensions>
          <ns3:TrackPointExtension>
            <ns3:hr>134</ns3:hr>
            <ns3:cad>79</ns3:cad>
          </ns3:TrackPointExtension>
        </extensions>
      </trkpt>
      <trkpt lat="31.2210322916507720947265625" lon="121.38460638932883739471435546875">
        <ele>8.3999996185302734375</ele>
        <time>2026-09-26T00:49:44.000Z</time>
        <extensions>
          <ns3:TrackPointExtension>
            <ns3:hr>134</ns3:hr>
            <ns3:cad>79</ns3:cad>
          </ns3:TrackPointExtension>
        </extensions>
      </trkpt>
      <trkpt lat="31.2210287712514400482177734375" lon="121.3845798186957836151123046875">
        <ele>8.3999996185302734375</ele>
        <time>2026-09-26T00:49:45.000Z</time>
        <extensions>
          <ns3:TrackPointExtension>
            <ns3:hr>134</ns3:hr>
            <ns3:cad>80</ns3:cad>
          </ns3:TrackPointExtension>
        </extensions>
      </trkpt>
      <trkpt lat="31.221024580299854278564453125" lon="121.38455442152917385101318359375">
        <ele>8.19999980926513671875</ele>
        <time>2026-09-26T00:49:46.000Z</time>
        <extensions>
          <ns3:TrackPointExtension>
            <ns3:hr>134</ns3:hr>
            <ns3:cad>80</ns3:cad>
          </ns3:TrackPointExtension>
        </extensions>
      </trkpt>
      <trkpt lat="31.22102030552923679351806640625" lon="121.3845290243625640869140625">
        <ele>8.19999980926513671875</ele>
        <time>2026-09-26T00:49:47.000Z</time>
        <extensions>
          <ns3:TrackPointExtension>
            <ns3:hr>134</ns3:hr>
            <ns3:cad>81</ns3:cad>
          </ns3:TrackPointExtension>
        </extensions>
      </trkpt>
      <trkpt lat="31.221015192568302154541015625" lon="121.38450345955789089202880859375">
        <ele>8.19999980926513671875</ele>
        <time>2026-09-26T00:49:48.000Z</time>
        <extensions>
          <ns3:TrackPointExtension>
            <ns3:hr>134</ns3:hr>
            <ns3:cad>81</ns3:cad>
          </ns3:TrackPointExtension>
        </extensions>
      </trkpt>
      <trkpt lat="31.22101016342639923095703125" lon="121.38447915203869342803955078125">
        <ele>8</ele>
        <time>2026-09-26T00:49:49.000Z</time>
        <extensions>
          <ns3:TrackPointExtension>
            <ns3:hr>134</ns3:hr>
            <ns3:cad>81</ns3:cad>
          </ns3:TrackPointExtension>
        </extensions>
      </trkpt>
      <trkpt lat="31.2210053019225597381591796875" lon="121.38445467688143253326416015625">
        <ele>8</ele>
        <time>2026-09-26T00:49:50.000Z</time>
        <extensions>
          <ns3:TrackPointExtension>
            <ns3:hr>134</ns3:hr>
            <ns3:cad>81</ns3:cad>
          </ns3:TrackPointExtension>
        </extensions>
      </trkpt>
      <trkpt lat="31.22100069187581539154052734375" lon="121.3844311237335205078125">
        <ele>8</ele>
        <time>2026-09-26T00:49:51.000Z</time>
        <extensions>
          <ns3:TrackPointExtension>
            <ns3:hr>134</ns3:hr>
            <ns3:cad>82</ns3:cad>
          </ns3:TrackPointExtension>
        </extensions>
      </trkpt>
      <trkpt lat="31.220996081829071044921875" lon="121.3844056427478790283203125">
        <ele>8</ele>
        <time>2026-09-26T00:49:52.000Z</time>
        <extensions>
          <ns3:TrackPointExtension>
            <ns3:hr>134</ns3:hr>
            <ns3:cad>82</ns3:cad>
          </ns3:TrackPointExtension>
        </extensions>
      </trkpt>
      <trkpt lat="31.220991723239421844482421875" lon="121.384379826486110687255859375">
        <ele>8</ele>
        <time>2026-09-26T00:49:53.000Z</time>
        <extensions>
          <ns3:TrackPointExtension>
            <ns3:hr>134</ns3:hr>
            <ns3:cad>82</ns3:cad>
          </ns3:TrackPointExtension>
        </extensions>
      </trkpt>
      <trkpt lat="31.2209871970117092132568359375" lon="121.38435459695756435394287109375">
        <ele>8.19999980926513671875</ele>
        <time>2026-09-26T00:49:54.000Z</time>
        <extensions>
          <ns3:TrackPointExtension>
            <ns3:hr>134</ns3:hr>
            <ns3:cad>81</ns3:cad>
          </ns3:TrackPointExtension>
        </extensions>
      </trkpt>
      <trkpt lat="31.2209831736981868743896484375" lon="121.3843297027051448822021484375">
        <ele>8.19999980926513671875</ele>
        <time>2026-09-26T00:49:55.000Z</time>
        <extensions>
          <ns3:TrackPointExtension>
            <ns3:hr>134</ns3:hr>
            <ns3:cad>81</ns3:cad>
          </ns3:TrackPointExtension>
        </extensions>
      </trkpt>
      <trkpt lat="31.22097973711788654327392578125" lon="121.384304054081439971923828125">
        <ele>8.19999980926513671875</ele>
        <time>2026-09-26T00:49:56.000Z</time>
        <extensions>
          <ns3:TrackPointExtension>
            <ns3:hr>134</ns3:hr>
            <ns3:cad>81</ns3:cad>
          </ns3:TrackPointExtension>
        </extensions>
      </trkpt>
      <trkpt lat="31.2209764681756496429443359375" lon="121.384278573095798492431640625">
        <ele>8.19999980926513671875</ele>
        <time>2026-09-26T00:49:57.000Z</time>
        <extensions>
          <ns3:TrackPointExtension>
            <ns3:hr>134</ns3:hr>
            <ns3:cad>81</ns3:cad>
          </ns3:TrackPointExtension>
        </extensions>
      </trkpt>
      <trkpt lat="31.22097395360469818115234375" lon="121.38425233773887157440185546875">
        <ele>8</ele>
        <time>2026-09-26T00:49:58.000Z</time>
        <extensions>
          <ns3:TrackPointExtension>
            <ns3:hr>134</ns3:hr>
            <ns3:cad>81</ns3:cad>
          </ns3:TrackPointExtension>
        </extensions>
      </trkpt>
      <trkpt lat="31.2209721095860004425048828125" lon="121.38422618620097637176513671875">
        <ele>8</ele>
        <time>2026-09-26T00:49:59.000Z</time>
        <extensions>
          <ns3:TrackPointExtension>
            <ns3:hr>134</ns3:hr>
            <ns3:cad>81</ns3:cad>
          </ns3:TrackPointExtension>
        </extensions>
      </trkpt>
      <trkpt lat="31.2209690921008586883544921875" lon="121.38419919647276401519775390625">
        <ele>8</ele>
        <time>2026-09-26T00:50:00.000Z</time>
        <extensions>
          <ns3:TrackPointExtension>
            <ns3:hr>134</ns3:hr>
            <ns3:cad>81</ns3:cad>
          </ns3:TrackPointExtension>
        </extensions>
      </trkpt>
      <trkpt lat="31.22096565552055835723876953125" lon="121.38417270965874195098876953125">
        <ele>8</ele>
        <time>2026-09-26T00:50:01.000Z</time>
        <extensions>
          <ns3:TrackPointExtension>
            <ns3:hr>135</ns3:hr>
            <ns3:cad>80</ns3:cad>
          </ns3:TrackPointExtension>
        </extensions>
      </trkpt>
      <trkpt lat="31.22096112929284572601318359375" lon="121.38414706103503704071044921875">
        <ele>8</ele>
        <time>2026-09-26T00:50:02.000Z</time>
        <extensions>
          <ns3:TrackPointExtension>
            <ns3:hr>134</ns3:hr>
            <ns3:cad>80</ns3:cad>
          </ns3:TrackPointExtension>
        </extensions>
      </trkpt>
      <trkpt lat="31.22095610015094280242919921875" lon="121.38412275351583957672119140625">
        <ele>8</ele>
        <time>2026-09-26T00:50:03.000Z</time>
        <extensions>
          <ns3:TrackPointExtension>
            <ns3:hr>135</ns3:hr>
            <ns3:cad>81</ns3:cad>
          </ns3:TrackPointExtension>
        </extensions>
      </trkpt>
      <trkpt lat="31.2209513224661350250244140625" lon="121.3840960152447223663330078125">
        <ele>8</ele>
        <time>2026-09-26T00:50:04.000Z</time>
        <extensions>
          <ns3:TrackPointExtension>
            <ns3:hr>135</ns3:hr>
            <ns3:cad>82</ns3:cad>
          </ns3:TrackPointExtension>
        </extensions>
      </trkpt>
      <trkpt lat="31.220946125686168670654296875" lon="121.38407045044004917144775390625">
        <ele>8</ele>
        <time>2026-09-26T00:50:05.000Z</time>
        <extensions>
          <ns3:TrackPointExtension>
            <ns3:hr>136</ns3:hr>
            <ns3:cad>82</ns3:cad>
          </ns3:TrackPointExtension>
        </extensions>
      </trkpt>
      <trkpt lat="31.2209399230778217315673828125" lon="121.384043879806995391845703125">
        <ele>7.80000019073486328125</ele>
        <time>2026-09-26T00:50:06.000Z</time>
        <extensions>
          <ns3:TrackPointExtension>
            <ns3:hr>136</ns3:hr>
            <ns3:cad>83</ns3:cad>
          </ns3:TrackPointExtension>
        </extensions>
      </trkpt>
      <trkpt lat="31.22093279846012592315673828125" lon="121.3840182311832904815673828125">
        <ele>7.80000019073486328125</ele>
        <time>2026-09-26T00:50:07.000Z</time>
        <extensions>
          <ns3:TrackPointExtension>
            <ns3:hr>136</ns3:hr>
            <ns3:cad>83</ns3:cad>
          </ns3:TrackPointExtension>
        </extensions>
      </trkpt>
      <trkpt lat="31.220925338566303253173828125" lon="121.383992917835712432861328125">
        <ele>7.80000019073486328125</ele>
        <time>2026-09-26T00:50:08.000Z</time>
        <extensions>
          <ns3:TrackPointExtension>
            <ns3:hr>137</ns3:hr>
            <ns3:cad>83</ns3:cad>
          </ns3:TrackPointExtension>
        </extensions>
      </trkpt>
      <trkpt lat="31.22091771103441715240478515625" lon="121.383968777954578399658203125">
        <ele>7.80000019073486328125</ele>
        <time>2026-09-26T00:50:09.000Z</time>
        <extensions>
          <ns3:TrackPointExtension>
            <ns3:hr>137</ns3:hr>
            <ns3:cad>81</ns3:cad>
          </ns3:TrackPointExtension>
        </extensions>
      </trkpt>
      <trkpt lat="31.22090966440737247467041015625" lon="121.38394488953053951263427734375">
        <ele>7.80000019073486328125</ele>
        <time>2026-09-26T00:50:10.000Z</time>
        <extensions>
          <ns3:TrackPointExtension>
            <ns3:hr>137</ns3:hr>
            <ns3:cad>81</ns3:cad>
          </ns3:TrackPointExtension>
        </extensions>
      </trkpt>
      <trkpt lat="31.22090145014226436614990234375" lon="121.38392142020165920257568359375">
        <ele>7.599999904632568359375</ele>
        <time>2026-09-26T00:50:11.000Z</time>
        <extensions>
          <ns3:TrackPointExtension>
            <ns3:hr>137</ns3:hr>
            <ns3:cad>82</ns3:cad>
          </ns3:TrackPointExtension>
        </extensions>
      </trkpt>
      <trkpt lat="31.2208926491439342498779296875" lon="121.38389811851084232330322265625">
        <ele>7.599999904632568359375</ele>
        <time>2026-09-26T00:50:12.000Z</time>
        <extensions>
          <ns3:TrackPointExtension>
            <ns3:hr>138</ns3:hr>
            <ns3:cad>82</ns3:cad>
          </ns3:TrackPointExtension>
        </extensions>
      </trkpt>
      <trkpt lat="31.2208835966885089874267578125" lon="121.3838767446577548980712890625">
        <ele>7.599999904632568359375</ele>
        <time>2026-09-26T00:50:13.000Z</time>
        <extensions>
          <ns3:TrackPointExtension>
            <ns3:hr>137</ns3:hr>
            <ns3:cad>82</ns3:cad>
          </ns3:TrackPointExtension>
        </extensions>
      </trkpt>
      <trkpt lat="31.22087496332824230194091796875" lon="121.3838562928140163421630859375">
        <ele>7.599999904632568359375</ele>
        <time>2026-09-26T00:50:14.000Z</time>
        <extensions>
          <ns3:TrackPointExtension>
            <ns3:hr>137</ns3:hr>
            <ns3:cad>81</ns3:cad>
          </ns3:TrackPointExtension>
        </extensions>
      </trkpt>
      <trkpt lat="31.22086607851088047027587890625" lon="121.38383391313254833221435546875">
        <ele>7.400000095367431640625</ele>
        <time>2026-09-26T00:50:15.000Z</time>
        <extensions>
          <ns3:TrackPointExtension>
            <ns3:hr>137</ns3:hr>
            <ns3:cad>81</ns3:cad>
          </ns3:TrackPointExtension>
        </extensions>
      </trkpt>
      <trkpt lat="31.22085719369351863861083984375" lon="121.38381262309849262237548828125">
        <ele>7.400000095367431640625</ele>
        <time>2026-09-26T00:50:16.000Z</time>
        <extensions>
          <ns3:TrackPointExtension>
            <ns3:hr>137</ns3:hr>
            <ns3:cad>81</ns3:cad>
          </ns3:TrackPointExtension>
        </extensions>
      </trkpt>
      <trkpt lat="31.220848560333251953125" lon="121.38379015959799289703369140625">
        <ele>7.19999980926513671875</ele>
        <time>2026-09-26T00:50:17.000Z</time>
        <extensions>
          <ns3:TrackPointExtension>
            <ns3:hr>138</ns3:hr>
            <ns3:cad>81</ns3:cad>
          </ns3:TrackPointExtension>
        </extensions>
      </trkpt>
      <trkpt lat="31.22084026224911212921142578125" lon="121.38376635499298572540283203125">
        <ele>7.19999980926513671875</ele>
        <time>2026-09-26T00:50:18.000Z</time>
        <extensions>
          <ns3:TrackPointExtension>
            <ns3:hr>138</ns3:hr>
            <ns3:cad>81</ns3:cad>
          </ns3:TrackPointExtension>
        </extensions>
      </trkpt>
      <trkpt lat="31.2208329699933528900146484375" lon="121.38374355621635913848876953125">
        <ele>7</ele>
        <time>2026-09-26T00:50:19.000Z</time>
        <extensions>
          <ns3:TrackPointExtension>
            <ns3:hr>138</ns3:hr>
            <ns3:cad>80</ns3:cad>
          </ns3:TrackPointExtension>
        </extensions>
      </trkpt>
      <trkpt lat="31.22082509100437164306640625" lon="121.383718661963939666748046875">
        <ele>6.80000019073486328125</ele>
        <time>2026-09-26T00:50:20.000Z</time>
        <extensions>
          <ns3:TrackPointExtension>
            <ns3:hr>137</ns3:hr>
            <ns3:cad>80</ns3:cad>
          </ns3:TrackPointExtension>
        </extensions>
      </trkpt>
      <trkpt lat="31.2208185531198978424072265625" lon="121.38369376771152019500732421875">
        <ele>6.80000019073486328125</ele>
        <time>2026-09-26T00:50:21.000Z</time>
        <extensions>
          <ns3:TrackPointExtension>
            <ns3:hr>137</ns3:hr>
            <ns3:cad>80</ns3:cad>
          </ns3:TrackPointExtension>
        </extensions>
      </trkpt>
      <trkpt lat="31.22081360779702663421630859375" lon="121.3836688734591007232666015625">
        <ele>6.599999904632568359375</ele>
        <time>2026-09-26T00:50:22.000Z</time>
        <extensions>
          <ns3:TrackPointExtension>
            <ns3:hr>137</ns3:hr>
            <ns3:cad>81</ns3:cad>
          </ns3:TrackPointExtension>
        </extensions>
      </trkpt>
      <trkpt lat="31.22080958448350429534912109375" lon="121.383644230663776397705078125">
        <ele>6.599999904632568359375</ele>
        <time>2026-09-26T00:50:23.000Z</time>
        <extensions>
          <ns3:TrackPointExtension>
            <ns3:hr>137</ns3:hr>
            <ns3:cad>81</ns3:cad>
          </ns3:TrackPointExtension>
        </extensions>
      </trkpt>
      <trkpt lat="31.22080706991255283355712890625" lon="121.3836189173161983489990234375">
        <ele>6.400000095367431640625</ele>
        <time>2026-09-26T00:50:24.000Z</time>
        <extensions>
          <ns3:TrackPointExtension>
            <ns3:hr>137</ns3:hr>
            <ns3:cad>81</ns3:cad>
          </ns3:TrackPointExtension>
        </extensions>
      </trkpt>
      <trkpt lat="31.22080572880804538726806640625" lon="121.383593268692493438720703125">
        <ele>6.400000095367431640625</ele>
        <time>2026-09-26T00:50:25.000Z</time>
        <extensions>
          <ns3:TrackPointExtension>
            <ns3:hr>137</ns3:hr>
            <ns3:cad>81</ns3:cad>
          </ns3:TrackPointExtension>
        </extensions>
      </trkpt>
      <trkpt lat="31.22080497443675994873046875" lon="121.38356703333556652069091796875">
        <ele>6.19999980926513671875</ele>
        <time>2026-09-26T00:50:26.000Z</time>
        <extensions>
          <ns3:TrackPointExtension>
            <ns3:hr>136</ns3:hr>
            <ns3:cad>81</ns3:cad>
          </ns3:TrackPointExtension>
        </extensions>
      </trkpt>
      <trkpt lat="31.22080522589385509490966796875" lon="121.3835411332547664642333984375">
        <ele>6.400000095367431640625</ele>
        <time>2026-09-26T00:50:27.000Z</time>
        <extensions>
          <ns3:TrackPointExtension>
            <ns3:hr>136</ns3:hr>
            <ns3:cad>80</ns3:cad>
          </ns3:TrackPointExtension>
        </extensions>
      </trkpt>
      <trkpt lat="31.22080706991255283355712890625" lon="121.3835153169929981231689453125">
        <ele>6.400000095367431640625</ele>
        <time>2026-09-26T00:50:28.000Z</time>
        <extensions>
          <ns3:TrackPointExtension>
            <ns3:hr>136</ns3:hr>
            <ns3:cad>80</ns3:cad>
          </ns3:TrackPointExtension>
        </extensions>
      </trkpt>
      <trkpt lat="31.220810003578662872314453125" lon="121.3834895007312297821044921875">
        <ele>6.400000095367431640625</ele>
        <time>2026-09-26T00:50:29.000Z</time>
        <extensions>
          <ns3:TrackPointExtension>
            <ns3:hr>136</ns3:hr>
            <ns3:cad>81</ns3:cad>
          </ns3:TrackPointExtension>
        </extensions>
      </trkpt>
      <trkpt lat="31.22081209905445575714111328125" lon="121.383462846279144287109375">
        <ele>6.400000095367431640625</ele>
        <time>2026-09-26T00:50:30.000Z</time>
        <extensions>
          <ns3:TrackPointExtension>
            <ns3:hr>136</ns3:hr>
            <ns3:cad>81</ns3:cad>
          </ns3:TrackPointExtension>
        </extensions>
      </trkpt>
      <trkpt lat="31.2208141945302486419677734375" lon="121.38343677856028079986572265625">
        <ele>6.400000095367431640625</ele>
        <time>2026-09-26T00:50:31.000Z</time>
        <extensions>
          <ns3:TrackPointExtension>
            <ns3:hr>136</ns3:hr>
            <ns3:cad>81</ns3:cad>
          </ns3:TrackPointExtension>
        </extensions>
      </trkpt>
      <trkpt lat="31.22081679292023181915283203125" lon="121.38341180048882961273193359375">
        <ele>6.19999980926513671875</ele>
        <time>2026-09-26T00:50:32.000Z</time>
        <extensions>
          <ns3:TrackPointExtension>
            <ns3:hr>135</ns3:hr>
            <ns3:cad>81</ns3:cad>
          </ns3:TrackPointExtension>
        </extensions>
      </trkpt>
      <trkpt lat="31.220819391310214996337890625" lon="121.38338782824575901031494140625">
        <ele>6.19999980926513671875</ele>
        <time>2026-09-26T00:50:33.000Z</time>
        <extensions>
          <ns3:TrackPointExtension>
            <ns3:hr>135</ns3:hr>
            <ns3:cad>81</ns3:cad>
          </ns3:TrackPointExtension>
        </extensions>
      </trkpt>
      <trkpt lat="31.22082232497632503509521484375" lon="121.38336385600268840789794921875">
        <ele>6.19999980926513671875</ele>
        <time>2026-09-26T00:50:34.000Z</time>
        <extensions>
          <ns3:TrackPointExtension>
            <ns3:hr>135</ns3:hr>
            <ns3:cad>82</ns3:cad>
          </ns3:TrackPointExtension>
        </extensions>
      </trkpt>
      <trkpt lat="31.22082483954727649688720703125" lon="121.38333971612155437469482421875">
        <ele>6.19999980926513671875</ele>
        <time>2026-09-26T00:50:35.000Z</time>
        <extensions>
          <ns3:TrackPointExtension>
            <ns3:hr>134</ns3:hr>
            <ns3:cad>82</ns3:cad>
          </ns3:TrackPointExtension>
        </extensions>
      </trkpt>
      <trkpt lat="31.220827437937259674072265625" lon="121.3833153247833251953125">
        <ele>6.400000095367431640625</ele>
        <time>2026-09-26T00:50:36.000Z</time>
        <extensions>
          <ns3:TrackPointExtension>
            <ns3:hr>134</ns3:hr>
            <ns3:cad>82</ns3:cad>
          </ns3:TrackPointExtension>
        </extensions>
      </trkpt>
      <trkpt lat="31.2208296172320842742919921875" lon="121.38329143635928630828857421875">
        <ele>6.400000095367431640625</ele>
        <time>2026-09-26T00:50:37.000Z</time>
        <extensions>
          <ns3:TrackPointExtension>
            <ns3:hr>134</ns3:hr>
            <ns3:cad>83</ns3:cad>
          </ns3:TrackPointExtension>
        </extensions>
      </trkpt>
      <trkpt lat="31.22083154506981372833251953125" lon="121.38326779939234256744384765625">
        <ele>6.599999904632568359375</ele>
        <time>2026-09-26T00:50:38.000Z</time>
        <extensions>
          <ns3:TrackPointExtension>
            <ns3:hr>134</ns3:hr>
            <ns3:cad>83</ns3:cad>
          </ns3:TrackPointExtension>
        </extensions>
      </trkpt>
      <trkpt lat="31.2208346463739871978759765625" lon="121.38324357569217681884765625">
        <ele>6.599999904632568359375</ele>
        <time>2026-09-26T00:50:39.000Z</time>
        <extensions>
          <ns3:TrackPointExtension>
            <ns3:hr>134</ns3:hr>
            <ns3:cad>83</ns3:cad>
          </ns3:TrackPointExtension>
        </extensions>
      </trkpt>
      <trkpt lat="31.2208373285830020904541015625" lon="121.38321935199201107025146484375">
        <ele>6.80000019073486328125</ele>
        <time>2026-09-26T00:50:40.000Z</time>
        <extensions>
          <ns3:TrackPointExtension>
            <ns3:hr>134</ns3:hr>
            <ns3:cad>82</ns3:cad>
          </ns3:TrackPointExtension>
        </extensions>
      </trkpt>
      <trkpt lat="31.22084042988717555999755859375" lon="121.38319420628249645233154296875">
        <ele>6.80000019073486328125</ele>
        <time>2026-09-26T00:50:41.000Z</time>
        <extensions>
          <ns3:TrackPointExtension>
            <ns3:hr>134</ns3:hr>
            <ns3:cad>82</ns3:cad>
          </ns3:TrackPointExtension>
        </extensions>
      </trkpt>
      <trkpt lat="31.22084344737231731414794921875" lon="121.38317090459167957305908203125">
        <ele>6.80000019073486328125</ele>
        <time>2026-09-26T00:50:42.000Z</time>
        <extensions>
          <ns3:TrackPointExtension>
            <ns3:hr>135</ns3:hr>
            <ns3:cad>82</ns3:cad>
          </ns3:TrackPointExtension>
        </extensions>
      </trkpt>
      <trkpt lat="31.22084763832390308380126953125" lon="121.38314760290086269378662109375">
        <ele>6.80000019073486328125</ele>
        <time>2026-09-26T00:50:43.000Z</time>
        <extensions>
          <ns3:TrackPointExtension>
            <ns3:hr>134</ns3:hr>
            <ns3:cad>80</ns3:cad>
          </ns3:TrackPointExtension>
        </extensions>
      </trkpt>
      <trkpt lat="31.220851577818393707275390625" lon="121.38312379829585552215576171875">
        <ele>6.80000019073486328125</ele>
        <time>2026-09-26T00:50:44.000Z</time>
        <extensions>
          <ns3:TrackPointExtension>
            <ns3:hr>134</ns3:hr>
            <ns3:cad>79</ns3:cad>
          </ns3:TrackPointExtension>
        </extensions>
      </trkpt>
      <trkpt lat="31.22085602022707462310791015625" lon="121.383101083338260650634765625">
        <ele>6.80000019073486328125</ele>
        <time>2026-09-26T00:50:45.000Z</time>
        <extensions>
          <ns3:TrackPointExtension>
            <ns3:hr>134</ns3:hr>
            <ns3:cad>79</ns3:cad>
          </ns3:TrackPointExtension>
        </extensions>
      </trkpt>
      <trkpt lat="31.2208604626357555389404296875" lon="121.383078955113887786865234375">
        <ele>6.80000019073486328125</ele>
        <time>2026-09-26T00:50:46.000Z</time>
        <extensions>
          <ns3:TrackPointExtension>
            <ns3:hr>134</ns3:hr>
            <ns3:cad>79</ns3:cad>
          </ns3:TrackPointExtension>
        </extensions>
      </trkpt>
      <trkpt lat="31.22086465358734130859375" lon="121.3830564916133880615234375">
        <ele>7</ele>
        <time>2026-09-26T00:50:47.000Z</time>
        <extensions>
          <ns3:TrackPointExtension>
            <ns3:hr>134</ns3:hr>
            <ns3:cad>80</ns3:cad>
          </ns3:TrackPointExtension>
        </extensions>
      </trkpt>
      <trkpt lat="31.220868341624736785888671875" lon="121.38303495012223720550537109375">
        <ele>7</ele>
        <time>2026-09-26T00:50:48.000Z</time>
        <extensions>
          <ns3:TrackPointExtension>
            <ns3:hr>134</ns3:hr>
            <ns3:cad>80</ns3:cad>
          </ns3:TrackPointExtension>
        </extensions>
      </trkpt>
      <trkpt lat="31.2208711914718151092529296875" lon="121.38301349245011806488037109375">
        <ele>7</ele>
        <time>2026-09-26T00:50:49.000Z</time>
        <extensions>
          <ns3:TrackPointExtension>
            <ns3:hr>134</ns3:hr>
            <ns3:cad>80</ns3:cad>
          </ns3:TrackPointExtension>
        </extensions>
      </trkpt>
      <trkpt lat="31.22087479569017887115478515625" lon="121.38298968784511089324951171875">
        <ele>7</ele>
        <time>2026-09-26T00:50:50.000Z</time>
        <extensions>
          <ns3:TrackPointExtension>
            <ns3:hr>134</ns3:hr>
            <ns3:cad>81</ns3:cad>
          </ns3:TrackPointExtension>
        </extensions>
      </trkpt>
      <trkpt lat="31.220878064632415771484375" lon="121.3829661346971988677978515625">
        <ele>7</ele>
        <time>2026-09-26T00:50:51.000Z</time>
        <extensions>
          <ns3:TrackPointExtension>
            <ns3:hr>134</ns3:hr>
            <ns3:cad>81</ns3:cad>
          </ns3:TrackPointExtension>
        </extensions>
      </trkpt>
      <trkpt lat="31.2208809144794940948486328125" lon="121.3829413242638111114501953125">
        <ele>7</ele>
        <time>2026-09-26T00:50:52.000Z</time>
        <extensions>
          <ns3:TrackPointExtension>
            <ns3:hr>134</ns3:hr>
            <ns3:cad>81</ns3:cad>
          </ns3:TrackPointExtension>
        </extensions>
      </trkpt>
      <trkpt lat="31.22088401578366756439208984375" lon="121.3829171843826770782470703125">
        <ele>7</ele>
        <time>2026-09-26T00:50:53.000Z</time>
        <extensions>
          <ns3:TrackPointExtension>
            <ns3:hr>134</ns3:hr>
            <ns3:cad>81</ns3:cad>
          </ns3:TrackPointExtension>
        </extensions>
      </trkpt>
      <trkpt lat="31.22088720090687274932861328125" lon="121.38289379887282848358154296875">
        <ele>7</ele>
        <time>2026-09-26T00:50:54.000Z</time>
        <extensions>
          <ns3:TrackPointExtension>
            <ns3:hr>134</ns3:hr>
            <ns3:cad>81</ns3:cad>
          </ns3:TrackPointExtension>
        </extensions>
      </trkpt>
      <trkpt lat="31.22089005075395107269287109375" lon="121.3828705810010433197021484375">
        <ele>7</ele>
        <time>2026-09-26T00:50:55.000Z</time>
        <extensions>
          <ns3:TrackPointExtension>
            <ns3:hr>133</ns3:hr>
            <ns3:cad>81</ns3:cad>
          </ns3:TrackPointExtension>
        </extensions>
      </trkpt>
      <trkpt lat="31.22089323587715625762939453125" lon="121.38284635730087757110595703125">
        <ele>7</ele>
        <time>2026-09-26T00:50:56.000Z</time>
        <extensions>
          <ns3:TrackPointExtension>
            <ns3:hr>133</ns3:hr>
            <ns3:cad>80</ns3:cad>
          </ns3:TrackPointExtension>
        </extensions>
      </trkpt>
      <trkpt lat="31.22089616954326629638671875" lon="121.38282305561006069183349609375">
        <ele>7</ele>
        <time>2026-09-26T00:50:57.000Z</time>
        <extensions>
          <ns3:TrackPointExtension>
            <ns3:hr>133</ns3:hr>
            <ns3:cad>80</ns3:cad>
          </ns3:TrackPointExtension>
        </extensions>
      </trkpt>
      <trkpt lat="31.2209003604948520660400390625" lon="121.38279874809086322784423828125">
        <ele>7.19999980926513671875</ele>
        <time>2026-09-26T00:50:58.000Z</time>
        <extensions>
          <ns3:TrackPointExtension>
            <ns3:hr>133</ns3:hr>
            <ns3:cad>80</ns3:cad>
          </ns3:TrackPointExtension>
        </extensions>
      </trkpt>
      <trkpt lat="31.22090463526546955108642578125" lon="121.38277729041874408721923828125">
        <ele>7.19999980926513671875</ele>
        <time>2026-09-26T00:50:59.000Z</time>
        <extensions>
          <ns3:TrackPointExtension>
            <ns3:hr>132</ns3:hr>
            <ns3:cad>80</ns3:cad>
          </ns3:TrackPointExtension>
        </extensions>
      </trkpt>
      <trkpt lat="31.2209090776741504669189453125" lon="121.38275331817567348480224609375">
        <ele>7.19999980926513671875</ele>
        <time>2026-09-26T00:51:00.000Z</time>
        <extensions>
          <ns3:TrackPointExtension>
            <ns3:hr>132</ns3:hr>
            <ns3:cad>80</ns3:cad>
          </ns3:TrackPointExtension>
        </extensions>
      </trkpt>
      <trkpt lat="31.220913268625736236572265625" lon="121.3827284239232540130615234375">
        <ele>7.19999980926513671875</ele>
        <time>2026-09-26T00:51:01.000Z</time>
        <extensions>
          <ns3:TrackPointExtension>
            <ns3:hr>132</ns3:hr>
            <ns3:cad>80</ns3:cad>
          </ns3:TrackPointExtension>
        </extensions>
      </trkpt>
      <trkpt lat="31.22091787867248058319091796875" lon="121.38270369730889797210693359375">
        <ele>7.19999980926513671875</ele>
        <time>2026-09-26T00:51:02.000Z</time>
        <extensions>
          <ns3:TrackPointExtension>
            <ns3:hr>132</ns3:hr>
            <ns3:cad>80</ns3:cad>
          </ns3:TrackPointExtension>
        </extensions>
      </trkpt>
      <trkpt lat="31.220921985805034637451171875" lon="121.38267788104712963104248046875">
        <ele>7.19999980926513671875</ele>
        <time>2026-09-26T00:51:03.000Z</time>
        <extensions>
          <ns3:TrackPointExtension>
            <ns3:hr>132</ns3:hr>
            <ns3:cad>80</ns3:cad>
          </ns3:TrackPointExtension>
        </extensions>
      </trkpt>
      <trkpt lat="31.22092559002339839935302734375" lon="121.38265307061374187469482421875">
        <ele>7</ele>
        <time>2026-09-26T00:51:04.000Z</time>
        <extensions>
          <ns3:TrackPointExtension>
            <ns3:hr>132</ns3:hr>
            <ns3:cad>80</ns3:cad>
          </ns3:TrackPointExtension>
        </extensions>
      </trkpt>
      <trkpt lat="31.2209298647940158843994140625" lon="121.3826291821897029876708984375">
        <ele>6.80000019073486328125</ele>
        <time>2026-09-26T00:51:05.000Z</time>
        <extensions>
          <ns3:TrackPointExtension>
            <ns3:hr>132</ns3:hr>
            <ns3:cad>80</ns3:cad>
          </ns3:TrackPointExtension>
        </extensions>
      </trkpt>
      <trkpt lat="31.2209348939359188079833984375" lon="121.38260344974696636199951171875">
        <ele>6.80000019073486328125</ele>
        <time>2026-09-26T00:51:06.000Z</time>
        <extensions>
          <ns3:TrackPointExtension>
            <ns3:hr>132</ns3:hr>
            <ns3:cad>81</ns3:cad>
          </ns3:TrackPointExtension>
        </extensions>
      </trkpt>
      <trkpt lat="31.2209385819733142852783203125" lon="121.3825795613229274749755859375">
        <ele>7</ele>
        <time>2026-09-26T00:51:07.000Z</time>
        <extensions>
          <ns3:TrackPointExtension>
            <ns3:hr>132</ns3:hr>
            <ns3:cad>81</ns3:cad>
          </ns3:TrackPointExtension>
        </extensions>
      </trkpt>
      <trkpt lat="31.2209426052868366241455078125" lon="121.3825547508895397186279296875">
        <ele>7</ele>
        <time>2026-09-26T00:51:08.000Z</time>
        <extensions>
          <ns3:TrackPointExtension>
            <ns3:hr>132</ns3:hr>
            <ns3:cad>81</ns3:cad>
          </ns3:TrackPointExtension>
        </extensions>
      </trkpt>
      <trkpt lat="31.2209469638764858245849609375" lon="121.38252952136099338531494140625">
        <ele>7</ele>
        <time>2026-09-26T00:51:09.000Z</time>
        <extensions>
          <ns3:TrackPointExtension>
            <ns3:hr>132</ns3:hr>
            <ns3:cad>81</ns3:cad>
          </ns3:TrackPointExtension>
        </extensions>
      </trkpt>
      <trkpt lat="31.22095023281872272491455078125" lon="121.382504291832447052001953125">
        <ele>7.19999980926513671875</ele>
        <time>2026-09-26T00:51:10.000Z</time>
        <extensions>
          <ns3:TrackPointExtension>
            <ns3:hr>132</ns3:hr>
            <ns3:cad>80</ns3:cad>
          </ns3:TrackPointExtension>
        </extensions>
      </trkpt>
      <trkpt lat="31.22095392085611820220947265625" lon="121.38247889466583728790283203125">
        <ele>7.19999980926513671875</ele>
        <time>2026-09-26T00:51:11.000Z</time>
        <extensions>
          <ns3:TrackPointExtension>
            <ns3:hr>132</ns3:hr>
            <ns3:cad>80</ns3:cad>
          </ns3:TrackPointExtension>
        </extensions>
      </trkpt>
      <trkpt lat="31.22095794416964054107666015625" lon="121.3824541680514812469482421875">
        <ele>7.19999980926513671875</ele>
        <time>2026-09-26T00:51:12.000Z</time>
        <extensions>
          <ns3:TrackPointExtension>
            <ns3:hr>132</ns3:hr>
            <ns3:cad>80</ns3:cad>
          </ns3:TrackPointExtension>
        </extensions>
      </trkpt>
      <trkpt lat="31.22096230275928974151611328125" lon="121.382429860532283782958984375">
        <ele>7</ele>
        <time>2026-09-26T00:51:13.000Z</time>
        <extensions>
          <ns3:TrackPointExtension>
            <ns3:hr>132</ns3:hr>
            <ns3:cad>80</ns3:cad>
          </ns3:TrackPointExtension>
        </extensions>
      </trkpt>
      <trkpt lat="31.2209665775299072265625" lon="121.382406391203403472900390625">
        <ele>7</ele>
        <time>2026-09-26T00:51:14.000Z</time>
        <extensions>
          <ns3:TrackPointExtension>
            <ns3:hr>132</ns3:hr>
            <ns3:cad>80</ns3:cad>
          </ns3:TrackPointExtension>
        </extensions>
      </trkpt>
      <trkpt lat="31.22097118757665157318115234375" lon="121.38238401152193546295166015625">
        <ele>6.80000019073486328125</ele>
        <time>2026-09-26T00:51:15.000Z</time>
        <extensions>
          <ns3:TrackPointExtension>
            <ns3:hr>132</ns3:hr>
            <ns3:cad>81</ns3:cad>
          </ns3:TrackPointExtension>
        </extensions>
      </trkpt>
      <trkpt lat="31.2209751270711421966552734375" lon="121.38236070983111858367919921875">
        <ele>6.80000019073486328125</ele>
        <time>2026-09-26T00:51:16.000Z</time>
        <extensions>
          <ns3:TrackPointExtension>
            <ns3:hr>132</ns3:hr>
            <ns3:cad>81</ns3:cad>
          </ns3:TrackPointExtension>
        </extensions>
      </trkpt>
      <trkpt lat="31.22097931802272796630859375" lon="121.3823381625115871429443359375">
        <ele>6.80000019073486328125</ele>
        <time>2026-09-26T00:51:17.000Z</time>
        <extensions>
          <ns3:TrackPointExtension>
            <ns3:hr>132</ns3:hr>
            <ns3:cad>81</ns3:cad>
          </ns3:TrackPointExtension>
        </extensions>
      </trkpt>
      <trkpt lat="31.2209845148026943206787109375" lon="121.38231444172561168670654296875">
        <ele>6.80000019073486328125</ele>
        <time>2026-09-26T00:51:18.000Z</time>
        <extensions>
          <ns3:TrackPointExtension>
            <ns3:hr>132</ns3:hr>
            <ns3:cad>81</ns3:cad>
          </ns3:TrackPointExtension>
        </extensions>
      </trkpt>
      <trkpt lat="31.22098878957331180572509765625" lon="121.3822918944060802459716796875">
        <ele>7</ele>
        <time>2026-09-26T00:51:19.000Z</time>
        <extensions>
          <ns3:TrackPointExtension>
            <ns3:hr>132</ns3:hr>
            <ns3:cad>81</ns3:cad>
          </ns3:TrackPointExtension>
        </extensions>
      </trkpt>
      <trkpt lat="31.22099381871521472930908203125" lon="121.38226850889623165130615234375">
        <ele>7</ele>
        <time>2026-09-26T00:51:20.000Z</time>
        <extensions>
          <ns3:TrackPointExtension>
            <ns3:hr>132</ns3:hr>
            <ns3:cad>81</ns3:cad>
          </ns3:TrackPointExtension>
        </extensions>
      </trkpt>
      <trkpt lat="31.22099918313324451446533203125" lon="121.38224436901509761810302734375">
        <ele>6.80000019073486328125</ele>
        <time>2026-09-26T00:51:21.000Z</time>
        <extensions>
          <ns3:TrackPointExtension>
            <ns3:hr>132</ns3:hr>
            <ns3:cad>81</ns3:cad>
          </ns3:TrackPointExtension>
        </extensions>
      </trkpt>
      <trkpt lat="31.2210042960941791534423828125" lon="121.38222089968621730804443359375">
        <ele>6.80000019073486328125</ele>
        <time>2026-09-26T00:51:22.000Z</time>
        <extensions>
          <ns3:TrackPointExtension>
            <ns3:hr>133</ns3:hr>
            <ns3:cad>81</ns3:cad>
          </ns3:TrackPointExtension>
        </extensions>
      </trkpt>
      <trkpt lat="31.22100991196930408477783203125" lon="121.3821963407099246978759765625">
        <ele>6.80000019073486328125</ele>
        <time>2026-09-26T00:51:23.000Z</time>
        <extensions>
          <ns3:TrackPointExtension>
            <ns3:hr>133</ns3:hr>
            <ns3:cad>81</ns3:cad>
          </ns3:TrackPointExtension>
        </extensions>
      </trkpt>
      <trkpt lat="31.2210150249302387237548828125" lon="121.38217161409556865692138671875">
        <ele>6.80000019073486328125</ele>
        <time>2026-09-26T00:51:24.000Z</time>
        <extensions>
          <ns3:TrackPointExtension>
            <ns3:hr>133</ns3:hr>
            <ns3:cad>81</ns3:cad>
          </ns3:TrackPointExtension>
        </extensions>
      </trkpt>
      <trkpt lat="31.2210200540721416473388671875" lon="121.38214789330959320068359375">
        <ele>6.80000019073486328125</ele>
        <time>2026-09-26T00:51:25.000Z</time>
        <extensions>
          <ns3:TrackPointExtension>
            <ns3:hr>133</ns3:hr>
            <ns3:cad>81</ns3:cad>
          </ns3:TrackPointExtension>
        </extensions>
      </trkpt>
      <trkpt lat="31.22102558612823486328125" lon="121.3821232505142688751220703125">
        <ele>7</ele>
        <time>2026-09-26T00:51:26.000Z</time>
        <extensions>
          <ns3:TrackPointExtension>
            <ns3:hr>134</ns3:hr>
            <ns3:cad>81</ns3:cad>
          </ns3:TrackPointExtension>
        </extensions>
      </trkpt>
      <trkpt lat="31.22103086672723293304443359375" lon="121.3821001164615154266357421875">
        <ele>7</ele>
        <time>2026-09-26T00:51:27.000Z</time>
        <extensions>
          <ns3:TrackPointExtension>
            <ns3:hr>134</ns3:hr>
            <ns3:cad>80</ns3:cad>
          </ns3:TrackPointExtension>
        </extensions>
      </trkpt>
      <trkpt lat="31.22103698551654815673828125" lon="121.382077150046825408935546875">
        <ele>7</ele>
        <time>2026-09-26T00:51:28.000Z</time>
        <extensions>
          <ns3:TrackPointExtension>
            <ns3:hr>134</ns3:hr>
            <ns3:cad>80</ns3:cad>
          </ns3:TrackPointExtension>
        </extensions>
      </trkpt>
      <trkpt lat="31.22104327194392681121826171875" lon="121.38205460272729396820068359375">
        <ele>7</ele>
        <time>2026-09-26T00:51:29.000Z</time>
        <extensions>
          <ns3:TrackPointExtension>
            <ns3:hr>134</ns3:hr>
            <ns3:cad>80</ns3:cad>
          </ns3:TrackPointExtension>
        </extensions>
      </trkpt>
      <trkpt lat="31.22104930691421031951904296875" lon="121.3820317201316356658935546875">
        <ele>6.80000019073486328125</ele>
        <time>2026-09-26T00:51:30.000Z</time>
        <extensions>
          <ns3:TrackPointExtension>
            <ns3:hr>134</ns3:hr>
            <ns3:cad>80</ns3:cad>
          </ns3:TrackPointExtension>
        </extensions>
      </trkpt>
      <trkpt lat="31.22105576097965240478515625" lon="121.382006742060184478759765625">
        <ele>6.80000019073486328125</ele>
        <time>2026-09-26T00:51:31.000Z</time>
        <extensions>
          <ns3:TrackPointExtension>
            <ns3:hr>134</ns3:hr>
            <ns3:cad>80</ns3:cad>
          </ns3:TrackPointExtension>
        </extensions>
      </trkpt>
      <trkpt lat="31.2210622988641262054443359375" lon="121.38198293745517730712890625">
        <ele>6.80000019073486328125</ele>
        <time>2026-09-26T00:51:32.000Z</time>
        <extensions>
          <ns3:TrackPointExtension>
            <ns3:hr>134</ns3:hr>
            <ns3:cad>80</ns3:cad>
          </ns3:TrackPointExtension>
        </extensions>
      </trkpt>
      <trkpt lat="31.22106841765344142913818359375" lon="121.38195787556469440460205078125">
        <ele>6.80000019073486328125</ele>
        <time>2026-09-26T00:51:33.000Z</time>
        <extensions>
          <ns3:TrackPointExtension>
            <ns3:hr>134</ns3:hr>
            <ns3:cad>80</ns3:cad>
          </ns3:TrackPointExtension>
        </extensions>
      </trkpt>
      <trkpt lat="31.22107478789985179901123046875" lon="121.381933651864528656005859375">
        <ele>6.80000019073486328125</ele>
        <time>2026-09-26T00:51:34.000Z</time>
        <extensions>
          <ns3:TrackPointExtension>
            <ns3:hr>134</ns3:hr>
            <ns3:cad>80</ns3:cad>
          </ns3:TrackPointExtension>
        </extensions>
      </trkpt>
      <trkpt lat="31.22108132578432559967041015625" lon="121.38190959580242633819580078125">
        <ele>6.80000019073486328125</ele>
        <time>2026-09-26T00:51:35.000Z</time>
        <extensions>
          <ns3:TrackPointExtension>
            <ns3:hr>134</ns3:hr>
            <ns3:cad>80</ns3:cad>
          </ns3:TrackPointExtension>
        </extensions>
      </trkpt>
      <trkpt lat="31.2210874445736408233642578125" lon="121.3818885572254657745361328125">
        <ele>6.80000019073486328125</ele>
        <time>2026-09-26T00:51:36.000Z</time>
        <extensions>
          <ns3:TrackPointExtension>
            <ns3:hr>134</ns3:hr>
            <ns3:cad>80</ns3:cad>
          </ns3:TrackPointExtension>
        </extensions>
      </trkpt>
      <trkpt lat="31.22109465301036834716796875" lon="121.38186684809625148773193359375">
        <ele>6.80000019073486328125</ele>
        <time>2026-09-26T00:51:37.000Z</time>
        <extensions>
          <ns3:TrackPointExtension>
            <ns3:hr>134</ns3:hr>
            <ns3:cad>80</ns3:cad>
          </ns3:TrackPointExtension>
        </extensions>
      </trkpt>
      <trkpt lat="31.22110228054225444793701171875" lon="121.38184539042413234710693359375">
        <ele>6.80000019073486328125</ele>
        <time>2026-09-26T00:51:38.000Z</time>
        <extensions>
          <ns3:TrackPointExtension>
            <ns3:hr>134</ns3:hr>
            <ns3:cad>80</ns3:cad>
          </ns3:TrackPointExtension>
        </extensions>
      </trkpt>
      <trkpt lat="31.22110814787447452545166015625" lon="121.38182334601879119873046875">
        <ele>6.80000019073486328125</ele>
        <time>2026-09-26T00:51:39.000Z</time>
        <extensions>
          <ns3:TrackPointExtension>
            <ns3:hr>134</ns3:hr>
            <ns3:cad>80</ns3:cad>
          </ns3:TrackPointExtension>
        </extensions>
      </trkpt>
      <trkpt lat="31.2211142666637897491455078125" lon="121.38180180452764034271240234375">
        <ele>6.80000019073486328125</ele>
        <time>2026-09-26T00:51:40.000Z</time>
        <extensions>
          <ns3:TrackPointExtension>
            <ns3:hr>134</ns3:hr>
            <ns3:cad>80</ns3:cad>
          </ns3:TrackPointExtension>
        </extensions>
      </trkpt>
      <trkpt lat="31.22112088836729526519775390625" lon="121.3817797601222991943359375">
        <ele>6.80000019073486328125</ele>
        <time>2026-09-26T00:51:41.000Z</time>
        <extensions>
          <ns3:TrackPointExtension>
            <ns3:hr>134</ns3:hr>
            <ns3:cad>80</ns3:cad>
          </ns3:TrackPointExtension>
        </extensions>
      </trkpt>
      <trkpt lat="31.2211266718804836273193359375" lon="121.38175872154533863067626953125">
        <ele>6.599999904632568359375</ele>
        <time>2026-09-26T00:51:42.000Z</time>
        <extensions>
          <ns3:TrackPointExtension>
            <ns3:hr>134</ns3:hr>
            <ns3:cad>80</ns3:cad>
          </ns3:TrackPointExtension>
        </extensions>
      </trkpt>
      <trkpt lat="31.2211333774030208587646484375" lon="121.38173575513064861297607421875">
        <ele>6.599999904632568359375</ele>
        <time>2026-09-26T00:51:43.000Z</time>
        <extensions>
          <ns3:TrackPointExtension>
            <ns3:hr>134</ns3:hr>
            <ns3:cad>79</ns3:cad>
          </ns3:TrackPointExtension>
        </extensions>
      </trkpt>
      <trkpt lat="31.22114016674458980560302734375" lon="121.3817122019827365875244140625">
        <ele>6.400000095367431640625</ele>
        <time>2026-09-26T00:51:44.000Z</time>
        <extensions>
          <ns3:TrackPointExtension>
            <ns3:hr>134</ns3:hr>
            <ns3:cad>79</ns3:cad>
          </ns3:TrackPointExtension>
        </extensions>
      </trkpt>
      <trkpt lat="31.22114720754325389862060546875" lon="121.38168764300644397735595703125">
        <ele>6.400000095367431640625</ele>
        <time>2026-09-26T00:51:45.000Z</time>
        <extensions>
          <ns3:TrackPointExtension>
            <ns3:hr>133</ns3:hr>
            <ns3:cad>80</ns3:cad>
          </ns3:TrackPointExtension>
        </extensions>
      </trkpt>
      <trkpt lat="31.22115558944642543792724609375" lon="121.3816609047353267669677734375">
        <ele>6.400000095367431640625</ele>
        <time>2026-09-26T00:51:46.000Z</time>
        <extensions>
          <ns3:TrackPointExtension>
            <ns3:hr>134</ns3:hr>
            <ns3:cad>80</ns3:cad>
          </ns3:TrackPointExtension>
        </extensions>
      </trkpt>
      <trkpt lat="31.22116430662572383880615234375" lon="121.38163416646420955657958984375">
        <ele>6.599999904632568359375</ele>
        <time>2026-09-26T00:51:47.000Z</time>
        <extensions>
          <ns3:TrackPointExtension>
            <ns3:hr>134</ns3:hr>
            <ns3:cad>82</ns3:cad>
          </ns3:TrackPointExtension>
        </extensions>
      </trkpt>
      <trkpt lat="31.221173107624053955078125" lon="121.38160784728825092315673828125">
        <ele>6.599999904632568359375</ele>
        <time>2026-09-26T00:51:48.000Z</time>
        <extensions>
          <ns3:TrackPointExtension>
            <ns3:hr>134</ns3:hr>
            <ns3:cad>82</ns3:cad>
          </ns3:TrackPointExtension>
        </extensions>
      </trkpt>
      <trkpt lat="31.221180818974971771240234375" lon="121.38158052228391170501708984375">
        <ele>6.599999904632568359375</ele>
        <time>2026-09-26T00:51:49.000Z</time>
        <extensions>
          <ns3:TrackPointExtension>
            <ns3:hr>134</ns3:hr>
            <ns3:cad>82</ns3:cad>
          </ns3:TrackPointExtension>
        </extensions>
      </trkpt>
      <trkpt lat="31.22118794359266757965087890625" lon="121.381552107632160186767578125">
        <ele>6.599999904632568359375</ele>
        <time>2026-09-26T00:51:50.000Z</time>
        <extensions>
          <ns3:TrackPointExtension>
            <ns3:hr>134</ns3:hr>
            <ns3:cad>82</ns3:cad>
          </ns3:TrackPointExtension>
        </extensions>
      </trkpt>
      <trkpt lat="31.221194565296173095703125" lon="121.38152536936104297637939453125">
        <ele>6.599999904632568359375</ele>
        <time>2026-09-26T00:51:51.000Z</time>
        <extensions>
          <ns3:TrackPointExtension>
            <ns3:hr>134</ns3:hr>
            <ns3:cad>81</ns3:cad>
          </ns3:TrackPointExtension>
        </extensions>
      </trkpt>
      <trkpt lat="31.22120135463774204254150390625" lon="121.38149938546121120452880859375">
        <ele>6.599999904632568359375</ele>
        <time>2026-09-26T00:51:52.000Z</time>
        <extensions>
          <ns3:TrackPointExtension>
            <ns3:hr>134</ns3:hr>
            <ns3:cad>81</ns3:cad>
          </ns3:TrackPointExtension>
        </extensions>
      </trkpt>
      <trkpt lat="31.22120806016027927398681640625" lon="121.38147532939910888671875">
        <ele>6.599999904632568359375</ele>
        <time>2026-09-26T00:51:53.000Z</time>
        <extensions>
          <ns3:TrackPointExtension>
            <ns3:hr>134</ns3:hr>
            <ns3:cad>81</ns3:cad>
          </ns3:TrackPointExtension>
        </extensions>
      </trkpt>
      <trkpt lat="31.221214346587657928466796875" lon="121.3814525306224822998046875">
        <ele>6.599999904632568359375</ele>
        <time>2026-09-26T00:51:54.000Z</time>
        <extensions>
          <ns3:TrackPointExtension>
            <ns3:hr>134</ns3:hr>
            <ns3:cad>81</ns3:cad>
          </ns3:TrackPointExtension>
        </extensions>
      </trkpt>
      <trkpt lat="31.2212218903005123138427734375" lon="121.38142906129360198974609375">
        <ele>6.599999904632568359375</ele>
        <time>2026-09-26T00:51:55.000Z</time>
        <extensions>
          <ns3:TrackPointExtension>
            <ns3:hr>134</ns3:hr>
            <ns3:cad>81</ns3:cad>
          </ns3:TrackPointExtension>
        </extensions>
      </trkpt>
      <trkpt lat="31.2212285958230495452880859375" lon="121.3814055919647216796875">
        <ele>6.80000019073486328125</ele>
        <time>2026-09-26T00:51:56.000Z</time>
        <extensions>
          <ns3:TrackPointExtension>
            <ns3:hr>134</ns3:hr>
            <ns3:cad>81</ns3:cad>
          </ns3:TrackPointExtension>
        </extensions>
      </trkpt>
      <trkpt lat="31.22123521752655506134033203125" lon="121.38138337992131710052490234375">
        <ele>6.599999904632568359375</ele>
        <time>2026-09-26T00:51:57.000Z</time>
        <extensions>
          <ns3:TrackPointExtension>
            <ns3:hr>134</ns3:hr>
            <ns3:cad>81</ns3:cad>
          </ns3:TrackPointExtension>
        </extensions>
      </trkpt>
      <trkpt lat="31.22124259360134601593017578125" lon="121.38136158697307109832763671875">
        <ele>6.80000019073486328125</ele>
        <time>2026-09-26T00:51:58.000Z</time>
        <extensions>
          <ns3:TrackPointExtension>
            <ns3:hr>134</ns3:hr>
            <ns3:cad>80</ns3:cad>
          </ns3:TrackPointExtension>
        </extensions>
      </trkpt>
      <trkpt lat="31.221249885857105255126953125" lon="121.381340213119983673095703125">
        <ele>6.599999904632568359375</ele>
        <time>2026-09-26T00:51:59.000Z</time>
        <extensions>
          <ns3:TrackPointExtension>
            <ns3:hr>134</ns3:hr>
            <ns3:cad>80</ns3:cad>
          </ns3:TrackPointExtension>
        </extensions>
      </trkpt>
      <trkpt lat="31.2212584353983402252197265625" lon="121.38131766580045223236083984375">
        <ele>6.599999904632568359375</ele>
        <time>2026-09-26T00:52:00.000Z</time>
        <extensions>
          <ns3:TrackPointExtension>
            <ns3:hr>134</ns3:hr>
            <ns3:cad>79</ns3:cad>
          </ns3:TrackPointExtension>
        </extensions>
      </trkpt>
      <trkpt lat="31.2212668173015117645263671875" lon="121.3812944479286670684814453125">
        <ele>6.599999904632568359375</ele>
        <time>2026-09-26T00:52:01.000Z</time>
        <extensions>
          <ns3:TrackPointExtension>
            <ns3:hr>134</ns3:hr>
            <ns3:cad>80</ns3:cad>
          </ns3:TrackPointExtension>
        </extensions>
      </trkpt>
      <trkpt lat="31.221275031566619873046875" lon="121.3812699727714061737060546875">
        <ele>6.80000019073486328125</ele>
        <time>2026-09-26T00:52:02.000Z</time>
        <extensions>
          <ns3:TrackPointExtension>
            <ns3:hr>134</ns3:hr>
            <ns3:cad>80</ns3:cad>
          </ns3:TrackPointExtension>
        </extensions>
      </trkpt>
      <trkpt lat="31.2212832458317279815673828125" lon="121.381244324147701263427734375">
        <ele>6.80000019073486328125</ele>
        <time>2026-09-26T00:52:03.000Z</time>
        <extensions>
          <ns3:TrackPointExtension>
            <ns3:hr>134</ns3:hr>
            <ns3:cad>81</ns3:cad>
          </ns3:TrackPointExtension>
        </extensions>
      </trkpt>
      <trkpt lat="31.2212912924587726593017578125" lon="121.3812190108001232147216796875">
        <ele>6.80000019073486328125</ele>
        <time>2026-09-26T00:52:04.000Z</time>
        <extensions>
          <ns3:TrackPointExtension>
            <ns3:hr>134</ns3:hr>
            <ns3:cad>81</ns3:cad>
          </ns3:TrackPointExtension>
        </extensions>
      </trkpt>
      <trkpt lat="31.22129942290484905242919921875" lon="121.38119378127157688140869140625">
        <ele>7</ele>
        <time>2026-09-26T00:52:05.000Z</time>
        <extensions>
          <ns3:TrackPointExtension>
            <ns3:hr>134</ns3:hr>
            <ns3:cad>81</ns3:cad>
          </ns3:TrackPointExtension>
        </extensions>
      </trkpt>
      <trkpt lat="31.22130780480802059173583984375" lon="121.38116846792399883270263671875">
        <ele>7</ele>
        <time>2026-09-26T00:52:06.000Z</time>
        <extensions>
          <ns3:TrackPointExtension>
            <ns3:hr>134</ns3:hr>
            <ns3:cad>81</ns3:cad>
          </ns3:TrackPointExtension>
        </extensions>
      </trkpt>
      <trkpt lat="31.2213157676160335540771484375" lon="121.381143741309642791748046875">
        <ele>7</ele>
        <time>2026-09-26T00:52:07.000Z</time>
        <extensions>
          <ns3:TrackPointExtension>
            <ns3:hr>134</ns3:hr>
            <ns3:cad>82</ns3:cad>
          </ns3:TrackPointExtension>
        </extensions>
      </trkpt>
      <trkpt lat="31.2213241495192050933837890625" lon="121.3811180926859378814697265625">
        <ele>7</ele>
        <time>2026-09-26T00:52:08.000Z</time>
        <extensions>
          <ns3:TrackPointExtension>
            <ns3:hr>134</ns3:hr>
            <ns3:cad>82</ns3:cad>
          </ns3:TrackPointExtension>
        </extensions>
      </trkpt>
      <trkpt lat="31.2213321961462497711181640625" lon="121.381093449890613555908203125">
        <ele>7</ele>
        <time>2026-09-26T00:52:09.000Z</time>
        <extensions>
          <ns3:TrackPointExtension>
            <ns3:hr>134</ns3:hr>
            <ns3:cad>82</ns3:cad>
          </ns3:TrackPointExtension>
        </extensions>
      </trkpt>
      <trkpt lat="31.22133999131619930267333984375" lon="121.3810684718191623687744140625">
        <ele>7</ele>
        <time>2026-09-26T00:52:10.000Z</time>
        <extensions>
          <ns3:TrackPointExtension>
            <ns3:hr>134</ns3:hr>
            <ns3:cad>82</ns3:cad>
          </ns3:TrackPointExtension>
        </extensions>
      </trkpt>
      <trkpt lat="31.22134820558130741119384765625" lon="121.381043493747711181640625">
        <ele>6.80000019073486328125</ele>
        <time>2026-09-26T00:52:11.000Z</time>
        <extensions>
          <ns3:TrackPointExtension>
            <ns3:hr>134</ns3:hr>
            <ns3:cad>82</ns3:cad>
          </ns3:TrackPointExtension>
        </extensions>
      </trkpt>
      <trkpt lat="31.2213566713035106658935546875" lon="121.3810193538665771484375">
        <ele>6.80000019073486328125</ele>
        <time>2026-09-26T00:52:12.000Z</time>
        <extensions>
          <ns3:TrackPointExtension>
            <ns3:hr>134</ns3:hr>
            <ns3:cad>82</ns3:cad>
          </ns3:TrackPointExtension>
        </extensions>
      </trkpt>
      <trkpt lat="31.22136413119733333587646484375" lon="121.38099596835672855377197265625">
        <ele>6.80000019073486328125</ele>
        <time>2026-09-26T00:52:13.000Z</time>
        <extensions>
          <ns3:TrackPointExtension>
            <ns3:hr>134</ns3:hr>
            <ns3:cad>82</ns3:cad>
          </ns3:TrackPointExtension>
        </extensions>
      </trkpt>
      <trkpt lat="31.2213717587292194366455078125" lon="121.38097107410430908203125">
        <ele>7</ele>
        <time>2026-09-26T00:52:14.000Z</time>
        <extensions>
          <ns3:TrackPointExtension>
            <ns3:hr>134</ns3:hr>
            <ns3:cad>81</ns3:cad>
          </ns3:TrackPointExtension>
        </extensions>
      </trkpt>
      <trkpt lat="31.22137871570885181427001953125" lon="121.380945928394794464111328125">
        <ele>7</ele>
        <time>2026-09-26T00:52:15.000Z</time>
        <extensions>
          <ns3:TrackPointExtension>
            <ns3:hr>134</ns3:hr>
            <ns3:cad>81</ns3:cad>
          </ns3:TrackPointExtension>
        </extensions>
      </trkpt>
      <trkpt lat="31.22138575650751590728759765625" lon="121.380921117961406707763671875">
        <ele>7.19999980926513671875</ele>
        <time>2026-09-26T00:52:16.000Z</time>
        <extensions>
          <ns3:TrackPointExtension>
            <ns3:hr>135</ns3:hr>
            <ns3:cad>82</ns3:cad>
          </ns3:TrackPointExtension>
        </extensions>
      </trkpt>
      <trkpt lat="31.22139363549649715423583984375" lon="121.38089605607092380523681640625">
        <ele>7.400000095367431640625</ele>
        <time>2026-09-26T00:52:17.000Z</time>
        <extensions>
          <ns3:TrackPointExtension>
            <ns3:hr>134</ns3:hr>
            <ns3:cad>82</ns3:cad>
          </ns3:TrackPointExtension>
        </extensions>
      </trkpt>
      <trkpt lat="31.2214022688567638397216796875" lon="121.3808709941804409027099609375">
        <ele>7.400000095367431640625</ele>
        <time>2026-09-26T00:52:18.000Z</time>
        <extensions>
          <ns3:TrackPointExtension>
            <ns3:hr>134</ns3:hr>
            <ns3:cad>82</ns3:cad>
          </ns3:TrackPointExtension>
        </extensions>
      </trkpt>
      <trkpt lat="31.22141123749315738677978515625" lon="121.3808461837470531463623046875">
        <ele>7.400000095367431640625</ele>
        <time>2026-09-26T00:52:19.000Z</time>
        <extensions>
          <ns3:TrackPointExtension>
            <ns3:hr>134</ns3:hr>
            <ns3:cad>82</ns3:cad>
          </ns3:TrackPointExtension>
        </extensions>
      </trkpt>
      <trkpt lat="31.22142096050083637237548828125" lon="121.38082011602818965911865234375">
        <ele>7.400000095367431640625</ele>
        <time>2026-09-26T00:52:20.000Z</time>
        <extensions>
          <ns3:TrackPointExtension>
            <ns3:hr>135</ns3:hr>
            <ns3:cad>82</ns3:cad>
          </ns3:TrackPointExtension>
        </extensions>
      </trkpt>
      <trkpt lat="31.221430264413356781005859375" lon="121.380794048309326171875">
        <ele>7.400000095367431640625</ele>
        <time>2026-09-26T00:52:21.000Z</time>
        <extensions>
          <ns3:TrackPointExtension>
            <ns3:hr>135</ns3:hr>
            <ns3:cad>82</ns3:cad>
          </ns3:TrackPointExtension>
        </extensions>
      </trkpt>
      <trkpt lat="31.22143973596394062042236328125" lon="121.38076722621917724609375">
        <ele>7.19999980926513671875</ele>
        <time>2026-09-26T00:52:22.000Z</time>
        <extensions>
          <ns3:TrackPointExtension>
            <ns3:hr>135</ns3:hr>
            <ns3:cad>82</ns3:cad>
          </ns3:TrackPointExtension>
        </extensions>
      </trkpt>
      <trkpt lat="31.22144878841936588287353515625" lon="121.38074099086225032806396484375">
        <ele>7.400000095367431640625</ele>
        <time>2026-09-26T00:52:23.000Z</time>
        <extensions>
          <ns3:TrackPointExtension>
            <ns3:hr>135</ns3:hr>
            <ns3:cad>82</ns3:cad>
          </ns3:TrackPointExtension>
        </extensions>
      </trkpt>
      <trkpt lat="31.2214582599699497222900390625" lon="121.38071433641016483306884765625">
        <ele>7.19999980926513671875</ele>
        <time>2026-09-26T00:52:24.000Z</time>
        <extensions>
          <ns3:TrackPointExtension>
            <ns3:hr>135</ns3:hr>
            <ns3:cad>82</ns3:cad>
          </ns3:TrackPointExtension>
        </extensions>
      </trkpt>
      <trkpt lat="31.2214673124253749847412109375" lon="121.3806872628629207611083984375">
        <ele>7.19999980926513671875</ele>
        <time>2026-09-26T00:52:25.000Z</time>
        <extensions>
          <ns3:TrackPointExtension>
            <ns3:hr>136</ns3:hr>
            <ns3:cad>82</ns3:cad>
          </ns3:TrackPointExtension>
        </extensions>
      </trkpt>
      <trkpt lat="31.22147561050951480865478515625" lon="121.3806612789630889892578125">
        <ele>7.19999980926513671875</ele>
        <time>2026-09-26T00:52:26.000Z</time>
        <extensions>
          <ns3:TrackPointExtension>
            <ns3:hr>136</ns3:hr>
            <ns3:cad>82</ns3:cad>
          </ns3:TrackPointExtension>
        </extensions>
      </trkpt>
      <trkpt lat="31.22148399241268634796142578125" lon="121.38063420541584491729736328125">
        <ele>7.19999980926513671875</ele>
        <time>2026-09-26T00:52:27.000Z</time>
        <extensions>
          <ns3:TrackPointExtension>
            <ns3:hr>136</ns3:hr>
            <ns3:cad>82</ns3:cad>
          </ns3:TrackPointExtension>
        </extensions>
      </trkpt>
      <trkpt lat="31.2214921228587627410888671875" lon="121.38060788623988628387451171875">
        <ele>7</ele>
        <time>2026-09-26T00:52:28.000Z</time>
        <extensions>
          <ns3:TrackPointExtension>
            <ns3:hr>136</ns3:hr>
            <ns3:cad>82</ns3:cad>
          </ns3:TrackPointExtension>
        </extensions>
      </trkpt>
      <trkpt lat="31.22149966657161712646484375" lon="121.38058173470199108123779296875">
        <ele>7.19999980926513671875</ele>
        <time>2026-09-26T00:52:29.000Z</time>
        <extensions>
          <ns3:TrackPointExtension>
            <ns3:hr>136</ns3:hr>
            <ns3:cad>83</ns3:cad>
          </ns3:TrackPointExtension>
        </extensions>
      </trkpt>
      <trkpt lat="31.2215065397322177886962890625" lon="121.38055323623120784759521484375">
        <ele>7.19999980926513671875</ele>
        <time>2026-09-26T00:52:30.000Z</time>
        <extensions>
          <ns3:TrackPointExtension>
            <ns3:hr>137</ns3:hr>
            <ns3:cad>83</ns3:cad>
          </ns3:TrackPointExtension>
        </extensions>
      </trkpt>
      <trkpt lat="31.2215132452547550201416015625" lon="121.38052641414105892181396484375">
        <ele>7.400000095367431640625</ele>
        <time>2026-09-26T00:52:31.000Z</time>
        <extensions>
          <ns3:TrackPointExtension>
            <ns3:hr>136</ns3:hr>
            <ns3:cad>83</ns3:cad>
          </ns3:TrackPointExtension>
        </extensions>
      </trkpt>
      <trkpt lat="31.22152003459632396697998046875" lon="121.38049942441284656524658203125">
        <ele>7.19999980926513671875</ele>
        <time>2026-09-26T00:52:32.000Z</time>
        <extensions>
          <ns3:TrackPointExtension>
            <ns3:hr>136</ns3:hr>
            <ns3:cad>82</ns3:cad>
          </ns3:TrackPointExtension>
        </extensions>
      </trkpt>
      <trkpt lat="31.221527494490146636962890625" lon="121.38047243468463420867919921875">
        <ele>7.19999980926513671875</ele>
        <time>2026-09-26T00:52:33.000Z</time>
        <extensions>
          <ns3:TrackPointExtension>
            <ns3:hr>137</ns3:hr>
            <ns3:cad>81</ns3:cad>
          </ns3:TrackPointExtension>
        </extensions>
      </trkpt>
      <trkpt lat="31.22153445146977901458740234375" lon="121.38044536113739013671875">
        <ele>7.19999980926513671875</ele>
        <time>2026-09-26T00:52:34.000Z</time>
        <extensions>
          <ns3:TrackPointExtension>
            <ns3:hr>137</ns3:hr>
            <ns3:cad>81</ns3:cad>
          </ns3:TrackPointExtension>
        </extensions>
      </trkpt>
      <trkpt lat="31.22154182754456996917724609375" lon="121.3804166950285434722900390625">
        <ele>7.19999980926513671875</ele>
        <time>2026-09-26T00:52:35.000Z</time>
        <extensions>
          <ns3:TrackPointExtension>
            <ns3:hr>137</ns3:hr>
            <ns3:cad>82</ns3:cad>
          </ns3:TrackPointExtension>
        </extensions>
      </trkpt>
      <trkpt lat="31.22154886834323406219482421875" lon="121.3803881965577602386474609375">
        <ele>7.19999980926513671875</ele>
        <time>2026-09-26T00:52:36.000Z</time>
        <extensions>
          <ns3:TrackPointExtension>
            <ns3:hr>138</ns3:hr>
            <ns3:cad>82</ns3:cad>
          </ns3:TrackPointExtension>
        </extensions>
      </trkpt>
      <trkpt lat="31.22155574150383472442626953125" lon="121.3803627155721187591552734375">
        <ele>7.19999980926513671875</ele>
        <time>2026-09-26T00:52:37.000Z</time>
        <extensions>
          <ns3:TrackPointExtension>
            <ns3:hr>138</ns3:hr>
            <ns3:cad>82</ns3:cad>
          </ns3:TrackPointExtension>
        </extensions>
      </trkpt>
      <trkpt lat="31.22156403958797454833984375" lon="121.3803368993103504180908203125">
        <ele>7.19999980926513671875</ele>
        <time>2026-09-26T00:52:38.000Z</time>
        <extensions>
          <ns3:TrackPointExtension>
            <ns3:hr>138</ns3:hr>
            <ns3:cad>82</ns3:cad>
          </ns3:TrackPointExtension>
        </extensions>
      </trkpt>
      <trkpt lat="31.22157200239598751068115234375" lon="121.380310915410518646240234375">
        <ele>7.400000095367431640625</ele>
        <time>2026-09-26T00:52:39.000Z</time>
        <extensions>
          <ns3:TrackPointExtension>
            <ns3:hr>138</ns3:hr>
            <ns3:cad>82</ns3:cad>
          </ns3:TrackPointExtension>
        </extensions>
      </trkpt>
      <trkpt lat="31.22158013284206390380859375" lon="121.38028400950133800506591796875">
        <ele>7.400000095367431640625</ele>
        <time>2026-09-26T00:52:40.000Z</time>
        <extensions>
          <ns3:TrackPointExtension>
            <ns3:hr>138</ns3:hr>
            <ns3:cad>82</ns3:cad>
          </ns3:TrackPointExtension>
        </extensions>
      </trkpt>
      <trkpt lat="31.22158817946910858154296875" lon="121.3802584446966648101806640625">
        <ele>7.400000095367431640625</ele>
        <time>2026-09-26T00:52:41.000Z</time>
        <extensions>
          <ns3:TrackPointExtension>
            <ns3:hr>139</ns3:hr>
            <ns3:cad>82</ns3:cad>
          </ns3:TrackPointExtension>
        </extensions>
      </trkpt>
      <trkpt lat="31.2215955555438995361328125" lon="121.3802322931587696075439453125">
        <ele>7.400000095367431640625</ele>
        <time>2026-09-26T00:52:42.000Z</time>
        <extensions>
          <ns3:TrackPointExtension>
            <ns3:hr>138</ns3:hr>
            <ns3:cad>82</ns3:cad>
          </ns3:TrackPointExtension>
        </extensions>
      </trkpt>
      <trkpt lat="31.22160318307578563690185546875" lon="121.380206979811191558837890625">
        <ele>7.400000095367431640625</ele>
        <time>2026-09-26T00:52:43.000Z</time>
        <extensions>
          <ns3:TrackPointExtension>
            <ns3:hr>138</ns3:hr>
            <ns3:cad>82</ns3:cad>
          </ns3:TrackPointExtension>
        </extensions>
      </trkpt>
      <trkpt lat="31.2216111458837985992431640625" lon="121.38018007390201091766357421875">
        <ele>7.400000095367431640625</ele>
        <time>2026-09-26T00:52:44.000Z</time>
        <extensions>
          <ns3:TrackPointExtension>
            <ns3:hr>139</ns3:hr>
            <ns3:cad>82</ns3:cad>
          </ns3:TrackPointExtension>
        </extensions>
      </trkpt>
      <trkpt lat="31.2216185219585895538330078125" lon="121.38015367090702056884765625">
        <ele>7.400000095367431640625</ele>
        <time>2026-09-26T00:52:45.000Z</time>
        <extensions>
          <ns3:TrackPointExtension>
            <ns3:hr>138</ns3:hr>
            <ns3:cad>82</ns3:cad>
          </ns3:TrackPointExtension>
        </extensions>
      </trkpt>
      <trkpt lat="31.2216252274811267852783203125" lon="121.38012894429266452789306640625">
        <ele>7.400000095367431640625</ele>
        <time>2026-09-26T00:52:46.000Z</time>
        <extensions>
          <ns3:TrackPointExtension>
            <ns3:hr>138</ns3:hr>
            <ns3:cad>82</ns3:cad>
          </ns3:TrackPointExtension>
        </extensions>
      </trkpt>
      <trkpt lat="31.22163134627044200897216796875" lon="121.3801001943647861480712890625">
        <ele>7.599999904632568359375</ele>
        <time>2026-09-26T00:52:47.000Z</time>
        <extensions>
          <ns3:TrackPointExtension>
            <ns3:hr>138</ns3:hr>
            <ns3:cad>82</ns3:cad>
          </ns3:TrackPointExtension>
        </extensions>
      </trkpt>
      <trkpt lat="31.221637465059757232666015625" lon="121.38007412664592266082763671875">
        <ele>7.80000019073486328125</ele>
        <time>2026-09-26T00:52:48.000Z</time>
        <extensions>
          <ns3:TrackPointExtension>
            <ns3:hr>139</ns3:hr>
            <ns3:cad>82</ns3:cad>
          </ns3:TrackPointExtension>
        </extensions>
      </trkpt>
      <trkpt lat="31.22164324857294559478759765625" lon="121.38004914857447147369384765625">
        <ele>7.80000019073486328125</ele>
        <time>2026-09-26T00:52:49.000Z</time>
        <extensions>
          <ns3:TrackPointExtension>
            <ns3:hr>138</ns3:hr>
            <ns3:cad>82</ns3:cad>
          </ns3:TrackPointExtension>
        </extensions>
      </trkpt>
      <trkpt lat="31.221649535000324249267578125" lon="121.38002433814108371734619140625">
        <ele>7.80000019073486328125</ele>
        <time>2026-09-26T00:52:50.000Z</time>
        <extensions>
          <ns3:TrackPointExtension>
            <ns3:hr>138</ns3:hr>
            <ns3:cad>82</ns3:cad>
          </ns3:TrackPointExtension>
        </extensions>
      </trkpt>
      <trkpt lat="31.2216570787131786346435546875" lon="121.38000153936445713043212890625">
        <ele>7.80000019073486328125</ele>
        <time>2026-09-26T00:52:51.000Z</time>
        <extensions>
          <ns3:TrackPointExtension>
            <ns3:hr>139</ns3:hr>
            <ns3:cad>82</ns3:cad>
          </ns3:TrackPointExtension>
        </extensions>
      </trkpt>
      <trkpt lat="31.22166520915925502777099609375" lon="121.3799791596829891204833984375">
        <ele>7.80000019073486328125</ele>
        <time>2026-09-26T00:52:52.000Z</time>
        <extensions>
          <ns3:TrackPointExtension>
            <ns3:hr>138</ns3:hr>
            <ns3:cad>82</ns3:cad>
          </ns3:TrackPointExtension>
        </extensions>
      </trkpt>
      <trkpt lat="31.22167401015758514404296875" lon="121.379956863820552825927734375">
        <ele>7.80000019073486328125</ele>
        <time>2026-09-26T00:52:53.000Z</time>
        <extensions>
          <ns3:TrackPointExtension>
            <ns3:hr>138</ns3:hr>
            <ns3:cad>80</ns3:cad>
          </ns3:TrackPointExtension>
        </extensions>
      </trkpt>
      <trkpt lat="31.22168364934623241424560546875" lon="121.37993465177714824676513671875">
        <ele>7.599999904632568359375</ele>
        <time>2026-09-26T00:52:54.000Z</time>
        <extensions>
          <ns3:TrackPointExtension>
            <ns3:hr>139</ns3:hr>
            <ns3:cad>80</ns3:cad>
          </ns3:TrackPointExtension>
        </extensions>
      </trkpt>
      <trkpt lat="31.22169286943972110748291015625" lon="121.379911936819553375244140625">
        <ele>7.599999904632568359375</ele>
        <time>2026-09-26T00:52:55.000Z</time>
        <extensions>
          <ns3:TrackPointExtension>
            <ns3:hr>139</ns3:hr>
            <ns3:cad>80</ns3:cad>
          </ns3:TrackPointExtension>
        </extensions>
      </trkpt>
      <trkpt lat="31.2217016704380512237548828125" lon="121.37989006005227565765380859375">
        <ele>7.80000019073486328125</ele>
        <time>2026-09-26T00:52:56.000Z</time>
        <extensions>
          <ns3:TrackPointExtension>
            <ns3:hr>139</ns3:hr>
            <ns3:cad>81</ns3:cad>
          </ns3:TrackPointExtension>
        </extensions>
      </trkpt>
      <trkpt lat="31.22171130962669849395751953125" lon="121.37986692599952220916748046875">
        <ele>7.80000019073486328125</ele>
        <time>2026-09-26T00:52:57.000Z</time>
        <extensions>
          <ns3:TrackPointExtension>
            <ns3:hr>140</ns3:hr>
            <ns3:cad>81</ns3:cad>
          </ns3:TrackPointExtension>
        </extensions>
      </trkpt>
      <trkpt lat="31.22172103263437747955322265625" lon="121.37984261848032474517822265625">
        <ele>7.599999904632568359375</ele>
        <time>2026-09-26T00:52:58.000Z</time>
        <extensions>
          <ns3:TrackPointExtension>
            <ns3:hr>140</ns3:hr>
            <ns3:cad>81</ns3:cad>
          </ns3:TrackPointExtension>
        </extensions>
      </trkpt>
      <trkpt lat="31.22173125855624675750732421875" lon="121.37981881387531757354736328125">
        <ele>7.599999904632568359375</ele>
        <time>2026-09-26T00:52:59.000Z</time>
        <extensions>
          <ns3:TrackPointExtension>
            <ns3:hr>140</ns3:hr>
            <ns3:cad>81</ns3:cad>
          </ns3:TrackPointExtension>
        </extensions>
      </trkpt>
      <trkpt lat="31.22173896990716457366943359375" lon="121.37979601509869098663330078125">
        <ele>7.599999904632568359375</ele>
        <time>2026-09-26T00:53:00.000Z</time>
        <extensions>
          <ns3:TrackPointExtension>
            <ns3:hr>140</ns3:hr>
            <ns3:cad>81</ns3:cad>
          </ns3:TrackPointExtension>
        </extensions>
      </trkpt>
      <trkpt lat="31.2217462621629238128662109375" lon="121.37977204285562038421630859375">
        <ele>7.599999904632568359375</ele>
        <time>2026-09-26T00:53:01.000Z</time>
        <extensions>
          <ns3:TrackPointExtension>
            <ns3:hr>140</ns3:hr>
            <ns3:cad>81</ns3:cad>
          </ns3:TrackPointExtension>
        </extensions>
      </trkpt>
      <trkpt lat="31.22175313532352447509765625" lon="121.37974706478416919708251953125">
        <ele>7.599999904632568359375</ele>
        <time>2026-09-26T00:53:02.000Z</time>
        <extensions>
          <ns3:TrackPointExtension>
            <ns3:hr>140</ns3:hr>
            <ns3:cad>82</ns3:cad>
          </ns3:TrackPointExtension>
        </extensions>
      </trkpt>
      <trkpt lat="31.22176109813153743743896484375" lon="121.37972191907465457916259765625">
        <ele>7.599999904632568359375</ele>
        <time>2026-09-26T00:53:03.000Z</time>
        <extensions>
          <ns3:TrackPointExtension>
            <ns3:hr>140</ns3:hr>
            <ns3:cad>82</ns3:cad>
          </ns3:TrackPointExtension>
        </extensions>
      </trkpt>
      <trkpt lat="31.22176914475858211517333984375" lon="121.37969694100320339202880859375">
        <ele>7.400000095367431640625</ele>
        <time>2026-09-26T00:53:04.000Z</time>
        <extensions>
          <ns3:TrackPointExtension>
            <ns3:hr>140</ns3:hr>
            <ns3:cad>82</ns3:cad>
          </ns3:TrackPointExtension>
        </extensions>
      </trkpt>
      <trkpt lat="31.22177719138562679290771484375" lon="121.37967296876013278961181640625">
        <ele>7.400000095367431640625</ele>
        <time>2026-09-26T00:53:05.000Z</time>
        <extensions>
          <ns3:TrackPointExtension>
            <ns3:hr>140</ns3:hr>
            <ns3:cad>82</ns3:cad>
          </ns3:TrackPointExtension>
        </extensions>
      </trkpt>
      <trkpt lat="31.22178507037460803985595703125" lon="121.3796502538025379180908203125">
        <ele>7.19999980926513671875</ele>
        <time>2026-09-26T00:53:06.000Z</time>
        <extensions>
          <ns3:TrackPointExtension>
            <ns3:hr>140</ns3:hr>
            <ns3:cad>82</ns3:cad>
          </ns3:TrackPointExtension>
        </extensions>
      </trkpt>
      <trkpt lat="31.2217935360968112945556640625" lon="121.3796259462833404541015625">
        <ele>7.19999980926513671875</ele>
        <time>2026-09-26T00:53:07.000Z</time>
        <extensions>
          <ns3:TrackPointExtension>
            <ns3:hr>140</ns3:hr>
            <ns3:cad>82</ns3:cad>
          </ns3:TrackPointExtension>
        </extensions>
      </trkpt>
      <trkpt lat="31.2218035943806171417236328125" lon="121.379603482782840728759765625">
        <ele>7</ele>
        <time>2026-09-26T00:53:08.000Z</time>
        <extensions>
          <ns3:TrackPointExtension>
            <ns3:hr>140</ns3:hr>
            <ns3:cad>81</ns3:cad>
          </ns3:TrackPointExtension>
        </extensions>
      </trkpt>
      <trkpt lat="31.22181457467377185821533203125" lon="121.3795835338532924652099609375">
        <ele>7</ele>
        <time>2026-09-26T00:53:09.000Z</time>
        <extensions>
          <ns3:TrackPointExtension>
            <ns3:hr>140</ns3:hr>
            <ns3:cad>81</ns3:cad>
          </ns3:TrackPointExtension>
        </extensions>
      </trkpt>
      <trkpt lat="31.22182413004338741302490234375" lon="121.3795637525618076324462890625">
        <ele>6.80000019073486328125</ele>
        <time>2026-09-26T00:53:10.000Z</time>
        <extensions>
          <ns3:TrackPointExtension>
            <ns3:hr>140</ns3:hr>
            <ns3:cad>81</ns3:cad>
          </ns3:TrackPointExtension>
        </extensions>
      </trkpt>
      <trkpt lat="31.2218320928514003753662109375" lon="121.37954304926097393035888671875">
        <ele>6.80000019073486328125</ele>
        <time>2026-09-26T00:53:11.000Z</time>
        <extensions>
          <ns3:TrackPointExtension>
            <ns3:hr>141</ns3:hr>
            <ns3:cad>80</ns3:cad>
          </ns3:TrackPointExtension>
        </extensions>
      </trkpt>
      <trkpt lat="31.221839301288127899169921875" lon="121.3795208372175693511962890625">
        <ele>6.599999904632568359375</ele>
        <time>2026-09-26T00:53:12.000Z</time>
        <extensions>
          <ns3:TrackPointExtension>
            <ns3:hr>140</ns3:hr>
            <ns3:cad>79</ns3:cad>
          </ns3:TrackPointExtension>
        </extensions>
      </trkpt>
      <trkpt lat="31.2218458391726016998291015625" lon="121.37949778698384761810302734375">
        <ele>6.599999904632568359375</ele>
        <time>2026-09-26T00:53:13.000Z</time>
        <extensions>
          <ns3:TrackPointExtension>
            <ns3:hr>140</ns3:hr>
            <ns3:cad>79</ns3:cad>
          </ns3:TrackPointExtension>
        </extensions>
      </trkpt>
      <trkpt lat="31.22185111977159976959228515625" lon="121.3794749043881893157958984375">
        <ele>6.599999904632568359375</ele>
        <time>2026-09-26T00:53:14.000Z</time>
        <extensions>
          <ns3:TrackPointExtension>
            <ns3:hr>140</ns3:hr>
            <ns3:cad>78</ns3:cad>
          </ns3:TrackPointExtension>
        </extensions>
      </trkpt>
      <trkpt lat="31.22185564599931240081787109375" lon="121.3794504292309284210205078125">
        <ele>6.599999904632568359375</ele>
        <time>2026-09-26T00:53:15.000Z</time>
        <extensions>
          <ns3:TrackPointExtension>
            <ns3:hr>140</ns3:hr>
            <ns3:cad>79</ns3:cad>
          </ns3:TrackPointExtension>
        </extensions>
      </trkpt>
      <trkpt lat="31.221859417855739593505859375" lon="121.379426456987857818603515625">
        <ele>6.599999904632568359375</ele>
        <time>2026-09-26T00:53:16.000Z</time>
        <extensions>
          <ns3:TrackPointExtension>
            <ns3:hr>140</ns3:hr>
            <ns3:cad>78</ns3:cad>
          </ns3:TrackPointExtension>
        </extensions>
      </trkpt>
      <trkpt lat="31.2218629382550716400146484375" lon="121.3794018141925334930419921875">
        <ele>6.599999904632568359375</ele>
        <time>2026-09-26T00:53:17.000Z</time>
        <extensions>
          <ns3:TrackPointExtension>
            <ns3:hr>140</ns3:hr>
            <ns3:cad>79</ns3:cad>
          </ns3:TrackPointExtension>
        </extensions>
      </trkpt>
      <trkpt lat="31.22186587192118167877197265625" lon="121.37937524355947971343994140625">
        <ele>6.599999904632568359375</ele>
        <time>2026-09-26T00:53:18.000Z</time>
        <extensions>
          <ns3:TrackPointExtension>
            <ns3:hr>140</ns3:hr>
            <ns3:cad>79</ns3:cad>
          </ns3:TrackPointExtension>
        </extensions>
      </trkpt>
      <trkpt lat="31.2218683026731014251708984375" lon="121.37934900820255279541015625">
        <ele>6.599999904632568359375</ele>
        <time>2026-09-26T00:53:19.000Z</time>
        <extensions>
          <ns3:TrackPointExtension>
            <ns3:hr>140</ns3:hr>
            <ns3:cad>79</ns3:cad>
          </ns3:TrackPointExtension>
        </extensions>
      </trkpt>
      <trkpt lat="31.2218696437776088714599609375" lon="121.3793223537504673004150390625">
        <ele>6.599999904632568359375</ele>
        <time>2026-09-26T00:53:20.000Z</time>
        <extensions>
          <ns3:TrackPointExtension>
            <ns3:hr>140</ns3:hr>
            <ns3:cad>80</ns3:cad>
          </ns3:TrackPointExtension>
        </extensions>
      </trkpt>
      <trkpt lat="31.2218716554343700408935546875" lon="121.379295699298381805419921875">
        <ele>6.400000095367431640625</ele>
        <time>2026-09-26T00:53:21.000Z</time>
        <extensions>
          <ns3:TrackPointExtension>
            <ns3:hr>140</ns3:hr>
            <ns3:cad>80</ns3:cad>
          </ns3:TrackPointExtension>
        </extensions>
      </trkpt>
      <trkpt lat="31.22187224216759204864501953125" lon="121.37927147559821605682373046875">
        <ele>6.400000095367431640625</ele>
        <time>2026-09-26T00:53:22.000Z</time>
        <extensions>
          <ns3:TrackPointExtension>
            <ns3:hr>140</ns3:hr>
            <ns3:cad>80</ns3:cad>
          </ns3:TrackPointExtension>
        </extensions>
      </trkpt>
      <trkpt lat="31.2218740023672580718994140625" lon="121.37924649752676486968994140625">
        <ele>6.400000095367431640625</ele>
        <time>2026-09-26T00:53:23.000Z</time>
        <extensions>
          <ns3:TrackPointExtension>
            <ns3:hr>140</ns3:hr>
            <ns3:cad>80</ns3:cad>
          </ns3:TrackPointExtension>
        </extensions>
      </trkpt>
      <trkpt lat="31.22187760658562183380126953125" lon="121.37921984307467937469482421875">
        <ele>6.400000095367431640625</ele>
        <time>2026-09-26T00:53:24.000Z</time>
        <extensions>
          <ns3:TrackPointExtension>
            <ns3:hr>139</ns3:hr>
            <ns3:cad>80</ns3:cad>
          </ns3:TrackPointExtension>
        </extensions>
      </trkpt>
      <trkpt lat="31.2218820489943027496337890625" lon="121.37919352389872074127197265625">
        <ele>6.19999980926513671875</ele>
        <time>2026-09-26T00:53:25.000Z</time>
        <extensions>
          <ns3:TrackPointExtension>
            <ns3:hr>140</ns3:hr>
            <ns3:cad>80</ns3:cad>
          </ns3:TrackPointExtension>
        </extensions>
      </trkpt>
      <trkpt lat="31.22188783250749111175537109375" lon="121.37916837818920612335205078125">
        <ele>6.19999980926513671875</ele>
        <time>2026-09-26T00:53:26.000Z</time>
        <extensions>
          <ns3:TrackPointExtension>
            <ns3:hr>140</ns3:hr>
            <ns3:cad>81</ns3:cad>
          </ns3:TrackPointExtension>
        </extensions>
      </trkpt>
      <trkpt lat="31.2218951247632503509521484375" lon="121.379145495593547821044921875">
        <ele>6.19999980926513671875</ele>
        <time>2026-09-26T00:53:27.000Z</time>
        <extensions>
          <ns3:TrackPointExtension>
            <ns3:hr>139</ns3:hr>
            <ns3:cad>81</ns3:cad>
          </ns3:TrackPointExtension>
        </extensions>
      </trkpt>
      <trkpt lat="31.2219040095806121826171875" lon="121.379122696816921234130859375">
        <ele>6.400000095367431640625</ele>
        <time>2026-09-26T00:53:28.000Z</time>
        <extensions>
          <ns3:TrackPointExtension>
            <ns3:hr>139</ns3:hr>
            <ns3:cad>80</ns3:cad>
          </ns3:TrackPointExtension>
        </extensions>
      </trkpt>
      <trkpt lat="31.22191549278795719146728515625" lon="121.3791024126112461090087890625">
        <ele>6.400000095367431640625</ele>
        <time>2026-09-26T00:53:29.000Z</time>
        <extensions>
          <ns3:TrackPointExtension>
            <ns3:hr>140</ns3:hr>
            <ns3:cad>80</ns3:cad>
          </ns3:TrackPointExtension>
        </extensions>
      </trkpt>
      <trkpt lat="31.22192890383303165435791015625" lon="121.379081793129444122314453125">
        <ele>6.400000095367431640625</ele>
        <time>2026-09-26T00:53:30.000Z</time>
        <extensions>
          <ns3:TrackPointExtension>
            <ns3:hr>140</ns3:hr>
            <ns3:cad>79</ns3:cad>
          </ns3:TrackPointExtension>
        </extensions>
      </trkpt>
      <trkpt lat="31.22194214724004268646240234375" lon="121.37906427495181560516357421875">
        <ele>6.599999904632568359375</ele>
        <time>2026-09-26T00:53:31.000Z</time>
        <extensions>
          <ns3:TrackPointExtension>
            <ns3:hr>140</ns3:hr>
            <ns3:cad>79</ns3:cad>
          </ns3:TrackPointExtension>
        </extensions>
      </trkpt>
      <trkpt lat="31.221956312656402587890625" lon="121.3790494389832019805908203125">
        <ele>6.599999904632568359375</ele>
        <time>2026-09-26T00:53:32.000Z</time>
        <extensions>
          <ns3:TrackPointExtension>
            <ns3:hr>140</ns3:hr>
            <ns3:cad>79</ns3:cad>
          </ns3:TrackPointExtension>
        </extensions>
      </trkpt>
      <trkpt lat="31.2219710648059844970703125" lon="121.37903678230941295623779296875">
        <ele>6.80000019073486328125</ele>
        <time>2026-09-26T00:53:33.000Z</time>
        <extensions>
          <ns3:TrackPointExtension>
            <ns3:hr>140</ns3:hr>
            <ns3:cad>79</ns3:cad>
          </ns3:TrackPointExtension>
        </extensions>
      </trkpt>
      <trkpt lat="31.22198455967009067535400390625" lon="121.37902253307402133941650390625">
        <ele>6.80000019073486328125</ele>
        <time>2026-09-26T00:53:34.000Z</time>
        <extensions>
          <ns3:TrackPointExtension>
            <ns3:hr>140</ns3:hr>
            <ns3:cad>79</ns3:cad>
          </ns3:TrackPointExtension>
        </extensions>
      </trkpt>
      <trkpt lat="31.221997551620006561279296875" lon="121.37900610454380512237548828125">
        <ele>7</ele>
        <time>2026-09-26T00:53:35.000Z</time>
        <extensions>
          <ns3:TrackPointExtension>
            <ns3:hr>140</ns3:hr>
            <ns3:cad>79</ns3:cad>
          </ns3:TrackPointExtension>
        </extensions>
      </trkpt>
      <trkpt lat="31.22200853191316127777099609375" lon="121.37898766435682773590087890625">
        <ele>7</ele>
        <time>2026-09-26T00:53:36.000Z</time>
        <extensions>
          <ns3:TrackPointExtension>
            <ns3:hr>140</ns3:hr>
            <ns3:cad>79</ns3:cad>
          </ns3:TrackPointExtension>
        </extensions>
      </trkpt>
      <trkpt lat="31.22201825492084026336669921875" lon="121.3789683021605014801025390625">
        <ele>7</ele>
        <time>2026-09-26T00:53:37.000Z</time>
        <extensions>
          <ns3:TrackPointExtension>
            <ns3:hr>140</ns3:hr>
            <ns3:cad>78</ns3:cad>
          </ns3:TrackPointExtension>
        </extensions>
      </trkpt>
      <trkpt lat="31.2220258824527263641357421875" lon="121.37894910760223865509033203125">
        <ele>7.19999980926513671875</ele>
        <time>2026-09-26T00:53:38.000Z</time>
        <extensions>
          <ns3:TrackPointExtension>
            <ns3:hr>140</ns3:hr>
            <ns3:cad>78</ns3:cad>
          </ns3:TrackPointExtension>
        </extensions>
      </trkpt>
      <trkpt lat="31.22203300707042217254638671875" lon="121.37892949394881725311279296875">
        <ele>7.19999980926513671875</ele>
        <time>2026-09-26T00:53:39.000Z</time>
        <extensions>
          <ns3:TrackPointExtension>
            <ns3:hr>139</ns3:hr>
            <ns3:cad>78</ns3:cad>
          </ns3:TrackPointExtension>
        </extensions>
      </trkpt>
      <trkpt lat="31.22203870676457881927490234375" lon="121.37891004793345928192138671875">
        <ele>7.19999980926513671875</ele>
        <time>2026-09-26T00:53:40.000Z</time>
        <extensions>
          <ns3:TrackPointExtension>
            <ns3:hr>140</ns3:hr>
            <ns3:cad>79</ns3:cad>
          </ns3:TrackPointExtension>
        </extensions>
      </trkpt>
      <trkpt lat="31.22204273007810115814208984375" lon="121.37888775207102298736572265625">
        <ele>7.19999980926513671875</ele>
        <time>2026-09-26T00:53:41.000Z</time>
        <extensions>
          <ns3:TrackPointExtension>
            <ns3:hr>140</ns3:hr>
            <ns3:cad>79</ns3:cad>
          </ns3:TrackPointExtension>
        </extensions>
      </trkpt>
      <trkpt lat="31.2220449931919574737548828125" lon="121.3788641989231109619140625">
        <ele>7.19999980926513671875</ele>
        <time>2026-09-26T00:53:42.000Z</time>
        <extensions>
          <ns3:TrackPointExtension>
            <ns3:hr>140</ns3:hr>
            <ns3:cad>78</ns3:cad>
          </ns3:TrackPointExtension>
        </extensions>
      </trkpt>
      <trkpt lat="31.2220463342964649200439453125" lon="121.378841064870357513427734375">
        <ele>7</ele>
        <time>2026-09-26T00:53:43.000Z</time>
        <extensions>
          <ns3:TrackPointExtension>
            <ns3:hr>140</ns3:hr>
            <ns3:cad>78</ns3:cad>
          </ns3:TrackPointExtension>
        </extensions>
      </trkpt>
      <trkpt lat="31.22204641811549663543701171875" lon="121.3788170926272869110107421875">
        <ele>7</ele>
        <time>2026-09-26T00:53:44.000Z</time>
        <extensions>
          <ns3:TrackPointExtension>
            <ns3:hr>140</ns3:hr>
            <ns3:cad>78</ns3:cad>
          </ns3:TrackPointExtension>
        </extensions>
      </trkpt>
      <trkpt lat="31.22204557992517948150634765625" lon="121.37879320420324802398681640625">
        <ele>7</ele>
        <time>2026-09-26T00:53:45.000Z</time>
        <extensions>
          <ns3:TrackPointExtension>
            <ns3:hr>140</ns3:hr>
            <ns3:cad>78</ns3:cad>
          </ns3:TrackPointExtension>
        </extensions>
      </trkpt>
      <trkpt lat="31.2220433168113231658935546875" lon="121.37876822613179683685302734375">
        <ele>7</ele>
        <time>2026-09-26T00:53:46.000Z</time>
        <extensions>
          <ns3:TrackPointExtension>
            <ns3:hr>139</ns3:hr>
            <ns3:cad>79</ns3:cad>
          </ns3:TrackPointExtension>
        </extensions>
      </trkpt>
      <trkpt lat="31.22204138897359371185302734375" lon="121.37874391861259937286376953125">
        <ele>7.19999980926513671875</ele>
        <time>2026-09-26T00:53:47.000Z</time>
        <extensions>
          <ns3:TrackPointExtension>
            <ns3:hr>140</ns3:hr>
            <ns3:cad>79</ns3:cad>
          </ns3:TrackPointExtension>
        </extensions>
      </trkpt>
      <trkpt lat="31.222039125859737396240234375" lon="121.37871868908405303955078125">
        <ele>7.19999980926513671875</ele>
        <time>2026-09-26T00:53:48.000Z</time>
        <extensions>
          <ns3:TrackPointExtension>
            <ns3:hr>140</ns3:hr>
            <ns3:cad>80</ns3:cad>
          </ns3:TrackPointExtension>
        </extensions>
      </trkpt>
      <trkpt lat="31.222036443650722503662109375" lon="121.37869295664131641387939453125">
        <ele>7.19999980926513671875</ele>
        <time>2026-09-26T00:53:49.000Z</time>
        <extensions>
          <ns3:TrackPointExtension>
            <ns3:hr>140</ns3:hr>
            <ns3:cad>80</ns3:cad>
          </ns3:TrackPointExtension>
        </extensions>
      </trkpt>
      <trkpt lat="31.22203317470848560333251953125" lon="121.37866747565567493438720703125">
        <ele>7.19999980926513671875</ele>
        <time>2026-09-26T00:53:50.000Z</time>
        <extensions>
          <ns3:TrackPointExtension>
            <ns3:hr>140</ns3:hr>
            <ns3:cad>81</ns3:cad>
          </ns3:TrackPointExtension>
        </extensions>
      </trkpt>
      <trkpt lat="31.2220302410423755645751953125" lon="121.3786420784890651702880859375">
        <ele>7.19999980926513671875</ele>
        <time>2026-09-26T00:53:51.000Z</time>
        <extensions>
          <ns3:TrackPointExtension>
            <ns3:hr>140</ns3:hr>
            <ns3:cad>81</ns3:cad>
          </ns3:TrackPointExtension>
        </extensions>
      </trkpt>
      <trkpt lat="31.2220265530049800872802734375" lon="121.3786176033318042755126953125">
        <ele>7.19999980926513671875</ele>
        <time>2026-09-26T00:53:52.000Z</time>
        <extensions>
          <ns3:TrackPointExtension>
            <ns3:hr>140</ns3:hr>
            <ns3:cad>81</ns3:cad>
          </ns3:TrackPointExtension>
        </extensions>
      </trkpt>
      <trkpt lat="31.22202278114855289459228515625" lon="121.37859321199357509613037109375">
        <ele>7.19999980926513671875</ele>
        <time>2026-09-26T00:53:53.000Z</time>
        <extensions>
          <ns3:TrackPointExtension>
            <ns3:hr>140</ns3:hr>
            <ns3:cad>80</ns3:cad>
          </ns3:TrackPointExtension>
        </extensions>
      </trkpt>
      <trkpt lat="31.2220188416540622711181640625" lon="121.3785691559314727783203125">
        <ele>7.19999980926513671875</ele>
        <time>2026-09-26T00:53:54.000Z</time>
        <extensions>
          <ns3:TrackPointExtension>
            <ns3:hr>140</ns3:hr>
            <ns3:cad>80</ns3:cad>
          </ns3:TrackPointExtension>
        </extensions>
      </trkpt>
      <trkpt lat="31.22201423160731792449951171875" lon="121.37854359112679958343505859375">
        <ele>7.19999980926513671875</ele>
        <time>2026-09-26T00:53:55.000Z</time>
        <extensions>
          <ns3:TrackPointExtension>
            <ns3:hr>140</ns3:hr>
            <ns3:cad>79</ns3:cad>
          </ns3:TrackPointExtension>
        </extensions>
      </trkpt>
      <trkpt lat="31.22200953774154186248779296875" lon="121.378518529236316680908203125">
        <ele>7.19999980926513671875</ele>
        <time>2026-09-26T00:53:56.000Z</time>
        <extensions>
          <ns3:TrackPointExtension>
            <ns3:hr>140</ns3:hr>
            <ns3:cad>79</ns3:cad>
          </ns3:TrackPointExtension>
        </extensions>
      </trkpt>
      <trkpt lat="31.22200652025640010833740234375" lon="121.37848961167037487030029296875">
        <ele>7.19999980926513671875</ele>
        <time>2026-09-26T00:53:57.000Z</time>
        <extensions>
          <ns3:TrackPointExtension>
            <ns3:hr>140</ns3:hr>
            <ns3:cad>79</ns3:cad>
          </ns3:TrackPointExtension>
        </extensions>
      </trkpt>
      <trkpt lat="31.222004592418670654296875" lon="121.378460861742496490478515625">
        <ele>7.19999980926513671875</ele>
        <time>2026-09-26T00:53:58.000Z</time>
        <extensions>
          <ns3:TrackPointExtension>
            <ns3:hr>140</ns3:hr>
            <ns3:cad>79</ns3:cad>
          </ns3:TrackPointExtension>
        </extensions>
      </trkpt>
      <trkpt lat="31.22200417332351207733154296875" lon="121.3784325309097766876220703125">
        <ele>7</ele>
        <time>2026-09-26T00:53:59.000Z</time>
        <extensions>
          <ns3:TrackPointExtension>
            <ns3:hr>140</ns3:hr>
            <ns3:cad>79</ns3:cad>
          </ns3:TrackPointExtension>
        </extensions>
      </trkpt>
      <trkpt lat="31.222004927694797515869140625" lon="121.37840428389608860015869140625">
        <ele>7</ele>
        <time>2026-09-26T00:54:00.000Z</time>
        <extensions>
          <ns3:TrackPointExtension>
            <ns3:hr>140</ns3:hr>
            <ns3:cad>79</ns3:cad>
          </ns3:TrackPointExtension>
        </extensions>
      </trkpt>
      <trkpt lat="31.222006268799304962158203125" lon="121.37837762944400310516357421875">
        <ele>7</ele>
        <time>2026-09-26T00:54:01.000Z</time>
        <extensions>
          <ns3:TrackPointExtension>
            <ns3:hr>140</ns3:hr>
            <ns3:cad>79</ns3:cad>
          </ns3:TrackPointExtension>
        </extensions>
      </trkpt>
      <trkpt lat="31.222009621560573577880859375" lon="121.37835047207772731781005859375">
        <ele>6.80000019073486328125</ele>
        <time>2026-09-26T00:54:02.000Z</time>
        <extensions>
          <ns3:TrackPointExtension>
            <ns3:hr>140</ns3:hr>
            <ns3:cad>79</ns3:cad>
          </ns3:TrackPointExtension>
        </extensions>
      </trkpt>
      <trkpt lat="31.22201406396925449371337890625" lon="121.37832306325435638427734375">
        <ele>6.80000019073486328125</ele>
        <time>2026-09-26T00:54:03.000Z</time>
        <extensions>
          <ns3:TrackPointExtension>
            <ns3:hr>140</ns3:hr>
            <ns3:cad>79</ns3:cad>
          </ns3:TrackPointExtension>
        </extensions>
      </trkpt>
      <trkpt lat="31.22201926074922084808349609375" lon="121.37829624116420745849609375">
        <ele>6.80000019073486328125</ele>
        <time>2026-09-26T00:54:04.000Z</time>
        <extensions>
          <ns3:TrackPointExtension>
            <ns3:hr>140</ns3:hr>
            <ns3:cad>79</ns3:cad>
          </ns3:TrackPointExtension>
        </extensions>
      </trkpt>
      <trkpt lat="31.22202630154788494110107421875" lon="121.378270089626312255859375">
        <ele>7</ele>
        <time>2026-09-26T00:54:05.000Z</time>
        <extensions>
          <ns3:TrackPointExtension>
            <ns3:hr>140</ns3:hr>
            <ns3:cad>79</ns3:cad>
          </ns3:TrackPointExtension>
        </extensions>
      </trkpt>
      <trkpt lat="31.22203367762267589569091796875" lon="121.3782446086406707763671875">
        <ele>7</ele>
        <time>2026-09-26T00:54:06.000Z</time>
        <extensions>
          <ns3:TrackPointExtension>
            <ns3:hr>140</ns3:hr>
            <ns3:cad>79</ns3:cad>
          </ns3:TrackPointExtension>
        </extensions>
      </trkpt>
      <trkpt lat="31.222042478621006011962890625" lon="121.3782196305692195892333984375">
        <ele>7</ele>
        <time>2026-09-26T00:54:07.000Z</time>
        <extensions>
          <ns3:TrackPointExtension>
            <ns3:hr>140</ns3:hr>
            <ns3:cad>79</ns3:cad>
          </ns3:TrackPointExtension>
        </extensions>
      </trkpt>
      <trkpt lat="31.2220510281622409820556640625" lon="121.3781968317925930023193359375">
        <ele>7</ele>
        <time>2026-09-26T00:54:08.000Z</time>
        <extensions>
          <ns3:TrackPointExtension>
            <ns3:hr>139</ns3:hr>
            <ns3:cad>78</ns3:cad>
          </ns3:TrackPointExtension>
        </extensions>
      </trkpt>
      <trkpt lat="31.22206083498895168304443359375" lon="121.37817478738725185394287109375">
        <ele>7.19999980926513671875</ele>
        <time>2026-09-26T00:54:09.000Z</time>
        <extensions>
          <ns3:TrackPointExtension>
            <ns3:hr>139</ns3:hr>
            <ns3:cad>78</ns3:cad>
          </ns3:TrackPointExtension>
        </extensions>
      </trkpt>
      <trkpt lat="31.2220704741775989532470703125" lon="121.37815349735319614410400390625">
        <ele>7.19999980926513671875</ele>
        <time>2026-09-26T00:54:10.000Z</time>
        <extensions>
          <ns3:TrackPointExtension>
            <ns3:hr>139</ns3:hr>
            <ns3:cad>78</ns3:cad>
          </ns3:TrackPointExtension>
        </extensions>
      </trkpt>
      <trkpt lat="31.2220795266330242156982421875" lon="121.37813321314752101898193359375">
        <ele>7.19999980926513671875</ele>
        <time>2026-09-26T00:54:11.000Z</time>
        <extensions>
          <ns3:TrackPointExtension>
            <ns3:hr>139</ns3:hr>
            <ns3:cad>78</ns3:cad>
          </ns3:TrackPointExtension>
        </extensions>
      </trkpt>
      <trkpt lat="31.222089417278766632080078125" lon="121.37811359949409961700439453125">
        <ele>7.19999980926513671875</ele>
        <time>2026-09-26T00:54:12.000Z</time>
        <extensions>
          <ns3:TrackPointExtension>
            <ns3:hr>138</ns3:hr>
            <ns3:cad>79</ns3:cad>
          </ns3:TrackPointExtension>
        </extensions>
      </trkpt>
      <trkpt lat="31.22209922410547733306884765625" lon="121.378092728555202484130859375">
        <ele>7</ele>
        <time>2026-09-26T00:54:13.000Z</time>
        <extensions>
          <ns3:TrackPointExtension>
            <ns3:hr>138</ns3:hr>
            <ns3:cad>79</ns3:cad>
          </ns3:TrackPointExtension>
        </extensions>
      </trkpt>
      <trkpt lat="31.22210827656090259552001953125" lon="121.378071941435337066650390625">
        <ele>7</ele>
        <time>2026-09-26T00:54:14.000Z</time>
        <extensions>
          <ns3:TrackPointExtension>
            <ns3:hr>138</ns3:hr>
            <ns3:cad>80</ns3:cad>
          </ns3:TrackPointExtension>
        </extensions>
      </trkpt>
      <trkpt lat="31.222115568816661834716796875" lon="121.37805073522031307220458984375">
        <ele>7</ele>
        <time>2026-09-26T00:54:15.000Z</time>
        <extensions>
          <ns3:TrackPointExtension>
            <ns3:hr>138</ns3:hr>
            <ns3:cad>80</ns3:cad>
          </ns3:TrackPointExtension>
        </extensions>
      </trkpt>
      <trkpt lat="31.22212017886340618133544921875" lon="121.37802760116755962371826171875">
        <ele>7</ele>
        <time>2026-09-26T00:54:16.000Z</time>
        <extensions>
          <ns3:TrackPointExtension>
            <ns3:hr>138</ns3:hr>
            <ns3:cad>80</ns3:cad>
          </ns3:TrackPointExtension>
        </extensions>
      </trkpt>
      <trkpt lat="31.2221221067011356353759765625" lon="121.37800446711480617523193359375">
        <ele>7</ele>
        <time>2026-09-26T00:54:17.000Z</time>
        <extensions>
          <ns3:TrackPointExtension>
            <ns3:hr>138</ns3:hr>
            <ns3:cad>80</ns3:cad>
          </ns3:TrackPointExtension>
        </extensions>
      </trkpt>
      <trkpt lat="31.2221231125295162200927734375" lon="121.37797965668141841888427734375">
        <ele>7.19999980926513671875</ele>
        <time>2026-09-26T00:54:18.000Z</time>
        <extensions>
          <ns3:TrackPointExtension>
            <ns3:hr>138</ns3:hr>
            <ns3:cad>80</ns3:cad>
          </ns3:TrackPointExtension>
        </extensions>
      </trkpt>
      <trkpt lat="31.22212386690080165863037109375" lon="121.37795384041965007781982421875">
        <ele>7.19999980926513671875</ele>
        <time>2026-09-26T00:54:19.000Z</time>
        <extensions>
          <ns3:TrackPointExtension>
            <ns3:hr>138</ns3:hr>
            <ns3:cad>80</ns3:cad>
          </ns3:TrackPointExtension>
        </extensions>
      </trkpt>
      <trkpt lat="31.22212403453886508941650390625" lon="121.3779286108911037445068359375">
        <ele>7.19999980926513671875</ele>
        <time>2026-09-26T00:54:20.000Z</time>
        <extensions>
          <ns3:TrackPointExtension>
            <ns3:hr>138</ns3:hr>
            <ns3:cad>80</ns3:cad>
          </ns3:TrackPointExtension>
        </extensions>
      </trkpt>
      <trkpt lat="31.22212587855756282806396484375" lon="121.3779038004577159881591796875">
        <ele>7.19999980926513671875</ele>
        <time>2026-09-26T00:54:21.000Z</time>
        <extensions>
          <ns3:TrackPointExtension>
            <ns3:hr>138</ns3:hr>
            <ns3:cad>80</ns3:cad>
          </ns3:TrackPointExtension>
        </extensions>
      </trkpt>
      <trkpt lat="31.22212730348110198974609375" lon="121.37787940911948680877685546875">
        <ele>7.19999980926513671875</ele>
        <time>2026-09-26T00:54:22.000Z</time>
        <extensions>
          <ns3:TrackPointExtension>
            <ns3:hr>138</ns3:hr>
            <ns3:cad>80</ns3:cad>
          </ns3:TrackPointExtension>
        </extensions>
      </trkpt>
      <trkpt lat="31.22212789021432399749755859375" lon="121.377854011952877044677734375">
        <ele>7.19999980926513671875</ele>
        <time>2026-09-26T00:54:23.000Z</time>
        <extensions>
          <ns3:TrackPointExtension>
            <ns3:hr>137</ns3:hr>
            <ns3:cad>80</ns3:cad>
          </ns3:TrackPointExtension>
        </extensions>
      </trkpt>
      <trkpt lat="31.22212872840464115142822265625" lon="121.37782811187207698822021484375">
        <ele>7.19999980926513671875</ele>
        <time>2026-09-26T00:54:24.000Z</time>
        <extensions>
          <ns3:TrackPointExtension>
            <ns3:hr>137</ns3:hr>
            <ns3:cad>80</ns3:cad>
          </ns3:TrackPointExtension>
        </extensions>
      </trkpt>
      <trkpt lat="31.22212990187108516693115234375" lon="121.37780271470546722412109375">
        <ele>7.19999980926513671875</ele>
        <time>2026-09-26T00:54:25.000Z</time>
        <extensions>
          <ns3:TrackPointExtension>
            <ns3:hr>136</ns3:hr>
            <ns3:cad>81</ns3:cad>
          </ns3:TrackPointExtension>
        </extensions>
      </trkpt>
      <trkpt lat="31.2221318297088146209716796875" lon="121.377776563167572021484375">
        <ele>7.19999980926513671875</ele>
        <time>2026-09-26T00:54:26.000Z</time>
        <extensions>
          <ns3:TrackPointExtension>
            <ns3:hr>136</ns3:hr>
            <ns3:cad>81</ns3:cad>
          </ns3:TrackPointExtension>
        </extensions>
      </trkpt>
      <trkpt lat="31.2221348471939563751220703125" lon="121.3777512498199939727783203125">
        <ele>7.19999980926513671875</ele>
        <time>2026-09-26T00:54:27.000Z</time>
        <extensions>
          <ns3:TrackPointExtension>
            <ns3:hr>136</ns3:hr>
            <ns3:cad>81</ns3:cad>
          </ns3:TrackPointExtension>
        </extensions>
      </trkpt>
      <trkpt lat="31.22213778086006641387939453125" lon="121.3777284510433673858642578125">
        <ele>7.400000095367431640625</ele>
        <time>2026-09-26T00:54:28.000Z</time>
        <extensions>
          <ns3:TrackPointExtension>
            <ns3:hr>136</ns3:hr>
            <ns3:cad>81</ns3:cad>
          </ns3:TrackPointExtension>
        </extensions>
      </trkpt>
      <trkpt lat="31.22214071452617645263671875" lon="121.37770540080964565277099609375">
        <ele>7.400000095367431640625</ele>
        <time>2026-09-26T00:54:29.000Z</time>
        <extensions>
          <ns3:TrackPointExtension>
            <ns3:hr>136</ns3:hr>
            <ns3:cad>81</ns3:cad>
          </ns3:TrackPointExtension>
        </extensions>
      </trkpt>
      <trkpt lat="31.222143732011318206787109375" lon="121.37768126092851161956787109375">
        <ele>7.400000095367431640625</ele>
        <time>2026-09-26T00:54:30.000Z</time>
        <extensions>
          <ns3:TrackPointExtension>
            <ns3:hr>136</ns3:hr>
            <ns3:cad>80</ns3:cad>
          </ns3:TrackPointExtension>
        </extensions>
      </trkpt>
      <trkpt lat="31.22214633040130138397216796875" lon="121.377657540142536163330078125">
        <ele>7.400000095367431640625</ele>
        <time>2026-09-26T00:54:31.000Z</time>
        <extensions>
          <ns3:TrackPointExtension>
            <ns3:hr>135</ns3:hr>
            <ns3:cad>80</ns3:cad>
          </ns3:TrackPointExtension>
        </extensions>
      </trkpt>
      <trkpt lat="31.22214817441999912261962890625" lon="121.3776345737278461456298828125">
        <ele>7.400000095367431640625</ele>
        <time>2026-09-26T00:54:32.000Z</time>
        <extensions>
          <ns3:TrackPointExtension>
            <ns3:hr>135</ns3:hr>
            <ns3:cad>80</ns3:cad>
          </ns3:TrackPointExtension>
        </extensions>
      </trkpt>
      <trkpt lat="31.22215102426707744598388671875" lon="121.37761018238961696624755859375">
        <ele>7.19999980926513671875</ele>
        <time>2026-09-26T00:54:33.000Z</time>
        <extensions>
          <ns3:TrackPointExtension>
            <ns3:hr>134</ns3:hr>
            <ns3:cad>80</ns3:cad>
          </ns3:TrackPointExtension>
        </extensions>
      </trkpt>
      <trkpt lat="31.22215320356190204620361328125" lon="121.37758738361299037933349609375">
        <ele>7.19999980926513671875</ele>
        <time>2026-09-26T00:54:34.000Z</time>
        <extensions>
          <ns3:TrackPointExtension>
            <ns3:hr>134</ns3:hr>
            <ns3:cad>79</ns3:cad>
          </ns3:TrackPointExtension>
        </extensions>
      </trkpt>
      <trkpt lat="31.2221549637615680694580078125" lon="121.37756441719830036163330078125">
        <ele>7.19999980926513671875</ele>
        <time>2026-09-26T00:54:35.000Z</time>
        <extensions>
          <ns3:TrackPointExtension>
            <ns3:hr>134</ns3:hr>
            <ns3:cad>79</ns3:cad>
          </ns3:TrackPointExtension>
        </extensions>
      </trkpt>
      <trkpt lat="31.2221569754183292388916015625" lon="121.37753860093653202056884765625">
        <ele>7.19999980926513671875</ele>
        <time>2026-09-26T00:54:36.000Z</time>
        <extensions>
          <ns3:TrackPointExtension>
            <ns3:hr>134</ns3:hr>
            <ns3:cad>79</ns3:cad>
          </ns3:TrackPointExtension>
        </extensions>
      </trkpt>
      <trkpt lat="31.2221593223512172698974609375" lon="121.37751303613185882568359375">
        <ele>7.19999980926513671875</ele>
        <time>2026-09-26T00:54:37.000Z</time>
        <extensions>
          <ns3:TrackPointExtension>
            <ns3:hr>134</ns3:hr>
            <ns3:cad>80</ns3:cad>
          </ns3:TrackPointExtension>
        </extensions>
      </trkpt>
      <trkpt lat="31.22216208837926387786865234375" lon="121.37748696841299533843994140625">
        <ele>7.19999980926513671875</ele>
        <time>2026-09-26T00:54:38.000Z</time>
        <extensions>
          <ns3:TrackPointExtension>
            <ns3:hr>134</ns3:hr>
            <ns3:cad>80</ns3:cad>
          </ns3:TrackPointExtension>
        </extensions>
      </trkpt>
      <trkpt lat="31.222166530787944793701171875" lon="121.3774614036083221435546875">
        <ele>7.19999980926513671875</ele>
        <time>2026-09-26T00:54:39.000Z</time>
        <extensions>
          <ns3:TrackPointExtension>
            <ns3:hr>134</ns3:hr>
            <ns3:cad>80</ns3:cad>
          </ns3:TrackPointExtension>
        </extensions>
      </trkpt>
      <trkpt lat="31.2221707217395305633544921875" lon="121.37743500061333179473876953125">
        <ele>7.19999980926513671875</ele>
        <time>2026-09-26T00:54:40.000Z</time>
        <extensions>
          <ns3:TrackPointExtension>
            <ns3:hr>134</ns3:hr>
            <ns3:cad>80</ns3:cad>
          </ns3:TrackPointExtension>
        </extensions>
      </trkpt>
      <trkpt lat="31.22217600233852863311767578125" lon="121.377409435808658599853515625">
        <ele>7.19999980926513671875</ele>
        <time>2026-09-26T00:54:41.000Z</time>
        <extensions>
          <ns3:TrackPointExtension>
            <ns3:hr>135</ns3:hr>
            <ns3:cad>80</ns3:cad>
          </ns3:TrackPointExtension>
        </extensions>
      </trkpt>
      <trkpt lat="31.22218270786106586456298828125" lon="121.37738286517560482025146484375">
        <ele>7.19999980926513671875</ele>
        <time>2026-09-26T00:54:42.000Z</time>
        <extensions>
          <ns3:TrackPointExtension>
            <ns3:hr>135</ns3:hr>
            <ns3:cad>80</ns3:cad>
          </ns3:TrackPointExtension>
        </extensions>
      </trkpt>
      <trkpt lat="31.2221896648406982421875" lon="121.37735671363770961761474609375">
        <ele>7.19999980926513671875</ele>
        <time>2026-09-26T00:54:43.000Z</time>
        <extensions>
          <ns3:TrackPointExtension>
            <ns3:hr>136</ns3:hr>
            <ns3:cad>80</ns3:cad>
          </ns3:TrackPointExtension>
        </extensions>
      </trkpt>
      <trkpt lat="31.22219695709645748138427734375" lon="121.3773314841091632843017578125">
        <ele>7.19999980926513671875</ele>
        <time>2026-09-26T00:54:44.000Z</time>
        <extensions>
          <ns3:TrackPointExtension>
            <ns3:hr>136</ns3:hr>
            <ns3:cad>81</ns3:cad>
          </ns3:TrackPointExtension>
        </extensions>
      </trkpt>
      <trkpt lat="31.22220550663769245147705078125" lon="121.37730642221868038177490234375">
        <ele>7.19999980926513671875</ele>
        <time>2026-09-26T00:54:45.000Z</time>
        <extensions>
          <ns3:TrackPointExtension>
            <ns3:hr>136</ns3:hr>
            <ns3:cad>81</ns3:cad>
          </ns3:TrackPointExtension>
        </extensions>
      </trkpt>
      <trkpt lat="31.2222149781882762908935546875" lon="121.37728161178529262542724609375">
        <ele>7</ele>
        <time>2026-09-26T00:54:46.000Z</time>
        <extensions>
          <ns3:TrackPointExtension>
            <ns3:hr>136</ns3:hr>
            <ns3:cad>81</ns3:cad>
          </ns3:TrackPointExtension>
        </extensions>
      </trkpt>
      <trkpt lat="31.2222243659198284149169921875" lon="121.37725730426609516143798828125">
        <ele>7</ele>
        <time>2026-09-26T00:54:47.000Z</time>
        <extensions>
          <ns3:TrackPointExtension>
            <ns3:hr>137</ns3:hr>
            <ns3:cad>81</ns3:cad>
          </ns3:TrackPointExtension>
        </extensions>
      </trkpt>
      <trkpt lat="31.22223651967942714691162109375" lon="121.3772329129278659820556640625">
        <ele>6.80000019073486328125</ele>
        <time>2026-09-26T00:54:48.000Z</time>
        <extensions>
          <ns3:TrackPointExtension>
            <ns3:hr>137</ns3:hr>
            <ns3:cad>81</ns3:cad>
          </ns3:TrackPointExtension>
        </extensions>
      </trkpt>
      <trkpt lat="31.22224875725805759429931640625" lon="121.37721103616058826446533203125">
        <ele>6.599999904632568359375</ele>
        <time>2026-09-26T00:54:49.000Z</time>
        <extensions>
          <ns3:TrackPointExtension>
            <ns3:hr>137</ns3:hr>
            <ns3:cad>80</ns3:cad>
          </ns3:TrackPointExtension>
        </extensions>
      </trkpt>
      <trkpt lat="31.2222619168460369110107421875" lon="121.3771905004978179931640625">
        <ele>6.599999904632568359375</ele>
        <time>2026-09-26T00:54:50.000Z</time>
        <extensions>
          <ns3:TrackPointExtension>
            <ns3:hr>138</ns3:hr>
            <ns3:cad>80</ns3:cad>
          </ns3:TrackPointExtension>
        </extensions>
      </trkpt>
      <trkpt lat="31.22227524407207965850830078125" lon="121.377170048654079437255859375">
        <ele>6.400000095367431640625</ele>
        <time>2026-09-26T00:54:51.000Z</time>
        <extensions>
          <ns3:TrackPointExtension>
            <ns3:hr>138</ns3:hr>
            <ns3:cad>81</ns3:cad>
          </ns3:TrackPointExtension>
        </extensions>
      </trkpt>
      <trkpt lat="31.2222887389361858367919921875" lon="121.377149261534214019775390625">
        <ele>6.400000095367431640625</ele>
        <time>2026-09-26T00:54:52.000Z</time>
        <extensions>
          <ns3:TrackPointExtension>
            <ns3:hr>138</ns3:hr>
            <ns3:cad>81</ns3:cad>
          </ns3:TrackPointExtension>
        </extensions>
      </trkpt>
      <trkpt lat="31.22230231761932373046875" lon="121.37712956406176090240478515625">
        <ele>6.400000095367431640625</ele>
        <time>2026-09-26T00:54:53.000Z</time>
        <extensions>
          <ns3:TrackPointExtension>
            <ns3:hr>138</ns3:hr>
            <ns3:cad>81</ns3:cad>
          </ns3:TrackPointExtension>
        </extensions>
      </trkpt>
      <trkpt lat="31.22231614775955677032470703125" lon="121.377110369503498077392578125">
        <ele>6.19999980926513671875</ele>
        <time>2026-09-26T00:54:54.000Z</time>
        <extensions>
          <ns3:TrackPointExtension>
            <ns3:hr>139</ns3:hr>
            <ns3:cad>81</ns3:cad>
          </ns3:TrackPointExtension>
        </extensions>
      </trkpt>
      <trkpt lat="31.2223289720714092254638671875" lon="121.3770937733352184295654296875">
        <ele>6.19999980926513671875</ele>
        <time>2026-09-26T00:54:55.000Z</time>
        <extensions>
          <ns3:TrackPointExtension>
            <ns3:hr>139</ns3:hr>
            <ns3:cad>80</ns3:cad>
          </ns3:TrackPointExtension>
        </extensions>
      </trkpt>
      <trkpt lat="31.22234146110713481903076171875" lon="121.37707692570984363555908203125">
        <ele>6.400000095367431640625</ele>
        <time>2026-09-26T00:54:56.000Z</time>
        <extensions>
          <ns3:TrackPointExtension>
            <ns3:hr>140</ns3:hr>
            <ns3:cad>80</ns3:cad>
          </ns3:TrackPointExtension>
        </extensions>
      </trkpt>
      <trkpt lat="31.22235503979027271270751953125" lon="121.37705831788480281829833984375">
        <ele>6.19999980926513671875</ele>
        <time>2026-09-26T00:54:57.000Z</time>
        <extensions>
          <ns3:TrackPointExtension>
            <ns3:hr>140</ns3:hr>
            <ns3:cad>80</ns3:cad>
          </ns3:TrackPointExtension>
        </extensions>
      </trkpt>
      <trkpt lat="31.22236895374953746795654296875" lon="121.3770389556884765625">
        <ele>6.19999980926513671875</ele>
        <time>2026-09-26T00:54:58.000Z</time>
        <extensions>
          <ns3:TrackPointExtension>
            <ns3:hr>140</ns3:hr>
            <ns3:cad>80</ns3:cad>
          </ns3:TrackPointExtension>
        </extensions>
      </trkpt>
      <trkpt lat="31.222383119165897369384765625" lon="121.37701858766376972198486328125">
        <ele>6.19999980926513671875</ele>
        <time>2026-09-26T00:54:59.000Z</time>
        <extensions>
          <ns3:TrackPointExtension>
            <ns3:hr>139</ns3:hr>
            <ns3:cad>79</ns3:cad>
          </ns3:TrackPointExtension>
        </extensions>
      </trkpt>
      <trkpt lat="31.222395859658718109130859375" lon="121.3769995607435703277587890625">
        <ele>6.19999980926513671875</ele>
        <time>2026-09-26T00:55:00.000Z</time>
        <extensions>
          <ns3:TrackPointExtension>
            <ns3:hr>139</ns3:hr>
            <ns3:cad>79</ns3:cad>
          </ns3:TrackPointExtension>
        </extensions>
      </trkpt>
      <trkpt lat="31.2224107794463634490966796875" lon="121.376980952918529510498046875">
        <ele>6</ele>
        <time>2026-09-26T00:55:01.000Z</time>
        <extensions>
          <ns3:TrackPointExtension>
            <ns3:hr>139</ns3:hr>
            <ns3:cad>79</ns3:cad>
          </ns3:TrackPointExtension>
        </extensions>
      </trkpt>
      <trkpt lat="31.2224256992340087890625" lon="121.3769626803696155548095703125">
        <ele>6</ele>
        <time>2026-09-26T00:55:02.000Z</time>
        <extensions>
          <ns3:TrackPointExtension>
            <ns3:hr>139</ns3:hr>
            <ns3:cad>79</ns3:cad>
          </ns3:TrackPointExtension>
        </extensions>
      </trkpt>
      <trkpt lat="31.22244087047874927520751953125" lon="121.3769449107348918914794921875">
        <ele>6</ele>
        <time>2026-09-26T00:55:03.000Z</time>
        <extensions>
          <ns3:TrackPointExtension>
            <ns3:hr>139</ns3:hr>
            <ns3:cad>80</ns3:cad>
          </ns3:TrackPointExtension>
        </extensions>
      </trkpt>
      <trkpt lat="31.22245595790445804595947265625" lon="121.37692697346210479736328125">
        <ele>6</ele>
        <time>2026-09-26T00:55:04.000Z</time>
        <extensions>
          <ns3:TrackPointExtension>
            <ns3:hr>138</ns3:hr>
            <ns3:cad>80</ns3:cad>
          </ns3:TrackPointExtension>
        </extensions>
      </trkpt>
      <trkpt lat="31.22247020713984966278076171875" lon="121.37690953910350799560546875">
        <ele>6</ele>
        <time>2026-09-26T00:55:05.000Z</time>
        <extensions>
          <ns3:TrackPointExtension>
            <ns3:hr>138</ns3:hr>
            <ns3:cad>80</ns3:cad>
          </ns3:TrackPointExtension>
        </extensions>
      </trkpt>
      <trkpt lat="31.2224842049181461334228515625" lon="121.37689067982137203216552734375">
        <ele>6</ele>
        <time>2026-09-26T00:55:06.000Z</time>
        <extensions>
          <ns3:TrackPointExtension>
            <ns3:hr>138</ns3:hr>
            <ns3:cad>80</ns3:cad>
          </ns3:TrackPointExtension>
        </extensions>
      </trkpt>
      <trkpt lat="31.22249686159193515777587890625" lon="121.376872323453426361083984375">
        <ele>6</ele>
        <time>2026-09-26T00:55:07.000Z</time>
        <extensions>
          <ns3:TrackPointExtension>
            <ns3:hr>138</ns3:hr>
            <ns3:cad>80</ns3:cad>
          </ns3:TrackPointExtension>
        </extensions>
      </trkpt>
      <trkpt lat="31.2225090153515338897705078125" lon="121.3768543861806392669677734375">
        <ele>5.80000019073486328125</ele>
        <time>2026-09-26T00:55:08.000Z</time>
        <extensions>
          <ns3:TrackPointExtension>
            <ns3:hr>138</ns3:hr>
            <ns3:cad>81</ns3:cad>
          </ns3:TrackPointExtension>
        </extensions>
      </trkpt>
      <trkpt lat="31.2225220911204814910888671875" lon="121.37683552689850330352783203125">
        <ele>5.80000019073486328125</ele>
        <time>2026-09-26T00:55:09.000Z</time>
        <extensions>
          <ns3:TrackPointExtension>
            <ns3:hr>138</ns3:hr>
            <ns3:cad>81</ns3:cad>
          </ns3:TrackPointExtension>
        </extensions>
      </trkpt>
      <trkpt lat="31.22253323905169963836669921875" lon="121.376816667616367340087890625">
        <ele>5.80000019073486328125</ele>
        <time>2026-09-26T00:55:10.000Z</time>
        <extensions>
          <ns3:TrackPointExtension>
            <ns3:hr>138</ns3:hr>
            <ns3:cad>80</ns3:cad>
          </ns3:TrackPointExtension>
        </extensions>
      </trkpt>
      <trkpt lat="31.22254430316388607025146484375" lon="121.37679412029683589935302734375">
        <ele>5.80000019073486328125</ele>
        <time>2026-09-26T00:55:11.000Z</time>
        <extensions>
          <ns3:TrackPointExtension>
            <ns3:hr>138</ns3:hr>
            <ns3:cad>79</ns3:cad>
          </ns3:TrackPointExtension>
        </extensions>
      </trkpt>
      <trkpt lat="31.22255318798124790191650390625" lon="121.3767722435295581817626953125">
        <ele>5.80000019073486328125</ele>
        <time>2026-09-26T00:55:12.000Z</time>
        <extensions>
          <ns3:TrackPointExtension>
            <ns3:hr>138</ns3:hr>
            <ns3:cad>80</ns3:cad>
          </ns3:TrackPointExtension>
        </extensions>
      </trkpt>
      <trkpt lat="31.22256207279860973358154296875" lon="121.37675070203840732574462890625">
        <ele>5.80000019073486328125</ele>
        <time>2026-09-26T00:55:13.000Z</time>
        <extensions>
          <ns3:TrackPointExtension>
            <ns3:hr>138</ns3:hr>
            <ns3:cad>80</ns3:cad>
          </ns3:TrackPointExtension>
        </extensions>
      </trkpt>
      <trkpt lat="31.2225718796253204345703125" lon="121.3767310045659542083740234375">
        <ele>5.80000019073486328125</ele>
        <time>2026-09-26T00:55:14.000Z</time>
        <extensions>
          <ns3:TrackPointExtension>
            <ns3:hr>138</ns3:hr>
            <ns3:cad>80</ns3:cad>
          </ns3:TrackPointExtension>
        </extensions>
      </trkpt>
      <trkpt lat="31.22258084826171398162841796875" lon="121.3767105527222156524658203125">
        <ele>5.80000019073486328125</ele>
        <time>2026-09-26T00:55:15.000Z</time>
        <extensions>
          <ns3:TrackPointExtension>
            <ns3:hr>138</ns3:hr>
            <ns3:cad>80</ns3:cad>
          </ns3:TrackPointExtension>
        </extensions>
      </trkpt>
      <trkpt lat="31.22258805669844150543212890625" lon="121.37668901123106479644775390625">
        <ele>5.80000019073486328125</ele>
        <time>2026-09-26T00:55:16.000Z</time>
        <extensions>
          <ns3:TrackPointExtension>
            <ns3:hr>138</ns3:hr>
            <ns3:cad>80</ns3:cad>
          </ns3:TrackPointExtension>
        </extensions>
      </trkpt>
      <trkpt lat="31.22259392403066158294677734375" lon="121.37666889466345310211181640625">
        <ele>5.80000019073486328125</ele>
        <time>2026-09-26T00:55:17.000Z</time>
        <extensions>
          <ns3:TrackPointExtension>
            <ns3:hr>139</ns3:hr>
            <ns3:cad>80</ns3:cad>
          </ns3:TrackPointExtension>
        </extensions>
      </trkpt>
      <trkpt lat="31.2226008810102939605712890625" lon="121.3766478560864925384521484375">
        <ele>5.80000019073486328125</ele>
        <time>2026-09-26T00:55:18.000Z</time>
        <extensions>
          <ns3:TrackPointExtension>
            <ns3:hr>139</ns3:hr>
            <ns3:cad>80</ns3:cad>
          </ns3:TrackPointExtension>
        </extensions>
      </trkpt>
      <trkpt lat="31.2226082570850849151611328125" lon="121.37662698514759540557861328125">
        <ele>5.80000019073486328125</ele>
        <time>2026-09-26T00:55:19.000Z</time>
        <extensions>
          <ns3:TrackPointExtension>
            <ns3:hr>139</ns3:hr>
            <ns3:cad>80</ns3:cad>
          </ns3:TrackPointExtension>
        </extensions>
      </trkpt>
      <trkpt lat="31.22261546552181243896484375" lon="121.376605443656444549560546875">
        <ele>6</ele>
        <time>2026-09-26T00:55:20.000Z</time>
        <extensions>
          <ns3:TrackPointExtension>
            <ns3:hr>139</ns3:hr>
            <ns3:cad>80</ns3:cad>
          </ns3:TrackPointExtension>
        </extensions>
      </trkpt>
      <trkpt lat="31.22262292541563510894775390625" lon="121.3765834830701351165771484375">
        <ele>6</ele>
        <time>2026-09-26T00:55:21.000Z</time>
        <extensions>
          <ns3:TrackPointExtension>
            <ns3:hr>140</ns3:hr>
            <ns3:cad>80</ns3:cad>
          </ns3:TrackPointExtension>
        </extensions>
      </trkpt>
      <trkpt lat="31.222630552947521209716796875" lon="121.37656194157898426055908203125">
        <ele>6.19999980926513671875</ele>
        <time>2026-09-26T00:55:22.000Z</time>
        <extensions>
          <ns3:TrackPointExtension>
            <ns3:hr>140</ns3:hr>
            <ns3:cad>80</ns3:cad>
          </ns3:TrackPointExtension>
        </extensions>
      </trkpt>
      <trkpt lat="31.22264103032648563385009765625" lon="121.37653763405978679656982421875">
        <ele>6.19999980926513671875</ele>
        <time>2026-09-26T00:55:23.000Z</time>
        <extensions>
          <ns3:TrackPointExtension>
            <ns3:hr>140</ns3:hr>
            <ns3:cad>80</ns3:cad>
          </ns3:TrackPointExtension>
        </extensions>
      </trkpt>
      <trkpt lat="31.2226521782577037811279296875" lon="121.37651433236896991729736328125">
        <ele>6.400000095367431640625</ele>
        <time>2026-09-26T00:55:24.000Z</time>
        <extensions>
          <ns3:TrackPointExtension>
            <ns3:hr>140</ns3:hr>
            <ns3:cad>80</ns3:cad>
          </ns3:TrackPointExtension>
        </extensions>
      </trkpt>
      <trkpt lat="31.2226622365415096282958984375" lon="121.37649304233491420745849609375">
        <ele>6.400000095367431640625</ele>
        <time>2026-09-26T00:55:25.000Z</time>
        <extensions>
          <ns3:TrackPointExtension>
            <ns3:hr>140</ns3:hr>
            <ns3:cad>79</ns3:cad>
          </ns3:TrackPointExtension>
        </extensions>
      </trkpt>
      <trkpt lat="31.22267086990177631378173828125" lon="121.3764716684818267822265625">
        <ele>6.599999904632568359375</ele>
        <time>2026-09-26T00:55:26.000Z</time>
        <extensions>
          <ns3:TrackPointExtension>
            <ns3:hr>140</ns3:hr>
            <ns3:cad>79</ns3:cad>
          </ns3:TrackPointExtension>
        </extensions>
      </trkpt>
      <trkpt lat="31.22267925180494785308837890625" lon="121.37644912116229534149169921875">
        <ele>6.599999904632568359375</ele>
        <time>2026-09-26T00:55:27.000Z</time>
        <extensions>
          <ns3:TrackPointExtension>
            <ns3:hr>139</ns3:hr>
            <ns3:cad>78</ns3:cad>
          </ns3:TrackPointExtension>
        </extensions>
      </trkpt>
      <trkpt lat="31.2226853705942630767822265625" lon="121.37642732821404933929443359375">
        <ele>6.80000019073486328125</ele>
        <time>2026-09-26T00:55:28.000Z</time>
        <extensions>
          <ns3:TrackPointExtension>
            <ns3:hr>139</ns3:hr>
            <ns3:cad>78</ns3:cad>
          </ns3:TrackPointExtension>
        </extensions>
      </trkpt>
      <trkpt lat="31.22269098646938800811767578125" lon="121.37640385888516902923583984375">
        <ele>7</ele>
        <time>2026-09-26T00:55:29.000Z</time>
        <extensions>
          <ns3:TrackPointExtension>
            <ns3:hr>139</ns3:hr>
            <ns3:cad>78</ns3:cad>
          </ns3:TrackPointExtension>
        </extensions>
      </trkpt>
      <trkpt lat="31.2226957641541957855224609375" lon="121.37637988664209842681884765625">
        <ele>7</ele>
        <time>2026-09-26T00:55:30.000Z</time>
        <extensions>
          <ns3:TrackPointExtension>
            <ns3:hr>139</ns3:hr>
            <ns3:cad>78</ns3:cad>
          </ns3:TrackPointExtension>
        </extensions>
      </trkpt>
      <trkpt lat="31.2226987816393375396728515625" lon="121.376356668770313262939453125">
        <ele>7.19999980926513671875</ele>
        <time>2026-09-26T00:55:31.000Z</time>
        <extensions>
          <ns3:TrackPointExtension>
            <ns3:hr>139</ns3:hr>
            <ns3:cad>79</ns3:cad>
          </ns3:TrackPointExtension>
        </extensions>
      </trkpt>
      <trkpt lat="31.222701966762542724609375" lon="121.37633311562240123748779296875">
        <ele>7.19999980926513671875</ele>
        <time>2026-09-26T00:55:32.000Z</time>
        <extensions>
          <ns3:TrackPointExtension>
            <ns3:hr>138</ns3:hr>
            <ns3:cad>79</ns3:cad>
          </ns3:TrackPointExtension>
        </extensions>
      </trkpt>
      <trkpt lat="31.22270490042865276336669921875" lon="121.376312077045440673828125">
        <ele>7.19999980926513671875</ele>
        <time>2026-09-26T00:55:33.000Z</time>
        <extensions>
          <ns3:TrackPointExtension>
            <ns3:hr>138</ns3:hr>
            <ns3:cad>79</ns3:cad>
          </ns3:TrackPointExtension>
        </extensions>
      </trkpt>
      <trkpt lat="31.2227081693708896636962890625" lon="121.37628986500203609466552734375">
        <ele>7.19999980926513671875</ele>
        <time>2026-09-26T00:55:34.000Z</time>
        <extensions>
          <ns3:TrackPointExtension>
            <ns3:hr>138</ns3:hr>
            <ns3:cad>79</ns3:cad>
          </ns3:TrackPointExtension>
        </extensions>
      </trkpt>
      <trkpt lat="31.22271076776087284088134765625" lon="121.37626924552023410797119140625">
        <ele>7.19999980926513671875</ele>
        <time>2026-09-26T00:55:35.000Z</time>
        <extensions>
          <ns3:TrackPointExtension>
            <ns3:hr>138</ns3:hr>
            <ns3:cad>79</ns3:cad>
          </ns3:TrackPointExtension>
        </extensions>
      </trkpt>
      <trkpt lat="31.22271294705569744110107421875" lon="121.37624778784811496734619140625">
        <ele>7.19999980926513671875</ele>
        <time>2026-09-26T00:55:36.000Z</time>
        <extensions>
          <ns3:TrackPointExtension>
            <ns3:hr>138</ns3:hr>
            <ns3:cad>79</ns3:cad>
          </ns3:TrackPointExtension>
        </extensions>
      </trkpt>
      <trkpt lat="31.22271428816020488739013671875" lon="121.3762254081666469573974609375">
        <ele>7.19999980926513671875</ele>
        <time>2026-09-26T00:55:37.000Z</time>
        <extensions>
          <ns3:TrackPointExtension>
            <ns3:hr>138</ns3:hr>
            <ns3:cad>79</ns3:cad>
          </ns3:TrackPointExtension>
        </extensions>
      </trkpt>
      <trkpt lat="31.2227165512740612030029296875" lon="121.3762029446661472320556640625">
        <ele>7.19999980926513671875</ele>
        <time>2026-09-26T00:55:38.000Z</time>
        <extensions>
          <ns3:TrackPointExtension>
            <ns3:hr>138</ns3:hr>
            <ns3:cad>79</ns3:cad>
          </ns3:TrackPointExtension>
        </extensions>
      </trkpt>
      <trkpt lat="31.22271898202598094940185546875" lon="121.37618090026080608367919921875">
        <ele>7.19999980926513671875</ele>
        <time>2026-09-26T00:55:39.000Z</time>
        <extensions>
          <ns3:TrackPointExtension>
            <ns3:hr>139</ns3:hr>
            <ns3:cad>78</ns3:cad>
          </ns3:TrackPointExtension>
        </extensions>
      </trkpt>
      <trkpt lat="31.22272032313048839569091796875" lon="121.3761578500270843505859375">
        <ele>7.19999980926513671875</ele>
        <time>2026-09-26T00:55:40.000Z</time>
        <extensions>
          <ns3:TrackPointExtension>
            <ns3:hr>138</ns3:hr>
            <ns3:cad>78</ns3:cad>
          </ns3:TrackPointExtension>
        </extensions>
      </trkpt>
      <trkpt lat="31.22272141277790069580078125" lon="121.3761355541646480560302734375">
        <ele>7.400000095367431640625</ele>
        <time>2026-09-26T00:55:41.000Z</time>
        <extensions>
          <ns3:TrackPointExtension>
            <ns3:hr>138</ns3:hr>
            <ns3:cad>78</ns3:cad>
          </ns3:TrackPointExtension>
        </extensions>
      </trkpt>
      <trkpt lat="31.222722418606281280517578125" lon="121.37611283920705318450927734375">
        <ele>7.400000095367431640625</ele>
        <time>2026-09-26T00:55:42.000Z</time>
        <extensions>
          <ns3:TrackPointExtension>
            <ns3:hr>138</ns3:hr>
            <ns3:cad>77</ns3:cad>
          </ns3:TrackPointExtension>
        </extensions>
      </trkpt>
      <trkpt lat="31.2227245979011058807373046875" lon="121.3760899566113948822021484375">
        <ele>7.400000095367431640625</ele>
        <time>2026-09-26T00:55:43.000Z</time>
        <extensions>
          <ns3:TrackPointExtension>
            <ns3:hr>138</ns3:hr>
            <ns3:cad>77</ns3:cad>
          </ns3:TrackPointExtension>
        </extensions>
      </trkpt>
      <trkpt lat="31.222726441919803619384765625" lon="121.37606799602508544921875">
        <ele>7.400000095367431640625</ele>
        <time>2026-09-26T00:55:44.000Z</time>
        <extensions>
          <ns3:TrackPointExtension>
            <ns3:hr>138</ns3:hr>
            <ns3:cad>77</ns3:cad>
          </ns3:TrackPointExtension>
        </extensions>
      </trkpt>
      <trkpt lat="31.2227292917668819427490234375" lon="121.37604494579136371612548828125">
        <ele>7.400000095367431640625</ele>
        <time>2026-09-26T00:55:45.000Z</time>
        <extensions>
          <ns3:TrackPointExtension>
            <ns3:hr>138</ns3:hr>
            <ns3:cad>78</ns3:cad>
          </ns3:TrackPointExtension>
        </extensions>
      </trkpt>
      <trkpt lat="31.22273222543299198150634765625" lon="121.3760212250053882598876953125">
        <ele>7.400000095367431640625</ele>
        <time>2026-09-26T00:55:46.000Z</time>
        <extensions>
          <ns3:TrackPointExtension>
            <ns3:hr>138</ns3:hr>
            <ns3:cad>78</ns3:cad>
          </ns3:TrackPointExtension>
        </extensions>
      </trkpt>
      <trkpt lat="31.22273507528007030487060546875" lon="121.3759984262287616729736328125">
        <ele>7.400000095367431640625</ele>
        <time>2026-09-26T00:55:47.000Z</time>
        <extensions>
          <ns3:TrackPointExtension>
            <ns3:hr>138</ns3:hr>
            <ns3:cad>78</ns3:cad>
          </ns3:TrackPointExtension>
        </extensions>
      </trkpt>
      <trkpt lat="31.22273775748908519744873046875" lon="121.375975795090198516845703125">
        <ele>7.400000095367431640625</ele>
        <time>2026-09-26T00:55:48.000Z</time>
        <extensions>
          <ns3:TrackPointExtension>
            <ns3:hr>138</ns3:hr>
            <ns3:cad>78</ns3:cad>
          </ns3:TrackPointExtension>
        </extensions>
      </trkpt>
      <trkpt lat="31.22274010442197322845458984375" lon="121.3759538345038890838623046875">
        <ele>7.19999980926513671875</ele>
        <time>2026-09-26T00:55:49.000Z</time>
        <extensions>
          <ns3:TrackPointExtension>
            <ns3:hr>138</ns3:hr>
            <ns3:cad>78</ns3:cad>
          </ns3:TrackPointExtension>
        </extensions>
      </trkpt>
      <trkpt lat="31.22274245135486125946044921875" lon="121.37593229301273822784423828125">
        <ele>7.400000095367431640625</ele>
        <time>2026-09-26T00:55:50.000Z</time>
        <extensions>
          <ns3:TrackPointExtension>
            <ns3:hr>137</ns3:hr>
            <ns3:cad>79</ns3:cad>
          </ns3:TrackPointExtension>
        </extensions>
      </trkpt>
      <trkpt lat="31.2227450497448444366455078125" lon="121.37591234408318996429443359375">
        <ele>7.400000095367431640625</ele>
        <time>2026-09-26T00:55:51.000Z</time>
        <extensions>
          <ns3:TrackPointExtension>
            <ns3:hr>137</ns3:hr>
            <ns3:cad>80</ns3:cad>
          </ns3:TrackPointExtension>
        </extensions>
      </trkpt>
      <trkpt lat="31.2227500788867473602294921875" lon="121.3758921436965465545654296875">
        <ele>7.400000095367431640625</ele>
        <time>2026-09-26T00:55:52.000Z</time>
        <extensions>
          <ns3:TrackPointExtension>
            <ns3:hr>137</ns3:hr>
            <ns3:cad>80</ns3:cad>
          </ns3:TrackPointExtension>
        </extensions>
      </trkpt>
      <trkpt lat="31.222755275666713714599609375" lon="121.3758730329573154449462890625">
        <ele>7.19999980926513671875</ele>
        <time>2026-09-26T00:55:53.000Z</time>
        <extensions>
          <ns3:TrackPointExtension>
            <ns3:hr>137</ns3:hr>
            <ns3:cad>80</ns3:cad>
          </ns3:TrackPointExtension>
        </extensions>
      </trkpt>
      <trkpt lat="31.22276139445602893829345703125" lon="121.37585232965648174285888671875">
        <ele>7.19999980926513671875</ele>
        <time>2026-09-26T00:55:54.000Z</time>
        <extensions>
          <ns3:TrackPointExtension>
            <ns3:hr>136</ns3:hr>
            <ns3:cad>80</ns3:cad>
          </ns3:TrackPointExtension>
        </extensions>
      </trkpt>
      <trkpt lat="31.2227671779692173004150390625" lon="121.3758311234414577484130859375">
        <ele>7.19999980926513671875</ele>
        <time>2026-09-26T00:55:55.000Z</time>
        <extensions>
          <ns3:TrackPointExtension>
            <ns3:hr>136</ns3:hr>
            <ns3:cad>80</ns3:cad>
          </ns3:TrackPointExtension>
        </extensions>
      </trkpt>
      <trkpt lat="31.22277178801596164703369140625" lon="121.37580857612192630767822265625">
        <ele>7</ele>
        <time>2026-09-26T00:55:56.000Z</time>
        <extensions>
          <ns3:TrackPointExtension>
            <ns3:hr>136</ns3:hr>
            <ns3:cad>80</ns3:cad>
          </ns3:TrackPointExtension>
        </extensions>
      </trkpt>
      <trkpt lat="31.22277564369142055511474609375" lon="121.3757855258882045745849609375">
        <ele>7</ele>
        <time>2026-09-26T00:55:57.000Z</time>
        <extensions>
          <ns3:TrackPointExtension>
            <ns3:hr>136</ns3:hr>
            <ns3:cad>79</ns3:cad>
          </ns3:TrackPointExtension>
        </extensions>
      </trkpt>
      <trkpt lat="31.22277966700494289398193359375" lon="121.3757613860070705413818359375">
        <ele>7</ele>
        <time>2026-09-26T00:55:58.000Z</time>
        <extensions>
          <ns3:TrackPointExtension>
            <ns3:hr>136</ns3:hr>
            <ns3:cad>79</ns3:cad>
          </ns3:TrackPointExtension>
        </extensions>
      </trkpt>
      <trkpt lat="31.22278268449008464813232421875" lon="121.37573850341141223907470703125">
        <ele>7</ele>
        <time>2026-09-26T00:55:59.000Z</time>
        <extensions>
          <ns3:TrackPointExtension>
            <ns3:hr>136</ns3:hr>
            <ns3:cad>79</ns3:cad>
          </ns3:TrackPointExtension>
        </extensions>
      </trkpt>
      <trkpt lat="31.2227839417755603790283203125" lon="121.3757154531776905059814453125">
        <ele>7</ele>
        <time>2026-09-26T00:56:00.000Z</time>
        <extensions>
          <ns3:TrackPointExtension>
            <ns3:hr>136</ns3:hr>
            <ns3:cad>79</ns3:cad>
          </ns3:TrackPointExtension>
        </extensions>
      </trkpt>
      <trkpt lat="31.2227837741374969482421875" lon="121.3756913132965564727783203125">
        <ele>7</ele>
        <time>2026-09-26T00:56:01.000Z</time>
        <extensions>
          <ns3:TrackPointExtension>
            <ns3:hr>136</ns3:hr>
            <ns3:cad>79</ns3:cad>
          </ns3:TrackPointExtension>
        </extensions>
      </trkpt>
      <trkpt lat="31.2227812595665454864501953125" lon="121.375668346881866455078125">
        <ele>6.80000019073486328125</ele>
        <time>2026-09-26T00:56:02.000Z</time>
        <extensions>
          <ns3:TrackPointExtension>
            <ns3:hr>136</ns3:hr>
            <ns3:cad>79</ns3:cad>
          </ns3:TrackPointExtension>
        </extensions>
      </trkpt>
      <trkpt lat="31.222777068614959716796875" lon="121.37564579956233501434326171875">
        <ele>6.80000019073486328125</ele>
        <time>2026-09-26T00:56:03.000Z</time>
        <extensions>
          <ns3:TrackPointExtension>
            <ns3:hr>136</ns3:hr>
            <ns3:cad>79</ns3:cad>
          </ns3:TrackPointExtension>
        </extensions>
      </trkpt>
      <trkpt lat="31.2227735482156276702880859375" lon="121.37562400661408901214599609375">
        <ele>6.599999904632568359375</ele>
        <time>2026-09-26T00:56:04.000Z</time>
        <extensions>
          <ns3:TrackPointExtension>
            <ns3:hr>136</ns3:hr>
            <ns3:cad>79</ns3:cad>
          </ns3:TrackPointExtension>
        </extensions>
      </trkpt>
      <trkpt lat="31.22277094982564449310302734375" lon="121.375602297484874725341796875">
        <ele>6.599999904632568359375</ele>
        <time>2026-09-26T00:56:05.000Z</time>
        <extensions>
          <ns3:TrackPointExtension>
            <ns3:hr>136</ns3:hr>
            <ns3:cad>79</ns3:cad>
          </ns3:TrackPointExtension>
        </extensions>
      </trkpt>
      <trkpt lat="31.2227691896259784698486328125" lon="121.37557874433696269989013671875">
        <ele>6.599999904632568359375</ele>
        <time>2026-09-26T00:56:06.000Z</time>
        <extensions>
          <ns3:TrackPointExtension>
            <ns3:hr>136</ns3:hr>
            <ns3:cad>79</ns3:cad>
          </ns3:TrackPointExtension>
        </extensions>
      </trkpt>
      <trkpt lat="31.2227698601782321929931640625" lon="121.3755545206367969512939453125">
        <ele>6.80000019073486328125</ele>
        <time>2026-09-26T00:56:07.000Z</time>
        <extensions>
          <ns3:TrackPointExtension>
            <ns3:hr>136</ns3:hr>
            <ns3:cad>78</ns3:cad>
          </ns3:TrackPointExtension>
        </extensions>
      </trkpt>
      <trkpt lat="31.2227730453014373779296875" lon="121.3755303807556629180908203125">
        <ele>6.80000019073486328125</ele>
        <time>2026-09-26T00:56:08.000Z</time>
        <extensions>
          <ns3:TrackPointExtension>
            <ns3:hr>136</ns3:hr>
            <ns3:cad>78</ns3:cad>
          </ns3:TrackPointExtension>
        </extensions>
      </trkpt>
      <trkpt lat="31.22277782298624515533447265625" lon="121.37550733052194118499755859375">
        <ele>6.80000019073486328125</ele>
        <time>2026-09-26T00:56:09.000Z</time>
        <extensions>
          <ns3:TrackPointExtension>
            <ns3:hr>136</ns3:hr>
            <ns3:cad>78</ns3:cad>
          </ns3:TrackPointExtension>
        </extensions>
      </trkpt>
      <trkpt lat="31.222784109413623809814453125" lon="121.37548637576401233673095703125">
        <ele>6.80000019073486328125</ele>
        <time>2026-09-26T00:56:10.000Z</time>
        <extensions>
          <ns3:TrackPointExtension>
            <ns3:hr>136</ns3:hr>
            <ns3:cad>78</ns3:cad>
          </ns3:TrackPointExtension>
        </extensions>
      </trkpt>
      <trkpt lat="31.22279089875519275665283203125" lon="121.37546382844448089599609375">
        <ele>6.80000019073486328125</ele>
        <time>2026-09-26T00:56:11.000Z</time>
        <extensions>
          <ns3:TrackPointExtension>
            <ns3:hr>136</ns3:hr>
            <ns3:cad>78</ns3:cad>
          </ns3:TrackPointExtension>
        </extensions>
      </trkpt>
      <trkpt lat="31.22279676608741283416748046875" lon="121.37544128112494945526123046875">
        <ele>6.80000019073486328125</ele>
        <time>2026-09-26T00:56:12.000Z</time>
        <extensions>
          <ns3:TrackPointExtension>
            <ns3:hr>136</ns3:hr>
            <ns3:cad>79</ns3:cad>
          </ns3:TrackPointExtension>
        </extensions>
      </trkpt>
      <trkpt lat="31.22280129231512546539306640625" lon="121.3754220865666866302490234375">
        <ele>6.80000019073486328125</ele>
        <time>2026-09-26T00:56:13.000Z</time>
        <extensions>
          <ns3:TrackPointExtension>
            <ns3:hr>136</ns3:hr>
            <ns3:cad>79</ns3:cad>
          </ns3:TrackPointExtension>
        </extensions>
      </trkpt>
      <trkpt lat="31.22280514799058437347412109375" lon="121.37540238909423351287841796875">
        <ele>6.80000019073486328125</ele>
        <time>2026-09-26T00:56:14.000Z</time>
        <extensions>
          <ns3:TrackPointExtension>
            <ns3:hr>137</ns3:hr>
            <ns3:cad>79</ns3:cad>
          </ns3:TrackPointExtension>
        </extensions>
      </trkpt>
      <trkpt lat="31.22280598618090152740478515625" lon="121.375384032726287841796875">
        <ele>6.80000019073486328125</ele>
        <time>2026-09-26T00:56:15.000Z</time>
        <extensions>
          <ns3:TrackPointExtension>
            <ns3:hr>136</ns3:hr>
            <ns3:cad>78</ns3:cad>
          </ns3:TrackPointExtension>
        </extensions>
      </trkpt>
      <trkpt lat="31.22280590236186981201171875" lon="121.37536668218672275543212890625">
        <ele>6.80000019073486328125</ele>
        <time>2026-09-26T00:56:16.000Z</time>
        <extensions>
          <ns3:TrackPointExtension>
            <ns3:hr>136</ns3:hr>
            <ns3:cad>77</ns3:cad>
          </ns3:TrackPointExtension>
        </extensions>
      </trkpt>
      <trkpt lat="31.222804896533489227294921875" lon="121.37534874491393566131591796875">
        <ele>6.80000019073486328125</ele>
        <time>2026-09-26T00:56:17.000Z</time>
        <extensions>
          <ns3:TrackPointExtension>
            <ns3:hr>136</ns3:hr>
            <ns3:cad>76</ns3:cad>
          </ns3:TrackPointExtension>
        </extensions>
      </trkpt>
      <trkpt lat="31.2228033877909183502197265625" lon="121.37533265165984630584716796875">
        <ele>6.599999904632568359375</ele>
        <time>2026-09-26T00:56:18.000Z</time>
        <extensions>
          <ns3:TrackPointExtension>
            <ns3:hr>136</ns3:hr>
            <ns3:cad>76</ns3:cad>
          </ns3:TrackPointExtension>
        </extensions>
      </trkpt>
      <trkpt lat="31.22280196286737918853759765625" lon="121.37531555257737636566162109375">
        <ele>6.599999904632568359375</ele>
        <time>2026-09-26T00:56:19.000Z</time>
        <extensions>
          <ns3:TrackPointExtension>
            <ns3:hr>136</ns3:hr>
            <ns3:cad>76</ns3:cad>
          </ns3:TrackPointExtension>
        </extensions>
      </trkpt>
      <trkpt lat="31.22280162759125232696533203125" lon="121.37529862113296985626220703125">
        <ele>6.400000095367431640625</ele>
        <time>2026-09-26T00:56:20.000Z</time>
        <extensions>
          <ns3:TrackPointExtension>
            <ns3:hr>136</ns3:hr>
            <ns3:cad>61</ns3:cad>
          </ns3:TrackPointExtension>
        </extensions>
      </trkpt>
      <trkpt lat="31.22280179522931575775146484375" lon="121.3752826116979122161865234375">
        <ele>6.400000095367431640625</ele>
        <time>2026-09-26T00:56:21.000Z</time>
        <extensions>
          <ns3:TrackPointExtension>
            <ns3:hr>136</ns3:hr>
            <ns3:cad>61</ns3:cad>
          </ns3:TrackPointExtension>
        </extensions>
      </trkpt>
      <trkpt lat="31.222802214324474334716796875" lon="121.37526660226285457611083984375">
        <ele>6.400000095367431640625</ele>
        <time>2026-09-26T00:56:22.000Z</time>
        <extensions>
          <ns3:TrackPointExtension>
            <ns3:hr>136</ns3:hr>
            <ns3:cad>61</ns3:cad>
          </ns3:TrackPointExtension>
        </extensions>
      </trkpt>
    </trkseg>
  </trk>
</gpx>
